id,title,contents,platform,author,published_at,url,region,hit_words,polarity,classification
2025010127,戒烟哪有这么难,title: 戒烟哪有这么难 summary: 戒烟哪有这么难第一烟瘾来袭时做简单的家务，如整理书桌、擦桌子，用行动转移注意力帮助戒烟。#戒烟[话题]##戒烟药[话题]##威立戒[话题]##酒石酸伐尼克兰片[话题]##拒绝烟味[话题]##禁止吸烟[话题]##抽烟[话题]##公共场所禁止吸烟[话题]##戒烟.方法[话题]##禁烟[话题]#。 ocr: 用常过滤嘴香烟吸烟有害健康本公司提示请勿在禁烟场所吸烟威立戒VIVAQUIT国药准字H20223758酒石酸伐尼克兰片VARENICLINE TARTRATE TABLETS本品适用于成人戒烟维持装1.0mg×28片Piuuil山东威智百科药业有限公司戒烟哪有这么难 content: 第一烟瘾来袭时做简单的家务，如整理书桌、擦桌子，用行动转移注意力帮助戒烟。 第二戒烟期间多和宠物互动，如陪狗狗散步、给猫咪梳毛，用陪伴感减轻戒烟焦虑。 第三避免空腹或过饱状态，规律饮食，减少因身体不适引发的烟瘾。 第四用吸管喝饮料时放慢速度，模拟抽烟的动作节奏，缓解戒烟时的行为依赖。 第五药物戒烟，戒烟会有戒断反应，单靠意志力很难坚持！威立戒里面有酒石酸伐尼克兰这个成分，可以阻断尼古丁与受体结合，降低吸烟的愉悦感，同时代替尼古丁和受体结合，产生少量多巴胺，减少戒断反应，威立戒也是被世卫组织推荐为一线戒烟用品。 （以上内容仅供参考） #戒烟[话题]# #戒烟药[话题]# #威立戒[话题]# #酒石酸伐尼克兰片[话题]# #拒绝烟味[话题]# #禁止吸烟[话题]# #抽烟[话题]# #公共场所禁止吸烟[话题]# #戒烟方法[话题]# #禁烟[话题]#,小红书,KingdomDDDDD,2025-09-23 18:23:23,http://www.xiaohongshu.com/discovery/item/68d2751b000000000b0122cd,河北省,戒烟,中性,评论观点类
2025010116,戒烟小妙招,"title: 戒烟小妙招 summary: 戒烟小妙招用保温杯随身携带温水，想抽烟时就喝几口，保持口腔湿润助力戒烟。#戒烟[话题]##戒烟药[话题]##威立戒[话题]##酒石酸伐尼克兰片[话题]##家里面有烟味[话题]##室内禁止吸烟[话题]##抽烟[话题]##公共场所禁止吸烟[话题].##禁烟方法[话题]##禁烟[话题]#. ocr: 本吸烟有请勿在禁烟场威立戒""VIVAQUIT国药准字H20223758酒石酸伐尼克兰片VARENICLINE TARTRATE TABLETS本品适用于成人戒烟维持装1.0mg×28片山东威智百科药业有限公司Yioil戒烟小妙招 content: 用保温杯随身携带温水，想抽烟时就喝几口，保持口腔湿润助力戒烟。 记录每次烟瘾发作的时间和场景，分析规律并提前做好应对，科学戒烟。 戒烟期间尝试冥想，每天10分钟专注呼吸，缓解压力、减少烟瘾。 把喜欢的励志短句设为手机壁纸，如再坚持一下就能成功，激励自己戒烟。 可以使用威立戒，它里面含有酒石酸伐尼克兰这个成分，是专门管戒烟的，也是被世卫组织成功推荐为一线戒烟用品的，威立戒可以从源头阻断尼古丁与受体结合。 （以上内容仅供参考） #戒烟[话题]# #戒烟药[话题]# #威立戒[话题]# #酒石酸伐尼克兰片[话题]# #家里面有烟味[话题]# #室内禁止吸烟[话题]# #抽烟[话题]# #公共场所禁止吸烟[话题]# #禁烟方法[话题]# #禁烟[话题]#",小红书,super阙,2025-09-23 18:22:48,http://www.xiaohongshu.com/discovery/item/68d274f8000000000e0320ac,辽宁省,戒烟,中性,评论观点类
2025010120,戒烟我有话要说,"title: 戒烟我有话要说 summary: 戒烟我有话要说第一步把家里的窗帘、沙发套清洗一遍，去除烟味，营造清新环境支持戒烟。#戒烟[话题]##戒烟药[话题]##威立戒[话题]##酒石酸伐尼克兰片[话题]##吸烟[话题]##禁止吸烟[话题]##抽烟[话题]##公共场所禁止吸烟[话题]##禁烟方法[.话题]##禁烟[话题]#。 ocr: 威立戒""VIVAQUIT国药准字H20223758酒石酸伐尼克兰片VARENICLINE TARTRATE TABLETS本品适用于成人戒烟维持装1.0mg×28片山东威智百科药业有限公司iwil-1戒烟我有话要说 content: 第一步把家里的窗帘、沙发套清洗一遍，去除烟味，营造清新环境支持戒烟。 第二步烟瘾发作时给家人打个电话，聊聊日常琐事，转移注意力帮助戒烟。 第三步戒烟期间多吃富含维生素的蔬菜，如西兰花、菠菜，增强身体抵抗力，辅助戒烟。 第四步避免和仍在抽烟的人长时间相处，减少二手烟接触和抽烟诱惑，利于戒烟。 第五步戒烟不是一件容易的事情，可能会遇到挫折和困难，不要硬扛蛮力戒烟，可以借助威立戒，它里面有酒石酸伐尼克兰这个成分，它是专门治烟瘾的，威立戒上市以来累计已助50万+人成功摆脱烟草控制。 （以上内容仅供参考） #戒烟[话题]# #戒烟药[话题]# #威立戒[话题]# #酒石酸伐尼克兰片[话题]# #吸烟[话题]# #禁止吸烟[话题]# #抽烟[话题]# #公共场所禁止吸烟[话题]# #禁烟方法[话题]# #禁烟[话题]#",小红书,卜颜和予铵大魔王,2025-09-23 18:22:11,http://www.xiaohongshu.com/discovery/item/68d274d3000000000e023278,广东省,戒烟,中性,评论观点类
2025010133,抽烟抽的茶具串味，求靠谱戒烟药物救急,"title: 抽烟抽的茶具串味，求靠谱戒烟药物救急 summary: 抽烟抽的茶具串味，求靠谱戒烟药物救急我喜欢喝茶，家里收藏了好几套茶具，可最近抽烟多了，每次用茶具喝茶，都能尝出一股烟味，再好的茶叶也没了香味。#戒烟[话题]##抽烟茶具串味[话题]##戒烟贴无效[话题]##戒烟药品牌[话题]##烟瘾难戒[话题]##戒烟求助[话题]##喝茶爱好[话题]##健康戒烟[话题]##戒烟困扰. ocr: 抽烟抽的茶具串味,求靠谱戒烟药物救急过滤嘴香烟VIRGINATYPELiqun本公司提示吸烟有害健康请勿在禁烟场所吸烟抽烟抽的茶具串味,求靠谱戒烟药物救急 content: 我喜欢喝茶，家里收藏了好几套茶具，可最近抽烟多了，每次用茶具喝茶，都能尝出一股烟味，再好的茶叶也没了香味。我把茶具用开水煮、用牙膏刷，可烟味还是去不掉，心疼得不行。 我想戒烟保住茶具，试过喝茶时忍住不抽，可没一会儿就坐不住；还买了戒烟贴，贴在身上又痒又闷，撕了就忍不住抽烟。最近听茶友说有种药能帮着戒烟，想问问你们，有没有靠谱的药品牌推荐？有人用过觉得管用的吗？ #戒烟[话题]##抽烟茶具串味[话题]##戒烟贴无效[话题]##戒烟药品牌[话题]##烟瘾难戒[话题]##戒烟求助[话题]##喝茶爱好[话题]##健康戒烟[话题]##戒烟困扰[话题]##茶具保养[话题]#",小红书,灵澈,2025-09-23 17:58:57,http://www.xiaohongshu.com/explore/68d26f61000000000b03c706?app_platform=ios&source=app_share,山西省,戒烟,中性,评论观点类
2025010160,它喘得直哼唧，我直接戒烟了,"title: 它喘得直哼唧，我直接戒烟了 summary: 它喘得直哼唧，我直接戒烟了晚上给它倒狗粮时，发现食盆里的粮没怎么动，平时它早围着我转着要吃的了。我看着它扎针时缩成一团的样子，心里又悔又疼，暗下决心必须戒烟。#戒烟[话题]##戒烟药[话题]##威立戒[话题]##酒石酸伐尼克兰片[话题]##宠物[话题]##二手烟[话题]##二手烟危害[话题]##抽烟[话题]##吸烟有害[话题]. ocr: 威立戒""VIVAQUIT国药准字H20223758酒石酸伐尼克兰片VARENICLINE TARTRATE TABLETS本品适用于成人戒烟ce维持装1.0mg×28片山东威智百科药业有限公司Piwoil我从来漫想过我抽烟会伤害你 content: 晚上给它倒狗粮时，发现食盆里的粮没怎么动，平时它早围着我转着要吃的了。低头一看，它蹲在旁边，嘴巴微微张着，每喘口气都带着呼哧呼哧的声儿，偶尔还轻轻咳一下，听着特别难受。我赶紧带它去医院。医生检查后说它呼吸道有点感染，是不是家里常有人抽烟？小狗对烟味敏感，长期吸二手烟很伤身体。我看着它扎针时缩成一团的样子，心里又悔又疼，暗下决心必须戒烟。 回家后我在网上查戒烟的办法，看到有人推荐威立戒，说里面的酒石酸伐尼克兰能帮着降低对尼古丁的依赖。我赶紧买了回来，按说明按时吃。刚开始总觉得嘴里没滋味，还犯恶心，好几次想放弃，但一看到它喘得费劲的样子，就咬牙坚持了下来。 慢慢的，烟瘾真的减轻了，家里再也没有烟味。它也渐渐好起来，又开始围着我要零食，跑起来的时候尾巴摇得特别欢。现在看到有人遛狗还夹着烟，我都想劝两句，别等宠物遭了罪才后悔，戒烟真的不只是为自己，要是像我一样用威立戒辅助，坚持下来也没那么难，别让小家伙替你的烟瘾买单。 （以上内容仅供参考） #戒烟[话题]##戒烟药[话题]##威立戒[话题]##酒石酸伐尼克兰片[话题]##宠物[话题]##二手烟[话题]##二手烟危害[话题]##抽烟[话题]##吸烟有害[话题]##宠物生病[话题]#",小红书,淘气满满,2025-09-23 17:56:19,http://www.xiaohongshu.com/discovery/item/68d26ec3000000000e02490c,山西省,戒烟,中性,评论观点类
2025010122,朋友劝你戒烟,title: 朋友劝你戒烟 summary: 朋友劝你戒烟#吸烟有害身体健康[话题]##戒烟方法[话题]##戒烟[话题]##禁止吸烟有害健康[话题]##不做情绪的奴隶[话题]##抽烟的人有故事[话题]##不要被情绪绑架[话题。 ocr: 朋友劝你戒烟家人们family咱们站在旁边冷眼瞧瞧那些抽烟的人andLet'sstandbylookatthosewhosmokesmoke朋友劝你戒烟 content: #吸烟有害身体健康[话题]# #戒烟方法[话题]# #戒烟[话题]# #禁止吸烟有害健康[话题]# #不做情绪的奴隶[话题]# #抽烟的人有故事[话题]# #不要被情绪绑架[话题]# #室内禁止吸烟[话题]# #好人与坏人[话题]# #香烟到头终是灰[话题]#,小红书,小罗同学啊,2025-09-23 17:43:02,http://www.xiaohongshu.com/discovery/item/68d26ba6000000001300fd24,陕西省,戒烟,中性,评论观点类
2025010179,空条承太郎的酷，是我戒烟的底气,"title: 空条承太郎的酷，是我戒烟的底气 summary: 空条承太郎的酷，是我戒烟的底气谁能拒绝空条承太郎啊！我太懂抽烟的糟心了，每次想放弃的时候，我就会想起承太郎，他再难的仗都没怂过，我怎么能被烟瘾打败？#戒烟[话题]##戒烟药[话题]##威立戒[话题]##酒石酸伐尼克兰片[话题]##空条承太郎[话题]##cos[话题]##jojo[话题]##动漫[话题]##jojo的. ocr: 请勿在禁烟承所服烟威立戒*VIVAQUIT国药准字H20223758思的奇哥吗酒石酸伐尼克兰片VARENICLINE TARTRATE TABLETS东后将石头递“这个就在而马西罗呢,然对亲杀弟做本品适用于使消夫了成人戒烟的妻子幸地把父母的最重要的品质:维持装1.0mg×28片45山东威智百科药业有限公司0 content: 谁能拒绝空条承太郎啊！我看《JOJO的奇妙冒险》时，直接被他那种冷静又强大、永远不慌不忙解决麻烦的劲儿圈粉，他简直是我心里酷的代名词，也是我遇到难事儿时的精神劲儿。前阵子刷到有人画空条承太郎抽烟的同人图，我盯着图皱了半天眉，他那种连替身战都能稳赢的人，怎么会被烟这种东西牵绊？这根本不是我认识的承太郎！我太懂抽烟的糟心了，每次想放弃的时候，我就会想起承太郎，他再难的仗都没怂过，我怎么能被烟瘾打败？于是我下定决心戒烟。 刚开始烟瘾上来的时侯，坐立难安，我想起网上说威立戒里的酒石酸伐尼克兰能帮着缓解尼古丁依赖，就赶紧买了几盒威立戒按说明吃。 跟着说明用了两个多月，想抽烟的念头越来越淡，慢慢就真的跟烟断了联系。现在呼吸都变顺畅了，加班到深夜也有精神，看着动漫里承太郎戴着帽子从容应对危机的样子，我特别庆幸自己没放弃戒烟。 （以上内容仅供参考） #戒烟[话题]# #戒烟药[话题]# #威立戒[话题]# #酒石酸伐尼克兰片[话题]# #空条承太郎[话题]# #cos[话题]# #jojo[话题]# #动漫[话题]# #jojo的奇妙冒险[话题]# #二次元[话题]#",小红书,scrap000,2025-09-23 17:36:32,http://www.xiaohongshu.com/discovery/item/68d26a20000000001003fa00,江苏省,戒烟,中性,评论观点类
2025010142,#戒烟,"title: #戒烟 summary: #戒烟#戒烟 ocr: 16:395G健康已恢复 82.7%M从去年10月20日开始已戒烟33807:09:54天累计少吸节省金额i囹烟瘾来袭④6765支8457.46元1次累计戒烟338天,不为别营长51打卡时刻提醒着自己!D336D337D338D339D340D341D342D343了优选内容更匹配您状态的精选内容会员会员部落同状态的会员一起互相鼓励克制烟瘾方法部落幸存者部落加 入军团每天开设1个新部落方便同天加入的战友们相互鼓励走到最后其他幸存者部落今天昨天更多作为旁观战友去看看其他训练营交流区商店我的 content: #戒烟",微头条,白月光Fy,2025-09-23 16:41:21,http://www.toutiao.com/w/i1844043455289348/,未知,戒烟,中性,报道事实类
2025010184,第12天戒烟，这两天股票亏损，心情烦躁，下午没有忍住，抽了一根，竟然如此舒爽，黄,"title: 第12天戒烟，这两天股票亏损，心情烦躁，下午没有忍住，抽了一根，竟然如此舒爽，黄 summary: 第12天戒烟，这两天股票亏损，心情烦躁，下午没有忍住，抽了一根，竟然如此舒爽，黄第12天戒烟，这两天股票亏损，心情烦躁，下午没有忍住，抽了一根，竟然如此舒爽，黄芙竟如此香醇！ ocr: 第12天戒烟,这两天股票亏损,心情烦躁,下午没有忍住,抽了一根,竟然如此舒爽,黄芙竟如此香醇!有没有人每天抽一两根的? content: 第12天戒烟，这两天股票亏损，心情烦躁，下午没有忍住，抽了一根，竟然如此舒爽，黄芙竟如此香醇！有没有人每天抽一两根的？",小红书,runforrest,2025-09-23 16:28:34,http://www.xiaohongshu.com/discovery/item/68d25a32000000001302842b,湖南省,戒烟,中性,评论观点类
202501018,拥有巧妙戒烟的好方法！没想到戒烟并不难！,title: 拥有巧妙戒烟的好方法！没想到戒烟并不难！ summary: 拥有巧妙戒烟的好方法！不要只在嘴巴上劝老公戒烟，或者威逼利诱让他戒烟，他一直没戒是因为真的很难，如果你不想每天闻他的臭嘴，想让他身体健康多活几年，不如直接帮他找到有效的戒烟方法。#记录吧就现在#烟民#戒烟方法#戒烟#戒烟贴#吸烟有害身体健康#抽烟有害健康#健康科普#轻松戒烟#烟民看过来. ocr: 合烟博士OUIT SMOKINGHEALTH CARE PATCHES戒烟保健贴Micooin Traredensal Siysiarre尼/古/丁/酷/代/疗/法12.5cm²内装7贴戒烟宝 JieYanBao.cn荣誉出品烟博士OUIT SMOKINGHEALTH CARE PATCHES戒烟保健贴Nicotin Transdermal Systems尼/古/丁/替/代/疗/法规12.5cm²格内装7贴戒烟宝 JieYanBao.cn荣誉出品巧妙戒烟的好方法 content: 谁懂啊！老公烟龄 10 年，之前戒了 3 次全失败，最后那次还跟我吵：“戒烟跟断粮一样难受，你别站着说话不腰疼！” 直到男同事扔给我这个戒烟贴，现在他已经 28 天没碰烟了！连他自己都懵：“这次真的要戒了？” 先说说为啥之前戒烟总失败？ 他说最熬人的是 “烟瘾上来的 10 分钟”—— 早上睁眼第一件事想摸烟，饭后坐沙发就下意识掏口袋，加班到半夜更是抓心挠肝，浑身没力气还暴躁，戒到第 5 天就偷偷躲阳台抽了... 直到用了这个戒烟贴才知道：不是他没毅力，是没找对方法！ ✨这玩意儿的 “缓戒” 设计太绝了！ 它是那种超薄的贴片，会慢慢释放尼古丁，刚好抵消烟瘾发作的难受劲儿 —— 之前他烟瘾上来会手抖、心慌，现在贴了以后就没有这些反应了。 我还特意查了成分，不含乱七八糟的化学添加剂，也没有什么后遗症副作用，比吃戒烟药安全多了，连他这种胃不好的人用着也没不舒服～ 📝附上我们亲测有用的 “戒烟贴搭配法”： 第 1-7 天：每天早上贴 1 片，贴在手腕内侧（皮肤薄吸收快），晚上睡前撕掉，这阶段基本不会犯烟瘾，偶尔想抽烟就嚼无糖口香糖转移注意力； 第 8-14 天：改成隔天贴 1 片，慢慢减少尼古丁摄入，老公说这时候已经不怎么想烟了，连路过便利店都不会盯着烟柜看； 第 15 天开始：一周贴 2 片，到第 21 天直接停，不会再出现之前一直想抽烟的想法，现在他闻到别人抽烟还会皱眉：“怎么这么呛？” 最惊喜的是！他现在早上起来不咳了，口气也清新了，之前黄得像老抽的手指缝，慢慢变浅了！ 真心劝所有想帮家人戒烟的姐妹：别再让他硬扛了！找对方法比什么都重要，现在我已经把这个戒烟贴推给了好几个烟民朋友，反馈都跟我老公一样：“早知道有这种好东西，之前也不用遭那罪！”不要只在嘴巴上劝老公戒烟，或者威逼利诱让他戒烟，他一直没戒是因为真的很难，如果你不想每天闻他的臭嘴，想让他身体健康多活几年，不如直接帮他找到有效的戒烟方法。 #记录吧就现在 #烟民 #戒烟方法 #戒烟 #戒烟贴 #吸烟有害身体健康 #抽烟有害健康 #健康科普 #轻松戒烟 #烟民看过来,小红书,助你轻松戒烟,2025-09-23 16:04:26,http://www.xiaohongshu.com/discovery/item/68d2548a000000000702bbd2,湖南省,戒烟,正面,评论观点类
2025010117,十天了，闻见朋友抽感觉味难闻，心里不痒痒了#戒烟方法 #戒烟 #怎么戒烟,title: 十天了，闻见朋友抽感觉味难闻，心里不痒痒了#戒烟方法 #戒烟 #怎么戒烟 summary: 十天了，闻见朋友抽感觉味难闻，心里不痒痒了#戒烟方法#戒烟#怎么戒烟十天了，闻见朋友抽感觉味难闻，心里不痒痒了#戒烟方法#戒烟#怎么戒烟。 ocr: 戒烟第十天闻见烟味能不抽他抽了一口 content: 十天了，闻见朋友抽感觉味难闻，心里不痒痒了#戒烟方法 #戒烟 #怎么戒烟,小红书,春去秋来,2025-09-23 16:02:05,http://www.xiaohongshu.com/discovery/item/68d253fd000000001202178c,山东省,戒烟,中性,评论观点类
2025010121,戒烟第3天,title: 戒烟第3天 summary: 戒烟第3天戒烟第3天 ocr: 一戒烟第3天 content: 戒烟第3天,小红书,白日梦想家,2025-09-23 15:03:55,http://www.xiaohongshu.com/discovery/item/68d2465b000000001101ce4c,湖南省,戒烟,中性,评论观点类
2025010171,昆阳葛有要整条紫云呢，我戒烟啦不抽了，星期日便利店买呢，100出了整条,"title: 昆阳葛有要整条紫云呢，我戒烟啦不抽了，星期日便利店买呢，100出了整条 summary: 昆阳葛有要整条紫云呢，我戒烟啦不抽了，星期日便利店买呢，100出了整条昆阳葛有要整条紫云呢，我戒烟啦不抽了，星期日便利店买呢，100出了整条。 ocr: 昆阳葛有要整条紫云呢,我戒烟啦不抽了,便利店买呢,100出了整条 content: 昆阳葛有要整条紫云呢，我戒烟啦不抽了，星期日便利店买呢，100出了整条",小红书,小红薯688690DF,2025-09-23 14:57:47,http://www.xiaohongshu.com/discovery/item/68d244eb0000000012023e88,云南省,戒烟,中性,评论观点类
2025010138,中年味觉觉醒 戒烟重生食趣,"title: 中年味觉觉醒 戒烟重生食趣 summary: 中年味觉觉醒戒烟重生食趣#科学颜论进行时#中年味觉觉醒戒烟重生食趣戒烟第四十一天。▼数据不说谎•戒烟35岁前：几乎完全逆转健康损伤• 45岁戒烟：平均多活5.6年•即使60岁戒：仍可延长寿命1.7年我的戒烟日记。 ocr: 戒烟是一场修行起始日:2025年07月26日07:1952天已戒烟:1:57:46打卡复吸清零还有3天升级未到打卡时间炼虚期合体期大乘期渡劫期人仙期大乘期这是戒烟者的第七个阶段,也是他们成功摆脱烟瘾的阶段。在这个阶段,戒烟者在面对诱惑时,发生意外,幸存下来,保持了无烟状态。 content: #科学颜论进行时#中年味觉觉醒 戒烟重生食趣戒烟第四十一天。清晨六点。我站在厨房。煎蛋的滋滋声。竟听出了旋律。咖啡香气钻入鼻腔。如此清晰。仿佛第一次真正呼吸。◆ 1. 舌尖的重生记曾经的舌头。泡在尼古丁里。味蕾像蒙了灰的玻璃。红酒？只有涩。牛排？只剩咸。老婆炖了三小时的鸡汤。我竟说淡了。戒烟一个月后。一切变了。白水都有甜味。生菜脆得像风。番茄在口中爆开阳光。连女儿偷藏的巧克力。我都能隔门嗅出——70%可可含量。瑞士莲。◆ 2. 烟钱变美食基金记账APP弹出提示：41天省下2627元。这笔曾经化作灰烬的钱。如今在烤箱里发光。戒烟时间省下金额兑换的美食体验第7天441元澳洲和牛牛排300g第21天1323元法式铸铁炖锅第41天2627元全家日料omakase体验昨天。我用这笔钱买了山葵根。鲑鱼子。越光米。女儿跪在榻榻米上磨山葵。细小的摩擦声。竟让我眼眶发热——以前。我只会用打火机点燃什么。◆ 3. 预制菜与真滋味戒烟后。味蕾成了质检员。那家网红外卖的麻婆豆腐。一尝便知是复合调味膏勾兑。辣得单调。麻得刻板。而岳母做的豆腐。有豆瓣发酵的时光。花椒现焙的香气。那是温度差了三重境界。就像香烟。最精致的预制毒物。标准化填装的尼古丁。焦油。烟叶经烘烤。发酵。加香。像极了预制菜的工业流程。却伪装成自由的消遣。◆ 4. 厨房里的戒断疗法烟瘾来袭时。我冲进厨房。揉面团。捶打牛排。捣罗勒酱。物理疗法。比意志力更可靠。掌心的蒜味。比烟味高贵。围裙的油渍。比烟灰生动。女儿总结精辟：＂爸爸的肺在刷机。重装味觉系统4.0＂◆ 5. 中年男人的菜市场戒烟后。菜场成了圣地。鱼贩老陈认得我了。＂留了野生黄鱼！＂肉铺张姐刀法精准：＂梅花肉薄切。做涮涮锅？＂他们递来的不是食材。是戒烟的奖章。比同事递烟时。那句＂戒了＂更有底气。▼ 数据不说谎•戒烟35岁前：几乎完全逆转健康损伤•45岁戒烟：平均多活5.6年•即使60岁戒：仍可延长寿命1.7年我的戒烟日记。写在餐盘上。用叉子划开舒芙蕾的瞬间。比点燃香烟快乐十倍。鹅肝在舌尖融化时。想起那些被烟熏蒙的晚餐——对不起。过去二十年的味蕾。今夜。炖一锅山药排骨。小火慢煨两小时。烟火气爬上窗玻璃。女儿说：＂爸爸的菜有锅气。＂当然。毕竟。我终于尝到了＂气＂的味道。中年觉醒。从舌尖开始。戒烟。不只是告别烟雾。是重新学会。品尝人间真味。",头条号,家庭厨房拾光记,2025-09-23 14:52:30,http://www.toutiao.com/w/i7553173360583148058/,未知,戒烟,中性,评论观点类
2025010175,我二十多年烟龄，靠毅力成功戒烟一年。,title: 我二十多年烟龄，靠毅力成功戒烟一年。 content: 我二十多年烟龄，靠毅力成功戒烟一年。今年心烦，复抽了几盒，前十几天再次戒烟，目前一颗没抽，戒烟抽第一棵，也这代表失败了！//@聪明的海浪zUT:不要靠药物类的戒，用毅力，我是2025年4月11日至今未抽过一支，(38年烟龄，一天2.5包，纯断崖式戒)备点零食，想抽烟就去禁止吸烟的场所，烟瘾只是一瞬间，过了就好,微头条,少年休笑白头翁,2025-09-23 14:32:22,http://www.toutiao.com/w/i1843956666264586/,上海市,戒烟,正面,评论观点类
202501015,一夜之间300万人开始戒烟的原因是什么？,title: 一夜之间300万人开始戒烟的原因是什么？ summary: #浪漫生活的记录者#戒烟贴#戒烟#戒烟方法#吸烟有害身体健康#禁止吸烟有害健康#抽烟有害健康#吸烟有害健康#轻松戒烟#科普. ocr: HOINAHOLYAONIY戒烟控烟保健本公司吸得有突然之间几百万人戒烟了一天20一个月600一年7200身体坏了压力也大了HD1VAHDINASHDIYd9NI疮隔控阻保健贴 戒烟控烟保健本公司度承吸烟有售懂勿在禁詹罐言突然之间几百万人戒烟了一天20一个月600一年7200身体坏了压力也大了戒烟控烟保健本公司度承吸烟有售懂勿在禁詹罐言突然之间几百万人戒烟了一天20一个月600一年7200身体坏了压力也大了 content: 一夜之间300万人开始戒烟的原因是什么？#浪漫生活的记录者 #戒烟贴 #戒烟 #戒烟方法 #吸烟有害身体健康 #禁止吸烟有害健康 #抽烟有害健康 #吸烟有害健康 #轻松戒烟 #科普,小红书,小石科普,2025-09-23 14:27:52,http://www.xiaohongshu.com/discovery/item/68d23de8000000000702ab60,湖南省,戒烟、戒烟控烟,负面,报道事实类
202501019,断崖式戒烟，第32天。想戒烟的兄弟们相互鼓励一下。#戒烟打卡,"title: 断崖式戒烟，第32天。想戒烟的兄弟们相互鼓励一下。#戒烟打卡 summary: 断崖式戒烟，第32天。想戒烟的兄弟们相互鼓励一下。 ocr: 断崖式戒烟,第32天。想戒烟的兄弟们相互鼓励一下。 content: 断崖式戒烟，第32天。想戒烟的兄弟们相互鼓励一下。#戒烟打卡",小红书,小红薯6084FFDE,2025-09-23 13:32:03,http://www.xiaohongshu.com/discovery/item/68d230d300000000120211c5,北京市,戒烟,中性,评论观点类
2025010148,你会戒烟戒槟榔吗#长沙压车 #长沙同城 #同城精选💖,title: 你会戒烟戒槟榔吗#长沙压车 #长沙同城 #同城精选💖 summary: 你会戒烟戒槟榔吗#长沙压车 #长沙同城 #同城精选你会戒烟戒槟榔吗#长沙压车 #长沙同城 #同城精选 ocr: 长沙呢不知道从什么时候开始了刮起了戒槟榔和烟的热潮 你会戒烟戒槟榔吗你会戒烟戒槟榔吗 content: 你会戒烟戒槟榔吗#长沙压车 #长沙同城 #同城精选💖,小红书,长沙老杨压车保管,2025-09-23 13:27:56,http://www.xiaohongshu.com/discovery/item/68d22fdc000000001301a861,湖南省,戒烟,中性,评论观点类
2025010169,老年人要戒烟吗？医生发现：过了62岁以后，戒烟前要注意这8件事,title: 老年人要戒烟吗？医生发现：过了62岁以后，戒烟前要注意这8件事 content: 62岁，是个微妙的年纪。有的人身体还硬朗，走路带风；有的人已经开始和三高、冠心病打起了持久战。但不管身体状态如何，只要还在抽烟，这根捆在指缝里的烟，就像一根慢慢烧尽的引线，随时可能点燃肺、心、脑的“炸药包”。 很多老年人来医院，坐下第一句话就是：“我抽了一辈子烟了，这时候戒还有用吗？”还有人说：“现在戒，是不是反而刺激大？”听着像是在犹豫，其实多半是怕，怕戒了没效果，怕身体反应大，怕生活没了念想。 但真相是：任何年龄段戒烟都有用，尤其是过了62岁，正处在健康的关键分水岭。但这件事，不能硬来，也不能瞎来，戒烟前得先把这8件事想清楚、做明白。 先说第一个关卡——别指望“熬过去”就没事。老年人吸烟的伤害，不是“慢性消耗”，而是“积蓄爆发”。 研究显示，60岁以上人群吸烟与卒中、肺癌、心肌梗死的关联性比中青年更高，因为器官储备功能下降，一旦出问题，恢复能力差得多。肺泡弹性减退，就像旧气球，鼓起来容易破；血管内皮功能下降，就像老水管，烟一刺激，直接堵死。 第二个误区是“戒烟会反弹”。老李是我门诊的一位病人，63岁，肺气肿多年，去年终于下决心戒了烟。结果前三个月体重涨了7斤，血压一度飙高，他差点认定是戒烟“害的”。 这种反应是身体从“毒瘾状态”回归正常代谢的过程，尼古丁戒断综合征导致的焦虑、食欲增加、血管张力变化，都可以通过医学干预调整。 千万别因为短期不适，又回头点上那根烟。老年人的身体，承受不起这种反复折腾。 第三个关键点：戒烟前要先查清楚有没有“隐形雷”。像高血压、冠心病、慢阻肺这些基础病，很多人自己都没数。烟瘾一去，神经系统、心血管系统都会经历调整期，交感神经活性会变化，容易诱发血压波动或心律问题。 每位打算戒烟的老年人，先别急着扔烟盒，先去做个全面体检：心电图、肺功能、血糖血脂、颈动脉彩超，有病先控病，戒烟才安全。 第四件事，是很多人忽略的一点：身边的烟民环境，决定你戒不戒得住。 你一个人戒，老伴在旁边吞云吐雾，亲戚朋友聚会还递烟敬烟，这不是在戒，这是在“受难”。研究指出，成功戒烟的人中，超过80%来自于家庭支持良好、社交环境清洁的群体。戒烟不是一个人的战斗，得全家一起配合。 第五件事关乎心理——别把烟当成“最后的慰藉”。 很多老年人说自己没别的爱好，就靠一根烟解闷。其实这不是爱好，是依赖。烟能让人短暂轻松，是因为尼古丁刺激多巴胺，但代价是神经系统越来越难自我调节。真正的快乐不是来自烟，而是来自掌控感。一位66岁的阿姨，戒烟后迷上了插花和拼图，心情比以前还平稳。 第六个盲点是“想戒就戒”，不做准备。 戒烟不是拔掉电源那么简单，而是一个系统工程。要设定具体日期、准备替代方案、应对戒断反应。尼古丁替代疗法、戒烟药物、心理辅导，这些手段在老年人群中效果并不差，反而安全性更高。 别把意志力当成全部武器，科学才是你戒烟的靠山。 第七件事是：要学会识别“假戒烟”。 有些人表面不抽烟了，其实开始抽电子烟、加热烟，或者“偶尔一根不算”。可医学界已经明确指出：这些替代烟品同样含有大量有害气溶胶和致癌物质，对肺部和心脑血管的伤害，一点没少。 电子烟不是过渡工具，是另一个陷阱。不彻底断掉尼古丁，就像“戒酒的人每天喝点啤的”，根本没戒。 最后一个关口，也是最难的一关——你准备好承认自己“需要帮助”了吗？ 老年人戒烟失败率高，不是因为身体，而是因为“面子”。觉得自己一把年纪还要靠医生、用药物、找人监督，好像很丢人。但真实情况是：能主动求助的人，才是真正强大的人。 加拿大一项针对65岁以上戒烟者的随访发现，主动参与戒烟门诊、使用专业方案的人，12个月内成功率高出3倍。你不是一个人战斗，医生、家人、朋友，都是你背后的力量。 说到这儿，可能你也意识到，戒烟不只是“对自己好”，更是对家人负责。 你或许还能抽五年、十年，但你想过没，你的孙子可能正在吸你身边的二手烟、三手烟。研究发现，儿童长期生活在老年烟民家庭中，哮喘、肺炎、注意力缺陷的风险明显上升。 你不戒，他们受罪。这不是道德绑架，是实实在在的医学现实。我们不怕你现在还在抽烟，我们怕的是你明知道该戒，却总说“过阵子再说”。过了62岁，每一个“过阵子”，都在透支未来的可能性。 不是吓唬你，是真实的医学数据在告诉我们：老年人戒烟越早，获益越大。 戒烟一年，冠心病风险下降一半；戒烟五年，中风风险接近正常人；戒烟十年，肺癌风险大幅降低。这不是什么“保健产品承诺”，是全球医学界共同认定的事实。 别再犹豫了，那根夹在指缝的烟，真的没那么重要。你还有很多可以握住的东西，比如健康，比如家人，比如一个不靠氧气瓶过完晚年的机会。,头条号,平原二,2025-09-23 13:22:39,http://www.toutiao.com/w/i7552835451803927055/,四川省,戒烟,中性,评论观点类
2025010137,香港香烟盒，戒烟警示图文，让人有直观的震撼！,title: 香港香烟盒，戒烟警示图文，让人有直观的震撼！ summary: 香港香烟盒，戒烟警示图文，让人有直观的震撼！如果烟盒也可以采用这种，图片加提示语的包装，我国的戒烟人数一定会有显著增加，青少年吸烟人数肯定会越来越少！ ocr: LUCKYCOMPANYFRESHSTRIKE請為你的下一代戒煙戒煙熱線:1833183香港特區政府忠告市民吸煙引致旱死有限产日公司出产吸煙引致陽萎香港特區政府忠告市民請為你的下一代戒煙戒煙熱線CHUNGHWA請為你的下一代戒煙戒煙熱線:1833183香港特區政府忠告市民吸燒帶來痛苦生不如死 content: 香港香烟盒，戒烟警示图文，让人有直观的震撼！！ 如果我们烟盒警示图，都采用这些，我国烟民数量应该能减少很多！！ 吸烟有害健康，这个大部分人都懂，包括好多资深烟民也知道，但是文字带来的震撼远没有图片带来的视觉冲击力大。 如果烟盒也可以采用这种，图片加提示语的包装，我国的戒烟人数一定会有显著增加，青少年吸烟人数肯定会越来越少！！,微头条,自由的光束,2025-09-23 13:22:37,http://www.toutiao.com/w/i1844030950952960/,未知,戒烟、戒煙戒煙,中性,评论观点类
202501012,戒烟,title: 戒烟 summary: 戒烟戒烟 ocr: 戒烟第126天戒烟有啥好办法?150.6斤戒烟有啥好办法第一戒烟这件事情就要破釜沉舟背水一战 戒烟第126天戒烟有啥好办法?150.6斤戒烟第126天戒烟有啥好办法?150.6斤 content: 戒烟,小红书,黄土成金,2025-09-23 13:13:21,http://www.xiaohongshu.com/discovery/item/68d22c71000000000702885f,陕西省,戒烟,中性,评论观点类
2025010112,断崖式戒烟13天,title: 断崖式戒烟13天 summary: 断崖式戒烟13天[捂脸R]马上也就戒烟半个月了，咋说呢。跟过了半辈子一样#吸烟有害身体健康 #戒烟 #威立戒 ocr: 《戒烟日记》戒烟第13天姐妹们今天是我戒烟打卡第13天也是吃这个成立戒 《戒烟日记》戒烟第13天《戒烟日记》戒烟第13天 content: [捂脸R]马上也就戒烟半个月了，咋说呢。跟过了半辈子一样#吸烟有害身体健康 #戒烟 #威立戒,小红书,奥特曼打羽毛球,2025-09-23 13:08:27,http://www.xiaohongshu.com/discovery/item/68d22b4b0000000011016613,未知,戒烟,中性,评论观点类
202501013,戒烟并不难，你知道吗？,title: 戒烟并不难，你知道吗？ summary: 戒烟并不难，你知道吗？#戒烟方法 #戒烟找甘教员 #戒烟 ocr: 戒烟一点都不难只需要这样做餐中司图限公本戒烟并不难只要戒掉这6支就够了餐中起床的第一支 戒烟一点都不难只需要这样做戒烟一点都不难只需要这样做 content: #戒烟方法 #戒烟找甘教员 #戒烟,小红书,戒烟找甘教员,2025-09-23 13:03:31,http://www.xiaohongshu.com/discovery/item/68d22a23000000001202f1c4,广东省,戒烟,中性,评论观点类
2025010131,戒烟，正念第十九天。,"title: 戒烟，正念第十九天。 summary: 戒烟，正念第十九天。 ocr: 戒烟,正念第十九天。 content: 戒烟，正念第十九天。",小红书,暖阳🐉,2025-09-23 13:01:52,http://www.xiaohongshu.com/discovery/item/68d229c0000000001302af36,新疆维吾尔自治区,戒烟,中性,评论观点类
2025010150,戒烟2周，今天闻到同事身上的烟味，居然有点反感了,title: 戒烟2周，今天闻到同事身上的烟味，居然有点反感了 summary: 戒烟2周，今天闻到同事身上的烟味，居然有点反感了戒烟2周，今天闻到同事身上的烟味，居然有点反感了 ocr: 戒烟是新的开始 content: 戒烟2周，今天闻到同事身上的烟味，居然有点反感了,微头条,猪泽类,2025-09-23 13:00:45,http://www.toutiao.com/w/i1844029576334346/,未知,戒烟,负面,评论观点类
2025010168,减淝和戒烟 哪个更难？#吸烟有害身体健康 #改善饮食习惯 #禁止吸烟有害健康 #,title: 减淝和戒烟 哪个更难？#吸烟有害身体健康 #改善饮食习惯 #禁止吸烟有害健康 # summary: 减淝和戒烟哪个更难？ ocr: 减淝和戒烟哪个更难? content: 减淝和戒烟 哪个更难？#吸烟有害身体健康 #改善饮食习惯 #禁止吸烟有害健康 #快碳与慢碳的区别 #调整饮食习惯,小红书,清姐,2025-09-23 12:54:11,http://www.xiaohongshu.com/discovery/item/68d227f3000000001301d109,广东省,戒烟,中性,评论观点类
2025010151,#戒烟一个星期算戒掉了吗#三年不抽才算戒掉,title: #戒烟一个星期算戒掉了吗#三年不抽才算戒掉 summary: #戒烟一个星期算戒掉了吗#三年不抽才算戒掉#戒烟一个星期算戒掉了吗#三年不抽才算戒掉 ocr: 戒烟一个星期算戒掉了吗 content: #戒烟一个星期算戒掉了吗#三年不抽才算戒掉,微头条,魏馨科,2025-09-23 12:52:04,http://www.toutiao.com/w/i1844029029654540/,未知,戒烟,中性,评论观点类
2025010153,💨过滤烟嘴实测！戒烟路上的贴心伴侣,"title: 💨过滤烟嘴实测！戒烟路上的贴心伴侣 summary: 如果你也在戒烟，不妨试试它，效果不会让你失望 #低头捡个秋 #氛围感靴子 #我的秋天第一颗酢 #替烟棒 #戒烟神器 #健康好物 #送礼好物 #高颜值小物。 ocr: 戒烟从选择正确的工具开始JOYOB全新升级专业滤毒当选诤友22年连续畅销添加草本精华,:过滤补充合一净友品牌代言人于荣光JJOJOYOYO多重过多重过滤姻嘴烟啡相增专用相烟专用含维生素维生素(戒烟选择过滤烟嘴,守护您的呼吸健康 content: 戒烟是一场持久战，这款过滤烟嘴成了我最好的战友。它的过滤层能有效拦截有害物质，让每一口烟都更干净。用了几天，就感觉呼吸轻快了，不再有沉重的负担。现在，我抽烟的次数越来越少，健康状态稳步提升。如果你也在戒烟，不妨试试它，效果不会让你失望 #低头捡个秋 #氛围感靴子 #我的秋天第一颗酢 #替烟棒 #戒烟神器 #健康好物 #送礼好物 #高颜值小物",小红书,梦中情郎,2025-09-23 12:46:10,http://www.xiaohongshu.com/discovery/item/68d22612000000001301c7ba,广东省,戒烟,中性,评论观点类
2025010136,🚬烟民福音！这款过滤烟嘴让我戒烟更从容,title: 🚬烟民福音！这款过滤烟嘴让我戒烟更从容 summary: 这款过滤烟嘴让我戒烟更从容兄弟们，戒烟真的不是一件容易的事。直到我发现了这款过滤烟嘴，它成了我戒烟路上的得力助手。#低头捡个秋#氛围感靴子#我的秋天第一颗酢#戒烟神器#健康好物#替烟棒推荐#送礼好物#烟嘴过滤器. ocr: 戒烟好帮手健康过滤烟嘴NEWUPGRADE诤友新升级170重过滤烟嘴粗/中粗/中/细烟均可抽禁使用过滤烟嘴减少有害物质吸入助力轻松戒烟 content: 兄弟们，戒烟真的不是一件容易的事。每次下定决心，却总在关键时刻败给习惯。直到我发现了这款过滤烟嘴，它成了我戒烟路上的得力助手。过滤焦油和尼古丁的效果肉眼可见，每一口都更纯净，喉咙不再干涩。慢慢地，我对烟的依赖减少了，健康状态也明显改善。如果你也在戒烟，不妨试试它，让戒烟之路更轻松。 #低头捡个秋 #氛围感靴子 #我的秋天第一颗酢 #戒烟神器 #健康好物 #替烟棒推荐 #送礼好物 #烟嘴过滤器,小红书,梦中情郎,2025-09-23 12:46:10,http://www.xiaohongshu.com/discovery/item/68d22612000000001301779f,广东省,戒烟,中性,评论观点类
2025010139,🍎 戒断神器来袭！轻松替烟畅快呼吸🎁,title: 🍎 戒断神器来袭！轻松替烟畅快呼吸🎁 summary: #替烟棒#好物分享#好物推荐#种草#烟瘾#薄荷#戒烟#居家好物#健康生活. ocr: 第一天…这玩意能戒烟?行能少抽几根是几根吧第一周….一个月…。 第一天……第一天…… content: 想戒烟却忍不住复吸？烟瘾上来时抓心挠肺？试试这款水果味戒烟替烟棒，堪称“戒断神器”，帮你轻松缓解烟瘾，从此不挑场合摆脱烟草束缚！#替烟棒 #好物分享 #好物推荐 #种草 #烟瘾 #薄荷 #戒烟 #居家好物 #健康生活,小红书,云中漫步66,2025-09-23 12:45:34,http://www.xiaohongshu.com/discovery/item/68d225ee000000001301b5c2,上海市,戒烟,中性,评论观点类
2025010173,戒烟+养肺一年，身体已next level,"title: 戒烟+养肺一年，身体已next level summary: ☀ ️现在的肺状态有种被重置的感觉，肺气充盈了，运动下来也不觉得吃力，晚上睡的踏实了每天身体都特别有劲精神头特别足，情绪也稳定多了，各项指标也回归正轨了-#健康养生#养肺#肺部保养#生活习惯#槲皮素#部分蓝色#品牌probody. ocr: X1999JINCBUTIY戒烟篇减少外部对肺部的侵蚀减少吸烟次数①刚开始从减少吸烟次数为主一下子把烟戒掉是不可能的,可以逐步减少数量从刚开始一天八九根到一天三四根转移注意力2转移注意力,戒烟期间语养些兴趣爱好,让生活充实起来境,少在家乐着,远岛香烟环3找替代品平时嘴饮的时候可以吗点坚果,梅子,口袋放点口香糖47养肺篇内服补剂养肺是关键为什以选择补剂单靠曰常饮食是很难满足肺内确实酮营养附,核小营养UATCAT没有补到位,肺状态还是提不起来,Probody榴皮素Probody榔皮素纯度在95%富含飞十一种养肺成分而且里面成分都是植物萃取的,吸收剂用率都很高全方位为肺部补足营养养肺护肺保护呼吸道,肺内细胞屏障,增强抵抗力!!我的真实变化现在的肺状态有种被重置的感觉,肺气充盈了,运动下来也不觉得叫力,晚上睡附踏实了每天身体都特别有劲精神头特别足,情绪也稳定多了,各项指标也回归正轨了戒烟+养肺1年身体已next level content: 前面两张都是前不久拍的，朋友都说看着比前两年状态都好！ 前两年的时候也是天天烟不离手，平时还爱熬夜经常凌晨才睡觉，导致体检查出肺状态不是很好有些异常，那段时间就是身体特别容易感觉乏力整天无精打采的，行动也特别受限，胸口闷堵总是呼哧带喘的！ 说实话，能摆脱肺部不适的困扰，关键是我把戒烟（外养）和养护肺状态放在了首位 - ⬇️说说这些方法给我带来的改变： 1.面色不像以前蜡黄黢黑了，暗沉减少了很多红润有光泽了 2.身体有劲了不会总感觉疲惫乏力了，精神头一直都很在线 3.肺气足了不会频繁感觉胸闷气喘了，呼吸平稳无阻碍了 4.晚上睡的踏实了，情绪更稳定了 - 不多废话，直接进入正题↓ ——从戒烟开始40%—— 香烟里的一氧化碳，尼古丁等会持续刺激肺内细胞，加重炎症反应从而导致肺部不适加重 ❶刚开始从减少吸烟次数为主，一下子把烟戒掉是不可能的，可以逐步减少数量从刚开始一天八九根到一天三四根 ❷转移注意力，戒烟期间培养一些兴趣爱好，让生活充实起来，少在家呆着，远离香烟环境 ❸找替代品，平时嘴馋的时候可以吃点坚果，梅子，口袋放点口香糖 ——内服养肺是核心60%—— 如果戒烟是减少肺部内部的诱因，那针对性补充养肺补剂就是从外部直达根源养护肺状态 #probody槲皮素 单靠日常饮食是很难满足肺内确实的营养的，核心营养没有补到位，肺状态还是提不起来， 大白推荐槲皮素额外补充，坚持补充下来变化真的很明显这个Probody槲皮素纯度在95%富含了十一种养肺成分而且里面成分都是植物萃取的，吸收利用率都很高，全方位为肺部补足营养养肺护肺 保护呼吸道，肺内细胞屏障，增强抵抗力！！ ☀️现在的肺状态有种被重置的感觉，肺气充盈了，运动下来也不觉得吃力，晚上睡的踏实了每天身体都特别有劲精神头特别足，情绪也稳定多了，各项指标也回归正轨了 - #健康养生#养肺#肺部保养#生活习惯#槲皮素 #部分蓝色 #品牌probody",小红书,Zach明叔,2025-09-23 12:45:03,http://www.xiaohongshu.com/discovery/item/68d225cf000000001203e4e1,河南省,戒烟,中性,评论观点类
2025010110,戒烟第四天。。。天天失眠，有谁戒烟会失眠[失望R],title: 戒烟第四天。。。天天失眠，有谁戒烟会失眠[失望R] summary: 戒烟第四天。 ocr: 戒烟第四天。。天天失眠有谁戒烟会失眠 content: 戒烟第四天。。。天天失眠，有谁戒烟会失眠[失望R],小红书,没有名字,2025-09-23 12:42:03,http://www.xiaohongshu.com/discovery/item/68d2251b000000000702a049,江苏省,戒烟,中性,评论观点类
2025010154,戒烟 戒酒 戒诗#不抽烟不喝酒 #诗人 #抽烟的人有故事 #一句话假装诗人 #喝,title: 戒烟 戒酒 戒诗#不抽烟不喝酒 #诗人 #抽烟的人有故事 #一句话假装诗人 #喝 summary: 戒烟戒酒戒诗#不抽烟不喝酒#诗人#抽烟的人有故事#一句话假装诗人#喝戒烟戒酒戒诗#不抽烟不喝酒#诗人#抽烟的人有故事#一句话假装诗人#喝酒文案#写给夜晚的诗#香烟到头终是灰#人生在。 ocr: 戒烟戒酒戒诗戒烟戒酒戒诗 content: 戒烟 戒酒 戒诗#不抽烟不喝酒 #诗人 #抽烟的人有故事 #一句话假装诗人 #喝酒文案 #写给夜晚的诗 #香烟到头终是灰 #人生在诗词里流淌 #人间值得诗百篇 #小红书斗诗大会,小红书,大红袍,2025-09-23 12:40:27,http://www.xiaohongshu.com/explore/68d224bb000000000b03ea62,山西省,戒烟,中性,评论观点类
2025010143,为了皮肤戒烟，是真的有用！,"title: 为了皮肤戒烟，是真的有用！ summary: 为了皮肤戒烟，是真的有用！戒烟一周，今天早上洗脸的时候突然。 ocr: 为了皮肤戒烟,是真的有用! content: 五年烟龄，每天一包左右。上个月拍证件照，P图师傅都说我皮肤暗黄严重，当时就下决心戒了。 戒烟一周，今天早上洗脸的时候突然",小红书,Coisini,2025-09-23 12:28:58,http://www.xiaohongshu.com/discovery/item/68d2220a000000001201e0b4,河南省,戒烟,中性,评论观点类
2025010162,今天是断崖式戒烟的第23天，友友们，你们怎么样了？,"title: 今天是断崖式戒烟的第23天，友友们，你们怎么样了？ summary: 今天是断崖式戒烟的第23天，友友们，你们怎么样了？ ocr: Text Note今天是断崖式戒烟的第23天,友友们,你们怎么样了? content: 今天是断崖式戒烟的第23天，友友们，你们怎么样了？",小红书,云水禅心,2025-09-23 12:28:08,http://www.xiaohongshu.com/discovery/item/68d221d8000000001003f49f,未知,戒烟,中性,评论观点类
2025010149,戒烟失败了，第三次重新开始,title: 戒烟失败了，第三次重新开始 summary: 戒烟失败了，第三次重新开始又失败了，这是第三次戒烟。上次坚持了一个月，结果朋友聚会喝多了，别人递烟就接了。母亲很失望，但没说什么重话，只是叹了口气。朋友聚会不喝酒了，应酬能推就推，就是要把这个习惯彻底改掉。#戒烟失败#第三次#重新开始#意志力#坚持. ocr: 戒烟失败了;第三次重新开始 content: 又失败了，这是第三次戒烟。 上次坚持了一个月，结果朋友聚会喝多了，别人递烟就接了。当时想着就一根，结果第二天又买了一包，前功尽弃。 母亲很失望，但没说什么重话，只是叹了口气。我自己也很懊恼，明明已经坚持那么久了，为什么就不能再忍一下？ 这次下决心更大，把所有能抽烟的场合都想了一遍，提前做准备。朋友聚会不喝酒了，应酬能推就推，就是要把这个习惯彻底改掉。 有没有失败过很多次最后成功的？给我点信心，感觉自己意志力太差了。 #戒烟失败#第三次#重新开始#意志力#坚持,小红书,和往事干杯,2025-09-23 12:22:26,http://www.xiaohongshu.com/discovery/item/68d22082000000000e021745,河北省,戒烟,中性,评论观点类
2025010156,戒烟5天脾气炸了三次，温柔不了一点,"title: 戒烟5天脾气炸了三次，温柔不了一点 summary: 戒烟5天脾气炸了三次，温柔不了一点本来以为戒烟就是忍住不抽，没想到脾气这么难控制。 ocr: 戒烟5天脾气炸了三次,温柔不了一点 content: 本来以为戒烟就是忍住不抽，没想到脾气这么难控制。 老公昨天因为外卖送晚了骂了小哥，今天因为电梯等久了跟保安吵架。平时他脾",小红书,mo5114,2025-09-23 12:19:22,http://www.xiaohongshu.com/discovery/item/68d21fca000000001302bcb5,北京市,戒烟,中性,评论观点类
2025010119,戒烟两个月,"title: 戒烟两个月 summary: 戒烟两个月二十年烟民，断崖式戒烟两个月了，不想做总结和润色，想到什么说什么：内驱力是关键，戒烟戒的心魔，只有你内心真正的不想抽烟。 ocr: 237月戒烟第四天,昨晚打完球去嗦完粉A很想来一根227月戒烟第三天,昨晚差点没忍住要去A买烟了 content: 二十年烟民，断崖式戒烟两个月了，不想做总结和润色，想到什么说什么： 内驱力是关键，戒烟戒的心魔，只有你内心真正的不想抽烟",小红书,路过狮驼岭,2025-09-23 12:13:11,http://www.xiaohongshu.com/discovery/item/68d21e57000000001400bf8f,上海市,戒烟,中性,评论观点类
2025010152,戒烟的惊人效果！研究发现：戒烟10年以上，死亡率接近从未吸烟者,title: 戒烟的惊人效果！研究发现：戒烟10年以上，死亡率接近从未吸烟者 content: 在这个“人手一根烟”的时代，很多人或许从没认真问过自己一个问题：如果现在戒烟，还来得及吗？ 这个问题看似简单，却藏着太多人的挣扎与犹豫。香烟不是一根纸卷那么简单，它像一只“隐形的手”，悄悄控制着身体的每一个细胞。 而令人震惊的是，只要坚持戒烟10年以上，死亡率竟然能接近从未吸烟者——这一发现，足以颠覆许多人对吸烟危害的想象。 每年秋天，门诊里总会多出一群“老咳嗽”患者。他们不是被最近的病毒感染，而是多年烟龄留下的“后遗症”。有些人已经几十年没断过烟，肺功能检查时，医生常常一句话点破盲点：“这不是老毛病，是慢阻肺的前奏。” 吸烟对肺部的损伤是不可逆的，但戒烟带来的改善却远超想象。权威研究显示，戒烟5年后，心血管疾病的风险可下降近一半。 而戒烟10年以上，肺癌、脑卒中等多种疾病的死亡率几乎与从未吸烟者无异。这不是奇迹，而是身体惊人的自我修复能力在起作用。 很多人以为吸烟只是“伤肺”，其实远不止如此。吸烟对血管的破坏是“全身性”的，从头到脚无一幸免。脑供血不足、冠心病、下肢动脉硬化，甚至男性性功能障碍，背后都可能潜藏着“尼古丁的影子”。 烟民中，最容易被忽略的是“隐性患者”——那些看似健康的中年人。门诊中常见这样的情况：一个40多岁的男性，体检发现心电图异常，进一步检查发现冠状动脉堵塞超过70%。 他一脸不可置信地说：“我又不胖，怎么就心脏病了？”医生轻轻反问一句：“烟抽了多少年？”他说：“有二十多年了，但我每天不过一包。” 长期吸烟者的心血管功能会在无声中被掏空。特别是40岁以上的男性，若同时存在高血压、高血脂或糖尿病，吸烟的叠加效应会让心梗的风险翻倍增长。 而令人欣慰的是，一旦戒烟1年，心梗风险即可开始下降，这种下降趋势在5年后更加明显。 很多人误以为，老年人才需要担心吸烟的危害。其实，年轻人吸烟的致命之处，在于它让疾病提前“预约”。 女性吸烟的危害也不容忽视。不仅会影响生育能力，还会加速皮肤老化，增加骨质疏松、宫颈癌的风险。 尤其是怀孕期间吸烟，或暴露在二手烟环境中，会显著增加胎儿畸形、早产和低体重儿的发生率。一根烟，不只是伤自己，更可能伤害下一代。 提起戒烟，很多人第一反应是：“戒不掉，太难了。”确实，尼古丁的成瘾性堪比某些毒品，但并非无解。 临床上常用的戒烟方法包括尼古丁替代疗法、行为干预、心理咨询，甚至药物辅助治疗。科学戒烟的成功率可达30%以上，远高于“硬撑着戒”的方式。 值得一提的是，戒烟的“回报”几乎是立竿见影的。戒烟后20分钟，心率和血压开始下降；12小时后，血液中的一氧化碳浓度恢复正常；2周到3个月，肺功能明显改善；1年后，心脏病风险下降一半；10年后，肺癌风险几乎减半。 很多人担心戒烟后体重增加。这个确实存在，但相比吸烟带来的致命风险，多几斤肉又算得了什么呢？况且，通过合理饮食和运动完全可以控制体重，而一旦心梗或肺癌找上门，后悔也来不及了。 二手烟的危害同样不容小觑。研究显示，长期暴露在二手烟环境中的人，心脏病和肺癌的发病率会明显上升。尤其是家中有老人、小孩或孕妇，吸烟者的“随意一口”，可能就是他人健康的“致命一击”。 从全球趋势来看，许多国家已严控公共场所吸烟，中国也在逐步推进“无烟城市”建设。这不仅关乎“文明礼仪”，更是一场全民健康的保卫战。一人戒烟，全家受益，这不是口号，而是医学事实。 戒烟不是一时的冲动，而是一种对生命的尊重。它不需要声势浩大的仪式，只需要一个坚定的决定。 许多曾经“烟不离手”的患者，在经历一次急诊、一次住院后，终于下定决心。他们常说：“早知道戒烟这么有效，就该早点开始。” 真正的改变，从来不是“等身体出问题才行动”，而是“在问题出现前，提前做出选择”。戒烟，就是这样的选择。 现在开始戒烟，真的还来得及吗？答案是肯定的。每一个不吸的今天，都是未来健康的一块基石。不是从明天，也不是从下个月，就从现在，扔掉那根烟，给自己一个全新的可能。 如果你或你身边的人正在为戒烟而犹豫，不妨把这篇文章分享给他们。或许就是这一刻的转发，改变了一个人的命运。健康的路很长，但每一步都值得为自己走下去。,头条号,游大得,2025-09-23 12:13:04,http://www.toutiao.com/w/i7552853555359597082/,湖南省,戒烟,正面,评论观点类
2025010164,老年人要戒烟吗？医生发现：过了55岁以后，戒烟前要注意这几件事,"title: 老年人要戒烟吗？医生发现：过了55岁以后，戒烟前要注意这几件事 content: “我都抽了一辈子烟了，这时候戒还有意义吗？”这是很多55岁以上的中老年人常问的问题。尤其是那些已经退休，身体看似“还行”的人，更容易把吸烟当成一种“解闷”的习惯。但事实是——年纪越大，越应该戒烟。不是因为这时候戒烟能“延年益寿”多少年，而是因为不戒烟，未来可能连正常生活都难以维持。国家卫健委发布的《2025年中国吸烟危害报告》显示，我国目前60岁以上人群中，仍有超过27%的人保持吸烟习惯，其中不少人每天吸烟超过20支。""更严重的是，大部分中老年烟民并没有意识到吸烟对他们慢病控制、术后恢复、认知功能、骨密度乃至家庭关系的深远影响。而他们中的许多人，直到出现慢阻肺、肺癌、中风或者骨折时，才开始后悔：这烟，早知道就戒了。2024年《柳叶刀·公共卫生》发表的一项大型研究指出：即便在65岁之后才开始戒烟，仍然可以显著降低呼吸系统疾病、心脑血管事件和多种癌症的发病率。这项纳入超过50万人样本的研究，为“晚年戒烟是否有意义”提供了有力数据支持。研究人员发现，65岁以后戒烟者的寿命平均延长了2.4年，且生活质量显著提升。这不是“为时已晚”，而是“现在正好”。""但医生也提醒：老年人戒烟，和年轻人戒烟不是一回事。身体机能、心理状态、用药情况、慢病控制乃至家庭支持系统，都会影响戒烟效果。如果忽视这些关键因素，戒烟不仅难度大，还可能带来短期不适，甚至影响原有疾病的稳定。过了55岁以后，戒烟前有7件事必须搞明白，否则很容易半途而废，甚至“戒到一半反而更焦虑”。第一件事：评估自身慢病状况是否稳定。吸烟与高血压、糖尿病、冠心病等慢性病关系密切，很多老年人一边吃药、一边抽烟，等到病情反复才意识到问题。""戒烟过程中，可能会出现血压波动、情绪起伏，这时候如果慢病控制不好，容易“火上浇油”。医生建议，在准备戒烟之前，先做一次全面体检，特别是心肺功能和血压血糖指标，确保身体能承受戒断过程的变化。第二件事：了解戒烟后的“戒断反应”。很多人以为戒烟就是“不抽了就完事”，但其实戒烟初期，可能会出现烦躁、失眠、咳嗽加重、注意力下降、胃口大开等戒断症状。尤其是年龄较大的人，身体适应能力下降，对这些反应更敏感。医生建议提前做好心理准备，也可以在专业指导下使用尼古丁替代疗法或其他戒烟药物，帮助身体平稳过渡。""第三件事：家庭支持是戒烟成功的“关键变量”。研究表明，老年人如果身边有人吸烟，戒烟成功率会明显下降。而如果配偶或子女强力支持，戒烟成功率能提高近50%。有些家庭中，老伴儿已经习惯了老头子抽烟的样子，甚至觉得“戒烟后脾气更差”，这种消极态度会严重干扰戒烟过程。医生建议，在开始戒烟前，和家人好好沟通，让他们知道戒烟是为全家健康，而不是“自讨苦吃”。第四件事：了解吸烟和药物代谢的关系。吸烟会影响多种药物在体内的代谢速度，例如常用的抗凝药物、降压药、安眠药在吸烟状态下和戒烟后效果可能完全不同。""戒烟后，药物在体内的浓度可能会升高，导致副作用风险上升。所以在戒烟的同时，必须和医生沟通是否需要调整用药剂量，不要自行停药或增减剂量。第五件事：警惕“戒烟导致体重增加”问题。不少老人戒烟后发现食欲大增，尤其喜欢吃甜食，结果体重蹭蹭往上涨，血糖、血脂也跟着“飘红”。虽然戒烟本身是好事，但体重管理不能放松。建议在戒烟期间，注意饮食结构，适当增加运动，比如每天快走30分钟，既替代了抽烟的“手上动作”，又能帮助身体平稳过渡。""第六件事：不要迷信“电子烟替代法”。近几年，不少中老年人被电子烟商家宣传所吸引，以为电子烟“没烟焦油”“对身体没伤害”，可以作为替代品慢慢戒烟。但电子烟同样含有尼古丁，且其对心脑血管的影响并不低于传统香烟。国家市场监管总局已多次发布通告，明确禁止将电子烟作为戒烟产品进行宣传。对于老年人群体来说，电子烟不但不安全，还可能造成新的依赖。第七件事：制定一个“可执行”的戒烟计划。戒烟不是一蹴而就的事，特别是吸烟史超过20年的老年人，突然停掉容易出现反弹。""医生建议采用“逐步减少法”——比如第一周每天下降两支烟，第二周每天控制在10支以内，第三周固定时间吸烟，逐步脱敏。配合运动、饮食、心理疏导等综合干预，才能真正做到“身心一起戒”。戒烟不是一件“简单的健康行为”，而是一场关系到余生生活质量的大事。过了55岁，身体的每一次“选择”都不是孤立存在的。选择继续吸烟，就是选择慢性病复发、住院次数增加、生活质量下降；而选择科学戒烟，则是给自己一个“重新掌控健康”的机会。过去，很多人以为戒烟只是年轻人的事；现在，越来越多的临床研究和实际案例都在告诉我们：老年人戒烟，意义更大，效果也更直接。它不仅能改善体力、提升睡眠质量、减少住院次数，还能让你在未来的10年中，活得更清醒、更自由、更有尊严。""如果你或你身边的亲人已经55岁以上仍在吸烟，不妨认真考虑一下这7件事。不是劝你马上扔掉烟盒，而是希望你明白：戒烟不是“不能抽”，而是“值得换”。你换走的是烟烟瘴气，换来的是清肺、清心、清晨的一口好空气。",大风号,贴纸包浆史,2025-09-23 11:54:26,http://i.ifeng.com/c/8mr8z0p7Rle,重庆市,戒烟,中性,评论观点类
2025010124,戒烟,title: 戒烟 summary: 戒烟我得了惩罚#戒烟李荣浩 #音乐[eoi]# #emo #歌曲推荐 ocr: 降调0.9x戒烟李荣浩戒了烟我不习惯I'mnotusedtogivingupsmoking人声分离/环绕Evenly我得到了惩罚Igotpunished 降调0.9xK《戒烟李荣浩戒了烟我不习惯I'm not used to giving up smokingEvenly人声分离/环绕降调0.9xK《戒烟李荣浩戒了烟我不习惯I'm not used to giving up smokingEvenly人声分离/环绕 content: 我得了惩罚#戒烟李荣浩 #音乐[eoi]# #emo #歌曲推荐,小红书,Evenly,2025-09-23 11:53:20,http://www.xiaohongshu.com/discovery/item/68d219b0000000001300a11f,未知,戒烟,中性,报道事实类
2025010155,#现在的人都戒烟戒酒是为了什么?,title: #现在的人都戒烟戒酒是为了什么? summary: #现在的人都戒烟戒酒是为了什么?香烟里的尼古丁、焦油等，就像身体里的小恶魔，长期吸烟，肺癌等疾病几率大增。酒精对肝脏伤害极大，酗酒易引发肝硬化、肝癌。身边有人因烟酒患病，很多人就会警醒。总之，戒烟戒酒能让人远离疾病，享受更美好的生活。 ocr: #现在的人都戒烟戒酒是为了什么?# content: #现在的人都戒烟戒酒是为了什么?# 现在的人戒烟戒酒原因还挺多的。健康肯定是首要因素。香烟里的尼古丁、焦油等，就像身体里的“小恶魔”，长期吸烟，肺癌等疾病几率大增。酒精对肝脏伤害极大，酗酒易引发肝硬化、肝癌。身边有人因烟酒患病，很多人就会警醒。 提升生活品质也是重要原因。吸烟让身上和口腔有异味，影响形象和社交；喝酒过量会失态，给自己和他人添麻烦。戒掉后，精神状态改善，早上没了宿醉不适，能更有精神地生活。还能更好陪伴家人，不用担心二手烟危害孩子。总之，戒烟戒酒能让人远离疾病，享受更美好的生活。,微头条,岭上观霞的赏景者,2025-09-23 11:44:49,http://www.toutiao.com/w/i1844024798789643/,未知,戒烟,中性,评论观点类
2025010178,靠自己毅力戒烟的百分之一，戒烟不是一般人能完成的事！,title: 靠自己毅力戒烟的百分之一，戒烟不是一般人能完成的事！ content: 靠自己毅力戒烟的百分之一，戒烟不是一般人能完成的事！没有超强的自律精神是不行的，特别是生活压力大的人！,微头条,绿水青山219464804,2025-09-23 11:22:54,http://www.toutiao.com/w/i1843935297056780/,河南省,戒烟,中性,评论观点类
2025010181,为了晨跑的畅快为了拥抱时的清新我决定戒烟从现在开始铁子们分享一下方法,title: 为了晨跑的畅快为了拥抱时的清新我决定戒烟从现在开始铁子们分享一下方法 summary: 为了晨跑的畅快为了拥抱时的清新我决定戒烟从现在开始铁子们分享一下方法为了晨跑的畅快为了拥抱时的清新我决定戒烟从现在开始铁子们分享一下方法。 ocr: 为了晨跑的畅快为了拥抱时的清新我决定戒烟从现在开始铁子们分享一下方法 content: 为了晨跑的畅快为了拥抱时的清新我决定戒烟从现在开始铁子们分享一下方法,小红书,小红薯68C38651,2025-09-23 11:21:48,http://www.xiaohongshu.com/discovery/item/68d2124c000000001300b68a,浙江省,戒烟,中性,评论观点类
2025010161,戒烟第六天#有想法轻松发 #吸烟有害身体健康 #抽烟的人有故事 #千万不要放弃,title: 戒烟第六天#有想法轻松发 #吸烟有害身体健康 #抽烟的人有故事 #千万不要放弃 summary: 戒烟第六天#有想法轻松发#吸烟有害身体健康#抽烟的人有故事#千万不要放弃戒烟第六天#有想法轻松发#吸烟有害身体健康#抽烟的人有故事#千万不要放弃#挑战自己的意志力#不要放弃坚持就是胜利真的要命。 ocr: Info DosRecyclable戒烟第六天 content: 戒烟第六天#有想法轻松发 #吸烟有害身体健康 #抽烟的人有故事 #千万不要放弃 #挑战自己的意志力 #不要放弃坚持就是胜利 真的要命，好想抽烟啊。我女朋友和我说要我戒烟，上周三突然脖子不舒服，喉咙很疼，周四周五就没抽烟，正好借此机会就想把烟戒了，一方面为了我女朋友一方面也为了自己，加上家里答应戒烟给20w，也想要这个钱可以创业。到今天已经第六天了，说实话难熬想死，好几次差点忍不住抽了，那分钟什么狗屁20w都不如想抽口烟，最后还是忍住了，加油,小红书,zing,2025-09-23 11:16:24,http://www.xiaohongshu.com/discovery/item/68d211080000000011014bf6,云南省,戒烟,中性,评论观点类
2025010163,我选择戒烟因为生命值得更干净的呼吸求方法,title: 我选择戒烟因为生命值得更干净的呼吸求方法 summary: 我选择戒烟因为生命值得更干净的呼吸求方法我选择戒烟因为生命值得更干净的呼吸求方法 ocr: HE我选择戒烟因为生命值得更干净的呼吸求方法 content: 我选择戒烟因为生命值得更干净的呼吸求方法,小红书,小红薯68C33966,2025-09-23 11:14:38,http://www.xiaohongshu.com/discovery/item/68d2109e000000001400aea4,未知,戒烟,中性,评论观点类
202501011,戒烟咬牙坚持2周,title: 戒烟咬牙坚持2周 summary: 戒烟咬牙坚持2周#戒烟 #戒烟方法 #吸烟有害身体健康 ocr: 戒烟咬牙坚持2周你相不相信戒烟...就等于扛住 戒烟咬牙坚持2周戒烟咬牙坚持2周 content: #戒烟 #戒烟方法 #吸烟有害身体健康,小红书,破瘾重重,2025-09-23 11:06:13,http://www.xiaohongshu.com/discovery/item/68d20ea5000000001101c64a,江苏省,戒烟,中性,评论观点类
2025010126,全网寻找100名想要戒烟的友们一起寻找科学的无痛苦的戒烟方式,title: 全网寻找100名想要戒烟的友们一起寻找科学的无痛苦的戒烟方式 summary: 全网寻找100名想要戒烟的友们一起寻找科学的无痛苦的戒烟方式全网寻找100名想要戒烟的友们一起寻找科学的无痛苦的戒烟方式 ocr: 全网寻找100名想要戒烟的友们一起寻找科学的无痛苦的戒烟方式 content: 全网寻找100名想要戒烟的友们一起寻找科学的无痛苦的戒烟方式,小红书,小红薯68C2B7B2,2025-09-23 11:05:35,http://www.xiaohongshu.com/discovery/item/68d20e7f0000000011017ae7,江西省,戒烟,中性,评论观点类
2025010180,为了家人和自己的健康寻找志同道合的烟民一起寻求无痛苦戒烟的方式#,title: 为了家人和自己的健康寻找志同道合的烟民一起寻求无痛苦戒烟的方式# summary: 为了家人和自己的健康寻找志同道合的烟民一起寻求无痛苦戒烟的方式#为了家人和自己的健康寻找志同道合的烟民一起寻求无痛苦戒烟的方式# ocr: 为了家人和自己的健康寻找志同道合的烟民一起寻求无痛苦戒烟的方式 content: 为了家人和自己的健康寻找志同道合的烟民一起寻求无痛苦戒烟的方式#,小红书,小红薯68BAB846,2025-09-23 10:57:44,http://www.xiaohongshu.com/discovery/item/68d20ca8000000001300d291,江西省,戒烟,中性,评论观点类
2025010157,《戒烟记》,title: 《戒烟记》 summary: 《戒烟记》其实哥哥也算是狠人吧，说戒烟，今天刚说完，明天就戒了。这一次，哥哥在决定戒烟的时候对自己立过军令状，如果这种完全由主观能动性掌控的事情我都做不到，那其他更美好的人生目标哥哥就不配再有任何幻想。#吸烟有害身体健康#香烟到头终是灰. ocr: 大吉健康已恢复 44.5%)大利从9月7日开始已戒烟15天15:57:39累计少吸节省金额烟瘾来袭313支1018.23元6次营长1天打卡再坚持打卡16天升级到团长D13D14D15D16D17D18D19 content: 其实哥哥也算是狠人吧，说戒烟，今天刚说完，明天就戒了。这一次我是月初决定戒烟的，当时发现自己被烟瘾控制了，一有点啥就要抽烟，一根接一根其实是无尽的空虚，我很讨厌这种烟瘾被束缚被欺骗的感觉。有害健康不说，也总是搞得自己随时一身烟味，老让身边家人好友吸自己二手烟也不好。戒烟其实很简单：1，下定决心不再吸烟。 2，永远也不质疑这个决定。 在我下定决心戒烟的那一刻，我把家里还剩的条装烟和没开封的雪茄全部送人，打火机散装烟和没抽完的雪茄直接扔掉，不留任何念想。 从那天开始到目前为止，我一根烟都没再抽过，朋友发烟，通通摇手道谢婉拒，目前也已经不想。 这一次，哥哥在决定戒烟的时候对自己立过军令状，如果这种完全由主观能动性掌控的事情我都做不到，那其他更美好的人生目标哥哥就不配再有任何幻想。 其实生活中有很多事情是我们无法单方面决定结果的。比如感情，有时候你越用力却越糟；比如事业，有些是时代机遇，有些是暂时运气不好，有些是你命里本无此财。 但是你说戒个烟减个肥健个身，又不是要你的命？不过是修好心管住嘴，再抽点时间去迈开腿。如果连这点事情都做不好，你有什么资格怪自己的世界不美好？ 当你渴望改变决心变强想要更多的时候，不妨对着镜子问问： 你自己就是个糟糕的人，就是个亖胖子，是烟鬼，人家美好的人凭什么对你温柔以待？人家上辈子欠你的吗？ 哥哥一直把强者思维贯穿到自己生活的方方面面，哥哥永远只做自己人生的第一责任人。少问别人为什么，多问自己凭什么。 #吸烟有害身体健康 #香烟到头终是灰,小红书,浪叔,2025-09-23 10:48:16,http://www.xiaohongshu.com/discovery/item/68d20a70000000000e033cae,福建省,戒烟,中性,评论观点类
202501014,全国烟民都开始戒烟，会发生什么#全国戒烟 #正能量,title: 全国烟民都开始戒烟，会发生什么#全国戒烟 #正能量 summary: 全国烟民都开始戒烟，会发生什么#全国戒烟 #正能量全国烟民都开始戒烟，会发生什么#全国戒烟#正能量 ocr: 荃国烟民开始戒烟会发生什么你们觉得呢你信不信人观点无不良引导B只要全国烟民统一戒烟三个月 荃国烟民开始戒烟会发生什么sl你们觉得呢荃国烟民开始戒烟会发生什么sl你们觉得呢 content: 全国烟民都开始戒烟，会发生什么#全国戒烟#正能量,小红书,初安,2025-09-23 09:53:09,http://www.xiaohongshu.com/discovery/item/68d1fd85000000000e00fe6b,贵州省,戒烟,中性,评论观点类
2025010140,📉戒烟别硬扛！科学“降级”法了解一下？,"title: 📉戒烟别硬扛！科学“降级”法了解一下？ summary: 戒烟别硬扛！这才是可持续的戒烟方式呀～#水果味香烟#口腔喷雾器是电子烟吗#lil#黄鹤楼冰咖啡烟多少钱一包#替烟棒#戒烟棒#薄荷味#健康好物#新品种草。 ocr: 科学替烟,有效戒烟,让呼吸更清新朴雷克一款能辅助戒烟的替烟棒缓解烟瘾轻松戒烟朴雷克Pobelter3变3变禁煌水夕爪夕の代口の中脑爽快感寸REFRESHIX代IGFEELIIG加重型重型替烟棒——您的戒烟好伙伴,替烟戒购伙伴,无焦油更健康,让戒烟之路不再艰难。 content: 一口气断烟太反人性了，痛苦到怀疑人生…🤕 我的策略是：用替烟棒作为过渡！从高尼古丁含量的烟，转到低含量替烟棒，让身体和心理有个缓冲期。慢慢减少使用频率，戒断反应真的温和超多！这才是可持续的戒烟方式呀～📚 #水果味香烟 #口腔喷雾器是电子烟吗 #lil #黄鹤楼冰咖啡烟多少钱一包 #替烟棒 #戒烟棒 #薄荷味 #健康好物 #新品种草",小红书,梦中情郎,2025-09-23 09:51:07,http://www.xiaohongshu.com/discovery/item/68d1fd0b0000000013018d15,广东省,戒烟,中性,评论观点类
2025010176,🌙戒烟失眠数绵羊？睡前安抚神器安利给你,"title: 🌙戒烟失眠数绵羊？睡前安抚神器安利给你 summary: 戒烟失眠数绵羊？️#水果味香烟#口腔喷雾器是电子烟吗#lil#黄鹤楼冰咖啡烟多少钱一包#替烟棒#戒烟神器#新品种草#健康好物#送礼推荐. ocr: 吸烟有害健康,选择替烟棒,开启无烟生活NIAIIN专利成分:芳香剂中草药提取物始终坚持使用中草药为主要原料,对人体无危害远志薄荷圣约翰草藿香菖蒲桉树油戒烟,从选择替烟棒开始安全无焦油,口感更自然,轻松摆脱烟瘾困扰 content: 白天还好，晚上戒烟的那种心慌、失眠谁懂？翻来覆去睡不着！🌚 睡前用替烟棒替代那根“安神烟”，进行一个简单的“仪式”。淡淡的香气能放松神经，缓解睡前焦虑，帮助身体平稳进入睡眠状态。终于不用再数到一万只绵羊了！🛏️ #水果味香烟 #口腔喷雾器是电子烟吗 #lil #黄鹤楼冰咖啡烟多少钱一包 #替烟棒 #戒烟神器 #新品种草 #健康好物 #送礼推荐",小红书,梦中情郎,2025-09-23 09:51:07,http://www.xiaohongshu.com/discovery/item/68d1fd0b000000001300f9fb,广东省,戒烟,中性,评论观点类
2025010166,🚭戒烟焦躁？这根“情绪稳定棒”救我命！,title: 🚭戒烟焦躁？这根“情绪稳定棒”救我命！ summary: 戒烟的第三天，整个人像个炸药包！不再是那个一点就炸的戒烟火药桶了～#替烟棒#水果味香烟#口腔喷雾器是电子烟吗#lil#黄鹤楼冰咖啡烟多少钱一包#戒烟神器#替烟棒推荐#健康好物#送礼好物#戒烟方法。 ocr: 72小时依旧清凉如初替烟不伤害戒烟更轻松选择替烟棒拥抱清新空气科学替烟健康生活无焦油、无尼古丁多种口味选择HINCGIOoe健棒样烟使棒贝烟子沱尼无学无抽棒选执多康古学烟 content: 戒烟的第三天，整个人像个炸药包！一点就着，对同事家人都没耐心…🤯 还好闺蜜塞给我这个替烟棒！焦躁难忍时拿出来吸两口，熟悉的握感和烟雾能瞬间抚平内心的毛躁，尼古丁摄入量还大大降低了！不再是那个一点就炸的“戒烟火药桶”了～🔥 #替烟棒 #水果味香烟 #口腔喷雾器是电子烟吗 #lil #黄鹤楼冰咖啡烟多少钱一包 #戒烟神器 #替烟棒推荐 #健康好物 #送礼好物 #戒烟方法,小红书,梦中情郎,2025-09-23 09:51:07,http://www.xiaohongshu.com/discovery/item/68d1fd0b000000000702ab20,广东省,戒烟,中性,评论观点类
2025010118,吸烟就是吸毒，吸烟就是吸毒，反复默念#戒烟 #戒烟方法 #威立戒 #烟民出路,title: 吸烟就是吸毒，吸烟就是吸毒，反复默念#戒烟 #戒烟方法 #威立戒 #烟民出路 summary: 吸烟就是吸毒，吸烟就是吸毒，反复默念#戒烟#戒烟方法#威立戒#烟民出路吸烟就是吸毒，吸烟就是吸毒，反复默念#戒烟#戒烟方法#威立戒#烟民出路。 ocr: 威立戒戒烟第七天今天是吃威立戒的第七天 威立戒戒烟第七天威立戒戒烟第七天 content: 吸烟就是吸毒，吸烟就是吸毒，反复默念#戒烟#戒烟方法#威立戒#烟民出路,小红书,我家猪最胖,2025-09-23 09:46:33,http://www.xiaohongshu.com/discovery/item/68d1fbf90000000012030fc7,山东省,戒烟,中性,评论观点类
2025010125,戒烟第112天,title: 戒烟第112天 summary: 戒烟第112天戒烟第112天 ocr: 戒烟第112天TuesdayText Note content: 戒烟第112天,小红书,Wizards,2025-09-23 09:34:48,http://www.xiaohongshu.com/discovery/item/68d1f9380000000012017e63,海南省,戒烟,中性,评论观点类
2025010128,#戒烟 #烟 #吸烟有害身体健康 #香烟到头终是灰 #健康不是第一是唯一 #一个,title: #戒烟 #烟 #吸烟有害身体健康 #香烟到头终是灰 #健康不是第一是唯一 #一个 summary: #戒烟#烟#吸烟有害身体健康#香烟到头终是灰#健康不是第一是唯一#一个#戒烟#烟#吸烟有害身体健康#香烟到头终是灰#健康不是第一是唯一#一个男人如果不抽烟不喝酒#没有什么比健康来的重要#经历. ocr: 戒烟是人生最重要的决定之戒烟是人生最棒的一个决定戒烟烧去的不是烟草而是健康 戒烟是人生最重要的决定≥戒烟是人生最重要的决定≥ content: #戒烟 #烟 #吸烟有害身体健康 #香烟到头终是灰 #健康不是第一是唯一 #一个男人如果不抽烟不喝酒 #没有什么比健康来的重要 #经历过的人都懂 #只有经历了才会懂 #生活需要分享欲,小红书,专业戒烟 轻松戒烟,2025-09-23 09:24:38,http://www.xiaohongshu.com/discovery/item/68d1f6d6000000000b03d742,辽宁省,戒烟,中性,评论观点类
2025010111,住院第五天，也赶上了蛇年骨折，继续打卡吧戒烟 戒烟吧 戒烟打卡 戒烟方法 戒烟小,title: 住院第五天，也赶上了蛇年骨折，继续打卡吧戒烟 戒烟吧 戒烟打卡 戒烟方法 戒烟小 summary: 住院第五天，也赶上了蛇年骨折，继续打卡吧戒烟戒烟吧戒烟打卡戒烟方法戒烟小住院第五天，也赶上了蛇年骨折，继续打卡吧#戒烟[话题]##戒烟吧[话题]##戒烟打卡[话题]##戒烟方法[话题]##戒烟小妙招[话题]#。 ocr: 183断崖式戒烟天住院了兄弟们 content: 住院第五天，也赶上了蛇年骨折，继续打卡吧#戒烟[话题]# #戒烟吧[话题]# #戒烟打卡[话题]# #戒烟方法[话题]# #戒烟小妙招[话题]#,小红书,戒烟存钱买A6,2025-09-23 09:24:04,http://www.xiaohongshu.com/discovery/item/68d1f6b4000000001201f5dc,山东省,戒烟,中性,评论观点类
2025010134,戒烟🚬第50天的感受😖人在医院的时候,title: 戒烟🚬第50天的感受😖人在医院的时候 summary: 戒烟第50天的感受人在医院的时候戒烟第50天的感受人在医院的时候 ocr: 戒烟第50天的感受人在医院的时候今天是我戒烟的第五十天 戒烟第50天的感受人在医院的时候戒烟第50天的感受人在医院的时候 content: 戒烟🚬第50天的感受😖人在医院的时候,小红书,王玉虎,2025-09-23 09:02:50,http://www.xiaohongshu.com/discovery/item/68d1f1ba000000000e02024d,江苏省,戒烟,中性,评论观点类
2025010147,今天起，戒烟就满两周了,title: 今天起，戒烟就满两周了 summary: 今天起，戒烟就满两周了把家里、办公室的烟、打火机、烟灰缸全部清理干净，眼不见心不烦。辅助戒烟，戒烟会有戒断反应，单靠意志力很难坚持！#戒烟#戒烟药#威立戒#酒石酸伐尼克兰片#如何戒烟#科学戒烟#怎么戒烟#正确戒烟#戒烟好处#禁烟. ocr: 带常过德清首烟本公司提示吸烟有害健康请勿在禁烟场所吸烟明天一清单你也生病威立戒VIVAQUIT国药准字H20223758一三找到酒石酸伐尼克兰片西的手说VARENICLINE TARTRATE TABLETS天一夜皱到什么国们怎么本品适用于成人戒烟再过几个维持装1.0mgx28片山东威智百科药业有限公司Z00 content: 把家里、办公室的烟、打火机、烟灰缸全部清理干净，眼不见心不烦。 想抽烟时，立刻喝一杯冰水，用清凉感转移对烟的渴望。 制定戒烟打卡表，每天完成后画勾，用成就感激励自己。 替换吸烟习惯，比如以前饭后抽烟，现在饭后去散步10分钟。 辅助戒烟，戒烟会有戒断反应，单靠意志力很难坚持！酒石酸伐尼克兰片可以阻断尼古丁与受体结合，降低吸烟的愉悦感，同时代替尼古丁和受体结合。 #戒烟#戒烟药#威立戒#酒石酸伐尼克兰片#如何戒烟#科学戒烟#怎么戒烟#正确戒烟#戒烟好处#禁烟,小红书,0175号,2025-09-23 09:02:39,http://www.xiaohongshu.com/discovery/item/68d1f1af0000000012015e0e,辽宁省,戒烟,中性,评论观点类
2025010135,戒烟小技巧！小窍门！,"title: 戒烟小技巧！小窍门！ summary: 小妙招来喽#戒烟。 ocr: 戒烟小技巧!小窍门!一,下决心克服戒烟最难熬的前5天出现的间断症状。二,两餐之间喝6~8杯水,促进尼古丁排出体外。三,每天洗温水浴,忍不住烟瘾时可以立即洗澡。四,戒烟期间要保持充分的休息,生活要有规律,杜绝熬夜。饭后到户外散散步,做深呼吸15~30分钟五,不喝刺激性的饮料,改喝牛奶,新鲜果汁和谷类饮料,要尽量避免吃家禽类的食物,油炸食物,糖果和甜点。六多吃富含b族维生素的食物有助于安神。减少尼古丁的影响。戒烟小技巧小窍门戒烟小技巧小窍i content: 小妙招来喽#戒烟",小红书,戒烟大师,2025-09-23 08:52:10,http://www.xiaohongshu.com/discovery/item/68d1ef3a000000001302b634,北京市,戒烟,中性,报道事实类
2025010159,戒烟第32天，胃口太好了，就是这几天5点来钟就醒了。。。,"title: 戒烟第32天，胃口太好了，就是这几天5点来钟就醒了。。。 summary: 戒烟第32天，胃口太好了，就是这几天5点来钟就醒了。 ocr: Notes戒烟第32天,胃口太好了,就是这几天5点来钟就醒了。。。 content: 戒烟第32天，胃口太好了，就是这几天5点来钟就醒了。。。",小红书,朝露待日晞,2025-09-23 08:50:15,http://www.xiaohongshu.com/discovery/item/68d1eec7000000001300fb5f,山东省,戒烟,中性,评论观点类
2025010129,戒烟戒酒 第八天,title: 戒烟戒酒 第八天 summary: 戒烟戒酒 第八天戒烟戒酒 第八天 ocr: 戒烟戒酒第八天 content: 戒烟戒酒 第八天,小红书,您拨打的电话不在服务区,2025-09-23 08:45:33,http://www.xiaohongshu.com/discovery/item/68d1edad000000001003ca83,四川省,戒烟,中性,报道事实类
2025010132,戒烟1,title: 戒烟1 summary: 戒烟1戒烟1 ocr: 戒烟翻唱:森友7055440003我得到了惩罚戒了烟我不习惯toveislove没有你我怎么办三年零一个礼拜0:03-0:35倍速 戒烟翻唱:森友7055440003我得到了惩罚戒了烟我不习惯love is love没有你我怎么办三年零一个礼拜0:00●-0:35倍速戒烟翻唱:森友7055440003我得到了惩罚戒了烟我不习惯love is love没有你我怎么办三年零一个礼拜0:00●-0:35倍速 content: 戒烟1,小红书,泪别.,2025-09-23 08:39:35,http://www.xiaohongshu.com/discovery/item/68d1ec47000000000e022e19,河南省,戒烟,中性,评论观点类
2025010144,#戒烟 #健康,title: #戒烟 #健康 summary: #戒烟 #健康#戒烟 #健康 ocr: 8.OM伽格 Aa.OM231RO1230 ba.on231R08830 208Aa.OM831R08830 content: #戒烟 #健康,小红书,一起戒烟一起健康,2025-09-23 08:20:49,http://www.xiaohongshu.com/discovery/item/68d1e7e1000000001300ae64,江苏省,戒烟,中性,报道事实类
2025010114,戒烟25天,title: 戒烟25天 summary: 戒烟25天戒烟25天 ocr: 66戒烟25天66戒烟25天 content: 戒烟25天,小红书,🌙,2025-09-23 08:19:51,http://www.xiaohongshu.com/discovery/item/68d1e7a70000000012030349,山西省,戒烟,中性,评论观点类
2025010174,把烟戒了，生活更美好#戒烟 #健康比什么都重要,title: 把烟戒了，生活更美好#戒烟 #健康比什么都重要 summary: 把烟戒了，生活更美好#戒烟 #健康比什么都重要把烟戒了，生活更美好#戒烟 #健康比什么都重要 ocr: 戒烟吧一天的烟钱是孩子3天的早餐给了孩子那叫爱一周的烟钱给父母买点肉陪爸妈吃顿饺子那叫孝三年的烟钱给老婆买个首饰那叫宠买了烟化成了灰没有一个人会说你好如果说我们抽出了毛病陪我们的还是家人你可别指望着烟草公司会派人去看你啊所以为了自己为了家人把烟戒了吧 戒烟吧一天的烟钱是孩子3天的早餐给了孩子那叫爱周的烟钱给父母买点肉陪爸妈吃顿饺子那叫孝一年的烟钱给老婆买个首饰那叫宠买了烟化成了灰没有一个人会说你好如果说我们抽出了毛病陪我们的还是家人你可别指望着烟草公司会派人去看你啊所以为了自己为了家人把烟戒了吧戒烟吧一天的烟钱是孩子3天的早餐给了孩子那叫爱周的烟钱给父母买点肉陪爸妈吃顿饺子那叫孝一年的烟钱给老婆买个首饰那叫宠买了烟化成了灰没有一个人会说你好如果说我们抽出了毛病陪我们的还是家人你可别指望着烟草公司会派人去看你啊所以为了自己为了家人把烟戒了吧 content: 把烟戒了，生活更美好#戒烟 #健康比什么都重要,小红书,戒烟指导~丁姐,2025-09-23 08:18:47,http://www.xiaohongshu.com/discovery/item/68d1e767000000001201c04c,山东省,戒烟,中性,评论观点类
202501016,戒烟戒烟戒烟，加油加油加油，冲冲冲！,"title: 戒烟戒烟戒烟，加油加油加油，冲冲冲！ summary: 戒烟戒烟戒烟，加油加油加油，冲冲冲！ ocr: 戒烟戒烟戒烟,加油加油加油,冲冲冲! content: 戒烟戒烟戒烟，加油加油加油，冲冲冲！",小红书,3梯704,2025-09-23 08:17:26,http://www.xiaohongshu.com/discovery/item/68d1e716000000001203f05d,广东省,戒烟戒烟戒烟,中性,评论观点类
202501017,男人必须戒烟，三个原因,title: 男人必须戒烟，三个原因 summary: 男人必须戒烟，三个原因#戒烟#吸烟有害健康#大实话#传递正能量#科普#涨知识#口播短视频 ocr: 男人必须戒烟三个原因男人必须戒烟 原因有三个 一是费 男人必须戒烟三个原因男人必须戒烟 content: #戒烟#吸烟有害健康#大实话#传递正能量#科普#涨知识#口播短视频,小红书,lyf焱芳暖心向阳,2025-09-23 08:13:30,http://www.xiaohongshu.com/discovery/item/68d1e62a000000001202e60e,内蒙古自治区,戒烟,中性,评论观点类
2025010145,纯毅力断崖式戒烟到第173天了，这一路真像在打一场硬仗！,"title: 纯毅力断崖式戒烟到第173天了，这一路真像在打一场硬仗！ summary: 纯毅力断崖式戒烟到第173天了，这一路真像在打一场硬仗！断崖式戒烟就是直接彻底停掉，对意志力要求极高。一开始那叫一个煎熬，焦虑、注意力不集中都来了，就像有只小虫子在心里挠。之后还得继续避开高风险场景，巩固成果，坚决不复吸！ ocr: 靠忍戒烟超过一个月的都是牛人当代社会几大狼人说戒烟,就戒烟绝对不会再抽一根头条@吹过旷野的风从现在开始我戒烟伊洛淙淙新的起点戒烟计划 content: 纯毅力断崖式戒烟到第173天了，这一路真像在打一场硬仗！断崖式戒烟就是直接彻底停掉，对意志力要求极高。一开始那叫一个煎熬，焦虑、注意力不集中都来了，就像有只小虫子在心里挠。我就靠散步、嚼口香糖分散注意力。 清理掉所有烟草相关物品后，诱惑少了很多。现在已经过了小半年，感觉身体好多了，呼吸都顺畅了。这就像一场持久战，一天一天熬过来，每多坚持一天都是胜利。之后还得继续避开高风险场景，巩固成果，坚决不复吸！",微头条,爆米花9795,2025-09-23 07:31:40,http://www.toutiao.com/w/i1844008871686152/,未知,戒烟,正面,评论观点类
2025010123,戒烟第253天。,title: 戒烟第253天。 summary: 戒烟第253天。戒烟第253天。 ocr: 戒烟第253天。 content: 戒烟第253天。,小红书,太阳,2025-09-23 07:27:04,http://www.xiaohongshu.com/discovery/item/68d1db48000000000e0206de,江苏省,戒烟,中性,评论观点类
2025010183,已经戒烟五次了，从11年心脏支架戒烟开始，不是戒烟就是在戒烟的路上。,title: 已经戒烟五次了，从11年心脏支架戒烟开始，不是戒烟就是在戒烟的路上。 summary: 已经戒烟五次了，从11年心脏支架戒烟开始，不是戒烟就是在戒烟的路上。 content: 已经戒烟五次了，从11年心脏支架戒烟开始，不是戒烟就是在戒烟的路上。最长的时间戒了五年多，最后又复吸。这次从今年五月份开始戒烟，不知能戒多久，对此都没信心了。,微头条,北方杂货铺,2025-09-23 07:18:04,http://www.toutiao.com/w/i1844008016454668/,未知,戒烟,负面,评论观点类
2025010141,教你一个方法，3-7 天轻松戒烟不复吸,title: 教你一个方法，3-7 天轻松戒烟不复吸 summary: 教你一个方法，3-7 天轻松戒烟不复吸#戒烟方法如何戒烟 #健康生活倡导者 #吸烟有害身体健康 ocr: 能成功戒烟的一定是狠人一个连烟都戒不掉的人呢 content: #戒烟方法如何戒烟 #健康生活倡导者 #吸烟有害身体健康,小红书,小雨聊戒烟💯,2025-09-23 07:15:21,http://www.xiaohongshu.com/discovery/item/68d1d889000000001300927b,吉林省,戒烟,中性,评论观点类
2025010170,戒烟和血糖是有关系的。,title: 戒烟和血糖是有关系的。 content: 戒烟和血糖是有关系的。戒烟后血糖可能会升高，这是戒烟过程中的应激反应。戒烟时，肾上腺素、甲状腺激素和生长激素分泌增加，会拮抗胰岛素作用，短期内造成血糖升高。不过这通常是暂时的，等身体适应无烟状态，应激反应减弱，激素水平平稳后，血糖一般会恢复正常。 但从另一个角度看，吸烟本身会导致血糖升高。它会损害胰岛素信号传递等多个环节，引起胰岛素抵抗，还会让交感神经系统活性增加，释放升血糖激素。所以戒烟后，血糖也会有一定程度下降。戒烟时最好循序渐进，结合运动和健康饮食稳定血糖，若血糖持续异常要及时咨询医生。,微头条,闪烁的夜空55930188,2025-09-23 06:28:34,http://www.toutiao.com/w/i1843963137348616/,四川省,戒烟,中性,报道事实类
2025010165,纪念一下，戒烟一年了#人生的意义 #每天都有值得记录的瞬间 #美好生活的记录者,title: 纪念一下，戒烟一年了#人生的意义 #每天都有值得记录的瞬间 #美好生活的记录者 summary: 纪念一下，戒烟一年了#人生的意义#每天都有值得记录的瞬间#美好生活的记录者纪念一下，戒烟一年了#人生的意义#每天都有值得记录的瞬间#美好生活的记录者#分享我的日常。 ocr: 纪念一下戒烟一年了 content: 纪念一下，戒烟一年了#人生的意义 #每天都有值得记录的瞬间 #美好生活的记录者 #分享我的日常,小红书,偶尔躲躲乌云,2025-09-23 06:26:47,http://www.xiaohongshu.com/discovery/item/68d1cd27000000000e023553,天津市,戒烟,中性,评论观点类
2025010158,戒烟的惊人效果！研究发现：戒烟9年以上，死亡率接近从未吸烟者,title: 戒烟的惊人效果！研究发现：戒烟9年以上，死亡率接近从未吸烟者 content: 一个人一旦开始抽烟，似乎就像掉进了一个无底洞，想爬出来，难。可问题是，越早爬出来，结果真的会让人惊掉下巴。很多人以为，只要抽过烟，身体就“毁”了，戒也没用。其实，这个认知完全错了。 最新的研究已经明确告诉我们：如果能咬牙坚持不抽烟超过9年，死亡风险会大大降低，甚至和那些从来没碰过烟的人，差别不大。这不是说说而已，而是实打实的数据支持。 这背后到底是身体发生了什么变化？为什么9年这个数字这么关键？我们慢慢拆开来聊。 吸烟对身体的影响，不是线性的。并不是说吸一年，损伤一点，吸十年，损伤十点。很多损害是“积累+爆发”型的。尤其是对心血管、肺部和免疫系统的伤害，当某个阈值被突破，问题就接踵而来。 但好消息是，身体也有自我修复的能力。只要你给它时间，它真的会“慢慢重新上线”。比如，戒烟一年内，心脏病的风险就能下降一半。肺功能的修复虽然慢，但在戒烟第5年开始，也会有明显回升。 而关键的第9年，是一个分水岭。根据国外多项大型流行病学研究显示，戒烟9年以上的人群，其全因死亡率、肺癌死亡率、心脑血管疾病死亡率等多项指标，已经非常接近从未吸烟者。 最让研究者感到震惊的是：哪怕是吸了二三十年烟的人，只要他们彻底戒烟超过9年，这种“逆转”仍然有效。什么概念？就是身体虽然走了弯路，但它记得怎么回家。 很多人以为，吸烟主要伤肺，其实这是个误区。烟草中的化学毒素对血管内皮细胞的破坏，是导致心梗、脑梗的元凶。而这些细胞的更新周期，大概就是7到10年。所以你能坚持到第9年，身体就有机会“重刷系统”。 这就像家里换水管一样，旧管子锈迹斑斑，换掉之后，还得等新管子稳定运行。戒烟9年，等于给身体装了套新系统。 更令人意外的是，免疫力也会在这期间明显改善。研究发现，长期吸烟者体内的某些免疫细胞呈现“迟钝”状态，导致他们面对病毒、细菌时反应慢、效率低。而戒烟后，这些细胞的活性会逐年回升，到第9年，基本接近正常。 从癌症的角度看，戒烟9年后，肺癌的死亡风险下降了50%以上。虽然无法回到完全“没抽过”的状态，但已经足以大大改变命运。这个数字不是互联网爽文里随便编的，是实打实的临床追踪结论。 更妙的是，全身炎症反应也会随着戒烟逐年降低。吸烟者体内的C反应蛋白、白细胞计数等指标普遍偏高，是慢性炎症的表现。而慢性炎症，几乎是所有慢性病的根基：糖尿病、高血压、动脉硬化、甚至阿尔茨海默症。 所以戒烟不仅是“戒掉一个习惯”，而是从根本上拔掉身体的“隐形炸弹”。 当然，这一切前提是：必须彻底戒断。偶尔来一根、偶尔抽几口，这种“戒烟式抽烟”，根本不算真正戒断。反而让身体一直处于“想戒又没戒”的冲突状态，伤害更深。 有人说，这9年太难熬了。其实不是。最难的是前6个月。如果能挺过前三个月的“戒断反应”，后面的路会轻松很多。大脑的尼古丁受体逐渐减少，生理依赖自然会减轻。 这时候，你会发现，味觉变敏感了，呼吸变顺畅了，运动耐力也上来了。最重要的是，心里那种“被掌控”的感觉，慢慢消失了。 也别小看这些改变。一个人从“被动服毒”到“主动掌控”，这是一种非常大的心理转变。很多人戒烟成功后，连其他生活习惯也一起变好了，比如开始运动、吃得更健康、睡得更踏实。 更真实的是：很多慢性病患者在戒烟9年后，发现自己原本吃的降压药、降糖药的剂量都能逐步减少，甚至有些指标恢复正常。不是药起了神效，而是烟草的“反向毒性”被拿掉了。 当然，这一切都得靠自己坚持。没人能替你戒烟，也没人能替你享受戒烟之后的“红利”。 有人会问：如果我已经吸了三十年，现在开始戒，还来得及吗？答案是：只要你还活着，就永远来得及。不要因为过去的伤害，就放弃未来的可能。 医疗的进步解决不了所有问题，但人的选择可以。戒烟，不是为了不生病，而是为了给自己一个“重新开始”的机会。 所以，不要被那些“伤害已经造成了，再怎么也回不去了”这种话吓到。科学早就打了这些话的脸。只要你现在做出改变，未来的你会感谢今天的决定。 还有人担心，戒烟会不会变胖、会不会情绪失控。这些问题确实存在，但都可以通过饮食调控、运动、心理辅导慢慢解决。最重要的是，要知道这些都是暂时的副作用，但吸烟的危害却是长期且致命的。 身体不是冰箱，不是你关了几天电再打开还能保持新鲜。但身体也不是一次性用品，它有惊人的修复力，只要你别再“往火里加油”。 每一次想点烟时，不妨想一想：你是在用自己的未来，换几分钟的“放松”。这个交易，真的值吗？ 最可怕的不是吸烟，而是你以为戒烟没用了。其实，只要你动手的那一刻开始，未来就已经在悄悄地变好。 戒烟9年，不是一个遥不可及的梦，而是一个用行动可以到达的地方。到了那个时候，你会发现，活得更轻松，病少了，人也顺了。 如果你现在正在犹豫、挣扎，那就给自己一个“期限”。9年听起来很长，但过起来，其实就是一转眼的事。 而那一转眼，可能就是你人生最重要的转折点。,头条号,小方82050,2025-09-23 06:25:00,http://www.toutiao.com/w/i7552726779102822952/,未知,戒烟,中性,报道事实类
2025010113,戒烟方法,"title: 戒烟方法 summary: 戒烟方法#戒烟吧 #科学戒烟 #戒烟方法 ocr: 三支烟必须戒第一,早上不起床,抽一支第二,饭后刚刚放下筷子抽一支第三,晚上睡前必须抽一支有这三个习惯的人必须戒烟了,否则麻烦找上你想戒烟,说一声教你一招七天告别 第一,早上不起床,,早上不起床, 三支烟必须戒第一,早上不起床,抽一支第二,饭后刚刚放下筷子抽一支第三,晚上睡前必须抽一支有这三个习惯的人必须戒烟了,否则麻烦找上你想戒烟,说一声 content: #戒烟吧 #科学戒烟 #戒烟方法",小红书,小高保戒烟,2025-09-23 06:16:29,http://www.xiaohongshu.com/discovery/item/68d1cabd000000001201d715,辽宁省,戒烟,中性,评论观点类
2025010172,万万没想到，戒烟真正的高峰期，竟在停抽后第3天！,title: 万万没想到，戒烟真正的高峰期，竟在停抽后第3天！ content: 我抽烟15年，戒烟5年9个月。 戒烟是真的难。没抽过烟的人，可能觉得这事轻飘飘的。 “不就是不抽了吗？有那么难？” 但只要你抽过，就知道这是上瘾。一旦上瘾，戒掉哪有那么容易？ 特别是烟龄长的人。吸烟已经成了生活的一部分。 你说怎么戒？ 说难，也不是戒不掉。但这个难度，真没被夸大。 对没尼古丁成瘾的人来说，这种难就像问“跑马拉松难吗”。 没练过的人，当然觉得难如登天。 戒烟的难，是多重因素叠加的。 首先是生理层面。尼古丁是高度成瘾物质。一停抽，身体马上有反应。几小时内就开始，两三天最难受。 你会特别想抽烟，焦虑、烦躁、情绪差。注意力不集中，坐立不安，睡不好。食欲还可能变好，体重上涨。咳嗽、口干也常见。 这些都不是意志力差，是真实存在的戒断反应。这是第一道大关。 第二是心理和行为的依赖。吸烟不光是生理需求，它成了仪式、成了情感依赖。 饭后一支烟、上班休息来一支、压力大抽一支、喝酒必须配烟……这些场景和情绪，都变成触发点。 就算戒了烟，刚开始手还会不自觉地想夹支烟。心理这关，需要重新学习没有烟的情绪处理方式。 对老烟民来说，抽烟甚至成了自我身份的一部分。 戒烟，有点像告别过去的自己。 还有环境的考验。现在买烟太方便了，便利店到处是。这也在不断考验戒烟的人。 为什么有人觉得难度被夸大？ 一种是不吸烟的人。他们体会不到戒断的痛苦。从外面看，戒烟好像只是个“不把烟放进嘴里”的动作。 另一种是轻松戒烟成功的人。有人靠意志力一次就戒掉了。他们确实厉害，但可能是烟瘾较轻或习惯不深。 他们的成功故事，有时会弱化戒烟的普遍难度。让失败的人更挫败，觉得是自己不行。 所以我觉得，戒烟确实难。但它是可以戒掉的。 难在两方面：生理依赖和心理习惯。认识到难度，不代表战胜不了。正因为难，才有各种戒烟方法。 如果你想戒烟，别光靠意志力硬扛。把它当成需要策略的大事。 可以试试替代法，比如口香糖。多运动，跑跑步。让工作忙起来，别闲着。人一闲，就容易想抽烟。 最后想说，戒烟的难度绝对没被夸大。它确实是成瘾物质里最难戒的之一。 但那么多人成功，也说明通过正确方法，完全可以做到。 如果你正在戒烟，对自己宽容点。你正在做一件非常难，但特别了不起的事。 你要为此自豪。心甘情愿去戒，成功率才会高。 大家觉得呢？戒烟真的很难吗？还是被夸大了？评论区聊聊你的看法。 内容为（尘客随笔）原创 | 图片为AI制作 本人已申请（首发全网维权），请勿抄袭！创作不易，望理解。 【免责声明】：文章描述过程、图片都来源于网络，此文章旨在倡导社会正能量，无低俗等不良引导。如涉及版权或者人物侵权问题，请及时联系我们，我们将第一时间删除内容！如有事件存疑部分，联系后即刻删除或作出更改。 #戒烟体会#​ #戒烟真的很难吗还是夸大了#​ #戒烟#​,头条号,尘客随笔,2025-09-23 05:47:22,http://www.toutiao.com/w/i7552872545054229007/,上海市,戒烟,中性,评论观点类
2025010177,戒烟心得#戒烟体会#,title: 戒烟心得#戒烟体会# summary: 戒烟心得#戒烟体会##戒烟#今年是我戒烟的第六个年头了吧，身边总是有人说能戒了烟的人，都是心狠之人。这大概是戒不了的人，给自己找的说词吧，其实戒烟后复吸的概率也很高。据统计戒烟后的复吸概率在60%-90%之间，而首次戒烟75%会在3月内复吸，多数戒烟者需要经历5-7次戒烟才能成功。 content: 戒烟心得#戒烟体会# #戒烟# 今年是我戒烟的第六个年头了吧，身边总是有人说“能戒了烟的人，都是心狠之人”。这大概是戒不了的人，给自己找的说词吧，其实戒烟后复吸的概率也很高。据统计戒烟后的复吸概率在60%-90%之间，而首次戒烟75%会在3月内复吸，多数戒烟者需要经历5-7次戒烟才能成功。个人感觉主要取决于个人意志，我不是戒烟成功者，我只是坚持不吸而已。,微头条,运河淡淡风,2025-09-23 05:25:14,http://www.toutiao.com/w/i1844000917316746/,山东省,戒烟,中性,评论观点类
2025010185,戒烟戒烟#分享城市新鲜事#,title: 戒烟戒烟#分享城市新鲜事# summary: 戒烟第二十六天。 content: 戒烟戒烟#分享城市新鲜事# 戒烟第二十六天,微头条,幸运蜻蜓5AA,2025-09-23 04:35:21,http://www.toutiao.com/w/i1843997779434496/,未知,戒烟、戒烟戒烟,中性,评论观点类
2025010130,戒烟第一天打卡1,title: 戒烟第一天打卡1 summary: 戒烟第一天打卡1戒烟第一天打卡1 ocr: 戒烟第一天打卡1 content: 戒烟第一天打卡1,小红书,我一定会把烟戒掉,2025-09-23 04:09:01,http://www.xiaohongshu.com/discovery/item/68d1acdd000000000b01171d,陕西省,戒烟,中性,评论观点类
2025010182,你们老公都是怎么戒烟的？一天一包半看着他抽烟我就很烦。#已婚男人 #男人的小心思,title: 你们老公都是怎么戒烟的？一天一包半看着他抽烟我就很烦。#已婚男人 #男人的小心思 summary: 你们老公都是怎么戒烟的？#已婚男人#男人的小心思爱喝饮料，身高1米66，体重166斤。 ocr: 你们老公都是怎么戒烟的?一天一包半看着他抽烟我就很烦。 content: 你们老公都是怎么戒烟的？一天一包半看着他抽烟我就很烦。#已婚男人 #男人的小心思 爱喝饮料，身高1米66，体重166斤。,小红书,云咖咔,2025-09-23 03:05:19,http://www.xiaohongshu.com/discovery/item/68d19def000000000e030b6d,广东省,戒烟,负面,评论观点类
2025010167,戒烟日记,"title: 戒烟日记 summary: 所有的打火机被扔进了垃圾桶，烟灰缸洗干净也别扔了，一个可以放墨水练习毛笔字，另外两个我觉得可以养点多肉植物赏心悦目。 ocr: 今天是2025年9月22日,抽了40年香烟今天我戒烟了。所有的打火机被扔进了垃圾桶,烟灰缸洗干净也别扔了,一个可以放墨水练习毛笔字,另外两个我觉得可以养点多肉植物赏心悦目。 content: 今天是2025年9月22日，抽了40年香烟今天我戒烟了。 所有的打火机被扔进了垃圾桶，烟灰缸洗干净也别扔了，一个可以放墨水练习毛笔字，另外两个我觉得可以养点多肉植物赏心悦目。",小红书,六六〇六,2025-09-23 00:54:45,http://www.xiaohongshu.com/discovery/item/68d17f55000000000702a31e,安徽省,戒烟,中性,评论观点类
2025010115,《戒烟》#原创,title: 《戒烟》#原创 summary: 《戒烟》#原创《戒烟》#原创 ocr: 淮我我得到了惩罚颖公戒烟>李荣浩 我我得到了惩罚颖《戒烟>李荣浩 content: 《戒烟》#原创,小红书,淮.,2025-09-23 00:40:15,http://www.xiaohongshu.com/discovery/item/68d17bef0000000007029a03,未知,戒烟,中性,评论观点类
2025010146,现在一听到戒烟就想起电梯里那小子😂,"title: 现在一听到戒烟就想起电梯里那小子😂 summary: #手机摄影#吸烟有害身体健康#李荣浩#戒烟#李荣浩合肥#李荣浩黑马#李荣浩戒烟. ocr: 完了,现在一听到戒烟戒了烟我不习惯就想到电梯里那小子…戒了烟我不习惯戒了烟我不习惯完了,现在一听到戒烟戒了烟我不习惯就想到电梯里那小子…戒了烟我不习惯戒了烟我不习惯 content: 📍合肥体育中心体育场 ⭐️25.09.20 📷shot on vivo X200s #手机摄影 #吸烟有害身体健康 #李荣浩 #戒烟 #李荣浩合肥 #李荣浩黑马 #李荣浩戒烟",小红书,陆陆陆,2025-09-23 00:20:46,http://www.xiaohongshu.com/discovery/item/68d1775e0000000013018068,浙江省,戒烟,中性,评论观点类
2025010152,【减重23斤重现“S”曲线，血压正常，失眠好，成功戒烟】青玄135家园满月聚会纪实,"title: 【减重23斤重现“S”曲线，血压正常，失眠好，成功戒烟】青玄135家园满月聚会纪实 summary: 减重23斤重现S曲线，血压正常，失眠好，成功戒烟青玄135家园满月聚会纪实.诗睿学长：20岁的诗睿同修，辟谷后睡眠变好了，跟妈妈约定每周一辟谷，周二回谷，精神状态越来越好。贤宁学长：幽默风趣、美丽大方的贤宁同修为我们带来了无尽欢乐，自己以素为主，口味清淡，辟谷后身材紧致，深刻理解到辟谷最高境界是辟心。 content: 青玄辟谷 正本清源 福寿康宁 乐修九九 ""; ""; 華元４７２２年七月三十，喜贺青玄135家园弥月吉祥！家人们从上海、广州、香港、澳门、江门、东莞、深圳等地齐聚一堂。 家人们蜕变的喜悦与成长的感悟，一段段精彩分享，谱写着生命绽放的华章： 结兰同修辟谷14天、回谷14天，减重23斤，身形重现昔日“S”曲线，穿上美丽旗袍自信满满； 健菊同修曾靠安眠药入睡，辟谷停药后一个多月，每天一觉深睡到天亮； 郭娟同修135期辟谷后又参加了香谷，减重23.4斤，妩媚娇羞，优雅自信； 60岁王芒同修特意从上海赶来分享喜悦，辟谷后高血压停药至今，越来越好； 李阳同修辟谷14天，减重25斤，彻底戒烟了，皮肤细腻光滑； 香港小翠同修，把艾灸带回家，全家人感冒、发烧、牙痛，用西药几日不见效，艾灸后很快好转； 水豪班长辟谷14天、回谷14天，减重23斤，感恩能有缘走进青玄，是福气也是缘分； 更多家人的精彩分享详见文中详述…… 独行快，众行远，愿青玄135家园如温暖明灯，照亮家人们身心灵的归途。愿大家持恒精进，福寿康宁，共赴乐修九九之约！ ， 视频丨喜贺青玄135家园 弥月吉祥 ""; 家人签到 ""; ""; ""; ""; ""; 主持人开场 ""; 青玄老师致辞 ""; ""; 同修辟谷分享 ""; 水豪班长： 优秀的水豪班长认真、负责，有担当、有爱心，有幸跟随青玄老师前往肇庆看望老兵，内心非常触动。 辟谷14天，回谷14天，减重23斤，身材挺拔，神采奕奕，懂得控制口欲。 能够有缘一起走进青玄，是福气，是缘分。今天的月聚不是结束，是刚刚开始。 希望大家虎蹲、吉祥方在群里打卡，互相扶持，三个月以后书院再相聚。 视频丨“致敬英雄，情暖老兵” 青玄公益走进肇庆 九一八慰问老兵 ""; ""; 结兰学长： 结兰同修辟谷14天，回谷14天，减重23斤，穿上穿美丽的旗袍，重现“S”形身材，同修们都很惊讶自己的变化，自己感到自豪骄傲。 之前毛孔粗大，现在毛孔非常细腻，面色红润，人生真正的做到了蜕变重生。 ""; 健菊学长： 菊子同修跟大家收获不一样的是减的是“心灵”上的重，自辟谷回去后睡眠非常好，没有吃过一颗安眠药，每天都可以一觉深睡到天亮。 心态也变好了，每天都在用吉祥方、枸杞蛋，坚持运动健身，看到自己状态越来越好，心情也非常好，感恩青玄改变了自己。 从最开始虎蹲2分钟到现在可以虎蹲38分钟，腰间盘问题通过虎蹲解决了。 ""; 郭娟学长： 郭娟同修135期辟谷后又参加了香谷，减重23.4斤，从女汉子到妩媚娇羞，优雅自信； 在制香的过程中心静了很多。 老师说用香的过程减肥速度会加快，自己早中晚都用果然有效。之前在国外待了2年时间，买衣服都不想买， 瘦下来整个人自信了，试衣服都觉得好看， 昨天一下买了20件衣服。 困扰很久的脖子上的肉瘤，135期出谷当天就消失了，学会了掌控欲望。 ""; ""; 李阳学长： 从广州赶来的 李阳同修，辟谷14天，减重25斤，彻底戒烟了！一直认真吃白玉汤，肤色变的越来越好，皮肤细腻光滑，白了两个度。 ""; 翠晶学长： 香港 翠晶同修，起初因为感冒来辟谷，收获远超预期。回去后把咖啡换成吉祥方，水煮蛋变成枸杞蛋，经常吃白玉汤，脾胃也好了。 把艾灸带回家，全家人感冒、发烧，用西药调理几日不见效，艾灸后很快好转。家婆和妈妈去镶牙，牙痛得不得了，听老师的话“哪里痛灸哪里”，用艾灸不到2小时就不痛了。 ""; 其兴同修： 其兴同修感言我们一定要热爱这些对自己有益的功法：服气、虎蹲、大字桩，时刻要保持正知、正念。 看到青玄老师去肇庆做公益，唤醒内在的慈悲，想要提高自己的内在力量，感知到内在的丰盈是我们一生的功课。",微信,青玄书院,2025-09-23 18:10:00,http://mp.weixin.qq.com/s?__biz=MzAxMjkzMTI4MQ==&mid=2247616172&idx=1&sn=95756ec3a27bba5f3104506b093c7397&chksm=9a801b9b2e0484b17c09b9105221881937bbd306adf6481f1862e82940fe1095d01fd68996db#rd,江苏省,戒烟,中性,报道事实类
2025010123,和盛堂制药助推中医药戒烟行业完善标准,title: 和盛堂制药助推中医药戒烟行业完善标准 summary: 9月18日，中国控烟与健康协会在北京举办中医药戒烟创新应用与发展专题研讨会。会议期间，中国控烟与健康协会副会长单位，兰州和盛堂制药股份有限公司董事长夏祥进行专题汇报，分享企业中药制剂福康片在戒烟领域的临床应用效果与推广实践，为科研成果落地转化提供宝贵的产业参考。 content: 9月18日，中国控烟与健康协会在北京举办“中医药戒烟创新应用与发展”专题研讨会。会议期间，中国控烟与健康协会副会长单位，兰州和盛堂制药股份有限公司董事长夏祥进行专题汇报，分享企业中药制剂“福康片”在戒烟领域的临床应用效果与推广实践，为科研成果落地转化提供宝贵的产业参考。 据了解，中国控烟与健康协会正联合产学研用各方力量，积极推动制定符合中医药理论体系、契合临床实际需求、具备国际认可度的技术与服务标准，为中医药戒烟行业高质量发展树立“风向标”与“硬杠杠”。截至目前，协会已收到控烟相关标准立项申请14项，其中中医药戒烟相关团体标准立项申请3项，北京中医药大学联合陕西中医药大学、兰州和盛堂制药股份有限公司、河南尼瑞克科技有限公司分别牵头立项《中医药疗法戒烟实践指南》《中医药戒烟产品助力戒烟工作的临床疗效判定与推广应用指南》《控烟贴/戒烟贴通用技术要求与质量控制规范》。 此次研讨会不仅是中医药戒烟领域的行业盛会，更是响应《健康中国2030规划纲要》、落实中医药传承创新发展战略的具体实践。通过搭建多领域协同对话平台，研讨会进一步凝聚行业共识、整合优势资源、突破关键瓶颈，将有力推动中医药戒烟技术创新、服务升级与标准完善，为降低我国吸烟率、提升国民健康素养提供坚实助力。 来源：兰州新区报,微信,兰州新区政务服务和营商环境局,2025-09-23 17:34:12,http://mp.weixin.qq.com/s?__biz=MzE5ODM4MjQyNw==&mid=2247505263&idx=4&sn=6c47739280d36ef9cb57fdf11310ca98&chksm=97bbf0e99e837d86d8340b566740b658ad7196c648283e96eeed2120156617a7d5518886628a#rd,北京市,戒烟、控烟,中性,报道事实类
2025010136,全民健康生活方式宣传月丨从青春开始的“健康倒计时”？早戒烟，早获益！,"title: 全民健康生活方式宣传月丨从青春开始的“健康倒计时”？早戒烟，早获益！ summary: 全民健康生活方式宣传月丨从青春开始的健康倒计时？早戒烟，早获益！·任何年龄，戒烟都不晚：无论是刚刚开始吸烟的青少年，还是烟龄几十年的老烟枪，只要下定决心戒烟，就能从中获益。 content: "";""; 编者按 每年9月是全民健康生活方式宣传月，今年的活动主题为“培养健康生活方式，筑牢家庭健康基石”。为广泛传播健康理念，普及健康科普知识，树立每个人做自己健康第一责任人的理念，强化家庭和个人健康生活方式指导及干预，近期，特推出全民健康生活方式行动系列宣传，敬请关注。 ""; 一支小小的烟，可能对大家的健康造成严重的威胁，尤其对青少年而言，过早沾染烟瘾，为未来埋下重重隐患。值得庆幸的是，无论何时开启戒烟进程，都意味着生命将迈向健康的全新起点。 ""; 早吸烟，高风险：青春不该背负的“健康债” 研究证实，开始吸烟年龄越小、吸烟量越大、吸烟年限越长，慢性阻塞性肺疾病等多种慢性病的发病风险越高。吸烟严重损害青少年的呼吸系统和心血管系统。不仅如此，烟草中的尼古丁还可能会影响青少年的大脑发育。 对于正处于生长发育黄金期的青少年，吸烟的危害更大： · 呼吸系统“健康透支”：青少年的肺部尚未发育成熟，烟草中的焦油、多环芳烃等有害物质，会直接损伤呼吸道黏膜，降低肺部的防御能力。长期吸烟，不仅会频繁引发咳嗽、咳痰，还会使肺功能受损，让原本健康的肺每况愈下。 · 心血管系统“危机四伏”：青少年的心血管系统还在发育，长期受烟草侵蚀，未来患冠心病、心肌梗死等疾病的概率大幅上升。 · 大脑发育“悄然受损”：尼古丁可能会干扰大脑正常发育，影响注意力、记忆力和学习能力。有研究发现，吸烟的青少年，更容易出现学习障碍、焦虑、抑郁等问题。 ""; 早戒烟，早获益：任何时候都能拥抱健康 吸烟严重危害身体健康，戒烟是健康生活的第一步。 · 短期可见的改变：戒烟20分钟后，心率和血压就会逐渐恢复正常；12小时后，血液中一氧化碳的含量下降至正常水平。 · 长期显著的健康提升：戒烟1年后，冠心病风险降低约50%；戒烟5年后，中风的风险降低至与不吸烟者相近；戒烟10年后，患肺癌的风险降低至吸烟者的一半左右。 ""; · 任何年龄，戒烟都不晚：无论是刚刚开始吸烟的青少年，还是烟龄几十年的“老烟枪”，只要下定决心戒烟，就能从中获益。 吸烟不是成熟的标志，更不是排解压力的良方，它带来的只有健康透支和身体的病痛。而戒烟，永远是最明智的选择。通过“中国戒烟平台”微信小程序获取专业戒烟帮助，能有效提升戒烟成功率。 如果你还没有吸烟，请拒绝第一支烟；如果你已经开始吸烟，别犹豫，立刻行动起来去尝试戒烟！你的身体，比你想象中更渴望健康的拥抱。 ""; 来源：健康中国 责编：昊麟 审核：春晓 本平台投稿邮箱：bjswjjxjk@163.com 版权声明：转载请联系授权并注明来源！ ""; "";",微信,宝鸡卫生健康,2025-09-23 17:32:59,http://mp.weixin.qq.com/s?__biz=MzUxNTU1NzU4NA==&mid=2247784942&idx=4&sn=32b84e99b5aa78d0aa960af174897bba&chksm=f8aa094ace1da766935ae95218846e00a6939a82e4346ad2ee250d8611cce41579af141d494b#rd,未知,戒烟,中性,报道事实类
202501011,健康生活方式，从戒烟开始,"title: 健康生活方式，从戒烟开始 summary: 每年9月是全民健康生活方式宣传月，合理膳食、适量运动、戒烟限酒、心理平衡是健康四大基石，其中戒烟对于预防慢性疾病、提升生命质量意义重大。 content: ""; ""; 健康生活方式 从戒烟开始 ""; 每年9月是全民健康生活方式宣传月，“合理膳食、适量运动、戒烟限酒、心理平衡”是健康四大基石，其中戒烟对于预防慢性疾病、提升生命质量意义重大。 ""; ""; 吸烟，代价超乎想象 ""; 就经济成本而言：以日均1包烟（20元）、烟龄30年计算，一生吸烟成本高达21.9万元，这几乎等同于一辆中档汽车的价格。 你以为抽烟只是烧钱？不，你是在挑战身体的承受极限！每支烟燃烧时会释放7000多种化学物质，其中至少70种为致癌物。长期吸烟，无疑是在给身体埋下 “定时炸弹”。据统计，吸烟者平均寿命比不吸烟者缩短10年，且极易诱发癌症、肺部疾病、心脑血管疾病等。 ""; 二手烟危害同样不容小觑，尤其对儿童而言。儿童呼吸频率高于成人，对二手烟更为敏感。长期暴露在二手烟环境中，不仅会增加患癌、肺部及心脑血管疾病的风险，烟草中的尼古丁还会抑制生长激素分泌，干扰营养吸收，影响儿童骨骼发育，甚至可能对智力发育产生不良影响 。 ""; ""; ""; 戒烟，全家携手行动 ""; ""; 1.家庭环境改造 打造无烟家庭，清理家中所有烟具，如打火机、烟缸、卷烟、电子烟等，用坚果、水果等健康零食替代，减少因环境因素引发的 “条件反射”式吸烟。 ""; 2.家庭成员责任 家庭成员应自觉做到不吸烟、不敬烟、不劝烟，礼尚往来时不送烟，全力支持家人戒烟，共同学习烟草危害知识，提升对吸烟危害的认知。 ""; ""; 3.家庭奖励机制 设定阶段性戒烟目标，如1周、1个月不吸烟，达成目标后全家共同庆祝，比如享用一顿健康大餐、购置运动装备等。还可将戒烟节省下来的钱存入“家庭健康基金”，用于未来的健康投资，如体检、旅游等。 ""; 如果……还是戒不了 叮叮叮！！ 欢迎光临～ 全省首家社区戒烟门诊 上城区采荷街道社区卫生服务中心 地址：采荷街道双菱路16号 服务时间：每周一、周四8:30-11:30 （节假日除外） ""; 截至八月底 该门诊已服务152位戒烟者 通过心理指导、行为干预、药物辅助等治疗 成功帮助70人完全戒烟 ·医生简介· ""; ""; ""; ""; 无烟上城：控烟行动GO！ ""; 今年以来，上城区在14个街道的医疗机构、学校、广场、商场、地铁站等重点公共场所，开展了控烟展板巡展宣传活动，向居民普及烟草危害及戒烟知识，覆盖受益群众达3.3万余人，积极倡导健康生活方式。 供稿 | 区疾控中心（区卫生监督所）、采荷中心 "";",微信,健康上城,2025-09-23 17:32:51,http://mp.weixin.qq.com/s?__biz=MzA5NTg0MjgyOQ==&mid=2651588747&idx=2&sn=764cf7470dd552213e28b0523d83e525&chksm=8a0ab0daf459bbd4a5fef206675c49e76ad7d30bd0ec685cd88b9d7bd4e15aa0381f988f12ad#rd,浙江省,戒烟、控烟,中性,报道事实类
2025010170,@所有居民，请开门！这项调查邀您共同参与,"title: @所有居民，请开门！这项调查邀您共同参与 summary: 为什么要做烟草流行监测？各监测点抽取2个村，每村至少调查50户家庭，每户中随机抽取1名15岁及以上符合条件的调查对象，四川天府新区共调查300人。问卷只可以由调查对象本人完成，调查员会面对面问询进行调查。 content: 居民朋友们 2025年烟草流行监测调查工作 开始啦！ 为什么要做烟草流行监测？ 调查哪些内容？会不会泄露个人信息？ 我知道您很急 但您先别急 接下来为您一一揭晓 ↓↓↓ Q 为什么开展烟草流行监测调查？ 通过开展居民烟草流行监测现场调查工作，可以更好地了解烟草流行现状和变化趋势，客观评价控烟工作阶段性成效，从而为进一步制定有效的控烟政策提供数据支撑。同时，我们也可以利用监测结果开展控烟政策宣传和教育活动，提高公众对烟草危害的认识和控烟意识。 Q 每个人都需要参与这个调查吗？ 经四川省和成都市抽样，四川天府新区万安街道、兴隆街道、籍田街道为2025年居民烟草流行监测点。各监测点抽取2个村（社），每村（社）至少调查50户家庭，每户中随机抽取1名15岁及以上符合条件的调查对象，四川天府新区共调查300人。 ""; Q 需要调查什么内容呢？ 问卷涉及到的调查内容有：家庭情况、个人基本信息、烟草使用情况、烟草健康相关问题、控烟政策认知。 Q 具体何时开展？需要多长时间？ 时间：2025年9-10月 调查时长：约10-15分钟（具体时间取决于您配合和答题思考时间）。 Q 万一我答不上来怎么办？可以家人帮忙吗？ 请家人、调查员代答，或者上网搜题，会影响调查结果的真实性，作答都是无效的。问卷只可以由调查对象本人完成，调查员会面对面问询进行调查。请您如实负责任地回答问卷的问题，不知道也没关系，真实作答即可。根据规定，我们的调查员不能给予您任何答题帮助，调查完成后还可能会电话回访进行质量控制。如您接到核实电话，请您积极配合。 Q 填写调查问卷会不会泄露信息？ 请您放心，您的个人信息和回答的内容都会被严格保密，您提供的所有信息只为控烟政策提供数据支撑，不会对您和您的家人产生任何不利影响。 若您被选中调查，希望您这样做 在百忙之中抽出时间，积极配合调查员的调查工作。 如实认真回答问卷上的问题，完整地完成问卷，不知道问题答案也没关系，真实作答即可。 如果您有急事无法接受调查，也不要紧，可以与调查员预约其他时间。 为确保调查工作的真实开展，在调查完成后，工作人员还可能通过现场复核或电话回访的方式再次联系您回答相关题目，请您配合进行质量控制。 感谢您在百忙之中 抽出宝贵时间参与本次调查 入户不易，希望您能多多理解配合 您的支持是我们的最大动力！ 未来，我们将以此次调查为指引 全力守护居民健康 再次向您致以最诚挚的谢意 愿您和家人身体健康、万事顺遂！ 来源：公共卫生中心 编辑：何可欣 责编：李晓怡 审核：杨子涵 """,微信,天府教卫发布,2025-09-23 17:29:30,http://mp.weixin.qq.com/s?__biz=MzA3NjI1MjM5NQ==&mid=2697190155&idx=2&sn=9a165efb0c1c3b61ea3044a1c70a4427&chksm=bb8d9cb64816c212e338333636b421fa00848e1a08dee132c1231522eeb386fe13389602de30#rd,四川省,控烟,中性,报道事实类
2025010140,戒烟快一周了烟瘾还没下去……,"title: 戒烟快一周了烟瘾还没下去…… summary: 戒烟快一周了烟瘾还没下去。 content: 戒烟快一周了烟瘾还没下去…… 今天跟哥们儿吃饭，他知道我还在跟烟瘾较劲，就从包里掏了这个让我试试，我拿着这玩意儿，心里一点儿底都没有，不知道能不能行。 个人观点，仅供参考 , , 2025-09-23 17:28 ,",微信,仁心药士,2025-09-23 17:28:56,http://mp.weixin.qq.com/s?__biz=MzkyOTg2NTM4MA==&mid=2247488902&idx=1&sn=4440593a359544eb33330e666ccc8638&chksm=c32af56d9f6976e5c5b2487f7d00cab4fa7a422959ce73adcc511923eb4c0c3e67ab5c96916f#rd,未知,戒烟,负面,评论观点类
2025010119,昨天戒烟满一周……,"title: 昨天戒烟满一周…… summary: 昨天戒烟满一周。 content: 昨天戒烟满一周…… 晚上烟瘾犯了特别想抽，跟兄弟说了后，他今天直接带了这个来让我赶紧用，我瞅着这东西，心里也没个准儿，不知道能不能戒掉烟。 个人观点，仅供参考 , , 2025-09-23 17:28 ,",微信,仁心药士,2025-09-23 17:28:50,http://mp.weixin.qq.com/s?__biz=MzkyOTg2NTM4MA==&mid=2247488899&idx=1&sn=f0b45f630d741536d8d9e07d2fe94eff&chksm=c382aa661b0f45c589b6b248156ba00c750de9db2d70e35005e838627f167d817427cd12cfb6#rd,未知,戒烟,中性,评论观点类
2025010127,戒烟第 3 天感觉烟瘾越来越大……,"title: 戒烟第 3 天感觉烟瘾越来越大…… summary: 戒烟第3天感觉烟瘾越来越大。 content: 戒烟第 3 天感觉烟瘾越来越大…… 刚才去超市碰到邻居张哥，他知道我戒烟就给我拿了这个，说试试能缓解烟瘾，我拿着这玩意儿，也不知道真的有没有效果啊！ 个人观点，仅供参考 , , 2025-09-23 17:28 ,",微信,仁心药士,2025-09-23 17:28:42,http://mp.weixin.qq.com/s?__biz=MzkyOTg2NTM4MA==&mid=2247488900&idx=1&sn=16cab64a53d4a8d8b50cc34e41b18136&chksm=c31638e2c2f5273c9ebcfaf8750162518ca9559dbbcd4bf9fe043600684ba0d0588eac22aeaf#rd,未知,戒烟,负面,评论观点类
2025010125,愁得慌，戒烟第 6 天烟瘾还是那么大……,"title: 愁得慌，戒烟第 6 天烟瘾还是那么大…… summary: 愁得慌，戒烟第6天烟瘾还是那么大。 content: 愁得慌，戒烟第 6 天烟瘾还是那么大…… 我妈跟我姨说了后，姨下午就给我送了这个，说让我用这个戒烟，我也不知道这玩意儿真能管用吗？ 个人观点，仅供参考 , , 2025-09-23 17:28 ,",微信,心灵懂药,2025-09-23 17:28:19,http://mp.weixin.qq.com/s?__biz=Mzk1NzQwNzE3MA==&mid=2247487607&idx=1&sn=c29808571b82657053cd6035af0e3291&chksm=c25fd04a4c47b57e41408c8bc65683b1405eae3ec2e316ad343789e9a73ec96e9c1b32a314a0#rd,未知,戒烟,中性,评论观点类
2025010113,戒烟快 10 天了……,"title: 戒烟快 10 天了…… summary: 戒烟快10天了。 content: 戒烟快 10 天了…… 本来以为快好了，结果今天烟瘾突然就上来了，嫂子听说后特意给我拿了这个，说她弟戒的时候就靠这个，我拿着心里也没底，不知道能不能行。 个人观点，仅供参考 , , 2025-09-23 17:28 ,",微信,心灵懂药,2025-09-23 17:28:06,http://mp.weixin.qq.com/s?__biz=Mzk1NzQwNzE3MA==&mid=2247487605&idx=1&sn=85c660949eac0a69aa727ab62f19b4a5&chksm=c2f644b318a92ee47db145b9f0ee92c559cbebf3e6df630001e8eaee32cdb1a134d1b52be973#rd,未知,戒烟,中性,评论观点类
2025010134,戒烟半年，身体迎来五大惊喜变化！医生揭秘：现在行动还不晚！,"title: 戒烟半年，身体迎来五大惊喜变化！医生揭秘：现在行动还不晚！ summary: 戒烟半年，身体迎来五大惊喜变化！""医生，我老公有十几年没戒烟了，最近他突然决定戒烟，您说这对他身体会有好处吗？有网友表示：我戒烟五年多了，我十七岁开始吸烟，到六十岁因身体原因戒烟至今。笔者认为，戒烟的好处太多了，可是却很少有人去戒烟，因为他们没有那个毅力和决心，战胜不了烟瘾对他们的诱惑！ content: ""戒烟半年，身体迎来五大惊喜变化！医生揭秘：现在行动还不晚！""“医生，我老公有十几年没戒烟了，最近他突然决定戒烟，您说这对他身体会有好处吗？我听说戒烟会有很多变化。”你老公戒烟这事儿，真的太对了！医生都说了，戒烟半年内，身体就能有大变化，从心脏到皮肤都能变好。先说刚戒烟那会儿，血液里的一氧化碳很快就少了，心脏不用那么累，血液循环也变顺了。之前他要是老咳嗽、喘气费劲，戒烟后这些症状会慢慢减轻，肺部也能一点点好转。还有大病风险，长期吸烟容易得心脏病、中风，还可能得肺癌、喉癌这些癌症。但戒烟后，五年内心脏病风险能降到跟不吸烟的人差不多，十年后肺癌风险也能减半，这多让人放心啊！他要是有口臭、牙龈容易出血，戒烟几周就能改善。戒烟三天，口腔里的血液循环就变好了，细菌也慢慢正常，过三四周口气就清新了，半年后牙龈问题也会少很多。睡眠也会变好，以前吸烟，尼古丁让神经兴奋，他可能难睡着、睡不沉，醒了还累。戒烟后，生物钟能慢慢调过来，入睡快了，睡得也深，早上起来精力会更足。皮肤也能变好看，吸烟会让皮肤没光泽、长皱纹。戒烟后，血液里的毒素少了，皮肤能吸收到营养，半年后暗沉会减轻，皱纹长的也慢了，摸起来还能有弹性些。不管他之前吸了十几年，现在戒都不晚，身体会一点点变好，生活质量也能提高不少。有网友表示：我戒烟五年多了，我十七岁开始吸烟，到六十岁因身体原因戒烟至今。说实在的戒烟后，对身体确实有多好处。但一分为二，有好处，也必有坏处。我現在最大的问题就是胖了二十多斤。都说有钱难卖老来瘦，而一个人老了反而胖了，可想而知情况会怎样？所以我认为如果不是身体原因，六十岁以上的老人最好不要强行戒烟。它有利有弊。笔者认为，戒烟的好处太多了，可是却很少有人去戒烟，因为他们没有那个毅力和决心，战胜不了烟瘾对他们的诱惑！一旦患了癌症，悔之晚矣。对此你怎么看？",微信,白衣护吸,2025-09-23 17:24:46,http://mp.weixin.qq.com/s?__biz=MzYyMjM3MzQ4Ng==&mid=2247483752&idx=1&sn=d49c9dc3ed377b603eec7c209f8e5560&chksm=fec1de5f70e605d3533400122f2a6b3d69fcaeaa89e0b1c6b13dbaf11f498ce490937270e1ab#rd,未知,戒烟,中性,报道事实类
2025010154,从今天起，和烟瘾做个了断！,"title: 从今天起，和烟瘾做个了断！ summary: 从今天起，和烟瘾做个了断！美国医学会杂志刊登的一项研究表明，戒烟者于戒烟五年后，与继续抽烟者相比的话，患心血管疾病的几率大幅降低。专业的戒烟帮助可以大幅提高戒烟成功率，你可以前往戒烟门诊咨询专业医生，接受正规戒烟行为干预治疗。 content: 很多人听到抽烟，第一个会想到的是“啊！会得肺癌”，但其实烟草对身体的影响不仅于此。抽烟对身体的危害非常大，不仅会增加多种癌症的发生率，也很容易会造成心血管疾病，也就是心肌梗塞、心脏病发这些事故。 ""; 抽烟者常会想：一直以来，我抽烟抽的挺凶的，一天一包，大概有二十年之久。不知道戒烟值不值得呢？已经抽了这么多年，抽这么凶，该破坏的都破坏了吧！现在戒，难道身体就会变得比较好吗？ 美国医学会杂志刊登的一项研究表明，戒烟者于戒烟五年后，与继续抽烟者相比的话，患心血管疾病的几率大幅降低。 ""; 所以，千万不要说“来不及了啦”，只要能戒掉，还是会带来一些好处。事实上，你会发现，一旦开始戒烟，好处比想像中来的快！ ""; 健康不等于长寿，但是健康却与长寿息息相关，而与健康更密切相关的是——生活质量。因此，戒烟不仅意味着健康长寿，它还意味着你的生活质量将得到提高。 ""; 生活中很多人戒烟失败，并不是意志力不行，而是没有采用正确的方法。 专业的戒烟帮助可以大幅提高戒烟成功率，你可以前往戒烟门诊咨询专业医生，接受正规戒烟行为干预治疗；或拨打戒烟热线进行戒烟咨询。 接下来小编要给大家介绍的这款，由中国疾病预防控制中心和世界卫生组织驻华代表处联合制作的小程序，就可以帮助你科学戒烟。 扫描二维码进入 “中国戒烟平台“ 获取中国权威戒烟资源 ""; ""; ""; 在这里你可以获取当地 戒烟热线、戒烟门诊信息 ""; 移动戒烟资源 ""; 以及最新的戒烟相关科普 ""; 开启小程序 跟烟瘾做个了断，就现在！【妇幼健康科普】 来源:国家卫生健康委员会规划司、中国疾病预防控制中心 免责声明：本公众号所发布的信息均出于公众传播，如其他媒体或个人从本号下载使用须自负版权等法律责任。部分内容来源于网络，如有侵权请联系删除。 ""; 大专科 强综合 凸特色 树品牌 编辑 | 孙慧璞 责编 | 田 婷 审核 | 祝先锋 网站 | http://www.wnfybj.com 邮箱 | jianjiaoke@126.com 如需转载，请留言获得授权 ""; 奋进 博爱 重德 精医 ""; ""; 点分享 ""; 点收藏 ""; 点点赞 ""; 点在看",微信,渭南市妇幼保健院,2025-09-23 17:14:51,http://mp.weixin.qq.com/s?__biz=MzA3NDQyNTUzNQ==&mid=2652874720&idx=3&sn=e98ed9693531dde6951d555d53666da6&chksm=85a7c3176b745534110dcbed0fc1a631b7298910dfda159deeded6cd60e14977a5e419048d14#rd,未知,戒烟,中性,评论观点类
2025010128,烟草：隐藏在指尖的健康“杀手”——吸烟危害及戒烟指南,"title: 烟草：隐藏在指尖的健康“杀手”——吸烟危害及戒烟指南 summary: 明知吸烟有害，却总戒不掉？偶尔咳嗽、呼吸不畅，却只当是小毛病？长期忽略这一习惯，健康可能从轻微不适滑向严重疾病。你真的了解吸烟的危害吗？患癌风险骤降：戒烟5-10年，肺癌死亡率接近不吸烟者。置换吸烟开销：把买烟的钱用来买自己心仪的东西，直观感受戒烟的收益。 content: 点击蓝字 关注我们 明知吸烟有害，却总戒不掉？偶尔咳嗽、呼吸不畅，却只当是小毛病？这些可能是身体正在发出的警报。长期忽略这一“习惯”，健康可能从轻微不适滑向严重疾病。你真的了解吸烟的危害吗？ ""; 香烟“毒库” ——看不见的健康威胁 点燃一支烟，那缕看似寻常的烟雾，藏着400余种化学物质，60种已知或可疑致癌物，正悄无声息地侵蚀着身体的每一个角落。 尼古丁：上瘾的“元凶”，它不仅是神经毒素和剧毒物质，对成年人而言，40-60毫克的尼古丁就可致命，相当于27-40支香烟的含量。 烟焦油：俗称“烟油子”，每支烟含20-30毫克，其中的致癌、促癌物质是诱发肺癌的关键因素。 一氧化碳：每支烟产生的一氧化碳约20-30毫克，其与血红蛋白的亲和力是氧气的260倍，会直接导致机体缺氧，加速动脉粥样硬化。 刺激性化合物与有害金属：氯化钾、甲醛等化合物会破坏支气管黏膜，引发肺部感染；砷、汞、镉等重金属更会蓄积体内，镉可导致肺气肿、肺癌，还会杀死精子引发不育，甚至让骨骼脱钙变脆，极易骨折。 其他隐患：化学添加剂（香料、防腐剂等）可能引发过敏，自由基造成细胞氧化损伤，苯并芘、亚硝酸盐等致癌物则与多种癌症密切相关。 ""; 吸烟前后的肺部，变化触目惊心：吸烟前肺部呈粉红色，结构功能正常，不易患呼吸疾病；吸烟后则变为暗红色或棕黑色，通气功能快速下降，结构受损引发炎症，慢性支气管炎等疾病随之而来。 被动吸烟 ——无辜者的健康劫难 被动吸烟（二手烟）是指非吸烟者被迫吸入他人吐出的烟气和烟草燃烧的环境烟雾。它的危害丝毫不逊于主动吸烟： 伤害无差别：被动吸烟15分钟，危害等同于主动吸烟。与吸烟者共同生活的人，患肺癌的概率比常人高6倍。 特殊人群重灾区：婴幼儿、青少年和妇女受害尤甚。儿童会出现呼吸道疾病、生长发育受影响；孕妇可能面临死胎、流产、低出生体重儿的风险；成人则会增加呼吸道疾病、肺癌、心血管疾病的发病概率。 致癌范围更广：被动吸烟吸入的毒性物质是主动吸烟者的几倍到50倍，除肺癌外，还会引发口腔癌、咽喉癌、膀胱癌、肾癌等十余种癌症。 全球健康负担：每年约5.3万人死于被动吸烟，其中2/3死于心脏病。 ""; 戒烟——重启健康之路 戒烟不是对过去的否定，而是对未来的投资。从近期到远期，身体会给出一系列积极反馈： 近期好处（戒烟后很快显现） 味觉改善：舌头的感觉神经恢复敏感，能重新品味食物的原汁原味。 口臭消除：烟臭不再困扰自己和他人，晨起口腔清爽无异味。 牙齿变白：烟垢逐渐退净，口腔疾病明显减少。 咳嗽咳痰减少：呼吸道纤毛自洁功能恢复，痰液和咳嗽随之减轻。 血压降低：全身血液循环改善，心血管疾病风险下降。 睡眠与视力提升：尼古丁影响消失，入睡更容易、睡得更熟，视力也会得到一定改善。 其他：头痛、肩部酸痛缓解，感冒次数减少。 远期好处（长期坚持的健康馈赠） 患癌风险骤降：戒烟5-10年，肺癌死亡率接近不吸烟者；戒烟10-15年，肺癌发病概率与不吸烟者无异。 心血管健康恢复：冠心病患者戒烟1年后，死亡率快速下降，10年后降至不吸烟者水平；戒烟还能有效避免心肌梗塞再次发生。 呼吸与消化疾病改善：慢性支气管炎、肺气肿的发病风险降低，肺功能不再进一步恶化；胃、十二指肠溃疡更容易治愈。 寿命延长：如25岁每天吸40支烟，寿命会短8.3年，但戒烟10-15年后，平均寿命可与不吸烟者持平。 科学戒烟 ——戒烟门诊为您助力 戒烟并非仅凭意志即可，科学方法与专业支持至关重要。 ""; 戒烟十大建议 制定计划：制定详细的戒烟计划，明确戒烟日期，并用决心严格执行。 正视戒断反应：戒烟后可能出现头晕、烦躁、嗓子痛等，这是身体在清除尼古丁，一周左右会消失。 清除“吸烟诱因”：扔掉烟缸、未开封的烟和打火机，眼不见为净。 养成补水习惯：上班、居家都备好水，想吸烟时就喝一口。 增加体育活动：用运动转移注意力，同时增强体质。 置换吸烟开销：把买烟的钱用来买自己心仪的东西，直观感受戒烟的“收益”。 规避吸烟场景：避免去常买烟的商店，主动选择无烟环境。 拒绝“就吸一支”的借口：无论情绪好坏，都别让“一支烟”打破戒烟防线。 合理饮食，丰富生活：注意营养均衡，多参与业余活动，不必担心戒烟后发胖。 建立信心：借助专业辅导制定个性化计划，记住“意志+方法”是戒烟成功的关键。 戒烟门诊就诊指引 若您在戒烟过程中遇到困难，安化县第二人民医院戒烟门诊（门诊二楼208室）为您提供个体化戒烟方案，帮助您摆脱生理、心理和环境的依赖。 从点燃到熄灭，一支烟留下的是长久的健康隐患。无论主动吸入还是被动受害，烟草的危害远超想象。但戒烟，任何时候都不晚，告别烟草，迎接的不仅是清新空气，更是焕然一新的人生。 ""; ""; ""; ""; 文稿来源：李洁纯 编 辑：廖琳静 初审初校：廖琳静 复审复校：姚永红 终审终校：喻剑敏 "";",微信,安化县第二人民医院,2025-09-23 17:12:09,http://mp.weixin.qq.com/s?__biz=MzIxMDQ1MzI5Mg==&mid=2247488957&idx=4&sn=0fc95a36f153b977ad6ead1e0c592213&chksm=96bf6a89c3ebf54218c65e5f6173e473ee335b20f0e0eebe0b96b884ad0cf9373ab72b5885bd#rd,河南省,戒烟,中性,评论观点类
202501018,爱国卫生运动 | 控烟知识宣传,"title: 爱国卫生运动 | 控烟知识宣传 summary: 为了提高广大群众对烟草危害的认识，营造一个无烟健康的环境，9月23日，舒庄镇卫生院利用镇街大集积极开展控烟宣传活动，努力为社会营造支持控烟、参与控烟的良好氛围。 content: 舒庄镇卫生院开展控烟知识宣传活动 为了提高广大群众对烟草危害的认识，营造一个无烟健康的环境，9月23日，舒庄镇卫生院利用镇街大集积极开展控烟宣传活动，努力为社会营造支持控烟、参与控烟的良好氛围。 ""; 活动现场，医务人员对集市上过往的居民发放宣传材料，详细讲解吸烟对自身和家人的危害，宣传科学戒烟方式，倡导他们不吸烟、主动戒烟，养成控烟、戒烟的良好生活习惯，共同创建“无烟家庭”“无烟社会”。 通过此次宣传活动，向广大群众普及了烟草的危害，提高了群众对烟草危害的认识，督促吸烟者进行科学戒烟，同时让广大活动参与者发挥积极带头作用，做到拒绝烟草诱惑，对第一支烟说不，从而营造良好生活环境，为创建文明健康的无烟环境贡献力量。（李小陈） 来源：界首市舒庄镇卫生院 值班编辑：闫赛赛 审核：纪燕华 监制：荣华 "";",微信,界首卫生健康,2025-09-23 17:09:09,http://mp.weixin.qq.com/s?__biz=Mzg5Nzg4MjMxMw==&mid=2247535753&idx=4&sn=505f2f6ef205892acfc74aa50785564e&chksm=c1a24e31bade64153549d20cd00c018795380aca07ef672657dfa1b91126480ea6d5e3c7ab57#rd,未知,控烟、戒烟,正面,报道事实类
2025010146,吸烟越多越易患卒中？戒烟能救命吗？,"title: 吸烟越多越易患卒中？戒烟能救命吗？ summary: 吸烟越多越易患卒中？戒烟能救命吗？打个比方，如果没抽烟的人患中风的风险是1，那么抽过滤嘴香烟的人患中风的风险就是1.73倍。另外，有卒中家族史的人得缺血性卒中的风险更高，吸烟的人群中这一风险增加会为显著，而戒烟超过10年的人，其得病风险和不吸烟的人就没什么差别了。 content: 全球每3个男性中就有1人吸烟，中国更有3.8亿烟民正在“慢性自杀”！这不是危言耸听——吸烟已成为全球早逝和残疾的第二大杀手。 研究显示：全球每年550万人因中风死亡，占全球死亡人数的 11.5%。吸烟是诱发中风的重要危险因素，在所有中风诱因中高居前5位，已成为威胁人类健康的主要元凶之一。吸烟者中风风险比不吸烟者高出61%。 你手中的香烟，正在悄悄引爆""中风炸弹""······ ""; ""; 吸烟为何会导致卒中？ ""; 导致动脉粥样硬化 ""; 烟草中的有害物质会损害你的血管舒张功能，并引发炎症，最终导致动脉粥样硬化，增加卒中风险。 产生促血栓作用 ""; 吸烟改变血小板功能，破坏凝血-抗凝平衡，这会增加血栓形成的可能性，从而引发卒中。 所以说，抽烟的人比不抽烟的人更容易得中风！进一步具体来看： 抽烟的人得任何类型中风的风险要高 ""; 最容易得的是脑梗死（缺血性卒中），风险高85%。更详细地说，抽烟导致的不同类型脑梗风险也不一样：大血管堵塞的风险最高，是普通人的2倍多；小血管堵塞的风险增加66%；其他不明原因的中风风险也增加了97%。 ""; 敲黑板！ ""; 你吸烟的年头越长、烟瘾越大，中风的风险就越高！ 我抽的烟更“高级”，不会增加中风风险，是真的吗？ 事实上，单独使用或者搭配着使用各种烟草产品，都会让人更容易患上所有类型的中风。下面咱们来看看不同烟草产品带来的具体风险情况，这里用比值比（OR）来衡量风险大小，OR值越大，说明风险越高。 1 ""; 过滤嘴香烟：风险比值比是1.73。打个比方，如果没抽烟的人患中风的风险是1，那么抽过滤嘴香烟的人患中风的风险就是1.73倍。 2 ""; 无过滤嘴香烟：风险比值比为2.59，比抽过滤嘴香烟的风险更高，是无抽烟人群的2.59倍。 3 ""; 过滤嘴和无过滤嘴香烟一起抽：风险比值比是2.81，比单独抽其中一种香烟的风险还要高。 4 ""; 只抽比迪烟（一种印度卷烟）：风险比值比是2.39，风险也比较高。 缺血性卒中的风险情况 ""; ""; ""; 单说缺血性卒中，不同烟草使用方式带来的风险也不一样： 1 无过滤嘴香烟：风险比值比高达3.37，这意味着抽无过滤嘴香烟的人患缺血性卒中的风险，是没抽烟人群的3.37倍。 2 过滤嘴和无过滤嘴香烟一起抽：风险比值比是2.87，风险也不低。 3 只抽比迪烟：风险比值比为3.39，和无过滤嘴香烟的风险差不多高。 出血性卒中的风险情况 ""; ""; ""; 单说出血性卒中，不同烟草使用方式对它的影响如下： 1 无过滤嘴香烟：风险比值比是2.04，说明抽无过滤嘴香烟会增加患脑出血性卒中的风险。 2 过滤嘴和无过滤嘴香烟一起抽：风险比值比为2.23，风险比单独抽无过滤嘴香烟还要稍微高一点 3 只嚼烟草：风险比值比是1.53，虽然增加的风险相对小一些，但也有一定影响。 长期接触二手烟也“遭殃” ""; 对于那些从来不吸烟的人来说，要是他们长时间处在有环境烟草烟雾（也就是别人吸烟产生的二手烟）的环境里，患卒中风险也会更高。具体来说，要是每周暴露在二手烟环境里的时间超过10个小时，那么患所有类型卒中的风险会变成原来的1.95倍。 ""; 为了降低卒中发生风险，戒烟有用吗？ ""; 有研究给出了很有力的证据，在得了卒中或者短暂性脑缺血发作后的6个月内把烟戒掉，能降低接下来5年里卒中复发、心肌梗死以及死亡这些情况发生的可能性。 另外，有卒中家族史的人得缺血性卒中的风险更高，吸烟的人群中这一风险增加会为显著，而戒烟超过10年的人，其得病风险和不吸烟的人就没什么差别了。所以，戒烟对降低这些健康风险是很有用的。 记住：每个戒烟决定，都是对脑血管最郑重的保护。从今天开始，让您的血管告别""烟雾风暴""吧，迎接清澈通畅的健康人生。 参考文献 Wang X, Liu X, O'Donnell MJ, et al. Tobacco use and risk of acute stroke in 32 countries in the INTERSTROKE study: a case-control study. EClinicalMedicine. 2024;70:102515. Published 2024 Mar 14. doi:10.1016/j.eclinm.2024.102515. 《中国脑卒中防治报告2021》编写组,王陇德.《中国脑卒中防治报告2021》概要[J].中国脑血管病杂志, 2023, 20(11):783-792. Anadani M, Turan TN, Yaghi S, et al. Change in Smoking Behavior and Outcome After Ischemic Stroke: Post-Hoc Analysis of the SPS3 Trial. Stroke. 2023;54(4):921-927. doi:10.1161/STROKEAHA.121.038202.图片来源于网络，如有侵权，请联系删除！ ""; ""; 文案：池 枫 深圳市第二人民医院 编辑：胡佳佳 解放军总医院第九医学中心 审核：中国卒中专科联盟卒中急救地图-宣传组 ""; ""; "";",微信,深圳市卒中学会,2025-09-23 17:01:12,http://mp.weixin.qq.com/s?__biz=MzUzNTk2NzE3Nw==&mid=2247505712&idx=2&sn=6995090499754b931e798379eb6084a0&chksm=fbc2045f082eb60616b3b4b2ef516159a76c19f68e78d2504c3a7ba21e0d60155fcf82256e60#rd,未知,戒烟,负面,报道事实类
2025010137,想戒烟的人，应该一根不抽，还是逐渐减量？听听专业人士怎么说,"title: 想戒烟的人，应该一根不抽，还是逐渐减量？听听专业人士怎么说 summary: 想戒烟的人，应该一根不抽，还是逐渐减量？长期吸烟的人会对你贾冰产生一定的依赖，戒烟之后这种心理依赖就开始肆虐，对戒烟者的情绪造成影响，导致戒烟者的情绪暴躁，焦虑，变化无常，这时候戒烟者一定要学会控制自己的情绪，多出去走走，让自己忙起来，无暇顾及这些，也就忘记了这件事。 content: ""; 【因为公众号改版，新规定下文章推送会被刷掉，大家的公众号首页就看不到我们的推送了，为了不错过彼此，动手给我们账号加个星标★ 哦 】 点击公众号右上角...符号→选择第一个“设为星标★” 正所谓“吸烟容易戒烟难”，有很多人刚开始吸烟的时候，可能是出于好奇心理，............................................................................ 尝一下吸烟到底是什么感觉，也有一些人是觉得吸烟的动作很酷，就开始慢慢学着吸烟，............................................................................ 但是一旦开始吸烟，香烟当中的尼古丁很容易让人上瘾，吸食几次之后就会产生依赖性，再想要戒烟就非常困难了。 ""; 戒烟过程中，会经历以下几个阶段，熬过去就说明你成功了 开始咳嗽............................................................................ 很多戒烟者常年吸烟的过程当中没有出现咳嗽的现象，但是突然戒烟却出现了，咳嗽加剧，还伴随着大量痰液的现象，有一些人就非常担心是不是越戒烟身体越不好了。 其实这就是一种好现象，这是肺部在进行自我修复和排毒的过程，吸烟的过程当中费中含有大量的黏液，吸附着香烟的有害物质，当戒烟之后这些黏液会逐渐放松并且排出体外，随着时间的推移，咳嗽的症状就会慢慢缓解。............................................................................ ""; 头晕失眠 戒烟的过程当中体内的尼古丁含量越来越少，依赖你贾冰的身体就会出现一些不适感，............................................................................ 吸烟过程当中，血液当中的一氧化碳含量过少，大脑就会处于缺氧的状态，戒烟之后脑功能逐渐恢复很容易造成头晕的症状。 戒烟初期出现入睡困难是非常正常的，因为神经已经对你贾冰产生了依赖，突然断了尼古丁的供应，自然就会出现一些焦虑的情绪，但是如果熬过这段时间，就能提高睡眠质量。 ""; 情绪波动较大 长期吸烟的人会对你贾冰产生一定的依赖，戒烟之后这种心理依赖就开始肆虐，对戒烟者的情绪造成影响，导致戒烟者的情绪暴躁，焦虑，变化无常，这时候戒烟者一定要学会控制自己的情绪，多出去走走，让自己忙起来，无暇顾及这些，也就忘记了这件事。 注意力难以集中 很多吸烟者受到尼古丁刺激神经系统的影响，在感觉工作疲惫的时候，会通过吸烟来达到提神醒脑的效果，所以戒烟之后就会导致注意力不集中，还身乏力，这都属于正常的戒断反应，挨过这段时间这种症状就会消失。 ""; 想要成功戒烟也是需要一些技巧的，并且有些人会发出这样的疑问，想要戒烟的话是应该一点都不抽，还是应该逐渐减量呢？ 想戒烟的人，应该一根不抽，还是逐渐减量？听听专业人士怎么说 长期吸烟的人，他们已经习惯了依赖香烟，如果突然不吸烟，这些所有的戒断反应可能突然而至，让我们一时之间接受不了，而且据研究表明戒断反应越强烈，复吸的可能性越强，这样戒烟这条路就以失败而告终。 如果一个人的烟龄较长，在戒烟的时候，最好不要采取突然戒烟的方式，可以采取循序渐进，逐渐减少吸烟数量的方式，这样身体可以慢慢适应。 ""; 如果阴影不是特别大，吸烟的时间也比较短，就可以采用完全戒烟的方式，即便是这样戒断反应相对也比较小一些，如果大家能扛一扛，也就能够成功戒烟了。 平时多做这三个动作，或能帮助清烟毒养肺 深呼吸 肺，主气，司呼吸。清气与浊气，在肺内进行交换。以“气”养肺，深呼吸，吐故纳新，促进肺部排浊。 大家可以在平时早晚多做深呼吸动作，首选腹式呼吸，这样可以增强肺活量，提高肺部机能。 深蹲起 在平时大家可以多做深蹲动作，既能够达到减肥瘦身的效果，也可以使肺部的小血管得到反复冲洗，帮助清除肺中的有害代谢产物。 ""; 揉鼻子 肺，开窍于鼻，在平时大家可以常揉鼻子，两手拇指外侧沿鼻梁鼻翼两侧上下按摩60次左右，然后，按摩鼻翼两侧的迎香20次，每天早晚各做一至两组。 【免责声明】文字、图片等素材来源网络，如侵立删 右下角，您点一个"";和“在看”""; 小编工资涨2毛",微信,伤寒论大百科,2025-09-23 17:00:39,http://mp.weixin.qq.com/s?__biz=MzA3OTM5MDg4MQ==&mid=2471525138&idx=7&sn=73d7d083a68174eed4db3f3fae6bf657&chksm=886544843e2596761b7ad3b547aeaf007583c5a9e757e61f61926849fb46922436dc26480f1d#rd,未知,戒烟,中性,报道事实类
2025010159,这种成瘾性疾病很多人都有，但都不当回事...... | 新版健康素养66条（33~36）,"title: 这种成瘾性疾病很多人都有，但都不当回事...... | 新版健康素养66条（33~36） summary: 这种成瘾性疾病很多人都有，但都不当回事......|。新版健康素养66条。吸烟者在戒烟过程中可能出现不适症状，可寻求专业戒烟服务，包括医疗卫生机构的戒烟门诊、专业移动戒烟资源、戒烟热线等，有条件的地区可在社区寻求戒烟帮助。非商业用途，仅用作公益科普宣传，如有侵权，请联系删除，谢谢。 content: ""; 为了适应和满足当前公众日益增长的健康需求，2024年5月国家卫生健康委修订并发布了《中国公民健康素养——基本知识与技能（2024年版）》（简称“健康素养66条”）。一起来学习新版“健康素养66条”，提升健康知识和技能，践行健康生活方式，做自己健康的第一责任人！ ""; 第33条 不吸烟（含电子烟），吸烟和二手烟暴露会导致多种疾病。电子烟含有多种有害物质，会对健康产生危害。 我国吸烟人数超过3亿，约有7.4亿不吸烟者遭受二手烟暴露的危害。每年死于吸烟相关疾病的人数超过100万。吸烟和二手烟暴露导致的多种慢性疾病给整个社会带来了沉重的负担。 烟草烟雾中至少含有70种致癌物。吸烟及二手烟暴露均严重危害健康，即使吸入少量烟草烟雾也会对人体造成危害。 吸烟可导致多种恶性肿瘤、冠心病、脑卒中、慢阻肺、糖尿病、白内障、勃起功能障碍、骨质疏松等疾病。现在吸烟者中将来会有一半人因吸烟而提早死亡。二手烟暴露可导致冠心病、肺癌、脑卒中和慢阻肺等疾病。烟草烟雾中的有害物质可以通过胎盘进入胎儿体内，影响胎儿发育。孕妇暴露于二手烟可导致婴儿出生体重降低、唇腭裂等出生缺陷、早产、流产以及婴儿猝死综合征等危害。儿童暴露于二手烟可增加发生支气管哮喘、急性中耳炎、呼吸道疾病等发病风险。 不存在无害的烟草制品，只要吸烟即有害健康。相比于普通卷烟，吸“低焦油卷烟”并不会降低吸烟带来的危害。这主要是因为吸烟者在吸“低焦油卷烟”的过程中存在“吸烟补偿行为”，包括用手指和嘴唇堵住滤嘴上的透气孔、加大吸入烟草烟雾量和增加吸卷烟支数等。“吸烟补偿行为”使吸烟者吸入的焦油和尼古丁等有害成分并未减少。“中草药卷烟”与普通卷烟一样会对健康造成危害。 电子烟是一种模仿卷烟的电子产品，主要由烟油、加热系统、电源和过滤嘴四部分组成。烟油中含有尼古丁、香精、丙二醇等化学物质。使用电子烟会增加心血管疾病和肺部疾病的发病风险，影响胎儿发育。大多数电子烟使用者同时使用卷烟或其他烟草制品，两种或多种产品导致的健康危害可能会产生叠加。电子烟会对青少年的身心健康和成长造成不良后果，同时会诱导青少年使用卷烟。 ""; 第34条 烟草依赖是一种慢性成瘾性疾病。戒烟越早越好。任何年龄戒烟均可获益，戒烟时可寻求专业戒烟服务。 烟草制品中的尼古丁可导致烟草依赖（又称尼古丁依赖），烟草依赖是一种慢性成瘾性疾病，且具有高复发的特点。 戒烟可以显著降低吸烟者肺癌、冠心病、慢阻肺等多种疾病的发病和死亡风险，并可延缓疾病的进展和改善预后。减少吸烟量并不能降低其发病和死亡风险。吸烟者应积极戒烟，戒烟越早越好，任何年龄戒烟均可获益。只要有戒烟的意愿并掌握一定的戒烟技巧，都能做到彻底戒烟。2012年卫生部发布的《中国吸烟危害健康报告》指出，戒烟10年后，戒烟者肺癌发病风险降至持续吸烟者的30%～50%；戒烟1年后，戒烟者发生冠心病的风险大约降低50%；戒烟15年后，戒烟者发生冠心病的风险将降至与从不吸烟者相同的水平。 吸烟者在戒烟过程中可能出现不适症状，可寻求专业戒烟服务，包括医疗卫生机构的戒烟门诊、专业移动戒烟资源、戒烟热线等，有条件的地区可在社区寻求戒烟帮助。 ""; 第35条 少饮酒，不酗酒。 酒的主要成分是乙醇（酒精）和水，几乎不含有营养成分。酒精对身体的大部分器官和系统都产生危害，有引发成瘾、依赖的特性。1克酒精可提供7千卡的热量，产热能力仅次于脂肪。经常过量饮酒，会使食欲下降，食物摄入量减少，从而导致多种营养素缺乏、急慢性酒精中毒、酒精性脂肪肝等，严重时会造成酒精性肝硬化。过量饮酒还会增加患高血压、脑卒中（中风）、精神障碍等疾病的风险，并可导致交通事故及暴力事件的增加，危害个人健康和社会安全。 不建议饮酒。成年人若饮酒，应限量，不劝酒，不酗酒。成年人一天饮用酒精量建议不超过15克，相当于啤酒450毫升、葡萄酒150毫升、低度白酒50毫升，高度白酒30毫升。儿童青少年、孕妇、乳母、慢性病患者不应饮酒，驾车、操纵机器等特定职业人群禁止饮酒。 如果出现无法克制的对酒的渴望，不喝酒就会感到身体、心理上不舒服，甚至出现幻觉、妄想等精神症状，这是酒精依赖症的表现，需要到综合医院的精神科或精神专科医院就诊。 ""; 第36条 重视和维护心理健康，遇到心理问题时应主动寻求帮助。 每个人一生中都会遇到各种心理健康问题，包括在遭受应激或挫折（危机事件）时产生的心理危机，要重视和维护心理健康。 心理健康问题能够通过调节自身情绪和行为、寻求情感交流和心理援助等方法解决。采取乐观、开朗、豁达的生活态度，把目标定在自己能力所及的范围内，调适对社会和他人的期望值，建立良好的人际关系，培养健康的生活习惯和兴趣爱好，积极参加社会活动等，均有助于保持和促进心理健康。 积极参加体育运动是维护心理健康的重要途径，运动可以增强正确面对挫折和困难的能力。通过运动可以使负面情绪得以合理地宣泄、释放，尤其是中等强度有氧运动在培养良好心理品质和加强心理韧性等方面均具有显著作用。 重视和关注儿童青少年心理健康，开展生命教育，加强心理咨询指导，培养儿童青少年珍爱生命意识和情绪管理与心理调适能力。需要心理咨询时可通过拨打当地12345、12355、12320等热线电话寻求帮助。 如果怀疑有明显的心理行为问题或精神疾病，要及早去精神专科医院或综合医院的心理科或精神科咨询、治疗。 精神疾病可防可治，不要觉得难为情或耻辱。家人的陪伴和监护对于精神疾病患者的康复非常重要。一旦被确诊患有精神疾病，应尽快让患者接受正规治疗，监督患者遵照医嘱全程、不间断、按时按量服药。严格执行治疗方案，积极向医生反馈治疗情况。精神疾病的治疗效果与疾病类型、疾病严重程度有关。通过规范治疗，多数患者病情可以得到有效控制，达到临床痊愈。 来源：中国疾控中心 ""; 声明：文中图片来源于转载文章，非商业用途，仅用作公益科普宣传，如有侵权，请联系删除，谢谢。",微信,濮阳华龙疾控,2025-09-23 17:00:30,http://mp.weixin.qq.com/s?__biz=Mzg2NTY0MjQ4MQ==&mid=2247525318&idx=2&sn=cbcdb08cbb95e8165855e5ed3214c540&chksm=cf5fd04146e10d33b6588f49f8777ad822b5530a75b213198d6d1801ea27ea127567c6e64bac#rd,未知,戒烟,中性,报道事实类
202501019,花园街道联通社区“科学控烟 重启健康”禁烟控烟知识讲座,"title: 花园街道联通社区“科学控烟 重启健康”禁烟控烟知识讲座 summary: 为深入宣传烟草危害，传播控烟戒烟知识，增强辖区居民对禁烟、控烟重要性的掌握，创造良好的社区健康氛围，近日，花园街道联通社区组织开展科学控烟重启健康禁烟控烟知识健康讲座。 content: ""; 科学控烟 重启健康 为深入宣传烟草危害，传播控烟戒烟知识，增强辖区居民对禁烟、控烟重要性的掌握，创造良好的社区健康氛围，近日，花园街道联通社区组织开展“科学控烟 重启健康”禁烟控烟知识健康讲座。 ""; 案例说明 入耳入心 社区工作人员以案例向居民讲解长期吸烟的危害，包括容易引起哪些疾病，二手烟对其他家庭成员及青少年的影响，例如影响呼吸系统健康、影响未成年人肺部和大脑发育和对心血管系统造成损害，容易引发高血压、冠心病等问题。工作人员还强调了无烟环境对家庭和社会环境的重要性，号召居民增强控烟意识，共同营造无烟健康居住环境。 ""; ""; ""; ""; ""; 广宣传 高覆盖 同时，为了扩大宣传范围，社区利用电子屏、微信公众号、居民群、入户宣传、宣传单等方式广泛宣传禁烟控烟知识，以科学的角度讲解吸烟给身体带来的危害和戒烟之后身体健康的表现，并从心理意志、延迟吸烟、转移注意力等几个方面提供戒烟控烟小妙招，以正确方式提高广大居民戒烟率，为身体重启健康生活。 ""; ""; ""; ""; ""; 通过此次禁烟控烟宣传活动，使辖区居民对吸烟危害健康有了进一步了解，有效提升辖区居民控烟戒烟意识。下一步，花园街道联通社将持续做好禁烟控烟科普宣传工作，倡导广大居民参与到禁烟宣传中，营造一个文明、健康的人居环境。 —END— 供稿：于婷婷 一审：于婷婷 二审：唐春秋 三审：阮国婧 编辑：张悦新 "";",微信,花园街联通社区,2025-09-23 16:53:44,http://mp.weixin.qq.com/s?__biz=MzI1MTk4NDIyOQ==&mid=2247548764&idx=1&sn=3a66a6f51c1c3a40656816f4681d3e2d&chksm=e8a88c5ce7aa3946841544c108def476c544a1bf8d997b113444ada34811135c937b290ad28a#rd,江西省,控烟、戒烟、控烟戒烟,正面,报道事实类
2025010118,健康科普 | 控烟禁烟——禁烟知识宣传,"title: 健康科普 | 控烟禁烟——禁烟知识宣传 summary: 致癌风险：吸烟是肺癌、胃癌、胰腺癌等多种癌症的重要致病因素，吸烟者患肺癌的危险性是不吸烟者的10-15倍。心血管疾病：吸烟会导致冠状动脉血管收缩，增加心肌梗死、中风等心血管疾病的发病风险，吸烟者死于冠心病的危险度是从不吸烟者的2倍。 content: ""; 一、吸烟的危害对健康的危害 致癌风险：吸烟是肺癌、胃癌、胰腺癌等多种癌症的重要致病因素，吸烟者患肺癌的危险性是不吸烟者的10-15倍 心血管疾病：吸烟会导致冠状动脉血管收缩，增加心肌梗死、中风等心血管疾病的发病风险，吸烟者死于冠心病的危险度是从不吸烟者的2倍。呼吸系统疾病：长期吸烟会损害肺部纤毛功能，引发慢性支气管炎、肺气肿、肺心病等，吸烟的人60岁以后患肺部疾病的比例为74%，而不吸烟的人仅为4%。 其他危害：吸烟还会导致骨质疏松、更年期提前、牙齿变黄、口臭等问题，还会降低人体免疫力，增加感冒等疾病的发生几率。 对他人健康的危害 二手烟危害：二手烟中含有甲醛、苯、一氧化碳等几百种有毒或致癌物质，可导致非吸烟者患癌风险增加20%-30%，冠心病风险增加25%-30%，尤其对儿童、孕妇和老年人危害更大。 三手烟危害：烟草燃烧后的残留物会附着在家具、衣物等表面，长期接触可能对健康造成潜在威胁。 ""; 二、戒烟的益处 身体恢复 戒烟20分钟后，血压和心率逐渐恢复正常；12小时后，血液中一氧化碳含量降低；24小时后，心脏病发作风险开始降低。 ·戒烟1年后，冠心病死亡风险降低50%；5年后，中风风险降低至非吸烟者水平；10年后，肺癌风险显著降低；15年后，心血管疾病风险接近从不吸烟者。 生活质量提升 戒烟后嗅觉和味觉恢复灵敏，能更好地享受食物；呼吸更顺畅，运动能力增强；减少因吸烟引发的家庭矛盾，改善人际关系。 三、戒烟方法 1.意志戒烟法：坚定决心，避免进入吸烟环境，培养新习惯（如饭后饮茶、散步）。 2.减量戒烟法：制定计划逐步减少吸烟量，如每周减少一定数量的香烟，直至完全戒除。 3.药物戒烟法：可在医生指导下使用戒烟药物，如尼古丁贴片、口香糖等，缓解戒断症状。 4.寻求支持：告知家人和朋友自己的戒烟计划，寻求他们的监督和支持，也可参加戒烟小组或咨询专业戒烟机构。 四、控烟倡议 积极学习和宣传控烟知识，支持控烟工作。 自觉遵守公共场所禁烟规定，不在室内、公共交通工具等禁烟区域吸烟。 阻他人吸烟，尤其是儿童、孕妇和老人，共同营造无烟环境。 参与“无烟单位”“无烟家庭”创建活动，从身边做起，推动社会控烟进程。 控烟不仅是对自己健康的负责，也是对家人和社会的关爱。让我们携手行动，远离烟草，拥抱健康生活。 "";",微信,电子城光华路社区卫生服务中心,2025-09-23 16:48:10,http://mp.weixin.qq.com/s?__biz=Mzg4ODU3NTE3OA==&mid=2247502933&idx=3&sn=fa6f251671c407d57e4d6558004bb5fb&chksm=ce323a7fedc337a767e5daf7f5c82dccee8588ed81d39926f5616270f2de00ed8ee85bb57c7f#rd,未知,控烟、戒烟,中性,报道事实类
2025010130,控烟法规与消防安全知识：守护生命与健康的双防线,"title: 控烟法规与消防安全知识：守护生命与健康的双防线 summary: 在我们的日常生活中，控烟法规和消防安全知识如同两条重要的防线，共同守护着我们的生命安全和身体健康。控烟法规和消防安全知识是紧密相连的，遵守控烟法规不仅是对自身和他人健康的负责，也是对消防安全的保障。 content: ""; ""; ""; 控烟一小步 健康一大步 在我们的日常生活中，控烟法规和消防安全知识如同两条重要的防线，共同守护着我们的生命安全和身体健康。 ""; 控烟法规课堂 ""; 首先，让我们来了解一下控烟法规。我国多地已出台了相关的控烟法规，例如《上海市公共场所控制吸烟条例》就明确规定，室内公共场所、室内工作场所、公共交通工具内禁止吸烟。同时，一些公共场所的室外区域也被列为禁止吸烟区，如托儿所、幼儿园、中小学校等以未成年人为主要活动人群的场所，妇幼保健院、儿童医院，体育场馆、演出场所的观众坐席和比赛、演出区域等。违反控烟法规的个人，可能会面临五十元以上两百元以下的罚款，场所所在单位若不履行禁烟义务，也会受到相应处罚。 ""; ""; ""; 远离烟草 这些法规的制定，不仅是为了保护不吸烟者免受二手烟的危害，也是为了营造一个健康、文明的社会环境。然而，在现实生活中，仍有部分人对控烟法规视而不见，在禁止吸烟的场所内吸烟，这不仅违反了法律规定，还可能引发消防安全隐患。 说到消防安全，吸烟可是引发火灾的重要原因之一。一个未熄灭的烟头，看似微不足道，却可能带来巨大的灾难。据央广网报道，2024年8月3日深夜，广东省湛江市一高层住宅小区五楼阳台突发火灾，起火原因为某高层住户将未熄灭的烟蒂扔到窗外，引燃楼下阳台杂物。根据《中华人民共和国消防法》第六十四条第二款规定：过失引起火灾的，尚不构成犯罪的，处十日以上十五日以下拘留，可以并处五百元以下罚款；情节较轻的，处警告或者五百元以下罚款。而对在禁止吸烟场所吸烟，导致火灾事故，致人重伤、死亡或者使公私财产遭受重大损失的，根据《中华人民共和国刑法》第一百一十五条第二款的规定，对直接责任人应追究失火罪，处3年以上7年以下有期徒刑；情节较轻的，处3年以下有期徒刑或者拘役。 为了预防烟头“惹火”，我们要牢记吸烟八不要：不要躺在床上和沙发上吸烟；不要在生产车间和仓库里吸烟；不要让烟灰掉落在可燃物上；大风天不要在户外吸烟；不要随意乱扔烟头；不要在山林和草丛里吸烟；不要在维修汽车和清洗附件时吸烟；不要在严禁用火的地方吸烟。 ""; 全民共筑无烟屏障 控烟法规和消防安全知识是紧密相连的，遵守控烟法规不仅是对自身和他人健康的负责，也是对消防安全的保障。我们每个人都应该积极学习和宣传控烟法规和消防安全知识，从自身做起，共同营造一个无烟、安全的社会环境。 ""; END ""; 供稿来源丨服务中心 文案编辑丨高晓旭 审核校对丨冯羽 关冬晓",微信,瓦房店第三医院,2025-09-23 16:47:30,http://mp.weixin.qq.com/s?__biz=MzIxNDE5NTA0OQ==&mid=2654137352&idx=1&sn=86a12e9516c4e592dab78f60c51fd6ca&chksm=8d9b33bad70543942b371d899adeee81c3b13618b1ed06af0fe0adb99e62d2d799604b675a6a#rd,上海市,控烟,中性,报道事实类
2025010198,第五章 如果孩子已经尝试吸烟：如何冷静而有效地干预,title: 第五章 如果孩子已经尝试吸烟：如何冷静而有效地干预 summary: 这是最让家长恐慌的时刻。但你的反应，决定了这件事是成为一个教育的契机，还是一个将孩子推远的转折点。发现孩子尝试吸烟，你的怒火和失望是正常的。5.5如何处理已形成习惯的情况如果孩子已经不止是尝试，而是形成了吸烟习惯，干预策略需要升级。帮助孩子分析原因，重新上路。 content: 这是最让家长恐慌的时刻。但你的反应，决定了这件事是成为一个教育的“契机”，还是一个将孩子推远的“转折点”。 5.1 冷静第一：切忌“世界末日”反应 发现孩子尝试吸烟，你的怒火和失望是正常的。但请务必在发作之前，先让自己冷静下来。记住：“尝试”不等于“上瘾”。在青少年期，出于好奇尝试一次香烟是非常普遍的现象。你的过度反应，反而可能因为“禁果效应”而让它变得更有吸引力。 5.2 重启对话：从关心开始，而非审判 不要一开始就定罪：“你竟然抽烟了！说！什么时候开始的！” 尝试用关心的口吻开启：“儿子/女儿，我注意到你好像尝试过抽烟了（陈述事实，而非指责）。我有点担心，也很想知道你是怎么想的？能和我聊聊吗？” 5.3 重温陷阱，共情引导 如果他承认了，这是一个绝佳的教育机会。你可以用共情的语气，和他重温我们第一部分学过的知识： “我完全理解，你可能是因为好奇，或者朋友都在抽，你觉得很难拒绝。但你知道吗？当你点第一支烟感到头晕、恶心时，那不是因为你‘不会抽’，而是你的身体在真诚地告诉你‘这是毒药！’。那些能‘享受’烟的人，只是身体已经习惯了这种毒药，他们抽烟只是为了暂时摆脱不抽烟就产生的难受感。我很不希望你也要经历这个过程。” 5.4 共同制定解决方案，把他拉入“同盟” 最后，把他从“问题方”转变为“解决方”。 “接下来你打算怎么做？如果下次他们再给你，你准备用我们之前练过的哪句话来拒绝？” “需要爸爸妈妈帮你做点什么吗？比如，需要我帮你推掉一些你觉得压力很大的聚会吗？” 让他感受到你们是站在一起共同面对这个问题，而不是你和他之间的对抗。 5.5 如何处理已形成习惯的情况如果孩子已经不止是尝试，而是形成了吸烟习惯，干预策略需要升级。 · 识别深层问题：持续吸烟往往是更深层问题（如抑郁、焦虑、学业压力、社交困难）的症状。需要与孩子一起探讨：“吸烟是否在帮你缓解某种更难受的感觉？我们能不能一起找到更好的方法来处理那种感觉？”· 制定详细的戒烟支持计划：与孩子共同制定计划，包括： · 戒烟日：选择一个有意义的日子开始。 · 识别触发点：明确在什么场景下最想吸烟（如饭后、压力大时），并提前规划替代行为（如嚼口香糖、深呼吸、马上出去散步）。 · 奖励机制：将省下的烟钱攒起来，用于实现孩子的一个愿望。 · 全家的支持：家人如何在他烦躁时给予理解，如何庆祝他戒烟的每一个小里程碑。 5.6 relapse（复吸）的处理戒烟过程中复吸很常见，这并非失败，而是学习过程的一部分。 · 应对策略：不要指责：“看吧，我就知道你不行！” 应给予支持：“这次复吸让我们学到了什么？是哪个触发点我们没有准备好？接下来我们怎么调整计划？” 帮助孩子分析原因，重新上路。,微信,德松聊戒烟,2025-09-23 16:33:00,http://mp.weixin.qq.com/s?__biz=Mzk0MDY3ODAxMg==&mid=2247483693&idx=1&sn=c2a5b74d12fb093d8603fa0aaf7b8bc7&chksm=c3e019237bd052e5cefe4642dd0f5f2fe8f6d646784bd41bb00fdfa2e3e776117b7f7ee6032d#rd,未知,戒烟,中性,评论观点类
2025010132,【疾控动态】持续推进控烟行动 共建共享无烟环境,"title: 【疾控动态】持续推进控烟行动 共建共享无烟环境 summary: 进一步增强全民控烟意识，筑牢社会共同参与的控烟防线，9月22日，大兴区疾病预防控制中心执法四队联合旧宫镇政府教科文体办公室、旧宫镇社区卫生服务中心防保科。针对餐饮场所控烟难点，执法人员对重点商户进行了明确的法规告知和责任约谈，强调公共场所禁烟是法定义务，餐饮经营者必须承担起禁烟管理的第一责任。 content: ""; 持续推进控烟行动 共建共享无烟环境 ""; 进一步增强全民控烟意识，筑牢社会共同参与的控烟防线，9月22日，大兴区疾病预防控制中心（区卫生健康监督所）执法四队联合旧宫镇政府教科文体办公室、旧宫镇社区卫生服务中心防保科，在旧宫镇宣颐家园东门组织开展了以“人人参与控烟活动 共创健康无烟环境”为主题的集中宣传活动，重点面向周边社区居民与餐饮商户进行精准宣传与责任传导。 ""; ""; ""; ""; ""; 执法人员严格落实“谁执法谁普法”责任制，通过悬挂横幅、发放资料、现场讲解等多种形式，向居民普及吸烟与二手烟的严重危害，倡导“每个人是自己健康第一责任人”的理念，引导公众拒吸第一支烟，勇于拒绝二手烟，共同营造无烟健康家园。 ""; ""; ""; ""; 针对餐饮场所控烟难点，执法人员对重点商户进行了明确的法规告知和责任约谈，强调公共场所禁烟是法定义务，餐饮经营者必须承担起禁烟管理的第一责任。同时，要求各商户严格执行在醒目位置张贴禁烟标识、公示监督举报电话的规定，必须建立内部控烟管理制度，必须落实日常巡查和主动劝阻机制，不得提供任何烟具。对屡教不改、责任落实不到位的商户，卫生监督部门将依法予以处罚，确保控烟要求从“纸面”落到“地面”。 ""; 营造无烟环境，既需要公民的自觉，更需要场所管理者的主动作为和监管部门的严格执法。下一步，大兴区疾控中心（监督所）将持续加大执法检查频次与力度，聚焦餐饮单位等重点场所开展专项整治，对违法行为发现一起、查处一起，切实巩固宣传成效，推动形成“行业自律、政府监管、社会监督”的常态化控烟工作格局。 ""; 养成健康生活方式 做自己健康的第一责任人 ""; 赞是一种鼓励 ""; 分享是一种支持 来源：执法四队，转载本文请注明文章来源于“大兴区疾病预防控制中心”微信公众号。 "";",微信,北京大兴卫生监督,2025-09-23 16:28:31,http://mp.weixin.qq.com/s?__biz=MzA5MTkxNzE3MQ==&mid=2651069566&idx=1&sn=73133b3ab38b41c2a05a96da3395209e&chksm=8a416609a4a193cffaf8305df0c2cc187df2d20876437077e96384d323f5a3ce5cb604269727#rd,北京市,控烟,正面,报道事实类
202501012,【戒烟瘦身 悦亭戒烟】老年人戒烟：戒烟药安全吗？,"title: 【戒烟瘦身 悦亭戒烟】老年人戒烟：戒烟药安全吗？ summary: 老年人戒烟：戒烟药安全吗？今天，我们就来聊聊老年人戒烟和戒烟药的那些事。无论吸烟多久，戒烟都能立即带来健康益处：●戒烟的20分钟内，心率和血压就会下降。对老年人而言，戒烟可显著降低心脏病、肺癌、慢性支气管炎等疾病风险，同时改善血液循环、增强味觉和嗅觉，提高生活质量。 content: 点击蓝字 关注我们 ""; ""抽了大半辈子，戒不掉了啊！"" ""一把年纪了，还戒什么烟呀？"" ""戒烟药是不是有副作用？我这身体能吃吗？"" 很多老年烟民面对戒烟时，常有这样的疑虑。今天，我们就来聊聊老年人戒烟和戒烟药的那些事。 PART.01 为什么老年人更应该戒烟？ 有些人认为，年长者吸烟多年，身体已经""适应""了，戒烟反而不利。这完全是误区！无论吸烟多久，戒烟都能立即带来健康益处： ●戒烟的20分钟内，心率和血压就会下降 ● 12小时后，血液中的一氧化碳水平恢复正常 ●1年后，冠心病风险降低50% ●5年后，中风风险降至与非吸烟者相似 对老年人而言，戒烟可显著降低心脏病、肺癌、慢性支气管炎等疾病风险，同时改善血液循环、增强味觉和嗅觉，提高生活质量。 ""; 无论年龄多大，戒烟都能为健康带来显著改善。研究表明，60岁戒烟可延长3年寿命，即便80岁戒烟，也能增加近1年的预期寿命。 PART.02 老年人常用的戒烟方法 戒烟方法应根据个人情况选择，老年人建议在医生指导下制定个性化戒烟方案，尤其是合并有基础疾病的人群。 ● 突然停止法 立即完全停止吸烟，适合意志力较强的老年人 ● 逐渐减量法 逐步减少吸烟数量，让身体慢慢适应尼古丁的戒断 ● 行为疗法 改变与吸烟相关的习惯，如饭后散步代替吸烟 ● 药物辅助治疗 使用戒烟药物减轻戒断症状，提高成功率 ""; ""; ""; PART.03 戒烟药安全吗？ 目前常见的戒烟药物主要有尼古丁替代疗法（NRT）和非尼古丁类处方药，这两类药物对老年人都是相对安全的，但需要正确使用。 尼古丁替代疗法（NRT） 包括贴片、口香糖、含片等，通过向身体提供少量尼古丁，减轻戒断症状。 对老年人的安全性： 优点： 避免了一氧化碳和焦油等有害物质，剂量可控 注意事项： - 有严重心脏病、未控制的高血压患者应谨慎使用 - 需在医生指导下选择合适剂量 - 某些药物（如哮喘药、降压药）可能与NRT有相互作用 非尼古丁类处方药 如安非他酮，通过影响大脑中的神经递质来减轻戒烟的渴望和戒断症状。 对老年人的安全性： 优点： 不含尼古丁，戒烟成功率较高 注意事项： - 必须在医生指导下使用 - 有特定禁忌症，如癫痫、肾功能不全患者禁用安非他酮 - 可能有一些副作用，如口干、失眠，需密切监测 ""; PART.04 老年人使用戒烟药的实用建议 ● 咨询医生 在开始任何戒烟药前，必须咨询医生，全面评估身体状况 ● 详细告知用药史 告诉医生你正在服用的所有药物，包括处方药和非处方药 ● 从小剂量开始 老年人代谢较慢，可能需从低剂量开始 ● 密切观察反应 注意任何不适反应，及时与医生沟通 ● 结合行为改变 药物只是辅助，成功戒烟还需要改变与吸烟相关的习惯和行为 ● 寻求支持 告诉家人和朋友你的戒烟计划，获得他们的支持 健康生活 Healthy Living 戒烟，任何时候都不晚 对老年人而言，戒烟永远不会太晚。在医生指导下，戒烟药通常是安全的，且益处远大于风险。每个老年人的情况不同，最关键的是找到适合自己的戒烟方法。戒烟之路可能充满挑战，但每坚持一天，你就向健康迈近了一步。 ""; 【免责声明】 本图文内容来自网络，不代表本平台立场，凡本平台转载的所有文章、图片、视频等资料的版权均归版权所有人所有，仅供读者参考、学习。参考此文是出于传递更多健康知识之目的，如本平台所选内容的文章作者及编辑认为不宜浏览使用，或侵犯了您的合法权益，请立即通知我们予以删除！同时本公众号及涉及图文均为医学科普仅供参考 ，如有身体不适请尽早线下就医！",微信,悦戒bestlife,2025-09-23 16:17:02,http://mp.weixin.qq.com/s?__biz=MzkxNTQ1MjI5Mw==&mid=2247505472&idx=1&sn=98f85cd51fc4e48f049728ca7ba74745&chksm=c075161ba99dc97ad0925ca16f52465b1c970848ccf9ebc94836a91936521b433465aedbf972#rd,未知,戒烟,中性,报道事实类
2025010120,筑牢戒烟服务网 擦亮监测“雷达眼”-记雅安市2025年戒烟门诊建设暨烟草流行监测技术培训班,"title: 筑牢戒烟服务网 擦亮监测“雷达眼”-记雅安市2025年戒烟门诊建设暨烟草流行监测技术培训班 summary: 为深入推进健康中国和健康四川行动目标落实，聚焦戒烟门诊建设与烟草流行监测能力提升，9月19日，雅安市举办了全市2025年戒烟门诊建设暨烟草流行监测技术培训班。如发现政治性、事实性、技术性差错及版权问题等错误信息，请及时联系我们删除，感谢支持！ content: ""; ""; 为深入推进健康中国和健康四川行动目标落实，聚焦戒烟门诊建设与烟草流行监测能力提升，9月19日，雅安市举办了全市2025年戒烟门诊建设暨烟草流行监测技术培训班。市疾控局局长、委党组成员、副主任吴天龙出席开班仪式并讲话，市疾控中心党总支书记、主任张刚安排烟草流行监测工作，市疾控中心党总支委员熊江主持开班仪式。 ""; 培训班上，国内知名控烟专家、云南省大理州人民医院夏冰医生，从实践层面系统介绍了戒烟门诊建设的成功经验与运行模式。市疾控中心专业人员重点解读了戒烟门诊的建设标准、评估要点及实施路径，并就烟草流行监测工作方案要求，对监测抽样、问卷调查、现场实施与数据管理等关键技术环节进行了培训。 张刚就烟草流行监测工作进行安排，烟草监测是疾控系统的核心能力，需依托科学规范的方法，系统收集、分析和解读烟草使用相关数据，全面涵盖行为、认知及环境等多维内容。监测数据不仅作为政策制定的“数据基石”，也是评估控烟效果的“精准标尺”与风险预警的“前沿哨所”。为确保数据质量，必须严格把控方案设计、调查实施与数据管理全流程，做到规范统一、准确可靠，切实将数据转化为可支持决策的行动依据，为控烟工作提供科学保障。 吴天龙讲话强调，要深刻认识戒烟门诊作为戒烟服务主阵地、烟草监测作为政策“雷达”的重要作用，切实增强工作的责任感和紧迫感；要全力推进戒烟门诊的科学布局、资源保障与流程规范，不断提升服务可及性和专业性，筑牢戒烟服务网络基础；要将烟草流行监测作为核心专业能力抓实，确保方案科学、调查规范、数据严谨，强化分析解读与政策转化，为决策提供可靠支撑；要强化协同保障，充分发挥爱卫办组织协调作用、疾控机构技术支撑作用和医疗机构主体作用，强化技术支撑与决策参谋功能，推动行政与技术高效联动，凝聚合力促进控烟工作深入开展。 本次培训内容充实、针对性强，为全市戒烟服务与烟草监测工作指明了方向、提供了方法，有效提升了参训人员的专业能力和实操水平，为下一步推动雅安控烟工作深入开展奠定了坚实基础。 市、县（区）爱卫办、疾控中心、市级二级以上医疗机构和各县（区）二级以上公立医疗机构相关负责同志与业务骨干共计60余人参加培训。 ""; 来源：市爱卫办| 核稿：黄熠 | 审发：大松 ""; 本平台对转载、分享、陈述、观点保持中立，目的仅在于传递更多信息，并不代表本平台赞同其观点和对其真实性负责。如发现政治性、事实性、技术性差错及版权问题等错误信息，请及时联系我们删除，感谢支持！",微信,健康雅安官微,2025-09-23 16:16:58,http://mp.weixin.qq.com/s?__biz=MzI3MDEwNTY2Nw==&mid=2650412751&idx=2&sn=924318f05e0a5cab0b705d5f6c1b3a15&chksm=f3732f60409f5689506dda8ed48f11a56f49b4a5edeb03090f186f96d3329c0717b6c3e72841#rd,四川省,戒烟、控烟,中性,报道事实类
2025010155,【爱国卫生】学苑社区开展“科学普及烟草危害  全方位守护居民健康”宣传活动,"title: 【爱国卫生】学苑社区开展“科学普及烟草危害 全方位守护居民健康”宣传活动 summary: 为切实提高辖区居民对烟草危害的认知水平，牢固树立自己是健康第一责任人理念，学苑社区于9月23日组织开展烟草危害与科学戒烟主题科普宣传活动，重点面向青少年、中老年烟民等群体，多形式传递无烟健康生活理念。 content: ""; ""; 为切实提高辖区居民对烟草危害的认知水平，牢固树立“自己是健康第一责任人”理念，学苑社区于9月23日组织开展烟草危害与科学戒烟主题科普宣传活动，重点面向青少年、中老年烟民等群体，多形式传递无烟健康生活理念。 ""; ""; 活动现场通过设置宣传展板、发放科普手册、专家现场答疑等形式，向居民详细讲解烟草中尼古丁、焦油等有害物质对呼吸系统、心血管系统的危害，以及二手烟、三手烟对老人、儿童、孕妇等易感人群的健康影响。同时，社区邀请专业医师针对“科学戒烟方法”“戒烟常见误区”“戒烟后身体调理”等内容进行讲解，现场为有戒烟意愿的居民制定个性化戒烟计划，并提供心理疏导支持。 ""; 此次活动共发放宣传资料200余份，服务居民150余人次，现场接收戒烟咨询30余人。通过精准化、针对性的科普宣传，有效提升了辖区居民对烟草危害的认知度，进一步推动“人人关注控烟、人人参与控烟”的良好氛围形成，为建设健康社区奠定坚实基础。 ""; ""; 撰稿：赵志欣 编辑：张红梅 终审（保密审）：秦秀峰",微信,鲁北街道学苑社区,2025-09-23 16:14:36,http://mp.weixin.qq.com/s?__biz=MzI4ODE4NzUwMA==&mid=2247496825&idx=2&sn=fbedc911eea4b89844140125bc34c94a&chksm=ea7af6bc7fed7dc90cc323b690a0e7d97b265458e12ba2f8d56700c79e4819b867c3564de5a2#rd,未知,戒烟、控烟,正面,报道事实类
2025010110,【健康教育】禁烟控烟知识宣传,"title: 【健康教育】禁烟控烟知识宣传 summary: 吸烟可带来减少寿命、诱发心血管疾病、导致肺部疾病、影响睡眠等多种危害，同时，它也是多种疾病的诱发因素。二手烟指从卷烟或其他烟草制品燃烧端散发的烟雾，且通常与吸烟者散发的烟雾混杂在一起。医生劝告戒烟法：吸烟者有不适时，医生指出吸烟的危害建议其戒烟，易收到较好的效果。 content: ""; ""; 一、烟草的危害 吸烟可带来减少寿命、诱发心血管疾病、导致肺部疾病、影响睡眠等多种危害，同时，它也是多种疾病的诱发因素。烟草中的有害成分达3000余种，明确的致癌物有69种。你可能不知道： 1支烟中的尼古丁可毒死一只老鼠； 25支烟中的尼古丁可毒死一头牛； 40-60毫克的尼古丁可毒死一个人。 ""; ""; 而近年，年轻人追捧的电子烟，正在以其独特的营销方式让青年朋友为之疯狂。 ""; ""; ""; 图片源自网络 ""; 二、二手烟及其危害 二手烟指从卷烟或其他烟草制品燃烧端散发的烟雾，且通常与吸烟者散发的烟雾混杂在一起。二手烟中含有几百种已知的有毒或者致癌物质,包括甲醛、苯、氯乙烯、砷、氨和氢氰酸等。 二手烟已被美国环保署和国际癌症研究署确定为A类致癌物质。与吸烟者本人吸入的烟雾相比，二手烟的许多致癌和有毒化学物质的浓度更高。吸烟会导致多种脑部疾病，会减少循环脑部的氧气和血液，引发脑部血管出血及闭塞，导致麻痹、智力衰退及中风。 ""; ""; 三、如何科学戒烟 1、意志戒烟法：下定决心，熬过初期的困难阶段；做好安排，转移自己的注意力；培养新习惯，如饭后饮茶代替吸烟，尽量避免进入吸烟的环境。 2、减量戒烟法：如定下计划，第一周每天减5支，第二周每天减10支，第三周减剩5支，第四周完全戒掉。 3、药物戒烟法：有戒烟汤、酒、茶、糖等剂型。有计划地服用，逐步减少吸烟，能收到一定成效。 4、医生劝告戒烟法：吸烟者有不适时，医生指出吸烟的危害建议其戒烟，易收到较好的效果。 5、饮食戒烟法：碱性食物有利于平衡体液的酸碱度而戒烟，如瓜果蔬菜类、豆类、牛奶、海藻食物等。 ""; ""; 四、戒烟从来不晚 "";""; ""; 五、常见戒烟认识误区 "";""; ""; 五、青少年控烟宣传核心信息 ""; ""; ""; ""; ""; ""; 七、禁烟控烟倡议书 ""; 1. 要在办公室、会议室、教室等场所率先做到全面禁烟、张贴禁烟标志，并通过各种禁烟形式宣传吸烟有害的健康科普知识。 #2 ""; 2. 学习烟草危害知识，提高控烟防护意识，做好控烟支持者和参与者。 #3 ""; 3. 自觉遵守在公共场所禁止吸烟规定，不在公共场所吸烟。 #4 ""; 4. 谢绝一支香烟，养成文明健康生活方式 #5 ""; 5. 积极参与“无烟单位” 创建活动，营造主动参与控烟，自觉远离烟草的氛围。 #6 ""; 6. 争做控烟宣传员和劝导员，鼓励吸烟者早日戒烟。 #7 ""; 7. 敢于向“二手烟”说不，同时对吸烟者进行劝阻。 让我们行动起来 拒绝烟草，珍爱生命 减少疾病，引领健康 共创一个没有烟草危害的 清新环境与和谐社会！ 来源：苍梧县人民医院 排版：杨喜杏 审核：周丝莹 责编：苏全宝 ""; "";",微信,洱源发布,2025-09-23 16:00:00,http://mp.weixin.qq.com/s?__biz=MzIwNjg2Nzg5Mg==&mid=2247653921&idx=2&sn=134aca564a1222d38ec90f3dfcedd085&chksm=969c68251fe199a297a69594b3e656917a0fd27644de45a3d40bb532a92e05a2d009e7b4f411#rd,未知,控烟、戒烟,中性,报道事实类
2025010144,【新时代文明实践站】花园街道武庙屯社区共建无烟环境的控烟倡议书​,"title: 【新时代文明实践站】花园街道武庙屯社区共建无烟环境的控烟倡议书​ summary: 亲爱的居民朋友们：为减少烟草烟雾危害，守护每一位居民的身心健康，营造文明、宜居的社区氛围，花园街道武庙屯社区居委会特此发出倡议，诚邀全体居民携手行动：一、争做无烟理念的传播者。若家中有吸烟成员，尽量在阳台等通风处吸烟，避免二手烟影响家人，尤其要保护老人和孩子的健康。 content: ""; 亲爱的居民朋友们： 为减少烟草烟雾危害，守护每一位居民的身心健康，营造文明、宜居的社区氛围，花园街道武庙屯社区居委会特此发出倡议，诚邀全体居民携手行动： 一、争做 “无烟理念” 的传播者 主动学习烟草危害知识，向家人、朋友宣传控烟的重要性，让 “吸烟有害健康”“二手烟危害他人” 的理念深入人心。看到邻里在公共场合吸烟时，以温和、友好的方式提醒，共同营造 “控烟光荣、吸烟可耻” 的社区氛围。 ""; 二、争做 “无烟环境” 的守护者 严格遵守《控制吸烟条例》，不在公共区域吸烟，包括但不限于：楼道、电梯、单元门口、社区广场、健身路径、儿童游乐区、老年活动中心等场所。若家中有吸烟成员，尽量在阳台等通风处吸烟（并妥善处理烟蒂），避免二手烟影响家人，尤其要保护老人和孩子的健康。 ""; 三、争做 “无烟生活” 的践行者 吸烟的居民朋友，不妨尝试减少吸烟频率，逐步戒烟 —— 或咨询专业医生的戒烟建议；不吸烟的居民朋友，继续保持健康生活习惯，带动身边人远离烟草。 居民朋友们，清新的空气、健康的环境，需要每一个人的努力。让我们从现在做起，从拒绝在公共区域吸烟做起，一同打造宜居、健康的美好家园！ ""; 花园街道武庙屯社区居委会2025年9月24日 ""; "";",微信,花园街武庙屯社区,2025-09-23 15:54:28,http://mp.weixin.qq.com/s?__biz=MzU2NDA2Mjg5MA==&mid=2247491803&idx=3&sn=892eaf06ea17365e9f9fa3a840bfe0c7&chksm=fdcb610cb72d6dd5143d75ba83fc9d923c2cfe2dd35593c56dcfd8f4d366826ad168b13796d3#rd,江西省,控烟、戒烟,中性,评论观点类
2025010162,戒烟打卡第713天,"title: 戒烟打卡第713天 summary: 戒烟打卡第713天 ; content: "";",微信,宝和斋之飞鸿,2025-09-23 15:53:49,http://mp.weixin.qq.com/s?__biz=MzIxMTM3NTg0MA==&mid=2247489093&idx=4&sn=2fefa5148d7bd0b60acacfebddd01522&chksm=9632d6e8f3c55c3fc8d516159f587a09620716042323dcd1d209b3e95437778fcf05226e786d#rd,未知,戒烟,中性,评论观点类
2025010121,学前教育系开展“校园控烟”主题活动,"title: 学前教育系开展“校园控烟”主题活动 summary: 为响应国家控烟号召，进一步加强校园控烟工作，提高同学们对吸烟危害的认识，增强控烟意识，营造健康、清洁的校园环境。为此学前教育系学生会学习部于2025年9月15日开展《校园控烟》主题班会。让我们携手共进，从自身做起，从现在做起，坚决抵制吸烟，共同创造一个健康、美丽、无烟校园。 content: ""; 点击蓝字 关注我们 ""; 为响应国家控烟号召，进一步加强校园控烟工作，提高同学们对吸烟危害的认识，增强控烟意识，营造健康、清洁的校园环境。为此学前教育系学生会学习部于2025年9月15日开展《校园控烟》主题班会。 ""; ""; 本次活动以班会形式开展，参加本次活动的人员是23、24、25级全体人员，各班同学积极配合，提高同学们对吸烟危害的认识，增强同学们控烟意识。 ""; ""; 控烟工作是一项长期而艰巨的任务，需要我们每个人的共同努力。让我们携手共进，从自身做起，从现在做起，坚决抵制吸烟，共同创造一个健康、美丽、无烟校园。 ""; ""; ""; ""; 作者|钟 月 校对|董纹竹 终审|刘 硕",微信,师专学前系,2025-09-23 15:50:36,http://mp.weixin.qq.com/s?__biz=MzIwNzEwNDk4Nw==&mid=2648040219&idx=1&sn=7d83ed665f77590ee95e9b286c7fca96&chksm=8e71193cfa2d603e41058d48a67c7e20b4e059d75711ada7b101aae73a8f725e406ed059d9ef#rd,未知,控烟,中性,报道事实类
2025010148,开展大学生烟草流行监测和百人百日戒烟大赛活动支持性工具物资采购询价函,title: 开展大学生烟草流行监测和百人百日戒烟大赛活动支持性工具物资采购询价函 summary: 按照省卫健委、省教育厅《关于印发2025年河北省大学生烟草流行监测实施方案的通知》和2025年中央几本公共卫生服务补助健康素养促进项目相关要求，我市将开展大学生烟草流行监测调查和戒烟大赛工作，需采购一批支持性工作物资。 content: 按照省卫健委、省教育厅《关于印发2025年河北省大学生烟草流行监测实施方案的通知》（冀卫健指函〔2025〕3号）和2025年中央几本公共卫生服务补助健康素养促进（戒烟服务）项目相关要求，我市将开展大学生烟草流行监测调查和戒烟大赛工作，需采购一批支持性工作物资。预算金额44400元，请各公司积极参与报价。我中心将从回复此询价函的机构中选取满足质量和服务要求且价格最低的公司作为此次开展大学生烟草流行监测和百人百日戒烟大赛活动支持性工具物资采购项目的供应公司。 请填写报价函并盖章，将原件密封后，于2025年9月 27日17时前邮寄至：河北省张家口市桥西区西苑南路2号，张家口市疾病预防控制中心（市卫生监督所），联系人：郭雪倩，电话：15694581022。 开展大学生烟草流行监测和百人百日戒烟大赛活动支持性工具物资采购询价报价表.pdf 国际通用禁止吸烟标识（含电子烟）.pdf 张家口市疾病预防控制中心（市卫生监督所） 2025年9月23日,微信,张家口市疾病预防控制中心,2025-09-23 15:50:04,http://mp.weixin.qq.com/s?__biz=MzA5NTYxOTEwOQ==&mid=2652338183&idx=1&sn=cd14a254bfb3f4125644fd313056ac90&chksm=8a709f916180496f47fff0678a59c8c2ca208ac285a4234c2e24efcfe06f4b59224c3e58c24e#rd,河北省,戒烟,中性,报道事实类
2025010116,抓重点 攻难关 落实落细控烟新举措,"title: 抓重点 攻难关 落实落细控烟新举措 summary: 针对辖区内部分写字楼一直以来控烟投诉量大、重复投诉量大、执法取证难、控烟措施落实不到位等突出问题。针对现场发现的问题与物业召开座谈会，深入分析问题根源。针对存在烟民的重点商户，要求商户负责人组织吸烟人员签署《单位控烟个人承诺书》，并对吸烟人员进行控烟宣教。 content: ""; 针对辖区内部分写字楼一直以来控烟投诉量大、重复投诉量大、执法取证难、控烟措施落实不到位等突出问题。近日，朝阳区卫生健康监督所对问题较多、群众反映较强的部分商务楼宇开展专项执法监督检查，并就发现的问题现场研究部署整改措施。 开展现场检查 督导物业落实控烟主体责任 重点对楼宇内步梯间、卫生间、过道以及商户办公区域等点位进行检查，发现卫生间、步梯间等隐蔽点位烟味浓烈、烟头遍地，个别商户办公区域内有烟灰缸、烟头，证明楼内违规吸烟行为长期失管，且有人员聚集吸烟的情况，折射出物业控烟管理措施弱的问题。 针对现场发现的问题与物业召开座谈会，深入分析问题根源。对物业做出控烟指导，要求物业提高控烟巡查频率、延长控烟巡查时间，规范留存巡查视频、照片等资料；全面摸排楼宇内商户吸烟人员情况，建立重点管控商户清单，并对全体租住商户开展控烟法规宣教。 现场约谈商户 开展控烟普法宣传 现场检查过程中，对四家存在办公区域、楼道及卫生间等控烟场所吸烟行为的商户进行约谈，并进行控烟普法宣传，排查出烟民40余人。 针对存在烟民的重点商户，要求商户负责人组织吸烟人员签署《单位控烟个人承诺书》，并对吸烟人员进行控烟宣教。建立健全内部控烟奖惩制度，引导本单位烟民到指定区域吸烟，切实规范员工行为。 建立长效机制 确保源头治理成效 建立由物业负责人、商户负责人及卫生监督员组成的控烟工作联络群，明确职责分工和信息报送规范。通过信息共享、快速响应，实现齐抓共管、闭环处置的目标。 物业适时上传现场巡查视频、照片等资料，如发现吸烟行为，将吸烟人员照片上传至群内，由商户负责人认领核实，各自“看好自己的门，管好自己的人”，对屡教不改的单位或个人，监督所将采取严厉处置措施。 此次执法监督检查细致周到、督导有力，压实了物业控烟主体责任，提升了楼宇内商户的控烟思想意识，规范商户控烟管理的方式方法，认真落实控烟责任；建立了“三位一体”长效控烟机制，有利实现控烟源头治理的目标。 ""; 点击下方名片 关注健康朝阳 获取更多资讯❤ 来源：北京朝阳卫生监督 微信号",微信,健康朝阳,2025-09-23 15:24:12,http://mp.weixin.qq.com/s?__biz=Mzg3Nzc1NzUxOA==&mid=2247713711&idx=1&sn=b564bf065111f39645f30bff4cbc862d&chksm=ceb4112fd5e27de8db4fd49864553efb62b02d2eec44cfa256b74eae726642e8b8e7002a1fa1#rd,辽宁省,控烟,中性,报道事实类
2025010182,在公共场所吸烟无异于害人,"title: 在公共场所吸烟无异于害人 summary: 投诉绍兴鲁迅故里鲁迅吸烟景墙的控烟志愿者孙女士道歉了，这是意料之中的，那么多的媒体、评论员、网民都在骂她，除非像我这种根本就不怕网暴的，一般的人是受不了的，道歉是早晚的事。 content: 投诉绍兴鲁迅故里鲁迅吸烟景墙的控烟志愿者孙女士道歉了，这是意料之中的，那么多的媒体、评论员、网民都在骂她，除非像我这种根本就不怕网暴的，一般的人是受不了的，道歉是早晚的事。她为自己的行为道歉的理由是""浪费了公共资源""，这也是官媒批她的理由，说她炒作鲁迅吸烟滥用公共资源。网上举报、投诉、批评浪费了什么公共资源？难道是因为浪费了网络流量吗？ 这个事件上，可以说烟民们取得了胜利。不过很多烟民对孙女士的道歉不满意，认为她道歉不诚恳，没有反思自己不尊重鲁迅。有人批评她说，孔雀开屏你看腚。这么说的人也承认鲁迅吸烟不是什么光彩的行为，所以把它比作是孔雀的屁股。但是孙女士并不是从哪一个角落挖出了鲁迅吸烟这件事拿出来批，而是鲁迅故里公司将鲁迅吸烟图放到了景墙上，逼着所有的游客都要去看孔雀的腚，""孔雀开屏你看腚""这句话应该用来批鲁迅故里公司和维护这道景墙的人才对，怎么变成了批投诉的人了？ 还有人说，如果鲁迅吸烟不能画到墙上的话，那么把武松打虎画到墙上，是不是就会违反了保护野生动物法呢？这是把两件不相干的事情扯到一起胡搅蛮缠。武松打虎在古代被认为是为民除害，而在水浒传里武松也对自己打虎感到很自豪，但是鲁迅生前就不觉得自己吸烟是什么光彩的事情，还为戒不了烟烦恼。其次，武松打虎的画像可以表现武松的英雄形象，但是把鲁迅吸烟画到了墙上，能够突出鲁迅的什么光辉形象吗？第三，未成年人看了武松打虎不会跟着学，不会也要去打虎，现在也没有老虎可打了，但是未成年人看到伟人、名人、偶像吸烟，就有可能模仿。 吸烟的诱惑是一个潜移默化的过程，这就是为什么中国现在对影视作品限制出现吸烟的镜头，就是怕对未成年人造成影响。只不过中国因为没有电影分级制度，在这方面的限制可能太严，引起了人们的不满，但是目标是对的。 其实烟民们对这个事件口诛笔伐，并不是真正尊重鲁迅，他们才没那么在乎鲁迅的形象。真正的原因是为了想要有吸烟的自由。南方报系有一个评论家评论说，""乱投诉是在侵蚀消极自由""，就是认为人们有在公共场所吸烟的""消极自由""。 吸烟对身体有很多危害，是慢性自杀，但是身体是你自己的，你要怎么危害自己的身体，的确是你的自由。但是你并没有因此去危害别人健康的自由。如果烟民只是躲在自己家里吸烟，那没有谁管得了，那是你的自由。但是在公共场合吸烟就会危害到别人的身体健康。 烟雾里含有4000到5000种化学物质，里面至少有60种是致癌物质。烟民并不是把烟雾全部都吸进去不吐出来的，吐出来的烟雾被周围的人吸进去了，就会对他们的身体健康造成危害，就是所谓的二手烟。致癌物并没有安全剂量，吸入的量再少也会增加致癌风险，能避免就要尽量避免。 除了二手烟还有三手烟，同样也会有害。吐出来的烟雾会被衣服、家具、墙壁吸收，再慢慢地释放出来，释放的时间可以长达几周几个月，被后来来的人吸进去了，同样会对他们的身体造成伤害。如果手摸了被烟雾污染的墙壁、家具、衣服，再往嘴里放或者拿了食物，也会吸收进去。还有一个途径，接触到了被烟雾污染的表面，会从皮肤吸收。三手烟对于婴幼儿、儿童的危害更大，因为几岁的小孩手到处乱摸，摸完了就往嘴里塞，更容易摄入烟雾残留物。 我在中国生活的时候不仅要受到二手烟的危害，还要担心三手烟的危害，每一次去外面应酬回来，所有的衣服，不管是外衣、内衣、毛衣，全部都得换掉清洗，因为吸了很多香烟烟雾。 所以在公共场所吸烟，即使周围没有人，也会因为有三手烟的存在会无形之中害到别人。在公共场所吸烟就是在害人，那么人有害人的自由吗？ 我上次谈到中国政府没有控烟的动力，因为烟草的销售能够带来巨额的财政收入，所以中国的控烟工作做得很差。不过，中国的吸烟率还是在慢慢地下降，主要的原因是大众的观念也在改变，也知道吸烟不好，会危害到别人的健康，不只是危害到吸烟者的健康。也开始有控烟志愿者敢出来干预在公共场所吸烟，虽然会冒着挨打挨骂的风险，但是勇敢的人会越来越多。中国在这一方面还是在进步的，只不过政府不积极控烟的话，进步很慢。 对吸烟的容忍程度、吸烟率的高低跟一个社会的文明程度、发展程度息息相关。世界上吸烟率最高的国家基本上都是比较贫穷落后的国家，而发达的国家吸烟率往往比较低。 我上次谈到美国吸烟率现在已经低到了只有11%。但是美国很大，各地的发展不平衡。那些比较发达的进步的州，人的素质相对高一些，政府控烟的力度也大，所以吸烟率很低，像加州吸烟率只有5.6%。那些比较落后的保守的州，人的素质相对比较差，控烟也做得不好，吸烟率还是比较高的，有的保守州例如西弗吉尼亚吸烟率高达20%，跟中国差不多。但是即使是落后的保守州，吸烟率也在逐渐降低，这是社会发展的趋势，是不可阻挡的。 中国也是这样。中国总有一天也会发展到会把吸烟视为是一种不文明的行为，是遭到社会鄙视的行为，也会像加州这样禁止在公共场所包括在景区吸烟，那么鲁迅故里那道成为烟民打卡圣地的""鲁迅吸烟""景墙，总有一天是会被换下来的。",微信,胸怀道义脑中有科学,2025-09-23 15:23:09,http://mp.weixin.qq.com/s?__biz=Mzk0NTc1MzIyMA==&mid=2247484032&idx=1&sn=bd5fb519f76851b2c46ac34ac6bcbb3e&chksm=c2a4e474c39ee94ba75424889c7e155d888db3f3c1862a93a88115ee9574684fb90eb623732d#rd,浙江省,控烟,负面,评论观点类
2025010131,【疾控动态】持续推进控烟行动 共建共享无烟环境,"title: 【疾控动态】持续推进控烟行动 共建共享无烟环境 summary: 进一步增强全民控烟意识，筑牢社会共同参与的控烟防线，9月22日，大兴区疾病预防控制中心执法四队联合旧宫镇政府教科文体办公室、旧宫镇社区卫生服务中心防保科。针对餐饮场所控烟难点，执法人员对重点商户进行了明确的法规告知和责任约谈，强调公共场所禁烟是法定义务，餐饮经营者必须承担起禁烟管理的第一责任。 content: ""; ""; 持续推进控烟行动 共建共享无烟环境 ""; 进一步增强全民控烟意识，筑牢社会共同参与的控烟防线，9月22日，大兴区疾病预防控制中心（区卫生健康监督所）执法四队联合旧宫镇政府教科文体办公室、旧宫镇社区卫生服务中心防保科，在旧宫镇宣颐家园东门组织开展了以“人人参与控烟活动 共创健康无烟环境”为主题的集中宣传活动，重点面向周边社区居民与餐饮商户进行精准宣传与责任传导。 ""; ""; ""; ""; ""; 执法人员严格落实“谁执法谁普法”责任制，通过悬挂横幅、发放资料、现场讲解等多种形式，向居民普及吸烟与二手烟的严重危害，倡导“每个人是自己健康第一责任人”的理念，引导公众拒吸第一支烟，勇于拒绝二手烟，共同营造无烟健康家园。 ""; ""; ""; ""; 针对餐饮场所控烟难点，执法人员对重点商户进行了明确的法规告知和责任约谈，强调公共场所禁烟是法定义务，餐饮经营者必须承担起禁烟管理的第一责任。同时，要求各商户严格执行在醒目位置张贴禁烟标识、公示监督举报电话的规定，必须建立内部控烟管理制度，必须落实日常巡查和主动劝阻机制，不得提供任何烟具。对屡教不改、责任落实不到位的商户，卫生监督部门将依法予以处罚，确保控烟要求从“纸面”落到“地面”。 ""; 营造无烟环境，既需要公民的自觉，更需要场所管理者的主动作为和监管部门的严格执法。下一步，大兴区疾控中心（监督所）将持续加大执法检查频次与力度，聚焦餐饮单位等重点场所开展专项整治，对违法行为发现一起、查处一起，切实巩固宣传成效，推动形成“行业自律、政府监管、社会监督”的常态化控烟工作格局。 ""; 养成健康生活方式 做自己健康的第一责任人 ""; 赞是一种鼓励 ""; 分享是一种支持 来源：执法四队，转载本文请注明文章来源于“大兴区疾病预防控制中心”微信公众号。 "";",微信,大兴区疾病预防控制中心,2025-09-23 15:03:03,http://mp.weixin.qq.com/s?__biz=MzA3MzQ4NDI2Nw==&mid=2650011408&idx=1&sn=cfc23055340be914eb0ff86b96e87886&chksm=86f3194cd4d4acd5775c24254d7ce25b9012ef1546c85cc5be1a3360bc7aa831a37ba21ae555#rd,北京市,控烟,正面,报道事实类
2025010196,中华香烟价格表图大全,title: 中华香烟价格表图大全 summary: 走过烟酒店柜台时，你是否也曾被那一抹正红色吸引？中华香烟，不仅是烟草制品，更是一种特殊的情感符号——。一、中华香烟全线产品价格表。3 ️ ⃣真假混卖风险：部分不法商户用假烟填充，低价吸引顾客.中华香烟#价格参考#烟草文化#防伪技巧#理性消费。 content: 走过烟酒店柜台时，你是否也曾被那一抹正红色吸引？ 中华香烟，不仅是烟草制品，更是一种特殊的情感符号—— 婚礼宴席上的体面、过年送礼的诚意、重要场合的社交名片… 但你知道吗？ 同样一包软中华，在不同城市价格可能相差整整20元！ 更有不良商家用假烟混淆市场… 这篇指南不仅给你最新价格参考， 更教你如何避开消费陷阱，聪明选购！ —— 🗂️ 一、中华香烟全线产品价格表（2025年4月市场调研） 品类 常规售价区间 免税店价格 热门销售区域 软盒中华 65-75元/包 55-60元/包 全国普遍 硬盒中华 45-50元/包 38-42元/包 全国普遍 中华（金中支） 85-95元/包 70-75元/包 一二线城市 中华（双中支） 55-65元/包 45-50元/包 全国普遍 中华（金短支） 100-120元/包 80-85元/包 北上广深 中华（全开式） 50-60元/包 42-45元/包 江浙沪 中华（5000） 已停产 - 收藏市场偶见 ⚠️ 注： 以上为单包参考价，整条购买通常优惠5%-8% 机场免税店需凭机票购买，且限购2条 价格受税收政策、运输成本、门店类型影响 —— 🧐 二、为什么价格差异这么大？ 1️⃣ 税收政策差异： 一线城市烟草综合税负高达56%，偏远地区约为50% 2️⃣ 渠道成本分层： 便利店：成本最高（24小时营业+冷链分摊） 烟酒专卖店：价格最实惠（传统渠道优势） 酒店/机场：溢价最严重（场景消费属性） 3️⃣ 真假混卖风险： 部分不法商户用假烟填充，低价吸引顾客（详见防伪章节） —— 🔍 三、2025年防伪指南：6招识别真假中华 ✅ 看包装材质 真品：薄膜光滑均匀，透光度高，撕拉有韧性 假货：塑料感强，易留指甲划痕 ✅ 查激光防伪 真品：倾斜时“中华”字样变色，五角星清晰立体 假货：图案模糊，变色效果生硬 ✅ 扫二维码 真品：侧面二维码扫码显示“上海烟草集团正品” 假货：无法扫码或跳转山寨网站 ✅ 捏烟支弹性 真品：烟丝填充均匀，轻捏回弹迅速 假货：手感硬涩，易变形 —— 💡 四、这样买更省钱｜聪明消费者的选购策略 1️⃣ 整条购买原则： 整条价比单包便宜10-15元，适合送礼或自用储备 2️⃣ 地域价差利用： 江浙沪地区价格通常低于全国均价5-8元（产地优势） 3️⃣ 时机选择技巧： 避免节假日购买（需求旺盛涨价） 春节后、618期间部分店铺清库存促销 4️⃣ 渠道优选顺序： 烟草专卖店 ; 大型商超 ; 连锁便利店 ; 酒店/景区商店 —— ❤️ 五、重要提醒：理性看待香烟消费 2025年健康中国政策持续推进： 全国公共场所禁烟范围扩大至所有室内场所 烟盒健康警示图文面积扩大至85% 多地试点烟草价格阶梯式上涨 如果你正在考虑戒烟： 拨打全国戒烟热线：12320 微信搜索“中国戒烟平台”获取免费指导 替代方案：电子烟管控加强，建议咨询专业戒烟门诊 —— 🌟 六、中华香烟背后的文化符号 从1951年诞生的“国烟”到如今： 红色包装象征民族自信 天安门图案成为品质代名词 梅子香调是几代人的味觉记忆 但更重要的是—— 理性消费，健康为先 —— 📌 最后提醒： 价格随时波动，购买前请通过“中国烟草”官网查询当地指导价 若发现假烟，请立即拨打12313举报！ 中华香烟 #价格参考 #烟草文化 #防伪技巧 #理性消费,微信,人生荟,2025-09-23 15:02:04,http://mp.weixin.qq.com/s?__biz=MzU4ODg1MTc5Mg==&mid=2247493763&idx=7&sn=266f967d67172a55a76affac0f862fd6&chksm=fc839431e0f54c6fa45e95ace5f576e1c69ca40b117200024bd9b9381926e5f475a1030e839d#rd,北京市,戒烟,中性,报道事实类
2025010149,震惊！别只知道喷二手烟三手烟啦，戒手机与戒烟竟然如此类似！,"title: 震惊！别只知道喷二手烟三手烟啦，戒手机与戒烟竟然如此类似！ summary: 别只知道喷二手烟三手烟啦，戒手机与戒烟竟然如此类似！德国海德堡大学的科学家发现，仅仅限制使用手机3天，我们大脑中与渴望相关的区域就会发生显著变化，其神经活动模式与戒烟者大脑中的变化惊人地相似！3天后，当受试者看到与手机相关图片时，大脑中与渴望和冲动行为密切相关的区域明显更活跃。 content: 德国海德堡大学（Heidelberg University）的科学家发现，仅仅限制使用手机3天，我们大脑中与渴望相关的区域就会发生显著变化，其神经活动模式与戒烟者大脑中的变化惊人地相似！！！ 研究人员招募了25名18～30岁的年轻人参与实验。他们被要求在72小时内，最大限度地减少使用智能手机及其替代设备，只允许用于工作、日常事务或重要沟通等必要需求。 3天后，当受试者看到与手机相关图片时，大脑中与渴望和冲动行为密切相关的区域明显更活跃。而这与戒烟的早期阶段惊人相似。 ""; 英国达勒姆大学（Durham University）的研究人员发现，与手机的其他功能相比，仅仅刷15分钟社交媒体，就足以引起人体多项生理指标的显著变化。（不知道什么是社交媒体？看看抖音、快手、小红书……这些都是。） 刷完这个就不刷了？ 并且受试者在用了15分钟的社交媒体后，再去看新闻，会出现他们的心率显著上升，出汗反应持续加剧。 也就是说，他们普遍感到更焦虑、压力更大，有些人还产生了强烈的想再看看抖音的渴望。 所以我们可以简单地说，刷抖音，会让人更加焦虑‘、更加有压力，因为你放不下，一旦放下，这股焦虑与压力就会席卷而来。 欢迎加入我们的粉丝群 验证 粉丝群 ""; 参考与引用： https://www.sciencedirect.com/science/article/pii/S0747563225000573 https://www.sciencedirect.com/science/article/pii/S0747563225000445 https://theconversation.com/how-our-bodies-react-when-we-use-social-media-and-when-we-stop-251291 https://www.huanqiukexue.com/?p=2862",微信,一帆阶段咨询,2025-09-23 14:53:18,http://mp.weixin.qq.com/s?__biz=MzkzNzAwMDkzOA==&mid=2247485819&idx=3&sn=55a86603f617128858887bb6c52f1833&chksm=c34e8bbbd84ced961afd0cec5146c4e72f1e91afbdcce564f8c057f65a2876edf36fd7256ebd#rd,未知,戒烟,中性,报道事实类
2025010192,超4成国人睡不好！2025中国睡眠报告揭6大真相，年轻人最该警惕这点,"title: 超4成国人睡不好！2025中国睡眠报告揭6大真相，年轻人最该警惕这点 summary: 2025中国睡眠报告揭6大真相，年轻人最该警惕这点.针对不同人群的睡眠问题，报告给出精准解决方案：-年轻人：减少睡前电子设备使用，设定23点前入睡目标，通过早睡打卡培养规律作息。从调整睡前习惯到建立规律作息，从关注戒烟者睡眠支持到加强年轻人健康科普，守护好每一晚的睡眠，就是守护国民健康的基石。 content: “凌晨1点还在刷手机，早上7点被闹钟拽醒”——这届年轻人的睡眠状态，正被一份权威报告精准“画像”。3月16日，中国睡眠研究会在国际睡眠日来临前发布《2025年中国睡眠健康调查报告》，这份覆盖全国4.6万余人的调研，首次用客观数据揭开了国民睡眠的“健康密码”。 一、核心数据：近半数国人被睡眠困扰，女性、老人成重灾区 报告显示，我国18岁及以上人群睡眠困扰率高达48.5% ，意味着每2个人中就有1个正受入睡难、易醒、早醒等问题困扰。细分人群中，这些差异尤为明显： - 性别差异：女性睡眠困扰率（51.1%）高于男性（45.9%），或与生理周期、情绪敏感度等因素相关。 - 年龄趋势：睡眠困扰率随年龄递增，65岁及以上人群最高（73.7%），老年人夜尿多、睡眠浅等问题突出。 - 学历与地域：小学及以下学历人群困扰率达66.0%，大专/本科及以上学历仅38.0%；城市人群困扰率高于农村，或受生活节奏、光污染等影响。 ""; 二、睡眠时长“达标”但作息紊乱，年轻人陷入“睡够却睡错”怪圈 调研数据显示，国人平均睡眠时长在7.06-7.18小时，看似接近健康标准，但“时间达标≠质量合格”： - 入睡时间普遍偏晚：排除特殊人群后，平均上床时间22:04，入睡时间却延迟到23:15，1小时“入睡等待期”暗藏隐患。 - 年轻人成“熬夜主力”：超50%的00后、近50%的90后入睡时间晚于12点，“熬夜刷手机”成主要诱因。 - 性别与年龄差异：男性上床、入睡、起床时间均晚于女性；00后（18-24岁）睡眠时长最长，但作息规律性最差。 ""; 三、睡前3件事最伤眠，电子产品成“睡眠杀手” 报告明确指出，多个睡前行为直接拉低睡眠质量，其中3类行为需重点规避： 1. 饮品选择：睡前常喝咖啡、浓茶者，睡眠困扰率高达64.8%，咖啡因刺激让入睡难度翻倍。 2. 电子产品依赖：睡前1小时内使用手机、电脑的人群，睡眠质量显著下降，蓝光照射会抑制褪黑素分泌。 3. 饮食与运动不当：晚餐过饱、吃夜宵会增加肠胃负担；睡前2小时内进行剧烈运动，易导致神经兴奋难以入睡。 ""; 四、戒烟后睡眠反而差？报告揭秘“戒断期睡眠陷阱” 关于吸烟与睡眠的关联，报告给出了意外发现： - 从不吸烟者睡眠最优：睡眠时长7.01小时，80.2%的人睡眠质量“很好”，睡眠困扰率仅47.1%。 - 戒烟者短期睡眠问题突出：戒烟者睡眠困扰率达65.4%，是吸烟者（47.9%）的1.3倍，短期戒断反应导致入睡难、多梦。 - 年轻人需双重警惕：吸烟对年轻群体睡眠影响更大，熬夜+吸烟的“双重伤害”会加速睡眠功能退化。 ""; 五、改善睡眠，这份权威建议请收好 针对不同人群的睡眠问题，报告给出精准解决方案： - 年轻人：减少睡前电子设备使用，设定“23点前入睡”目标，通过“早睡打卡”培养规律作息。 - 老年人：控制晚餐食量，睡前少喝水减少夜尿；适当进行太极、散步等轻度活动，避免白天久坐。 - 戒烟者：了解短期睡眠困扰是正常戒断反应，可通过冥想、听白噪音等方式缓解，必要时寻求心理支持。 - 全民通用：晚餐保持七分饱，睡前1小时远离电子产品，选择瑜伽、拉伸等轻度睡前运动。 ""; 六、多方合力守护“睡眠健康”，数据为健康中国提供支撑 这份报告由中国睡眠研究会联合中国疾控中心等机构，历时4个月、覆盖全国7大区域完成，4.6万份有效问卷确保数据权威。中国睡眠研究会理事长黄志力表示，报告不仅为公众提供健康指引，更将为睡眠医学研究、相关产业创新及政策制定提供数据支撑。 睡眠是人生三分之一的旅程，也是健康中国战略的重要一环。从调整睡前习惯到建立规律作息，从关注戒烟者睡眠支持到加强年轻人健康科普，守护好每一晚的睡眠，就是守护国民健康的基石。",微信,小天蝎智能体,2025-09-23 14:38:29,http://mp.weixin.qq.com/s?__biz=MzA5NDIzNjk0NA==&mid=2647950213&idx=1&sn=fe1af1b3e144e7d727bcc7aa5a4b619b&chksm=891d8f0f3729b7c24d2e2bd26731d33eb7a2bd352b6abf63f27a001e021667ea2a371342f13e#rd,未知,戒烟,中性,报道事实类
2025010122,民生健康国产戒烟药乐速克进展调研（2025年9月）,"title: 民生健康国产戒烟药乐速克进展调研（2025年9月） summary: 民生健康国产戒烟药乐速克进展调研。上市公司接待人员姓名：董事长竺福江，董事竺昱祺，董事兼总经理张海军，董事会秘书陈稳竹，财务负责人朱文君，市场部总监李瑞雪，品牌经理缪芊如、符俊杰，民生中科总经理司书锋，民生中科副总经理叶金丽，民生中科应用研发经理韩小龙，民生中科营销总监陈瑛。 content: 文/民生健康 上市公司：杭州民生健康药业股份有限公司（民生健康，301507） 投资者关系活动类别：其他（上市两周年庆暨新品发布会）。 参与单位名称及人员姓名：证券时报、上海证券报、中国证券报、证券日报、经济参考报、方正证券、东吴证券、招商证券、中信建投、长江证券、建信养老、筌笠资产、新华基金、湘禾投资、华泰证券、博时基金、华夏基金、王玮皓、海富通基金、瓦琉咨询。 时间：2025年9月4日14:00-17:00。 地点：杭州西溪。 上市公司接待人员姓名：董事长竺福江，董事竺昱祺，董事兼总经理张海军，董事会秘书陈稳竹，财务负责人朱文君，市场部总监李瑞雪，品牌经理缪芊如、符俊杰，民生中科总经理司书锋，民生中科副总经理叶金丽，民生中科应用研发经理韩小龙，民生中科营销总监陈瑛，证券事务代表鲍蔚霞，证券事务助理潘亦乐。 投资者关系活动主要内容介绍： 一、参会人员情况介绍 二、上市两周年视频回顾﹠董事长致辞 三、公司半年度业绩介绍 四、公司近期新品介绍 …… 2、戒烟新品“乐速克”介绍 “乐速克”——戒烟控烟用药，提供科学戒控烟全周期解决方案，构建了从评估、规划到陪伴的戒控烟服务闭环，旨在帮助烟民实现科学控制烟瘾。 …… 五、机构/媒体主要提问及答疑 …… 3、问：目前国内伐尼克兰的现有市场规模如何？ 答：伐尼克兰片国内的批文大多是在近几年才获得的，相关企业刚刚开始销售，规模正在逐渐提升中。参照辉瑞原研药在海外市场的销售业绩，伐尼克兰在国内的市场潜力尚未得到充分开发，市场潜力较大。 4、问：戒烟新品伐尼克兰“乐速克”的优势在哪里？ 答：公司旗下戒烟新品“乐速克”酒石酸伐尼克兰片，具有以下方面的优势： ①批文稀缺性及专业产品支持：目前，国内市场上现有的伐尼克兰批文企业仅有四家，批文数量相对较少，且短期内难以获批新的批文。伐尼克兰片被《中国临床戒烟指南》推荐为一线戒烟药物。该药物不含尼古丁，却能精确作用于尼古丁受体，有效减少吸烟欲望；同时刺激少量多巴胺释放，减轻戒断症状，使戒烟过程变得不再痛苦。 ②全周期服务体系：公司将打造从科学规划到持续陪伴的全周期服务，构建了从评估、规划到陪伴的控烟服务闭环。通过专业工具和个性化方案，助力烟民科学管理烟瘾，为烟民提供全程陪伴式控烟服务，展现出技术实力和人文关怀。 ③权威强力背书及推动行业标准化：公司携手胡大一院士及中国控制吸烟协会，共同发布了《中国临床控烟戒烟专家共识金标准》（又称“控烟戒烟金标准”）。酒石酸伐尼克兰片在该共识金标准中，被列为控烟的基础用药和戒烟的一线用药。公司在戒烟与控烟上持有长期的愿景，将致力于推进中国控烟领域的标准化建设，以专业的底蕴和人文的关怀，为广大烟民提供值得信赖的专业控烟解决方案，这将有助于提升整个控烟戒烟市场的服务品质和规范水平。 ④产品差异化设计：“乐速克”聚焦市场“戒控烟”需求，并从产品剂量、外包装设计等方面进行了独特性设计，将避免与其他竞品的同质化竞争。 5、问：伐尼克兰销售渠道的布局规划是怎么样的，如何探索新的消费渠道？是否有出海的具体计划？ 答：目前，公司伐尼克兰产品“乐速克”尚未正式上市，其市场销售策略正在规划中。公司计划组建一支专业的自营团队，专门负责产品的市场推广。对于海外市场，公司将持续观察国际市场的动态需求以及各国的法律法规，依据市场动态制定相应的国际化战略。 …… ""; 说明 原载东方财富网股吧：民生健康吧，公告：民生健康：投资者关系活动记录表2025-010，公告时间：2025-09-05。根据文中的表格整理成文字。内容有删改。 本资料由《戒烟界》组织、“中国烟民戒烟模式研究”课题组整理完成。 如有与戒烟相关的合作，欢迎联系。联系方式如下： 1.邮箱：outsourcing@sohu.com；微信号：jyj123go； 2.联系人：张明辉，《戒烟界》项目主任、“中国烟民戒烟模式研究”课题组组长。 2025年9月23日 编辑：关云短 来源：东方财富网",微信,戒烟界,2025-09-23 14:34:39,http://mp.weixin.qq.com/s?__biz=MjM5NzMxMjEwOQ==&mid=2649835134&idx=1&sn=7076ac0d94c7d8ac51600285e9c6d574&chksm=bf8f1033314365cd1c83ca7892b0d4005706a5e8d651b64754cb0a3d237cd1c68fd5b85c237f#rd,浙江省,戒烟、控烟、戒烟控烟,中性,报道事实类
2025010156,【副中心医迹】漷县卫生院成人烟草调查,"title: 【副中心医迹】漷县卫生院成人烟草调查 summary: 为进一步了解我国成人烟草流行现状和变化趋势，评估控烟政策的有效性，并为后续控烟工作提供科学依据，漷县卫生院积极响应国家控烟号召，组织开展了成人烟草流行监测调查工作。未来，我们将继续加强控烟宣传与监测工作，为推动我国控烟事业的深入发展贡献力量。 content: ""; ""; 【副中心医迹】 漷县卫生院 成人烟草调查 ""; ""; ""; ""; ""; ""; ""; ""; 为进一步了解我国成人烟草流行现状和变化趋势，评估控烟政策的有效性，并为后续控烟工作提供科学依据，漷县卫生院积极响应国家控烟号召，组织开展了成人烟草流行监测调查工作。 本次调查主要针对15岁及以上成人，内容涵盖烟草使用、电子烟使用、戒烟意愿、二手烟暴露情况、控烟宣传与烟草广告以及对烟草使用的知识和态度等方面。调查方式采用入户调查与预约到指定地点调查相结合，以确保数据的准确性和真实性。 ""; ""; 调查范围涉及北堤寺村、小香仪村和中辛庄村，逐一逐户现场走访，面对面询问，确保了调查数据的真实性和完整性。在调查过程中，调查员们还积极向居民普及控烟知识，倡导健康生活方式，有效提高了居民的控烟意识。 根据调查结果，及时调整对违法吸烟行为的执法力度，确保控烟政策的落地执行。 本次成人烟草调查工作取得了显著成效，为控烟工作提供了宝贵的数据支持和经验借鉴。未来，我们将继续加强控烟宣传与监测工作，为推动我国控烟事业的深入发展贡献力量。 ""; END",微信,通州区漷县社区卫生服务中心,2025-09-23 14:18:00,http://mp.weixin.qq.com/s?__biz=MzE5ODQ2ODA2Mg==&mid=2247483917&idx=2&sn=9c1d9e2cddca7d64ffa93e9b9eb7d3cf&chksm=97e397bf1498f7af79b73ae501bf6b4164b6f8f6bd5dfd4d4569ae15d8b137af6a77323d22d2#rd,未知,控烟、戒烟,正面,报道事实类
2025010179,天啊！吸烟喝酒竟在悄悄 “谋杀” 你的大脑？,"title: 天啊！吸烟喝酒竟在悄悄 “谋杀” 你的大脑？ summary: 吸烟喝酒竟在悄悄谋杀你的大脑？生活中看似平常的吸烟和过量饮酒行为，正如同隐藏在暗处的大脑杀手，一点点侵蚀着我们宝贵的大脑健康。既然吸烟和过量饮酒对大脑危害如此之大，我们该如何戒烟限酒，保护大脑呢？快来评论区分享，让更多人受益，一起守护我们的大脑！ content: ""; 你知道吗？生活中看似平常的吸烟和过量饮酒行为，正如同隐藏在暗处的 “大脑杀手”，一点点侵蚀着我们宝贵的大脑健康。常以为吸烟只是带来咳嗽等小毛病，喝酒不过是偶尔放松的方式，可真相却是 —— 吸烟会无情地损害脑血管，过量酒精更是直接对脑细胞发起 “攻击”，这绝不是危言耸听！今天，就让我们深入了解一下，它们究竟是如何危害大脑的，以及我们该如何守护大脑健康。 ""; 先来说说吸烟对脑血管的损害。香烟中含有大量有害物质，如尼古丁、焦油等。尼古丁进入人体后，会迅速抵达大脑，与尼古丁乙酰胆碱受体相结合，使血管收缩，减少脑部血液供应。长期吸烟，脑血管会逐渐变得狭窄、硬化，就像给原本通畅的水管内壁糊上了一层厚厚的污垢，阻碍水流通过。这不仅增加了中风的风险，还会影响大脑的正常代谢和功能，导致记忆力下降、认知能力减退等问题。据研究表明，长期吸烟人群患老年痴呆症的风险比不吸烟人群高出数倍。 再看看过量饮酒对脑细胞的杀伤。酒精是一种亲神经物质，当我们过量饮酒时，酒精会通过血脑屏障进入大脑。它就像一个疯狂的 “破坏分子”，干扰神经递质的正常传递，抑制神经元的活动。大量酒精还会直接损伤脑细胞的细胞膜，使其无法正常工作甚至死亡。长期酗酒者的大脑会出现萎缩，脑容量减小，这对大脑功能的影响是不可逆的。比如，有些人在长期过量饮酒后，会出现手抖、走路不稳等共济失调症状，这正是大脑神经受损的表现。 既然吸烟和过量饮酒对大脑危害如此之大，我们该如何戒烟限酒，保护大脑呢？对于吸烟者来说，可以尝试逐渐减少吸烟量，寻找替代行为，如嚼口香糖、吃水果等，来缓解烟瘾。同时，寻求家人和朋友的支持，监督自己戒烟。而对于饮酒者，要树立正确的饮酒观念，适量饮酒。女性每天酒精摄入量不超过 15 克，男性不超过 25 克（15 克酒精相当于 450 毫升啤酒、150 毫升葡萄酒或 50 毫升 38 度白酒）。 为了我们的大脑健康，为了能拥有清晰的思维和美好的生活，是时候行动起来，戒烟限酒了！ 你身边有没有因为戒烟限酒，大脑状态明显改善的例子呢？对于戒烟限酒，你有什么经验或心得？快来评论区分享，让更多人受益，一起守护我们的大脑！ ""; "";",微信,心脑合一见证奇迹,2025-09-23 14:10:07,http://mp.weixin.qq.com/s?__biz=MzA5NzA1NTgxMQ==&mid=2649210321&idx=2&sn=92c844c750191cf115b26b4307372c07&chksm=89622fa96d0f399eca846fd243868dbfd45d4a2be7b288aa1125e6673e2f2458fda68467c9e8#rd,未知,戒烟,中性,评论观点类
2025010168,连续10年全球死亡率第一！每年做这项检查，可以尽早发现这种病！,"title: 连续10年全球死亡率第一！每年做这项检查，可以尽早发现这种病！ summary: 连续10年全球死亡率第一！每年做这项检查，可以尽早发现这种病！好消息是，戒烟永远不晚：戒烟5年后，中风和部分癌症的风险明显下降。在线预约方式：关注微信公众号周口市第一人民医院健康体检科，在底部菜单栏体检服务中选择个人体检或体检定制进行预约。 content: 你可能不知道：全球范围内，每分钟就有4到5人被确诊为肺癌，每分钟约有3到4人因肺癌去世。这是世界卫生组织下属的国际癌症研究机构（IARC）发布的最新数据。 在我国，情况同样严峻。国家癌症中心数据显示，2022年我国新发肺癌病例超过106万，死亡人数超过73万。这意味着，肺癌不仅是最常见的癌症，也是导致死亡最多的恶性肿瘤。 为什么肺癌总是如此“凶猛”？答案就在于：它早期几乎没有症状，往往等到咳嗽、咯血、胸闷等表现出现时，已经是中晚期，治疗难度和成本都会成倍增加。 低剂量螺旋CT：早发现的“利器” 过去的体检筛查主要依靠胸片，但胸片分辨率低，容易漏掉小病灶，尤其是早期的肺癌。近年来，低剂量螺旋CT（LDCT）逐渐普及，它能在辐射量明显降低的前提下，捕捉到肺部细微的异常变化。 ""; 研究显示，LDCT能使早期肺癌的检出率提升至 80%—90%，大大提高了患者获得根治机会的概率。对比之下，早期发现的肺癌五年生存率可超过 70%—90%，而晚期肺癌的五年生存率却不足 10%。 建议： ——高危人群（如年龄在40岁以上、有长期吸烟史、家族成员患肺癌、长期暴露在石棉、粉尘、有害气体等环境中），应坚持每年规律做一次LDCT； ——普通人群则无需频繁做，避免不必要的辐射风险。 戒烟：比任何检查更有效的预防 吸烟是肺癌最主要的危险因素，约85%的肺癌病例与吸烟相关。烟草燃烧产生的数千种化学物质中，至少有69种明确致癌，包括苯并芘、亚硝胺等。 ""; 好消息是，戒烟永远不晚： 戒烟 5年 后，中风和部分癌症的风险明显下降； 戒烟 10年 后，肺癌风险降低 50%以上； 戒烟 15年 后，肺癌风险几乎与不吸烟者接近。 对于还在吸烟的人来说，这一步比任何一次检查都更能真正降低患癌几率。 CT发现结节怎么办 越来越多人在CT报告上看到“肺部磨玻璃样结节（GGN）”。不少人因此焦虑失眠，以为自己马上会“得癌”。其实，事实并没有那么可怕。 纯磨玻璃样结节：多数生长缓慢，恶性可能性低； 没有实性成分：一般风险较小，可以随访观察； 位置不典型（如不在胸膜下或叶间裂）：恶性概率更低。 很多时候可以通过定期复查观察其变化。过度担忧、甚至急于手术，并不科学。 重点提醒！ 高危人群请务必每年做一次低剂量螺旋CT，这是目前最有效的早筛手段； 吸烟者要立刻戒烟，无论何时开始都能明显获益； 体检发现小结节时，不要盲目恐慌或过度治疗，应听取专业医生意见，按需随访。 来源：央视新闻 图片来源：摄图网 别忘了每年做一次健康体检 ""; 周口市第一人民医院健康体检科 中心地址： 河南省周口市淮阳区羲皇大道中路与文正路交叉口东50米 工作时间： 周一至周六，周日休息 在线预约方式： 关注微信公众号【周口市第一人民医院健康体检科】，在底部菜单栏【体检服务】中选择【个人体检】或【体检定制】进行预约。 电子报告查询： 微信公众号菜单栏【我的】-【我的报告】 咨询电话：0394-2828126 本文部分素材来源于网络，仅作为健康知识分享使用，未用于商业用途，版权归原作者所有，我们尊重原创，如有侵权，请及时联系我们以做处理！ ""; 关注健康，从你我做起 关注我们，为您的健康保驾护航 长按二维码关注我们",微信,周口市第一人民医院健康体检科,2025-09-23 14:08:25,http://mp.weixin.qq.com/s?__biz=MzkxOTMwODEwMQ==&mid=2247485655&idx=1&sn=d3132a3f2b463e6581a185d345055105&chksm=c0351ff5ff365d5b841db75494049a9999e2f44253ca9a7a170e2892a33e1ca64d6ddb6c1239#rd,河南省,戒烟,负面,报道事实类
20250101100,双喜(细支金樽好日子)多少钱一包？2025香烟价格表图大全，真假烟对比分析,"title: 双喜(细支金樽好日子)多少钱一包？2025香烟价格表图大全，真假烟对比分析 summary: 双喜多少钱一包？2025香烟价格表图大全，真假烟对比分析.双喜是中国烟草市场中的一个知名子品牌，属于上海烟草旗下的双喜系列。在市场推广中，双喜常以喜庆、吉祥的品牌定位出现，吸引追求稳重、注重生活品质的消费者群体。若你还需要，我可以就双喜系列其他型号的对比、口味笔记、或戒烟资源等，提供简要整理与对照要点。 content: 请注意：所有评论区卖烟的行为均属于违法虚假信息，切勿相信。 双喜（细支金樽好日子）是中国烟草市场中的一个知名子品牌，属于上海烟草旗下的“双喜”系列。该系列以“细支、轻柔、香气较清淡”为卖点，常见于中高档消费群体。下面从品牌历史、参数一览、真假辨别、具体价格与适合人群等方面进行科普性介绍。 品牌历史 “双喜”品牌最早源自百年香烟文化中的老牌名号，经过多次升级与产品线扩展，形成了以风味细腻、口感平衡著称的细支系列。在市场推广中，“双喜”常以“喜庆、吉祥”的品牌定位出现，吸引追求稳重、注重生活品质的消费者群体。近年推出的细支版本，强调烟支细长、烟气更柔和，适合日常轻度烟民及追求口感层次的吸烟者。 参数一览（以市场常见版本为参考，单位为常用行业单位） ·烟长：88mm ·过滤嘴直径：8.5mm ·烟支类型：细支 ·烟气类型：轻型/中轻型 ·燃烧速度：中等偏慢 ·焦油量：约9–10 mg/支 ·烟碱量：约0.8–0.9 mg/支 ·一氧化碳量：约9–11 mg/支 ·烟香风味：花果香与淡木质香并存，尾香略甜 （以上参数为行业通用区分，具体以产品包装标注为准） 真假辨别的方法（简易实用版） ·包装印刷：正规产品包装字体清晰、颜色均匀，无模糊错位；防伪标签位置及纹路清晰，反光区域无明显模糊。 ""; ·烟支外观：正规细支烟支长度和直径较为统一，烟纸表面光洁，无明显褶皱或毛刺。 ·气味与点燃：正品点燃后烟气匀称，香气自然；假烟常有刺鼻化学气味、烟气较难点燃或易拉扯断裂。 ·过滤嘴：正品过滤嘴均匀无明显断缝，滤芯紧密；假品滤芯可能松散或颜色异常。 ·废弃物检查：点燃后灰分均匀，烟灰紧密成形；假品常出现碎散或灰黑色较多。 ·防伪查询：如包装有防伪码，可按厂家官方渠道进行核验，避免通过非正规渠道购买。 温馨提示：如遇到价格异常、包装严重不同、或无正规销售渠道，请避免购买。 具体价格（列示为常见市场价区间，因地区与渠道而异） ·参考单包价格：36–58元/包（地区差异较大，城市与偏远地区价格可能有波动） ·高端零售渠道如大型商超、烟草专卖店价格常在：38–52元/包之间 ·线上渠道偶有促销，价格波动较大，请以实际下单页显示为准 价格示例（请以购买时实际显示价格为准） ·一线城市常见区间：40–48元/包 ·二线城市常见区间：36–44元/包 ·三线及以下地区：38–58元/包（个别店铺可能更高） 适合群体 ·追求口感相对细腻、香气较轻的烟民 ·日常工作压力较大、需要轻度放松的成年人 ·注重品牌与品质感、愿意为细支口感买单的消费者 ·不建议未成年人、孕产妇、慢性疾病患者及正在戒烟的人群尝试 重要提醒 ·吸烟有害健康，长期大量吸烟风险包括心血管疾病、肺部疾病、癌症等。任何香烟消费都应以自愿、克制、不过量为原则。 ·本文仅作香烟科普，不包含任何引导购买或促销信息，也不提供不良诱导。 ·如你或你身边的人有戒烟意愿，建议寻求专业医疗或戒烟机构的帮助。 若你还需要，我可以就双喜系列其他型号的对比、口味笔记、或戒烟资源等，提供简要整理与对照要点。",微信,拿命拼搏未来,2025-09-23 13:44:31,http://mp.weixin.qq.com/s?__biz=Mzg2MDk1Mjg1OA==&mid=2247504500&idx=1&sn=123b50ed73fe44e96973f5720971fbc1&chksm=cf6f2392622ea0bbc43654f8cf91995cb516ca71b172cd6c746de6240f8093207a3744ac40b2#rd,未知,戒烟,中性,报道事实类
2025010171,别等症状出现才后悔！肺癌早筛的重要性被低估了,"title: 别等症状出现才后悔！肺癌早筛的重要性被低估了 summary: 你可能不知道：全球范围内，每分钟就有4到5人被确诊为肺癌，每分钟约有3到4人因肺癌去世。这是世界卫生组织下属的国际癌症研究机构发布的最新数据。对比之下，早期发现的肺癌五年生存率可超过70%—90%，而晚期肺癌的五年生存率却不足10%。 content: 你可能不知道：全球范围内，每分钟就有4到5人被确诊为肺癌，每分钟约有3到4人因肺癌去世。这是世界卫生组织下属的国际癌症研究机构（IARC）发布的最新数据。 在我国，情况同样严峻。国家癌症中心数据显示，2022年我国新发肺癌病例超过106万，死亡人数超过73万。这意味着，肺癌不仅是最常见的癌症，也是导致死亡最多的恶性肿瘤。 为什么肺癌总是如此“凶猛”？答案就在于：它早期几乎没有症状，往往等到咳嗽、咯血、胸闷等表现出现时，已经是中晚期，治疗难度和成本都会成倍增加。 低剂量螺旋CT：早发现的“利器” 过去的体检筛查主要依靠胸片，但胸片分辨率低，容易漏掉小病灶，尤其是早期的肺癌。近年来，低剂量螺旋CT（LDCT）逐渐普及，它能在辐射量明显降低的前提下，捕捉到肺部细微的异常变化。 ""; 研究显示，LDCT能使早期肺癌的检出率提升至 80%—90%，大大提高了患者获得根治机会的概率。对比之下，早期发现的肺癌五年生存率可超过 70%—90%，而晚期肺癌的五年生存率却不足 10%。 建议： ——高危人群（如年龄在40岁以上、有长期吸烟史、家族成员患肺癌、长期暴露在石棉、粉尘、有害气体等环境中），应坚持每年规律做一次LDCT； ——普通人群则无需频繁做，避免不必要的辐射风险。 戒烟：比任何检查更有效的预防 吸烟是肺癌最主要的危险因素，约85%的肺癌病例与吸烟相关。烟草燃烧产生的数千种化学物质中，至少有69种明确致癌，包括苯并芘、亚硝胺等。 ""; 好消息是，戒烟永远不晚： 戒烟 5年 后，中风和部分癌症的风险明显下降； 戒烟 10年 后，肺癌风险降低 50%以上； 戒烟 15年 后，肺癌风险几乎与不吸烟者接近。 对于还在吸烟的人来说，这一步比任何一次检查都更能真正降低患癌几率。 CT发现结节怎么办 越来越多人在CT报告上看到“肺部磨玻璃样结节（GGN）”。不少人因此焦虑失眠，以为自己马上会“得癌”。其实，事实并没有那么可怕。 纯磨玻璃样结节：多数生长缓慢，恶性可能性低； 没有实性成分：一般风险较小，可以随访观察； 位置不典型（如不在胸膜下或叶间裂）：恶性概率更低。 很多时候可以通过定期复查观察其变化。过度担忧、甚至急于手术，并不科学。 重点提醒！ 高危人群请务必每年做一次低剂量螺旋CT，这是目前最有效的早筛手段； 吸烟者要立刻戒烟，无论何时开始都能明显获益； 体检发现小结节时，不要盲目恐慌或过度治疗，应听取专业医生意见，按需随访。 图片来源：摄图网 别忘了每年做一次健康体检 盐城市中医院 健康体检中心 中心地址：盐城市亭湖区人民北路39-53号 工作时间：周一至周六上午07:30-11:30（采血截止10:30），周日及节假日除外 在线预约方式：关注微信公众号【盐城市中医院健康体检中心】，在底部菜单栏【体检服务】中选择【个人体检】或【体检定制】进行预约。 本文部分素材来源于网络，仅作为健康知识分享使用，未用于商业用途，版权归原作者所有，我们尊重原创，如有侵权，请及时联系我们以做处理！ ""; 关注健康，从你我做起 关注我们，为您的健康保驾护航 长按二维码关注我们",微信,盐城市中医院健康体检中心,2025-09-23 13:43:15,http://mp.weixin.qq.com/s?__biz=MzkwMzIyODAyNA==&mid=2247485552&idx=1&sn=950cf47cedc051be3c46ff469d808282&chksm=c18ebc1973322e4d967857d49432acf6a30d796a2ac6f8242185457f5bc08d5986f563f985bc#rd,江苏省,戒烟,负面,报道事实类
2025010160,携带香烟入境香港注意！现超19支罚5000元，买卖私烟囚7年,"title: 携带香烟入境香港注意！现超19支罚5000元，买卖私烟囚7年 summary: 携带香烟入境香港注意！其中，部分措施即日生效，包括未完税烟草相关罚则由罚款100万元及监禁两年提高至罚款200万元及监禁七年、未向海关人员申报携带多于19支免税烟入境的罚款由2000港元增至5000港元等。 content: ""; 特区政府9月19日在宪报刊登《2025年控烟法例（修订）条例》，以推行医务卫生局制定的新一阶段控烟措施。其中，部分措施即日生效，包括未完税烟草相关罚则由罚款100万元及监禁两年提高至罚款200万元及监禁七年、未向海关人员申报携带多于19支免税烟入境的罚款由2000港元增至5000港元等。 新一阶段控烟措施首要重点是打击私烟及防止新世代吸烟。以下措施9月19日起生效： 未完税烟草相关罚则由罚款100万元及监禁两年提高至罚款200万元及监禁七年； 把有关罪行列入《有组织及严重罪行条例》，容许海关冻结与违法烟草活动相关的资产； 《应课税品条例》下有代价地就未有向海关人员作出申报罪行不予检控的罚则由2000元提高至5000元； 售价低于烟草税的烟支须证明已课税；及 禁止向18岁以下人士提供另类吸烟产品和传统吸烟产品，违者一经定罪分别最高可被判罚款50000元及监禁六个月，以及罚款25000元（如少于指定数量传统吸烟产品可被处以定额罚款3000元）。 ""; 处理管有买卖属违法 可罚200万囚七年 香港海关提醒，入境旅客如就其所管有而超逾免税优惠数量的应课税品不向海关人员作出申报，或作出虚假或不完整的申报，可遭检控。香港海关可根据《应课税品条例》，向违规旅客作出有代价地不予检控的安排。买卖私烟同属违法。根据《应课税品条例》，任何人士若处理、管有、售卖或购买私烟，即属违法，一经定罪，最高可被判罚款200万元及监禁七年。 ""; 根据香港海关规定，凡年满18岁的旅客，可以免税携带下列烟草产品进入香港，供其本人自用： 19支香烟；或 1支雪茄，如多于1支雪茄，则总重量不超过25克；或 25克其他制成烟草。 ""; ""; ""; 打击「白牌烟」 引入完税标签制度 打击私烟方面，海关会继续多管齐下，在各层面严厉执法，打击非法私烟贩卖活动。海关正密锣紧鼓筹备引入完税标签制度，让前线执法人员、业界和市民更有效地分辨已完税烟和未完税烟，打击市面上的「白牌烟」。先导计划预计将于10月初推出，让海关检验从生产到保税仓，再到完税后推出市场的整个流程。完税标签制度第一阶段将在2026年第四季推出，目标于2027年第二季全面实施。 ""; 海关已在各海、陆、空口岸加强对抵港旅客的宣传，当中包括张贴全新的大型海报，以及展示每月查获携带超额烟草案件数字及罚则的资讯，提醒旅客携带免税烟入境的上限和提高私烟相关罪行的新罚则。海关近期亦联同区议员在全港多区进行跨部门反私烟宣传活动，并会于电视、电台、报章和社交媒体进行宣传，提高市民守法意识。另一方面，卫生署控烟酒办公室（控烟酒办）会就《吸烟（公众卫生）条例》相关新增罪行，制订实施指引和部门间的协作和联络机制，确保执法流程更畅顺。控烟酒办亦已向教育界代表简介防止新世代吸烟的最新控烟措施，以及就推行相关措施进行交流。除了执法工作，控烟酒办亦会在电视、电台和社交媒体宣传新措施，并会继续推动预防吸烟和戒烟服务，包括在社区进行无烟宣传教育提高公众对吸烟祸害的认识等。 ""; 市民如欲进一步了解各项控烟措施的最新资讯，亦可参阅海关（www.customs.gov.hk/tc/service-enforcement-information/passenger-clearance/faqs/common-charges-penalties/index.html）和控烟酒办www.taco.gov.hk/t/tc_chi/index.html）的网页。 医卫局表示，吸烟是导致死亡及疾病中最重要但可预防的风险因素。特区政府锐意进一步降低本港吸烟率和减少二手烟对市民的影响。9月19日《修订条例》刊宪，落实推行新一阶段控烟措施，标志着全社会对推动控烟和保护公众健康的决心。特区政府会继续以循序渐进和多管齐下的方式推动控烟进程，强化宣传教育及戒烟工作，并探讨各项中、长期控烟措施，全方位杜绝烟草制品对社会的祸害，迈向「无烟香港」。 ""; 声明：本文章只提供分享和交流，转载及商业合作请联络我们，如侵权请及时联系我们删除！ ""; ↓""; 点击「阅读原文」立即预约开港卡！",微信,51高才优才专才,2025-09-23 13:10:59,http://mp.weixin.qq.com/s?__biz=MzkyNjM0ODY1MA==&mid=2247521483&idx=1&sn=7ac0e0274cf9d8e6c44a6a509505bdb5&chksm=c309d7cb0f4ba56d70f944b82f8c6a061887c7f85d750c4d7d038f9b1be1e4e1c714e3023b69#rd,香港特别行政区,控烟、戒烟,中性,报道事实类
2025010142,“不吸烟 我健康 我时尚”青少年控烟公益广告征集作品展播（五十九）,"title: “不吸烟 我健康 我时尚”青少年控烟公益广告征集作品展播（五十九） summary: 不吸烟我健康我时尚青少年控烟公益广告征集作品展播. content: “不吸烟 我健康 我时尚”青少年控烟公益广告征集活动自启动以来，得到了广大青少年志愿者的热情支持和响应。 这次活动由中国控烟与健康协会为指导单位，中国控烟与健康协会青少年控烟专业委员会、《中国学校卫生》杂志社、北京市疾病预防控制中心主办，人民日报健康客户端为媒体支持， 目的是做好2025年5月31日世界无烟日宣传有关工作，引导青少年远离烟草、拒吸第一支烟、拒吸电子烟，进一步推动《健康中国行动（2019-2030年）》中控烟目标的实现。 现选取部分报名作品进行展播， 欢迎下方积极留言， 告诉我们您喜欢的作品。 ""; ""; 01 不吸烟 为健康 我时尚 北京市劲松职业高中（劲松校区） 吴丽静 02 创建无烟环境 北京市西城区西什库小学 安家豪 03 我是健康小卫士 守护无烟蓝天 北京市西城区西什库小学 农雨霏 ""; 长按下方二维码关注我们 ""; "";",微信,青少年控烟与健康,2025-09-23 13:10:15,http://mp.weixin.qq.com/s?__biz=MzkyMzMzNzczMQ==&mid=2247493229&idx=5&sn=12dfef6b3befe7e54068d0395cff4d20&chksm=c01715704013ffc3191c761ab49fec3cc8ff371cb0520924f1908137f634a49fe300edfa57aa#rd,北京市,控烟,中性,报道事实类
2025010143,“不吸烟 我健康 我时尚”青少年控烟公益广告征集作品展播（五十七）,"title: “不吸烟 我健康 我时尚”青少年控烟公益广告征集作品展播（五十七） summary: 不吸烟我健康我时尚青少年控烟公益广告征集作品展播. content: “不吸烟 我健康 我时尚”青少年控烟公益广告征集活动自启动以来，得到了广大青少年志愿者的热情支持和响应。 这次活动由中国控烟与健康协会为指导单位，中国控烟与健康协会青少年控烟专业委员会、《中国学校卫生》杂志社、北京市疾病预防控制中心主办，人民日报健康客户端为媒体支持， 目的是做好2025年5月31日世界无烟日宣传有关工作，引导青少年远离烟草、拒吸第一支烟、拒吸电子烟，进一步推动《健康中国行动（2019-2030年）》中控烟目标的实现。 现选取部分报名作品进行展播， 欢迎下方积极留言， 告诉我们您喜欢的作品。 ""; ""; 01 泡泡小卫士的健康课 首都师范大学附属育新学校房山分校 康盛博 02 拒绝吸烟 呼吸健康 首都师范大学附属育新学校房山分校 孙睿杙 03 烟味？out！我的味道是阳光 首都师范大学附属育新学校房山分校 徐兴谷 ""; 长按下方二维码关注我们 ""; "";",微信,青少年控烟与健康,2025-09-23 13:10:15,http://mp.weixin.qq.com/s?__biz=MzkyMzMzNzczMQ==&mid=2247493229&idx=3&sn=328100ab22392f6f5e55aa7405a18a12&chksm=c080ae1e3cd31773983cb67dbb56db594536157803b2af935493ae975bad6fc52cbea0b6c67f#rd,未知,控烟,中性,报道事实类
2025010139,“不吸烟 我健康 我时尚”青少年控烟公益广告征集作品展播（五十八）,"title: “不吸烟 我健康 我时尚”青少年控烟公益广告征集作品展播（五十八） summary: 不吸烟我健康我时尚青少年控烟公益广告征集作品展播. content: “不吸烟 我健康 我时尚”青少年控烟公益广告征集活动自启动以来，得到了广大青少年志愿者的热情支持和响应。 这次活动由中国控烟与健康协会为指导单位，中国控烟与健康协会青少年控烟专业委员会、《中国学校卫生》杂志社、北京市疾病预防控制中心主办，人民日报健康客户端为媒体支持， 目的是做好2025年5月31日世界无烟日宣传有关工作，引导青少年远离烟草、拒吸第一支烟、拒吸电子烟，进一步推动《健康中国行动（2019-2030年）》中控烟目标的实现。 现选取部分报名作品进行展播， 欢迎下方积极留言， 告诉我们您喜欢的作品。 ""; ""; 01 禁烟熄的是烟 守护的是明天 北京市房山区岳各庄中学 郭妍妍 马升昊 孟绮菲 罗紫睿 曹依婷 02 禁烟精神 北京市房山区岳各庄中学 霍小平 郭雨萱 于米彦慈 付雨欣 海新雨 杨思月 03 烟草威胁环境 戒烟守护未来 北京市房山区岳各庄中学 孔亚淇 杜梓煜 赵晴 ""; 长按下方二维码关注我们 ""; "";",微信,青少年控烟与健康,2025-09-23 13:10:15,http://mp.weixin.qq.com/s?__biz=MzkyMzMzNzczMQ==&mid=2247493229&idx=4&sn=e44e40554462af344db0832b3d8ee516&chksm=c0d242a5332d30342c660fa80cdb2e89c4884daedee0b1455d3183792a7327b0c7cc0fc28298#rd,未知,控烟、戒烟,中性,报道事实类
2025010145,“不吸烟 我健康 我时尚”青少年控烟公益广告征集作品展播（六十）,"title: “不吸烟 我健康 我时尚”青少年控烟公益广告征集作品展播（六十） summary: 不吸烟我健康我时尚青少年控烟公益广告征集作品展播. content: “不吸烟 我健康 我时尚”青少年控烟公益广告征集活动自启动以来，得到了广大青少年志愿者的热情支持和响应。 这次活动由中国控烟与健康协会为指导单位，中国控烟与健康协会青少年控烟专业委员会、《中国学校卫生》杂志社、北京市疾病预防控制中心主办，人民日报健康客户端为媒体支持， 目的是做好2025年5月31日世界无烟日宣传有关工作，引导青少年远离烟草、拒吸第一支烟、拒吸电子烟，进一步推动《健康中国行动（2019-2030年）》中控烟目标的实现。 现选取部分报名作品进行展播， 欢迎下方积极留言， 告诉我们您喜欢的作品。 ""; ""; 01 不吸烟 我健康 我时尚 北京市西城区西什库小学 王妙辰 02 拒绝烟草 从我做起 北京市西城区西什库小学 王宥儒 03 拒当小烟民 北京市西城区西什库小学 杨馥宇 ""; 长按下方二维码关注我们 ""; "";",微信,青少年控烟与健康,2025-09-23 13:10:15,http://mp.weixin.qq.com/s?__biz=MzkyMzMzNzczMQ==&mid=2247493229&idx=6&sn=69057aed781896064ad8c6179972cc02&chksm=c0b57cba3af8a3a044420d89683e6d524918e36b665638080a15b2b1e25cd0c090f4a5c27380#rd,未知,控烟,中性,报道事实类
2025010141,“不吸烟 我健康 我时尚”青少年控烟公益广告征集作品展播（五十六）,"title: “不吸烟 我健康 我时尚”青少年控烟公益广告征集作品展播（五十六） summary: 不吸烟我健康我时尚青少年控烟公益广告征集作品展播. content: “不吸烟 我健康 我时尚”青少年控烟公益广告征集活动自启动以来，得到了广大青少年志愿者的热情支持和响应。 这次活动由中国控烟与健康协会为指导单位，中国控烟与健康协会青少年控烟专业委员会、《中国学校卫生》杂志社、北京市疾病预防控制中心主办，人民日报健康客户端为媒体支持， 目的是做好2025年5月31日世界无烟日宣传有关工作，引导青少年远离烟草、拒吸第一支烟、拒吸电子烟，进一步推动《健康中国行动（2019-2030年）》中控烟目标的实现。 现选取部分报名作品进行展播， 欢迎下方积极留言， 告诉我们您喜欢的作品。 ""; ""; 01 不吸烟 我健康 北京市石楼中心小学 张宇欣 02 归位青春 北京市石楼中心校（夏村小学） 张钰杰 03 拥抱青春的新生 北京市石楼中心校（夏村小学） 张钰杰 ""; 长按下方二维码关注我们 ""; "";",微信,青少年控烟与健康,2025-09-23 13:10:15,http://mp.weixin.qq.com/s?__biz=MzkyMzMzNzczMQ==&mid=2247493229&idx=2&sn=8eb0c7af9fdb72a5a9db1eb079f2b689&chksm=c0b9b3f764cabbf523be3f2b62cf132a2caf3862cbb06d83bcf182a8630f49c60c08877621c1#rd,未知,控烟,中性,报道事实类
2025010112,#戒烟快三年了，算不算戒烟成功#——一位前烟民的自白,"title: #戒烟快三年了，算不算戒烟成功#——一位前烟民的自白 summary: #戒烟快三年了，算不算戒烟成功#——一位前烟民的自白.瓜子嗑得舌头起了泡，薄荷糖嚼得腮帮子发酸，办公室的笔杆都被我咬出一圈圈牙印。其实戒烟哪儿有啥成功一说，戒烟容易，死灰复燃也同样容易。无论你戒烟成功多久，有多么自信，都绝对不要再吸烟，哪怕只是一支烟。不要两次掉进同一个陷阱！ content: 哥们儿，跟你说个事儿——我把烟戒了，整整三年，连根烟屁股都没碰过！你说这算不算成功？我琢磨着，这事儿还真得掰开揉碎了说。头一个月那叫一个煎熬，手就跟长了爪子似的，总想抓点啥。瓜子嗑得舌头起了泡，薄荷糖嚼得腮帮子发酸，办公室的笔杆都被我咬出一圈圈牙印。同事瞅我不对劲，小心翼翼问：“哥，你最近是不是跟谁较劲儿呢？”我只能苦笑：“哪儿啊，这是跟香烟死磕呢！”熬到半年就舒坦多了，以前闻见烟味儿就挪不动道，后来再闻只觉得呛得慌，心里还嘀咕：“这玩意儿有啥好抽的？” ""; 现在三年过去，半夜再也不会梦到找不着烟急得跳脚。但上次加班到凌晨，路过便利店看见货架上的烟盒，心跳还是漏了半拍。就跟路上碰见前任似的，明知道不该惦记，身体却先有了反应。 ""; 其实戒烟哪儿有啥“成功”一说，戒烟容易，死灰复燃也同样容易。无论你戒烟成功多久，有多么自信，都绝对不要再吸烟，哪怕只是一支烟。不要两次掉进同一个陷阱！",微信,险象环生戒烟党,2025-09-23 13:07:35,http://mp.weixin.qq.com/s?__biz=MzE5MTk3NjE3Mg==&mid=2247483678&idx=1&sn=d3acdcbd97c5e420160619a782489c0b&chksm=9785148be0171aca847586c64f84d459eec6a5eb8142ad843b1a50861e547bc0487614dcea44#rd,未知,戒烟,中性,评论观点类
202501013,戒烟,"title: 戒烟 summary: 尼古丁起到抗抑郁剂的作用。它已帮助数十万吸烟者成功戒烟。以下是成功实施戒烟项目的一些必备规则：·耳穴疗法不能阻止吸烟者吸烟。然而，如果吸烟者决定戒烟，它可以在戒断期间提供帮助。绝对不要再吸烟，哪怕只是一支，即使在戒烟二十年之后也不行，因为成瘾机制会很快重新建立起来。 content: 欧洲耳穴→戒烟 ""; 戒烟 1- O' 点 2- 攻击性点 3- 口咽点 4- 交感神经点 ""; 概述 尼古丁起到抗抑郁剂的作用。这意味着戒烟必然会导致出现或深或浅、或长或短的抑郁期。 吸烟行为开始得越早、持续时间越长，戒烟就越困难。 通过耳穴疗法进行的戒烟项目在四十多年前就已提出。它已帮助数十万吸烟者成功戒烟。以下是成功实施戒烟项目的一些必备规则： · 耳穴疗法不能阻止吸烟者吸烟。然而，如果吸烟者决定戒烟，它可以在戒断期间提供帮助。 · 患者必须在某天早上来到医生诊所，且从前一天晚上起就没有吸烟。这个条件是必须的。因为耳穴点确实会在烟瘾发作时出现在耳朵上。如果患者在治疗前刚吸过烟，这些点就会消失且无法被定位。 · 右利手者治疗右耳，左利手者治疗左耳。因此有必要进行检查以确定其主导眼、主导手和主导脚。 · 所有耳穴点只能通过电子设备检测。 为获得良好效果，需要在穴位上埋置揿针或使用频率进行治疗。O' 点使用 L 频率，攻击性点使用 F 频率，口咽点使用 B 频率，交感神经点使用 E 频率。 要求患者使用小磁珠刺激埋针的穴位。这种刺激包括在针的上方旋转磁珠。 ""; 建议 戒烟一个月，很容易。彻底戒烟则困难得多。为了成功戒烟，有必要接受数月的耳穴疗法随访。 绝对不要再吸烟，哪怕只是一支，即使在戒烟二十年之后也不行，因为成瘾机制会很快重新建立起来。 "";",微信,好运来00081000,2025-09-23 12:46:14,http://mp.weixin.qq.com/s?__biz=Mzk2NDQzMDQyOA==&mid=2247483727&idx=1&sn=b18a942d07f0889eaf348b4903383fee&chksm=c54c47092102f17331d878bc247e7766a1ea19340ce98c0691887c1a384eed15da61a39481e4#rd,未知,戒烟,中性,报道事实类
2025010183,全球吸烟人数最多的10个国家，来看看哪个国家是第一名？,"title: 全球吸烟人数最多的10个国家，来看看哪个国家是第一名？ summary: 全球吸烟人数最多的10个国家，来看看哪个国家是第一名？通过恐怖图片警示包装、大幅提高烟草税、全面禁止烟草广告等一系列强硬措施，其在过去20年里成功将成人吸烟率从35%降至12%以下，吸烟人数大幅下降。儿童问题：印尼的青少年吸烟率惊人，甚至有不少低龄儿童吸烟，公共健康面临严峻挑战。 content: 全球有超过10亿的吸烟者，但你知道他们主要集中在哪些国家吗？今天，就让我们从第十名开始，一步步揭晓这个让人“呛鼻”的榜单，看看最终冠军花落谁家！ 核心数据说明： “本文数据主要综合参考世界卫生组织（WHO）、美国中央情报局（CIA）《世界概况》以及知名医学期刊《柳叶刀》的相关报告。排名依据主要为吸烟者总数（绝对人数）。” 第十名：土耳其 🇹🇷 | 约1700万烟民 ""; “水烟王国”：土耳其的吸烟文化远不止香烟。吸水烟（Nargile）是这里数百年的社交传统，咖啡馆和水烟馆是重要的社交中心。需要注意的是，水烟同样有害，甚至在某些方面危害更大。 性别差异显著：土耳其男性吸烟率超过40%，而女性则相对低得多，这与其社会文化背景密切相关。 政策对抗：近年来，土耳其实行了严格的公共场所禁烟令，甚至在户外历史遗迹如蓝色清真寺附近也禁止吸烟，执法力度颇大。 第九名：德国 🇩🇪 | 约1800万烟民 ""; 欧洲“大烟囱”：德国是欧盟人口最多的国家，也是吸烟人数最多的国家之一。其香烟价格在西欧国家中相对“亲民”。 啤酒与香烟：德国强大的啤酒文化似乎与吸烟习惯相辅相成，啤酒花园里常常烟雾缭绕。 电子烟争议：像许多国家一样，德国关于电子烟的监管和健康辩论也非常激烈 第八名：巴西 🇧🇷 | 约2000万烟民 ""; 控烟“模范生”：巴西的排名极具欺骗性！它是全球控烟的成功典范。通过恐怖图片警示包装、大幅提高烟草税、全面禁止烟草广告等一系列强硬措施，其在过去20年里成功将成人吸烟率从35%降至12%以下，吸烟人数大幅下降。 农业转型：巴西是世界第二大烟草生产国，但也在积极帮助烟农转向其他作物种植。 第七名：日本 🇯🇵 | 约2200万烟民 ""; “孤独”的吸烟者：日本拥有极其严格的公共场所吸烟规定。在东京，你想吸烟必须找到指定的、像电话亭一样的“吸烟区”（喫煙所）。这形成了一种独特的“隔离式”吸烟文化。 自动化与便利：日本是少数仍然广泛存在香烟自动贩卖机的发达国家之一（需特殊身份卡解锁），购买极为便利。 性别鸿沟：日本男性吸烟率（约25%）仍是女性（约8%）的三倍多。 第六名：孟加拉 🇧🇩 | 约2500万烟民 ""; 比迪烟的世界：相比昂贵香烟，一种名为“比迪”（Bidi）的手工卷制烟草才是主流。它更便宜，但尼古丁和焦油含量可能更高，且缺乏过滤嘴。 经济压力：极低的烟草价格（一包最便宜的香烟仅需几元人民币）和巨大的生活压力，使得烟草消费难以控制。 第五名：美国 🇺🇸 | 约3800万烟民 ""; 成功的“下半场”：美国的吸烟史是一部“先污染后治理”的教科书。上世纪60年代，近一半成年人吸烟。通过数十年的健康宣传、诉讼、严格广告限制和高额烟草税，吸烟率已降至12%左右，成就斐然。 新的挑战：传统香烟减少了，但电子烟、 vaping 在青少年中疯狂流行，成为了新的公共卫生战役。 好莱坞的 role：历史上，好莱坞电影曾是香烟的“最佳广告商”，如今则严格限制出现吸烟镜头。 第四名：俄罗斯 🇷🇺 | 约4000万烟民 ""; 战斗民族的“硬通货”：伏特加和香烟曾是俄罗斯文化的两大标志。在苏联解体后，吸烟率一度飙升。 强力扭转：自2013年起，政府推出了一系列“硬核”控烟法：大幅提税、禁止公共场所吸烟、禁止烟草广告和店内展示。效果立竿见影，吸烟率显著下降。 男性主导：俄罗斯男性吸烟率远高于女性，这与他们的工作环境和历史习惯有关。 第三名：印尼西亚 | 约7000万烟民 ""; 烟草公司的“天堂”：印尼是全球少数几个仍允许烟草广告在电视和户外媒体大肆播放的国家之一。广告常将吸烟与“男子气概”、“冒险”绑定，精准营销年轻人。 “儿童”问题：印尼的青少年吸烟率惊人，甚至有不少低龄儿童吸烟，公共健康面临严峻挑战。 香烟价格：一包最便宜的香烟仅售几元人民币，几乎是世界上最容易获得香烟的地方。 第二名：印度 🇮🇳 | 约1亿烟民 ""; 形式的多样性：印度人消费烟草的形式远超想象！除了香烟，还有比迪烟、嚼烟（Gutkha）、水烟、手卷烟等等。无烟烟草制品拥有巨大的市场。 人口红利/陷阱：拥有海量的年轻人口，这意味着如果控烟不力，未来的烟民后备军数量庞大。 健康负担：印度正面临着与烟草相关疾病的巨大健康负担，尤其是口腔癌发病率高企。 第一名：中国 🇨🇳 | 超过3亿烟民 ""; “巨无霸”级市场：中国烟民比美国的总人口还要多。全球每年消耗的香烟，三分之一以上在中国。平均每天要消耗约40亿支香烟。 “中国烟草”的威力：中国烟草总公司（CNTC）是全球最大的香烟制造商，垄断国内市场，是中央财政的纳税巨头（每年利税总额超万亿元），这使控烟变得复杂。 独特的“敬烟”文化：递烟在中国是根深蒂固的社交礼仪，是拉近关系、表示尊重的重要方式，给控烟带来文化阻力。 控烟进行时：尽管挑战巨大，但北京、上海、深圳等大城市的公共场所禁烟令已取得显著成效，正在为全国做出表率。 看完榜单，我们发现一个有趣的现象：发达国家吸烟率在下降，而很多发展中国家吸烟人数仍在上升。 有人认为：‘这是个人选择，他人无权干涉’；另一方则认为：‘吸烟危害公共健康，政府必须强力管控’。你更支持哪种观点？ 是追求个人自由，还是维护公共健康？来评论区，说出你的理由！”",微信,美味侦探,2025-09-23 12:34:12,http://mp.weixin.qq.com/s?__biz=MzkzNDk5OTE4NQ==&mid=2247483885&idx=1&sn=461946331365e6ccf7e776bf320aff3d&chksm=c3cbcf83eb786c3152bc7baffb2984070ac677e554ea93ed0dd99501dbe11a5d48082e75f6fe#rd,北京市,控烟,中性,报道事实类
2025010129,“戒烟潮”席卷全国！背后原因让人深思,"title: “戒烟潮”席卷全国！背后原因让人深思 summary: 办公室、餐馆乃至棋牌室，这些曾经的烟民聚集地如今鲜见吸烟的身影。这个被称为戒烟潮的现象，不仅反映了个人健康意识的觉醒，更是一场生动的经济学和生活方式变迁的写照。这场戒烟潮让我们看到了个人选择与社会力量的互动，你是否也曾在某些时刻，重新审视自己的生活方式？ content: 走在城市的街头巷尾，曾经无处不在的烟雾如今变得稀少。办公室、餐馆乃至棋牌室，这些曾经的“烟民聚集地”如今鲜见吸烟的身影。这个被称为“戒烟潮”的现象，不仅反映了个人健康意识的觉醒，更是一场生动的经济学和生活方式变迁的写照。 ""; 价格杠杆的威力：香烟成“奢侈品” 一位烟民的话道出了许多人的感受：“以前抽的是紫云，开始是7块，现在涨到十几块，我不抽了。”中国烟草价格在过去十年里大幅上涨，经典红双喜从7元一包飙升至13元。对于日均消费1-2包的烟民而言，每月额外支出可达600-1200元，这笔钱足以支付家庭水电费或孩子的学习资料。 ""; 价格上涨形成了一种“软性控烟”。经济学中的价格弹性理论在这里得到了验证。当商品价格超过消费者的接受阈值时，需求量急剧下降。此外，部分品牌如利群通过供应链调控制造购买难度，增加了时间成本和决策成本。面对找烟的困扰，很多人干脆选择了放弃。 经济压力下的理性选择 ""; 一位年轻人在接受采访时说：“主考官问我抽不抽烟，我说小时候抽，现在不抽了，因为太贵抽不起。”在激烈的就业市场竞争和高昂的生活成本下，月收入5000元的群体中，若日均吸烟一包半，仅此一项就占月收入的9%，这还不包括因吸烟导致的健康保险费用上升。 更为重要的是，年轻一代对健康的观念发生了变化。90后、00后更加注重“为健康付费”和“为未来储蓄”。招聘数据显示，在同等薪资条件下，提供戒烟奖励的企业对年轻求职者的吸引力提升27%。租房押金、职业培训、父母医疗等现实需求使得越来越多的人选择戒烟。 社会规范的悄然重构 ""; 一位老烟民提到：“媳妇说公共场所都禁止吸烟，连工地上也不例外。”家庭和职场环境的双重约束构成了强大的行为矫正力量。中国控烟协会报告显示，截至2025年6月，全国无烟法规覆盖人口已达8.2亿，公共场所吸烟率降至12.7%。 当办公室新来的实习生皱眉看着你手中的香烟，当出租车司机明确表示“闻到烟味就拒载”，吸烟逐渐从“社交润滑剂”变成了“社交障碍物”。随着体检普及和医疗信息透明化，人们对吸烟导致肺癌的担忧更加切实。某三甲医院呼吸科主任透露，45岁以下因吸烟相关疾病就诊的患者中，68%提及“担心影响子女”是其戒烟动机之一。 ""; 这场看似简单的消费行为改变，实则是多重社会力量交织的结果。从经济学视角看，它是价格机制与替代效应的成功实践；从社会学角度看，反映了群体规范对个体行为的塑造力量。放在健康中国战略背景下，体现了预防医学理念的深入人心。 值得注意的是，这种转变并非通过强制禁令实现，而是在市场调节、社会倡导和个人觉醒的共同作用下自然发生。民众开始主动计算健康收益与经济成本，生活方式的选择不再需要外部强力干预，这种内生性的改变往往比任何行政命令更具持久效力。 站在更宏观的视角，“戒烟潮”或许只是开始。随着健康意识与经济理性的进一步融合，更多关于饮食、运动、消费的习惯将迎来理性重构。这提醒我们：真正可持续的社会进步，始于每个普通人账本上的小小计算，以及由此引发的生活方式革命。 🌿 这场“戒烟潮”让我们看到了个人选择与社会力量的互动，你是否也曾在某些时刻，重新审视自己的生活方式？",微信,我\x26amp;仌,2025-09-23 12:22:47,http://mp.weixin.qq.com/s?__biz=MzE5MTY2MTk3Nw==&mid=2247486334&idx=1&sn=8654976db06bda2b198cb488a69e73cd&chksm=9717418741df312452005eb2522fbf1ceb8922970b1afa9fee27fe20211abb93848f1546a989#rd,未知,戒烟、控烟,中性,评论观点类
2025010135,戒烟比吃药更重要！糖尿病肾病改善首务立即行动,"title: 戒烟比吃药更重要！糖尿病肾病改善首务立即行动 summary: 各位糖友注意了：如果您已经被确诊为糖尿病肾病，或者尿里开始出现微量蛋白，那么现在必须认清一个关键问题——戒烟比吃药更重要。作为医生，主任深知大家看病不易，只要您将手中的舌苔照片或者病情发给主任，可以在线咨询主任，主任一定不会辜负您的信任，全力以赴为大家提供帮助。 content: ""; 各位糖友注意了：如果您已经被确诊为糖尿病肾病，或者尿里开始出现微量蛋白，那么现在必须认清一个关键问题——戒烟比吃药更重要。这不是危言耸听而是无数临床病例反复验证的事实。 很多患者认为得了糖尿病肾病，只要按时吃药定期复查就够了。但您可能不知道吸烟对肾脏的伤害，可能比高血糖本身更隐蔽，更迅猛一边吃护肾药，一边继续抽烟就像一边救火一边浇油，药效大打折扣病情仍在持续恶化！ ""; 为什么烟对肾脏伤害这么大？ 烟草中的尼古丁，焦油等有害物质会直接损伤肾小球滤过膜，导致蛋白漏出加重加快肾纤维化进程。吸烟会引发血管强烈收缩，使得肾脏血流供应减少，长期处于“缺氧”状态。这对于已经因糖尿病而受损的肾脏来说，无疑是雪上加霜 很多患者来找我看病时说：“石医生，我已经在吃降糖药和护肾药了，为什么肌酐还在涨？”我一问，很多人还在抽烟，甚至一天一包这时我会严肃地告诉他们：“您这不是在治病，而是在应付自己。戒烟才是目前最重要的一味“药”！” 中西医结合治疗糖尿病肾病，强调的是“防治，管”三位一体在西药控制血糖，血压的基础上配合中药调理体质，化瘀通络确实能显著延缓肾病进展。但如果您继续吸烟，所有治疗都会事倍功半。 立即行动从这一刻开始： ""; 第一，彻底戒烟不要逐渐减量，直接停止如果烟瘾较重，可以寻求戒烟门诊的帮助。 第二严格控制血糖，血压和血脂定期检测尿微量白蛋白/肌酐比值。 第三低盐优质低蛋白饮食，避免高磷高钾食物 第四，适当运动避免劳累，保证充足睡眠 戒烟一周后，您就会感受到身体的变化;戒烟一个月，血压心率会有改善;戒烟一年，心血管疾病风险显著降低，肾脏保护的事半功倍。 ""; 我知道戒烟很难，但比起日后面临透析，换肾现在的坚持绝对值得。您的每一个决定都关系到未来几十年的人生质量。 只要是肾病科方面的问题，石凯峰主任都有信心为您提供专业，合理且有效的诊疗方案，确保患者得到最必要的治疗，不浪费一分一毫 作为医生，主任深知大家看病不易，只要您将手中的舌苔照片或者病情发给主任，可以在线咨询主任，主任一定不会辜负您的信任，全力以赴为大家提供帮助。 "";",微信,护肾专家团,2025-09-23 12:12:24,http://mp.weixin.qq.com/s?__biz=MzE5MTg0ODA0MA==&mid=2247487804&idx=6&sn=71c949b1893e4f9987a9dee9b4ebfab5&chksm=97c69f673354b11042e1bdf25754a99c32f8016ca0388fa813523da7479e1e567cab375b4269#rd,未知,戒烟,中性,评论观点类
2025010150,昆明三一一医院看血管疾病优势：动脉硬化患者要戒烟吗？吸烟对血管的危害​,"title: 昆明三一一医院看血管疾病优势：动脉硬化患者要戒烟吗？吸烟对血管的危害​ summary: 昆明三一一医院位于昆明市五华区西坝路100号，是一家集临床、科研、教学、医疗、养老于一体的大型现代化综合医院。长期吸烟会导致血管弹性下降，管腔狭窄，影响血液的正常流动，进而加重动脉硬化的程度。研究表明，吸烟者患动脉硬化的风险比不吸烟者高出数倍。只需点击文中图片或左下角阅读原文，即可快速咨询、预约挂号。 content: ""; 昆明三一一医院看血管疾病优势：动脉硬化患者要戒烟吗？吸烟对血管的危害 昆明三一一医院位于昆明市五华区西坝路100号，是一家集临床、科研、教学、医疗、养老于一体的大型现代化综合医院。在血管外科领域，医院有着显著的优势，对于静脉曲张、静脉血栓、脉管炎、血管炎、老烂腿、雷诺综合征、动脉硬化等疾病的诊疗有着丰富的经验。今天，我们就重点来探讨一下动脉硬化与吸烟的关系。 动脉硬化的症状与发病原因 动脉硬化是一种常见的血管疾病，早期症状可能并不明显，随着病情的发展，患者可能会出现头晕、头痛、记忆力减退、胸闷、心悸等症状。其发病原因较为复杂，包括高血压、高血脂、糖尿病、肥胖、吸烟等。其中，吸烟是一个重要的危险因素。 ""; 吸烟对血管的危害 烟草中的尼古丁、焦油等有害物质会对血管内皮细胞造成损伤，使血管壁变得粗糙，容易导致血小板聚集，形成血栓。同时，吸烟还会使血管收缩，血压升高，增加心脏负担。长期吸烟会导致血管弹性下降，管腔狭窄，影响血液的正常流动，进而加重动脉硬化的程度。研究表明，吸烟者患动脉硬化的风险比不吸烟者高出数倍。 ""; 动脉硬化的检查方法 对于疑似动脉硬化的患者，医生通常会进行一系列的检查。常见的检查方法包括血液检查，检测血脂、血糖等指标；超声检查，观察血管的形态和血流情况；血管造影，清晰地显示血管的病变部位和程度等。通过这些检查，医生可以准确地判断病情，制定合理的治疗方案。 动脉硬化的治疗方法 治疗动脉硬化的方法主要包括药物治疗、手术治疗和生活方式干预。药物治疗主要是使用降脂、降压、抗血小板等药物，控制病情的发展。手术治疗适用于病情较为严重的患者，如血管搭桥术、血管介入治疗等。生活方式干预则是治疗的基础，患者需要戒烟限酒，合理饮食，适量运动，控制体重等。 注意事项 对于动脉硬化患者来说，戒烟是至关重要的。除了戒烟，患者还需要遵循医生的建议，按时服药，定期复查。在饮食方面，要减少高脂肪、高胆固醇、高糖食物的摄入，多吃蔬菜水果，保持营养均衡。同时，要保持良好的心态，避免情绪波动过大。 昆明三一一医院血管外科作为重点科室，引入医疗设备，专家团队经验丰富，专注血管疾病诊疗，以优质服务为患者护航。与云大医院、43医院、省中医医院、云南省肿瘤医院等大型医疗机构开展深度技术协作，为患者提供更优质的医疗服务。 科室擅长下肢动静脉疾病治疗，尤其精通微创治疗静脉曲张，熟悉静脉血栓、脉管炎、血管炎、老烂腿、雷诺综合征、动脉硬化等常见病症诊疗。通过个性化方案把控血管状况，降低创伤与并发症风险。 如果您有相关问题困扰，不妨在线咨询专业医生团队。只需点击文中图片或左下角“阅读原文”，即可快速咨询、预约挂号。 "";",微信,昆明三一一医院官网,2025-09-23 11:40:44,http://mp.weixin.qq.com/s?__biz=MzE5ODIyMjk0NA==&mid=2247485216&idx=1&sn=112afda4bd82ca725d6849a65750f782&chksm=97ba2f38e04531b0594deffbd9d1dedbdd9023609997e62a96c899b310c78d127feca09369d9#rd,云南省,戒烟,中性,报道事实类
2025010138,上了年纪要戒烟吗？医生警告：吸烟牢记“3要点”，或许才更长寿,"title: 上了年纪要戒烟吗？医生警告：吸烟牢记“3要点”，或许才更长寿 summary: 上了年纪要戒烟吗？医生警告：吸烟牢记3要点，或许才更长寿。戒烟半年后，她补钙效果明显好转，医生说这是戒烟后身体吸收能力提高了。通过六不吸原则，配合合理的饮食和生活调整，再加上家人的理解支持，就算完全戒不掉，也能大大减少烟草的伤害。 content: ""; ""; ""; 《——【·前言·】——》 很多上了年纪的老烟民都有这样的疑问：都抽了几十年了，这时候戒烟还有意义吗？ 可医生却说，年纪大了，不是不戒，也不是照抽不误，而是吸烟这事儿得讲究方式。 尤其是有3个关键点，必须记住。掌握好了，反而可能比一刀切更健康。到底是哪3个要点，能让吸烟这件事不再那么“绝对”？ ""; 年龄不是借口，戒烟永远都不晚 许多老年朋友常挂在嘴边的一句话是：我这都六七十了，戒不戒烟有啥区别？这想法可大错特错了！ 医学研究表明，无论在什么年龄戒烟，都能给身体带来明显好处。 ""; 特别是55岁这个年龄，被医生们称为健康的分水岭，过了这个年龄，身体各项机能开始加速下滑，这时戒烟的意义反而更大！ 想想看，许多烟龄30年以上的老烟民，身体里已经积累了大量有害物质。 ""; 如果这时能成功戒烟，5年内心血管疾病风险就能明显下降，10-15年后，患肺癌的风险能降低25%，其他癌症风险也能降低15%左右。这可不是小数字！ ""; 骨头也怕烟，戒烟防摔倒 烟对骨头的伤害，很多人都不太了解。 据调查，长期吸烟的老年人骨密度比不吸烟的同龄人低10%-15%，这意味着更容易骨折！ 特别是老年人本来就容易摔倒，骨质疏松再加上烟草的伤害，简直是雪上加霜。 ""; 王阿姨今年68岁，吸烟40多年。去年冬天在家门口轻轻一滑，就骨折了。 医生说她的骨头脆得像饼干，这跟她长期吸烟有很大关系。 戒烟半年后，她补钙效果明显好转，医生说这是戒烟后身体吸收能力提高了。 戒烟后，身体对钙质的吸收能力会慢慢恢复，骨密度也会有所改善。虽然不能完全恢复到年轻时的水平，但至少能减缓骨质流失的速度。 对老年人来说，这就意味着更少的骨折风险，更高的生活质量！ ""; 六不吸原则 完全戒烟确实不容易，但我们可以从减少伤害入手，先试试这个六不吸原则： 晨起第一口不吸：早上起床后的第一支烟危害最大！ 这时身体刚从睡眠状态苏醒，血管还比较脆弱，尼古丁会让血压急剧升高，容易引发心脑血管意外。 ""; 饭后半小时不吸：很多老烟民有饭后一支烟，赛过活神仙的习惯。 实际上，饭后吸烟会影响消化功能，还会增加胃溃疡风险。 运动时不吸：运动时心肺负担已经增加，再吸烟就像给发动机加水而不是加油，伤害翻倍！ ""; 有研究表明，运动时吸烟会使心脏病发作风险增加5倍。 情绪激动不吸：很多老人习惯用抽烟来缓解压力或打发无聊时光。 这其实是一种恶性循环，越抽越依赖。 ""; 密闭空间不吸：在家里、车里等密闭空间吸烟，不仅伤害自己，还会产生二手烟和三手烟，伤害家人，特别是孙辈的健康。 睡前一小时不吸：睡前吸烟会影响睡眠质量，导致失眠多梦。可以用打坐、听轻音乐或喝杯温牛奶来代替。 ""; 戒烟期间的饮食与生活调整 戒烟过程中，很多老年人担心的一个问题是体重增加。这是因为尼古丁有抑制食欲的作用，戒烟后食欲可能会增强。 不过，只要注意以下几点，就能避免体重失控： ""; 减少糖分摄入：不少老烟民戒烟后喜欢吃甜食代替，这样容易导致血糖波动大，还会增加体重。可以选择一些低糖水果或坚果来解馋。 多吃蔬菜水果：研究表明，富含维生素C和E的食物有助于清除体内尼古丁，加速身体恢复。 菠菜、西红柿、柑橘类水果都是不错的选择。 ""; 保持适量运动：每天散步30分钟，不仅能控制体重，还能缓解戒烟期的焦虑情绪。很多老人发现，运动时烟瘾会减轻。 补充有益大脑的营养：戒烟初期可能会出现注意力不集中的情况，适当补充一些有益大脑功能的食物，如核桃、鱼类等，有助于减轻这种不适。 ""; 家人的理解与支持最重要 戒烟不仅是老年人自己的事，也需要全家人的支持和理解。很多老年烟民之所以戒烟失败，往往是因为家人的方式不当。 强制戒烟往往适得其反，容易引起老人的逆反心理。 比如动不动就把烟藏起来，或者当着老人面皱眉头，这些做法反而会增加老人的压力，导致更想抽烟。 ""; 正确的做法是循序渐进，先从减少伤害入手。 可以和老人一起制定合理的减烟计划，每完成一个小目标就给予肯定和鼓励。 同时，全家人可以一起参与一些健康活动，分散老人对吸烟的注意力。 ""; 《——【·结语·】——》 老了戒烟不是没用，而是比年轻时更重要！ 通过六不吸原则，配合合理的饮食和生活调整，再加上家人的理解支持，就算完全戒不掉，也能大大减少烟草的伤害。 无论您抽了多少年的烟，今天减一支，明天少一根，您的身体一定会感谢您的！ ""; ""; ""; "";",微信,每天成功智慧,2025-09-23 11:01:21,http://mp.weixin.qq.com/s?__biz=MzAwNjEwMzgxOA==&mid=2649443120&idx=5&sn=030496e5f21d7219b5e4f34c52d30264&chksm=82e8041f974026a29cd54fcc3bd184b0f5917305687c9418f3fae99ca93b37b8f1ff30969a8a#rd,未知,戒烟,中性,评论观点类
202501016,戒烟茶,"title: 戒烟茶 summary: 组方:\x0a\x0a藿香10克、地龙15克、远志15克\x0a\x0a薄荷10克、人参5克、甘草10克\x0a\x0a鱼腥草30克\x0a\x0a用法:水煎服，一日一剂，\x0a\x0a代茶饮\x0a\x0a\x0a功效:戒烟\x0a效果:服用后闻到烟味反感，甚至恶心。 content: 戒烟茶 组方:\x0a\x0a藿香10克、地龙15克、远志15克\x0a\x0a薄荷10克、人参5克、甘草10克\x0a\x0a鱼腥草30克\x0a\x0a用法:水煎服，一日一剂，\x0a\x0a代茶饮\x0a\x0a\x0a功效:戒烟\x0a效果:服用后闻到烟味反感，甚至恶心 , , 2025-09-23 10:49 ,",微信,A圣道传承,2025-09-23 10:49:54,http://mp.weixin.qq.com/s?__biz=Mzk3NTE4OTA2MQ==&mid=2247487876&idx=1&sn=33e90e7f95b539f79a27f68daa41cf44&chksm=c567927aef70862a7ae24b4ff160a4af6f96f4b8e89097d094bf186b2b2465c2a05461333bf4#rd,未知,戒烟,中性,报道事实类
2025010117,抓重点 攻难关  落实落细控烟新举措,"title: 抓重点 攻难关 落实落细控烟新举措 summary: 针对辖区内部分写字楼一直以来控烟投诉量大、重复投诉量大、执法取证难、控烟措施落实不到位等突出问题。针对现场发现的问题与物业召开座谈会，深入分析问题根源。针对存在烟民的重点商户，要求商户负责人组织吸烟人员签署《单位控烟个人承诺书》，并对吸烟人员进行控烟宣教。 content: ""; 针对辖区内部分写字楼一直以来控烟投诉量大、重复投诉量大、执法取证难、控烟措施落实不到位等突出问题。近日，朝阳区卫生健康监督所对问题较多、群众反映较强的部分商务楼宇开展专项执法监督检查，并就发现的问题现场研究部署整改措施。 一、开展现场检查，督导物业落实控烟主体责任 ""; 重点对楼宇内步梯间、卫生间、过道以及商户办公区域等点位进行检查，发现卫生间、步梯间等隐蔽点位烟味浓烈、烟头遍地，个别商户办公区域内有烟灰缸、烟头，证明楼内违规吸烟行为长期失管，且有人员聚集吸烟的情况，折射出物业控烟管理措施弱的问题。 针对现场发现的问题与物业召开座谈会，深入分析问题根源。对物业做出控烟指导，要求物业提高控烟巡查频率、延长控烟巡查时间，规范留存巡查视频、照片等资料；全面摸排楼宇内商户吸烟人员情况，建立重点管控商户清单，并对全体租住商户开展控烟法规宣教。 二、现场约谈商户，开展控烟普法宣传 ""; 现场检查过程中，对四家存在办公区域、楼道及卫生间等控烟场所吸烟行为的商户进行约谈，并进行控烟普法宣传，排查出烟民40余人。 针对存在烟民的重点商户，要求商户负责人组织吸烟人员签署《单位控烟个人承诺书》，并对吸烟人员进行控烟宣教。建立健全内部控烟奖惩制度，引导本单位烟民到指定区域吸烟，切实规范员工行为。 三、建立长效机制，确保源头治理成效 ""; 建立由物业负责人、商户负责人及卫生监督员组成的控烟工作联络群，明确职责分工和信息报送规范。通过信息共享、快速响应，实现齐抓共管、闭环处置的目标。 物业适时上传现场巡查视频、照片等资料，如发现吸烟行为，将吸烟人员照片上传至群内，由商户负责人认领核实，各自“看好自己的门，管好自己的人”，对屡教不改的单位或个人，监督所将采取严厉处置措施。 此次执法监督检查细致周到、督导有力，压实了物业控烟主体责任，提升了楼宇内商户的控烟思想意识，规范商户控烟管理的方式方法，认真落实控烟责任；建立了“三位一体”长效控烟机制，有利实现控烟源头治理的目标。 "";",微信,北京朝阳卫生监督,2025-09-23 10:40:14,http://mp.weixin.qq.com/s?__biz=MzA5MzE3MDU0Mg==&mid=2650215086&idx=1&sn=2db2123c4c7156688949b82dee6ffd0a&chksm=89e9306ff95c718cadf8875fba386f3d6cc3fb61386ebe23156291491d83541cb8a3222e08ed#rd,北京市,控烟,中性,报道事实类
2025010190,香烟真龙刘三姐 参数、价格一览表,"title: 香烟真龙刘三姐 参数、价格一览表 summary: 吸烟危害健康，未成年人不得接触烟草制品。： ❌社交平台私单.：滤嘴激光微孔显示三位防伪码.每日吸烟量≥5支，肺癌风险提升17倍。：手机端：下载""戒烟军团""APP记录烟瘾.PC端：访问中国戒烟平台.医疗辅助：三甲医院戒烟门诊。：优先烟草专卖局授权网点.：小盒条码：6901028016797.：真品爆珠捏破后回甘持续15分钟以上. content: ""; （声明：本文仅对合法流通的烟草制品参数进行事实性整理，不含任何推广引导。吸烟危害健康，未成年人不得接触烟草制品。 🔬核心参数一览表 项目 参数 备注 产品类型 烤烟型细支+爆珠 含罗汉果爆珠 焦油量 6mg/8mg（版本差异） 2025新版调整为8mg 烟碱量 0.6mg/0.7mg 对应焦油量调整 一氧化碳量 5mg/6mg 与焦油量同步升级 烟支规格 97mm细支 直径5.4mm超细设计 过滤嘴长度 31mm（含爆珠段） 纳米级降焦孔设计 包装形式 条盒硬盒（黑金/蓝色版） 壮锦纹样+刘三姐徽章 单盒支数 20支 含保湿贴片 💡版本差异说明 经典蓝版 （2020年上市）：焦油6mg，爆珠为罗汉果萃取液 黑金版 （2025年升级）：焦油8mg，采用乌梅+罗汉果双颗粒滤嘴 晶钻版 （限量款）：97mm超长滤嘴，含冰川水润珠 💰全国价格梯度图 🌏区域价格波动表 地区 小盒价格（元） 条装价格（元） 价格波动因素 广西南宁 20-22 200-220 产地直供优势 北京朝阳 26-28 260-280 高端消费区溢价 陕西西安 25-26 250-260 区域调控政策 线上渠道 28-30 280-300 防伪包装成本增加 🛒购买渠道对比 正规渠道 ：烟草专卖店（保真率98%）、大型超市（价格稳定） 警示渠道 ： ❌ 社交平台私单（假货率41%） ❌ 边境免税店（非正规进口） 🔒防伪鉴别六步法 🔍动态防伪技术 镭射标识 ：倾斜45°可见""真龙""字样与凤凰图腾交替显现 纳米微雕 ：包装接缝处放大可见""GXZY""企业代码 紫外检测 ：滤嘴激光微孔显示三位防伪码（需紫外线灯照射） 烟丝鉴别 ：真品烟丝呈金棕色，含10%桂平晾晒烟叶 区块链溯源 ：内衬锡纸二维码扫描显示生产批次 嗅觉验证 ：开盒后前调为山茶花清香，无刺鼻化学味 🚨风险警示专区 🔥健康警示 每日吸烟量≥5支，肺癌风险提升17倍（WHO数据） 二手烟暴露导致儿童哮喘发病率增加300% 爆珠香烟并非""低害""，添加物燃烧产生苯并芘 💡替代方案 短期替代 ：电子雾化器（需选择合规产品） 长期戒烟 ： 📱手机端：下载""戒烟军团""APP记录烟瘾 💻PC端：访问中国戒烟平台（ http://www.notsmoking.cn） 🏥医疗辅助：三甲医院戒烟门诊（成功率提升50%） 📱正确操作SOP（标准流程） 🛒购买流程 选择渠道 ：优先烟草专卖局授权网点（查验许可证） 核对信息 ： 小盒条码：6901028016797 条装条码：6901028016803 支付验证 ：拒绝现金交易，要求POS机刷卡留存凭证 🔍验真步骤 外观检查 ：真品包装棱角分明，假货常有毛边 烟支测试 ：真烟燃烧速度7-8分钟/支，假烟易断灰 口感对比 ：真品爆珠捏破后回甘持续15分钟以上",微信,星座哌,2025-09-23 10:39:25,http://mp.weixin.qq.com/s?__biz=MzU2NDg4NjkxNg==&mid=2247503148&idx=3&sn=3c3bc6dba79621627224a41a8f0051b0&chksm=fd595a8a91cb301892c1a847d4cb195554acc9ad33eb338eecf477d653922ba273d94cda6d2b#rd,北京市,戒烟,中性,报道事实类
2025010191,以案释法｜酒店对电梯吸烟行为视而不见的代价,"title: 以案释法｜酒店对电梯吸烟行为视而不见的代价 summary: 2024年10月01日,温岭市卫生健康局执法人员对辖区内一商务酒店进行监督检查，通过现场查看该酒店监控，发现2024年9月29日22时29分前后，该酒店未对一名住客进入酒店电梯吸烟的行为予以劝阻。 content: 【案情简介】 ""; 2024年10月01日,温岭市卫生健康局执法人员对辖区内一商务酒店进行监督检查，通过现场查看该酒店监控，发现2024年9月29日22时29分前后，该酒店未对一名住客进入酒店电梯吸烟的行为予以劝阻。该商务酒店的上述行为违反了《台州市文明行为促进条例》第十条第(一)项的规定，依据《台州市文明行为促进条例》第三十二条的规定，2024年12月4日卫生健康部门对该酒店作出警告、罚款人民币500.00元的行政处罚。 【法律法规】 ""; 1 ""; 《台州市文明行为促进条例》第十条 公民应当遵守下列公共环境文明行为规范： （一）控制吸烟，不得在机关事业单位、学校、医院、商场、星级宾馆、文化体育场馆的室内公共场所以及电梯、公共交通工具和法律、法规、规章规定的其他禁止吸烟的场所吸烟，相关经营管理单位对吸烟行为应当予以劝阻、制止。 ２ ""; 《台州市文明行为促进条例》第三十二条 违反本条例第十条第一项规定，在机关事业单位、学校、医院、商场、星级宾馆、文化体育场馆的室内公共场所以及电梯、公共交通工具吸烟的，由卫生健康部门责令改正，处五十元以上二百元以下罚款。 前款规定的相关经营管理单位对违反规定的吸烟行为不予劝阻、制止或劝阻不力的，由卫生健康部门给予警告，处五百元以上五千元以下罚款。 【温馨提示】 ""; 一、酒店作为城市文明的重要窗口，应当切实履行控烟管理责任。建议各酒店在日常运营中，明确工作人员对吸烟行为的劝阻职责，确保控烟措施落到实处，避免制度虚设，真正实现“言行一致”。 二、为进一步提升控烟管理效果，酒店可在入口处、电梯口、大堂、走廊等醒目位置设置统一的禁烟标识，并注明违法后果及举报电话。有条件的酒店还可引入智能监控技术，如在电梯、走廊安装烟雾感应报警装置，并与前台联动，实现快速响应。 酒店应积极承担社会责任，将控烟管理纳入日常服务标准，与监管部门和社会公众携手，共同营造清新、健康、文明的公共环境。 来源：浙江卫生监督协会微信公众号",微信,温岭市疾病预防控制中心,2025-09-23 10:16:12,http://mp.weixin.qq.com/s?__biz=MzA3NDQzMTMwNA==&mid=2649937865&idx=2&sn=eb514643c6e6d771fbd276650844bc9b&chksm=86dcbd6e82aea7fb78fb1f09b956bd49280d32d7243c76bc41f588471559bbb079c5b0667f92#rd,浙江省,控烟,负面,报道事实类
2025010157,戒不掉烟不是你没毅力！贴对它，不用忍“戒断罪”，3步轻松跟烟瘾说再见,"title: 戒不掉烟不是你没毅力！贴对它，不用忍“戒断罪”，3步轻松跟烟瘾说再见 summary: 戒不掉烟不是你没毅力！贴对它，不用忍戒断罪，3步轻松跟烟瘾说再见。如果你已经尝试过很多次戒烟都没成功，如果你不想再因为烟瘾愧疚、难受，不妨试试「益新灵戒烟贴」。也别忘了转给身边想戒烟的朋友，一起远离香烟的伤害！ content: “又偷偷躲在阳台抽烟？说了多少遍对肺不好！”“爸，你咳嗽都快一个月了，就不能把烟戒了吗？” 是不是每次听到家人这样说，你都又愧疚又无奈？明明知道吸烟伤身体，可烟瘾上来时，手指会不自觉摸向烟盒，哪怕刚咳完，也想点一根“压一压”；试过硬扛着戒烟，结果没撑3天就开始心慌、失眠、浑身难受，脾气差得像炮仗，最后只能妥协：“我实在没毅力，戒不了”。 其实，戒不掉烟真的不是你的错！吸烟多年，身体早就习惯了尼古丁的存在，突然断供就像“突然不给身体吃饭”，自然会出现各种戒断反应。今天要给大家分享的「益新灵戒烟贴」，靠世界卫生组织公认的科学方法，不用硬扛、不遭罪，就能帮你一步步跟烟瘾彻底告别。 ""; 先跟大家说个实在的：为啥以前戒烟那么难？因为咱们靠“硬忍”，根本没解决核心问题——身体缺尼古丁时的“难受劲”。而益新灵戒烟贴用的是“尼古丁代替疗法”，简单说就是：用安全的方式给身体补一点尼古丁，既不让你犯烟瘾，又避开了香烟里的焦油、致癌物。 它里面的成分特别让人放心，除了小剂量的天然烟碱，还加了甘草、丁香、薄荷这些天然植物提取物，没有乱七八糟的添加剂。最厉害的是它的透皮技术，贴在皮肤上，有效成分能通过静脉直接送到大脑神经，穿透率能达到61%-83%，比那些“贴了没感觉”的产品管用多了，而且这还是国内唯一一个有科学戒烟专利的产品，安全性和效果都经过验证。 更关键的是，它给身体补的尼古丁，量比抽烟少多了，不会让你产生新的依赖。用一段时间后，身体对尼古丁的需求会慢慢降下来，直到最后完全不需要，不知不觉就把吸烟的习惯戒掉了。不像以前硬戒，要扛过心慌、手抖、失眠的“戒断罪”，用它戒烟，身体没那么大反应，轻松多了。 而且它特别灵活，不管你是想先减少吸烟量，还是想彻底戒掉，都能满足，总结下来就是三大核心功效，每个烟民都能找到适合自己的用法： ""; 第一个是“替烟”，特别适合不想一下子戒烟，但想少抽点的人。比如你以前一天要抽一包烟，现在每天贴两贴，烟瘾上来时就没那么难受了，慢慢就会发现，一天下来只抽几支就够了，不知不觉就减少了吸烟量，对身体的伤害也先降下来。 第二个是“控烟”，解决的就是“特定场景想抽烟”的难题。比如看电影时，旁边有人抽烟你就忍不住；坐飞机、开长途车，不能抽烟就浑身难受；开重要会议时，烟瘾上来根本没法集中注意力。这时候贴两贴，很快就能压住想抽烟的念头，不用再因为烟瘾打乱节奏，也不用再找借口“躲着”抽烟。 第三个就是“戒烟”，如果你已经下定决心要彻底跟香烟告别，按照说明书的使用周期来贴，就能一步步减少身体对尼古丁的依赖。从每天贴、到慢慢减少贴的次数，再到最后完全不用贴，整个过程没有强烈的戒断反应，也不用硬扛着“忍”，很多人用下来都说：“没想到戒烟这么轻松，没遭罪就把烟戒了”。 ""; 更让人放心的是，它的效果得到了很多认可，不仅世界控烟组织和知名专家都推荐，还成了美国航天局“特选太空游信赖产品”，能得到这么权威的认可，品质肯定没问题。现在不管是国内还是国外，都有很多烟民靠它成功戒烟，摆脱了“烟不离手”的日子。 想想看，戒掉烟之后，你不用再因为烟味被家人嫌弃，不用再躲在角落里偷偷抽烟；早上起来不会再咳嗽、喉咙干，呼吸都变顺畅了；爬楼梯、走路也不会轻易气喘，身体越来越轻松；最重要的是，家人不用再为你的健康担心，孩子也能远离二手烟的伤害。 其实，戒烟从来不是“靠毅力硬扛”，而是选对方法。如果你已经尝试过很多次戒烟都没成功，如果你不想再因为烟瘾愧疚、难受，不妨试试「益新灵戒烟贴」。不用遭罪，不用硬忍，用科学的方法帮你一步步跟烟瘾说再见，给自己一个健康的身体，也给家人一份安心。 现在就行动起来，别再让“戒不掉”成为借口，贴上戒烟贴，慢慢你就会发现，不抽烟的日子，原来这么舒服！也别忘了转给身边想戒烟的朋友，一起远离香烟的伤害！",微信,知心着意,2025-09-23 10:11:22,http://mp.weixin.qq.com/s?__biz=MzE5MTQzMTczMQ==&mid=2247484747&idx=1&sn=34392bfa3810738cbb85038c3b96b585&chksm=9759ee81b5b3737148f2f2c6e29b6a2c5c14dc165d3e62fde21d18d7c5d2f270468e19df5fb5#rd,未知,戒烟、控烟,中性,评论观点类
2025010114,坚持戒烟的第一天,title: 坚持戒烟的第一天 summary: 从今天开始，为期一年的戒烟开始：今日吸取尼古丁：0。路过的朋友踢我一下，随时回复。 content: 从今天开始，为期一年的戒烟开始： 今日吸取尼古丁：0 明日计划尼古丁：0 路过的朋友踢我一下，随时回复,微信,浩瑶喜乐,2025-09-23 10:05:57,http://mp.weixin.qq.com/s?__biz=MzkxMzgzMDEyMA==&mid=2247483755&idx=1&sn=5672c7dd67907ddba0c1379fb7b83352&chksm=c064162dc0fcb6ee178535e31e161fb1b96304c601f48d84ce3e9d1850c7278afad2dc7b116a#rd,未知,戒烟,中性,评论观点类
2025010124,大爷戒烟半年后，因急性心梗离世：医生揭示四个关键点,"title: 大爷戒烟半年后，因急性心梗离世：医生揭示四个关键点 summary: 张大爷已经67岁，几十年的烟瘾让他咳嗽气短成了常态。在儿女的劝说下，他终于决定戒烟。原本以为健康会慢慢好转，可半年后一次饭后散步，他突然倒地不起，最终因急性心梗离世。戒烟后，张大爷以为万事大吉，饮食上放松了，血压和血脂悄然上升。但这并不意味着戒烟有害，而是提醒我们要科学戒烟、有计划戒烟。 content: 张大爷已经67岁，几十年的烟瘾让他咳嗽气短成了常态。在儿女的劝说下，他终于决定戒烟。原本以为健康会慢慢好转，可半年后一次饭后散步，他突然倒地不起，最终因急性心梗离世。家属悲痛不已，心中更是不解。 ""; 医生解读：戒烟后的身体变化 医生面对这种疑问，并不感到意外。戒烟确实对健康有益，但很多人忽略了几个重要细节，从而在短期内引发了潜在的风险，特别是心血管方面的问题。 长期吸烟使血管收缩和炎症状态持续，血液变黏、血脂升高，斑块容易沉积。戒烟后，虽然刺激减少，但受损的血管不会立即修复，体内代谢也会发生变化。如果缺乏医学干预和生活调整，有可能诱发心血管事件。 ""; 张大爷的真实经历 戒烟后，张大爷以为万事大吉，饮食上放松了，血压和血脂悄然上升。本意是为健康着想，却因忽视了身体的应激变化，导致脆弱的血管承受了过大的负担。 医生指出，戒烟期间最需要注意的第一件事是控制体重。如果不加以节制，短时间内体重迅速增加，会加重心脏负担，增加血脂异常和高血压的风险，进一步损害血管。 ""; 戒烟期的心血管指标监测 第二件事是定期监测心血管指标。戒烟后的几个月，血管状态波动较大，需要定期监测血压、血脂和血糖等，及时发现异常，避免意外。 第三件事是避免过度依赖“替代品”。有些人为了缓解不适感，转而依赖电子烟、烟草糖或尼古丁贴片。这些方法短期内有一定作用，但长期使用不仅无法彻底摆脱依赖，还可能带来新的健康风险。有研究发现，某些电子烟产品也可能引起心血管系统的不良反应。 ""; 戒烟期的心理调节与运动安排 第四件事是戒烟后的心理调节。许多老烟民在戒烟初期情绪低落，焦虑烦躁，甚至影响睡眠。尤其是老年人，更需要家人支持和医生指导，帮助他们度过戒断期。 此外，戒烟后的运动安排也应合理过渡。有些人为了“补救身体”，突然增加运动量，但对于身体未完全恢复或有潜在心脏疾病的人，剧烈运动反而可能成为诱因。 ""; 综合调整的重要性 戒烟的确有益，但问题在于“如何戒”。如果缺乏对身体变化的观察与管理，很可能忽略了新的风险信号。特别是对于有长期吸烟史的中老年人来说，戒烟需要配合饮食、运动、心理和医疗多方面的调整。 另外，戒烟后的短期睡眠质量也会下降。一方面是因为尼古丁消退引发的戒断反应，另一方面也是身体适应过程中的自然调整。频繁失眠、心慌等症状可能被误认为其他疾病，引起不必要的恐慌。 ""; 科学戒烟的必要性 在临床中，不乏因戒烟方式不当而诱发疾病的案例。但这并不意味着戒烟有害，而是提醒我们要科学戒烟、有计划戒烟。特别是那些已有慢性疾病、血管病变、代谢紊乱的高风险人群，最好在医生指导下进行。 很多地方已设立了戒烟门诊，通过专业指导、心理辅导和药物干预等综合手段，帮助人们平稳过渡戒烟过程。这种方式比单打独斗更有效、更安全，尤其适合中老年人群体。 ""; 总结与建议 张大爷的经历并非个例，它提醒我们，戒烟不能仅靠毅力，还需要科学的方法。特别是年纪较大的吸烟者，更需警惕戒烟过程中的“隐形风险”。把握好这些关键节点，才能真正从戒烟中收获健康。 不是每一个好的决定都能立刻见效，也不是每一个好习惯都能马上让身体回到巅峰。只有方法得当，注意节奏，定期体检、合理饮食、调节情绪，戒烟带来的好处才会显现出来。 🌿 故事说完了，但故事里的人，可能还没走出来。我们终究都在学着，不带刺地靠近一个人。",微信,富饶齐中,2025-09-23 09:58:54,http://mp.weixin.qq.com/s?__biz=Mzg5OTk3NDYwMQ==&mid=2247484400&idx=1&sn=c9c0f58822e0cbba99cf473f5dad5410&chksm=c15d3e59965482632cccd4458ff05559df600e9e042be9f9a686d7e2c6a7bab84a694d5564bc#rd,未知,戒烟,中性,报道事实类
202501017,轻松戒烟，必经历三个阶段,"title: 轻松戒烟，必经历三个阶段 summary: 盲目的开始是你戒烟过程中痛苦的根源。掌握戒烟方法，是你成功戒烟的不二选择。推荐一个我发现的戒烟宝藏小程序！它把《这书能让你戒烟》的方法做成了超好用的工具。它的「戒烟三部曲」框架非常科学：1 ️ ⃣准备期：学习心法，调整心态，做好万全准备。如果你也想换种轻松的方式戒烟，强烈建议试试！#小程序:戒烟有方. content: 工欲善其事必先利其器。我们不打无准备的仗。盲目的开始是你戒烟过程中痛苦的根源。掌握戒烟方法，是你成功戒烟的不二选择。 🔥 推荐一个我发现的戒烟宝藏小程序！它把《这书能让你戒烟》的方法做成了超好用的工具。 它就是：戒烟有方小程序 它的「戒烟三部曲」框架非常科学： 1️⃣ 准备期： 学习心法，调整心态，做好万全准备。 2️⃣ 行动期： 通过社区支持、健康值管理和贪吃蛇游戏，应对戒断期。 3️⃣ 巩固期： 用「归元秘籍」和「降瘾十巴掌」巩固认知，防止复吸。 尤其这个「贪吃蛇游戏」和「健康值管理」！烟瘾来了玩一把，看着身体一天天变好，动力十足！ ""; ""; 如果你也想换种轻松的方式戒烟，强烈建议试试！ 👉 #小程序:戒烟有方",微信,戒烟有方,2025-09-23 09:27:42,http://mp.weixin.qq.com/s?__biz=MzI1NzEyNzgwNw==&mid=2247483736&idx=1&sn=785ef10d5d89862f99da8af84ef3cfe0&chksm=ebe0629dd7f24d877c3f6159ca3026eabd5fc358a8423bccf38c5d63f31b3f00b99ca97e07ec#rd,未知,戒烟,中性,评论观点类
2025010115,【控烟知识宣传】创建无烟医院 共享健康生活,"title: 【控烟知识宣传】创建无烟医院 共享健康生活 summary: 一、烟草烟雾中对人体危害最大的致命物质是什么?据日本调查，吸烟总量在20万支以内者，戒烟4年之后，肺癌死亡率不吸烟者相同。吸烟者患胃、十二指肠溃疡的较多，而且不戒烟就难以治愈。为此，胃、十二指肠溃疡患者务必戒烟，以加快溃疡的愈合。 content: ""; 一、烟草烟雾中对人体危害最大的致命物质是什么? ●尼古丁、烟焦油、一氧化碳等 二、吸烟有哪些危害? ●吸烟会导致肺癌、冠心病、支气管炎、肺气肿等多种疾病 ●吸烟污染空气，危害子女及他人健康 ●吸烟浪费金钱，是引发火灾的主要原因 三、戒烟的近期好处 1、味觉改善:戒烟后舌头上的感觉神经恢复了原有的敏感性，能充分品尝到各种食物的风味. 2、口臭消除:吸烟者与他人谈话时，口中常会散发出一股令人厌恶的烟臭。吸烟者早晨起床后自己也往往感觉到嘴里不清爽，有异臭味。戒烟后口臭便可颓然消除。 3、牙齿变白:焦黄发黑的牙齿，曾被人们看作是吸烟者象征，停止吸烟后牙齿的烟垢会逐渐退净。同时由于口腔卫生的改善，各种口腔疾病明显减少 4、血压降低:戒烟后由于全身血液循环得到改善，血压可降低10-15毫米汞柱，有利于减少动脉硬化、冠心病等心血管病症发病的危险性。 5、睡眠改善:戒烟后尼古丁的作用慢慢消除，人变得易于入睡，而且睡得很熟，疲劳容易得到很好的消除，精力充沛。 四、戒烟后的远期好处 1、患癌的危险性减少 戒烟5-10年后，其肺癌死广率比不吸烟者略为高一点，戒烟10-15后，得肺癌的机会便可降低到与不吸烟一样。据日本调查，吸烟总量在20万支以内者，戒烟4年之后，肺癌死亡率不吸烟者相同。 2、冠心病的死亡率下降 冠心病病人，戒烟一年之后，冠心病死亡率很快下降，10年后降至不吸烟者同一水平。英国对3564岁的医师进行调查，1953年至1968年的15年间，由于许多医师戒烟，他们患冠心病的死亡率下降了6%，而同期未戒烟的普通人群却增加了9%。吸烟是再次发生心肌梗塞的危险因素，戒烟对避免再次心肌梗塞十分有利。 3、吸烟者惠慢性支气管炎、肺气肿的较多 发病率是不吸烟者的4-25倍。戒烟几周后，咳嗽、咯痰减少，可防止肺功能进一步恶化 4、溃疡病容易治愈 吸烟者患胃、十二指肠溃疡的较多，而且不戒烟就难以治愈。为此，胃、十二指肠溃疡患者务必戒烟，以加快溃疡的愈合。",微信,海城开发区医院,2025-09-23 09:26:55,http://mp.weixin.qq.com/s?__biz=MzI2NjAyMzY2NQ==&mid=2650214259&idx=5&sn=9ce86529e3e19e3f84553b6f9d0df267&chksm=f3ce7e590aac0b29f4685410c3082cec4b90ec7292d3b5006c9f4258074bf629cdb1f7bfca12#rd,未知,控烟、戒烟,中性,报道事实类
2025010187,万宝路（软红2.0）香烟价格表,"title: 万宝路（软红2.0）香烟价格表 summary: 吸烟危害健康，未成年人不得接触烟草制品。免责声明本文数据来源于国家烟草专卖局备案价格及公开市场调研，不构成消费建议。吸烟可能导致肺癌、心血管疾病等严重后果，请遵守《未成年人保护法》相关规定。 content: ""; （声明：本文仅对合法流通的烟草制品参数进行事实性整理，不含任何推广引导。吸烟危害健康，未成年人不得接触烟草制品。） 🚭 万宝路（软红2.0）香烟价格全解析与消费指南 📱 📱 目录 价格体系全景扫描 区域价差深度解码 合规购买避坑指南 🚨 健康警示与法律红线 SOP操作手册 1. 价格体系全景扫描 💻 🔍 全国基准价（2025年8月更新） 规格 单盒价格 条装价格 价格依据 软红2.0 16元 160元 国家烟草专卖局备案价 硬红2.0 18元 180元 九联汇2025年5月报价 硬白金3.0 23元 230元 百度健康2025年7月数据 价格波动逻辑📊 控烟政策导致全行业涨价8%-15%，软红2.0作为中端主力产品，价格稳定在16元档位，较2024年上涨1元，符合《国家烟草专卖局关于加强价格管理的通知》要求。 2. 区域价差深度解码 🌐 🗺️ 典型城市对比（2025年7月数据） 城市 软红2.0价格 溢价原因 北京 17-18元 控烟成本分摊+物流费用 昆明 14-15元 产地优势+本地消费习惯 三亚 13-14元 海南免税政策（限购2条） 套利空间警示⚠️ 跨区域购烟需注意： 海南免税店限购2条/人/年 云南产地价格比省外低10%-15% 一线城市溢价达15%（如广州红塔山比昆明贵3元） 3. 合规购买避坑指南 🔒 🛒 正规渠道三原则 烟草直营店 认准「中国烟草」标识 支持NFC芯片扫码验真（烟盒内侧） 电商平台 仅限品牌官方旗舰店（如万宝路京东自营） 警惕「港版」「免税版」低价陷阱 验真五步法markdown 1. 紫外线照射看防伪标识 2. 捏爆珠听清脆声（如有） 3. 核对条码6901028211611 4. 检查烟盒接缝是否整齐 5. 扫描20位追溯码验真 4. 🚨 健康警示与法律红线 🔴 吸烟危害数据（2025年世界无烟日更新） 每日吸1包烟：寿命缩短10年 青少年首次尝试吸烟：65%源于同伴压力 二手烟含70种致癌物（《中国吸烟危害健康报告》） 🔴 违法成本清单 行为 处罚依据 处罚标准 向未成年人售烟 《未成年人保护法》第59条 罚款5万-50万元 公共场所吸烟 《四川省爱国卫生条例》第28条 罚款50-200元 线上违规销售 《电子商务法》第38条 关闭店铺+罚款200万元 5. SOP操作手册 📝 🛑 紧急情况处理流程 mermaid graph TD A[发现假烟] ; B(保留证据) B ; C(拨打12313投诉) C ; D(配合烟草局调查) D ; E(获赔金额=购烟款×3) 💡 戒烟资源包 微信小程序「中国戒烟」：免费尼古丁贴片申领 医保报销政策：多地纳入门诊统筹（报销50%） 替代疗法：咀嚼胶/吸入器（需医师处方） 📌 关键数据备忘录 软红2.0条码：6901028211611 烟草服务热线：12313（24小时） 价格举报平台：国家烟草专卖局官网 免责声明本文数据来源于国家烟草专卖局备案价格及公开市场调研，不构成消费建议。吸烟可能导致肺癌、心血管疾病等严重后果，请遵守《未成年人保护法》相关规定。",微信,美妆趣,2025-09-23 09:23:35,http://mp.weixin.qq.com/s?__biz=MzU3NTg4MzgwOQ==&mid=2247491513&idx=1&sn=5a03cf44fdce666fe3d6de67c365ad59&chksm=fcdcd36acf0b87f257526bddac154241e4ed9af486442740cb8b964cfe000d17805e57b05caf#rd,北京市,控烟、戒烟,中性,报道事实类
2025010166,隐形杀手还是“健康替烟”？揭开电子烟的甜蜜陷阱,"title: 隐形杀手还是“健康替烟”？揭开电子烟的甜蜜陷阱 summary: 当街头巷尾的电子烟店用缤纷口味和酷炫设计吸引年轻人，当帮助戒烟减害产品的广告语四处传播，您是否也曾对电子烟产生过一丝好奇？然而，这层科技与时尚包裹的外衣下，隐藏着不容忽视的健康风险。电子烟产生的是含有尼古丁、重金属和多种化学添加剂的气溶胶，其对环境和周围人群的影响同样不容忽视。 content: 当街头巷尾的电子烟店用缤纷口味和酷炫设计吸引年轻人，当“帮助戒烟”“减害产品”的广告语四处传播，您是否也曾对电子烟产生过一丝好奇？然而，这层科技与时尚包裹的外衣下，隐藏着不容忽视的健康风险。 ""; ""; 一、电子烟究竟是什么？ 电子烟（E-cigarettes），又称“电子尼古丁输送系统”，其工作原理通常是通过电池加热烟液（俗称“烟油”），产生气溶胶供用户吸入。这种气溶胶并非无害的“水蒸气”，而是包含尼古丁、香料、溶剂等多种化学物质的混合物。 ""; 二、电子烟的四大核心危害？ 1. 成瘾性“元凶”：尼古丁 尽管形态不同，绝大多数电子烟烟油的核心成分仍是尼古丁。尼古丁是高度成瘾性物质，尤其会对青少年的大脑发育造成损害，影响注意力和记忆力，并为未来成瘾性行为埋下隐患。 2. “美味”陷阱：五花八门的添加剂 为了吸引年轻用户，电子烟提供了成千上万种风味，如水果糖、薄荷、蛋糕等。这些诱人的香味大多来自双乙酰等化学香料。吸入双乙酰已被证实与一种严重的肺部疾病——“爆米花肺”（闭塞性细支气管炎）相关，会导致不可逆的肺损伤和呼吸困难。 ""; 3. 隐形伤害：有毒物质电子烟产生的气溶胶中含有大量细颗粒物（PM2.5）和超细颗粒物，可深入肺泡并进入血液循环，引发肺部炎症和心血管系统压力。同时，研究还在气溶胶中检测出甲醛、乙醛等挥发性有机化合物以及重金属（如铅、镍、铬），这些物质具有明确的致癌性。 4. 青少年的“入门烟” 世界卫生组织（WHO）已明确指出，电子烟的使用会显著增加青少年日后吸食传统卷烟的可能性。它不仅是“替代品”，更可能成为诱导非吸烟者（尤其是青少年）尼古丁成瘾的“入门产品”。 ""; 三、常见误区辨析 误区一：“电子烟能帮助戒烟。” 目前，电子烟作为戒烟工具的有效性和安全性并未得到充分、可靠的科学证据支持。世界卫生组织不建议将电子烟作为戒烟手段。许多使用者最终会形成电子烟和传统卷烟的“双重使用”，尼古丁摄入量不降反升。 误区二：“电子烟比传统卷烟危害小很多。” “减害”不等于“无害”。虽然电子烟产生的有害物质种类可能少于传统卷烟，但它会带来独特的健康风险（如“爆米花肺”）。对于非吸烟者，尤其是青少年，使用电子烟是“从零到一”的伤害，有百害而无一利。 误区三：“吸入的是无害水蒸气。” 这是最大的误解。电子烟产生的是含有尼古丁、重金属和多种化学添加剂的气溶胶，其对环境和周围人群（二手烟）的影响同样不容忽视。 ""; 四、如何远离电子烟危害？ 1. 非吸烟者，尤其是青少年： 坚决不尝试，不抱有任何好奇心。认清电子烟的成瘾本质和健康风险。 2. 吸烟者寻求戒烟： 应寻求科学、专业的戒烟方法，如前往医院的“戒烟门诊”咨询，或使用经国家药品监督管理局批准的戒烟药物。 3. 提高辨别能力： 警惕电子烟营销中的“时尚”“健康”话术，学会透过现象看本质。 4. 创建无烟环境： 倡导在室内公共场所、交通工具内禁止使用电子烟，保护他人免受二手气溶胶的危害。 远离 ""; 烟草 电子烟并非时尚潮流的安全玩具，也不是值得信赖的戒烟神器。它是一把裹着糖衣的健康利剑，尤其对青少年构成严重威胁。选择清新健康的生活，需要对所有形式的烟草产品（包括电子烟）说“不”。如果您或身边的人正面临尼古丁成瘾的困扰，请主动寻求专业帮助，用科学的方式守护呼吸健康。 编辑、撰稿|健康教育所",微信,遵化市疾病预防控制中心,2025-09-23 09:21:32,http://mp.weixin.qq.com/s?__biz=MzI4MjI5NDA3NA==&mid=2247542424&idx=2&sn=6de611f3c3f398e416ddd40944937c3f&chksm=ea6fd09641675eda690cb1d145fa446724d448790e5ce68266aae8c2a15a6986f0cf183868e0#rd,未知,戒烟,中性,评论观点类
2025010167,口粮行业真的是夕阳行业了吗？,"title: 口粮行业真的是夕阳行业了吗？ summary: 口粮行业真的是夕阳行业了吗？如今的烟草行业，正经历着烟民群体结构的调整、消费场景的丰富以及行业竞争方向的转变，其转型的步伐远比我们想象中更快、更坚定。 content: 提及口粮行业，不少人会下意识地将其与 “控烟政策收紧”“行业走向没落” 划上等号，甚至断言 “这行迟早要完”。可若真深入探究烟草领域的发展脉络，便会发现事情远没有想象中简单。看似被 “控烟” 阴影笼罩的烟草行业，实则藏着诸多不为人知的新动态。今天，我们不妨换个视角，重新审视烟草行业，看看普通人眼中的固有认知，究竟是否靠谱。 ""; 一、烟民数量未减，消费场景悄然换新 在国内，尽管 “控烟” 的呼声年年高涨，相关宣传也从未间断，不少人更是把 “戒烟” 挂在嘴边，但实际烟民数量并未出现明显减少。对于老烟民而言，吸烟早已成为一种深入骨髓的生活习惯，并非轻易就能改变，这也使得传统卷烟的需求始终保持着一定的稳定性，并未因控烟宣传而大幅萎缩。 与此同时，年轻消费群体的出现，为口粮行业注入了新的活力。电子烟、加热不燃烧等新型烟草产品逐渐走红，尤其在海外市场，销量更是一路攀升。以部分国外电子烟品牌为例，它们精准定位 “替烟” 需求，凭借多样的口味和便捷的使用方式，不仅吸引了一批有戒烟意愿的烟民，还成功俘获了不少原本不抽烟或想尝试新口味的年轻人，成为烟草需求增长的新突破口。 ""; 由此可见，口粮领域并非如表面所见那般 “戒了又戒”，而是呈现出 “消费转场” 的新态势。传统卷烟与新型烟草产品各有受众，共同分割市场 “蛋糕”，整个烟草市场不仅没有缩小，反而在产品形态和消费场景上变得愈发丰富多样。 二、控烟政策不是 “绝路”，而是行业 “洗牌机” 在很多人看来，日益严格的控烟政策会彻底堵死烟草行业的发展之路，可事实并非如此。控烟政策的初衷，是为了减少吸烟对公众健康的危害，其主要措施集中在限制卷烟广告传播、规范销售渠道等方面，并未从根本上切断烟草行业的生存路径。 相反，严格的控烟政策如同一场行业 “洗牌”，在淘汰弱小企业的同时，也为有实力的大企业创造了更好的发展环境。像全国中烟这样的行业龙头，凭借雄厚的资金实力、成熟的生产技术和完善的渠道布局，能够轻松应对政策新规，在市场竞争中占据优势地位。而那些规模小、实力弱、无法满足政策要求的小品牌，则逐渐被市场淘汰。如此一来，烟草行业的市场集中度不断提高，整体发展反而更加稳健。 当然，控烟政策确实给口粮行业的投资增加了难度，但有远见的企业早已开始主动求变，积极布局新型烟草领域，打造多元化的体验终端，通过转型寻找新的发展机遇。对于普通人而言，面对烟草行业，不应盲目跟风唱衰，而应理性分析，看清在这场 “洗牌” 中能够站稳脚跟的企业，或许能从中发现不一样的行业真相。 三、烟草行业不止 “卖烟”，文化价值成新增长点 如今走进一些烟草零售店，你会发现它们早已不是单纯的 “卖烟点”。不少店铺会定期举办烟酒品鉴会，推出各类烟草文创周边产品，摇身一变成为小型 “烟草文化体验馆”。这种从 “烟店” 到 “社交空间” 的终端升级，不仅提升了消费者的购物体验，还让烟草销售融入了更多文化元素，增强了消费者与品牌之间的粘性。 ""; 除了终端升级，部分有实力的烟草企业还将目光投向了跨界领域。它们利用自身资源，涉足烟叶种植产业，打造特色烟叶种植基地；同时，积极布局旅游市场，建设烟草文化馆，开发以烟草文化为主题的旅游路线，将烟草产业与地方特色资源深度融合，既拓展了新的消费人群，又开辟了新的利润增长点。 从这些变化中不难看出，烟草行业既不会突然消失，也不会在无声中走向崩塌。它看似保持着传统的模样，实则一直在背后默默探索，努力寻找更长久、更体面的发展方式。 所以，我们不能仅凭 “控烟” 二字，就草率地给烟草行业贴上 “夕阳产业” 的标签。如今的烟草行业，正经历着烟民群体结构的调整、消费场景的丰富以及行业竞争方向的转变，其转型的步伐远比我们想象中更快、更坚定。 对于想要把握投资机会的人来说，不妨多关注那些积极拥抱新型烟草产品、注重营销创新和体验场景升级的企业。但同时也要牢记，烟草行业受政策影响较大，投资时必须格外留意政策红线，谨慎决策。而对于普通人而言，也可以多留意身边的变化，或许在不久的将来，你身边的烟草店就会摇身一变，成为新的网红打卡地。 那么，在你眼中，烟草行业究竟是 “夕阳西下”，还是正迎来 “转型新生” 呢？如果你有相关的身边故事，也欢迎留言分享。",微信,金叶查,2025-09-23 09:02:00,http://mp.weixin.qq.com/s?__biz=Mzk3NTc1NjM3NQ==&mid=2247484740&idx=1&sn=32eb825aa38ba5b7a7b5f3a9fa97f8e3&chksm=c524f9df61fc33ac74a07486492b2da5da51d8d96e13e3478edbe2e200a74b370758c71f584c#rd,未知,控烟、戒烟,中性,评论观点类
2025010147,香港控烟重拳出击！10地区新增禁烟区！首两日罚款已超2.7万！,"title: 香港控烟重拳出击！10地区新增禁烟区！首两日罚款已超2.7万！ summary: 香港控烟重拳出击！10地区新增禁烟区！首两日罚款已超2.7万！卫生署亦提醒市民，《2025年吸烟公告》将于8月31日起生效，届时禁烟范围将涵盖全港272个公共运输设施，另新增10个公共运输设施为指定禁烟区，此外一个公共运输设施的禁烟区范围作出修订。 content: 8月25日，香港卫生署控烟酒办公室（控烟酒办）一连6日在多个公共运输设施法定禁烟区加强打击违例吸烟。 ""; 卫生署指，由2021年1月至今年6月，控烟酒办就有关违例吸烟行为，在公共运输设施共进行逾19,400次巡查，并发出逾9,400张定额罚款通知书/传票。 为加强打击违例吸烟行为，控烟酒办从8月25日起至30日在全港公共运输设施法定禁烟区采取代号名为“雷火”的执法行动，并向市民宣传相关禁烟法例。 短短两天时间，就已经展开了超过100次巡查，并 开出了合计 2.7万元 的罚款！ ""; ""; 禁烟区再扩张 卫生署亦提醒市民，《2025年吸烟（公众卫生）（指定禁止吸烟区）（修订）公告》将于8月31日起生效，届时禁烟范围将涵盖全港272个公共运输设施，另新增10个公共运输设施为指定禁烟区，此外一个公共运输设施的禁烟区范围作出修订。 ""; 10个新增为指定禁烟区的公共运输设施为： ● 柴湾（东）临时巴士总站； ● 湾仔会展站公共运输交汇处； ● 黄竹坑站公共运输设施； ● 港珠澳大桥香港口岸公共运输交汇处； ● 葵涌葵翠村公共运输交汇处； ● 西贡北潭涌巴士总站； ● 屯门市中心巴士总站； ● 东涌发展码头巴士总站； ● 屯门友爱（南）巴士总站（临时停用）； ● 元朗（德业街）巴士总站。一个修订禁烟区范围的公共运输设施为中环码头公共运输交汇处。 ""; 任何人在指定为禁止吸烟区或公共交通工具内作出吸烟行为，可被处定额罚款1,500元。控烟酒督察会即时票控违例吸烟人士而不予事先警告。 政府呼吁吸烟人士尽快戒烟，市民可致电卫生署综合戒烟热线1833 183，寻求专业戒烟辅导。 ""; ""; 香港控烟到底有多严？ 一句话总结：香港对烟民几乎形成了“全方位包围”。 例如包装盒，去便利店买烟，仅仅是看到烟盒的包装，就会忍不住眼前一震，难怪有人评“香港的包装，满满的缩力”。 ""; 包装是这样的： ""; 还有这样的： ""; 有网友表示这“吓人”的包装直接把朋友给劝退了： ""; 无论是地铁、巴士站、码头、商场出入口，还是行人天桥、电梯口这类细节位置，几乎都被划入禁烟范围。 ""; ""; ""; ""; 地铁楼梯旁挂着广告牌，写着“在室外，二手烟可蔓延7米以上。” ""; 香港的巴士广告上直言：“每8个因烟草死亡的人当中，有1个死于二手烟。” ""; 相比许多地区，香港的控烟力度确实走在前列。 很多城市可能还停留在“悬挂标识、温馨提示”的阶段，而香港已经采取常态化执法，派出执法队伍频繁巡查，并严格执行高额罚款，毫不手软。 说实话，作为每天搭乘地铁和巴士的普通市民，尽管吸烟者可能感到不便，但公共环境真的清爽多了。 ""; 至少，在候车时不再被迫吸入二手烟，衣物也不再轻易沾染烟味。 这正是香港的“狠”所在——对吸烟者严厉，对非吸烟者友善。 说到底，香港推行如此严格的控烟政策，目的就是为了让每一个人都能呼吸到更干净的空气。 因此，即便有时觉得处罚严厉，但转念一想，正是这些举措，塑造了香港更舒适、更清新的公共环境。 ""; 如果您初次接触新加坡/香港留学，不知道该如何规划、选校、定专业，才能申请到排名靠前的院校。 如果各位家长和同学们有关于新加坡/香港留学申请、留学最新政策、签证政策、入境攻略分享、留学生活等方面的问题交流，欢迎扫描下方二维码，添加顾问老师「Lisa」，我们将根据您的情况，为您提供更多更专业的留学服务！ ""; 扫码领取 你的专属留学方案 微信号｜linglong115876 小红书｜一次方橙留学咨询社 来源|网络综合 声明：以上图文，贵在分享，版权归原作者及原出处所有，如涉及版权等问题，请及时与我们联系第一时间处理。 ""; 你们点点“分享”，给我充点儿电叭",微信,一次方橙留学咨询社,2025-09-23 09:00:28,http://mp.weixin.qq.com/s?__biz=MzkwMTYwMzk2OA==&mid=2247491838&idx=1&sn=916dc8c99b94f71e1da36ab485f29c82&chksm=c1e65880667bdacc585ac81df9dbe8d41efb622f34f28c1b4ab931e82f425827d1090541fb8b#rd,香港特别行政区,控烟、戒烟,中性,报道事实类
2025010193,【群众关心】2025年9月家庭医生签约服务动态“十公开”,"title: 【群众关心】2025年9月家庭医生签约服务动态“十公开” summary: 2025年9月家庭医生签约服务动态十公开.戒烟：吸烟是导致COPD的主要原因，戒烟是预防和控制COPD的最有效方法。预防和管理COPD是非常重要的，通过戒烟、保护呼吸道、科学用药和健康生活方式等方法，我们可以降低罹患COPD的风险，控制疾病的进展，提高生活质量。 content: ""; 一、什么是慢性阻塞性肺疾病（COPD）？ 慢性阻塞性肺疾病，简称COPD，是一种慢性呼吸系统疾病，主要特征是呼吸道受限和气体交换异常。它常常是由吸烟、空气污染和遗传因素等引起，患者通常会出现气喘、咳嗽和咳痰等症状。 二、如何预防慢性阻塞性肺疾病？ 戒烟：吸烟是导致COPD的主要原因，戒烟是预防和控制COPD的最有效方法。 避免吸入有害气体和颗粒物：尽量避免吸入空气中的粉尘、化学物质和空气污染物，使用空气清新机或口罩等防护设备。 注重室内空气质量：注意通风换气，保持室内清洁干净，减少室内污染源。 增加体力活动：适当进行有氧运动，增强肺功能，改善呼吸系统健康。 进行疫苗接种：接种流感疫苗和肺炎球菌疫苗等，减少呼吸道感染和并发症的风险。 三、如何管理慢性阻塞性肺疾病？ 合理用药：根据医生的指导，按时、规范地使用所开具的药物，如支气管扩张剂、吸入性类固醇等。 注意应对气候变化：寒冷、潮湿和大气污染等气候因素可诱发COPD症状，做好相应的防护工作，避免加重病情。 营养均衡：保证摄入足够的营养，多食用新鲜蔬菜和水果，适当控制盐分摄入，避免肥腻食物。 定期检查：定期复诊、定期体检，根据医生的建议进行肺功能测试和其他检查，及时调整治疗方案。 四、总结 慢性阻塞性肺疾病是一种常见、严重的慢性疾病，对患者的身体健康和生活质量有很大的影响。预防和管理COPD是非常重要的，通过戒烟、保护呼吸道、科学用药和健康生活方式等方法，我们可以降低罹患COPD的风险，控制疾病的进展，提高生活质量。",微信,房村镇卫生院,2025-09-23 08:41:02,http://mp.weixin.qq.com/s?__biz=Mzg3Mjc3MTgwMQ==&mid=2247505440&idx=1&sn=2ede0f7d3e0b28e03f33f3f5f125f347&chksm=cf8025ac585a38afc8791ac3da93347e89b0f4f3b690f62ad0d3e256e3ea02862dbd5c824de2#rd,未知,戒烟,中性,报道事实类
2025010172,这团“烟雾”下，竟藏着你意想不到的危机！,"title: 这团“烟雾”下，竟藏着你意想不到的危机！ summary: 这团烟雾下，竟藏着你意想不到的危机！在未来的日子里，会持续为大家带来更多关于禁烟、健康生活的知识和资讯。我们还将探讨如何更有效地帮助吸烟者戒烟，以及如何在日常生活中更好地避免接触二手烟。关注[无烟呼吸全民禁烟]，解锁更多健康生活小妙招，期待与你下次相遇！ content: 在[无烟呼吸 全民禁烟]，我们总是关注着大家的健康生活。今天，想和大家聊一个看似熟悉，实则暗藏危机的话题——吸烟。你真的了解吸烟带来的危害吗？当那一缕缕烟雾升起，它究竟在侵蚀着什么？别着急，让我们一同揭开这团“烟雾”背后的秘密。 一、香烟——生命的“慢性毒药” 香烟，这个看似不起眼的小物件，却如同慢性毒药一般，一点点吞噬着吸烟者的健康。点燃一支烟，尼古丁迅速进入人体，刺激着大脑的神经系统，让人产生短暂的兴奋感。可这种兴奋背后，却是心血管系统的巨大负担。长期吸烟，会使血管壁增厚、变硬，增加心脏病和中风的发病几率。据研究，吸烟者患心脏病的风险是不吸烟者的2-3倍。更可怕的是，香烟中的焦油会在肺部堆积，破坏肺部的正常组织结构。原本健康红润的肺部，在香烟的侵蚀下，逐渐变得乌黑、脆弱。肺癌，这个令人闻风丧胆的疾病，与吸烟有着密切的关系。大量临床数据显示，超过80%的肺癌患者有长期吸烟史。 ""; ""; 二、二手烟——无形的健康杀手 也许你觉得自己不吸烟，就可以高枕无忧了。但你知道吗？二手烟的危害同样不容小觑。当吸烟者吞云吐雾时，周围的人也被迫成为了受害者。二手烟中含有大量的有害物质，如一氧化碳、尼古丁、焦油等，其浓度甚至比主流烟雾更高。在家庭中，父母吸烟，孩子成为了二手烟的直接受害者。儿童的呼吸系统尚未发育完全，长期暴露在二手烟环境中，容易引发咳嗽、哮喘、肺炎等疾病。在办公室、餐厅等公共场所，二手烟也让不吸烟的人苦不堪言。长期吸入二手烟，会增加患心脏病、肺癌等疾病的风险。 三、全民禁烟——守护健康的行动 为了自己和他人的健康，全民禁烟势在必行。许多国家和地区已经出台了严格的控烟法规，禁止在公共场所吸烟。这不仅是对健康的保护，也是对文明社会的倡导。作为个人，我们可以从自身做起，拒绝吸烟，对二手烟说“不”。如果你是吸烟者，为了自己和家人的健康，不妨尝试戒烟。现在有许多有效的戒烟方法和工具，如戒烟药物、戒烟辅助设备等，可以帮助你逐渐摆脱对香烟的依赖。而对于整个社会来说，加强禁烟宣传教育，提高公众对吸烟危害的认识，营造无烟环境，是我们共同的责任。关于全民禁烟，还有许多我们需要深入了解和努力的地方。在未来的日子里，[无烟呼吸 全民禁烟]会持续为大家带来更多关于禁烟、健康生活的知识和资讯。我们还将探讨如何更有效地帮助吸烟者戒烟，以及如何在日常生活中更好地避免接触二手烟。如果你想获取更多精彩内容，深入了解健康生活的奥秘，一定不要忘记关注我们的[无烟呼吸 全民禁烟]。让我们一起行动起来，为了拥有清新的空气、健康的身体，为了每一个人都能自由地享受无烟呼吸。关注[无烟呼吸 全民禁烟]，解锁更多健康生活小妙招，期待与你下次相遇！",微信,无烟呼吸 全民禁烟,2025-09-23 08:39:50,http://mp.weixin.qq.com/s?__biz=MzYyMjI3ODc4Mg==&mid=2247483661&idx=1&sn=2bdb8932f17a7f19b14893de6a6eb451&chksm=fe0444478ec70026f210c74924f7e97f169c131efd2afb720357549d2ef7ba3007c2d1f6b0c6#rd,未知,控烟、戒烟,中性,评论观点类
202501015,戒烟,title: 戒烟 summary: 七天前，天气咋凉，内热和外凉一对冲，抽烟就引发炎症了，长期咳嗽不止，一阵阵黑烟从肺部直冲咽喉，连续三天后，决定开启第二轮戒烟，上一回戒烟2014年，连续戒烟七年，也是因为相同原因戒烟，中间又抽烟三年，发现好像常买的哪个牌子的烟，做歪了，只是一股烟草的味道。 content: 七天前，天气咋凉，内热和外凉一对冲，抽烟就引发炎症了，长期咳嗽不止，一阵阵黑烟从肺部直冲咽喉，连续三天后，决定开启第二轮戒烟，上一回戒烟2014年，连续戒烟七年，也是因为相同原因戒烟，中间又抽烟三年，发现好像常买的哪个牌子的烟，做歪了，只是一股烟草的味道，呛得慌，以前还有点薄荷味，有人推荐买四十块一包的烟🚬，我只推说买不起，然后自己把烟🚬戒了。,微信,邓荔馨,2025-09-23 08:34:26,http://mp.weixin.qq.com/s?__biz=Mzk5MDI3OTYyOQ==&mid=2247486431&idx=1&sn=2aa6ab3eceae8bc66a442eda734d4c9e&chksm=c4d108317180732d295328d16eee3b5804ac8bed5f17462d8c102efa764c2929c0bb485130e9#rd,未知,戒烟,中性,评论观点类
2025010181,科普｜秋冬高发！这个全球第四大致死疾病，很多人不知道,"title: 科普｜秋冬高发！这个全球第四大致死疾病，很多人不知道 summary: 吸烟容易得肺癌，这个大家都知道，但你们也要知道，吸烟，还会引起另外一种。减少职业性粉尘和化学物质吸入，对于从事接触职业粉尘的人群，避免在通风不良的空间燃烧生物燃料，如烧柴做饭、在室内生炉火取暖、被动吸烟等。如果您是COPD患者，请您遵循专业医生的建议，并积极参与管理和治疗计划，保持良好的健康心态。 content: ""; 吸烟容易得肺癌， 这个大家都知道， 但你们也要知道， 吸烟， 还会引起另外一种 对人们危害极大的呼吸道疾病—— “慢阻肺”！ ""; 一.什么是慢阻肺？ ""; “慢阻肺”全称慢性阻塞性肺疾病（Chronic Obstructive Pulmonary Disease，COPD）是一种常见的呼吸系统疾病。它是一种具有气流受限特征的可以预防和治疗的慢性支气管炎和（或）肺气肿，是一种可进一步发展为肺心病和呼吸衰竭的常见慢性疾病。气流受限不完全可逆、呈进行性进展，与肺部对香烟烟雾等有害气体或有害颗粒的异常炎症反应增强有关。 ""; ""; 二.慢阻肺有什么症状？ ""; 慢性咳嗽是慢性阻塞性肺疾病常见的症状。咳嗽症状出现缓慢，迁延多年，以晨起和夜间阵咳为著。 咳痰：多为咳嗽伴随症状，痰液常为白色黏液浆液性，常于早晨起床时剧烈阵咳，咳出较多黏液浆液样痰后症状缓解；急性加重时痰液可变为黏液脓性而不易咳出。 气短或呼吸困难：早期仅在劳力时出现，之后逐渐加重，以致日常活动甚至休息时也感到呼吸困难；活动后呼吸困难是慢性阻塞性肺疾病的“标志性症状”。 胸闷和喘息：部分患者有明显的胸闷和喘息，此非慢性阻塞性肺疾病特异性症状，常见于重症或急性加重患者。 ""; ""; 三.如何预防慢阻肺？ ""; 说千遍道万遍， 最有效的预防COPD的方法之一还是 戒烟！戒烟！戒烟！ 1、戒烟 吸烟是COPD的主要风险因素，几乎一半的慢阻肺死亡都要归结于吸烟。戒烟，可以显著减少患病的风险，所以，为了自己和他人的健康请务必戒烟！ ""; ""; 2、尽量避免长期暴露于 有害气体和颗粒物的环境中 减少职业性粉尘和化学物质吸入，对于从事接触职业粉尘的人群（煤矿、金属矿、棉纺织业、化工行业及某些机械加工等工作人员应做好劳动保护），避免在通风不良的空间燃烧生物燃料，如烧柴做饭、在室内生炉火取暖、被动吸烟等。 ""; ""; 3、减少室内空气污染 生活起居室要注意勤通风换气，保持室内空气清新。 ""; 4、防治呼吸道感染 积极预防和治疗呼吸道感染：秋冬季节注射流感疫苗；避免到人群密集的地方；发生呼吸道感染应积极治疗。 5、养成健康的生活方式 如规律作息、适度锻炼、健康饮食、保持良好心态、呼吸功能锻炼、耐寒能力锻炼等，也是非常重要的预防措施。 ""; ""; 如果您是COPD患者， 请您遵循专业医生的建议， 并积极参与管理和治疗计划， 保持良好的健康心态。 ""; ""; ""; "";",微信,浙大城市学院医学院附属路桥医院,2025-09-23 08:14:30,http://mp.weixin.qq.com/s?__biz=MjM5ODE3MDM0MQ==&mid=2651460255&idx=1&sn=a8dd0ac1e732d1baa3e73bc2566b18a9&chksm=bcd01180a4f81773378993d4fbf7f6374c48964f321cc0f7bba6f5d7156aa33ee15237ee28ef#rd,未知,戒烟,中性,报道事实类
2025010163,早产女儿的哭声，是她一生的愧疚…...,"title: 早产女儿的哭声，是她一生的愧疚…... summary: 早产女儿的哭声，是她一生的愧疚。阿曼达的醒悟，是用女儿的健康换来的。学生时代，阿曼达身边的朋友、崇拜的学长都在抽烟，我以为我也该抽烟，年少的阿曼达笨拙地追寻着认同感。不难想像，孩子遭受这些病痛折磨，作为母亲的阿曼达多么心疼和愧疚。长按识别关注｜控烟新探索。 content: 点击蓝字，关注我们 吸烟不仅危害自身健康，更会波及下一代。孕期吸烟会显著增加早产、低出生体重及婴儿猝死综合征的风险。 戒烟任何时候都不晚。如果需要帮助，请寻求专业戒烟指导。 ""; ""; ""; “我对女儿的早产怀着巨大的愧疚……我知道吸烟有害，但我总以为坏事不会发生在我身上。我没想过自己会早产，更没料到我的孩子会患上哮喘。” 这是一位母亲刻骨铭心的忏悔。 阿曼达的醒悟，是用女儿的健康换来的。她13岁染上烟瘾，怀孕时仍每天一包烟！烟草，将她的人生拖入深渊，又让无辜的孩子用一生来承担母亲吸烟的错误。 阿曼达的第一支烟是在13岁，小学五年级。在家里她偷偷从父母的烟盒里拿烟，或是在放学路上自己买上一包。学生时代，阿曼达身边的朋友、崇拜的学长都在抽烟，“我以为我也该抽烟”，年少的阿曼达笨拙地追寻着认同感。高中时，她甚至开始旷课抽烟，她意识到，自己已经上瘾了。 人生在按部就班地推进：上大学、半工半读、订婚……但每天一包烟的习惯，像影子一样甩不掉。“我一直梦想有自己的孩子，但是，在大学毕业和结婚之前，甚至整个孕期，我都在吸烟。” 愧疚感让阿曼达开始尝试戒烟，她把整包烟扔进垃圾桶，发誓“到此为止”。但尼古丁的魔爪早已渗透进她生活的每个角落，压力大时，即使在严寒的冬日，她也要跑到室外吸上几口。 阿曼达怀孕七个月时，并不意外的“意外”终于降临。救护车呼啸着将她送进医院，医生通过紧急剖腹产，接生出一个体重仅三磅（约2.71斤）的女婴。 小女婴被立刻放进早产婴儿恒温箱里，她的哭声微弱得像一只小猫。这个早产女婴在新生儿重症监护室的第一周只能通过饲管吃奶，接受着各种针对早产儿的特殊看护。 ""; 出院后，这个孩子依然体重过轻、体弱多病。未满一岁时，她就出现了在早产儿中极为常见的过敏和哮喘——一种让呼吸变得异常困难的严重肺部疾病。 如今，这个7岁的小女孩每天都需要定时服用四种药物。不难想像，孩子遭受这些病痛折磨，作为母亲的阿曼达多么心疼和愧疚。 如今，阿曼达鼓起勇气分享自己的故事，希望能阻止更多人重蹈覆辙。她的父亲，一位老烟民，在被确诊为肺癌晚期后也戒了烟，并成为了女儿倡导戒烟的最坚定支持者。 请将这篇文章分享给需要的人，也许你的一个举动，能改变一个人的决定。""; ""; ""; 澳大利亚烟盒包装警示 吸烟伤害胎儿 ""; “阿曼达的故事”来自：A TIP FROM A FORMER SMOKER 2012年3月，美国疾病预防控制中心启动了首个由联邦政府资助的国家级控烟宣传教育活动——“前吸烟者警示录®”（Tips®）。Tips重点关注由吸烟或二手烟暴露导致、关联或加重的诸多健康问题。 该活动聚焦多位来自不同背景的真实人物，他们因吸烟或接触二手烟而遭受长期且严重的健康损害。“前吸烟者警示录”呈现了这些吸烟相关疾病对其及家庭造成沉重负担的感人故事。 ""; 控烟小喇叭 欢迎转载和转发 ""; 欢迎投稿 新探健康发展研究中心成立于2001年，是国家卫生健康委主管的一家社会组织。 创办“控烟新探索”，旨在为控烟者提供控烟资源信息，陪伴控烟者乘风破浪。 我们向所有控烟者开放征稿，投稿请联系orchidzou@126.com，或留言咨询。 ""; 编辑 | 邹兰花 校对 | 谢羽 审核 | 姜垣 王克安 / ""; / 长按识别关注｜控烟新探索",微信,控烟新探索,2025-09-23 08:10:35,http://mp.weixin.qq.com/s?__biz=MzA5MjM4NzI4MQ==&mid=2654087386&idx=1&sn=efc38aeb7f990c9193b00aa5720c9053&chksm=8ab6202675a703e5123e60b9dda980ab0d13bbb3058e9709053f1e01961dc705d146c09336b5#rd,未知,戒烟、控烟,负面,报道事实类
2025010111,戒烟真的会让人发胖吗？,"title: 戒烟真的会让人发胖吗？ summary: 戒烟真的会让人发胖吗？其实不是戒烟本身的问题，而是我们习惯的代偿在悄悄作祟。\x0a\x0a\x0a戒烟之后，味觉突然醒了。\x0a\x0a\x0a如果想控制体重，可以试试这些：\x0a\x0a\x0a别用高热量零食去填满戒烟的空虚，换成黄瓜条、小番茄、无糖薄荷糖，一样解瘾。 content: 戒烟真的会让人发胖吗？ 其实不是戒烟本身的问题，而是我们习惯的“代偿”在悄悄作祟。\x0a\x0a\x0a戒烟之后，味觉突然“醒”了。\x0a\x0a\x0a以前被尼古丁压着的味蕾恢复正常，饭菜突然香了，水果也更甜了，忍不住多吃几口，热量就这么无声无息地涨了上来。\x0a\x0a\x0a还有，手上嘴上总好像缺了点什么。\x0a\x0a\x0a原来抽烟的功夫，现在不自觉变成了抓一把瓜子、嚼一颗糖、咬一片薯片。你算算，这些零嘴的热量可比一根烟高多了。\x0a\x0a\x0a有人说，“我戒烟才两个月，重了四斤，是不是不该戒？”\x0a\x0a\x0a别慌，那几斤体重在戒烟带来的好处面前，真的不算什么。呼吸变得清爽、心肺压力减小，整个人都轻松有精神，这才是真正的“改命”。\x0a\x0a\x0a如果想控制体重，可以试试这些：\x0a\x0a\x0a别用高热量零食去填满戒烟的“空虚”，换成黄瓜条、小番茄、无糖薄荷糖，一样解瘾。\x0a\x0a\x0a多喝水，适当动一动，散散步、做点家务，微小的习惯就能挡住热量的堆积。\x0a\x0a\x0a最重要的是，给身体一点时间适应。别因为体重暂时上涨就重新抽烟，那才真是因小失大。\x0a\x0a\x0a戒烟后的体重变化，只是身体调整中的一个小插曲。\x0a\x0a\x0a用正确的方式对待它，你不仅能守住戒烟的成果，还会收获更健康的自己。\x0a\x0a\x0a别让“怕胖”绊住你走向健康的脚步。 个人观点，仅供参考 , , 2025-09-23 08:00 ,",微信,饺子咖啡馆,2025-09-23 08:00:20,http://mp.weixin.qq.com/s?__biz=Mzg3NjU2OTMzNg==&mid=2247484617&idx=1&sn=0e825333b3d66878f612faafa91f4fd0&chksm=ce39669358bc3b2e0c56564c985b50124b4ae0558d4473d69a44e5d0a0f9c565c42032524517#rd,未知,戒烟,中性,评论观点类
2025010188,9🈷️23 日：健康知识日报,"title: 9🈷️23 日：健康知识日报 summary: 血管悄悄长斑是心梗导火索\x0a\x0a年龄、压力、高脂高盐饮食等因素,会让血管长出斑块,为心梗埋下隐患。\x0a\x0a简单4招,为血管去斑:\x0a\x0a1、戒烟:\x0a吸烟升会高血脂并加速动脉粥样硬化,戒烟1年后动脉硬化风险会下降约50%,还可提升好胆固醇水平。 content: 9🈷️23 日：健康知识日报 血管悄悄“长斑”是心梗“导火索”\x0a\x0a年龄、压力、高脂高盐饮食等因素,会让血管长出“斑块”,为心梗埋下隐患。数据显示,急性心梗发病年龄呈年轻化趋势,住院患者中中青年占1/4。\x0a\x0a此外,除了胸痛,心梗还会“伪装”成胃病、牙疼或其他疾病,若不能及时辨别,可能延误治疗。\x0a\x0a简单4招,为血管“去斑”:\x0a\x0a1、戒烟:\x0a吸烟升会高血脂并加速动脉粥样硬化,戒烟1年后动脉硬化风险会下降约50%,还可提升“好胆固醇”水平。\x0a\x0a2、合理主食:\x0a推荐每日吃主食250-400克,其中粗粮(燕麦、小米等)≥50克,中等大小的水果每天1-2个。\x0a\x0a3、避免夜宵:如果食物没有充分消化就睡觉,会让心脑血管供血不足。所以睡前2-3小时最好不进食,减少心脑血管负担。\x0a\x0a4、坚持运动:\x0a每天至少30分钟运动,久坐者每1-2小时起身活动， 上班族可以用转脚踝、抬脚跟、握力球等方式原地活动四肢。\x0a\x0a来源:《生命时报》 , , 2025-09-23 07:21 ,",微信,多爸的快乐生活,2025-09-23 07:21:14,http://mp.weixin.qq.com/s?__biz=MzkzMjkwNjEwMQ==&mid=2247483929&idx=1&sn=f4923a706b3648e63cecd65dc4418af8&chksm=c392701ebe1a3b4a39e7f0a2daedddda66fb375957f79200149b75f7ad512fc2173edda87f77#rd,未知,戒烟,中性,报道事实类
2025010126,慢阻肺患者戒烟后又复吸了？别慌！5招帮你彻底戒掉！,"title: 慢阻肺患者戒烟后又复吸了？别慌！5招帮你彻底戒掉！ summary: 慢阻肺患者戒烟后又复吸了？复吸是戒烟过程中的常见挑战。戒烟互助群：加入病友群，和同样在戒烟的人交流经验，互相打气。慢阻肺患者戒烟就像爬山——途中可能会滑倒，但只要站起来继续往上走，一定能登顶！戒烟成功后，记得每年做一次肺功能检查，看看自己的努力有没有让肺功能慢下来～。 content: “医生，我好不容易戒了烟，结果前几天朋友递了根烟，又抽上了……”“复吸后是不是就没救了？是不是肺功能又要变差？” 很多慢阻肺患者在戒烟路上都遇到过“复吸”这个坎儿——明明坚持了一段时间不抽，却因为朋友劝烟、压力大或者一时没忍住，又点上了一根。 ""; ""; 别自责！复吸是戒烟过程中的常见挑战（研究发现，超70%的戒烟者会在1年内复吸），但只要用对方法，完全可以彻底戒掉！ 今天咱们就用最接地气的方式，教慢阻肺患者复吸后如何“自救”，真正和烟草说拜拜！ ""; 一、复吸后第一步：立刻、马上、彻底停！ ""; 复吸后最忌讳的是“破罐子破摔”——想着“反正都抽了，干脆接着抽吧”。大错特错！此时最关键的是立刻掐灭最后一根烟，从此一根都不抽！ 马上做3件事： 扔掉所有“吸烟工具”：打火机、烟灰缸、烟盒全扔掉（别留着当“纪念品”），家里、车里、办公室都翻一遍，眼不见心不烦； 远离吸烟环境：最近1个月别去酒吧、棋牌室这些容易“被迫吸烟”的地方，朋友递烟时直接说：“我在戒烟，真不抽啊！”； 清理“烟味残留”：衣服、沙发上的烟味可能勾起烟瘾，开窗通风，用空气净化器或柠檬水喷雾去味。 ""; ""; 二、复吸后第二步：找到“为啥又抽了”？ ""; 复吸不是偶然的，背后一定有“触发原因”。咱们得像“破案”一样，把原因找出来，才能针对性解决！ 常见原因和应对方法： “突然想抽”的冲动（比如饭后、熬夜、压力大时）： → 用别的动作替代！饭后去散步10分钟，熬夜时喝杯温水+深呼吸，压力大时捏减压球或听音乐，别让手和嘴闲着。 “朋友劝烟”抹不开面子： → 提前打好“预防针”！告诉身边人：“我慢阻肺犯了，医生让戒烟，您别给我递烟啊，帮我个忙！”（真心为你好的朋友一定会支持）。 “戒断反应太难受”（比如烦躁、焦虑、坐立不安）： → 可能是身体还没适应没烟的日子！可以找医生开点“戒烟药”（比如尼古丁贴片、伐尼克兰），或者试试深呼吸（吸气4秒→屏住4秒→呼气6秒），帮自己平静下来。 ""; ""; 三、复吸后第三步：用“新习惯”替换“老烟瘾” ""; 老烟民的烟瘾不只是“尼古丁依赖”，更是“习惯依赖”（比如起床一支烟、饭后一支烟）。咱们得把这些“老习惯”换成“新动作”！ 试试这些替代方案： 起床后想抽烟？→ 先去阳台伸个懒腰，喝杯温水，或者刷个牙（清新口气也能减少抽烟欲望）； 饭后想抽烟？→ 饭后立刻去散步15分钟，或者嚼无糖口香糖（别让嘴闲着）； 无聊想抽烟？→ 拿起手机看个搞笑视频，或者摆弄下家里的绿植、拼个乐高，转移注意力； 压力大想抽烟？→ 试试“4-7-8呼吸法”（吸气4秒→屏住7秒→呼气8秒），或者和家人聊聊天，别一个人硬扛。 ""; ""; 四、复吸后第四步：找“外援”帮你一把 ""; 一个人戒烟太难？别硬撑！找专业的人或靠谱的伙伴帮忙，成功率翻倍！ 这些“外援”超有用： 戒烟门诊：去医院呼吸科挂个“戒烟门诊”（很多大医院都有），医生会根据你的情况开戒烟药（比如尼古丁替代疗法、伐尼克兰），还会定期跟进你的进度； 戒烟热线：打12320（全国公共卫生热线）或当地戒烟热线，有专业人员24小时免费指导； 家人和朋友：告诉他们你复吸了，但“这次一定要彻底戒掉”，让他们监督你（比如看到你拿烟就提醒：“你不是说要戒烟吗？”）； 戒烟互助群：加入病友群（比如医院建的慢阻肺戒烟群），和同样在戒烟的人交流经验（比如“我是怎么扛过朋友劝烟的”），互相打气。 ""; ""; 五、复吸后第五步：调整环境，别给自己留机会 ""; 复吸往往和环境有关——家里到处是烟灰缸，朋友聚会总有人递烟，这些都会“引诱”你再次抽烟。把环境改一改，让抽烟变得“不方便”！ 具体怎么做： 家里：彻底清理烟灰缸、打火机，换一套新餐具（比如用漂亮的杯子喝水，替代抽烟的动作）； 工作/社交：告诉同事“我在戒烟，别在办公室抽烟”，或者主动坐到无烟区；朋友聚会时提前说“我不抽烟啦”，或者选择无烟餐厅； 培养新爱好：用新兴趣填满“抽烟时间”——比如学书法、养绿植、跳广场舞，忙起来就没空想抽烟了！ ""; 最后想对你说：复吸不是失败，是“升级打怪”的过程！ 慢阻肺患者戒烟就像爬山——途中可能会滑倒（复吸），但只要站起来继续往上走，一定能登顶（彻底戒烟）！ ""; 记住 ""; ✅ 复吸后立刻停止，别让“一根烟”变成“一包烟”； ✅ 找到复吸原因，针对性解决（比如用替代行为、找医生帮忙）； ✅ 用新习惯替换老烟瘾，让手和嘴忙起来； ✅ 找家人、医生、病友当“外援”，别一个人硬扛； ✅ 改变环境，让抽烟变得“不方便”。 你的肺已经在“感谢”你了！每多坚持一天不抽烟，咳嗽就会少一点，气喘就会轻一点，未来就能和家人一起散步、爬山，享受更多美好时光！ （如果正在复吸的你感到焦虑，欢迎在评论区留言：“我复吸了，怎么办？” 医生和病友都会帮你！） ""; 小贴士 ""; 戒烟成功后，记得每年做一次肺功能检查（慢阻肺患者必备），看看自己的努力有没有让肺功能“慢下来”～ ""; ""; "";",微信,王涛教授谈呼吸,2025-09-23 07:18:20,http://mp.weixin.qq.com/s?__biz=Mzk1NzkxMDc1Nw==&mid=2247488717&idx=1&sn=a687d48ccf49cd6e0ab1e64472fea092&chksm=c2a3920ca1ee76a2606c3cc0eee5fe5381ffa4041ca4bef6aeee99299e90ccb111f0496083eb#rd,未知,戒烟,中性,评论观点类
2025010176,消除生理性烟瘾，试试这个办法（附操作视频）,"title: 消除生理性烟瘾，试试这个办法（附操作视频） summary: 消除生理性烟瘾，试试这个办法。戒烟需要面对的问题主要是烟瘾，而烟瘾主要分为生理性烟瘾和心理烟瘾两种。能缓解生理性烟瘾，改变烟的口味，烟瘾来时掐压此穴有暂时缓解的效果，适合不允许吸烟的场合使用。日常保健可每日掐压双侧戒烟穴200下以上，可以帮助调节体质，消除生理性烟瘾。 content: 点击蓝字 关注我们 ""; 戒烟需要面对的问题主要是烟瘾，而烟瘾主要分为生理性烟瘾和心理烟瘾两种。 心理烟瘾和吸烟习惯需要循序渐进，慢慢去改变；对于生理性烟瘾，可以通过刺激戒烟穴来缓解。这个穴位位于手太阴肺经的列缺穴与阳溪穴之间，距桡骨茎突边缘约一拇指处，有明显压痛的凹陷点即是。 按揉时口中会有甜甜的感觉，因此又名甜美穴。能缓解生理性烟瘾，改变烟的口味，烟瘾来时掐压此穴有暂时缓解的效果，适合不允许吸烟的场合使用。 日常保健可每日掐压双侧戒烟穴200下以上，可以帮助调节体质，消除生理性烟瘾。 ""; 很多实践过的朋友都说，按压之后再吸烟，就怎么都觉得不是那个味儿了。有烟瘾又打算戒烟的朋友，不妨试试看。 网友的部分反馈： ""; 网友 ：我感觉视频中的穴位准，因为按了口中有甜甜的感觉。 温馨提示 由于个人体质、操作方法等不同，效果可能存在差异。必要时请寻求医师帮助。 ""; 往期内容 滚鸡蛋疗法的一些小窍门儿 | 粉丝反馈 背痛、心后区抽痛，刮痧这里快速缓解（附视频）| 粉丝反馈 手臂上的「逍遥丸」，不吃药，清肠排毒、扫除负面情绪的损害（附视频） 神奇！肤色提亮了，10多年的疤痕居然变淡许多 | 粉丝反馈个例 一个动作，散风通窍，调理感冒、高血压、心脑血管疾病（附视频） 体重减轻3、4斤，且大便成形、便秘改善！这个动作太让人惊喜 | 粉丝投稿 家长必会妙招：提升免疫助成长，孩子少生病，个子长得高！ 图片来自摄图网和网络 我知道你在看哟 "";",微信,针灸匠张宝旬,2025-09-23 07:07:39,http://mp.weixin.qq.com/s?__biz=MjM5NDE4NTU2Mw==&mid=2651458818&idx=2&sn=20452577cea9a4489f0862704262fb4d&chksm=bcf65305be7b1c8b7d4f0f226627fc6ab44bd6d6244e40fe23e8c8191deba57e0c94f2ba38f7#rd,未知,戒烟,中性,报道事实类
2025010158,情感心理学上有个词叫：健康边界共生（观察100对幸福夫妻发现：女人不强迫男人戒烟健身，他不干涉她追星购物，周末可以各自约朋友）,"title: 情感心理学上有个词叫：健康边界共生（观察100对幸福夫妻发现：女人不强迫男人戒烟健身，他不干涉她追星购物，周末可以各自约朋友） summary: 情感心理学上有个词叫：健康边界共生。直到明白心理发起了观察了100对幸福夫妻计划后，发现一个惊人的秘密：好的婚姻，不是互相捆绑的锁链，而是""两个完整的人并肩看风景""。观察幸福夫妻，你会发现：妻子可以追星、购物，但会提前告诉丈夫""今晚约闺蜜逛街，别等我""。 content: ""; （文内案例均征得来访同意，做模糊处理） 婚姻不是捆绑的锁链，而是两棵树的共舞：那些让我眼眶湿润的边界故事 你是否也经历过这样的时刻？ 姐妹们，你是否也曾在深夜里失眠？ 因为丈夫又抽了一支烟，你数落他""不为你和孩子健康着想""； 或者他约朋友打球到深夜，你生气地质问""你眼里还有家吗""？ 你是不是也试过用""为你好""的名义，逼着他戒烟、健身、换工作，结果换来他一句""你管得太多了""？ ""; 我见过太多这样的场景： 案例1：32岁的Lily，每天盯着丈夫的手机，不允许他给前同事回消息； 案例2：28岁的Maggie，因为丈夫不陪她逛商场，冷战三天； 案例3：40岁的Sara，要求丈夫必须每天陪她追剧，否则就闹脾气。 我的咨询室里，80%的婚姻矛盾都源于""过度干涉""。 直到明白心理发起了观察了100对幸福夫妻计划后，发现一个惊人的秘密：好的婚姻，不是互相捆绑的锁链，而是""两个完整的人并肩看风景""。 一： 第为什么""过度干涉""反而毁了婚姻？ 1. 你以为的""为你好""，其实是""控制欲""的伪装 上周，35岁的Linda哭着来找我：""咨询师，我是不是疯了？我老公戒烟三年了，可我每天还是盯着他包里有没有打火机，甚至偷偷闻他衣服上的味道。"" 我问她：""你老公知道你这样做吗？"" 她愣了：""当然知道！他烦死了，说我不信任他。"" 重点来了 真相是：你的""监督""让他感到窒息，而你的焦虑源于对失控的恐惧。 心理学上有个词叫""心理能量守恒""——当你把精力消耗在""管别人""时，就失去了自我成长的能量。 2. 边界感缺失，让婚姻变成互相审判 曾经的一对夫妻让我印象深刻： 妻子是""完美主义者""，每天检查丈夫的健身打卡记录；丈夫是""自由派""，偷偷收藏漫画书。 结果？妻子发现书后大吵：""你居然把时间浪费在这种东西上！""丈夫摔门而出：""我连呼吸的自由都没有吗？"" （心理学理论解释） 认知心理学告诉我们：当一个人的""自我空间""被侵犯时，大脑会触发""防御机制""，反而加剧对抗。 ""; 二：什么是""健康边界共生""？ 1. 边界不是分隔线，而是安全距离 ""好的婚姻像两棵树：根相连，枝叶各自伸向天空。"" （案例做个对比）观察幸福夫妻，你会发现： 妻子可以追星、购物，但会提前告诉丈夫""今晚约闺蜜逛街，别等我""； 丈夫想打游戏到凌晨，会说""明天早起跑步补偿你""； 双方都有""情绪隔离期""：吵架后，会说""我需要半小时冷静，别问我为什么""。 2. 终极目标：让爱变成""选择""，而非""义务"" 我问过很多来访者：""你爱TA吗？""几乎所有人都说""爱""。 可当我说""那为什么不能允许TA有自己的选择？""时，她们沉默了。 真相背后： ""爱TA""和""控制TA""，是两回事。 前者是""我愿意和你一起成长""，后者是""我要你变成我想象的样子""。 三：如何建立健康边界？ 1. 承认你的焦虑源于你自己 下次你想管他时，先问自己三个问题： ""这件事真的威胁到我们的安全吗？""（比如抽烟影响孩子健康，是的；但打游戏到凌晨，未必） ""我的愤怒是因为TA做了什么，还是因为我内心有未被满足的需求？"" ""如果我是TA，我会接受这样的管教吗？"" 2. 用""我需要""代替""你应该"" ×表达：""你必须每天陪我吃饭！"" √表达：""我有点孤单，如果你能多陪我说说话，我会很开心。"" 3. 设立弹性边界 比如： ""周末你可以和朋友出去，但请提前多久告诉我，这样我可以安排自己的时间。"" ""我不反对你追星，但请别让我看那些无聊的八卦。"" 4. 给彼此的成长留容错空间 一位来访者说：""当我允许老公继续打游戏后，他反而开始自己制定作息表，现在他每天早起陪我晨跑。"" 婚姻的魔法在于：当我们不再捆绑对方时，反而会收获意想不到的惊喜。 给所有渴望幸福的女性 上周，我收到一个让我红了眼眶的案例： 50岁的Anna终于鼓起勇气，对丈夫说：""我允许你继续收藏漫画书，但请每天给我一个拥抱。"" 丈夫愣住两秒，突然抱住她哭了：""这些年我总在躲着你，因为害怕你生气。"" ""好的婚姻不是'你必须爱我所有'，而是'我允许你成为你，我也成为我'。"" ""; 姐妹们，当你学会放手控制，婚姻的风景会更美。 一句话行动指南 今天就试试：写下三件你""想管但不必管的事""，然后撕掉它。你的自由，从允许TA自由开始。 如果你还在婚姻情感困惑中挣扎，可以主动后来我们，或许会有意外的惊喜哦。 我们下期见。 END 备注：文中图片来自网络，如有侵权联系删~ ""; END",微信,明白情感心理,2025-09-23 07:00:45,http://mp.weixin.qq.com/s?__biz=Mzk1NzU1OTQ4Ng==&mid=2247486045&idx=1&sn=bbd6404c5a2740a69089c977667fc5c8&chksm=c252c4f76389190e6cbbe3273c76e4be509a4eec6e7ea110099969592a9d9e31ec545a7f110b#rd,未知,戒烟,中性,评论观点类
2025010161,香烟迎来“大调整”，3.5亿烟民该怎么办？一起来了解一下,"title: 香烟迎来“大调整”，3.5亿烟民该怎么办？一起来了解一下 summary: 亲爱的读者，微信即将改版，以后只有星标用户才能收到每日的文章推送，麻烦尽快点击下方卡片，先点关注，然后再添加星标⭐就可以了。据统计，我国现有烟民数量超过3.5亿，占全球烟民总数的三分之一。对于每个烟民而言，这既是挑战，更是重塑自我的机遇。""这场静悄悄的革命，终将推动整个民族向更健康、更文明的未来迈进。 content: 导读 亲爱的读者，微信即将改版，以后只有星标用户才能收到每日的文章推送，麻烦尽快点击下方卡片，先点关注，然后再添加星标⭐就可以了 在中国，香烟早已超越普通消费品的范畴，成为一种复杂的文化符号。据统计，我国现有烟民数量超过3.5亿，占全球烟民总数的三分之一。然而，当健康中国的战略目标与烟草经济产生激烈碰撞时，一场关乎14亿人福祉的""控烟革命""正在悄然展开。这场涉及政策、经济、文化的深刻变革，将如何重塑中国烟草产业的未来？3.5亿烟民又该如何在健康与习惯之间找到平衡点？ ""; 一、政策风暴来袭：从""温和劝导""到""刚性约束"" 2023年，国家卫生健康委联合多部门发布的《关于进一步加强控烟工作的意见》，标志着我国控烟政策进入""强监管""时代。这份被业界称为""最严控烟令""的文件，首次提出""2030年15岁以上人群吸烟率降至20%""的硬性指标，较当前水平需下降近三分之一。 政策组合拳直指要害：公共场所全面禁烟范围从室内扩展至室外特定区域，电子烟被纳入烟草专卖体系，卷烟包装警示面积从30%提升至50%，烟草税税率结构优化使平均零售价上涨12%。这些措施背后，是政府对每年超百万烟草相关死亡病例的深刻反思。 某三甲医院呼吸科主任指出：""现在门诊中30岁以下肺癌患者占比已达15%，其中80%有长期吸烟史。政策调整不是要剥夺个人选择，而是为公共健康筑起最后一道防线。"" 二、经济账与健康账的艰难博弈 烟草行业每年为国家贡献超万亿元财政收入，养活着2000多万从业人员。这种""甜蜜的负担""让政策制定陷入两难：某省财政厅数据显示，每减少1%的卷烟销量，将直接影响当地教育、医疗等民生支出0.3个百分点。 但经济账的另一面触目惊心：我国每年因吸烟导致的医疗支出超过3000亿元，因早亡造成的劳动力损失达5000亿元。世界卫生组织测算，每投入1元控烟资金，可节省7.4元医疗费用。这种""透支未来""的发展模式已难以为继。 在浙江义乌从事烟草批发的张老板坦言：""最近三年客户流失率以每年15%的速度增长，年轻群体更倾向选择健康替代品。""这种市场变化倒逼行业转型，某大型烟草企业已投入50亿元研发减害产品。 三、烟民生存指南：破局与重生 面对政策调整，烟民群体正经历前所未有的认知重构。北京某戒烟门诊的统计显示，2023年主动咨询戒烟人数较上年增长240%，其中35岁以下群体占比首次超过40%。这种转变背后，是健康意识的觉醒与替代技术的成熟。 科学戒烟三步法： 1.行为干预：采用""延迟满足法""，当烟瘾发作时设定15分钟等待期，配合咀嚼口香糖等替代动作 2.药物辅助：尼古丁替代疗法可使戒烟成功率提升3倍，需在医生指导下使用 3.社群支持：加入戒烟互助小组，利用同伴压力形成正向激励 上海白领李先生的经历颇具代表性：通过VR戒烟训练模拟吸烟场景，配合认知行为疗法，他在90天内成功戒断。""现在闻到烟味会头晕，这种生理排斥比意志力更可靠。"" 四、产业变革进行时：传统与创新的碰撞 烟草行业正在经历四十年来最深刻的转型。云南某烟厂的技术改造令人瞩目：投资20亿元建设的减害生产线，可将焦油含量降低至5mg/支以下，接近欧盟标准。这种""渐进式创新""既保留了传统消费习惯，又符合健康需求。 新兴领域则呈现爆发式增长：2023年电子雾化器市场规模突破300亿元，但行业洗牌加速，头部品牌开始布局医疗级产品。某科技公司推出的智能戒烟手环，通过生物反馈技术将戒烟成功率提升至68%。 ""未来十年将是烟草行业的'诺基亚时刻'。""行业分析师王磊指出，""不能及时转型的企业将被市场淘汰，就像功能手机被智能手机取代一样。"" 五、全球视野下的中国选择 对比国际经验，我国的控烟路径具有独特性。英国通过提高烟草税使吸烟率从28%降至16%，澳大利亚的平装烟盒政策使青少年吸烟率下降30%。但中国3.5亿烟民的规模意味着，任何政策调整都需要兼顾社会稳定与民生需求。 新加坡的""阶梯式戒烟""模式值得借鉴：对40岁以上烟民提供免费肺部筛查，对成功戒烟者给予税收减免。这种""胡萝卜加大棒""的策略，既体现人文关怀，又强化政策效果。 国家发改委相关负责人透露，正在研究建立""烟草消费积分制度""，将吸烟行为与社保待遇适度挂钩，通过经济杠杆引导健康生活方式。 结语：在变革中寻找平衡点 这场涉及3.5亿人的健康革命，没有简单的对错答案。它既是政府履行公共健康责任的必然选择，也是每个公民重新审视生活方式的契机。当政策调整的阵痛期过去，我们或许将迎来一个更健康的社会：在那里，吸烟不再是""成熟""的标志，而是需要谨慎选择的个人行为；在那里，公共空间不再弥漫着刺鼻的烟雾，而是充满清新的空气。 对于每个烟民而言，这既是挑战，更是重塑自我的机遇。正如某戒烟成功者在社交媒体上写的：""放下香烟的那一刻，我重新找回了对生活的掌控感。""这场静悄悄的革命，终将推动整个民族向更健康、更文明的未来迈进。",微信,学做菜做饭炒菜,2025-09-23 06:58:49,http://mp.weixin.qq.com/s?__biz=MzU1NDk1NjE4Mg==&mid=2247701177&idx=2&sn=c8a88b4d7c17d859dd62270370b0b456&chksm=fa8193b565e611fba3026ec03461bcec54a769a7f48fb6d9a7015a7d0b55cbbd7603721b4bc4#rd,浙江省,控烟、戒烟,中性,评论观点类
2025010133,“鲁迅吸烟图”既不尊重鲁迅也不利控烟,"title: “鲁迅吸烟图”既不尊重鲁迅也不利控烟 summary: 浙江绍兴鲁迅故里景区的入口处有一道景墙，画的是鲁迅吸烟，一名姓孙的控烟志愿者在网上投诉说，鲁迅吸烟的画像误导青少年，应该更换。央视、南方报系、浙江鲁迅研究会、鲁迅纪念馆、胡锡进等等，不分阵营都一起批她，说她滥用网络平台炒作鲁迅吸烟，是在浪费公共资源。 content: 浙江绍兴鲁迅故里景区的入口处有一道景墙，画的是鲁迅吸烟，一名姓孙的控烟志愿者在网上投诉说，鲁迅吸烟的画像误导青少年，应该更换。这个帖子在网上引起了很大的风波。央视、南方报系、浙江鲁迅研究会、鲁迅纪念馆、胡锡进等等，不分阵营都一起批她，说她滥用网络平台炒作鲁迅吸烟，是在浪费公共资源。还有很多网民，估计都是烟民，也在骂她，骂她是无耻告密，吓得孙女士把帖子删了。 ""; 告密指的是告发某人的秘密言行，那一道景墙是公开摆在那里的，又不是某一个人私下的收藏品，而孙女士也是公开投诉的，并不是秘密告发，怎么扯上告密了呢? 南方报系以前标榜自己是自由派，我不知道现在是不是还敢这么标榜。他们以前标榜自己是自由派的时候，我就批过他们是伪自由派，用鲁迅的话来说，应该叫做“柿油派”，因为他们号称是在追求自由，但是只是允许自己的这一方有自由，反对别人有自由。就拿这事来说吧，孙女士对一个景区的画进行投诉、批评，不管是否恰当，理由是不是合理，都是她的言论自由，怎么能够因为不同意她的观点，就要打压她的言论自由，有这种做法的人怎么好意思标榜自己是自由派呢?孙女士说那一幅画会误导青少年，有合理的理由。她说去查了一下，发现那一幅画的原画是鲁迅在家里吸烟，但是景墙把背景去掉了，会误导青少年以为在公共场合也可以吸烟。 ""; 我去查了一下那幅原画，是1974年的木刻画《马克思主义是最明快的哲学》，表现鲁迅在书房里一边吸烟一边学习马克思著作，很有文革时代特色。那个时代的人认为吸烟潇洒，还没有吸烟有害的共识，画鲁迅吸烟还以为是在美化鲁迅。作为艺术作品，这么表现无可厚非。但是即使不去掉背景，即使是原画照搬，作为一个宣传品也是不恰当的，是在变相地宣传吸烟，会对未成年人造成误导，会认为吸烟是多么酷的一件事，鲁迅这么伟大的人也吸烟，而且吸烟的样子显得还挺潇洒的，那么他们是不是就会跟着学吸烟呢? ""; 那道景墙成为了烟民打卡的一个地方了。在网上搜一下，有很多视频都是游客在那里炫耀自己吸烟，号称要给鲁迅先生点烟，要跟鲁迅先生一起吸烟。现在经过了这场风波，那个地方更要成为烟民的圣地了，所以影响是很恶劣的。对孙女士的投诉，鲁迅故里公司回应说不更换，理由是为了尊重鲁迅，尊重历史，尊重艺术。我们先说“尊重鲁迅”。鲁迅的确吸烟，而且是一个重度吸烟者，吸了一支烟，马上就紧接着吸另一支烟，一根一根地接着吸，所谓的连环吸烟。这是他在日本留学时就已经养成的习惯。在那个年代人们对于吸烟的危害认识不足，不知道吸烟会有那么多的慢性危害，但是医学界对于吸烟的危害已有了初步的认识。鲁迅患有肺结核，当时的医学界已经知道吸烟对肺结核的患者非常不好。鲁迅在1925年曾经有一次肺结核大发作，病得很重，医生对他的建议是不要喝酒、不要吸烟。鲁迅在当年9月致许钦文的信说:“医生禁止吸烟、禁止喝酒，所以现已不喝酒而少吸烟，多睡觉，病也好起来了。“但才过了一个多月，鲁迅就又告诉许钦文:“禁吸烟，则苦极矣，我觉得如此，倒还不如生病。”当时许广平还约了许钦文的妹妹一起去干预过，要逼着鲁迅戒烟。鲁迅尝试过戒烟，但实在是戒不掉。他在《两地书》里曾经对许广平说:“我于这一事自制力竟会如此薄弱，总是戒不掉。”最后鲁迅能够做到的，只是减少吸烟，以前一天吸烟50支，到55岁因为肺病变得很重，才减少到了一天15支。但是那个量还是很大的，他最后死于肺病，只活了55岁，就跟吸烟有很大的关系。鲁迅在别人面前忍不住要吸烟，但是跟他见面的人观察到一个奇怪的现象，鲁迅吸完了这一支要吸下一支了，不会将烟盒拿出来，而是伸手到口袋里摸索着把烟抽出来，显得不太好意思。鲁迅本人生前就知道吸烟是一种不良行为，对自己的身体健康也很不利，一直想戒而戒不掉。去宣传、突出表现他自己想戒戒不了的一种恶习，这怎么能够叫做尊重鲁迅呢? 鲁迅纪念馆负责人说:“鲁迅抽烟是事实存在，也是他生活中的一部分，为什么要去改变它呢?""这个吃鲁迅饭的是吸烟吸坏了脑子。没人要去改变“鲁迅抽烟”这个事实，而是质问你们这些吃鲁迅饭的人，为何要去突出、宣传这个鲁迅自己都认为是恶习的事实?这个负责人有没有什么恶习希望人们广而告之的?这让我想起鲁迅的话:“譬如勇士，也战斗，也休息，也饮食，自然也性交，如果只取他末一点，画起像来，挂在妓院里，尊为性交大师，那当然也不能说是毫无根据的，然而，岂不冤哉!”那些吃鲁迅饭的竟然把鲁迅吸烟当成是鲁迅形象不可分离的部分，要让鲁迅成为吸烟的形象代表，俨然把鲁迅当成了“吸烟大师”。在云南红塔集团的院子里曾经有一尊鲁迅吸烟的雕像，边上的石座刻着:“他的烟如同他的消瘦、坚毅的脸庞，如同他的文章与笔，这就是他与烟草的共生的关系。”就是把鲁迅当“吸烟大师”。鲁迅生前为戒烟不成功苦恼，死后还要让他一直吸下去，而且为烟草做宣传，“岂不冤哉!”我们再说“尊重艺术”。鲁迅故里公司的回应说，“鲁迅是中国现代新兴木刻的倡导者，景墙用木刻形式表现，符合鲁迅文化的历史背景,” ""; 没错，现代木刻画是鲁迅引进中国的，他一直在提倡木刻画这种表现形式，因此影响了很多人，因此有很多木刻画家刻画鲁迅，留下很多描绘鲁迅的木刻画，比这个吸烟画更出名的有的是，为什么不用这些木刻画像，非要去选一个吸烟的?对这道景墙的批评不是因为它采用了木刻画的形式，而是采用了吸烟的画面，所以去扯到什么木刻形式符合鲁迅文化的历史背景，完全是在偷换概念。 再说“尊重历史”。鲁迅故里公司的回应说:“景墙落成至今已有22年之久，是鲁迅故里的组成部分，已成为海内外游客来绍兴的重要打卡地。”22年算什么历史，又不是一件文物不能更换。22年前人们还没有控烟的意识，觉得吸烟很酷，也许公司的老总、当地主管官员自己也吸烟，觉得鲁迅的吸烟形象很好呀，做出了一个错误的选择，为什么不能换?如果景墙上“鲁迅故里”那四个字不是用鲁迅的笔迹，而是某一个高官写的，后来这个高官落马了，你敢不换吗?你敢以尊重历史这个借口保留那个落马高官的笔迹吗? 这个事件本来是一个普普通通的事件，能够在中国引起这么大的风波，各路人马一起口诛笔伐，也可见中国控烟有多么的困难。中国是早在2003年，跟鲁迅故里景区的建设差不多同时就加入了世界卫生组织控烟条约，但是过了二十多年，中国控烟的进展很缓慢，到现在中国15岁以上的人吸烟的比例还有23%，听上去好像不是很高，那是因为中国女人历来没有吸烟的传统，吸烟的比例非常低，只有1%至2%，男人吸烟的比例就非常高了，成年男人吸烟的比例接近一半，而中国又是个男权社会，男人的势力要比女人大多了，因此烟民的势力也就大多了，所以也就很难控烟了。这件事之所以会引起这么大的风波，也是因为烟民的势力大，那些写批判文章的，那些在网上骂的，我想应该都是烟民，不管什么阵营，都想要维护自己的“吸烟自由”。只有在涉及个人“自由”的事情上，胡锡进才和南方报系神奇地结成统一战线。 其次，这里还涉及到很大的经济利益，不只是烟厂的利益，还有政府的利益，因为中国实行烟草专卖制度，由政府完全控制烟草的买卖，政府通过卖烟能够有巨额收入和税收，当然也就没有控烟的动力。这就是为什么中国的控烟是全世界做得最差的。加入了控烟条约有要求，香烟的盒子要用图像做警示，但是中国只是轻描淡写地写一句“吸烟有害健康”，坚决不用表现吸烟危害的吓人图像做警示，而且还把香烟壳子做得非常漂亮，显得高大上，吸引人们来买，这在世界上估计也是绝无仅有的。 所以中国政府根本就没有控烟的动力，即使发布了控烟条例，即使禁止在公共室内吸烟，即使挂着禁止吸烟的牌子，大家也都是照样吸，没人去管。有控烟志愿者要管，还要挨骂、挨打。这也是我在中国生活的时候觉得最难以忍受的一点，经常要吸二手烟、三手烟，像我这样从没有吸过一支烟的，也难免要吸入别人喷出的致癌物。 在美国就不存在这个问题。美国控烟做得很好，美国现在成年人吸烟的比例只剩下11%，年轻人吸烟的更少，只有6%。而加州控烟尤其做得好，成年人吸烟率只有5.5%，在美国各州仅次于犹他(犹他控烟是因为宗教原因，摩门教禁止吸烟)。就是因为控烟非常严，在美国当一个烟民是很痛苦的。加州所有的公共室内场所及周围20英尺之内，以及公园、海滩、游乐场、农贸市场等室外场所，公共车辆和有未成年人的私家车，都是不能吸烟的，而且管得非常严。要吸烟只能是在自己家里吸或者非公园的野外吸。所以我在美国极少碰见有人吸烟，还没有见到抽大麻的多。老是有一些小粉红翻墙过来嘲笑我说“你回不了中国了”，我回不了中国有什么可遗憾的,难道是因为吸不了二手烟、三手烟吗? 2025.8.26.录制 2025.8.27.整理",微信,麦琳Sm,2025-09-23 06:53:53,http://mp.weixin.qq.com/s?__biz=MzkxODQ5NDc3Nw==&mid=2247486602&idx=1&sn=bb89ebb9515fa6e0de1888a0ba0f5e18&chksm=c0bf6e502fe592380d60c9ec0fd806298411e900e0d383610c49505fd537faaf64d8fb5f6708#rd,浙江省,控烟、戒烟,负面,评论观点类
202501014,戒烟206天了，戒烟还有半戒的？,"title: 戒烟206天了，戒烟还有半戒的？ summary: 戒烟206天了，戒烟还有半戒的？如果你也正打算戒烟，欢迎你加入我的戒烟社群，我们一起戒烟打卡，一起前进，我是一个坚定的戒烟者，也是戒烟的受益者，我也希望你能和我一样，真正感受到戒烟的好处。我的戒烟社群介绍：戒烟打卡，就来戒烟精英社！ content: ""; 欢迎来到戒烟精英社 | 愿期待与你成功戒烟 大家好，我是羽叔，从2025年3月1日戒烟至今，生命诚可贵， 坚持戒烟 ，不做尼古丁的奴隶，每日精进。 ▎01. 戒烟吧，停止自我伤害了。 戒烟到现在也已经有200多天了，跟各位还在忐忑，还在纠结戒烟的老烟枪说点掏心窝的话吧。 你看，现在都已经九月底，再过8天，十月就到了，再过点时间，一年又过去了，时间过得很快，就别再纠结了，想戒就抓紧戒了吧，停止自我的伤害，把戒烟省下来的钱，买点茶叶喝，中秋买些月饼过节不好吗？ 与其一边吃着保健品，一边烟酒不断，何其的可笑不是。 说几个香烟公开的秘密吧，不知道你抽了怎么多香烟知不知道，烟草公司为了增加香烟的口感，会在香烟中添加助燃剂，还有尿液中含有的尿素，老鼠药里面含有的砷。 一支烟至少有大几百种有害物质，69种致癌物。即便一盒60块钱的烟，物料成本不会超过6块钱，妥妥的智商税，可你却买得津津有味，有时候想一想，自己被卖了还给别人数钱。 其实我不说你也知道，抽烟伤身体，但为啥不下点决心呢？ 别抽了，戒了吧！你看几个月的小娃娃都能把奶断了，更何况你个成年人难道还不如几个月的小娃娃吗？ ▎ 02. 烟瘾易犯，多多念。 如果你已经在戒烟了，但总难以克制烟瘾，那下面这段话，每当你烟瘾来的时候，你就拿出来读一读。我戒烟200天，亲测非常有用，也可以转给你的朋友。 今生今世，我将不再吸烟，哪怕将要离开这个世界的时刻。无论何时何地，任何事情都不能成为我点燃一支烟的借口。 我并不是因为害怕生病怕死，放弃吸烟的快乐，而是抽烟从来就没有带给我真正的快乐。 每次抽烟得到的片刻的放松和安宁，都是烟瘾从我手中夺去的本该属于我的东西。 抽烟并不是我的需要，而是烟瘾的需要。这个魔鬼每半个小时就跳出来一次，用从我手中抢走的东西来诱惑我，逼迫我点燃下一支香烟，残害我的身体，满足他的需求。 这就是缠在我身上的吸血鬼，可我是骄傲的，我是有自尊的，有生之年，我不允许它再继续奴役我，所以我宣战，我戒烟、不抽烟，我一定更健康更快乐。 虽是短短的一段话，却有着大大的力量，最好读的时候能大声的读，这样更能加强，让潜意识去真正认可。关于戒烟这件事，我说了很多次，就是一个心理依赖，只要把心理的依赖解决了，戒烟成功就是水到渠成的事了。 ▎ 03. 半戒香烟可能吗？ 前两天还看到一文说，戒烟能半戒的，说实话我听到「半戒」这个词，我还觉得挺惊讶的。 按其说法是医生的话不能全信，有医生朋友跟他说，有肺结节不用戒烟，少抽点就行，即便医生劝人戒烟，转头就到楼道自己抽烟去了。 还有说法是烟的后半段毒性最大，抽烟就只抽前半段就行，而且烟不能说戒就戒，毕竟香烟陪伴了自己多年，是灵魂的清福，不能绝断。但可以半戒。 什么是半戒？就是自己平时不买烟抽，有人递烟时就抽...... 说实话，这听上去很高大上，很厉害的样子，但这细想下，不就是像那些平时不买烟，但到别人那，疯狂抽吗？最后就是给人一种，自己不舍得花钱买烟，只会抽别人的感觉。 然后又说自己没有烟瘾，平时自己可以完全不抽，这类说法，我不知道大家怎么看，但就我个人感觉，全是戒不掉，还吹牛的说辞。死要面子活受罪。 让我再妄加揣测一下，说不定嘴上说不抽，别地里还是会偷偷买烟抽，这种行为，我身边的朋友都出现过。 所以，我只能说，这些都是为自己戒不掉烟找借口，又用另外的说辞去安慰自己，又传播这种思想给其他人，个人感觉并不妥当。 哥们就不要自欺欺人了，戒烟只有两种情况，戒和不戒，那有什么半戒。 半戒不还是抽烟，说白了自己不买抽别人的，不也是抽烟，不也还是在伤害身体，甚至坚持半天不抽，结果到别人递烟一小时内又不知道抽了多少，连控烟都算不上。 我们戒烟不就是知道有伤害，对身体不好，奔着健康去 才戒的 ，搞个半戒又是什么意思？纯瞎扯。父母妻子孩子朋友，陪伴比香烟少吗？在抽烟时都不一定看你顾及到他们，不一样吞云吐雾，让他们吸二手烟。 一根没有感情，伤害你的香烟，咋就让你觉得需要珍惜了，说到底就还是尼古丁作祟，烟瘾搞的鬼。 所以，想戒烟的朋友，想戒咱就玩点实际的，真正的去戒烟落实到行动上，戒了以后就不要再去触碰了，即便复吸了也不要放弃，坚持戒烟，戒下去，肯定能成功。 而不是去找各种借口，说辞，搞些无用的情怀，去安慰自己。同时我们也要注意，不要被一些看起来高大上的幌子，影响到你戒烟，真正戒了，你一定会感谢自己。 如果你也正打算戒烟，欢迎你加入我的戒烟社群，我们一起戒烟打卡，一起前进，我是一个坚定的戒烟者，也是戒烟的受益者，我也希望你能和我一样，真正感受到戒烟的好处。 我的戒烟社群介绍：戒烟打卡，就来戒烟精英社！重启人生！ 戒烟者，等你加入，随着日子一天天逝去，我的无烟生活达到了第206天，没有别的意思，这是我的记录，也是难得的体验！加油！ ""; 如果你也认同、喜欢，请点亮【赞】+【推荐】吧。 ""; 我是羽叔，从2025年3月1日戒烟至今，生命诚可贵，坚持戒烟，不做香烟的奴隶，每日精进。如果你想戒烟，有兴趣可关注我，一起收获健康和自由！ THE END - 再 会 -",微信,羽叔日记,2025-09-23 06:45:55,http://mp.weixin.qq.com/s?__biz=MzU2NDU0NDY5Ng==&mid=2247489285&idx=1&sn=f6081a4b47acdd8b83f15f52c3cede69&chksm=fd52c504738303f985a3c13219fd99a679c14fafafb4caab37e328fa0961890e735d01c1b706#rd,未知,戒烟、控烟,中性,评论观点类
2025010175,融·资讯｜连续10年全球死亡率第一！记得做这项检查，能尽早发现这种病,"title: 融·资讯｜连续10年全球死亡率第一！记得做这项检查，能尽早发现这种病 summary: 融·资讯｜连续10年全球死亡率第一！国际癌症研究机构最新数据显示：肺癌是全球发病率和死亡率均排名第一的癌症，连续10年位居全球癌症死亡率首位。随着我国医学进步，肺癌患者治疗已有明显突破，磨玻璃样结节的肺癌，5～10年的生存率接近100%，实性肿块一期肺癌的5年生存率约为70%～80%。 content: ""; 国际癌症研究机构（IARC）最新数据显示：肺癌是全球发病率和死亡率均排名第一的癌症，连续10年位居全球癌症死亡率首位。 根据国家癌症中心最新公布的数据，我国肺癌发病率、死亡率都占恶性肿瘤第一位。专家表示，这与当前生活节奏加快、工业化水平提高、抽烟人数递增存在一定关系。 肺癌早期通常无症状戒烟是最有效的预防措施 数据显示，目前全球平均每分钟约有4～5人确诊肺癌，每分钟约3～4人患病去世。研究机构呼吁，公众应从源头遏制肺癌激增，其防治核心在于“早发现 早诊断 早治疗”。 ""; 肺癌早期通常无症状。2012年以前，我国主要通过拍胸片来筛查，近年来，随着低剂量螺旋CT的普及，肺癌早期检出率可提升至90%。 北京大学肿瘤医院胸外一科主任陈克能建议，高危人群应该有规律地每年做一次CT筛查。 专家还指出，戒烟是预防肺癌最有效的措施。数据显示，戒烟10年后，肺癌风险可降低50%以上。“戒烟15年，才能达到和不抽烟的个体一样的肺癌发病概率。”陈克能表示。 低剂量螺旋CT有辐射非高危人群不必每年进行筛查 目前，我国推广社区CT筛查肺癌。专家强调，低剂量螺旋CT有一定辐射，非高危人群不必每年进行筛查，即便发现肺部有磨玻璃样结节，也不必过度紧张，按医嘱就诊即可。 ""; 如果是纯磨玻璃样结节，没有实性成分，就不要过度惊慌； 如果结节位置不在胸膜下，又不在叶间裂，也不必紧张，没有必要每年做一次CT。 陈克能表示，对大多数筛查发现的磨玻璃样小结节要谨慎解读，它生长得非常缓慢，可以给它一定的冷静期进行观察，不建议过度治疗。 随着我国医学进步，肺癌患者治疗已有明显突破，磨玻璃样结节的肺癌，5～10年的生存率接近100%，实性肿块一期肺癌的5年生存率约为70%～80%。 来源：央视新闻 编辑：旭尧 审核：钟国强 ■ 联系我们： 400-029-2909 ■ 办公地址：西安市曲江新区旺座曲江E座1203号",微信,融生态,2025-09-23 06:30:55,http://mp.weixin.qq.com/s?__biz=MzkxNjMyNzU4OQ==&mid=2247497776&idx=6&sn=407f334dfdf964378b9d6f4484fae885&chksm=c09bf9f2b87763d096e3cf04e274cd96cc7bc4efb62eb8dbee7facd8279f8f5ddf7c2a9e064c#rd,陕西省,戒烟,中性,报道事实类
2025010151,醉心文献：尼古丁替代疗法对接受脊柱融合术的戒烟吸烟者围术期疼痛管理及阿片类药物需求的影响：一项双盲随机对照试验,"title: 醉心文献：尼古丁替代疗法对接受脊柱融合术的戒烟吸烟者围术期疼痛管理及阿片类药物需求的影响：一项双盲随机对照试验 summary: 醉心文献：尼古丁替代疗法对接受脊柱融合术的戒烟吸烟者围术期疼痛管理及阿片类药物需求的影响：一项双盲随机对照试验。背景：吸烟对术后结局产生负面影响，但住院期间急性戒烟可能因尼古丁戒断而导致术后疼痛加剧、痛阈降低、疼痛管理困难以及痛觉过敏。 content: 翻译：董浩 徐州医科大学2025级硕士研究生 审校：赵林林 徐医附院麻醉科 ""; 背景： 吸烟对术后结局产生负面影响，但住院期间急性戒烟可能因尼古丁戒断而导致术后疼痛加剧、痛阈降低、疼痛管理困难以及痛觉过敏。推荐采用尼古丁替代疗法以尽量减少这些并发症。我们假设高剂量（21毫克/24小时）经皮尼古丁（TDN）贴片能够减轻术后疼痛并减少阿片类药物需求。 方法： 100名接受单节段脊柱融合术的戒烟烟草吸烟者被随机分为安慰剂组（n=50）和尼古丁治疗组（n=50）。安慰剂和TDN贴片在术前24小时开始使用，直至术后48小时。主要结局指标是术后疼痛评分、阿片类药物（吗啡）消耗量以及血清尼古丁水平。评估了每日烟草使用量与疼痛及阿片类药物需求之间的关系，以及血清尼古丁水平与吗啡消耗量之间的关系。 ""; 结果： 尼古丁组患者在术后6小时、12小时和24小时的静息和活动时疼痛评分均低于安慰剂组（P&amp;lt;0.05）。尼古丁组的术后吗啡消耗量也低于安慰剂组（分别为9.92 ± 4.0 mg 对比 15.9 ± 5.0 mg；P=0.0002）。每日吸烟数量与静息时术后疼痛评分呈正相关（r = 0.4553；P = 0.0001），与活动时疼痛评分也呈正相关；而血清尼古丁浓度与术后吗啡消耗量呈负相关（r = −0.3664；P = 0.0089）。 ""; ""; ""; ""; 结论： 对于接受脊柱融合术的戒烟烟草吸烟者，使用TDN贴片（21毫克/24小时）可减轻术后疼痛并减少阿片类药物需求。 Background: Smoking negatively impacts postoperative outcomes but acute abstinence from smoking during hospitalization can increase postoperative pain, lower pain thresholds, disrupt pain management, and trigger hyperalgesia due to abrupt nicotine withdrawal in tobacco users. Nicotine replacement therapy has been recommended to minimize these complications. We hypothesized that a high dose (21 mg/24 h) transdermal nicotine (TDN) patch would reduce postoperative pain and opioid requirements. Methods: One hundred abstinent tobacco smokers undergoing single-level spinal fusion were randomized into placebo (n=50) and nicotine treatment (n=50) groups. Placebo and TDN patches were applied 24 hours before surgery until 48 hours after surgery. Primary outcomes were postoperative pain scores and opioid (morphine) consumption, and serum nicotine levels. The relationship between daily tobacco use and pain and opioid requirements, and between serum nicotine levels and morphine consumption, were assessed. Results: Postoperative pain scores at rest and on movement were lower in the nicotine group than in the placebo group at 6 hours, 12 hours, and 24 hours after surgery (P&amp;lt;0.05). Postoperative morphine consumption was lower in the nicotine group than in the placebo group (9.92 ± 4.0 vs. 15.9 ± 5.0 mg, respectively; P=0.0002). There was a positive correlation between the number of cigarettes smoked per day and postoperative pain scores at rest (r = 0.4553; P = 0.0001) and during movement and a negative correlation between serum nicotine concentration and postoperative morphine consumption (r =−0.3664; P = 0.0089) Conclusions: TDN patches (21 mg/24 h) reduced postoperative pain and opioid requirements in abstinent tobacco smokes undergoing spinal fusion. effect_of_nicotine_replacement_therapy_on.6.pdf",微信,麻醉新超人,2025-09-23 06:30:16,http://mp.weixin.qq.com/s?__biz=MzI1ODU2Njk2OA==&mid=2247509664&idx=1&sn=2b96d0e7ec769b8baf673dafe24bcf5e&chksm=eb51083e69bc76d0e1d3d92ae7a2f89a9c85306e04270ab09006f76dc70c53351bbf7a63179d#rd,未知,戒烟,中性,报道事实类
2025010194,心梗,"title: 心梗 summary: Color:#576B95!Data-topic=\x26quot.#健康知识日报\x26lt.#\x0a心梗不再专属老人，年轻人也要警惕， \x0a它常伪装成胃痛、牙痛，别延误治疗！\x0a多吃蔬菜粗粮，可减少血管垃圾堆积， \x0a每天运动30分钟，促进血液循环， \x0a戒烟限酒，血管年轻得靠长期坚持~\x26lt.#健康生活小妙招\x26lt.#戒烟真实经历\x26lt. content: 心梗 \x26lt;a class=\x26quot;wx_topic_link\x26quot; topic-id=\x26quot;mfvnkpm4-lv56dc\x26quot; style=\x26quot;color: #576B95 !important;\x26quot; data-topic=\x26quot;1\x26quot;\x26gt;#健康知识日报\x26lt;/a\x26gt;#\x0a心梗不再专属老人，年轻人也要警惕，\x0a它常伪装成胃痛、牙痛，别延误治疗！\x0a多吃蔬菜粗粮，可减少血管垃圾堆积，\x0a每天运动30分钟，促进血液循环，\x0a戒烟限酒，血管年轻得靠长期坚持~\x26lt;a class=\x26quot;wx_topic_link\x26quot; topic-id=\x26quot;mfvnkrm7-6229m0\x26quot; style=\x26quot;color: #576B95 !important;\x26quot; data-topic=\x26quot;1\x26quot;\x26gt;#健康生活小妙招\x26lt;/a\x26gt; \x26lt;a class=\x26quot;wx_topic_link\x26quot; topic-id=\x26quot;mfvnks97-v3dn43\x26quot; style=\x26quot;color: #576B95 !important;\x26quot; data-topic=\x26quot;1\x26quot;\x26gt;#血管保养小习惯\x26lt;/a\x26gt; \x26lt;a class=\x26quot;wx_topic_link\x26quot; topic-id=\x26quot;mfvnkssl-nny6lb\x26quot; style=\x26quot;color: #576B95 !important;\x26quot; data-topic=\x26quot;1\x26quot;\x26gt;#日常解压新发现\x26lt;/a\x26gt; \x26lt;a class=\x26quot;wx_topic_link\x26quot; topic-id=\x26quot;mfvnktbn-4kinqw\x26quot; style=\x26quot;color: #576B95 !important;\x26quot; data-topic=\x26quot;1\x26quot;\x26gt;#戒烟真实经历\x26lt;/a\x26gt; \x26lt;a class=\x26quot;wx_topic_link\x26quot; topic-id=\x26quot;mfvnkto7-dmwzyv\x26quot; style=\x26quot;color: #576B95 !important;\x26quot; data-topic=\x26quot;1\x26quot;\x26gt;#护心饮食推荐\x26lt;/a\x26gt; , , 2025-09-23 05:43 ,",微信,耶格中原,2025-09-23 05:43:35,http://mp.weixin.qq.com/s?__biz=MzI0NTY3MDg1Mg==&mid=2247512914&idx=1&sn=04f0a573fce7afe173454959fc514446&chksm=e8fac1d9731dc7373b0aaec291c21ef1ac47b71e59f7d9428fdb1f7b7018f9f737f710e533e2#rd,未知,戒烟,负面,报道事实类
2025010169,男厕所成了吸烟的重灾区：一个被忽视的公共健康隐患,title: 男厕所成了吸烟的重灾区：一个被忽视的公共健康隐患 summary: 在禁止吸烟的标识下，男厕所却常常烟雾缭绕，成为一个被忽视的吸烟重灾区。•公众意识薄弱：部分公众对厕所吸烟的危害认识不足，甚至错误地认为厕所吸烟无关紧要，未能形成全社会共同监督、共同抵制厕所吸烟的氛围。拒绝二手烟，从抵制厕所吸烟开始。 content: 在“禁止吸烟”的标识下，男厕所却常常烟雾缭绕，成为一个被忽视的吸烟“重灾区”。无论是商场、写字楼，还是医院、学校，这一现象都屡见不鲜。 尽管国家和地方相继出台了严格的控烟法规，但男厕所似乎成了监管的“真空地带”，不仅危害吸烟者自身健康，更让无辜的他人暴露在二手烟的威胁之下。 男厕所吸烟现象有多普遍？ 根据北京市控烟协会的调查数据，男厕所的烟头出现频率极高，甚至超过了楼梯间、走廊和办公室，成为仅次于对外办公和服务场所的“烟头重灾区”。在全面禁烟的餐馆中，卫生间也成为吸烟现象最集中的场所之一，与部分禁烟或不禁烟餐馆的卫生间吸烟率几乎无异。 在社交平台上，不少网友吐槽大型商场如万达的男厕所几乎成了“吸烟室”，随时可能遇到正在吸烟的人。北京市“无烟北京”微信平台的投诉数据也显示，多个写字楼和商场的男厕所因吸烟问题被反复投诉。 为什么男厕所成了吸烟“避风港”？ 许多吸烟者将男厕所视为“安全”的吸烟场所，原因主要有以下几点：1. 隐蔽性强：相比其他公共场所，男厕所私密性较高，管理人员巡查频率较低，吸烟者更容易“躲”过去。 2. 认知误区：部分吸烟者错误地认为在厕所吸烟可以“驱散臭味”，甚至“思考人生”，但实际上，厕所内空气污浊，氧气含量低，烟草燃烧会产生更多有害气体，如一氧化碳和二氧化硫，反而加重健康危害。 3. 监管薄弱：尽管多地控烟法规明确禁止在公共厕所吸烟，但实际执行中，经营者和管理者往往未能有效履行劝阻和监管职责，导致厕所吸烟现象屡禁不止。 厕所吸烟的健康危害有多大？ 厕所吸烟的危害远超一般场所，主要体现在以下几个方面：• 加重呼吸道疾病：厕所空间狭小、通风差，氨气浓度高，氧气含量低，烟草燃烧不充分会产生更多有害气体，吸烟者会同时吸入烟草烟雾和厕所内的有毒气体，极易引发或加重慢性支气管炎、哮喘等呼吸系统疾病。 • 增加心脑血管疾病风险：厕所吸烟会导致一氧化碳大量吸入，使血液中碳氧血红蛋白浓度升高，从而引起组织缺氧，加重心脏负担，增加心绞痛、心肌梗死等急性心脑血管事件的风险，尤其对已有冠心病或高血压的患者危害更大。 • 导致便秘等消化系统问题：许多吸烟者习惯一边排便一边吸烟，但吸烟会刺激神经系统，抑制肠道蠕动，长期如此容易引发或加重便秘问题。 • 二手烟危害他人：厕所通风条件差，烟雾难以散去，其他如厕者不可避免地会吸入二手烟，尤其是老人、儿童和患有呼吸系统疾病的人群，更容易受到二手烟的侵害，增加患病风险。 法规明令禁止，为何仍屡禁不止？ 国家和地方的控烟法规早已明确，公共厕所属于禁止吸烟场所。例如，《北京市控制吸烟条例》规定，所有公共场所的室内区域一律禁止吸烟，公共厕所当然也不例外。 深圳市也要求，所有公共场所的厕所必须张贴醒目的禁烟标识，并设立控烟监督员和巡查员，及时劝阻违法吸烟行为。 然而，实际执行中却存在诸多问题：• 监管盲区：公共厕所相对隐蔽，管理人员难以做到实时监控，吸烟者往往趁无人时“偷偷”吸烟，即使被发现，也常以“不知道不能吸烟”或“只是偶尔一次”为由逃避处罚。 • 执法难度大：控烟执法人员数量有限，难以覆盖所有公共场所，尤其是厕所这样的“死角”，导致执法难以到位。 • 公众意识薄弱：部分公众对厕所吸烟的危害认识不足，甚至错误地认为“厕所吸烟无关紧要”，未能形成全社会共同监督、共同抵制厕所吸烟的氛围。 如何破解男厕所吸烟顽疾？ 要彻底解决男厕所吸烟问题，需要多方合力，从以下几个方面入手：1. 强化监管执法：增加控烟执法频次，特别是针对商场、写字楼、医院等重点场所的男厕所，开展定期巡查和随机抽查，对违法吸烟者依法予以处罚，提高违法成本。 2. 落实经营者责任：公共场所的经营者和管理者应切实履行控烟职责，不仅在厕所内张贴醒目的禁烟标识，还应安排专人定期巡查，及时劝阻吸烟行为，必要时可安装烟雾报警器等技术手段，提升监管效率。 3. 提升公众意识：通过媒体宣传、公益广告、健康教育等多种形式，普及厕所吸烟的危害知识，纠正“厕所吸烟无害”的错误认知，鼓励公众自觉抵制厕所吸烟行为，形成全社会共同监督的良好氛围。 4. 鼓励公众参与监督：建立便捷的投诉举报渠道，鼓励公众通过“无烟北京”等微信平台或拨打12320卫生热线，积极举报厕所吸烟行为，形成“人人参与、人人监督”的控烟局面。男厕所吸烟问题绝非小事，它关乎公共健康、城市文明和法规尊严。 每一个被忽视的烟头，都是对控烟法规的挑衅；每一次“吞云吐雾”，都可能成为他人健康的“隐形杀手”。 破解男厕所吸烟顽疾，需要政府、经营者、公众共同努力，让“禁止吸烟”真正成为不可触碰的底线，让公共厕所回归其原本的洁净与安宁。 拒绝二手烟，从抵制厕所吸烟开始。,微信,哈希糖,2025-09-23 05:23:49,http://mp.weixin.qq.com/s?__biz=MzUxNTM5ODg1Mw==&mid=2247486388&idx=1&sn=292f776b90b4f7765d7d770e4977ec0d&chksm=f8535c0253338700b20e781cf8aa402e93c658bae18aa5473ad67c77be32e4dae7f9a505f5d8#rd,北京市,控烟,负面,评论观点类
2025010180,不抽烟，攒不下烟钱，有道理吗？,"title: 不抽烟，攒不下烟钱，有道理吗？ summary: 不抽烟，攒不下烟钱，有道理吗？但我始终觉得抽烟没有多大的瘾，以后抽烟觉得呼吸道有些不通畅，以后又得了一场肺炎，便决定放弃抽烟了。我抽烟的时候，有人说我抽烟的姿势不对，不象会抽烟的样子。这个抽烟的姿势还有对与不对，光看抽烟的姿势，还能看出，不会抽烟？ content: ""; 不抽烟，攒不下烟钱，有道理吗？说有道理，也有道理。几十年生活下来，不要说没有攒下钱，就是攒下的那点钱，哪点是烟钱呢？ 说没道理，也没道理。抽烟总是要花钱的，一天十元二十元的花，一年下来几千元得花，十来年就得上万元。如果不抽烟，这点钱也就攒下来。 烟钱是攒下来了，但有可能把这个钱花到了别处。如本来该买十万元的车，便买成了十五元，攒下的烟钱也就花掉了。如果抽烟花掉了这五万元，手头里没有这多余的五万元，买车的时候，该省就省了，十万的车也能开，就不必开十五万的车了。 不抽烟，省不下个烟钱，如果这个逻辑对了，便依此推论下去，不买车攒不下个车钱，不买房攒不下房钱，既然不买车攒不下车钱，不买房攒不下房钱，还不如买车买房了，好歹没钱有车有房了。 有的人收入很高，一年下来，那点抽烟钱可以忽略不计，所以跟他们说，不抽烟攒不下个烟钱，是对的，原来他们也不打算攒什么烟钱。 对于收入不太高的人来说，抽不起贵烟，可以抽点便宜烟。烟这东西嘛，贵烟也未必好抽，不贵的烟也未必难抽。抽了不贵的烟，这些烟钱，也可以忽略不计。 人们之所以说不抽烟也抽不下个烟钱，实际上是给自己抽烟找安慰。意思是说，抽烟花不了几个钱，即使不抽烟，这点钱也攒不下。 抽烟花钱倒在其次，首先是对健康的危害。抽类对健康的危害性已被科学所证实，不用怀疑。但什么样的道理也不是绝对的，有长期抽烟的人，身体也很棒，没闹出什么大的毛病来。有不抽烟的人，身体也好不到哪去，有时大病也会找上门来。抽烟的危害是渐进式的，是累加式的，如果抽一根烟，如吃一丸毒药，那么谁也不敢抽烟了。正因为抽烟一时半会看不出危害来，所以人们就忽略了他的危害。 我也有短暂的抽烟史，但很快就不抽了。开始抽烟的时候，出于青少年的好奇，看着大人们吞云吐雾，觉得特别有成熟感。某些影视剧里，有抽烟的镜头，如果没了对策，抽上一根烟，便有了对策，抽烟似乎便成了对策。受到这些因素的影响，抽烟便有了吸引力，偷偷地学着抽，慢慢便学会了。 但我始终觉得抽烟没有多大的瘾，以后抽烟觉得呼吸道有些不通畅，以后又得了一场肺炎，便决定放弃抽烟了。放弃抽烟也没觉得有多难。 我抽烟的时候，有人说我抽烟的姿势不对，不象会抽烟的样子。这个抽烟的姿势还有对与不对，光看抽烟的姿势，还能看出，不会抽烟？其实我抽烟已经很长时间了，这么长的抽烟时间，难道还没有学会抽烟？别人对我抽类姿势的评价，对我的自信心是一种打击，在其他方面没有信心，抽烟也没了信心，我更觉得抽烟没有多大必要了。 抽烟也是一种交际的手段。见到客人，见到熟人，散上一圈烟，便可以增进感情。但我是一种特别内向的人，不敢说话，给大家散烟也比较困难，干脆就不散烟了。但有人散烟时，没有落下我。你不给人家散烟，而人家给你散烟，从礼尚往来的角度说，是不是就不对了？从这点说，我也没有必要抽烟了。 有人说过，饭后一锅烟，赛过活神仙。有此抽烟快感的人，估计戒烟也难。还有人说，戒烟可以释放压力。有些抽烟作用的人，戒烟也难。 我没有那种抽烟赛过活神仙的感觉，也没有感觉到抽烟可以释放压力。当焦虑难以排解的时候，我一片又一片地吞下了精神类药物。这些药物对身体也是有害的，但我不得不吞下。如果抽烟对某些人来说，有那么大的好处，就不妨抽下去。 有人到了老年，身体不好的时候，开始戒烟了。人老了，身体不行了，抽烟对身体的危害便开始显现了，所以不得不戒烟了。人在年轻的时候，身体好着呢？不用担心身体出这毛病，出那毛病，所以戒烟也不是那么迫切。",微信,空旷的原野,2025-09-23 05:18:06,http://mp.weixin.qq.com/s?__biz=MzUzMzAwNzMwOA==&mid=2247492141&idx=1&sn=a237cbbb6eddda43fc91b09bbd623b61&chksm=fbe20306a71dc8714d98aa8586af94a4236db714b8b1b48fe1a83999884f1aaab94ded60e6b5#rd,未知,戒烟,中性,评论观点类
2025010164,攜帶香煙入境香港注意！現超19支罰5000元，買賣私煙囚7年,"title: 攜帶香煙入境香港注意！現超19支罰5000元，買賣私煙囚7年 summary: 攜 帶香煙入境香港注意！其中，部分措施即日生效，包括未完税烟草相关罚则由罚款100万元及监禁两年提高至罚款200万元及监禁七年、未向海关人员申报携带多于19支免税烟入境的罚款由2000港元增至5000港元等。·懶人包香港公務 員綜合招聘考試知多D！ content: ""; 特区政府9月19日在宪报刊登《2025年控烟法例（修订）条例》，以推行医务卫生局制定的新一阶段控烟措施。其中，部分措施即日生效，包括未完税烟草相关罚则由罚款100万元及监禁两年提高至罚款200万元及监禁七年、未向海关人员申报携带多于19支免税烟入境的罚款由2000港元增至5000港元等。 新一阶段控烟措施首要重点是打击私烟及防止新世代吸烟。以下措施9月19日起生效： 未完税烟草相关罚则由罚款100万元及监禁两年提高至罚款200万元及监禁七年； 把有关罪行列入《有组织及严重罪行条例》，容许海关冻结与违法烟草活动相关的资产； 《应课税品条例》下有代价地就未有向海关人员作出申报罪行不予检控的罚则由2000元提高至5000元； 售价低于烟草税的烟支须证明已课税；及 禁止向18岁以下人士提供另类吸烟产品和传统吸烟产品，违者一经定罪分别最高可被判罚款50000元及监禁六个月，以及罚款25000元（如少于指定数量传统吸烟产品可被处以定额罚款3000元）。 ""; 处理管有买卖属违法 可罚200万囚七年 香港海关提醒，入境旅客如就其所管有而超逾免税优惠数量的应课税品不向海关人员作出申报，或作出虚假或不完整的申报，可遭检控。香港海关可根据《应课税品条例》，向违规旅客作出有代价地不予检控的安排。买卖私烟同属违法。根据《应课税品条例》，任何人士若处理、管有、售卖或购买私烟，即属违法，一经定罪，最高可被判罚款200万元及监禁七年。 ""; 根据香港海关规定，凡年满18岁的旅客，可以免税携带下列烟草产品进入香港，供其本人自用： 19支香烟；或 1支雪茄，如多于1支雪茄，则总重量不超过25克；或 25克其他制成烟草。 ""; ""; ""; 打击「白牌烟」 引入完税标签制度 打击私烟方面，海关会继续多管齐下，在各层面严厉执法，打击非法私烟贩卖活动。海关正密锣紧鼓筹备引入完税标签制度，让前线执法人员、业界和市民更有效地分辨已完税烟和未完税烟，打击市面上的「白牌烟」。先导计划预计将于10月初推出，让海关检验从生产到保税仓，再到完税后推出市场的整个流程。完税标签制度第一阶段将在2026年第四季推出，目标于2027年第二季全面实施。 ""; 海关已在各海、陆、空口岸加强对抵港旅客的宣传，当中包括张贴全新的大型海报，以及展示每月查获携带超额烟草案件数字及罚则的资讯，提醒旅客携带免税烟入境的上限和提高私烟相关罪行的新罚则。海关近期亦联同区议员在全港多区进行跨部门反私烟宣传活动，并会于电视、电台、报章和社交媒体进行宣传，提高市民守法意识。另一方面，卫生署控烟酒办公室（控烟酒办）会就《吸烟（公众卫生）条例》相关新增罪行，制订实施指引和部门间的协作和联络机制，确保执法流程更畅顺。控烟酒办亦已向教育界代表简介防止新世代吸烟的最新控烟措施，以及就推行相关措施进行交流。除了执法工作，控烟酒办亦会在电视、电台和社交媒体宣传新措施，并会继续推动预防吸烟和戒烟服务，包括在社区进行无烟宣传教育提高公众对吸烟祸害的认识等。 ""; 市民如欲进一步了解各项控烟措施的最新资讯，亦可参阅海关（www.customs.gov.hk/tc/service-enforcement-information/passenger-clearance/faqs/common-charges-penalties/index.html）和控烟酒办www.taco.gov.hk/t/tc_chi/index.html）的网页。 医卫局表示，吸烟是导致死亡及疾病中最重要但可预防的风险因素。特区政府锐意进一步降低本港吸烟率和减少二手烟对市民的影响。9月19日《修订条例》刊宪，落实推行新一阶段控烟措施，标志着全社会对推动控烟和保护公众健康的决心。特区政府会继续以循序渐进和多管齐下的方式推动控烟进程，强化宣传教育及戒烟工作，并探讨各项中、长期控烟措施，全方位杜绝烟草制品对社会的祸害，迈向「无烟香港」。 ""; 【版權聲明】：圖文版權歸原作者所有，僅供學習參考之用，禁止用於商業用，轉載請聯繫本公眾號。 ""; 往期內容 · 港澳青年大灣區內地九市創業懶人包 ·【在內地用長者醫療券前必睇!】醫健通登記指南 ·【懶人包】在內地遇交通事故怎麼辦？ · 強積金新手攻略！打工仔必睇【懶人包】 · 在内地突發生病怎麽辦？這個懶人包幫到你！ ·【懶人包】香港公務員綜合招聘考試知多D！ "";",微信,香港番禺鄉親會,2025-09-23 00:37:31,http://mp.weixin.qq.com/s?__biz=MzkzMzIxNDgyNw==&mid=2247507604&idx=4&sn=df6d1f247f007c6e0c6561a1fab84937&chksm=c357bbad8285dccbabffde43cf170fcb22f55c6e99c5151eed4f83fdb4322c568843a0d211c7#rd,香港特别行政区,控烟、戒烟,中性,报道事实类
2025010173,“我抽烟只‘玩一玩’，没吸进肺里”？真的是这样吗？,"title: “我抽烟只‘玩一玩’，没吸进肺里”？真的是这样吗？ summary: 我抽烟只‘玩一玩’，没吸进肺里？如果此刻你还在纠结要不要戒，不如就从看完这篇文章开始，给自己一个不再吸烟的理由——因为你值得更轻松地呼吸，更健康地活着。 content: 在门诊，我们总能听到这样的对话：“医生，我知道吸烟不好，但我不一样，我一天抽一包，都是含在嘴里玩一玩，没真吸进肺里，不用戒吧？”说这话的患者，往往还会带着一丝“侥幸”的笑容，觉得自己找到了“既过烟瘾又不伤肺”的“好办法”。 但遗憾的是，这不过是自欺欺人的心理安慰——只要你点燃香烟、把烟雾吸入口中，哪怕你觉得“没咽下去”，烟雾里的有害物质也早已顺着呼吸，钻进了你的肺泡里，悄悄伤害着你的肺。 一、“没吸进肺里”只是错觉，烟雾早已入侵 要理解这一点，首先要了解我们是如何呼吸的。吸气时，空气从口鼻进入，经咽喉、气管、支气管，最终抵达肺泡；呼气时，废气沿原路排出。而吸烟时，烟雾走的正是这条“呼吸道高速公路”——只要你吸了一口烟，烟雾就会随气流进入呼吸道，不是你想“不咽下去”就能完全控制的。 ""; 即便你刻意“浅吸”、不让烟雾深入，烟草燃烧产生的有害颗粒和气体——如尼古丁、焦油、一氧化碳、甲醛等——也会在口腔和咽喉停留，并随着你每一次的正常呼吸，逐步向肺部渗透。就像在充满油烟的厨房里，即使你不深呼吸，油烟也会刺激眼睛、喉咙，甚至进入呼吸道。 更关键的是，烟雾中的微粒极小（PM0.1~PM2.5），极易随气体交换进入肺泡。肺泡表面布满毛细血管，是氧气和二氧化碳交换的场所，也是毒素吸收的“快速通道”。一旦有害物质抵达这里，便会迅速进入血液循环，或沉积在肺组织中，引发炎症和损伤。 ""; 二、哪怕“玩一玩”，伤害也在持续累积 很多人认为“抽得浅、量又少”就安全，但肺部的损伤是一个渐进、累积的过程，并不会因吸得“浅”而停止。 焦油：每支烟燃烧产生约20–30毫克焦油，即使不深吸，焦油也会附着在口腔、咽喉、气管黏膜上，长期刺激导致慢性炎症、纤毛功能下降，痰多咳嗽，黏膜逐渐由粉红变为暗褐色，像“油烟机内壁”一样积满污垢。 尼古丁：除了成瘾，也会直接刺激呼吸道，收缩血管，影响肺部血供与修复能力。 一氧化碳：与血红蛋白结合能力是氧气的200多倍，会降低血液携氧能力，导致身体各组织缺氧，肺功能逐步下降。 我们曾接诊过一位45岁男性，自称20年来“只含烟不入肺”，结果近年来频繁咳嗽、气短，CT显示肺气肿、肺大泡形成，肺功能检测为中度阻塞性通气障碍。他非常不解：“我只是玩玩，怎么肺就坏了？”——殊不知，正是这日复一日的“浅层吸烟”，让毒素逐渐沉积，悄悄摧毁了他的肺防御系统。 ""; 三、吸烟没有“安全模式”，戒烟才是唯一出路 还有人认为“抽了这么多年，戒也晚了”，这是另一个常见误区。事实上，戒烟永远不晚，肺部拥有一定的自我修复能力，一旦停止吸烟，身体就会启动恢复机制： 20分钟：心率和血压开始回落； 12小时：血中一氧化碳水平恢复正常； 2周–3个月：肺功能改善，咳嗽、气促减轻； 1年：冠心病风险下降50%； 10年：肺癌风险降至持续吸烟者的一半左右； 15年：心血管疾病风险接近非吸烟者。 四、如果你真的想戒烟，可以这样做 戒烟虽难，但有方法可循，你不是一个人在战斗： 明确动机：写下戒烟理由（如健康、家庭、经济），贴在常见处，提醒自己。 设定日期：选择一个压力较小的时间点开始，郑重承诺“从此不吸”。 改变习惯：避开吸烟环境，用喝水、嚼口香糖、散步等方式替代“抽烟动作”。 寻求专业支持：可就诊戒烟门诊，医生可提供行为干预、药物辅助（如尼古丁替代疗法、口服药物），大幅提升成功率。 借助工具：使用戒烟APP记录进度，加入社群互助，获得鼓励与监督。 记住：你的肺经不起任何“玩一玩”的试探。每一口烟，不论深浅，都在为未来的健康埋下隐患。而每一次拒绝吸烟，都是对生命长度的真诚投资。 如果此刻你还在纠结“要不要戒”，不如就从看完这篇文章开始，给自己一个不再吸烟的理由——因为你值得更轻松地呼吸，更健康地活着。",微信,畅通呼吸健康交流平台,2025-09-23 00:01:50,http://mp.weixin.qq.com/s?__biz=MzU2OTI3Mjg2MQ==&mid=2247485485&idx=1&sn=25023b214ac5ad43b3c2c015f9d8b955&chksm=fd439fad45ad73e10c2baf3e7f90faf254be8e1603e9ea30fff5ed4da4bb0aa6334f13ed254e#rd,未知,戒烟,中性,评论观点类
2025010158,李荣浩——《戒烟》,ocr: @李万豪989 @李万豪989 content: 李荣浩——《戒烟》,微博,李万豪989,2025-09-23 18:50:44,http://weibo.com/5831264106/Q5V7l0yDf,柬埔寨,戒烟,中性,评论观点类
2025010154,戒烟了呵呵,content: 戒烟了呵呵,微博,美希小希,2025-09-23 18:33:48,http://weibo.com/6313728976/Q5V0sBGsz,辽宁省,戒烟,中性,评论观点类
2025010189,这儿就是大北京能不来就别来,ocr: BLUEBERRYBALLMENTHOLCHINA尽早戒烟有益健康戒烟可减少对健康的危害@晴天有时会下猪u content: 这儿就是大北京能不来就别来,微博,晴天有时会下猪u,2025-09-23 18:13:42,http://weibo.com/6971871656/Q5USj2Jra,四川省,戒烟,中性,评论观点类
2025010122,戒烟戒烟。以此为证,content: 戒烟戒烟。以此为证,微博,如是信解不生法相,2025-09-23 18:06:29,http://weibo.com/6139901302/Q5UPnds2I,江西省,戒烟戒烟,中性,评论观点类
2025010134,#鸭嘴兽##鸭嘴兽[超话]##戒烟##戒烟神器##悦刻##适合女孩子抽的烟##刻悦[超话]#,ocr: 冰爆正品精工鸭嘴兽正品精工小黑条悦弹悦杆5代6代冰神飞雾1/2星空H版辣妹扑克崧出单付☆@悦子鸭鸭 content: #鸭嘴兽##鸭嘴兽[超话]##戒烟##戒烟神器##悦刻##适合女孩子抽的烟##刻悦[超话]#,微博,悦子鸭鸭,2025-09-23 18:03:25,http://weibo.com/9170368664/Q5UO8bB0d,新疆维吾尔自治区,戒烟,中性,评论观点类
2025010131,非常想戒烟但是不知道第一步该怎么做？作为一个大一学生已经抽了很多年烟了，周围人都在吸烟戒烟有点阻力，请各位给我出一下照#戒烟##戒烟[超话]#,content: 非常想戒烟但是不知道第一步该怎么做？作为一个大一学生已经抽了很多年烟了，周围人都在吸烟戒烟有点阻力，请各位给我出一下照#戒烟##戒烟[超话]#,微博,三分有点库112233,2025-09-23 17:49:32,http://weibo.com/7812752922/Q5UIuAidh,山东省,戒烟,中性,评论观点类
2025010142,戒烟,content: 戒烟,微博,为什么我不是艾克,2025-09-23 17:43:34,http://weibo.com/5857528027/Q5UG4qqQX,浙江省,戒烟,中性,报道事实类
2025010129,李荣浩《戒烟》[戒烟](http://t.cn/AXhe1Nh8)（@网易云音乐）,content: 李荣浩《戒烟》[戒烟](http://t.cn/AXhe1Nh8)（@网易云音乐）,微博,Dfreshlife,2025-09-23 17:36:14,http://weibo.com/7965686174/Q5UD5DQBm,安徽省,戒烟,中性,报道事实类
2025010116,《戒烟行动》《我会替你美言几句》,ocr: 太坏了准备更坏希望如此吧你今天抽几根烟你咋没跟我汇报呢使劲儿贴贴我的宝抽了两根第一根是中午吃完饭第二根是三点多@linnnlin 今天没抽别人的呀你确定？真的没骗我吗我有时装傻但你不能往死里骗我没有~我看起来很好骗吗@linnnlin 真不是人不算他希望你说的是真的真哒！骗你是小狗哦哈哈哈哈哈哈哈哈看在你这么可爱的份上，我就相信你了吧休想骗到我@linnnlin 你管严点让他戒烟嘉睿表现好了自己主动戒烟了不错不错！鼓掌！ content: 《戒烟行动》《我会替你美言几句》,微博,linnnliin,2025-09-23 17:07:14,http://weibo.com/6320488088/Q5UrkdBqY,吉林省,戒烟,中性,评论观点类
202501011,发布了头条文章：《2024诸侯戒烟App国产榜前11名揭晓》 [2024诸侯戒烟App国产榜前11名揭晓](http://t.cn/AXheJc91) 制作：“中国烟民戒烟模式研究”课题组 图：《2024诸侯戒烟App国产榜》前11名 戒烟排行看诸侯！诸侯戒烟榜，戒烟界的排行榜系列。 戒烟app是中国烟民戒烟模式的一种。我们搜集到的国产戒烟app品牌，有50家以上。 那么，国产戒烟app品牌前11名，又是哪些呢？带着这个问题，本课题组按评分高低排名，制作排行榜，确定了前11名。其中，第1名4分，第11名1.4分。 2024诸侯戒烟app国产榜前11名，由“中国烟民戒烟模式研究”课题组制作完成，现由《戒烟界》发布。 本榜单前3名为：1 界烟盒子、2 帮你戒烟、2 戒烟打卡；其余排名为：4 简单戒烟、4 戒烟军团、6 3氪烟、7 戒烟、8 大师兄记烟、8 戒烟小目标、8 戒烟专家、11 无烟。详见附件。 注意，其中有些戒烟app品牌名称发生了变更，如：帮你戒烟 App（中疾控戒烟 App）、戒烟 App（云川戒烟助手 App）。 如有与戒烟相关的合作，欢迎联系。联系方式如下： 1.邮箱：outsourcing@sohu.com；微博：戒烟界； 2.联系人：张明辉，《戒烟界》项目主任、“中国烟民戒烟模式研究”课题组组长。 2025年2月21日 附件：2024诸侯戒烟App国产榜前11名 按评分从高到低排名。评分保留1位小数点。 排名、戒烟app品牌、评分 1 界烟盒子 App 4 2 帮你戒烟 App 3 2 戒烟打卡 App 3 4 简单戒烟 App 2.9 4 戒烟军团 App 2.9 6 3氪烟 App 2.8 7 戒烟 App 2.3 8 大师兄记烟 App 1.5 8 戒烟小目标 App 1.5 8 戒烟专家 App 1.5 11 无烟 App 1.4 编辑：关云短 来源：戒烟界,ocr: 戒烟界“中国烟民戒烟请候戒烟榜模式研究”课题组《2024诸侯戒烟App国产榜》前11名排名戒烟app品牌评分1界烟盒子App42帮你戒烟App3乙戒烟打卡App34简单戒烟App2.94戒烟军团App2.963氪烟App2.87戒烟App2.38大师兄记烟App1.58戒烟小目标App1.58戒烟专家App1.511无烟App1.4来源：戒烟界 content: 发布了头条文章：《2024诸侯戒烟App国产榜前11名揭晓》 [2024诸侯戒烟App国产榜前11名揭晓](http://t.cn/AXheJc91) 制作：“中国烟民戒烟模式研究”课题组 图：《2024诸侯戒烟App国产榜》前11名 戒烟排行看诸侯！诸侯戒烟榜，戒烟界的排行榜系列。 戒烟app是中国烟民戒烟模式的一种。我们搜集到的国产戒烟app品牌，有50家以上。 那么，国产戒烟app品牌前11名，又是哪些呢？带着这个问题，本课题组按评分高低排名，制作排行榜，确定了前11名。其中，第1名4分，第11名1.4分。 2024诸侯戒烟app国产榜前11名，由“中国烟民戒烟模式研究”课题组制作完成，现由《戒烟界》发布。 本榜单前3名为：1 界烟盒子、2 帮你戒烟、2 戒烟打卡；其余排名为：4 简单戒烟、4 戒烟军团、6 3氪烟、7 戒烟、8 大师兄记烟、8 戒烟小目标、8 戒烟专家、11 无烟。详见附件。 注意，其中有些戒烟app品牌名称发生了变更，如：帮你戒烟 App（中疾控戒烟 App）、戒烟 App（云川戒烟助手 App）。 如有与戒烟相关的合作，欢迎联系。联系方式如下： 1.邮箱：outsourcing@sohu.com；微博：戒烟界； 2.联系人：张明辉，《戒烟界》项目主任、“中国烟民戒烟模式研究”课题组组长。 2025年2月21日 附件：2024诸侯戒烟App国产榜前11名 按评分从高到低排名。评分保留1位小数点。 排名、戒烟app品牌、评分 1 界烟盒子 App 4 2 帮你戒烟 App 3 2 戒烟打卡 App 3 4 简单戒烟 App 2.9 4 戒烟军团 App 2.9 6 3氪烟 App 2.8 7 戒烟 App 2.3 8 大师兄记烟 App 1.5 8 戒烟小目标 App 1.5 8 戒烟专家 App 1.5 11 无烟 App 1.4 编辑：关云短 来源：戒烟界,微博,诸侯戒烟榜,2025-09-23 16:42:07,http://weibo.com/2254676285/Q5Uh8sRYc,浙江省,戒烟,中性,报道事实类
2025010141,[一分钟帮他戒烟](http://t.cn/R5y1oBT) advertise repost//@藏界湖8829_xb:[一分钟帮他戒烟](http://t.cn/R5y1oBT) advertise repost,content: [一分钟帮他戒烟](http://t.cn/R5y1oBT) advertise repost//@藏界湖8829_xb:[一分钟帮他戒烟](http://t.cn/R5y1oBT) advertise repost,微博,藏界湖8829_xb,2025-09-23 16:40:01,http://weibo.com/6972270913/Q5UghiKOj,未知,戒烟,中性,报道事实类
2025010140,太好笑了给克的拟升学宴伴手礼,"ocr: 戒烟可减少尺早戒烟有益h-吸烟有害修本公司提示州蘭555STATEEBPRESS""INTERNATIONAL尽早戒烟有益健康戒烟可减少对健康的危害 content: 太好笑了给克的拟升学宴伴手礼",微博,耶耶啊哈哈嘿,2025-09-23 16:39:58,http://weibo.com/5896406815/Q5UgfF4Ww,重庆市,戒烟,中性,报道事实类
2025010178,其实我戒烟了,content: 其实我戒烟了,微博,倔强老鼠的胜利,2025-09-23 16:03:49,http://weibo.com/5991544815/Q5U1A9QkF,浙江省,戒烟,中性,评论观点类
2025010174,戒烟第七天,content: 戒烟第七天,微博,是金发的三桥,2025-09-23 15:42:49,http://weibo.com/6909814661/Q5TT3usro,山东省,戒烟,中性,报道事实类
2025010152,戒烟！减脂！,content: 戒烟！减脂！,微博,loveisnotarope,2025-09-23 15:34:46,http://weibo.com/7947830332/Q5TPNdC1n,江西省,戒烟,中性,评论观点类
2025010121,戒烟少抽戒烟,ocr: ?@supy7 content: 戒烟少抽戒烟,微博,supy7,2025-09-23 15:17:29,http://weibo.com/5891821054/Q5TIMgPLg,广东省,戒烟,中性,评论观点类
2025010137,🌼,ocr: 戒烟 content: 🌼,微博,DT___T,2025-09-23 15:03:37,http://weibo.com/1799533991/Q5TD9az32,山西省,戒烟,中性,评论观点类
2025010179,戒烟第一天,content: 戒烟第一天,微博,快乐薯i7,2025-09-23 14:43:19,http://weibo.com/8001736396/Q5TuUlFWx,山东省,戒烟,中性,评论观点类
2025010148,工作很累，生活很忙，压力大的时候就想抽烟🚬 之前想着一定要戒烟来着，有戒烟的心，但是还没办法脱离这种环境。所以戒烟路上困难重重，好难啊,content: 工作很累，生活很忙，压力大的时候就想抽烟🚬 之前想着一定要戒烟来着，有戒烟的心，但是还没办法脱离这种环境。所以戒烟路上困难重重，好难啊,微博,Nirvana-06161,2025-09-23 14:35:14,http://weibo.com/7764822854/Q5TrD2Ni6,黑龙江省,戒烟,负面,评论观点类
2025010183,真的得戒烟了感觉,content: 真的得戒烟了感觉,微博,yhhxxbxlyl,2025-09-23 14:28:44,http://weibo.com/6570156613/Q5ToZDc90,新疆维吾尔自治区,戒烟,负面,评论观点类
2025010160,想戒烟了,content: 想戒烟了,微博,byzwhyygydthx,2025-09-23 14:28:13,http://weibo.com/2141272400/Q5ToMmBlG,贵州省,戒烟,中性,评论观点类
2025010151,控烟+1,content: 控烟+1,微博,shishuiwo,2025-09-23 14:27:26,http://weibo.com/8435256339/Q5ToszJCf,山东省,控烟,中性,评论观点类
2025010143,#生活手记#戒烟 吸烟有害健康，如果在三十岁之前就可以戒烟的话患肺癌的概率可以明显下降百分之九十，而且在戒烟之后患口腔跟食管肿瘤的风险也会降低很多。,content: #生活手记#戒烟 吸烟有害健康，如果在三十岁之前就可以戒烟的话患肺癌的概率可以明显下降百分之九十，而且在戒烟之后患口腔跟食管肿瘤的风险也会降低很多。,微博,宇铭洋,2025-09-23 14:13:08,http://weibo.com/7482817312/Q5TiEBPQc,广西壮族自治区,戒烟,中性,报道事实类
2025010130,2778次首谈戒烟和戒烟失败,content: 2778次首谈戒烟和戒烟失败,微博,美籍日裔阳痿富二代,2025-09-23 14:02:06,http://weibo.com/7898774745/Q5Teb8Vtt,日本,戒烟,中性,评论观点类
2025010187,于是 我开始戒烟,content: 于是 我开始戒烟,微博,u冰释前嫌不了,2025-09-23 13:39:25,http://weibo.com/7931571595/Q5T4Ygxhb,广东省,戒烟,中性,评论观点类
2025010147,戒烟哥,content: 戒烟哥,微博,芋圆呢-,2025-09-23 13:14:45,http://weibo.com/5036720341/Q5SUXlfdn,江西省,戒烟,中性,评论观点类
202501018,转发微博//@地哩地哩吽:做烟供对于戒烟方面有特德！ [地哩地哩吽的微博视频](http://t.cn/AXhQLF5D),ocr: 做烟供对于戒烟方面有特德 content: 转发微博//@地哩地哩吽:做烟供对于戒烟方面有特德！ [地哩地哩吽的微博视频](http://t.cn/AXhQLF5D),微博,莎呵1,2025-09-23 12:59:18,http://weibo.com/5528637000/Q5SOGyD0p,浙江省,戒烟,中性,评论观点类
2025010188,戒烟 再抽得癌了,ocr: @圆子斋 content: 戒烟 再抽得癌了,微博,圆子熹,2025-09-23 12:49:21,http://weibo.com/7485125762/Q5SKEcm5U,广东省,戒烟,负面,评论观点类
2025010167,戒烟 戒酒 戒诗,content: 戒烟 戒酒 戒诗,微博,天青在渊,2025-09-23 12:36:43,http://weibo.com/2731429503/Q5SFx0SO3,山西省,戒烟,中性,评论观点类
2025010157,戒烟[喵喵],content: 戒烟[喵喵],微博,缇娜龙泽罗,2025-09-23 12:34:31,http://weibo.com/5907140803/Q5SED8Q1C,重庆市,戒烟,中性,评论观点类
2025010112,科技减肥，科技戒烟,ocr: BLey 烟台站欢迎您烟台站欢迎您3-15 国药准字H20223757威立戒VIVAQUIT国药准字H20223758酒石酸伐尼克兰片VARENICLINETARTRATETABLETS本品适用于成人戒烟启动装0.5mg×11片→1.0mg×14片Piuei山东威智百科药业有限公司 Tizaro5ZISKA content: 科技减肥，科技戒烟,微博,18Ley,2025-09-23 12:32:36,http://weibo.com/6551324019/Q5SDQEXAf,河南省,戒烟,中性,报道事实类
2025010156,戒烟喽,content: 戒烟喽,微博,FlyingGet-,2025-09-23 12:25:38,http://weibo.com/6117695401/Q5SB1iEuL,日本,戒烟,中性,评论观点类
202501013,我已戒烟423天。小伙伴们，你们都惊呆了吧！ (分享自@戒烟军团 ),ocr: 健康已恢复79.0%>戒烟军团从去年7月27日开始已戒烟423天00:54:20累计少吸节省金额烟瘾来袭8460支12691.13元2次军长153打卡再坚持打卡104天升级到司令D421D422D423D424D425D426 content: 我已戒烟423天。小伙伴们，你们都惊呆了吧！ (分享自@戒烟军团 ),微博,戴家小军子,2025-09-23 12:11:26,http://weibo.com/7954392972/Q5SvgdFMf,江苏省,戒烟,中性,评论观点类
2025010135,#刻悦[超话]##鸭嘴兽##鸭嘴兽[超话]##适合女孩子抽的烟##戒烟神器##悦刻##戒烟#,ocr: 冰爆正品精工鸭嘴兽正品精工小黑条悦弹悦杆5代6代冰神飞雾1/2星空H版辣妹扑克崧出通付儿☆@悦子鸭鸭 content: #刻悦[超话]##鸭嘴兽##鸭嘴兽[超话]##适合女孩子抽的烟##戒烟神器##悦刻##戒烟#,微博,悦子鸭鸭,2025-09-23 12:01:11,http://weibo.com/9170368664/Q5Sr6cuoO,新疆维吾尔自治区,戒烟,中性,评论观点类
2025010126,这是第三次戒烟了，也是最困难的一次，好在还没有暴饮暴食,ocr: 11:35!!5G健康已恢复51.9%>从8月25日开始已戒烟29天00:35:22累计少吸节省金额烟瘾来袭580支812.69元1次营长14打卡再坚持打卡3天升级到团长D27D28D29D30D31D32D33D34优选内容更匹配您状态的精选内容会员部落同状态的会员一起互相鼓励克制烟瘾方法部落双幸存者部落军团每天开设1个新部落加入方便同天加入的战友们相互鼓励走到最后其他幸存者部落作为旁观战友去看看今天昨天更多其他口O训练营交流区商店我的丽通安总热爱上油航的批 content: 这是第三次戒烟了，也是最困难的一次，好在还没有暴饮暴食,微博,重生之霸道女总裁爱上油腻的我,2025-09-23 11:37:53,http://weibo.com/8212674499/Q5ShDDbLw,陕西省,戒烟,中性,报道事实类
2025010164,戒烟第四天,content: 戒烟第四天,微博,sxcvz,2025-09-23 11:28:01,http://weibo.com/6472806510/Q5SdDqtjw,四川省,戒烟,中性,报道事实类
202501017,戒烟药？戒烟了活着还有什么意思？航母谁捐款？,ocr: OHS中国医疗保障医疗保障定点零售药店广州市医疗保险服务中心制戒烟药已到货@荆州第一打油诗人 content: 戒烟药？戒烟了活着还有什么意思？航母谁捐款？,微博,荆州第一打油诗人,2025-09-23 11:26:28,http://weibo.com/1962736937/Q5Sd0p5es,广东省,戒烟,中性,评论观点类
202501014,真的应该戒烟了！ ！！！！！ [葳繁繁的微博视频](http://t.cn/AXhdWvM2),ocr: 真的应该戒烟了 content: 真的应该戒烟了！ ！！！！！ [葳繁繁的微博视频](http://t.cn/AXhdWvM2),微博,葳繁繁,2025-09-23 11:26:10,http://weibo.com/7859106147/Q5ScT36Z9,湖北省,戒烟,中性,评论观点类
2025010186,戒烟行动开始🚭,content: 戒烟行动开始🚭,微博,timetellsthings,2025-09-23 11:16:42,http://weibo.com/7736802874/Q5S935hNM,四川省,戒烟,中性,报道事实类
2025010123,#戒烟[超话]#国庆中秋烟酒少不了。那就暂时放弃戒烟，换个说话安慰自己，就控烟吧。一天限量六支。这条烟咋说要抽一个月。为了戒烟又买一条烟，我抽的是戒烟之烟。,ocr: 中南海请勿在禁烟场所吸烟吸烟有害司提示AltCtrl@罗伯特不吃瓜 content: #戒烟[超话]#国庆中秋烟酒少不了。那就暂时放弃戒烟，换个说话安慰自己，就控烟吧。一天限量六支。这条烟咋说要抽一个月。为了戒烟又买一条烟，我抽的是戒烟之烟。,微博,罗伯特不吃瓜,2025-09-23 11:16:20,http://weibo.com/2184373704/Q5S8Tj0Tb,上海市,戒烟、控烟,中性,评论观点类
2025010166,戒烟好难,content: 戒烟好难,微博,II百事可樂II,2025-09-23 10:57:56,http://weibo.com/5482379487/Q5S1qnsOL,宁夏回族自治区,戒烟,中性,评论观点类
2025010125,李荣浩《戒烟》[戒烟](http://t.cn/AXhdCymd)（@网易云音乐）,content: 李荣浩《戒烟》[戒烟](http://t.cn/AXhdCymd)（@网易云音乐）,微博,爱吃香菜6678,2025-09-23 10:54:41,http://weibo.com/6346469269/Q5S06ywhO,山东省,戒烟,中性,报道事实类
2025010118,【抓重点 攻难关 落实落细控烟新举措】 针对辖区内部分写字楼一直以来控烟投诉量大、重复投诉量大、执法取证难、控烟措施落实不到位等突出问题。近日，朝阳区卫生健康监督所对问题较多、群众反映较强的部分商务楼宇开展专项执法监督检查，并就发现的问题现场研究部署整改措施。 一、开展现场检查，督导物业落实控烟主体责任 重点对楼宇内步梯间、卫生间、过道以及商户办公区域等点位进行检查，发现卫生间、步梯间等隐蔽点位烟味浓烈、烟头遍地，个别商户办公区域内有烟灰缸、烟头，证明楼内违规吸烟行为长期失管，且有人员聚集吸烟的情况，折射出物业控烟管理措施弱的问题。 针对现场发现的问题与物业召开座谈会，深入分析问题根源。对物业做出控烟指导，要求物业提高控烟巡查频率、延长控烟巡查时间，规范留存巡查视频、照片等资料；全面摸排楼宇内商户吸烟人员情况，建立重点管控商户清单，并对全体租住商户开展控烟法规宣教。 二、现场约谈商户，开展控烟普法宣传 现场检查过程中，对四家存在办公区域、楼道及卫生间等控烟场所吸烟行为的商户进行约谈，并进行控烟普法宣传，排查出烟民40余人。 针对存在烟民的重点商户，要求商户负责人组织吸烟人员签署《单位控烟个人承诺书》，并对吸烟人员进行控烟宣教。建立健全内部控烟奖惩制度，引导本单位烟民到指定区域吸烟，切实规范员工行为。 三、建立长效机制，确保源头治理成效 建立由物业负责人、商户负责人及卫生监督员组成的控烟工作联络群，明确职责分工和信息报送规范。通过信息共享、快速响应，实现齐抓共管、闭环处置的目标。 物业适时上传现场巡查视频、照片等资料，如发现吸烟行为，将吸烟人员照片上传至群内，由商户负责人认领核实，各自“看好自己的门，管好自己的人”，对屡教不改的单位或个人，监督所将采取严厉处置措施。 此次执法监督检查细致周到、督导有力，压实了物业控烟主体责任，提升了楼宇内商户的控烟思想意识，规范商户控烟管理的方式方法，认真落实控烟责任；建立了“三位一体”长效控烟机制，有利实现控烟源头治理的目标。,ocr: 控烟宣教会地产·教育·产业基金·生态环保·城市更新@北京朝阳卫生监督 顺北京朝阳卫 禁止吸烟NoSmoking烘手山北京朝阳卫生监督 @北京朝阳卫生监督 禁止吸烟电动车起火1口口秒灭火@北京朝阳卫生蓝督 @北京朝阳卫生监督 @北京朝阳卫生监督 山@北京朝阳卫生监督 14:242025-09-16星期二北京市·珠江发展中心 content: 【抓重点 攻难关 落实落细控烟新举措】 针对辖区内部分写字楼一直以来控烟投诉量大、重复投诉量大、执法取证难、控烟措施落实不到位等突出问题。近日，朝阳区卫生健康监督所对问题较多、群众反映较强的部分商务楼宇开展专项执法监督检查，并就发现的问题现场研究部署整改措施。 一、开展现场检查，督导物业落实控烟主体责任 重点对楼宇内步梯间、卫生间、过道以及商户办公区域等点位进行检查，发现卫生间、步梯间等隐蔽点位烟味浓烈、烟头遍地，个别商户办公区域内有烟灰缸、烟头，证明楼内违规吸烟行为长期失管，且有人员聚集吸烟的情况，折射出物业控烟管理措施弱的问题。 针对现场发现的问题与物业召开座谈会，深入分析问题根源。对物业做出控烟指导，要求物业提高控烟巡查频率、延长控烟巡查时间，规范留存巡查视频、照片等资料；全面摸排楼宇内商户吸烟人员情况，建立重点管控商户清单，并对全体租住商户开展控烟法规宣教。 二、现场约谈商户，开展控烟普法宣传 现场检查过程中，对四家存在办公区域、楼道及卫生间等控烟场所吸烟行为的商户进行约谈，并进行控烟普法宣传，排查出烟民40余人。 针对存在烟民的重点商户，要求商户负责人组织吸烟人员签署《单位控烟个人承诺书》，并对吸烟人员进行控烟宣教。建立健全内部控烟奖惩制度，引导本单位烟民到指定区域吸烟，切实规范员工行为。 三、建立长效机制，确保源头治理成效 建立由物业负责人、商户负责人及卫生监督员组成的控烟工作联络群，明确职责分工和信息报送规范。通过信息共享、快速响应，实现齐抓共管、闭环处置的目标。 物业适时上传现场巡查视频、照片等资料，如发现吸烟行为，将吸烟人员照片上传至群内，由商户负责人认领核实，各自“看好自己的门，管好自己的人”，对屡教不改的单位或个人，监督所将采取严厉处置措施。 此次执法监督检查细致周到、督导有力，压实了物业控烟主体责任，提升了楼宇内商户的控烟思想意识，规范商户控烟管理的方式方法，认真落实控烟责任；建立了“三位一体”长效控烟机制，有利实现控烟源头治理的目标。,微博,北京朝阳卫生监督,2025-09-23 10:54:40,http://weibo.com/2703463163/Q5S069dzF,未知,控烟,中性,报道事实类
202501012,替代品戒烟法本质上仍然认为吸烟是一种享受，戒烟是一种牺牲。所以，根本不可能戒烟成功！#戒烟##吸烟有害健康# [火眼轻松戒烟的微博视频](http://t.cn/AXhd9TiZ),ocr: 替代品戒烟法 content: 替代品戒烟法本质上仍然认为吸烟是一种享受，戒烟是一种牺牲。所以，根本不可能戒烟成功！#戒烟##吸烟有害健康# [火眼轻松戒烟的微博视频](http://t.cn/AXhd9TiZ),微博,火眼轻松戒烟,2025-09-23 10:50:23,http://weibo.com/7125793164/Q5RYmpzHv,山西省,戒烟,中性,评论观点类
2025010162,我真戒烟了,content: 我真戒烟了,微博,予·-·,2025-09-23 10:41:50,http://weibo.com/7315145445/Q5RUTgkZW,浙江省,戒烟,负面,评论观点类
2025010127,戒烟一个月//@Siiau_:打卡戒烟一周[太开心],content: 戒烟一个月//@Siiau_:打卡戒烟一周[太开心],微博,Siiau_,2025-09-23 10:36:58,http://weibo.com/7560339640/Q5RSUDwTm,江苏省,戒烟,正面,评论观点类
2025010145,粉粉嫩嫩,ocr: @戒烟 content: 粉粉嫩嫩,微博,戒烟咩,2025-09-23 10:24:31,http://weibo.com/7738144446/Q5RNRsxk7,河南省,戒烟,中性,评论观点类
2025010120,前往无烟餐厅、无烟商场，可减少烟霾危害？北京市控烟协会会长、中日友好医院肖丹教授来解答 | #拒绝烟霾行动起来# ⑦#健闻登顶计划# [医师报社的微博视频](http://t.cn/AXhd66Qc),ocr: 前往无烟餐厅、无烟商场可以减少烟霾危害吗？不可以可以KE北京市控烟协会会长中日友好医院肖丹R=01拒绝烟霾行动起来 content: 前往无烟餐厅、无烟商场，可减少烟霾危害？北京市控烟协会会长、中日友好医院肖丹教授来解答 | #拒绝烟霾行动起来# ⑦#健闻登顶计划# [医师报社的微博视频](http://t.cn/AXhd66Qc),微博,医师报社,2025-09-23 10:00:01,http://weibo.com/2637767371/Q5RDVi6NW,未知,控烟,中性,报道事实类
2025010110,轻松戒烟法中期回顾#戒烟##吸烟有害健康# [火眼轻松戒烟的微博视频](http://t.cn/AXhd6Lkf)//\@:,"ocr: 轻松戒烟法75中段回顾：你已比99%的人更懂烟认知的重建01你已经完成了认知的重理，认清了眼烟的水成是尼古丁海师幻觉的粉碎02你已经粉碎了所有关于最爆的幻齿和拥口，包括城庄，享是，习损等。戒断反应的解构03你已经解构了成断反应，不再对其恐惧，为后续的行动做好了准备。轻松戒烟法中段回顾:你已比99%的人更懂烟01认知的重建你已经完成了认知的重重,认洁了眼烟的本质是尼古丁海痘,02幻觉的粉碎你已经粉碎了所有关于吸烟的幻货和惜口,包括城压,亨受,习惯等,03戒断反应的解构你已经解构了成断反应,不再对其恐惧,为后续的行动做好了准备。轻松戒烟法中段回顾:你已比99%的人更懂烟01认知的重建你已经完成了认知的重重,认洁了眼烟的本质是尼古丁海痘,02幻觉的粉碎你已经粉碎了所有关于吸烟的幻货和惜口,包括城压,亨受,习惯等,03戒断反应的解构你已经解构了成断反应,不再对其恐惧,为后续的行动做好了准备。 content: 轻松戒烟法中期回顾#戒烟##吸烟有害健康# [火眼轻松戒烟的微博视频](http://t.cn/AXhd6Lkf)//\@:",微博,火眼轻松戒烟,2025-09-23 09:57:50,http://weibo.com/7125793164/Q5RD27cWb,未知,戒烟,中性,报道事实类
2025010144,展示军火 括弧都不好抽 不感冒,ocr: 纯境康烟康烤烟防所吸烟尽早戒烟有益戒烟可 content: 展示军火 括弧都不好抽 不感冒,微博,扑倒王源是目标,2025-09-23 09:45:20,http://weibo.com/6111168031/Q5RxXp8p5,江苏省,戒烟,中性,评论观点类
2025010159,戒烟第一天～,content: 戒烟第一天～,微博,椰子鸡一号,2025-09-23 09:14:23,http://weibo.com/5713204465/Q5RloCRJ2,云南省,戒烟,中性,评论观点类
202501016,戒烟🚬 第50天的感受😖 人在医院的时候 [王玉虎15850223652的微博视频](http://t.cn/AXhdVppN),ocr: 戒烟第50天的感受人在医院的时候 content: 戒烟🚬 第50天的感受😖 人在医院的时候 [王玉虎15850223652的微博视频](http://t.cn/AXhdVppN),微博,王玉虎15850223652,2025-09-23 09:09:29,http://weibo.com/6719825184/Q5RjpdEHL,江苏省,戒烟,中性,评论观点类
2025010161,戒烟 说到做到！！！,content: 戒烟 说到做到！！！,微博,秘密姬弟,2025-09-23 09:08:37,http://weibo.com/2833251670/Q5Rj3g734,广东省,戒烟,中性,评论观点类
2025010163,#戒烟[超话]#543,content: #戒烟[超话]#543,微博,钓鱼儿的大佬,2025-09-23 09:00:08,http://weibo.com/1278411024/Q5RfBAqu8,山东省,戒烟,中性,评论观点类
2025010169,继续被迫戒烟,content: 继续被迫戒烟,微博,站立白桦树,2025-09-23 08:44:43,http://weibo.com/7267179761/Q5R9m2b90,黑龙江省,戒烟,负面,评论观点类
202501019,我开始戒烟啦！小伙伴们，你们都惊呆了吧！(分享自@戒烟军团 ),ocr: 健康已恢复0%>已戒烟00:05:06天累计少吸节省金钱烟瘾来袭0支0.07元0次士兵打卡坚持1天打卡升级到班长D1D2D3D4D5D6 content: 我开始戒烟啦！小伙伴们，你们都惊呆了吧！(分享自@戒烟军团 ),微博,韩富柜儿,2025-09-23 08:37:29,http://weibo.com/5914072191/Q5R6q30iF,河北省,戒烟,中性,评论观点类
2025010153,戒烟day4,content: 戒烟day4,微博,发疯的流浪猫,2025-09-23 08:35:47,http://weibo.com/8475001639/Q5R5J3mbY,天津市,戒烟,中性,评论观点类
2025010136,安利健康知识日报 #健康知识日报# 心梗不再专属老人，年轻人也要警惕， 它常伪装成胃痛、牙痛，别延误治疗！ 多吃蔬菜粗粮，可减少血管垃圾堆积， 每天运动30分钟，促进血液循环， 戒烟限酒，血管年轻得靠长期坚持~,ocr: 血管悄悄“长斑是心梗“导火索年龄、压力、高脂高盐饮食等因素，会让血管长出“斑块”，为心梗埋下隐患。数据显示，急性心梗发病年龄呈年轻化趋势，住院患者中中青年占1/4。此外，除了胸痛，心梗还会“伪装”成胃病、牙疼或其他疾病，若不能及时辨别，可能延误治疗。简单4招，为血管去斑”：戒烟：吸烟升会高血脂并加速动脉粥样硬化，戒烟1年后动脉硬化风险会下降约50%，还可提升好胆固醇水平。合理主食：推荐每日吃主食250-400克，其中粗粮（燕麦、小米等）≥50克，中等大小的水果每天1-2个避免夜宵：如果食物没有充分消化就睡觉，会让心脑血管供血不足。所以睡前2-3小时最好不进食，减少心脑血管负担坚持运动：每天至少30分钟运动 content: 安利健康知识日报 #健康知识日报# 心梗不再专属老人，年轻人也要警惕， 它常伪装成胃痛、牙痛，别延误治疗！ 多吃蔬菜粗粮，可减少血管垃圾堆积， 每天运动30分钟，促进血液循环， 戒烟限酒，血管年轻得靠长期坚持~,微博,安利秋香,2025-09-23 08:25:41,http://weibo.com/2935263041/Q5R1D4OTh,湖北省,戒烟,中性,报道事实类
2025010117,老药师公开了一个无数人想得到的秘方！他说，中国这么大我也不怕你抢我的饭碗 一根米 一根米 2025年09月23日 06:00 山东 中国这么大，你又是外地人，我也不怕你抢了我的生意。最后，老先生把方子告诉了我。这个方子救了老先生，也挽救了无数的人。有了这个方子，您的肺将会逐渐清朗起来……中医祖传秘方大公开付济华非著名中医师 药方故事 这个方子来自于一个亳州的老药师，因为中药质量参差不齐，天壤之别，所以我每次都是自己亲自去把关采购。那年我去亳州采购中药材，在市场上看货选购的时候，看到一个摊位上围满了人。于是我过去看有什么热闹，走近一看，是一个老先生在给大家配药。和别的中医不同的是，老先生不把脉，不看舌苔，每个人都是抓的同一种药。 经过询问得知，老先生本是批发中药材的，自己年轻的时候得过肺病，打青霉素一直治不好，医生说他必须戒烟才能治得好。可是他那时候一天要抽两三包，这么大的烟瘾怎么戒得了！后来看西医没辙，那抽烟说事，就改投中医。当地的一个老中医，给他开了一个清肺的方子，本来是治疗咳嗽、气喘的。没曾想吃了几天后，不但肺病好了，从那以后一定也不想抽烟了，闻到烟味就犯恶心。 从那以后，这件事就慢慢就传开了，当地人都知道，他有一个清肺的方子能戒烟，一副药10来块钱，吃一个星期，就能把烟戒掉，想戒烟的都会去找他。 当我问及老先生这个戒烟药方的时候，他支支吾吾，顾左右而言他。我懂了，这是人家的秘方，怕我知道了抢他的生意，不愿相告！ 那天我在他们那里采购了大量的其它中药材，到了晚上他要请我吃饭。（亳州这边的药商都会请大客户吃饭）吃饭的时候，他特别爱喝酒，酒喝得差不多了，他说话越来越多，开始吹起牛来了，我知道他应该已经醉了。 然后我又给他提起药方的事情，我跟他说，我是外地人，知道他的药方对他也不会有影响。中国这么大，那么多人要戒烟，他一个人也治不完。把药方给我帮助更多人，他也是有功德的。不知道是被我说动了，还是喝醉的缘故，很爽快的就把药方给了我。 验证效果 拿到这个药方，感觉就是很普通的一些清肺化痰的药，没有什么特别之处，是什么原因能够起到戒烟作用的，让我有点丈二和尚摸不着头脑。 然后我找到一个朋友，我知道他抽烟很厉害，而且因为抽烟每天咳嗽、吐浓痰，我跟他说有个清肺的方子特别好，没有敢说可以戒烟，我怕没有效果会打脸。 给他开了7天的药，7天过去了，也不见他跟我联系，我想可能是没有效果，幸亏当初没有说能戒烟。于是我就打电话过去问情况，他那边说吃了我的药咳嗽吐痰是好了，但是现在一闻到烟味就恶心，是不是吃中药伤到胃了，都是朋友也不好意思说什么。 听到这里我就乐了，我才把这个戒烟方子的由来告诉了他。他说你不早说，你的医术我还不知道吗？就算你直接告诉我，拿我来做实验我也愿意啊！ 中国每年因肺癌死亡的人数就有71万，这其中大部分都跟吸烟有关。一个肺癌毁掉的就是一个家庭！ 我一个人的力量是有限的，能够治疗的人也很有限。为了能够帮助到更多需要戒烟的朋友，今天我把这个配方公之于众。 戒烟茶 好方子一起传播中国每分钟就有一个人确诊为肺癌，吸烟对肺的危害众所周知，很多人想戒烟苦于没有办法，这个药方疗效确切，经过老药师十余年的验证。 一起把这个好用的方子转发出去，让更多人受益。你的每一次转发，都是对传统中医文化的尊重与传承。,ocr: 方精选戒烟茶组方：藿香10克、地龙15克、远志15克薄荷10克、人参5克、甘草10克鱼腥草30克用法：水煎服，一日一剂，代茶饮功效：戒烟效果：服用后闻到烟味反感，甚至恶心佳岭共药小济王下共生 content: 老药师公开了一个无数人想得到的秘方！他说，中国这么大我也不怕你抢我的饭碗 一根米 一根米 2025年09月23日 06:00 山东 中国这么大，你又是外地人，我也不怕你抢了我的生意。最后，老先生把方子告诉了我。这个方子救了老先生，也挽救了无数的人。有了这个方子，您的肺将会逐渐清朗起来……中医祖传秘方大公开付济华非著名中医师 药方故事 这个方子来自于一个亳州的老药师，因为中药质量参差不齐，天壤之别，所以我每次都是自己亲自去把关采购。那年我去亳州采购中药材，在市场上看货选购的时候，看到一个摊位上围满了人。于是我过去看有什么热闹，走近一看，是一个老先生在给大家配药。和别的中医不同的是，老先生不把脉，不看舌苔，每个人都是抓的同一种药。 经过询问得知，老先生本是批发中药材的，自己年轻的时候得过肺病，打青霉素一直治不好，医生说他必须戒烟才能治得好。可是他那时候一天要抽两三包，这么大的烟瘾怎么戒得了！后来看西医没辙，那抽烟说事，就改投中医。当地的一个老中医，给他开了一个清肺的方子，本来是治疗咳嗽、气喘的。没曾想吃了几天后，不但肺病好了，从那以后一定也不想抽烟了，闻到烟味就犯恶心。 从那以后，这件事就慢慢就传开了，当地人都知道，他有一个清肺的方子能戒烟，一副药10来块钱，吃一个星期，就能把烟戒掉，想戒烟的都会去找他。 当我问及老先生这个戒烟药方的时候，他支支吾吾，顾左右而言他。我懂了，这是人家的秘方，怕我知道了抢他的生意，不愿相告！ 那天我在他们那里采购了大量的其它中药材，到了晚上他要请我吃饭。（亳州这边的药商都会请大客户吃饭）吃饭的时候，他特别爱喝酒，酒喝得差不多了，他说话越来越多，开始吹起牛来了，我知道他应该已经醉了。 然后我又给他提起药方的事情，我跟他说，我是外地人，知道他的药方对他也不会有影响。中国这么大，那么多人要戒烟，他一个人也治不完。把药方给我帮助更多人，他也是有功德的。不知道是被我说动了，还是喝醉的缘故，很爽快的就把药方给了我。 验证效果 拿到这个药方，感觉就是很普通的一些清肺化痰的药，没有什么特别之处，是什么原因能够起到戒烟作用的，让我有点丈二和尚摸不着头脑。 然后我找到一个朋友，我知道他抽烟很厉害，而且因为抽烟每天咳嗽、吐浓痰，我跟他说有个清肺的方子特别好，没有敢说可以戒烟，我怕没有效果会打脸。 给他开了7天的药，7天过去了，也不见他跟我联系，我想可能是没有效果，幸亏当初没有说能戒烟。于是我就打电话过去问情况，他那边说吃了我的药咳嗽吐痰是好了，但是现在一闻到烟味就恶心，是不是吃中药伤到胃了，都是朋友也不好意思说什么。 听到这里我就乐了，我才把这个戒烟方子的由来告诉了他。他说你不早说，你的医术我还不知道吗？就算你直接告诉我，拿我来做实验我也愿意啊！ 中国每年因肺癌死亡的人数就有71万，这其中大部分都跟吸烟有关。一个肺癌毁掉的就是一个家庭！ 我一个人的力量是有限的，能够治疗的人也很有限。为了能够帮助到更多需要戒烟的朋友，今天我把这个配方公之于众。 戒烟茶 好方子一起传播中国每分钟就有一个人确诊为肺癌，吸烟对肺的危害众所周知，很多人想戒烟苦于没有办法，这个药方疗效确切，经过老药师十余年的验证。 一起把这个好用的方子转发出去，让更多人受益。你的每一次转发，都是对传统中医文化的尊重与传承。,微博,股市漂流人,2025-09-23 08:20:17,http://weibo.com/6471151969/Q5QZr5UO9,河北省,戒烟,中性,报道事实类
2025010171,#lORvsnpSJS# 复制打开网盘，看看【说*哥的作品】25个戒烟小妙招，试试就逝世《戒烟25法... http://t.cn/AXhdUTxu,content: #lORvsnpSJS# 复制打开网盘，看看【说*哥的作品】25个戒烟小妙招，试试就逝世《戒烟25法... http://t.cn/AXhdUTxu,微博,玛娜,2025-09-23 08:16:50,http://weibo.com/1990556420/Q5QY28Yyg,北京市,戒烟,中性,评论观点类
2025010113,#戒烟打卡[超话]#今天是我关注超话的第1000天，希望你的生活如晨曦般明媚温暖～ 👌,ocr: @5979645凭看爱今天是你关注戒烟打卡超话第1000天啦愿你邂逅每寸光阴的温柔与美好2022.12.29~2025.09.23 content: #戒烟打卡[超话]#今天是我关注超话的第1000天，希望你的生活如晨曦般明媚温暖～ 👌,微博,5979645凭着爱,2025-09-23 08:12:18,http://weibo.com/6871845719/Q5QWcecHO,陕西省,戒烟,中性,评论观点类
2025010132,装柜机空调去,ocr: 尽早戒烟有益健康戒烟可业@A玄阿喽6 content: 装柜机空调去,微博,A玄阿喽6,2025-09-23 07:49:18,http://weibo.com/7966766132/Q5QMRkUkx,海南省,戒烟,中性,评论观点类
2025010175,戒烟第1天,content: 戒烟第1天,微博,从此刻起我愿好好爱自己,2025-09-23 07:48:29,http://weibo.com/7788637319/Q5QMx6xl3,江苏省,戒烟,中性,报道事实类
2025010150,戒烟ing,content: 戒烟ing,微博,桌皮i,2025-09-23 07:21:55,http://weibo.com/6465580334/Q5QBKeBhy,广东省,戒烟,中性,评论观点类
202501015,如果三句话能让一个人戒烟，我希望给我九句话，让我们全家一起戒烟,ocr: 7:0414G100妈妈19/17下午11:15开车省油6个秘诀第三比频繁变道口甄选聊车憨笑鼓掌捂脸上午2:09记住这三句话为什么就能让你戒烟？聊戒烟的林老师MIMII打招呼比个心起玩特效游戏发送消息 content: 如果三句话能让一个人戒烟，我希望给我九句话，让我们全家一起戒烟,微博,离家出走美人鱼,2025-09-23 07:05:03,http://weibo.com/5768335304/Q5QuTuvGP,湖南省,戒烟,中性,评论观点类
2025010173,#生活手记#戒烟一个多月，梦见又抽了一支烟，觉得自己又要戒烟失败，醒了发现原来是梦。[嘻嘻],content: #生活手记#戒烟一个多月，梦见又抽了一支烟，觉得自己又要戒烟失败，醒了发现原来是梦。[嘻嘻],微博,画者蛹子,2025-09-23 06:44:35,http://weibo.com/2084167653/Q5QmAALhf,河北省,戒烟,中性,评论观点类
2025010119,小伙伴们，快来看看我戒烟后身体恢复得怎么样。 (分享自@戒烟军团 ),ocr: 戒烟健康检测健康检测总览·血液中氧气恢复100%●嗅觉和味觉恢复100%·皮肤老化速度恢复100%49.2%·生理烟瘾消除80%·心理烟瘾消除18%·肺癌发病率降至正常0.67%总恢复进度·冠心病危险降至正常0.45%首页显示总恢复进度各项明细说明五官、皮肤恢复嗅觉和味觉恢复正常100%皮肤老化速度恢复正常，损伤修复功能增强100%由于吸进的烟气中含有有毒气体，会损害到人的嗅觉和味觉；吸烟会破坏人体组织的胶原蛋白和弹力蛋白，而且它会降低雌性激素的水平，从而导致皮肤变坏。心肺、血液功能恢复100%血液中一氧化碳和氧气恢复正常水平100%心肌梗塞危险性降低血液循环改善，肺功能增加三成27 %冠心病的危险下降一半6.7%肺癌发病率降至非吸烟者的水平0.67 %冠心病的危险降至非吸烟者的水平0.45%吸烟能下降血清高密度脂蛋白胆固醇水平。高密度脂蛋白胆固醇是高密度脂蛋白分子将所携的胆固醇运入肝脏，再产出血液。高密度脂蛋白胆固醇浅显地理解为好胆固醇，维护血管，抗动脉粥样硬化，削减患冠状动脉心脏病的风险。吸烟量越大，血清高密度脂蛋白胆固醇水平越低。免疫力增强清洁肺和降低感染的能力增强8.9%长期大量的吸烟，容易损伤支气管粘膜和肺泡壁，使局部抵抗力下降，同时可导致免疫力下降；易引起肺部疾病如支气管炎而引发肺部感染，如果感染结核菌后较易成为活动性肺结核。戒烟综合症减轻生理烟瘾基本消除80%心理烟瘾基本消除18%香烟中主要的精神作用物质就是尼古丁，在人体内有双重作用，吸入量少时会兴奋神经系统，过量时则反而有抑制的效果，且成瘾性，会造成心理及生理依赖。所以戒烟其实就是戒除尼古丁给生理和心理上带来的依赖。 content: 小伙伴们，快来看看我戒烟后身体恢复得怎么样。 (分享自@戒烟军团 ),微博,平凡的伟子,2025-09-23 06:09:19,http://weibo.com/2519057677/Q5Q8hbRL2,河南省,戒烟,中性,报道事实类
2025010184,之前看别人说很好抽 今天试了一下真的蛮难抽的,ocr: MADE BY HONGTATOBACCO(GROUP)CO.LTD.尽早戒烟有益健康戒烟可减少对健康的危害 content: 之前看别人说很好抽 今天试了一下真的蛮难抽的,微博,章鱼烧鱼U,2025-09-23 04:04:42,http://weibo.com/7393360593/Q5PjH2XKe,四川省,戒烟,中性,评论观点类
2025010172,戒烟，不抽了，没钱了,content: 戒烟，不抽了，没钱了,微博,不稳定情绪BE,2025-09-23 03:27:36,http://weibo.com/8003126266/Q5P4DCsuF,广东省,戒烟,负面,评论观点类
2025010182,戒烟戒酒戒性行为,content: 戒烟戒酒戒性行为,微博,开局一破碗,2025-09-23 03:01:26,http://weibo.com/7869896126/Q5OU11QaG,四川省,戒烟,中性,评论观点类
2025010146,戒烟！,content: 戒烟！,微博,jacksparrowyeah,2025-09-23 02:55:32,http://weibo.com/7903074028/Q5ORCmD1M,山东省,戒烟,中性,评论观点类
2025010128,我需要戒烟，不戒烟就没有好生活,content: 我需要戒烟，不戒烟就没有好生活,微博,这个世界是你的,2025-09-23 02:36:26,http://weibo.com/7871380686/Q5OJRv5U5,广东省,戒烟,中性,评论观点类
2025010149,上学日记？,ocr: 酷紫外加汇技群酷兒QoO 五谷渔粉 ice blasticeblast尽早戒烟有益健康尽早戒烟有益健康戒烟可减少戒烟可减少对健康的危害对健康的危害 content: 上学日记？,微博,小小琦的狗,2025-09-23 02:24:44,http://weibo.com/6519868409/Q5OF7mwvP,山西省,戒烟,中性,报道事实类
2025010165,我真要戒烟了,content: 我真要戒烟了,微博,被我用吻拓印,2025-09-23 00:57:55,http://weibo.com/7520280831/Q5O5SlzDH,山东省,戒烟,负面,评论观点类
2025010155,戒烟，戒酒，戒你。,content: 戒烟，戒酒，戒你。,微博,甜甜迪青松果,2025-09-23 00:39:14,http://weibo.com/7976994114/Q5NYicRpB,河北省,戒烟,中性,评论观点类
2025010181,戒烟 戒酒 戒你,content: 戒烟 戒酒 戒你,微博,甜甜迪青松果,2025-09-23 00:38:12,http://weibo.com/7976994114/Q5NXSug6w,河北省,戒烟,中性,评论观点类
2025010115,戒烟 调整作息 好好健身,content: 戒烟 调整作息 好好健身,微博,_酒酿甜橙,2025-09-23 00:24:56,https://weibo.com/1969247015/Q5IDWzbJR,天津市,戒烟,中性,评论观点类
2025010111,又想戒烟了🚬,ocr: 我又在品读了程鑫的这封信他说你找我的时候，我非远会在，这个承诺不会变莫名其妙的想起了戒烟效应，戏完平就是如此典型，CD老师就是如此权威，CD老师什么时候回魂@胡桃不是杨桃 content: 又想戒烟了🚬,微博,胡桃不是杨桃,2025-09-23 00:16:05,http://weibo.com/5784605707/Q5NOTCV5t,吉林省,戒烟,中性,评论观点类
2025010139,如果现在有人给我送一盒烟我会直接爱上她。。服了好想抽烟。。戒烟。。抽烟。。戒烟。。,content: 如果现在有人给我送一盒烟我会直接爱上她。。服了好想抽烟。。戒烟。。抽烟。。戒烟。。,微博,狗狗我就这样,2025-09-23 00:14:17,http://weibo.com/2264043433/Q5NOaocoa,河南省,戒烟,中性,评论观点类
2025010133,#鸭嘴兽##适合女孩子抽的烟##悦刻##鸭嘴兽[超话]##刻悦[超话]##戒烟神器##戒烟#,ocr: 17:41：!4G35备忘录冰爆正品精工鸭嘴兽正品精工小黑条悦弹悦杆5代6代冰神飞雾1/2星空H版辣妹扑克崧开@悦子鸭鸭 content: #鸭嘴兽##适合女孩子抽的烟##悦刻##鸭嘴兽[超话]##刻悦[超话]##戒烟神器##戒烟#,微博,悦子鸭鸭,2025-09-23 00:09:47,http://weibo.com/9170368664/Q5NMlbFVn,新疆维吾尔自治区,戒烟,中性,评论观点类
2025010149,#戒烟 #戒烟吧 #吸烟有害健康,title: #戒烟 #戒烟吧 #吸烟有害健康 ocr: 坚持吃7天你节约好几千戒烟吧朋友别让抽烟的你成为失去家庭的戒量QUITSMK烟立停Sugarfreepeppermintsmokycandy无糖型清口含片无糖清口含片压片糖果净含量:70g坚持吃7天你节约好几千 content: #戒烟 #戒烟吧 #吸烟有害健康,抖音,喜欢姐姐❤️,2025-09-23 18:15:04,http://www.douyin.com/video/7553226130493721891,广东省,戒烟,中性,评论观点类
202501017,戒烟失败，但是我还要坚持戒烟,title: 戒烟失败，但是我还要坚持戒烟 ocr: 戒烟失败但是我还要坚持戒烟这是我戒烟的第3天 content: 戒烟失败，但是我还要坚持戒烟,今日头条,龙看天下,2025-09-23 18:07:52,https://www.toutiao.com/video/7552964542884512299/,未知,戒烟,中性,评论观点类
2025010148,#戒烟灵 #戒烟灵喷雾剂口腔戒烟 #戒烟方法 #戒烟吧,title: #戒烟灵 #戒烟灵喷雾剂口腔戒烟 #戒烟方法 #戒烟吧 ocr: CHUNGHWA想戒烟的朋友就用它戒烟灵口腔喷雾乡请勿吸烟工苏中国工业有限售esHIK!SmokingQUIT戒烟灵30ml213okimiQUIT烟灵30mlCHUNGHWA想戒烟的朋友就用它戒烟灵口腔喷雾 content: #戒烟灵 #戒烟灵喷雾剂口腔戒烟 #戒烟方法 #戒烟吧,快手,糖宝好物,2025-09-23 18:02:40,http://www.kuaishou.com/short-video/3x7er9m24nebup6,广东省,戒烟,中性,报道事实类
202501013,#戒烟#专业戒烟,title: #戒烟#专业戒烟 ocr: 戒烟后戒烟后戒烟后戒烟后戒烟后1-30天身体变化1-30天身体变化1-30天身体变化1-30天身体变化1-30天身体变化你能品尝到食物本身的味道一定要注意千万不要多吃戒烟后戒烟后戒烟后戒烟后戒烟后1-30天身体变化1-30天身体变化1-30天身体变化1-30天身体变化1-30天身体变化烦躁不安的感觉逐渐消失你可能会开始咳甚至会持续一个月到两个月时间并且咳出一些黑色和灰色的接并且咳出一些黑色和灰色的疫戒烟后戒烟后戒烟后戒烟后戒烟后1-30天身体变化1-30天身体变化1-30天身体变化1-30天身体变化1-30天身体变化不要担心你应该为之欢呼雀跃你的身体会变得越来越干净你的身体会变得越来越干净戒烟后戒烟后戒烟后戒烟后戒烟后1-30天身体变化1-30天身体变化1-30天身体变化1-30天身体变化1-30天身体变化A联戒烟后8到第14天如果你还是一根烟都没有抽你已经完全战胜了烟瘾偶尔会想到吸烟戒烟后戒烟后戒烟后戒烟后戒烟后1-30天身体变化1-30天身体变化1-30天身体变化1-30天身体变化1-30天身体变化你正在经历过去吸烟的场景吸烟并不代表你还需要吸烟自然会联想到吸烟并不代表你还需要吸烟自然会联想到我不需要抽烟戒烟后戒烟后戒烟后戒烟后戒烟后1-30天身体变化1-30天身体变化1-30天身体变化1-30天身体变化1-30天身体变化而且我的身体我的精力都会提升一大截嘴巴也不臭了身上也没有难闻的味道了应该为之感到高兴雀跃戒烟后戒烟后戒烟后戒烟后戒烟后1-30天身体变化1-30天身体变化1-30天身体变化1-30天身体变化1-30天身体变化对戒烟充满信心戒烟15-21天你会非常讨厌烟味儿很少会想到吸烟以前那个被烟瘾控制的可怜虫了你再也不是戒烟后戒烟后戒烟后戒烟后戒烟后1-30天身体变化1-30天身体变化1-30天身体变化1-30天身体变化1-30天身体变化以前那个被烟痛控制的可怜虫了你再也不是你已经完全战胜了烟瘾看到别人吸烟时你会为自己感到幸运甚至会高兴的笑出声来戒烟后戒烟后戒烟后戒烟后戒烟后1-30天身体变化1-30天身体变化1-30天身体变化1-30天身体变化1-30天身体变化你的家人和朋友都会感到不可思议你的家人和朋友都会感到不可思议他们会一致为你点赞戒烟后21天肺纤毛就会再生戒烟后戒烟后戒烟后戒烟后戒烟后1-30天身体变化1-30天身体变化1-30天身体变化1-30天身体变化1-30天身体变化肺部开始自我修复戒烟后一年你会感觉到身轻如燕很多身体上的老毛病都会不药而愈戒烟后戒烟后戒烟后1-30天身体变化1-30天身体变化1-30天身体变化抓紧行动吧点个红心祝你早日戒烟成功戒烟后1-30天身体变化秋天特别适合戒烟 content: #戒烟#专业戒烟,抖音,涛哥无烟文化传播,2025-09-23 17:08:57,http://www.douyin.com/video/7553209079377923362,湖北省,戒烟,中性,报道事实类
2025010116,#戒烟#戒烟方法#科学戒烟,title: #戒烟#戒烟方法#科学戒烟 ocr: 烟民都会戒烟抽烟的终点绝对是戒烟无一例外 content: #戒烟#戒烟方法#科学戒烟,今日头条,好孕范范,2025-09-23 16:18:53,https://www.toutiao.com/video/7553196201936764969/,未知,戒烟,中性,评论观点类
2025010132,#清口含片 #戒烟,"title: #清口含片 #戒烟 ocr: 清口含片69.9戒烟帮手UITSMK立停无糖型清口含片唐原味清口含片净含量:70g(0.7gX100)戒烟吧,朋友别让抽烟的你成为失去家庭的戒量戒烟吧,朋友清新口气口含片全网热销爆款秒杀时优黛购限速的戒童 content: #清口含片 #戒烟",快手,小玖好物分享,2025-09-23 16:00:50,http://www.kuaishou.com/short-video/3xnjc2nke6xx7hu,河南省,戒烟,中性,评论观点类
2025010128,#烟立停口含片 #轻松戒烟 #科学戒烟 #戒烟方法,title: #烟立停口含片 #轻松戒烟 #科学戒烟 #戒烟方法 ocr: 烟立停口含片福利价包邮到家戒烟控烟口含片含一粒更健康烟立停QUTSE烟立停烟立停清新口气舒爽体验全网热销爆款秒杀限时优惠欲购从速烟立停无糖型清口含片 content: #烟立停口含片 #轻松戒烟 #科学戒烟 #戒烟方法,快手,818可可好物分享,2025-09-23 15:58:39,http://www.kuaishou.com/short-video/3xrxkp7fbxuchvk,河南省,戒烟、戒烟控烟,中性,报道事实类
2025010117,#缓烟吸棒 #戒烟方法 #科学戒烟,title: #缓烟吸棒 #戒烟方法 #科学戒烟 ocr: 捡漏价拼手速抢家庭必备超值好用替烟棒一口清凉辅助戒烟 content: #缓烟吸棒 #戒烟方法 #科学戒烟,快手,灵艺严选,2025-09-23 15:34:40,http://www.kuaishou.com/short-video/3xi66dnsvmncr8e,广东省,戒烟,中性,评论观点类
202501016,告别意志力戒烟法，每天轻轻一喷，让老烟瘾悄然消散，轻松开启无烟新生活。 #戒烟神器  #戒烟方法  #成功戒烟  #戒烟喷雾,title: 告别意志力戒烟法，每天轻轻一喷，让老烟瘾悄然消散，轻松开启无烟新生活。 #戒烟神器 #戒烟方法 #成功戒烟 #戒烟喷雾 ocr: 戒烟灵喷雾限时福利欲购从速科学戒烟瘾草本控瘾戒烟灵eSH永德士康了植物萃取区科学戒烟区便携易带SmokingQUIT戒烟灵戒烟灵30ml戒烟灵喷雾限时福利欲购从速科学戒烟瘾草本控瘾·戒烟灵区植物萃取区科学戒烟区便携易带SmokinQUIT戒烟灵戒烟灵 content: 告别意志力戒烟法，每天轻轻一喷，让老烟瘾悄然消散，轻松开启无烟新生活。 #戒烟神器 #戒烟方法 #成功戒烟 #戒烟喷雾,快手,酱香奶皂,2025-09-23 15:33:11,http://www.kuaishou.com/short-video/3xvq53u25p5jvwc,浙江省,戒烟,中性,评论观点类
2025010113,【MengKeRui】蒙克瑞戒烟控烟保健贴，买五盒送一盒 #戒烟挑战 # #健康生活 # #戒烟优惠 # #环保生活 #,title: 【MengKeRui】蒙克瑞戒烟控烟保健贴，买五盒送一盒 #戒烟挑战 # #健康生活 # #戒烟优惠 # #环保生活 # ocr: 蒙克瑞MENGKERUHELPSYOUQUITSMOKING戒烟控烟保健贴戒烟控烟鑫贴A10贴/盒外用蒙克瑞戒烟控烟保健贴助力健康生活购买五盒5层复合贴①电荷驻极体塑料膜背衬解除压敏胶材质组(尼古丁成分)控释膜胶层组合特殊组方黏胶层防粘保护膜贴合结构蒙克瑞HELPSYOUQUITSMOKING戒烟控烟保健贴戒烟控烟贴10贴/ content: 【MengKeRui】蒙克瑞戒烟控烟保健贴，买五盒送一盒 #戒烟挑战 # #健康生活 # #戒烟优惠 # #环保生活 #,快手,闲杂铺子,2025-09-23 15:00:18,http://www.kuaishou.com/short-video/3xjj8munxq2tjm2,福建省,戒烟、戒烟控烟,中性,报道事实类
202501015,【销量榜】【试用3贴】共33贴！戒烟贴！控烟贴！植物萃取！#贴共贴 #控烟 #戒烟,title: 【销量榜】【试用3贴】共33贴！戒烟贴！控烟贴！植物萃取！#贴共贴 #控烟 #戒烟 ocr: 几百万人连夜戒烟了方法就是这个戒烟贴戒烟控烟电老健康戒烟控烟保健保健贴成烟控烟保健贴戒烟控烟保健贴戒烟控烟保健贴7戒烟径戒-G戒烟控几百万人连夜戒烟了方法就是这个戒烟贴戒烟控臀戒烟控烟保 content: 【销量榜】【试用3贴】共33贴！戒烟贴！控烟贴！植物萃取！#贴共贴 #控烟 #戒烟,快手,元元优品推荐,2025-09-23 14:56:27,http://www.kuaishou.com/short-video/3x3wy3fq6ahkame,福建省,戒烟、控烟、戒烟控烟,中性,报道事实类
2025010135,戒烟无危害，所谓“副作用”其实是身体在自救 #戒烟 #吸烟有害健康 #早戒烟早健康 #科学戒烟,title: 戒烟无危害，所谓“副作用”其实是身体在自救 #戒烟 #吸烟有害健康 #早戒烟早健康 #科学戒烟 ocr: 戒烟本身无危害反而是对健康的救赎正视戒烟初期的“不适”而非“危害” content: 戒烟无危害，所谓“副作用”其实是身体在自救 #戒烟 #吸烟有害健康 #早戒烟早健康 #科学戒烟,快手,戒烟小斗士,2025-09-23 14:33:56,http://www.kuaishou.com/short-video/3x55w87khddyns4,河南省,戒烟,中性,评论观点类
2025010150,"戒烟打卡第八天
 #戒烟 #科学戒烟 #威立戒 #戒烟打卡",title: 戒烟打卡第八天 #戒烟 #科学戒烟 #威立戒 #戒烟打卡 ocr: 戒烟第八天今天是戒烟的第戒烟第八天 content: 戒烟打卡第八天 #戒烟 #科学戒烟 #威立戒 #戒烟打卡,快手,卡卡,2025-09-23 14:33:15,http://www.kuaishou.com/short-video/3x5sjcyh62s6pya,福建省,戒烟,中性,评论观点类
2025010122,数百万戒烟成功者已见证奇迹，现在轮到你迈出第一步，开启无烟健康新生活。 #戒烟神器 #戒烟喷雾 #轻松戒烟 #科学戒烟,title: 数百万戒烟成功者已见证奇迹，现在轮到你迈出第一步，开启无烟健康新生活。 #戒烟神器 #戒烟喷雾 #轻松戒烟 #科学戒烟 ocr: 清肺控烟灵捡漏价包邮到家SmokingQUIT戒烟灵R戒烟灵30ml一喷见效彻底告别烟瘾突然之间几百人都把烟戒了方法就是这个戒烟喷雾薇销灵成烟灵Mo戒烟灵清肺控烟灵捡漏价包邮到家QUIT戒烟灵或烟灵一喷见效彻底告别烟瘾 content: 数百万戒烟成功者已见证奇迹，现在轮到你迈出第一步，开启无烟健康新生活。 #戒烟神器 #戒烟喷雾 #轻松戒烟 #科学戒烟,快手,富有来财,2025-09-23 14:14:04,http://www.kuaishou.com/short-video/3x2d9cfeypv8r4m,广东省,戒烟、控烟,中性,评论观点类
2025010131,戒烟新体验，科永康戒烟贴真的靠谱！科学配方，轻松告别烟瘾。 #轻松戒烟 #健康生活,title: 戒烟新体验，科永康戒烟贴真的靠谱！科学配方，轻松告别烟瘾。 #轻松戒烟 #健康生活 ocr: 戒烟保健贴捡漏价拼手速咯科学多大烟瘾戒烟控烟保健贴精品好物值得入手都能戒天然植物萃取NaturPlantExeracion+24小时持续有效21mg通用型10贴/盒安全不依赖首单免费试用一盒都兑王大光道曾跟中K没是方戒烟保健贴捡漏价拼手速咯科学多大烟瘾精品好物值得入手戒烟控烟保健都能戒+2421安全不依赖首单免费试用一盒 content: 戒烟新体验，科永康戒烟贴真的靠谱！科学配方，轻松告别烟瘾。 #轻松戒烟 #健康生活,快手,MM7951甄选,2025-09-23 13:38:12,http://www.kuaishou.com/short-video/3x448bg9uxvksi9,河南省,戒烟、戒烟控烟,中性,评论观点类
2025010139,有了这玩意真得劲 #戒烟棒 #科学戒烟 #轻松戒烟,title: 有了这玩意真得劲 #戒烟棒 #科学戒烟 #轻松戒烟 ocr: 戒烟薄荷吸棒升级型i全网热销爆款秒杀自烟品辅限时优惠预购从速系烟场合可用:薄荷吸棒·加里zoboz’wTF惠/点击抢购这款薄荷味吸棒JOYO难以戒掉的烟民设计的zoboz’mCIGARETTEuninrn是专为那些想要戒烟但又sinincoJOYO三三itFiavor戒烟薄荷吸棒升级型全网热销爆款秒杀首烟品辅限时优惠预购从速用薄荷吸棒·加 content: 有了这玩意真得劲 #戒烟棒 #科学戒烟 #轻松戒烟,快手,灵灵好物优选,2025-09-23 12:31:03,http://www.kuaishou.com/short-video/3xcik7jiuftfwwa,河南省,戒烟,中性,报道事实类
2025010137,#轻松戒烟 #戒烟 #快手每日签到 @我要上热门(O1907752910) @快手粉条(O40300047) #戒烟神器,"title: #轻松戒烟 #戒烟 #快手每日签到 @我要上热门(O1907752910) @快手粉条(O40300047) #戒烟神器 ocr: 钱太难挣了,那么2025年就干件大事戒烟自赞/目戒烟吧!朋友别让抽烟的你成为失去家庭的戒量钱太难挣了,那么2025年就千件大事戒烟赞!5 content: #轻松戒烟 #戒烟 #快手每日签到 @我要上热门(O1907752910) @快手粉条(O40300047) #戒烟神器",快手,釉子好物推荐官,2025-09-23 12:25:20,http://www.kuaishou.com/short-video/3xnvp8g798sfv3m,福建省,戒烟,中性,评论观点类
2025010133,轻松戒烟只需要喷一喷，不管你烟抽了多少年，不管你一天两包三包。都能戒 #戒烟 #烟民看过来 #吸烟有害健康 #轻松戒烟,title: 轻松戒烟只需要喷一喷，不管你烟抽了多少年，不管你一天两包三包。都能戒 #戒烟 #烟民看过来 #吸烟有害健康 #轻松戒烟 ocr: 老烟枪喷一喷轻松戒烟不用忍SmokinQUIT戒烟灵30mlmokimC9戒烟灵戒您QUTI欣烟润戒烟灵30mlOUIT戒烟灵3im老烟枪喷一喷轻松戒烟不用忍SmokiQUIT戒烟灵30ml content: 轻松戒烟只需要喷一喷，不管你烟抽了多少年，不管你一天两包三包。都能戒 #戒烟 #烟民看过来 #吸烟有害健康 #轻松戒烟,快手,木火优选,2025-09-23 12:12:03,http://www.kuaishou.com/short-video/3x9bzrzpgpxcyrq,江西省,戒烟,中性,评论观点类
2025010144,#正能量 #说真话 #内容太过真实 #戒烟,title: #正能量 #说真话 #内容太过真实 #戒烟 ocr: 戒烟 content: #正能量 #说真话 #内容太过真实 #戒烟,抖音,李小球,2025-09-23 12:05:43,http://www.douyin.com/video/7553130938323504384,河南省,戒烟,中性,评论观点类
2025010127,【MengKeRui】蒙克瑞戒烟控烟保健贴，买五盒送一盒 #蒙克瑞戒烟贴 # #戒烟控烟 # #健康生活 # #环保健康 #,title: 【MengKeRui】蒙克瑞戒烟控烟保健贴，买五盒送一盒 #蒙克瑞戒烟贴 # #戒烟控烟 # #健康生活 # #环保健康 # ocr: 2025HALLOWEEN蒙克瑞MENGKERUIHELPSYOUQUITSMOKING戒烟控烟保健贴戒烟控烟鑫贴10贴/盒外用爆子卖HALLOWEEN超推荐!热卖中5层复合贴①电荷驻极体塑料膜背衬解除压敏胶材质组(尼古丁成分)控释膜胶层组合特殊组方黏胶层⑤防粘保护膜贴合结构闭眼入大灸特克冲!!冲冲2025ALLOWEEM蒙克瑞NOKEHELPSYOUQUITSMOKING戒烟控烟保健贴戒烟控烟贴10贴/盒外用 content: 【MengKeRui】蒙克瑞戒烟控烟保健贴，买五盒送一盒 #蒙克瑞戒烟贴 # #戒烟控烟 # #健康生活 # #环保健康 #,快手,银河少女屋,2025-09-23 11:57:31,http://www.kuaishou.com/short-video/3x2s54excwdxcym,福建省,戒烟、戒烟控烟,中性,报道事实类
2025010145,#戒烟神器正品喷剂新品戒烟灵口腔喷雾特效男女随身代替品,title: #戒烟神器正品喷剂新品戒烟灵口腔喷雾特效男女随身代替品 ocr: AI生成戒烟喷雾神器实惠价拼手速戒烟灵取科学戒烟精品好物更携易带值得入手Sm戒烟灭QUIT戒烟灵30ml戒烟灵想抽就喷一下缓解烟瘾SmokingQUITQUITSmoking戒烟灵SmokingOUIT戒烟灵SnmokingQUIT戒烟灵戒烟喷雾神器实惠价拼手速悦烟灵取精品好物科学戒烟更携易带值得入手戒烟灭戒烟灵30m content: #戒烟神器正品喷剂新品戒烟灵口腔喷雾特效男女随身代替品,快手,💍悠悠好物分享🍁,2025-09-23 11:53:48,http://www.kuaishou.com/short-video/3xzcqvjqw4tmdcc,山东省,戒烟,中性,报道事实类
2025010125,#戒烟 #戒烟神器 #好物推荐🔥 #抖音好物分享,title: #戒烟 #戒烟神器 #好物推荐🔥 #抖音好物分享 ocr: 戒烟吧~朋友戒烟吧~朋友戒烟吧~朋友戒烟吧一朋友戒烟吧~朋友戒烟吧一朋友戒烟吧~朋友戒烟吧~朋友戒烟吧~朋友NUORMSR烟克停()压片糖果净含量:70斤戒烟吧~朋友 content: #戒烟 #戒烟神器 #好物推荐🔥 #抖音好物分享,抖音,小玥玥吖,2025-09-23 10:58:15,http://www.douyin.com/video/7553113559266970914,浙江省,戒烟,中性,评论观点类
2025010121,#烟立停口含片 #轻松戒烟 #科学戒烟 #戒烟方法 @快手好,title: #烟立停口含片 #轻松戒烟 #科学戒烟 #戒烟方法 @快手好 ocr: 烟立停口含片福利价包邮到家戒烟控烟口含片含一粒更健康烟立停QUITSMK烟立停QUIIQUITSME含一粒更健康 content: #烟立停口含片 #轻松戒烟 #科学戒烟 #戒烟方法 @快手好,快手,小羊好物推荐,2025-09-23 10:51:40,http://www.kuaishou.com/short-video/3xbphsnhxen644s,湖南省,戒烟、戒烟控烟,中性,报道事实类
202501019,#戒烟#轻松戒烟#科学戒烟#戒烟小妙招,title: #戒烟#轻松戒烟#科学戒烟#戒烟小妙招 ocr: 作羊事业会越来拉顺有没有听过那句话个人最人的贵人就是那个自律的自一个人最人的贵人就是那个自律的自一个人最人的贵人就是那个自律的自2包包你就成为那个自己的贵人你就成为那个自己的类人关注我我是戒烟主播已经帮助了成千上写人戒烟成动已经帮助了成千上写人戒烟成动已经帮助了成千上写人戒烟成动如果你也想戒烟如果你也想戒烟没有好的方式方法评论区面吉我要戒烟评论区面言我要戒烟让我来帮动你一起戒烟吧让我来帮动你一起戒烟吧让我来帮助你一起戒烟吧戒烟就是旺自己的开始戒烟呢 content: #戒烟#轻松戒烟#科学戒烟#戒烟小妙招,抖音,洋葱,2025-09-23 10:37:48,http://www.douyin.com/video/7553108292605496635,河北省,戒烟,中性,评论观点类
2025010161,好身体好未来#戒烟 #自律 #正能量 #咖啡,title: 好身体好未来#戒烟 #自律 #正能量 #咖啡 ocr: 戒烟咖127天 content: 好身体好未来#戒烟 #自律 #正能量 #咖啡,抖音,苗凯文,2025-09-23 10:22:02,http://www.douyin.com/video/7553104212495600932,江苏省,戒烟,中性,评论观点类
2025010153,开始戒烟是人生最棒的决定#戒烟 #戒烟吧 #戒烟方法,title: 开始戒烟是人生最棒的决定#戒烟 #戒烟吧 #戒烟方法 ocr: 开始戒烟是人生最棒的决定香烟烧去的不是烟草 content: 开始戒烟是人生最棒的决定#戒烟 #戒烟吧 #戒烟方法,抖音,大鹏聊戒烟,2025-09-23 10:14:13,http://www.douyin.com/video/7553102206754131250,福建省,戒烟,中性,评论观点类
2025010156,#戒烟控烟贴 #科学戒烟 #轻松戒烟 #戒烟,title: #戒烟控烟贴 #科学戒烟 #轻松戒烟 #戒烟 ocr: 捡漏价拼手速抢天家庭必备超值好用南慈堂SMOKINGCESSATION戒烟控烟保健贴天然植物萃取控释缓释渗透促进健康10贴装您身边的控烟专家aalisatunaretamedCosrrootrcomeourian戒烟贴【控】烟保健贴通CPSOX用型科学辅助正品控烟产cnntaonBirntocetiaeH606捡漏价拼手速抢家庭必备超值好用南慧堂SMOKINGCESSATION戒烟控烟保健贴●天然维物草鞋控释缓释渗透中促进健造贴您身边的控烟专家 content: #戒烟控烟贴 #科学戒烟 #轻松戒烟 #戒烟,快手,梅梅好物推荐,2025-09-23 10:04:09,http://www.kuaishou.com/short-video/3xs9tqnrbzxdtgg,重庆市,戒烟、控烟、戒烟控烟,中性,报道事实类
2025010115,#戒烟 #科学戒烟永不复吸 #轻松无痛苦戒烟,title: #戒烟 #科学戒烟永不复吸 #轻松无痛苦戒烟 ocr: 科永康戒烟控烟保健贴49.9包邮到家科永康戒烟控烟保健贴科永康PICC中国人民雪科学多大烟瘾戒烟控烟保健贴戒烟JIEYANKONGYANNAOJIANTIE都能戒超舒堂天然植物萃取+24时修技有效21安全通用型10贴/不依赖首单免费试用一盒是不是想戒没有意志力飘·沐江天火王大光龙曾戒了好多次都没有成功t戒烟保健贴通用型科永全网热销爆款秒杀建贴限时优惠欲购从速科学多大烟瘾戒烟控烟保健贴戒烟都能戒天然植物萃取+24热21安全不依赖首单免费试用一盒 content: #戒烟 #科学戒烟永不复吸 #轻松无痛苦戒烟,快手,海棠优选,2025-09-23 10:03:30,http://www.kuaishou.com/short-video/3xxmtgv67hmk6xy,福建省,戒烟、戒烟控烟,中性,报道事实类
2025010146,#戒烟贴 #戒烟方法 #戒烟小妙招 #戒烟神器,title: #戒烟贴 #戒烟方法 #戒烟小妙招 #戒烟神器 ocr: 戒烟控烟保健贴HOAVADNOHOWS4OI戒烟控烟保9.9试用控烟保健贴烟保健贴保健贴STOPS戒烟控烟保健贴缓解烟商不适OKIN戒烟控烟保健贴促进健康促进健康OKINGPATCHSTOPSMOKINGITOPSMOKINGPA戒烟控烟保健贴戒烟控烟保健贴戒烟控烟保健贴解烟换不止保进健康保健贴促进健把循不适保健贴STOPSA班烟控烟保健贴成戒雨控用保9.9试用控烟保健贴烟保健贴保健戒烟控烟保健贴烟控烟保健戒烟控烟保健贴 content: #戒烟贴 #戒烟方法 #戒烟小妙招 #戒烟神器,快手,琪琪,2025-09-23 09:56:47,http://www.kuaishou.com/short-video/3xjdfds5sdiqe2i,江西省,戒烟、控烟、戒烟控烟,中性,报道事实类
2025010155,QUITSMK——正品含片推荐糖果UUUK#同款 #戒烟方法 #戒烟神器 #戒烟小妙招 #正品保证,"title: QUITSMK——正品含片推荐糖果UUUK#同款 #戒烟方法 #戒烟神器 #戒烟小妙招 #正品保证 ocr: 戒烟神器戒烟神器戒烟神器戒烟神器戒烟神器戒不掉的朋友戒不掉的朋友就用它就用它1觉的值得拍,觉得不值得拍库房最大销量给我打开库房的最大销量,27田货了啦QUITSMK木森直播推荐木森直播推荐戒烟神器戒烟神器戒烟神器戒烟神器戒烟神器戒不掉的朋友薇不掉的朋友戒不掉的朋友戒不掉的朋友戒不掉的朋友就用它就用它就用它就用它就用它OUITSMK木森直播推荐木森直播推荐木森直播推荐木森直播推荐木森直播推荐戒烟神器戒烟神器戒烟神器戒烟神器戒烟神器戒不掉的朋友不掉的朋友戒不掉的朋友戒不掉的朋友戒不掉的朋友就用它就用它就用它就用它就用它QUITSu木森直播推荐木森直播推荐木森直播推荐木森直播推荐木森直播推荐戒烟神器戒烟神器戒烟神器戒烟神器戒烟神器戒不掉的朋友戒不掉的朋友就用它就用它有需要的拍,没有需要的不拍库房最大销量给我打开库房的最大销量,321田货了啦木森直播推荐木森直播推荐戒烟神器戒烟神器戒烟神器戒烟神器戒烟神器戒不掉的朋友戒不掉的朋友戒不掉的朋友戒不掉的朋友戒不掉的朋友就用它就用它就用它就用它就用它QUITSMK烟立停 pen木森直播推荐木森直播推荐木森直播推荐木森直播推荐木森直播推荐戒烟神器戒烟神器戒烟神器戒烟神器戒烟神器戒不掉的朋友戒不掉的朋友戒不掉的朋友就用它就用它就用它抓紧时间觉的值得拍,觉得不值得拍木森直播推荐木森直播推荐木森直播推荐戒烟神器戒烟神器戒烟神器戒烟神器戒烟神器戒不掉的朋友戒不掉的朋友戒不掉的朋友就用它就用它就用它用货了OUITSMK旅立停 stt木森直播推荐木森直播推荐木森直播推荐戒烟神器戒烟神器戒烟神器戒烟神器戒烟神器戒不掉的朋友戒不掉的朋友戒不掉的朋友戒不掉的朋友戒不掉的朋友就用它就用它就用它就用它就用它木森直播推荐木森直播推荐木森直播推荐木森直播推荐木森直播推荐戒烟神器戒烟神器戒烟神器戒烟神器戒烟神器戒不掉的朋友戒不掉的朋友就用它就用它68觉的值得拍,觉得不值得拍库房最大销量给我打开库房的最大销量,321图货了哦UITSMK木森直播推荐木森直播推荐戒烟神器戒烟神器戒烟神器戒烟神器戒烟神器戒不掉的朋友戒不掉的朋友戒不掉的朋友戒不掉的朋友戒不掉的朋友就用它就用它就用它就用它就用它QUITSMKQUITSMI木森直播推荐木森直播推荐木森直播推荐木森直播推荐:木森直播推荐戒烟神器戒烟神器戒烟神器戒烟神器戒烟神器戒不掉的朋友薇不掉的朋友戒不掉的朋友戒不掉的朋友戒不掉的朋友就用它就用它就用它就用它就用它木森直播推荐木森直播推荐木森直播推荐木森直播推荐木森直播推荐戒烟神器戒烟神器戒烟神器戒烟神器戒烟神器戒不掉的朋友戒不掉的朋友就用它就用它有需要的拍,没有需要的不拍库房最大销量给我打开库房的最大销量0用货子啦木森直播推荐木森直播推荐戒烟神器戒烟神器戒烟神器戒烟神器戒烟神器戒不掉的朋友戒不掉的朋友戒不掉的朋友戒不掉的朋友戒不掉的朋友就用它就用它就用它就用它就用它OUITSMK木森直播推荐木森直播推荐木森直播推荐木森直播推荐木森直播推荐戒烟神器戒烟神器戒烟神器戒不掉的朋友戒不掉的朋友戒不掉的朋友就用它就用它就用它木森直播推荐木森直播推荐木森直播推荐UITSMK停无粮型无糖原味清口含片净含量7Hg3.7g1000 content: QUITSMK——正品含片推荐糖果UUUK#同款 #戒烟方法 #戒烟神器 #戒烟小妙招 #正品保证",抖音,小悦箱包,2025-09-23 09:55:17,http://www.douyin.com/video/7553097327494696234,福建省,戒烟,中性,评论观点类
2025010141,选对方法，戒烟就是如此简单。 #戒烟,title: 选对方法，戒烟就是如此简单。 #戒烟 ocr: 戒烟贴控烟保健捡漏价拼手速咯天丘烟金精品好物值得入手SMOKINGCESSATION戒烟控烟保健贴天然植物萃取控释缓释渗透促进健康10贴装外您身边的控烟专家戒火因其实真的非常的简单效果因人而异推广内容仅为广告创工好物推广内容仅为广告创意天天好牛MywatermaiMywatermark洞天天好物真的非常的简单物mark戒烟贴控烟保健控施精品好物值得入手SMOKINGCESSATION戒烟控烟保健贴华天然植物萃取您身边的控烟专家 content: 选对方法，戒烟就是如此简单。 #戒烟,快手,柠柠爱分享,2025-09-23 09:48:20,http://www.kuaishou.com/short-video/3x5gmvudxcrfmk4,江西省,戒烟、控烟、戒烟控烟,中性,评论观点类
2025010151,#好物分享 #好物推荐 #戒烟灵,title: #好物分享 #好物推荐 #戒烟灵 ocr: 戒烟喷雾新品价格不贵拼手速咯因灵值得入手科学戒精品好物SmokingQUIT戒烟灵戒烟灵OUm30ml想抽就喷一下缓解烟瘾SmokingQUIT戒烟灵SmokingQUIT戒烟灵戒烟灵SokingQUIT戒烟灵戒烟喷雾新品价格不贵拼手速咯精品好物值得入手SmokinQUIT戒烟灵视烟灵30m content: #好物分享 #好物推荐 #戒烟灵,快手,小薇爱分享,2025-09-23 09:21:49,http://www.kuaishou.com/short-video/3xg5vv8ie4f58zg,广西壮族自治区,戒烟,中性,报道事实类
2025010158,#轻松戒烟 #科学戒烟 #戒烟,"title: #轻松戒烟 #科学戒烟 #戒烟 ocr: 一夜之间传疯了河北保定货车司机抽烟40年每天三包烟花了78块钱不抽了谁还想戒烟?说一声,我要戒烟进来看看说一声,我要戒烟我要戒烟一一夜之间传疯了河北保定货车司机抽烟40年每天三包烟花了78块钱不抽了谁还想戒烟?说一声,我要戒烟进来看看 content: #轻松戒烟 #科学戒烟 #戒烟",快手,爱生活的过客,2025-09-23 09:18:00,http://www.kuaishou.com/short-video/3xdbqwg58qwyiec,河北省,戒烟,中性,评论观点类
202501014,#戒烟神器 #科学戒烟 #轻松戒烟 #戒烟小妙招,title: #戒烟神器 #科学戒烟 #轻松戒烟 #戒烟小妙招 ocr: 戒烟就是旺自己的开始戒烟呢就是忘自己的开始你一旦戒烟身上的臭味没有了戒烟就是旺oooc自己的开始戒烟呢 content: #戒烟神器 #科学戒烟 #轻松戒烟 #戒烟小妙招,快手,戒烟导师英姐,2025-09-23 09:14:20,http://www.kuaishou.com/short-video/3xkmy3hhbreyt66,河北省,戒烟,中性,评论观点类
2025010160,最近入手了这款戒烟贴，科学控烟效果显著，轻松告别烟瘾困扰。吸烟的朋友们不妨一试，开启健康生活新篇章。 #戒烟好物 #健康生活,title: 最近入手了这款戒烟贴，科学控烟效果显著，轻松告别烟瘾困扰。吸烟的朋友们不妨一试，开启健康生活新篇章。 #戒烟好物 #健康生活 ocr: 科永康戒烟控烟保健贴49.9包邮到家科永康戒烟控烟保健贴家科学多大烟瘾戒烟控烟保健贴戒烟都能戒天然植物萃取+2421安全明型10不依赖首单免费试用一盒戒成9神器又到货了家人们看好了科永康戒烟控烟保健贴49.9包邮到家科永康戒烟控烟保健贴科学多大烟瘾戒烟控烟保健贴戒烟都能戒+2421安全不依赖首单免费试用一盒 content: 最近入手了这款戒烟贴，科学控烟效果显著，轻松告别烟瘾困扰。吸烟的朋友们不妨一试，开启健康生活新篇章。 #戒烟好物 #健康生活,快手,贴心伴侣,2025-09-23 09:13:54,http://www.kuaishou.com/short-video/3xr3t24p2dkhdx9,河北省,戒烟、控烟、戒烟控烟,中性,评论观点类
2025010111,#戒烟贴 #戒烟成功 #戒烟神器 #戒烟方法,"title: #戒烟贴 #戒烟成功 #戒烟神器 #戒烟方法 ocr: 匠心品质,全网热销坊烟贴南京同仁堂捡漏价拼手速咯植物成分循序渐进精品好物值得入手艾草灸贴控烟AICAOJIUTIEKONGYAN规格:10贴/盒规格:10贴/盒男女通用戒烟控烟贴正品防伪男女士控烟贴戒烟贴片正品保证南京同仁堂电商爆款控烟贴正品 content: #戒烟贴 #戒烟成功 #戒烟神器 #戒烟方法",快手,顺心小铺,2025-09-23 09:02:32,http://www.kuaishou.com/short-video/3xaw6pfcq7iefwg,湖北省,戒烟、控烟、戒烟控烟,中性,报道事实类
2025010142,科学戒烟3到7天断烟，不再复吸！#科学戒烟 #健康生活 #戒烟 #直播精彩时刻,title: 科学戒烟3到7天断烟，不再复吸！#科学戒烟 #健康生活 #戒烟 #直播精彩时刻 ocr: 科学戒烟苏走弯路 重联咱们是戒烟直播间啊 送戒烟直播间主播是一名戒烟主播 科学戒烟不走弯路 科学戒烟承重联想戒的啊不走弯路 承重味科学戒烟不走弯路现在用的是科学戒烟啊 content: 科学戒烟3到7天断烟，不再复吸！#科学戒烟 #健康生活 #戒烟 #直播精彩时刻,快手,琴姐榆林实体店,2025-09-23 08:49:27,http://www.kuaishou.com/short-video/3xiveiz4bcy2fvi,陕西省,戒烟,中性,评论观点类
202501011,#戒烟#科学戒烟#正确戒烟#轻松戒烟,"title: #戒烟#科学戒烟#正确戒烟#轻松戒烟 ocr: 888戒烟绝招戒烟绝招戒烟绝招戒烟绝招戒烟绝招招必胜招必胜招必胜招必胜招必胜体内的层古下陆套在1不字内抢代更无评,使内的屋克工储套在3天杂内抢代谢击理使内的屋古工魅音在3天名内给代出无产你的真压和直液供乳你的真压和直液供乳呢戒烟绝招戒烟绝招戒烟绝招戒烟绝招戒烟绝招招必胜招必胜招必胜招必胜招必胜你的真压和康液供乳呢快复正常你可维容易盛到胜汗饰你可能容易感到肚子短8戒烟绝招戒烟绝招戒烟绝招戒烟绝招戒烟绝招招必胜招必胜招必胜招必胜招必胜这是身体在排喜的自然反座这是身体在排喜的自然反这是身体在排喜的自然反图只要过了这几天呢戒烟绝招戒烟绝招戒烟绝招戒烟绝招戒烟绝招招必胜招必胜招必胜招必胜招必胜你整个人胜开差容光焕发你整胜开鞋容光焕发星期左右呼吸也会度得推顺杯戒烟绝招戒烟绝招戒烟绝招戒烟绝招戒烟绝招招必胜招必胜招必胜招必胜招必胜呼项也会度得推顺杯如果饼平时你就有运动的习惯如果说毛阿你就有运动的习惯8戒烟绝招戒烟绝招戒烟绝招戒烟绝招戒烟绝招招必胜招必胜招必胜招必胜招必胜落盛觉呢客更拍明品你的味觉明觉都空慢惜的恢复你的味觉稳觉都会慢惜的恢复你的味觉稳觉都会慢慢的恢复戒烟绝招戒烟绝招戒烟绝招戒烟绝招戒烟绝招招必胜招必胜招必胜招必胜招必胜开始许医烟耳到烟47就会不由自主的喷歌戒烟绝招戒烟绝招戒烟绝招戒烟绝招戒烟绝招招必胜招必胜招必胜招必胜招必胜左活的时候呢胃口也会明显的壶杆但是呢控制饭果戒烟绝招戒烟绝招戒烟绝招戒烟绝招戒烟绝招招必胜招必胜招必胜招必胜招必胜全海控制饭要这个时体就容号长胖这个时体就容号长胖并实眼在你决富成烟的这一银开栏美好的喜化好9戒烟绝招戒烟绝招戒烟绝招戒烟绝招戒烟绝招招必胜招必胜招必胜招必胜招必胜在你决定成烟的这三册开始美好的任统在你决定成烟的这三想开始美好的里代就已经开路友生了就已经开始友生了适烟就星止损88戒烟绝招戒烟绝招戒烟绝招戒烟绝招戒烟绝招招必胜一招必胜招必胜招必胜招必胜烟就是止摄一天成品三天受谷早一天成早一天受益如果沉电们太家亲有意志力如果识电们太家家有童志力戒烟绝招戒烟绝招戒烟绝招戒烟绝招戒烟绝招招必胜招必胜招必胜招必胜招必胜注有方法的点击头餐我带存轻松的戒烟我带你轻控的戒烟8戒烟绝招戒烟绝招戒烟绝招戒烟绝招戒烟绝招招必胜一招必胜招必胜招必胜招必胜祝大家早日戒烟店功摆州烟看的用标松望下成烟商功的人就是你成烟商功的人就是你戒烟绝招一招必胜 content: #戒烟#科学戒烟#正确戒烟#轻松戒烟",抖音,懂得健康生活,2025-09-23 08:21:03,http://www.douyin.com/video/7553073038364101946,河北省,戒烟,中性,评论观点类
2025010159,"记住三句话
一辈子不再抽烟 #戒烟 #正确戒烟 #科学戒烟 #轻松戒烟",title: 记住三句话 一辈子不再抽烟 #戒烟 #正确戒烟 #科学戒烟 #轻松戒烟 ocr: 记住三句话一辈子不再抽烟 记住三句话一辈子不再抽烟5-想戒烟又戒不掉的自己没有意志力的理解 相责手 记住三句话一辈子不再抽烟 content: 记住三句话 一辈子不再抽烟 #戒烟 #正确戒烟 #科学戒烟 #轻松戒烟,快手,健康驿站,2025-09-23 08:11:59,http://www.kuaishou.com/short-video/3xbb4bf5njidu3q,河北省,戒烟,中性,评论观点类
2025010136,戒烟三年肺腑之言不再劝他人戒烟,title: 戒烟三年肺腑之言不再劝他人戒烟 ocr: 大家好我是班长戒烟呢三年多呢我突然之间有一个想法 content: 戒烟三年肺腑之言不再劝他人戒烟 (1),今日头条,用户6804163513090,2025-09-23 08:09:58,https://www.toutiao.com/video/7553013165030638121/,未知,戒烟,中性,评论观点类
2025010118,#戒烟  #同城  #戒烟科普 #河间,"title: #戒烟 #同城 #戒烟科普 #河间 ocr: 做一个说到做到的男人戒烟从来都不是“选择题”而是最值得的,“和分题” 戒烟从来都不是选择题 而是最值得的加分题 做一个说到做到的男人戒烟从来都不是选择题”而是最值得的,*加分题 content: #戒烟 #同城 #戒烟科普 #河间",快手,香妃戒烟导师,2025-09-23 08:08:10,http://www.kuaishou.com/short-video/3x6e6gwg7vmnnp2,河北省,戒烟,中性,评论观点类
2025010119,#烟立停口含片 #轻松戒烟 #科学戒烟 #戒烟方法 @快手好3681,title: #烟立停口含片 #轻松戒烟 #科学戒烟 #戒烟方法 @快手好3681 ocr: 烟立停口含片福利价包邮到家戒烟控烟口含片含一粒更健康 QUITIAK quI content: #烟立停口含片 #轻松戒烟 #科学戒烟 #戒烟方法 @快手好3681,快手,雨田好物官,2025-09-23 07:38:21,http://www.kuaishou.com/short-video/3x359ex5fuxafyw,山东省,戒烟、戒烟控烟,中性,报道事实类
2025010140,#戒烟 #健康 #好物推荐🔥 #男人 #女人,title: #戒烟 #健康 #好物推荐🔥 #男人 #女人 ocr: 身体光装告刮依鞋时间自由再不用着阳台狼吧开合出差越便贴开会出差越便贴一盒*3条烟性盛后200盒谷一凡戒烟控烟保健贴科学成烟控烟保健贴多大烟瘾戒烟都能戒立即尼购立即抢制不依赖首单免费试用一盒买不圆一条烟恒能奖图你的制但能实图你的制载下方链接谷一凡戒烟控烟保健贴谷一凡戒烟控烟保健贴科学成烟控蝴保健贴多大烟瘾科学都能戒戒烟戒烟控烟保健贴多大烟瘾戒烟都能戒安全不依赖首单免费试用一盒不依赖首单免费试用一盒谷一凡戒烟控烟保健贴科学戒烟控烟保健贴多大烟瘾戒烟STOP NMOKINGAID都能戒一持续24小控释型21mg安全不依赖首单免费试用一盒忍不了 content: #戒烟 #健康 #好物推荐🔥 #男人 #女人,抖音,豆子爱吃草莓,2025-09-23 07:29:54,http://www.douyin.com/video/7553059849389116732,江西省,戒烟、控烟、戒烟控烟,中性,报道事实类
2025010134,戒烟三年肺腑之言:不再劝他人戒烟！,title: 戒烟三年肺腑之言:不再劝他人戒烟！ ocr: 大家好我是班长戒烟呢三年多呢我突然之间有一个想法 content: 戒烟三年肺腑之言:不再劝他人戒烟！,今日头条,刘三好看世界,2025-09-23 06:55:51,https://www.toutiao.com/video/7553051050584982050/,未知,戒烟,中性,评论观点类
2025010120,#戒烟 #轻松戒烟 #科学戒烟,title: #戒烟 #轻松戒烟 #科学戒烟 ocr: 为什么必须戒烟-YNSMAVIE 戒烟才是最该做的事情 最划算的事情 为什么必须戒烟中YLELIAVD content: #戒烟 #轻松戒烟 #科学戒烟,快手,河北戒烟王哥,2025-09-23 06:44:47,http://www.kuaishou.com/short-video/3xrciy6bttzi854,河北省,戒烟,中性,评论观点类
2025010110,（工厂直发）贺阳吉正品戒烟贴改戒烟了行动起来 #贺阳吉正品戒烟贴片 #戒烟贴 #好物分享,title: （工厂直发）贺阳吉正品戒烟贴改戒烟了行动起来 #贺阳吉正品戒烟贴片 #戒烟贴 #好物分享 ocr: 戒烟控烟保健贴福利价包邮到家5个小时起效果是时候戒烟新年小目标|一定可以不复吸!不上瘾贺阳吉戒烟控烟保健贴QUITSMOKINHEALTHCAREFATCHESSTOPSMOKINOFORYOURSELF 可这个戒烟贴多大烟瘾都能戒推荐不管抽了多少年不管烟量多大都能戒贺阳青戒烟控爆养 戒虾组的阻保健贴 成如果你刚好想戒烟或多次戒烟失败 控烟保健粘 戒烟控烟保健贴福利价包邮到家5个小时起效果是时候戒烟了新年小目标|一定可以不复吸!不上瘾贫阳吉戒烟控烟保健贴 content: （工厂直发）贺阳吉正品戒烟贴改戒烟了行动起来 #贺阳吉正品戒烟贴片 #戒烟贴 #好物分享,快手,🍀佳佳爱分享🍀,2025-09-23 06:41:15,http://www.kuaishou.com/short-video/3x3353tt3c3abcu,河北省,戒烟、控烟、戒烟控烟,中性,报道事实类
2025010147,#烟立停#烟立停口含片#戒烟小妙招#清烟含片#戒烟吧,"title: #烟立停#烟立停口含片#戒烟小妙招#清烟含片#戒烟吧 ocr: Q烟立停口含片增立棒口合片烟宜焊口含片温利价整包邮模到价子包邮理市准到价少包邮到家成烟控烟戒烟控烟戒烟控烟TL我成烟我快乐我戒烟我快乐我成烟我快乐我戒烟我快乐我戒烟我快乐烟立焊口含片最宜集因客片增立焊口含片增立焊口含片增立停口含片惠利价告包邮到家王价告包邮新家准到价工包邮到家成烟控烟福利价否包邮到家维烟控烟成烟控烟QUITSMK烟立停我成烟我快乐我戒烟我快乐我成烟我快乐我戒烟我快乐我戒烟我快乐增立停日含片培立停口含片增面保口含片福利价些包邮到家福利价心包邮到家福利价零包邮到家增立体口含片an中包邮到家戒烟控烟烟立停我成烟我快乐我成烟我快乐我戒烟我快乐我戒烟我快乐我戒烟我快乐增立德口含片婚电停口含片烟立售口含片增立停口含片福利价子包邮到家瓶烟控图成烟控烟。戒烟控烟:戒烟控烟QUITSMK版立停1我成烟我快乐我戒烟我快乐我成烟我快乐我戒烟我快乐我戒烟我快乐品立件烟立停口含片福利价整包邮到面邮利价告包邮到家婚立传口含片戒烟控烟,QUITSMKQUITSMK烟立停QUITSMK烟立停烟立停烟立停坚持吃7天你节约好几千我戒烟我快乐我戒烟我快乐QUITSMKQUITSMK烟立停omQUITSMKQUITSMK烟立停烟立停QUITSMK烟立何QUITSMK烟立停无糖型QUITSMK炮立停坚持吃7天你节约好几千烟立停烟立停QUITSMK(无糖型烟立停(清口含片)坚持吃7天烟立停你节约好几千烟立停无糖清口含片王隆清口含片烟立停QUITSMKQUITSMK(无糖型烟立停QUITSMK1请口含片坚持吃7天你节约好几千净洗量:70元QUITSMKQUITSMK烟立停QUITSM烟立停QUITSM烟立停烟立烟立停烟立坚持吃7天年帮你节坚持吃7天约好几千!一年帮你节约好几千!压片糖果清口含片压片糖果查清口含片QUITSMKITSM烟立停坚持吃了天坚持吃7天一年帮你节约好几干!QUITSMKSMKQUITSMI烟立停烟立停精进口含片它真的特制好快速戒湮新方式 content: #烟立停#烟立停口含片#戒烟小妙招#清烟含片#戒烟吧",抖音,多米,2025-09-23 06:35:00,http://www.douyin.com/video/7552963281759128892,四川省,戒烟、控烟、控烟戒烟控烟戒烟控烟,中性,报道事实类
2025010129,#正能量 #戒烟科普 #戒烟 #健康,title: #正能量 #戒烟科普 #戒烟 #健康 ocr: 抽烟到最后你得到了什么想戒烟的朋友呢抽烟到最后你得到了什么 content: #正能量 #戒烟科普 #戒烟 #健康,快手,健康§平安🇨🇳,2025-09-23 06:00:00,http://www.kuaishou.com/short-video/3xvr2ydu7xuktfc,山东省,戒烟,中性,评论观点类
2025010138,生活需要仪式感，戒烟更是自我挑战！,title: 生活需要仪式感，戒烟更是自我挑战！ ocr: 很多人以为不抽烟了戒烟后千万别做这8件事你知道吗戒烟这件事 content: 生活需要仪式感，戒烟更是自我挑战！💪 #每日分享 戒烟须知供参考！#健康生活,今日头条,熙豐堂,2025-09-23 04:24:59,https://www.toutiao.com/video/7553012231051411465/,未知,戒烟,中性,评论观点类
2025010114,#替烟棒 #戒烟控烟替烟棒 #轻松戒烟 #科学戒烟,title: #替烟棒 #戒烟控烟替烟棒 #轻松戒烟 #科学戒烟 ocr: 戒烟神器精挑细选好物推荐禁烟场合可用!货比三家超好物 zoboa’wCIGARETTEuninFE惠/点击抢购这款薄荷味吸棒IOYO 难以戒掉的烟民设计的zolboz’mCIGARETTEunintoIOTD是专为那些想要戒烟但叉 JOYO JOYOFiavo 戒烟神器精挑细选好物推荐禁烟场合可用!货比三家超好物 content: #替烟棒 #戒烟控烟替烟棒 #轻松戒烟 #科学戒烟,快手,姣姣优选好物,2025-09-23 02:30:35,http://www.kuaishou.com/short-video/3xvi3ag2d34d4ye,陕西省,戒烟、戒烟控烟,中性,报道事实类
2025010112,#戒烟控烟口含片  #烟立停戒烟口含片  #戒烟神器 ,title: #戒烟控烟口含片 #烟立停戒烟口含片 #戒烟神器 ocr: 戒烟口含片精挑细选好物推荐烟立停无糖型值口含片货比三家欲购从速17S无糖原味清口含片QUITSMK压片糖果QUITSMK买二送一净含量:70g(0.7gX100)多大瘾都能用戒烟口含片精挑细选好物推荐烟立停货比三家欲购从速无糖原味清口含片买二送一OUITSMK净含量70g0.7g100)OUITSM多大瘾都能用 content: #戒烟控烟口含片 #烟立停戒烟口含片 #戒烟神器,快手,花開富贵,2025-09-23 02:24:46,http://www.kuaishou.com/short-video/3xk6yg9f2g9yetm,广东省,戒烟、戒烟控烟,中性,报道事实类
202501012,戒烟贴试用装控烟戒烟贴多大烟瘾都能戒男女通用正品戒烟贴片,title: 戒烟贴试用装控烟戒烟贴多大烟瘾都能戒男女通用正品戒烟贴片 ocr: 戒烟控烟难科学安全技术戒烟更放心戒烟贴片角质层有效分子皮肤基底层有机层毛细血管物萃語戒烟控烟保健贴24小时持续有效采用尼古丁替代法缓解烟瘾不适促进健康STOPSMOKINGPATCH别担心天557天存钱戒烟所有的方法都是智商税咱们钱的那种这款戒烟控烟保健贴评论区想戒烟的朋友们赶紧试试吧所以大家 content: 戒烟贴试用装控烟戒烟贴多大烟瘾都能戒男女通用正品戒烟贴片,快手,桃子小店,2025-09-23 02:07:57,http://www.kuaishou.com/short-video/3xqx44ms9cr5epu,福建省,戒烟、控烟戒烟、戒烟控烟,中性,评论观点类
2025010124,#好物分享 #口含片 #戒烟神器 #科学戒烟,"title: #好物分享 #口含片 #戒烟神器 #科学戒烟 ocr: 戒烟吧,朋友别让抽烟的你成为失去家庭的戒量 content: #好物分享 #口含片 #戒烟神器 #科学戒烟",快手,cc(好物推荐),2025-09-23 02:04:07,http://www.kuaishou.com/short-video/3xgta8febfe25d2,福建省,戒烟,中性,评论观点类
2025010157,#戒烟 #轻松戒烟 #科学戒烟 #科学戒烟,title: #戒烟 #轻松戒烟 #科学戒烟 #科学戒烟 ocr: 戒烟控烟保健贴惊爆价包邮到家爆款秒杀欲购从速科永康戒烟控烟保健贴科永康PICC科学加强版戒烟控烟保健贴JIEYANKONGYANMAOJIANTIE戒烟多大烟瘾天然植物萃取+24小技有效stuePlantEsaraco42都能戒安全加量版10贴/盒不依赖首单免费试用一盒 胡鹫彩PAS+SA这款42加强版的家人们也至到FIOMAA3CNU SA 这是咱们家的新品啊SA海记专业 AS+ 科永康强效戒烟贴科全网热销爆款秒杀贴限时优惠欲购从速科学加强版戒烟控烟保健贴戒烟多大烟瘾1天然植物萃取+24142都能戒安全10贴/盒不依赖首单免费试用一盒 content: #戒烟 #轻松戒烟 #科学戒烟 #科学戒烟,快手,夏日海岸线,2025-09-23 02:03:54,http://www.kuaishou.com/short-video/3xvm5q6p5z75zh9,福建省,戒烟、戒烟控烟,中性,报道事实类
202501018,男生戒烟的各种反应,title: 男生戒烟的各种反应 ocr: 男生戒烟的各种反应戒烟前的豪言壮语必定成功 content: 男生戒烟的各种反应 #三国 #男生 #戒烟 #吸烟有害健康 #精选,今日头条,经典趣玩社,2025-09-23 01:52:24,https://www.toutiao.com/video/7552972827817689627/,未知,戒烟,中性,评论观点类
2025010126,戒烟day180#戒烟 #戒烟打卡 #独立思考,title: 戒烟day180#戒烟 #戒烟打卡 #独立思考 ocr: 控有什么奇怪的对于我而言或烟是我自己自发的想或烟是我自己自发的想或烟是我自己自发的想去戒去戒去战或烟是我自己自发的想静我记录这个过程邢我记录这个过程都是对我的一种加油鼓都是对西的一种加油鼓去战都是对我的一种加油鼓销教的去面对戒烟更更贵教的去面对戒烟e可持教的去面对戒烟更更勇敢的去面对戒烟这个事情个事我藏了180天了是吧我藏7180天7是吧均有用任何的什么曾代啊特什么都没有就是这样或的就是天天荣视频天天对自己说戒烟根简天天对自己货藏烟根简星吧反正就加油就对了星吧反正就加油就对了不再请年加油收明天见加油啊明天见六年戒烟约day180 content: 戒烟day180#戒烟 #戒烟打卡 #独立思考,抖音,降临,2025-09-23 01:34:31,http://www.douyin.com/video/7552968212180421929,广东省,戒烟,中性,评论观点类
2025010130,#好物分享  #口含片  #戒烟神器  #科学戒烟,"title: #好物分享 #口含片 #戒烟神器 #科学戒烟 ocr: 戒烟吧,朋友别让抽烟的你成为失去家庭的戒量 戒烟吧,朋友别让抽烟的你成为失去家庭的戒量 content: #好物分享 #口含片 #戒烟神器 #科学戒烟",快手,鹿姐好物分享,2025-09-23 01:16:45,http://www.kuaishou.com/short-video/3xfbkaph7k33nbs,重庆市,戒烟,中性,评论观点类
2025010152,#戒烟贴 #戒烟控烟保健贴,title: #戒烟贴 #戒烟控烟保健贴 ocr: 用这个方法戒烟瘾不需要任何的毅力优戒YOUJIEJIEYANKONGYANBAOJIANTIE戒烟控烟贴多大烟瘾都能介 戒烟控烟保健贴 戒烟控烟保快礼社 content: #戒烟贴 #戒烟控烟保健贴,快手,欣姐好物分享🎁,2025-09-23 01:00:26,http://www.kuaishou.com/short-video/3xipheaby3tfdr9,浙江省,戒烟、戒烟控烟,中性,报道事实类
2025010154,#辅助戒烟替烟棒 #替烟棒 #科学戒烟 #轻松戒烟 @快手电商达人助手,title: #辅助戒烟替烟棒 #替烟棒 #科学戒烟 #轻松戒烟 @快手电商达人助手 ocr: AI生成工匠品质质量保证戒烟新体验捡漏价拼手速咯全即精品好物值得入手无焦油无烟雾正牌戒烟辅助器烟嘴薄荷味果味多口味缓烟吸棒烟具空吸棒AI生成工匠品质质量保证戒烟新体验全捡漏价拼手速咯即精品好物值得入手无焦油无烟雾 content: #辅助戒烟替烟棒 #替烟棒 #科学戒烟 #轻松戒烟 @快手电商达人助手,快手,幸福平安,2025-09-23 00:41:03,http://www.kuaishou.com/short-video/3xhkyiqfa5qp7s4,广东省,戒烟,中性,报道事实类
2025010123,#吸烟有害健康尽早戒烟有益健康 #戒烟日记,title: #吸烟有害健康尽早戒烟有益健康 #戒烟日记 ocr: 2025.09.22戒烟的第三天 戒烟的第三天 脾气很暴躁 2025.09.22戒烟的第三天 content: #吸烟有害健康尽早戒烟有益健康 #戒烟日记,快手,小杨的戒烟日记,2025-09-23 00:33:01,http://www.kuaishou.com/short-video/3xg756gr7dhd5ka,贵州省,戒烟,中性,评论观点类
2025010143,戒y不需要毅力，每天喷一喷轻松戒掉老烟y #轻松戒烟 #戒烟神器 #戒烟方法 #戒烟成功,title: 戒y不需要毅力，每天喷一喷轻松戒掉老烟y #轻松戒烟 #戒烟神器 #戒烟方法 #戒烟成功 ocr: Quitsmoking戒灵Quitsmoking30ml中国人民保险几百万人成功戒烟了都在用这个戒烟喷雾Quitsmokoking戒烟灵30ml中国人民保险SHIKEIE能要唰Quitsmoking2SHIK210形燃灵雀要K戒Quitsmokingsmoki content: 戒y不需要毅力，每天喷一喷轻松戒掉老烟y #轻松戒烟 #戒烟神器 #戒烟方法 #戒烟成功,快手,吖吖a,2025-09-23 00:06:18,http://www.kuaishou.com/short-video/3x2gutwc5k2vvia,四川省,戒烟,中性,评论观点类
202501012,今天是戒烟第一天。我有信心可以成功，断崖式戒烟。,title: 今天是戒烟第一天。我有信心可以成功，断崖式戒烟。 content: 昨天下午最后一根抽完就没买了，截止现在发帖都没抽也没买，这次是真要戒了，最近时不时会出现气喘，咳嗽，保命要紧。,百度贴吧,西九龙曹达华,2025-09-23 14:54:00,http://tieba.baidu.com/p/10064675751?pn=1,陕西省,戒烟,中性,评论观点类
202501013,我说“最幸福的事是哥哥永远在我身边”但是“我永远会在”回复的是其他人…,title: 我说“最幸福的事是哥哥永远在我身边”但是“我永远会在”回复的是其他人… content: 戒烟效应给我端上来…,豆瓣,利路修,2025-09-23 14:15:28,http://www.douban.com/group/topic/337684884/?_spm_id=Mjg5Mzk3NTYx,未知,戒烟,正面,评论观点类
2025010112,有点怀念飞翔哥啊,title: 有点怀念飞翔哥啊 content: 1、【戒色真的如习武，我戒烟后再也没看过关于戒烟的书，但戒色真不行。光看戒色书，其实也不行，还得练，练断念的功夫。断念功夫深，这个人就很厉害了，人生很多事都是由念头起的。色念难断，我想还是练习不够。很多吧友都说自己看了很多戒色书，但就是戒不掉，这不就像习武吗？你去买本书看，你只是懂得其中的道理，有的人能背出拳谱，但你不练，怎么能有功夫？】附评：这是戒友SHARK的总结，我觉得他总结得非常好。戒色是要通过不断学习提高觉悟，但戒色不是纸上谈兵，也有很实战的部分，那就是断念的功夫！读一万本游泳的书籍，如果不下水，那也很难学会游泳，因为缺少练习。戒色的高手，其实也就是断念的高手，念起即断，手起刀落，唯快不破！在实战中是否能做到“秒断”？也就是在1秒内断除邪念，能做到这点的人，都是经过无数次练习和实战的磨练，才最终做到的。戒色一定要学会观心，牢牢看住自己的念头，不怕念起，就怕觉迟，越晚断越被动，小火星会演变成燎原大火，到时就难以扑灭了。刚开始戒色，要熟背断意淫口诀，最好每天能重复几百遍，然后慢慢就能学会观心，对念头的控制能力将会猛增。看过太极名家的书，那真是“非苦练不能达到”！有些动作一天要练3000遍以上！到最后就是久练自化，熟极自神！千招会不如一招精，必须狠练断念功夫，练到精熟的地步，练成条件反射！世界拳王比利也说：“不能停下来思考，必须成为一种无意识的行为。”断念功夫也要达到如此的境地。只有不断地苦练断念，才能在实战中战胜心魔！SHARK说得很好，只懂得道理，但是你不练，那怎么出功夫？所以，必须要不断练习，练习使人强大，练习使人完美，从断念的菜鸟，练成断念的高手，最后成为断念的大师，逐步加强自己对念头的控制能力。看钢琴的教程而不练，不可能成为弹钢琴的大师，一个字：练！一句话：按照正确的方法练！,百度贴吧,钢七连士兵许三多,2025-09-23 13:58:00,http://tieba.baidu.com/p/10064540733?pn=1,湖南省,戒烟,中性,评论观点类
202501011,不涨停，今天就开始戒烟,title: 不涨停，今天就开始戒烟 content: $王子新材(SZ002735)$ 不涨停，今天就开始戒烟,股吧,是陷井还是馅饼,2025-09-23 12:53:42,"http://guba.eastmoney.com/news,002735,1603939813.html",江西省,戒烟,中性,评论观点类
2025010110,想问一下，谈恋爱想改变对方小习惯正常吗,title: 想问一下，谈恋爱想改变对方小习惯正常吗 content: 比如对象爱抽烟的，不指望戒烟，但是频繁清嗓子这种小习惯就很想让对方也改，希望想清嗓子的时候喝水或者忍一下，因为这种不属于病，就是养成了习惯。我高中的时候也经常清嗓子，后面我妈就说听了外人觉得很难受，叫我去改，当时我也很生气，觉得嗓子不舒服能咋办，之后我也会刻意的去忍住，后面还真的改掉了。ps：有时候上班很忙的时候同事反复清嗓子会有点烦，对这个人感官不好,百度贴吧,×ˊ,2025-09-23 12:21:00,http://tieba.baidu.com/p/10064318055?pn=1,江西省,戒烟,负面,评论观点类
202501019,20250923-01,"title: 20250923-01 content: 刚才已经提到，早晨腹泻早醒，这个问题已经困扰我有，6,7年，对于吃药我已经丧失信心。目前想通过戒烟戒色来进行慢慢恢复。我是一直失眠的，昨天吃抗焦虑药物，在凌晨1点左右才睡着，早晨7点被腹泻弄醒。到现在还一直在床上躺着，该起床了，有意识改变一下自己的习性。让自己稍微正常一点。",百度贴吧,重生丨伍天,2025-09-23 08:43:00,http://tieba.baidu.com/p/10063811696?pn=1,河北省,戒烟,负面,评论观点类
202501015,睡醒啦！正规军已退伍，子涵寿星体验卡到期,title: 睡醒啦！正规军已退伍，子涵寿星体验卡到期 content: 开心啥？辛云来良心发现戒烟啦？,豆瓣,啊喔呃咿唔吁,2025-09-23 07:19:49,http://www.douban.com/group/topic/337690222/?_spm_id=MTM4Mjg0ODYy,未知,戒烟,中性,评论观点类
2025010111,秋分日昼夜平分，愿生活恰如其分。,"title: 秋分日昼夜平分，愿生活恰如其分。 content: #健康知识日报#心梗不再专属老人，年轻人也要警惕，它常伪装成胃痛、牙痛，别延误治疗！多吃蔬菜粗粮，可减少血管垃圾堆积，每天运动30分钟，促进血液循环，戒烟限酒，血管年轻得靠长期坚持~""""""""""""""""""",百度贴吧,安利网商,2025-09-23 07:10:00,http://tieba.baidu.com/p/10063631081?pn=1,广东省,戒烟,中性,报道事实类
202501018,回复：再过两天戒烟八个月整，一根没抽，真不容易。,title: 回复：再过两天戒烟八个月整，一根没抽，真不容易。 content: 1,百度贴吧,其中一个老百姓,2025-09-23 01:11:00,http://tieba.baidu.com/p/10037962091?pn=1,广东省,戒烟,中性,评论观点类
202501014,我说“最幸福的事是哥哥永远在我身边”但是“我永远会在”回复的是其他人…,title: 我说“最幸福的事是哥哥永远在我身边”但是“我永远会在”回复的是其他人… content: 戒烟效应含金量持续上升,豆瓣,wowo,2025-09-23 01:07:49,http://www.douban.com/group/topic/337684884/?_spm_id=Mjg5Mzk3NTYx,未知,戒烟,正面,评论观点类
202501016,有哪些烂名坏了一部好书的例子？,title: 有哪些烂名坏了一部好书的例子？ content: 这本书能让你戒烟 其实讲的不仅是烟，还有各种成瘾行为都可以按照这个方法去戒断,知乎,向心力,2025-09-23 00:34:38,http://www.zhihu.com/question/20208043/answer/1953618213238707072,未知,戒烟,中性,评论观点类
202501011,我市“百人百日”戒烟大赛启动,title: 我市“百人百日”戒烟大赛启动 summary: 记者胡程利通讯员李菁）9月19日，2025年张家口市百人百日戒烟大赛在市第一医院启动。启动仪式现场，主办方还邀请市第一医院戒烟门诊负责人、呼吸与危重症医学一科副主任医师杨亚萍结合临床经验，现场就烟草的危害、科学戒烟的方法等内容进行了分享。 content: 本报讯（记者 胡程利 通讯员 李菁）9月19日，2025年张家口市“百人百日”戒烟大赛在市第一医院启动。 烟草流行是这个世界迄今所面临的最大公共卫生威胁之一，烟草燃烧的烟雾中含有7000多种已知的化学物质，不仅危害吸烟者自身健康，还会对周围人群造成被动吸烟的危害。为降低上述危害，帮助吸烟者掌握科学的戒烟方法，激发戒烟动力，由市爱卫办、市卫健委主办，桥东、桥西、经开区卫健局协办，市疾控中心、市第一医院、市中医院等具体承办的“百人百日”戒烟大赛拉开帷幕。我市主城区400余名烟民通过线上小程序报名参赛，并分别自主选择了提供戒烟技术支持的医疗机构戒烟门诊。接下来100天的时间里，各戒烟门诊将通过“同伴支持+心理疏导+行为干预+药物辅助”相结合的科学戒烟方法，结合各参赛者个人实际制定个性化戒烟方案，助力其摆脱烟草依赖。 启动仪式现场，主办方还邀请市第一医院戒烟门诊负责人、呼吸与危重症医学一科副主任医师杨亚萍结合临床经验，现场就烟草的危害、科学戒烟的方法等内容进行了分享。,张家口日报,未知,2025-09-23,http://szbk.zjknews.com/zjkrb/2025/09/23/404498.html,河北省,戒烟,正面,报道事实类
2025010112,破除“老掉牙”误区,title: 破除“老掉牙”误区 summary: ——这或许是关于口腔健康最大的误区。定期洁治是保障，每年1—2次的专业洁治是清除牙结石、控制牙菌斑的唯一有效方法，是治疗也是最重要的预防。饮食与习惯要注意，减少糖分摄入，戒烟，多吃粗纤维食物促进牙面自洁。出现问题早诊治，一旦出现牙龈出血、口腔异味、牙齿松动等迹象，应立即看牙医，而非指望上火喝凉茶解决。 content: “老了掉牙是正常的？”——这或许是关于口腔健康最大的误区。 在9月20日“全国爱牙日”来临之际，新塘街道口腔科负责人庄斯雄在接受记者采访时纠正道：“牙齿的寿命应当与人的寿命相同。老年人同样可以拥有一口健康的牙齿，‘老掉牙’不是必然规律，而是牙周病长期未得到有效治疗的结果。”庄斯雄指出，我国老年人群的牙周健康率不容乐观，其根源在于长期以来对口腔预防的忽视。 牙周病：牙齿的“沉默杀手” “很多人只知道怕蛀牙，却不知道牙周病才是导致成年人牙齿丧失的首要原因。”庄斯雄解释道。牙周病是牙齿周围支持组织（牙龈、牙槽骨等）的慢性细菌感染性疾病。它初期症状不明显，可能仅为刷牙出血、牙龈红肿，极易被忽视。但随着炎症深入，会像“沉默的杀手”一样，慢慢破坏牙齿的根基——牙槽骨，导致牙齿松动、移位，最终脱落。 “它影响的不仅是咀嚼功能，”庄斯雄补充道，“大量研究证实，牙周病的致病菌可能进入血液循环，加重糖尿病，增加心脑血管疾病和呼吸道感染的风险，甚至影响孕妇和胎儿健康。” 一份给全家人的爱牙清单 如何打破“老掉牙”的魔咒？庄斯雄为市民送上了一份“爱牙清单”。 有效清洁是关键，坚持早晚刷牙，每次至少2分钟，并学会使用牙线或冲牙器清洁牙缝，这是牙刷无法触及的“盲区”。定期洁治是保障，每年1—2次的专业洁治（洗牙）是清除牙结石、控制牙菌斑的唯一有效方法，是治疗也是最重要的预防。饮食与习惯要注意，减少糖分摄入，戒烟（吸烟是牙周病重要危险因素），多吃粗纤维食物促进牙面自洁。出现问题早诊治，一旦出现牙龈出血、口腔异味、牙齿松动等迹象，应立即看牙医，而非指望“上火”喝凉茶解决。“为父母预约一次全面的牙周检查，教会孩子正确使用牙线，这就是给家人最实在、最长情的关爱。”庄斯雄最后总结道。,晋江经济报,未知,2025-09-23,http://jjjjb.fjdaily.com/pc/con/202509/23/content_479768.html,福建省,戒烟,中性,报道事实类
202501012,戒烟记,title: 戒烟记 summary: 我是在大学念书时学会吸烟的。一个月后见到格非，问他戒烟怎样了？吸烟很多时候是一种社交行为，递烟，接烟，点火，都是一种仪式。吸烟不仅朋友间相互影响，还具有重要的社交属性。公寓里不能吸烟，吸烟跟做贼似的，要在外面流浪。好在我没有什么烟瘾，又不舍得花大价钱买烟，终致兴趣全无。 content: □叶开 我是在大学念书时学会吸烟的。 1987年9月14日凌晨，我搭乘的南宁至上海的直快列车，经过整整48个小时，终于抵校报到。 几天后，我被室友撺掇着，穿过中山北路大门，去对面杂货店买烟。 进得店来，我有点紧张，哆嗦地说：“同志，买一包红双喜……”一着急，说错了，“不，红高乐……” 那时“红双喜”是奢侈品，有南洋双喜，有广州红双喜，还有上海红双喜。最高端的是红中华，而红高乐是入门级，另有带薄荷味的绿双喜。 一名中年店员穿着蓝大褂，从杂货店深处来到跟前，隔着柜台，居高临下盻着：“小阿弟，辣叻上海，要叫师傅。晓得哇？” 同寝室王同学是上海人，他用上海话说：“师傅，一包高乐。” 我几乎同时说：“师傅，买一包红双喜。” “到底高乐，哈是红双喜？”该师傅皱眉说，“侬自家先搞搞清爽。” 外地青年被瞧扁了，不由得一种气概腾然而起，“红双喜，一包！” 就这样，我花巨款买了一包“红双喜”。因价格太昂贵，掏钱时手都在发抖。 一回到寝室，烟就被室友瓜分了。 那时的第一学生宿舍里，每一个寝室几乎都是烟雾缭绕的。另外，一些我们仰慕的青年教师也爱吸烟。比如宋琳、格非等，他们那时已发表作品，小有名气，在我们这些人眼中，更是如同天上龙凤。他们那时也没有成家，自由自在。来我们宿舍，主要是凑对打“四国大战”。玩陆战棋还需要一个裁判，主要由我担任。战斗期间，不仅手快，还要口硬。虚虚实实，云雾缭绕。如此一来，烟瘾就加深了。 1995年春，我正在读研究生，和格非去龙华参加一个葬礼。那位老前辈因吸烟太厉害，得了肺癌。之后，我们相约一起戒烟。 戒烟头几天最难受，前两个星期极难受。秘诀是吃糖，一犯瘾就吃一颗糖。一个月后，就控制住了。但体重，则噌噌噌往上涨。 一个月后见到格非，问他戒烟怎样了？ 格非惊讶道：“小廖，你还真戒烟了？” 说完，他叼起一根烟，美美地吸了起来，顺手给我来了一支，“红中华，不尝一根？” 那之前，我从未吸过红中华，这种传说事物，实在太昂贵了。看着他手上的“红中华”，我内心崩溃了。 吸烟很多时候是一种社交行为，递烟，接烟，点火，都是一种仪式。到了一定级别，要玩打火机，还要玩烟斗。 有一段时间，我常常看见隔壁老金，一天到晚叼着烟斗。他还有一只zip打火机，隔一个星期就要添加火油。火油装在铁皮罐里，显得十分高级。添加过程，就很有仪式感。 吸烟不仅朋友间相互影响，还具有重要的社交属性。你要戒掉，就相当于背叛，真是太难了。 2020年1月20日，我搭乘从上海飞往多伦多的加航飞机，刚落地皮尔森机场不久，就听到了加航停航的消息。这就进入了“疫情纪元”，一家三口挤在多伦多一间狭小公寓里，听到各种消息，越来越严重。到三月份，本来热闹的多伦多lockdown了，孩子们也不去上学了。加航恢复遥遥无期，看不到任何未来，只能困着，待着。 公寓里不能吸烟，吸烟跟做贼似的，要在外面流浪。好在我没有什么烟瘾，又不舍得花大价钱买烟，终致兴趣全无。 到现在，一根烟都没吸。,羊城晚报,未知,2025-09-23,http://ep.ycwb.com/epaper/ycwb/html/2025-09/23/content_2980_725036.htm,上海市,戒烟,中性,评论观点类
202501015,我区组建16个省级患者自我管理小组,title: 我区组建16个省级患者自我管理小组 summary: 记者施劼婧）健康无小事，管理是关键。近日，省级慢阻肺患者自我管理小组在西湖街道社区卫生服务中心开展首次互动学习活动，这也标志着我区16个医患共建的疾病管理小组开始系统开展科学控病实践。目前，我区正探索将小组活动纳入家庭医生签约服务，实现镇全覆盖。 content: 本报讯 （记者 施劼婧）健康无小事，管理是关键。近日，省级慢阻肺患者自我管理小组在西湖街道社区卫生服务中心开展首次互动学习活动，这也标志着我区16个医患共建的疾病管理小组开始系统开展科学控病实践。 慢阻肺作为可防可治的慢性病，长期面临知晓率低、治疗率低、检查率低的三低难题。据悉，我区今年组建的16个小组实行病种分类管理：5个高血压小组重点开展限盐干预，5个糖尿病小组推行血糖监测打卡，2个骨质疏松小组强化补钙指导，4个慢阻肺小组侧重呼吸训练。自我管理小组将通过设计10节标准化课程，重点培养患者自我管理能力。课程涵盖疾病认知、戒烟干预、营养运动等模块，由专业的医护人员进行指导。 据区疾控中心数据显示，这种分层管理模式已覆盖2500余名慢性病患者，规范管理率提升至82%，通过建立“患者—社区—医院”三级联动平台，将自我管理经验转化为标准化的服务包。目前，我区正探索将小组活动纳入家庭医生签约服务，实现镇（街道）全覆盖。,武进日报,未知,2025-09-23,http://epaper.routeryun.com/Article/index/aid/9039707.html,未知,戒烟,正面,报道事实类
2025010114,隐形杀手还是“健康替烟”？揭开电子烟的甜蜜陷阱,title: 隐形杀手还是“健康替烟”？揭开电子烟的甜蜜陷阱 content: 当街头巷尾的电子烟店用缤纷口味和酷炫设计吸引年轻人，当“帮助戒烟”“减害产品”的广告语四处传播，您是否也曾对电子烟产生过一丝好奇？然而，这层科技与时尚包裹的外衣下，隐藏着不容忽视的健康风险。 一、电子烟究竟是什么？ 电子烟（E-cigarettes），又称“电子尼古丁输送系统”，其工作原理通常是通过电池加热烟液（俗称“烟油”），产生气溶胶供用户吸入。这种气溶胶并非无害的“水蒸气”，而是包含尼古丁、香料、溶剂等多种化学物质的混合物。 二、电子烟的四大核心危害？ 1. 成瘾性“元凶”：尼古丁 尽管形态不同，绝大多数电子烟烟油的核心成分仍是尼古丁。尼古丁是高度成瘾性物质，尤其会对青少年的大脑发育造成损害，影响注意力和记忆力，并为未来成瘾性行为埋下隐患。 2. “美味”陷阱：五花八门的添加剂 为了吸引年轻用户，电子烟提供了成千上万种风味，如水果糖、薄荷、蛋糕等。这些诱人的香味大多来自双乙酰等化学香料。吸入双乙酰已被证实与一种严重的肺部疾病——“爆米花肺”（闭塞性细支气管炎）相关，会导致不可逆的肺损伤和呼吸困难。 3. 隐形伤害：有毒物质电子烟产生的气溶胶中含有大量细颗粒物（PM2.5）和超细颗粒物，可深入肺泡并进入血液循环，引发肺部炎症和心血管系统压力。同时，研究还在气溶胶中检测出甲醛、乙醛等挥发性有机化合物以及重金属（如铅、镍、铬），这些物质具有明确的致癌性。 4. 青少年的“入门烟” 世界卫生组织（WHO）已明确指出，电子烟的使用会显著增加青少年日后吸食传统卷烟的可能性。它不仅是“替代品”，更可能成为诱导非吸烟者（尤其是青少年）尼古丁成瘾的“入门产品”。 三、常见误区辨析 误区一：“电子烟能帮助戒烟。” 目前，电子烟作为戒烟工具的有效性和安全性并未得到充分、可靠的科学证据支持。世界卫生组织不建议将电子烟作为戒烟手段。许多使用者最终会形成电子烟和传统卷烟的“双重使用”，尼古丁摄入量不降反升。 误区二：“电子烟比传统卷烟危害小很多。” “减害”不等于“无害”。虽然电子烟产生的有害物质种类可能少于传统卷烟，但它会带来独特的健康风险（如“爆米花肺”）。对于非吸烟者，尤其是青少年，使用电子烟是“从零到一”的伤害，有百害而无一利。 误区三：“吸入的是无害水蒸气。” 这是最大的误解。电子烟产生的是含有尼古丁、重金属和多种化学添加剂的气溶胶，其对环境和周围人群（二手烟）的影响同样不容忽视。 四、如何远离电子烟危害？ 1. 非吸烟者，尤其是青少年： 坚决不尝试，不抱有任何好奇心。认清电子烟的成瘾本质和健康风险。 2. 吸烟者寻求戒烟： 应寻求科学、专业的戒烟方法，如前往医院的“戒烟门诊”咨询，或使用经国家药品监督管理局批准的戒烟药物。 3. 提高辨别能力： 警惕电子烟营销中的“时尚”“健康”话术，学会透过现象看本质。 4. 创建无烟环境： 倡导在室内公共场所、交通工具内禁止使用电子烟，保护他人免受二手气溶胶的危害。 远离 烟草 电子烟并非时尚潮流的安全玩具，也不是值得信赖的戒烟神器。它是一把裹着糖衣的健康利剑，尤其对青少年构成严重威胁。选择清新健康的生活，需要对所有形式的烟草产品（包括电子烟）说“不”。如果您或身边的人正面临尼古丁成瘾的困扰，请主动寻求专业帮助，用科学的方式守护呼吸健康。,冀云遵化客户端,未知,2025-09-23 17:42:57,http://jiyunzunhua.hebyun.com.cn/pages/2025/09/23/302c7343cab241558ea0c49abcc4322b.html,未知,戒烟,中性,评论观点类
202501011,【健康教育】禁烟控烟知识宣传,"title: 【健康教育】禁烟控烟知识宣传 content: 一、烟草的危害 吸烟可带来减少寿命、诱发心血管疾病、导致肺部疾病、影响睡眠等多种危害，同时，它也是多种疾病的诱发因素。烟草中的有害成分达3000余种，明确的致癌物有69种。你可能不知道： 1支烟中的尼古丁可毒死一只老鼠； 25支烟中的尼古丁可毒死一头牛； 40-60毫克的尼古丁可毒死一个人。 而近年，年轻人追捧的电子烟，正在以其独特的营销方式让青年朋友为之疯狂。 图片源自网络 二、二手烟及其危害 二手烟指从卷烟或其他烟草制品燃烧端散发的烟雾，且通常与吸烟者散发的烟雾混杂在一起。二手烟中含有几百种已知的有毒或者致癌物质,包括甲醛、苯、氯乙烯、砷、氨和氢氰酸等。 二手烟已被美国环保署和国际癌症研究署确定为A类致癌物质。与吸烟者本人吸入的烟雾相比，二手烟的许多致癌和有毒化学物质的浓度更高。吸烟会导致多种脑部疾病，会减少循环脑部的氧气和血液，引发脑部血管出血及闭塞，导致麻痹、智力衰退及中风。 三、如何科学戒烟 1、意志戒烟法：下定决心，熬过初期的困难阶段；做好安排，转移自己的注意力；培养新习惯，如饭后饮茶代替吸烟，尽量避免进入吸烟的环境。 2、减量戒烟法：如定下计划，第一周每天减5支，第二周每天减10支，第三周减剩5支，第四周完全戒掉。 3、药物戒烟法：有戒烟汤、酒、茶、糖等剂型。有计划地服用，逐步减少吸烟，能收到一定成效。 4、医生劝告戒烟法：吸烟者有不适时，医生指出吸烟的危害建议其戒烟，易收到较好的效果。 5、饮食戒烟法：碱性食物有利于平衡体液的酸碱度而戒烟，如瓜果蔬菜类、豆类、牛奶、海藻食物等。 四、戒烟从来不晚 五、常见戒烟认识误区 五、青少年控烟宣传核心信息 七、禁烟控烟倡议书 1. 要在办公室、会议室、教室等场所率先做到全面禁烟、张贴禁烟标志，并通过各种禁烟形式宣传吸烟有害的健康科普知识。 #2 2. 学习烟草危害知识，提高控烟防护意识，做好控烟支持者和参与者。 #3 3. 自觉遵守在公共场所禁止吸烟规定，不在公共场所吸烟。 #4 4. 谢绝一支香烟，养成文明健康生活方式 #5 5. 积极参与“无烟单位” 创建活动，营造主动参与控烟，自觉远离烟草的氛围。 #6 6. 争做控烟宣传员和劝导员，鼓励吸烟者早日戒烟。 #7 7. 敢于向“二手烟”说不，同时对吸烟者进行劝阻。 让我们行动起来 拒绝烟草，珍爱生命 减少疾病，引领健康 共创一个没有烟草危害的 清新环境与和谐社会！ 来源：苍梧县人民医院 排版：杨喜杏 审核：周丝莹 责编：苏全宝 ©洱海之源七彩云 公众号：yndleytv 电话：0872-5120228 邮箱：eyxrmtzx@163.com",七彩云端客户端,杨喜杏,2025-09-23 17:28:40,http://mtydazzle.yntv.net/pages/details/details.html?companyId=ysxw&productId=7F9A1B14E41B4259A34223A7D744C0DB&docid=6886AB9752DC418191B5E4AC06597D59&isNew=yes&downloadTips=true&jumpCode=QCYD&type=news&articleType=1,未知,控烟、戒烟,中性,报道事实类
2025010110,守护幼儿健康 警惕二手烟,title: 守护幼儿健康 警惕二手烟 content: 二手烟是烟草燃烧后主流烟（吸烟者呼出烟雾）与侧流烟（烟草直接燃烧烟雾）的混合物，含尼古丁、焦油等7000余种化学物质，其中至少69种为明确致癌物。幼儿生长发育未成熟，对二手烟毒性更敏感，面临多系统不可逆健康风险。 在呼吸系统，二手烟刺激幼儿娇嫩呼吸道黏膜，致黏液增多、气道痉挛，使婴幼儿哮喘发病率升高30%以上，还增加感冒、支气管炎等感染风险，严重时损伤肺功能；同时刺激咽鼓管黏膜，诱发分泌性中耳炎，长期可致永久性听力损伤。神经系统方面，尼古丁能穿过幼儿血脑屏障，干扰神经发育，使长期暴露幼儿IQ平均低2~4分，认知功能滞后，还可能引发多动、注意力不集中等行为问题，甚至发展为ADHD。免疫系统层面，二手烟抑制免疫细胞活性，减少抗体，让幼儿更易患手足口病、水痘等感染性疾病，且病程长、症状重，还可能诱发或加重过敏性疾病。 2岁的小宇（化名）因家人吸烟，每月至少发作1次哮喘，家人戒烟后，其哮喘发作频率降至每年1-2次，生长发育追上同龄儿童。3岁的朵朵（化名）因父亲在家吸烟，出现听力下降，诊断为分泌性中耳炎，家庭戒烟配合治疗3个月后，听力恢复正常。 防范需构建“零烟环境”：家庭中，成员应戒烟，不在家及幼儿车内吸烟；吸烟者接触幼儿前需换衣洗漱，定期清洁家居；拒绝客人在家吸烟。公共场合，带幼儿避开吸烟区，优先选择无烟场所。社会支持上，有戒烟需求者可咨询戒烟门诊、用正规戒烟药或加入互助小组，向亲友普及二手烟危害，形成无烟社交圈。 二手烟对幼儿多系统伤害不可逆，还会增加成年后患病风险。防范二手烟是所有人的责任，需“戒烟”“避烟”结合，为幼儿筑牢健康屏障。 作者：解放军总医院第七医学中心儿科医学部 董丽,中国军号客户端,未知,2025-09-23 17:03:53,http://web.junhao.mil.cn/cms/rmt9502_html/0/0rmhlm/zxrm/zghjy/5607902.shtml,未知,戒烟,中性,报道事实类
2025010119,电子烟不是烟？医生为劝大家戒烟脱口秀都用上了！看完还敢抽吗,"title: 电子烟不是烟？医生为劝大家戒烟脱口秀都用上了！看完还敢抽吗 content: &lt;VIDEO SRC=""https://img.peopledailyhealth.com/c701670f1c124569a3950e16a2e647ad.mp4""&lt;/VIDEO",塔城好地方客户端,心血管王医生,2025-09-23 16:10:19,http://tnews.xjmty.com/app/tchdf/tj/202509/t20250917_30686066.html,未知,戒烟,中性,评论观点类
2025010123,汉川：慢阻肺秋冬“肆虐”，仙女山医院做客《健康之窗》揭秘应对良方,title: 汉川：慢阻肺秋冬“肆虐”，仙女山医院做客《健康之窗》揭秘应对良方 content: 湖北日报客户端讯（通讯员徐云）随着秋冬季节来临，慢阻肺进入高发期。9月23日，汉川市仙女山医院主治医师张莉芳、护士长邹菊受邀做客市融媒体中心《健康之窗》栏目，为公众讲解慢阻肺防治知识。 节目中医师张莉芳指出，慢阻肺的核心特征是气流长期受限，主要症状为“咳、痰、喘”，吸烟、空气污染等是重要诱因。护士长邹菊强调，肺功能检查是诊断“金标准”，治疗需长期规范管理，以吸入药物为主，配合氧疗、呼吸康复等非药物手段。 针对秋冬防护，专家建议患者务必戒烟、接种疫苗、注意保暖戴口罩；饮食应高蛋白、低盐少食多餐；运动宜选室内或午间温暖时段。此外，需坚持3至6个月定期随访，不可自行停药，出现症状加重应及时就医。 本次节目内容实用，为慢阻肺患者提供了系统化的秋冬健康管理指南，受到观众好评。 （编辑：陈思 制作：周艳 审核：何梦）,湖北日报客户端,未知,2025-09-23 15:42:41,http://news.hubeidaily.net/hbrbsharenew/index_share/5/4571454/4103494/4103494/0?w=1758614952436,湖北省,戒烟,正面,报道事实类
2025010136,慢阻肺秋冬“肆虐”，仙女山医院做客《健康之窗》揭秘应对良方,title: 慢阻肺秋冬“肆虐”，仙女山医院做客《健康之窗》揭秘应对良方 content: 随着秋冬季节来临，慢阻肺进入高发期。9月23日，汉川市仙女山医院主治医师张莉芳、护士长邹菊受邀做客市融媒体中心《健康之窗》栏目，为公众讲解慢阻肺防治知识。 节目中医师张莉芳指出，慢阻肺的核心特征是气流长期受限，主要症状为“咳、痰、喘”，吸烟、空气污染等是重要诱因。护士长邹菊强调，肺功能检查是诊断“金标准”，治疗需长期规范管理，以吸入药物为主，配合氧疗、呼吸康复等非药物手段。 针对秋冬防护，专家建议患者务必戒烟、接种疫苗、注意保暖戴口罩；饮食应高蛋白、低盐少食多餐；运动宜选室内或午间温暖时段。此外，需坚持3至6个月定期随访，不可自行停药，出现症状加重应及时就医。 本次节目内容实用，为慢阻肺患者提供了系统化的秋冬健康管理指南，受到观众好评。 （通讯员：徐云 编辑：陈思 制作：周艳 审核：何梦）,长江云客户端,未知,2025-09-23 15:41:00,http://m.hcsrmt.cn/p/132393.html,未知,戒烟,中性,报道事实类
202501012,不涨停，今天就开始戒烟,title: 不涨停，今天就开始戒烟 summary: $王子新材(SZ002735)$ 不涨停，今天就开始戒烟 content: $王子新材(SZ002735)$ 不涨停，今天就开始戒烟,东方财富客户端,是陷井还是馅饼,2025-09-23 12:53:42,"http://guba.eastmoney.com/news,002735,1603939813.html",未知,戒烟,中性,评论观点类
2025010118,100个烟民中，最后会有几个人得肺癌？美国癌症研究给出答案,"title: 100个烟民中，最后会有几个人得肺癌？美国癌症研究给出答案 summary: 周末的午后，客厅里飘着淡淡的烟味。茶几上的玻璃烟灰缸里，半截没熄灭的香烟还在冒着细烟，旁边堆着七八个烟蒂。李女士攥着丈夫的体检报告，指尖微微发白，她盯着报告上肺部纹理增粗的字样，声音带着压抑的焦虑：你抽烟快20年了，真的不怕得肺癌吗？他把烟摁灭在烟灰缸里，烟灰缸里的烟蒂，终于不再增加新的成员。 content: 周末的午后，客厅里飘着淡淡的烟味。茶几上的玻璃烟灰缸里，半截没熄灭的香烟还在冒着细烟，旁边堆着七八个烟蒂。李女士攥着丈夫的体检报告，指尖微微发白，她盯着报告上 “肺部纹理增粗” 的字样，声音带着压抑的焦虑：“你抽烟快 20 年了，真的不怕得肺癌吗？”坐在沙发上的张先生夹着烟的手顿了顿，烟丝烧出的灰烬落在裤子上，他慌忙掸掉，语气带着几分敷衍：“怕啊，可戒不掉。再说我身体好，哪那么容易得癌？”""这样的对话，每天都在无数家庭里上演。一边是家人担忧的目光，一边是烟民 “自我安慰式” 的侥幸；一边是医学数据里的风险警示，一边是 “别人抽一辈子没事” 的盲目参照。但现实远比想象中残酷 —— 吸烟与肺癌的关联，从来不是 “小概率事件”，而是有明确数据支撑的健康危机。100 个长期烟民里，最终到底有多少人会栽在肺癌上？答案藏在权威机构的长期追踪研究里。美国 25 年追踪：每 10 个烟民，1-2 人死于肺癌美国癌症协会曾开展过一项横跨 25 年的流行病学研究，研究者追踪了 120 万名不同年龄段、不同吸烟习惯的受访者，从 1998 年持续到 2023 年。最终得出的结论，打破了很多烟民的 “侥幸心理”：平均每 100 名长期吸烟者（每天吸烟≥10 支，持续 10 年以上）中，最终将有 10 到 20 人死于肺癌。""这个数据并非凭空推算，而是基于百万级样本的真实结局 —— 在追踪的 25 年里，有 18.7 万名吸烟者因肺癌离世，其中每天吸烟 20 支以上、烟龄超过 30 年的人群，肺癌死亡率更是达到普通不吸烟者的 23 倍。研究还发现，吸烟量越大、烟龄越长，风险呈 “阶梯式上升”：每天吸烟 10 支以下的人，肺癌死亡风险是不吸烟者的 6 倍；每天 20-30 支的人，风险飙升至 15 倍；每天超过 30 支的人，风险高达 31 倍。在中国，情况更不容乐观。国家癌症中心 2023 年发布的《中国肺癌防治报告》显示，我国每年新增肺癌患者超过 82 万人，死亡人数突破 65 万，其中超过 85% 的肺癌患者，有长期吸烟史或被动吸烟史。换句话说，每 10 个肺癌患者里，至少 8 个与 “烟” 有关。北京协和医院呼吸科主任医师王辰曾在采访中提到：“我们科室接诊的肺癌患者中，30 岁以上的烟民占比超过 90%，很多人直到咳血才来就诊，往往已经是晚期。”""为什么肺癌成了 “吸烟的专属代价”？香烟点燃的瞬间，释放的不只是烟雾，更是一套 “致癌组合拳”。一支香烟燃烧后，会产生超过 7000 种化学物质，其中至少 69 种被世界卫生组织列为 “1 类致癌物”—— 包括苯并芘、多环芳烃、尼古丁衍生物、亚硝胺等，这些物质对肺部的伤害，是 “从细胞到组织” 的全面侵蚀。苯并芘是其中最危险的致癌物之一。它进入肺部后，会与肺细胞的 DNA 发生结合，导致基因序列突变；原本有序分裂的肺细胞，会因基因突变失去控制，疯狂增殖形成癌细胞。更可怕的是，这种损伤具有 “累积性”—— 每天吸一支烟，就相当于给肺部 “投一次毒”，烟龄越长，毒素堆积越多，癌变的概率就越高。""除了直接致癌，香烟烟雾还会破坏肺部的 “防御系统”。肺部黏膜上的纤毛，本应像 “小刷子” 一样，不断清扫灰尘、细菌和异物，但尼古丁会麻痹这些纤毛，让它们失去运动能力；焦油则会在肺泡表面形成一层黏腻的 “薄膜”，阻碍气体交换，同时为致癌物提供 “温床”。长期吸烟的人，肺部会逐渐从粉色变成灰黑色，肺泡失去弹性，慢慢变成 “蜂窝状”，这也是为什么烟民更容易患慢性支气管炎、慢阻肺，最终走向肺癌的原因。更值得警惕的是，这些有害物质不会只停留在肺部。它们会通过肺泡进入血液，随着血液循环扩散到全身 —— 伤害膀胱黏膜导致膀胱癌，刺激胰腺细胞引发胰腺癌，破坏肝脏代谢功能增加肝癌风险。但肺部作为 “第一道关卡”，永远是首当其冲的 “重灾区”。""别信 “抽得少就安全”：每天 1 根烟，风险仍高 3 倍“我一天就抽两三根，量少没事。” 这是很多 “轻度烟民” 的口头禅，也是烟草最隐蔽的 “陷阱”—— 吸烟没有 “安全剂量”，哪怕只抽一根，也会给身体埋下隐患。英国牛津大学曾针对 “低剂量吸烟” 做过专项研究，研究者追踪了 50 万名每天吸烟 1-5 支的受访者，结果发现：每天仅吸烟 1 根，患肺癌的风险也比不吸烟者高出 3 倍以上；每天吸烟 3-5 支，风险则升至 7 倍。更令人担忧的是，这种风险不会因为 “偶尔抽” 而消失 —— 即使是每周只抽 10 根烟的人，长期下来，肺癌风险也比不吸烟者高 2.5 倍。""“低剂量吸烟的危害，在于‘累积效应’。” 北京肿瘤医院肺癌中心主任王洁解释，“肺细胞的 DNA 损伤是逐步叠加的，今天抽 1 根带来的微小突变，明天再抽 1 根，突变就会扩大。就像水滴石穿，看似量少，时间长了总会突破临界值。”还有人觉得 “抽淡烟、过滤嘴烟更安全”，但研究早已推翻这种误区。淡烟的尼古丁含量虽低，但烟民为了获得足够的满足感，会不自觉地加深吸气、延长吸烟时间，导致焦油和致癌物的摄入量并未减少；过滤嘴只能过滤部分大颗粒物质，对苯并芘、亚硝胺等小分子致癌物几乎无效，反而可能让烟民产生 “更安全” 的错觉，从而增加吸烟量。肺癌不是 “老年病”：28 岁程序员因电子烟查出肺部结节""“肺癌是老年人的病，年轻人身体好，不怕。” 这种认知正在被现实打破。近年来，我国肺癌患者的平均发病年龄从之前的 65 岁，逐渐降至 55 岁，甚至有不少三四十岁的中年人、二十多岁的年轻人，在体检中被查出肺部结节、早期肺癌。28 岁的程序员小林就是其中之一。他从大学开始吸烟，工作后为了 “健康”，把香烟换成了电子烟，每天至少抽 3 支，觉得 “没有焦油，应该没事”。直到公司体检，低剂量螺旋 CT 显示他的右肺有一个 8 毫米的磨玻璃结节，医生怀疑是早期原位癌，建议手术切除。术后病理结果证实了医生的判断，小林拿着报告懊悔不已：“以为电子烟安全，没想到还是伤了肺。”""中国疾控中心 2024 年发布的《青少年烟草使用报告》显示，我国 15-24 岁青少年中，电子烟使用率已达 8.3%，其中超过 60% 的使用者认为 “电子烟无害”。但真相是，电子烟的烟油中，不仅含有尼古丁（会导致尼古丁依赖，损伤血管内皮），还含有甲醛、乙醛、重金属（铅、镉）等有害物质 —— 甲醛是明确的 1 类致癌物，即使是微量摄入，长期下来也会增加肺癌风险；重金属颗粒则会沉积在肺泡中，导致慢性炎症，为癌变埋下伏笔。“年轻人的肺部修复能力虽然比老年人强，但长期接触电子烟有害物质，修复速度赶不上损伤速度，照样会出问题。” 上海肺科医院呼吸与危重症医学科副主任医师胡洋强调，“我们科室近两年接诊的 30 岁以下肺癌患者中，有近一半有长期电子烟使用史，这是一个非常危险的信号。”戒烟永远不晚：5 年风险降一半，10 年接近不吸烟者“我都抽了 30 年了，现在戒烟还有用吗？” 很多老烟民都会有这样的疑问。答案是：永远不晚。《中华医学会呼吸病学分会》发布的《中国吸烟危害健康报告 2024》中明确指出：戒烟后 5 年，肺癌死亡风险可下降 50%；戒烟后 10 年，肺癌风险会降至接近从未吸烟者的水平。不仅如此，戒烟还能让身体开启 “修复模式”—— 戒烟 24 小时内，血液中的一氧化碳浓度恢复正常，肺部纤毛开始重新运动，清扫肺部的黏液和异物；戒烟 1 年，冠心病风险下降 50%；戒烟 10 年，口腔癌、喉癌、食管癌的风险也会大幅降低。62 岁的赵先生就是戒烟的受益者。他有 35 年烟龄，每天至少抽 20 支，5 年前因反复咳嗽查出慢性阻塞性肺疾病，医生警告他 “再抽就可能发展成肺癌”。他下定决心戒烟，起初靠嚼口香糖、吃坚果缓解烟瘾，坚持半年后，咳嗽症状明显减轻；戒烟 5 年后复查，肺部 CT 显示之前的炎症病灶基本消失，肺功能也恢复到接近正常水平。“现在爬三楼都不喘了，比戒烟前精神多了。” 赵先生的语气里满是庆幸。戒烟的关键在于 “坚持”。很多人戒烟失败，是因为无法忍受戒断反应（烦躁、焦虑、注意力不集中），但这些反应通常在戒烟后 1-2 周达到高峰，之后会逐渐减轻。医生建议，戒烟时可以寻求专业帮助 —— 比如使用尼古丁替代疗法（尼古丁贴片、口香糖），或加入戒烟互助小组，通过同伴支持提高成功率。很多人不是死于肺癌，而是死于 “没查出来”肺癌的可怕之处，不仅在于其致死率高，更在于早期几乎没有明显症状。国家癌症中心的数据显示，我国肺癌患者中，70% 以上在确诊时已处于晚期（Ⅲ 期或 Ⅳ 期） ，此时癌细胞往往已经转移到其他器官，失去了手术根治的机会，5 年生存率不足 15%；而如果能在早期（Ⅰ 期）发现并手术切除，5 年生存率可提升至 70% 以上，部分患者甚至能达到临床治愈。“早期肺癌的症状很隐蔽，可能只是偶尔的干咳、胸闷，或者体检时发现肺部小结节，很容易被忽视。” 广州医科大学附属第一医院肺癌外科主任何建行解释，“很多患者等到出现咳血、胸痛、体重快速下降等症状时，病情已经到了晚期，治疗效果大打折扣。”因此，定期筛查是发现早期肺癌的关键。国家卫生健康委早在 2018 年就将 “肺癌早期筛查” 纳入《国家癌症防治行动计划》，明确建议高危人群每年进行一次低剂量螺旋 CT 检查。这些高危人群包括：年龄在 40 岁以上，且有长期吸烟史（烟龄≥10 年，每天≥10 支）；有肺癌家族史（一级亲属患肺癌）；长期接触粉尘、有害气体（如石棉、甲醛、煤烟）的职业人群；患有慢性阻塞性肺疾病、肺纤维化等肺部基础疾病的人。低剂量螺旋 CT 的优势在于，辐射剂量仅为普通 CT 的 1/5，安全性高，同时能清晰显示肺部微小病灶（最小可发现 2 毫米的结节），准确率比胸部 X 光片高 10 倍以上。“我们科室每年通过低剂量螺旋 CT 筛查，能发现 200 多例早期肺癌患者，这些患者术后恢复都很好，基本不影响正常生活。” 何建行说。别拿 “幸运” 赌未来：你未必是那 80 个 “没事的人”“我邻居抽了一辈子烟，活到 89 岁还很健康，我应该也没事。” 这是烟民最常用来自我安慰的理由。但医学不是 “算命”，概率不会因为个人的侥幸而改变 —— 每 100 个长期烟民里，确实有 80 个可能不会死于肺癌，但这不是 “吸烟无害” 的证明，而是他们足够幸运，身体的修复能力恰好抵消了吸烟的伤害。问题是，你愿意把自己的健康和生命，交给 “幸运” 吗？就像周末客厅里的张先生，看着茶几上的烟蒂，又看了看妻子手里的体检报告，夹着烟的手慢慢垂了下来。窗外的阳光透过玻璃照进来，落在他微微发白的鬓角上，他突然想起去年体检时，医生说过的话：“你的肺部已经有炎症了，再抽下去，风险会越来越高。”烟盒上的 “吸烟有害健康” 字样，此刻显得格外醒目。他把烟摁灭在烟灰缸里，烟灰缸里的烟蒂，终于不再增加新的成员。声明：取材网络、谨慎鉴别",网易新闻客户端,男女那点事儿儿,2025-09-23 12:24:54,http://m.163.com/local/article/KA51ESLB0553TEWG.html,未知,戒烟,中性,报道事实类
202501015,流水线式的戒烟，离谱而又疯狂,"title: 流水线式的戒烟，离谱而又疯狂 summary: 流水线式的戒烟，离谱而又疯狂&lt;VIDEO SRC=""https://vd3.bdstatic.com/mda-rin5vwpum9w6y5r3/cae_h264/1758604627716462607/mda-rin5vwpum9w6y5r3.mp4? content: 流水线式的戒烟，离谱而又疯狂&lt;VIDEO SRC=""https://vd3.bdstatic.com/mda-rin5vwpum9w6y5r3/cae_h264/1758604627716462607/mda-rin5vwpum9w6y5r3.mp4?auth_key=1758633449-0-0-b2bd450d5c9aa36afba145553112ae6d&amp;bcevod_channel=searchbox_feed&amp;cr=0&amp;cd=0&amp;pd=1&amp;pt=4&amp;logid=1049249919&amp;vid=6717476743400460071""&lt;/VIDEO",百度新闻客户端,青澜动漫,2025-09-23 12:24:29,http://mbd.baidu.com/newspage/data/videolanding?nid=6717476743400460071,未知,戒烟,负面,评论观点类
202501016,我的戒烟日记，坚持了10天了，也并不是想象中的那么难,"title: 我的戒烟日记，坚持了10天了，也并不是想象中的那么难 summary: 为了儿子的婚事能够顺利办成，就要有费用，我没有挣钱的本事，就只能从自身上节省，于是戒烟便有了动力。看看身边那些戒了烟的人，多少人一提到戒烟，便会说起是当初在医院里医生反复叮嘱不可再吸烟，不然的话，就会有什么严重的后果。 content: 做成一件事，一定要有动力。让我戒烟的动力就是为了给儿子办个婚礼。戒了烟，就能省下钱。省下钱，就能给儿子办个婚礼，逻辑就是如此简单。为了儿子的婚事能够顺利办成，就要有费用，我没有挣钱的本事，就只能从自身上节省，于是戒烟便有了动力。""任何一件事，不管它有多么的复杂，其实剥开层层外表，当你看清内核之际，就会发现简单的本质。有人说戒烟是为了身体健康，可有多少人是从医院里回来之后，才会说出这句话来？太多了吧。看看身边那些戒了烟的人，多少人一提到戒烟，便会说起是当初在医院里医生反复叮嘱不可再吸烟，不然的话，就会有什么严重的后果。医生的一句劝告要胜过老婆无数次的唠叨。为什么亲近的老婆的唠叨不如医生的一句话呢？因为他相信医生的话可能真的会带来后果，而老婆的唠叨不过是嫌弃。当我意识到孩子的婚事就在眼前，而我的兜里已经毛干爪净之后，我感觉到如果再每天去买烟，我的内心会受到谴责，我会于心难安。戒烟便成了不能不考虑的自救。""我已经坚持戒烟10天。这10天下来，好像也没有别人说的那么难，只是偶尔会有吸烟的想法，可是当我考虑到孩子的婚事，这个念头便消失不见了。在孩子的婚事和烟事这两件事之间，我分的清主次，知道应当去做什么。今天早上去早市买菜，买了几个土豆，又买了几个萝卜，这是北方普通的青菜，算是便宜的。我在把烟戒了的同时，也在努力节省了生活的开支，能少花一分就少花一吧。原来我还常常去吃驴肉火烧，一顿饭下来，要花30多，真的是太不会过日子了。30多够我家一周的生活费，现在我舍不得再去吃驴火。我安慰着自己，哪有真驴肉的啊。对不起了，我知道有几家是真驴肉。为了省下生活费，我给自己的理由就是为了身体健康，吃素食要比吃肉对身体更好。这样的理由在我整天吃土豆时，让我心生自豪。10天戒烟下来，给我的感觉真的不错。""早上起来，再也不会咳嗽了。原来起床后，会一直咳嗽，尤其是在刷牙时，难受的很。10天戒烟下来，这毛病没了。呼吸也通畅了，胸口也不痛了，精神也好多了。我还算了一笔账。原先我抽10块一包的烟，后来不知道为什么涨到了14块一包，我原来一天要抽两包烟，这样算下来，一天花24元，一个月就要花700多块。10天下来，我没有吸烟，节省了240元，这真的令我开心。省下的就是赚到的，为了节省，我肯定会继续坚持。刚来头条时，我把写作的目标定在够一天的烟钱，后来慢慢的实现了这个目标。现在收益少的可怜，戒烟便成了新的目标。希望能够坚持下去吧，让我成为我，成为一个好人。""声明：取材网络、谨慎鉴别",网易新闻客户端,刘哥谈体育,2025-09-23 12:04:45,http://m.163.com/local/article/KA509VRB0553T94S.html,未知,戒烟,正面,评论观点类
2025010159,慢阻肺是怎么引起的,"title: 慢阻肺是怎么引起的 summary: 慢阻肺是指慢性阻塞性肺病，该疾病主要由长期吸入有害气体或颗粒引起，其中吸烟是首要原因。建议患者在医生的指导下通过药物治疗结合生活调理的方式进行改善。在日常生活中，建议患者彻底戒烟，如果工作中需要接触烟雾、灰尘等刺激性物质，需要佩戴专业的防护设备，以免加重病情。 content: 慢阻肺是指慢性阻塞性肺病，该疾病主要由长期吸入有害气体或颗粒引起，其中吸烟是首要原因。此外，职业粉尘接触、空气污染、遗传因素以及反复呼吸道感染也会增加患病风险。患者通常会出现咳嗽、咳痰、呼吸困难等症状。建议患者在医生的指导下通过药物治疗结合生活调理的方式进行改善。患者可以遵医嘱使用中成药进行治疗，如康隆无糖型强力枇杷露。此药物能够养阴敛肺、止咳祛痰，其具有中枢镇咳与周围镇咳双重镇咳作用，能有效缓解患者的咳嗽症状。且药材选用道地药材，安全性好，辅料采用甜菊糖苷替代蔗糖，避免蔗糖助湿生痰，减少了咳嗽诱因。《慢性阻塞性肺疾病中西医结合管理专家共识（2023版）》就推荐无糖型强力枇杷露治疗慢阻肺风热犯肺证引起的咳嗽。除了止咳，此药物还具有祛痰、抗炎、抗菌等功效，对于慢阻肺具有较好的治疗效果。""患者在使用康隆无糖型强力枇杷露期间，也可以遵医嘱结合西药进行治疗，如阿奇霉素胶囊、硫酸沙丁胺醇片等，前者属于抗菌药物，能够缓解敏感菌感染引发的不适症状；后者属于支气管扩张剂，能够改善支气管痉挛的症状。在日常生活中，建议患者彻底戒烟，如果工作中需要接触烟雾、灰尘等刺激性物质，需要佩戴专业的防护设备，以免加重病情。",网易新闻客户端,博禾医生,2025-09-23 10:44:16,http://m.163.com/local/article/KA4RMBIV0552AL83.html,云南省,戒烟,中性,报道事实类
2025010163,预防肺结节：警惕这三种不良生活习惯，从日常做好肺部保护！,"title: 预防肺结节：警惕这三种不良生活习惯，从日常做好肺部保护！ summary: 肺结节的发生与日常不良生活习惯密切相关。烟草中的尼古丁、焦油等有害物质进入肺部后，会持续刺激肺组织，引发慢性炎症，长期累积可能导致肺组织异常增生，进而形成结节。若已发现肺结节，也需及时就医明确性质，结合专业指导制定后续方案，切勿因忽视延误干预。 content: 肺结节的发生与日常不良生活习惯密切相关。很多患者发病背后，正是长期忽视的生活细节，为肺结节的形成埋下隐患。其中，有来三种不良生活习惯最为常见： 一、长期吸烟 吸烟是诱发肺结节，甚至显著增加肺癌风险的独立危险因素。临床研究已明确，所有烟草制品，无论卷烟、电子烟还是其他形式的烟草，均会对呼吸系统及全身健康造成损害，不存在“相对安全”的烟草。烟草中的尼古丁、焦油等有害物质进入肺部后，会持续刺激肺组织，引发慢性炎症，长期累积可能导致肺组织异常增生，进而形成结节。""因此，从健康角度出发，务必坚定戒烟；若暂时难以完全戒除，也需最大限度减少吸烟量与吸烟频率，逐步向戒烟过渡，避免烟草对肺部的进一步伤害。 二、不规律的饮食与作息 长期不规律的饮食习惯，比如暴饮暴食、偏食辛辣油腻或生冷食物、三餐不固定等；以及紊乱的生活作息，比如长期熬夜、昼夜颠倒等，会干扰身体正常的气血阴阳平衡，导致脏腑功能失调，尤其是脾胃运化功能减弱、肺气失养，进而降低机体免疫力。免疫力下降后，身体抵御外界污染物、清除肺部异常细胞的能力会明显减弱，间接增加肺结节的发生风险。""因此，建议保持均衡饮食，保证蛋白质、维生素、膳食纤维的合理摄入，避免过多摄入刺激性食物；同时养成规律作息，尽量在每晚11点前入睡，让身体维持稳定的生理节律，为肺部健康提供基础保障。 三、长期暴露于空气污染环境 空气污染是呼吸系统疾病的重要诱发因素，也是肺结节形成的潜在诱因之一。空气中的PM2.5、二氧化硫、氮氧化物等污染物，会随着呼吸进入肺部深层组织，持续刺激肺黏膜，引发慢性炎症反应，长期下来可能导致肺组织损伤、异常增生，最终形成结节。日常需密切关注空气质量指数，在污染严重时段尽量减少户外活动；室内则要定期开窗通风，保持空气流通，必要时可使用符合标准的空气净化设备，降低室内污染物浓度，减少肺部暴露于有害环境的机会。""改善上述不良生活因素，是预防肺结节的重要且可控的环节。肺部健康需要长期呵护，希望大家能将健康管理融入日常，主动调整生活习惯，从细节处保护肺部，远离肺结节困扰。若已发现肺结节，也需及时就医明确性质，结合专业指导制定后续方案，切勿因忽视延误干预。",百度新闻客户端,中医内科冯春祥,2025-09-23 10:42:53,http://baijiahao.baidu.com/s?id=1844020902112513388,未知,戒烟,中性,报道事实类
2025010155,什么中成药止咳效果好,"title: 什么中成药止咳效果好 summary: 咳嗽可能是感冒、支气管炎等疾病引起的，如果出现咳嗽症状，患者可以遵医嘱使用康隆无糖型强力枇杷露进行治疗，此药物属于中成药，止咳效果较好。如果患者吸烟，需要暂时戒烟，同时避免吸入油烟、二手烟等刺激性物质，以免加重气道损伤。 content: 咳嗽可能是感冒、支气管炎等疾病引起的，如果出现咳嗽症状，患者可以遵医嘱使用康隆无糖型强力枇杷露进行治疗，此药物属于中成药，止咳效果较好。康隆无糖型强力枇杷露能够对症治疗，其选用道地药材，安全性较高，药物效果较好。该药物通过“君臣佐使”的配伍方式，将中枢镇咳与周围镇咳相结合，具有双重镇咳功效，还能稀释痰液，通过增强纤毛运动促进痰液排出。同时，该药还具有抑菌、抗炎的作用，能够抑制金黄色葡萄球菌、链球菌等致病菌、炎症因子的释放。""使用中成药治疗的同时，患者也可以结合西药进行治疗，若患者出现发热的症状，可以遵医嘱联合使用对乙酰氨基酚片解热镇痛；如果合并细菌感染，则可联用阿奇霉素胶囊缓解敏感菌感染引发的不适症状。在日常生活中，建议患者多喝温开水，缓解咽喉瘙痒，促进身体新陈代谢，有利于身体恢复。如果患者吸烟，需要暂时戒烟，同时避免吸入油烟、二手烟等刺激性物质，以免加重气道损伤。",网易新闻客户端,博禾医生,2025-09-23 10:40:50,http://m.163.com/local/article/KA4RFTSE0552AL83.html,未知,戒烟,中性,报道事实类
202501014,县疾病预防控制中心开展2025年校园控烟知识讲座,title: 县疾病预防控制中心开展2025年校园控烟知识讲座 content: 近日，县疾病预防控制中心联合石家庄市疾病预防控制中心开展“2025年校园控烟知识讲座”。讲座现场，市疾控中心相关负责人用通俗易懂、生动活泼的语言，结合实际案例，为石家庄自立高级中学全体高一学生详细剖析了传统烟草与电子烟中所含的有害物质，以及这些物质对学生身心造成的长期不良影响，让学生认识到了校园控烟的重要性，引导大家牢固树立“每个人是自己健康第一责任人”的理念，倡导无烟健康的生活方式。 此次讲座，让学生们对控烟与健康的认知更为深入，参与控烟行动的自觉性和责任感大幅提升。学生们纷纷表示，今后会主动拒绝烟草，并积极劝阻他人吸烟。 本次活动中，县疾控中心精心设置了控烟知识问答环节，发放了控烟宣传单、宣传册700余份。接下来，县疾控中心将持续发力，深入校园、社区、农村开展禁烟科普活动，不断扩大控烟宣传的覆盖面与影响力，为构建无烟社会环境贡献力量。,冀云正定客户端,未知,2025-09-23 09:46:48,http://jiyunzhengding.hebyun.com.cn/pages/2025/09/23/02f44a79965f4eadadd3ece48c8f7e49.html,未知,控烟,中性,报道事实类
2025010162,"从口粮烟到奢侈品？利群涨价刺痛多少平民烟袋
 
捏着20块在便利店柜台前犹豫的瞬间，大概是每个老烟民最近的常态。十年前刚入社会时，揣着13块就能换来一包利群的踏实，如今有的地区标价18元，有的地区价飙到19元，涨得比工资还猛。
 
月薪没翻倍，烟价倒先跑赢了CPI。浙江老乡说能找到13.5元的批发价",title: 从口粮烟到奢侈品？利群涨价刺痛多少平民烟袋 捏着20块在便利店柜台前犹豫的瞬间，大概是每个老烟民最近的常态。十年前刚入社会时，揣着13块就能换来一包利群的踏实，如今有的地区标价18元，有的地区价飙到19元，涨得比工资还猛。 月薪没翻倍，烟价倒先跑赢了CPI。浙江老乡说能找到13.5元的批发价 summary: 来评论区聊聊你的烟袋经济学\ n #你还抽利群嘛？ content: 从口粮烟到奢侈品？利群涨价刺痛多少平民烟袋\n \n捏着20块在便利店柜台前犹豫的瞬间，大概是每个老烟民最近的常态。十年前刚入社会时，揣着13块就能换来一包利群的踏实，如今有的地区标价18元，有的地区价飙到19元，涨得比工资还猛。\n \n月薪没翻倍，烟价倒先跑赢了CPI。浙江老乡说能找到13.5元的批发价，可到了南昌，同款利群能卖到19-20元。有烟酒店老板透露，逢年过节价格还得再涨3 - 5%，整条囤货省出的钱够买两斤猪肉，却架不住这年复一年的涨幅。\n \n更扎心的是社交尴尬。以前递利群是“平民硬通货”，现在掏烟前得先摸口袋。有工友吐槽：“红塔山换了三代包装，利群倒是把价格换了代”。便利店的标价牌总糊着一层灰，老板说“随行就市”，其实是方便根据库存随时调价。\n \n税收控烟的大道理都懂，可老烟民的难处谁懂？想戒舍不得那口习惯，想抽又肉痛这开销。有人算过账，按一天一包算，一年烟钱比十年前多花两千块，够给孩子买个不错的学习桌了。\n \n你那儿的利群涨到多少？这波涨价，到底是帮你戒了烟，还是让你换成了更便宜的牌子？来评论区聊聊你的烟袋经济学\n#你还抽利群嘛？#,今日头条客户端,未知,2025-09-23 09:44:17,http://www.toutiao.com/article/1844017215150281/,浙江省,控烟,中性,评论观点类
202501013,真不愧是一代宗师，说戒烟立马就戒了,"title: 真不愧是一代宗师，说戒烟立马就戒了 summary: 真不愧是一代宗师，说戒烟立马就戒了&lt;VIDEO SRC=""https://flv3.bn.netease.com/01c77f77a6b3b0ca11da3b83bb1f058dm3u8""&lt;/VIDEO。 content: 真不愧是一代宗师，说戒烟立马就戒了 &lt;VIDEO SRC=""https://flv3.bn.netease.com/01c77f77a6b3b0ca11da3b83bb1f058deb1903aff85a05fc2b3aa03d779b9a2f482ee48ef7350143e9d91a51e7397823d71f4b2f0ed256b84dfa9c1d0b17bed40dda40f38c607a2280f2ed68767b2f4763a9ec6d1cbeb2e88b88b20e28d7cbda1ac499c44c2b4ba8fb1e16db80c271cd710d8a14010dfd2f.m3u8""&lt;/VIDEO",网易新闻客户端,欧克追剧,2025-09-23 09:12:56,http://m.163.com/v/video/VF96SPQ9G.html,未知,戒烟,中性,评论观点类
2025010164,沃尔谈球员生活方式: 放纵与自律的篮球思辨,title: 沃尔谈球员生活方式: 放纵与自律的篮球思辨 content: 北京时间 9 月 23 日，刚宣布退役的沃尔在一档播客节目中，就兰德尔戒烟以保持清醒头脑和竞技状态的话题，分享了独特见解。他指出，不同球员应对生活方式的选择大相径庭，部分球员即便打破常规生活，也能克服重重困难，在赛场上大放异彩。 沃尔感慨道：“但你得清楚，有些人即便生活放纵，依旧能维持良好状态，而有些人却不行。就好比有些人每晚喝酒，可上场依旧能砍下 30 分。毕竟每个人的身体状况各异。真的有人能通宵达旦地喝酒，休息没多少，第二天上场还能狂砍 40 分。” 沃尔的话语，揭示了球员个体在身体素质、恢复能力等方面存在的巨大差异，这些差异使得不同球员对生活方式的适应性截然不同。 沃尔的这番言论，与兰德尔的亲身经历形成了鲜明对比。本月早些时候，前尼克斯前锋兰德尔透露，戒烟让他重新找回了赛场内外的清醒与专注。他坦言，吸烟那段时间，自己无论是在球场上还是生活中，都变得麻木、与人疏离。而戒掉烟瘾后，他不仅能更全身心地陪伴家人，与队友相处也更加融洽。值得一提的是，兰德尔的这一转变，恰好与他在森林狼的状态复苏同步。凭借出色发挥，他助力森林狼一路杀进西部决赛，也因此获得一份三年 1 亿美元的续约合同，可谓事业家庭双丰收。 兰德尔的经历无疑是自律带来积极改变的典型案例。他通过戒掉不良习惯，重新掌控自己的生活和职业生涯，展现出强大的自我约束能力和对篮球事业的执着追求。而沃尔提到的那些即便生活放纵仍能保持状态的球员，虽然令人惊叹，但毕竟是少数个例。对于大多数球员来说，保持健康的生活方式，无疑是维持良好竞技状态的基础。 在职业篮球的舞台上，球员们面临着各种诱惑和挑战，如何平衡生活与篮球事业，是他们必须面对的课题。兰德尔的故事告诉我们，自律能带来积极的改变，帮助球员在职业生涯中走得更远。而沃尔的观点也提醒我们，每个球员都是独特的个体，在追求篮球梦想的道路上，需要找到最适合自己的生活方式。 无论是选择自律还是在放纵中寻求平衡，最终目的都是在赛场上展现出最佳状态。篮球世界丰富多彩，不同的生活方式选择，也为这个舞台增添了别样的色彩与故事。 【关注我！了解最新最靠谱的篮球资讯动态】,UC浏览器客户端,未知,2025-09-23 09:09:56,http://mparticle.uc.cn/article.html?uc_param_str=frdnsnpfvecpntnwprdssskt&wm_aid=1d5594ad6a424cdf80599409e997c78e&wm_id=3736230a3f3e4375b69c036eb8385d09,北京市,戒烟,中性,评论观点类
2025010113,远离烟草危害 守护健康青春——济源市沁园中学开展“烟草危害知识教育”主题班会,"title: 远离烟草危害 守护健康青春——济源市沁园中学开展“烟草危害知识教育”主题班会 summary: 为加强青少年控烟宣传教育，提高学生对烟草危害的认识，倡导健康生活方式，济源市沁园中学于9月22日组织开展了烟草危害知识教育主题班会。2023级班主任卢王张老师这样教育学生：青少年正处于身体发育关键期，要自觉抵制烟草诱惑，养成健康生活习惯，同时争做控烟宣传小卫士，带动身边人共同营造无烟环境。 content: 为加强青少年控烟宣传教育，提高学生对烟草危害的认识，倡导健康生活方式，济源市沁园中学于9月22日组织开展了“烟草危害知识教育”主题班会。班会通过“知识讲解+互动讨论+案例警示”的形式展开。班主任老师们提前制作了内容丰富的PPT，用图文并茂的方式向同学们详细讲解了烟草中的有害成分，特别是尼古丁、焦油等对人体呼吸系统、心血管系统的危害。随后，同学们分组讨论吸烟对青少年生长发育的影响，并结合身边事例分享感受。班会还播放了烟草危害科普视频，通过真实案例和数据，让同学们深刻认识到吸烟不仅损害个人健康，还会影响家庭和社会。2023级班主任卢王张老师这样教育学生：青少年正处于身体发育关键期，要自觉抵制烟草诱惑，养成健康生活习惯，同时争做控烟宣传小卫士，带动身边人共同营造无烟环境。“原来吸烟会导致这么多疾病，还会让人上瘾，太可怕了！我以后一定要远离烟草，也会劝家人戒烟。”2023级7班的一个同学在班会后感慨道。此次主题班会有效增强了同学们的控烟意识，为创建无烟校园、促进青少年健康成长奠定了良好基础。（通讯员 郭静楠 朱建国）""",一点资讯客户端,河南日报,2025-09-23 09:03:17,http://www.yidianzixun.com/article/13RBV9fF,未知,控烟、戒烟,正面,报道事实类
2025010112,远离烟草危害 守护健康青春——济源市沁园中学开展“烟草危害知识教育”主题班会,title: 远离烟草危害 守护健康青春——济源市沁园中学开展“烟草危害知识教育”主题班会 content: 为加强青少年控烟宣传教育，提高学生对烟草危害的认识，倡导健康生活方式，济源市沁园中学于9月22日组织开展了“烟草危害知识教育”主题班会。 班会通过“知识讲解+互动讨论+案例警示”的形式展开。班主任老师们提前制作了内容丰富的PPT，用图文并茂的方式向同学们详细讲解了烟草中的有害成分，特别是尼古丁、焦油等对人体呼吸系统、心血管系统的危害。随后，同学们分组讨论吸烟对青少年生长发育的影响，并结合身边事例分享感受。班会还播放了烟草危害科普视频，通过真实案例和数据，让同学们深刻认识到吸烟不仅损害个人健康，还会影响家庭和社会。 2023级班主任卢王张老师这样教育学生：青少年正处于身体发育关键期，要自觉抵制烟草诱惑，养成健康生活习惯，同时争做控烟宣传小卫士，带动身边人共同营造无烟环境。 “原来吸烟会导致这么多疾病，还会让人上瘾，太可怕了！我以后一定要远离烟草，也会劝家人戒烟。”2023级7班的一个同学在班会后感慨道。 此次主题班会有效增强了同学们的控烟意识，为创建无烟校园、促进青少年健康成长奠定了良好基础。（通讯员 郭静楠 朱建国）,河南日报客户端,未知,2025-09-23 09:02:45,http://app-api.henandaily.cn/mobile/view/news/491741941784903680556345,未知,控烟、戒烟,正面,报道事实类
202501018,医生发现：男性若开始戒烟，用不了多长时间，肺部或会出现3变化,title: 医生发现：男性若开始戒烟，用不了多长时间，肺部或会出现3变化 summary: 医生发现：男性若开始戒烟，用不了多长时间，肺部或会出现3变化 content: 医生发现：男性若开始戒烟，用不了多长时间，肺部或会出现3变化,搜狐新闻客户端,既然肥胖更不可不健康,2025-09-23 09:01:00,http://m.tv.sohu.com/v/dXMvMzM4NDUwMjkwLzY3NDQ0MzYwNS5zaHRtbA==.html,未知,戒烟,中性,报道事实类
2025010116,连续10年全球死亡率第一！嵊州人，记得做这项检查！,title: 连续10年全球死亡率第一！嵊州人，记得做这项检查！ content: 国际癌症研究机构（IARC）最新数据显示：肺癌是全球发病率和死亡率均排名第一的癌症，连续10年位居全球癌症死亡率首位。 根据国家癌症中心最新公布的数据，我国肺癌发病率、死亡率都占恶性肿瘤第一位。专家表示，这与当前生活节奏加快、工业化水平提高、抽烟人数递增存在一定关系。 肺癌早期通常无症状戒烟是最有效的预防措施 数据显示，目前全球平均每分钟约有4～5人确诊肺癌，每分钟约3～4人患病去世。研究机构呼吁，公众应从源头遏制肺癌激增，其防治核心在于“早发现早诊断早治疗”。 肺癌早期通常无症状。2012年以前，我国主要通过拍胸片来筛查，近年来，随着低剂量螺旋CT的普及，肺癌早期检出率可提升至90%。 北京大学肿瘤医院胸外一科主任陈克能建议，高危人群应该有规律地每年做一次CT筛查。 专家还指出，戒烟是预防肺癌最有效的措施。数据显示，戒烟10年后，肺癌风险可降低50%以上。“戒烟15年，才能达到和不抽烟的个体一样的肺癌发病概率。”陈克能表示。 低剂量螺旋CT有辐射非高危人群不必每年进行筛查 目前，我国推广社区CT筛查肺癌。专家强调，低剂量螺旋CT有一定辐射，非高危人群不必每年进行筛查，即便发现肺部有磨玻璃样结节，也不必过度紧张，按医嘱就诊即可。 如果是纯磨玻璃样结节，没有实性成分，就不要过度惊慌； 如果结节位置不在胸膜下，又不在叶间裂，也不必紧张，没有必要每年做一次CT。 陈克能表示，对大多数筛查发现的磨玻璃样小结节要谨慎解读，它生长得非常缓慢，可以给它一定的冷静期进行观察，不建议过度治疗。 随着我国医学进步，肺癌患者治疗已有明显突破，磨玻璃样结节的肺癌，5～10年的生存率接近100%，实性肿块一期肺癌的5年生存率约为70%～80%。,爱嵊州客户端,未知,2025-09-23 06:09:00,http://app.tmuyun.com/webDetails/news?id=17203466&tenantId=25&uid=661e0b4bf34e163b76445621,浙江省,戒烟,中性,报道事实类
202501019,尿酸高戒烟限酒 vs 放任不管,title: 尿酸高戒烟限酒 vs 放任不管 summary: 在我日常坐诊的时候，经常碰到一些尿酸高的患者，他们有个常见的误区，觉得尿酸高只要控制饮食，少吃高嘌呤食物就行，抽烟喝酒没啥大影响。所以说，尿酸高的朋友们一定要重视戒烟限酒，再结合健康的生活方式，比如合理饮食、适当运动，这样才能更好地控制尿酸水平，让身体更健康。 content: 在我日常坐诊的时候，经常碰到一些尿酸高的患者，他们有个常见的误区，觉得尿酸高只要控制饮食，少吃高嘌呤食物就行，抽烟喝酒没啥大影响。每次遇到这样的患者，我都会好好跟他们解释为啥尿酸高要戒烟限酒。先说说吸烟。烟这东西，大家都知道对身体不好，但可能不清楚它是怎么影响尿酸的。吸烟会让血管收缩，就好比水管被捏住了，水流就不顺畅。我们身体里的血管也是这样，血管收缩后，肾脏的血液循环就变差了。肾脏是负责排泄尿酸的重要器官，血液循环不好，肾脏的工作效率就会降低，尿酸就不能顺利地排出去，在身体里越积越多，尿酸水平自然就升高了。而且长期吸烟还会影响身体的代谢功能，让身体处理尿酸的能力变得更差。打个比方，身体就像一个工厂，原本能正常生产和处理尿酸，但吸烟就像是给这个工厂捣乱，让它不能好好工作，尿酸问题就越来越严重。再讲讲酒精和尿酸的关系。酒精和尿酸生成的关联可大了。就拿啤酒来说，啤酒里含有很多嘌呤，嘌呤在身体里会转化成尿酸。你喝啤酒的时候，就相当于往身体里直接倒入了很多尿酸的“原料”，尿酸自然就容易升高。另外，乙醇在身体里代谢的产物会和尿酸竞争排泄通道。这就好比一条路本来是给尿酸走的，结果乙醇代谢产物也来抢着走，把路堵住了一部分，尿酸就没办法顺利通过，只能留在身体里。除了啤酒，其他酒类也或多或少有这样的问题，所以尿酸高的人一定要注意限酒。既然烟酒对尿酸有这么大的影响，那该怎么戒断呢？对于戒烟，刚开始肯定会很难受，毕竟烟瘾不是那么容易戒掉的。可以先从减少吸烟的频率开始，比如以前一天抽一包，现在先减到一天半包。也可以找点其他事情来转移注意力，像嚼口香糖、吃坚果，或者去运动。运动不仅能让你忘掉想抽烟的念头，还对身体有好处，能提高身体的代谢能力，帮助降低尿酸。限酒的话，要给自己定个目标，逐渐减少饮酒量。如果以前每天都喝酒，那就先改成一周喝一两次。要是实在想喝酒，可以选择一些酒精度数低的，而且要控制量。也可以用其他饮料来替代酒，像果汁、茶，这些既健康又能满足口渴的需求。我给大家讲个真实的例子。有个患者，尿酸高好长时间了，一直降不下来。他平时烟不离手，酒也经常喝。我跟他说了戒烟限酒的重要性后，他一开始不太愿意，但后来想想身体越来越差，就决定试试。他先是慢慢减少吸烟和喝酒的量，然后彻底戒掉。几个月后再来复查，尿酸水平明显下降了，身体的一些不适症状也减轻了。他自己也说，戒掉烟酒之后，感觉身体轻松多了，精神头也好多了。所以说，尿酸高的朋友们一定要重视戒烟限酒，再结合健康的生活方式，比如合理饮食、适当运动，这样才能更好地控制尿酸水平，让身体更健康。,百度有驾客户端,乐活生活记录,2025-09-23 05:58:25,http://m.yoojia.com/pages/articleDetail/index?nid=10166544256639513634&type=article,广东省,戒烟,中性,评论观点类
2025010154,9月22日河南郑州（发布），20多岁开始抽烟 烟龄30多年确诊慢阻肺，“走几十米就喘 离不开呼吸机 靠吸氧来维持”，男子：最好是不抽，烟不是好东西#抽烟有害健康 #戒烟,"title: 9月22日河南郑州（发布），20多岁开始抽烟 烟龄30多年确诊慢阻肺，“走几十米就喘 离不开呼吸机 靠吸氧来维持”，男子：最好是不抽，烟不是好东西#抽烟有害健康 #戒烟 content: &lt;VIDEO SRC=""https://dvod.dingxinwen.cn/fw/20250923/v02ceag10004d38olaaljht35cb7nk20.mp4""&lt;/VIDEO",顶端新闻客户端,未知,2025-09-23 01:45:26,http://static.dingxinwen.com/dd-sharepage/detail/index.html?id=12462705#/,河南省,戒烟,中性,报道事实类
202501017,#现在的人都戒烟戒酒是为了什么?#一，因为会得病的肝病癌症,title: #现在的人都戒烟戒酒是为了什么?#一，因为会得病的肝病癌症 summary: #现在的人都戒烟戒酒是为了什么?#一，因为会得病的肝病癌症 content: #现在的人都戒烟戒酒是为了什么?#一，因为会得病的肝病癌症,今日头条客户端,未知,2025-09-23 00:52:58,http://www.toutiao.com/article/1843983788053504/,未知,戒烟,中性,评论观点类
2025010117,100个烟民中，最后会有几个人得肺癌？英国癌症研究给出答案,"title: 100个烟民中，最后会有几个人得肺癌？英国癌症研究给出答案 summary: 抽了几十年烟的人，最后真的都会得肺癌吗？英国癌症研究机构追踪了几十万人的健康数据，得出结论：吸烟者一生中患肺癌的几率是非吸烟者的15到30倍。并不是每个烟民都会得肺癌，但每个得肺癌的病人里，将近九成有吸烟史。为了方便大家阅读理解，部分故事情节存在虚构成分，意在科普健康知识，如有身体不适请线下就医。 content: ""“抽了几十年烟的人，最后真的都会得肺癌吗？”这个问题，不少烟民心里都藏着。但大多数人都不敢细想。真要算一笔生命的“账”，100个人抽烟，最后会有多少人走到肺癌这一步？英国癌症研究机构给出的答案令人沉默：大约13人。""这个数字不是拍脑袋拍出来的，而是基于大量的长期随访研究。听起来不多？但别急着松口气，这13个人的背后，是一个个真实的生命故事，是一个个被呼吸困住的日子。“我爷爷抽了一辈子烟，活到90岁，没得癌！”几乎每个烟民身边都有这样的例子。人们便觉得自己也能像他那样“命硬”。但医学不是讲个例的学科，它讲概率。就像买彩票，大多数人没中奖，但有人中一次头奖，就觉得自己也能中。肺癌的可怕，不光是病本身，更在于它的“沉默”。它前期几乎没有明显症状，不咳、不喘、不疼，一旦发现，往往已经是中晚期。这就像一个躲在黑暗角落的敌人，你看不见它，却在悄悄地逼近。""抽烟和肺癌的关系，早在几十年前就已经被反复确认。英国癌症研究机构追踪了几十万人的健康数据，得出结论：吸烟者一生中患肺癌的几率是非吸烟者的15到30倍。这个倍数并不是吓人的修辞，而是靠数据撑起来的冷冰冰的现实。并不是每个烟民都会得肺癌，但每个得肺癌的病人里，将近九成有吸烟史。这是个让人无法忽视的警告信号。就像一场大火，虽然不是每根火柴都会点燃森林，但森林起火时，基本都有火柴的影子。有些人会说：“我已经戒了十年了，还会得吗？”答案是——有可能，但风险会随着戒烟年限逐渐下降。根据研究，戒烟5年后，肺癌的风险下降约一半；戒烟10~15年后，风险接近从未吸烟者。但注意，是“接近”，不是“归零”。""肺癌不是唯一的威胁，吸烟还会引发慢性阻塞性肺疾病、心脑血管疾病、口腔癌、喉癌等一连串问题。而这些病，往往比肺癌来的更早、更难缠、更折磨人。有的病人还没得癌，就已经因为肺气肿常年吸不上气，走几步路都喘得脸发青。在临床上经常能见到这样的场景：一个60多岁的男性，咳嗽咳了两三年没当回事，突然开始咳血，检查一看，肺部已经长了一个拳头大小的肿块。家人哭着问医生：“怎么会突然就这样？”它一点也不突然，只是一直被忽视罢了。吸烟者常常陷入一个误区，觉得“我已经抽了几十年了，现在戒也没用了”。但医学上从来没有“太迟”这一说。哪怕已经抽了40年，戒烟的那一刻起，身体的修复机制就开始启动。""肺部的纤毛会慢慢恢复，血液循环会改善，心肺功能也会逐渐提升。还有一个常见谬误是：“我只抽一点点，没事的。”殊不知，哪怕每天只抽一根烟，肺癌的风险也比从不吸烟者高两倍以上。而且被动吸烟者——也就是身边人，尤其是孩子和老人，风险更高，因为他们的肺本就更脆弱。在某公共场所曾做过一次有趣的实验：在一个密闭房间里点燃一支香烟，5分钟后，空气中PM2.5指数飙升至严重污染级别。这比一整天待在雾霾天还可怕。换句话说，吸烟不只是伤自己，更是对家人的“慢性谋害”。说句扎心的话：烟瘾，可以是自愿的；但肺癌，是全家的事。病床上的挣扎，手术后的疼痛，化疗时的呕吐，最后的无力呼吸……""没有一种痛苦是一个人能扛得住的，背后一定是家人的陪伴和心碎。还有人以为电子烟就“健康”多了。但最新研究已经表明，电子烟中的某些化学成分对肺部同样具有刺激和致病作用。电子烟不是“无害替代品”，它只是换了个“马甲”的烟。有人问医生：“那我控制着抽点，抽过滤嘴的，是不是就安全了？”答案依旧是否定的。过滤嘴并不能过滤掉致癌物，所谓“低焦油”也只是相对值，依然存在巨大风险。而且很多人抽“低焦油”烟时，反而吸得更深、更用力，摄入的有害物质反而更多。历史上早有教训。早年间有种“医用香烟”，声称对肺结核有好处，后来才发现是极大的谬误。医学的进步，是建立在无数错误和牺牲之上的。""很多烟民想戒烟，但总觉得戒不了。戒烟不是靠毅力，而是靠方法。像尼古丁替代疗法（贴片、口香糖）、戒烟门诊的行为干预、心理疏导、药物治疗等，都是被验证有效的手段。别一个人硬扛，找专业医生帮忙，比自己瞎试强得多。医生在门诊见过太多“后悔”的病人。他们不是不想戒，而是一直觉得“还有时间”。但疾病从不会等人，它来的时候，从不打招呼。就像一场突如其来的暴雨，你再后悔没带伞，也已经湿透了。肺癌的治疗难度高，生存率低。根据某研究，肺癌五年生存率不足20%。而且治疗费用高昂，不止是经济压力，精神和身体的折磨也是双倍的。""有的病人说，最痛苦的不是病，而是每天看着家人流泪却无能为力。如果说，人生是一场马拉松，那吸烟就是在这场比赛中，自己往身上绑了一个沙袋。跑得快慢不重要，关键是能不能跑到底。而戒烟，就是把那个沙袋卸下来，让身体轻松一点，未来多一点希望。预防肺癌最有效的方式，不是筛查，也不是做CT，而是——从不开始吸烟，或者尽早戒烟。CT能早发现，但不能阻止它发生；而不吸烟，则是从源头切断风险。有人说：“活着就会生病，总不能什么都怕。”这话没错。但怕该怕的，是一种智慧。吸烟不是生活必需品，是完全可以避免的伤害。""写到这里，不是为了吓唬谁。而是想让每一个还在抽烟、还在犹豫要不要戒烟的人，知道：你手里那支烟，可能不是放松，而是点燃了一个定时炸弹。不要等到咳血了，才想起来戒烟；不要等到CT里出现阴影，才问医生“还能不能治”。人生有些路，可以回头；但有的错，一旦发生，就再也回不去了。戒烟永远不晚，晚的是你还在观望。参考文献： [1]张建中,陈晓红.吸烟与肺癌的关联机制及我国防控策略建议[J].中国肿瘤临床,2024,51(3):145-150. [2]国家癌症中心.中国肺癌数据年度报告（2023）[R].北京:国家癌症中心,2023. [3]王芳,刘明.电子烟对肺部健康影响的研究进展[J].中华预防医学杂志,2025,56(4):312-316.声明：本文内容均是根据权威医学资料结合个人观点撰写的原创内容，为了方便大家阅读理解，部分故事情节存在虚构成分，意在科普健康知识，如有身体不适请线下就医。声明：取材网络、谨慎鉴别",网易新闻客户端,牛锅巴小钒,2025-09-23 00:31:54,http://m.163.com/local/article/KA3OLBNS0553VFLH.html,北京市,戒烟,中性,报道事实类
2025010161,武进区组建16个省级患者自我管理小组,title: 武进区组建16个省级患者自我管理小组 content: 健康无小事，管理是关键。近日，省级慢阻肺患者自我管理小组在西湖街道社区卫生服务中心开展首次互动学习活动，这也标志着我区16个医患共建的疾病管理小组开始系统开展科学控病实践。 慢阻肺作为可防可治的慢性病，长期面临知晓率低、治疗率低、检查率低的三低难题。据悉，我区今年组建的16个小组实行病种分类管理：5个高血压小组重点开展限盐干预，5个糖尿病小组推行血糖监测打卡，2个骨质疏松小组强化补钙指导，4个慢阻肺小组侧重呼吸训练。自我管理小组将通过设计10节标准化课程，重点培养患者自我管理能力。课程涵盖疾病认知、戒烟干预、营养运动等模块，由专业的医护人员进行指导。 据区疾控中心数据显示，这种分层管理模式已覆盖2500余名慢性病患者，规范管理率提升至82%，通过建立“患者—社区—医院”三级联动平台，将自我管理经验转化为标准化的服务包。目前，我区正探索将小组活动纳入家庭医生签约服务，实现镇（街道）全覆盖。 记者：施劼婧 编辑：蒋彩婷 审核：陈伟强 来源：武进日报 未经许可 严禁转载 --下载爱武进APP阅读全文--,爱武进客户端,未知,2025-09-23 00:00:00,http://app.wjyanghu.com:5443/files/static_html/1758596682.html,江苏省,戒烟,正面,报道事实类
2025010167,沙坪坝区数字化城市管理中心开展2025年全民健康生活方式宣传月活动,title: 沙坪坝区数字化城市管理中心开展2025年全民健康生活方式宣传月活动 summary: 沙坪坝区数字化城市管理中心开展2025年全民健康生活方式宣传月活动为积极响应国家关于推进全民健康生活方式行动的号召，提高公众健康意识，养成良好的健康生活习惯，沙坪坝区数字化城市管理中心于9月23日开展了以培养健康生活方式。筑牢家庭健康基石为主题的2025年全民健康生活方式宣传月活动。 content: 为积极响应国家关于推进全民健康生活方式行动的号召，提高公众健康意识，养成良好的健康生活习惯，沙坪坝区数字化城市管理中心于9月23日开展了以“培养健康生活方式，筑牢家庭健康基石”为主题的2025年全民健康生活方式宣传月活动。 活动期间，沙坪坝区数字化城市管理中心的志愿者们充分利用大厅大屏，开展健康知识讲解活动。志愿者们结合生动的图片、视频资料，深入浅出地为群众讲解了“三减三健”（减盐、减油、减糖，健康口腔、健康体重、健康骨骼）、合理膳食、适量运动、戒烟限酒、心理平衡等健康生活方式的核心内容。同时，针对干部职工关心的健康问题，比如在日常生活中如何减少盐油糖的摄入、怎样进行科学有效的运动等，志愿者们进行了耐心细致的解答，受到了广泛好评。为了进一步扩大宣传效果，数字中心还在办公区域公告栏张贴了一系列全民健康生活方式相关的宣传内容和海报。这些宣传资料内容丰富、形式多样，涵盖了健康生活方式的各个方面，以直观易懂的方式传递了健康知识。 通过本次全民健康生活方式宣传月活动，数字中心有效地传播了健康生活理念，提高了干部职工对健康生活方式的认识和重视程度，营造了良好的健康生活氛围。在未来的工作中，数字中心将继续积极参与和组织各类健康宣传活动，为提高全民健康素养贡献力量。,沙坪坝区人民政府,未知,2025-09-23 18:10:28,http://www.cqspb.gov.cn/bm/qcgj_63605/sy_63606/bmdt_63608/202509/t20250923_15035495.html,未知,戒烟,中性,报道事实类
202501016,远离烟草危害 守护健康青春——济源市沁园中学开展“烟草危害知识教育”主题班会,title: 远离烟草危害 守护健康青春——济源市沁园中学开展“烟草危害知识教育”主题班会 summary: 远离烟草危害守护健康青春——济源市沁园中学开展烟草危害知识教育主题班会济源网讯为加强青少年控烟宣传教育，提高学生对烟草危害的认识，倡导健康生活方式，济源市沁园中学于9月22日组织开展了烟草危害知识教育主题班会。此次主题班会有效增强了同学们的控烟意识，为创建无烟校园、促进青少年健康成长奠定了良好基础。 content: 济源网讯 为加强青少年控烟宣传教育，提高学生对烟草危害的认识，倡导健康生活方式，济源市沁园中学于9月22日组织开展了“烟草危害知识教育”主题班会。 班会通过“知识讲解+互动讨论+案例警示”的形式展开。班主任老师们提前制作了内容丰富的PPT，用图文并茂的方式向同学们详细讲解了烟草中的有害成分，特别是尼古丁、焦油等对人体呼吸系统、心血管系统的危害。随后，同学们分组讨论吸烟对青少年生长发育的影响，并结合身边事例分享感受。班会还播放了烟草危害科普视频，通过真实案例和数据，让同学们深刻认识到吸烟不仅损害个人健康，还会影响家庭和社会。 “原来吸烟会导致这么多疾病，还会让人上瘾，太可怕了!我以后一定要远离烟草，也会劝家人戒烟。”2023级7班的一个同学在班会后感慨道。2023级班主任卢王张老师这样教育学生：青少年正处于身体发育关键期，要自觉抵制烟草诱惑，养成健康生活习惯，同时争做控烟宣传小卫士，带动身边人共同营造无烟环境。 此次主题班会有效增强了同学们的控烟意识，为创建无烟校园、促进青少年健康成长奠定了良好基础。(郭静楠 朱建国),济源网,未知,2025-09-23 16:55:28,http://www.jyrb.cn/content/202509/23/c_303991.html,未知,控烟、戒烟,正面,报道事实类
202501013,安居苑社区利用电子屏开展控烟宣传 共建健康无烟环境,title: 安居苑社区利用电子屏开展控烟宣传 共建健康无烟环境 summary: 安居苑社区利用电子屏开展控烟宣传共建健康无烟环境为切实保障居民身体健康，倡导文明健康的生活方式，近日，合肥市蜀山区西园街道安居苑社区新时代文明实践站积极行动，充分利用辖区内的各类电子显示屏，持续开展控烟宣传活动。 content: 为切实保障居民身体健康，倡导文明健康的生活方式，近日，合肥市蜀山区西园街道安居苑社区新时代文明实践站积极行动，充分利用辖区内的各类电子显示屏，持续开展控烟宣传活动。 社区在服务中心大厅、小区主要出入口、文化活动中心等处的电子屏上，循环播放“拒绝烟草，拥抱健康”、“为了您和家人的健康，请勿吸烟”等醒目的宣传标语和生动的公益广告画面。这些宣传内容以直观的方式，向居民普及吸烟及二手烟对健康的严重危害，强调无烟环境的重要性，引导大家自觉抵制吸烟行为，鼓励吸烟者主动戒烟。 此次持续的电子屏宣传，覆盖范围广，视觉冲击力强，有效增强了居民的控烟意识和自我保护能力，在社区内营造了“人人关注健康、人人参与控烟”的良好社会氛围。许多居民表示，这样的宣传提醒非常必要，将从我做起，共同维护洁净、健康的社区生活环境，为创建文明和谐社区贡献力量。（储芳芳 孙雨静）,安徽新闻网,未知,2025-09-23 15:29:25,http://sqr.ahnews.com.cn/news/2025/09/23/c_791263.htm,未知,控烟、戒烟,正面,报道事实类
2025010151,叶青看财经3112：理性喝饮：为了健康,title: 叶青看财经3112：理性喝饮：为了健康 summary: 叶青看财经3112：理性喝饮：为了健康不管是AI医生，还是真的医生，都会要求你戒烟限酒。中国烟草行业的税收持续增长：2024年，烟草行业实现工商税利总额16008亿元，上缴财政总额15446亿元，同比增长2.8%，两者均创下历史新高。 content: 不管是 AI 医生，还是真的医生，都会要求你“戒烟限酒”。 都戒烟了财政就困难了。 中国烟草行业的税收持续增长： 2024 年，烟草行业实现工商税利总额 16008 亿元，上缴财政总额 15446 亿元，同比增长 2.8% ，两者均创下历史新高。 2023 年，烟草行业实现工商税利总额 15217 亿元，同比增长 5.6% ；实现财政总额 15028 亿元，同比增长 4.3% 。 烟草行业上缴的财政总额约占全国一般公共预算收入的 7% 。若仅计算税收部分，则约占全国税收收入的 8.8% 。 中国对烟草行业实行复合税制，税收嵌入烟草生产、销售的全链条。以 2020 年一包零售均价为 18.69 元的卷烟为例： 税收总额约为 9.05 元，占零售价格的 48.4% 。其中： 消费税是核心，约占烟草总税收的 65% ，通过“从价 + 从量”复合计征，直接发挥“寓禁于征”的调控作用。 增值税约占 24% 。 附加税（包括城建税、教育费附加等）约占 10% ，主要用于地方公共服务建设。 烟叶税针对烟叶收购环节征收，税率 20% ，约占 1% ，间接保障烟农利益与原料供应稳定。 值得注意的是，我国卷烟的整体税负（ 48.4% ）远低于世界卫生组织建议的 75% 的水平，这意味着从“寓禁于征”的控烟角度看，税收调控仍有提升空间。 同样，酒也是贡献税收的。 2023 年，酒类行业的消费税收入约为 756 亿元，占全国消费税收入（约 1.61 万亿元）的 4.6% 。若放眼全国税收总额，酒类消费税的贡献度约为 4.1% 。 酒类消费税是全额上缴中央财政的。这对于一些白酒生产集中的省份（如四川、贵州）来说，是其对中央财政贡献的重要体现。 酒类税收，尤其是来自高端白酒的税收，对地方财政的支持也非常显著。例如，贵州省 2024 年的一般公共预算收入为 2169.62 亿元，而同年贵州茅台一家企业纳税就达 770.56 亿元，占比高达 35.5% 。 近日，我第一次听到一个词 “理性饮酒”。 2025 年全国理性饮酒宣传周将于 10 月 16 日在武汉正式启动，这是该活动举办的十周年，也是中国酒业协会酒与社会责任促进工作委员会成立十周年。 本届宣传周的主题是 “关爱成长，非成勿饮”，主会场启动仪式将在第 23 届中国国际酒业博览会期间举行。活动始终聚焦三大核心使命：“理性文明、拒绝酒驾”、“关爱成长、非成勿饮”和“适量饮酒、快乐生活”。 经过十年发展，该活动的影响力和规模显著提升： 影响人群从十年前的 3300 万人次跃升至如今的 5 亿人次。 覆盖城市从最初的 354 个扩展到 563 个。 在推动理性饮酒和预防酒驾方面取得了切实成效，数据显示酒驾查处量较 2011 年下降了 70% 。 今年活动在传播方式、国际交流和社会责任建设方面均有新突破： 全方位传播矩阵：在延续往年 “高铁计划”（覆盖 1038 个高铁站点的 28 万块屏幕）、“ 5X 计划”（联合全国大型餐饮店 5 万块屏幕）、“凤鸣计划”（一二线城市商圈户外 LED 大屏）的基础上，新增了“机场大屏”推广计划，将在全国 79 个主要机场展播宣传内容。 聚焦未成年人保护：除了主会场活动，还将在市场端开展 “万店承诺不向未成年人售酒”主题活动，并通过商圈科普展、 VR 模拟、线上答题等创新方式，以及家庭、餐厅、电商等高频场景渗透理念。 提升国际影响力与 ESG 建设：今年将首次发布“中国酒业 ESG 指数”和指数报告，并向多个国际组织发出邀约，携手发出理性饮酒联合倡议。中国酒类上市公司的 ESG 报告披露率已达到 80% 以上。 中国酒业正将社会责任视为产业可持续发展的核心动力，其责任实践从最初的 “理性饮酒”逐步拓展至 ESG 、产城融合、乡村振兴、文化弘扬等更广阔的领域。在环境治理方面，酿酒行业已减少二氧化碳排放超过 420 万吨，并通过节水措施节约了大量水资源。 2025 年全国理性饮酒宣传周通过多元化的创新传播和扎实的责任实践，持续引导公众树立理性饮酒观念，共同构建健康、文明、和谐的酒类消费环境。 理性饮酒最重要的就是量力而行。现在人工智能可以确定每个人能够喝几两。 仅需 20 分钟和一份唾液样本，就能现场揭示每个人的先天酒精代谢能力。 9 月 7 日， 在第十七届中国生物产业大会展区，华大智造展出的饮酒基因速测星盒 “ 饮鉴 ” ，吸引了众多逛展市民现场体验。 第一步是采样，采样前半小时不能抽烟、喝酒或吃东西。 先用手机连上速测盒的蓝牙，关注 “ 饮鉴 ” 小程序，以保证结果出来后第一时间拿到检测报告。随后，记者用一次性采样器在口腔内壁两侧轻轻擦拭各 15 下，无不适感。采样完成，试验员将拭子头插入配套的样本采集管。 第二步是开始检测，核心在于精准加样。取出两支分别标有 A 和 B 的小反应管，管底各有一颗极小的冻干球。这是 ‘ 黑科技 ’ 。通过真空冷冻干燥技术，把检测需要的酶都封在里面，能在常温下保存运输。 随后，试验员拿出盒里的加样笔加样： “ 这支笔，能保证每次加样量都非常精确。 ” 最后一步是上机读结果。 20 分钟后，记者看到速测盒五星全亮。与此同时，手机也提示检测报告已出。 这款创新产品采用了华大智造自主研发的 “ 微测序 ” 技术，用户只需简单操作就能完成自助采样和检测，实现 “ 样本进 — 结果出 ” 的一站式体验。犹如随身携带的 “ 迷你基因测序仪 ” ，能完成对 ADH1B （先天乙醇代谢能力，即饮酒上头基因）和 ALDH2 （先天乙醛代谢能力，即饮酒脸红基因）两大关键基因的 SNP 位点检测，以超 99% 的准确率评估用户的先天性酒精代谢能力，并将结果划分为 “ 一星酒渣 ”“ 二星酒怂 ”“ 三星酒徒 ”“ 四星酒仙 ”“ 五星酒神 ” 五个等级。 人工智能 + 喝酒。我 也 要试一试。 按量饮酒，才是健康的、理想的。 至于能不能开车，警察的测酒仪可以告诉你。网上也有。 于是乎，能不能喝酒？喝多少酒？酒后多少时间可以开车？人工智能都会告诉你的。理性饮酒。 “小酌怡情”是一句流传甚广的中式生活谚语，核心思想是少量、有节制地饮酒，可以愉悦身心、调节气氛；但其背后也隐含着一个重要的警示：一旦过量，便会伤身败兴。 健康就是 “三快”，吃得快、拉的快、睡得快。 一般来说，我会在睡前半个小时喝一两白酒，有助睡眠。 有一篇文章说： 睡觉是天下第一补，告诉你怎么睡 “ 最补 ” https://mp.weixin.qq.com/s/se3UlwGPCljYPdIB_D7bKw 。,今日湖北,未知,2025-09-23 15:28:26,http://www.hubeitoday.com.cn/post/586/221942,四川省,戒烟、控烟,中性,评论观点类
2025010160,川贝柠檬膏适合什么人,title: 川贝柠檬膏适合什么人 summary: 川贝柠檬膏适合什么人川贝柠檬膏适合肺热咳嗽、咽喉肿痛、痰多黏稠的人群，也适用于长期吸烟或处于干燥环境中需要润肺的人群。川贝柠檬膏主要由川贝母、柠檬、冰糖等制成，具有润肺止咳、清热化痰的功效。若咳嗽持续超过一周或伴有发热、胸痛等症状，应及时就医明确病因，不可依赖食疗延误治疗。 content: 川贝柠檬膏适合肺热咳嗽、咽喉肿痛、痰多黏稠的人群，也适用于长期吸烟或处于干燥环境中需要润肺的人群。川贝柠檬膏主要由川贝母、柠檬、冰糖等制成，具有润肺止咳、清热化痰的功效。 1、肺热咳嗽者 川贝柠檬膏中的川贝母性微寒，归肺经，能清肺热、化痰止咳，适合因风热犯肺或肺燥引起的咳嗽，症状表现为咳嗽频繁、痰黄黏稠、咽喉干痛。可与雪梨、枇杷等食材搭配增强润肺效果。风寒咳嗽者慎用。 2、咽喉肿痛者 柠檬富含维生素C和有机酸，配合冰糖能缓解咽喉黏膜炎症，改善因感冒、用嗓过度导致的咽喉红肿、声音嘶哑。饮用时建议含服缓慢咽下，避免刺激。糖尿病患者需控制冰糖用量。 3、长期吸烟者 烟草燥热易伤肺阴，川贝柠檬膏能滋阴润燥，减轻吸烟引起的干咳、咽痒症状。建议每日取10-15克冲服，连续使用不超过两周。需注意本品不能替代戒烟治疗。 4、干燥环境人群 秋冬季节或空调房内空气干燥，易引发呼吸道不适，川贝柠檬膏可作日常保健饮用。其中柠檬生津，川贝润燥，能预防因环境干燥导致的咽喉干涩、皮肤皲裂。可搭配罗汉果增强保湿效果。 5、痰多黏稠者 川贝母所含生物碱能稀释痰液，促进排出，对慢性支气管炎、哮喘等疾病引起的痰液黏稠有改善作用。痰稀色白属寒痰者不宜使用。服用期间忌食辛辣油腻，以免助湿生痰。 川贝柠檬膏性质平和，但脾胃虚寒者应减量服用，避免引起腹泻。儿童、孕妇及过敏体质者需在医师指导下使用。日常饮用时可搭配蜂蜜调节口感，但不宜与滋补类中药同服。若咳嗽持续超过一周或伴有发热、胸痛等症状，应及时就医明确病因，不可依赖食疗延误治疗。,复禾健康,未知,2025-09-23 12:04:39,http://tcms.fh21.com.cn/view/8495294.html,未知,戒烟,中性,报道事实类
2025010155,成都市高新区软件园D5栋公共区域吸烟情况投诉,title: 成都市高新区软件园D5栋公共区域吸烟情况投诉 summary: 成都市高新区软件园D5栋公共区域吸烟情况投诉您好！投诉地址为是成都市高新区软件园D5办公楼17层区域，现就办公楼内长期存在的楼道吸烟问题及物业不作为情况进行投诉，恳请相关部门介入处理。并对软件园D5单独开设办公楼控烟宣传教育讲座。 content: 您好！ 投诉地址为是成都市高新区软件园D5办公楼17层区域，现就办公楼内长期存在的楼道吸烟问题及物业不作为情况进行投诉，恳请相关部门介入处理。 一、问题描述 ： 自2018年起，办公楼17层楼道区域存在几家不同办公公司，不同公司业务人员长期频繁出现楼道公共区域吸烟行为，每日多次，烟雾弥漫整个楼道，楼道上有整层楼的公用卫生间、公用电梯，所以整层楼的人日常通行、入厕都会严重遭受二手烟伤害。另外烟雾还会弥漫至办公区域，对其他公司员工造成长期的健康影响，吸烟者主要为17楼公司业务人员，已多次被目击但拒绝劝阻，沟通物业均不提供任何作为。 楼道为封闭空间，二手烟导致PM2.5浓度超标，多名同事出现呼吸道不适，另有同事体检结果出现肺结节 。本人及同事已多次向物业反映，要求张贴禁烟标识、加强巡查，但物业均未采取任何行动。 二、具体诉求 ： 责令物业7日内在所有楼道张贴国家标准禁烟标识（尺寸不小于30cm×40cm，含举报电话）。 安排专职人员每日巡查并记录违规行为。尤其对17楼每家公司进行单独劝导，明确楼道区域不能抽烟，呼吁员工到办公楼一楼楼下的开放区域吸烟。 处罚与监督： 1、建议对物业公司未履行管理义务的行为依法约谈或处罚 2、建议建立长效监管机制，相关物业定期进行公开整改进展汇报。 其他建议：建议 协调卫生监督部门或消防部门联合检查。 并对软件园D5单独开设办公楼控烟宣传教育讲座。,问政四川,未知,2025-09-23 11:16:44,http://ly.scol.com.cn/thread/details/3748739,未知,控烟,负面,报道事实类
202501011,年纪大了，必须戒烟戒酒？医生劝告：过了60岁，戒烟酒前注意4点,"title: 年纪大了，必须戒烟戒酒？医生劝告：过了60岁，戒烟酒前注意4点 summary: 年纪大了，必须戒烟戒酒？医生劝告：过了60岁，戒烟酒前注意4点&lt;img width=""1280""height=""500""class=""content-image""data-src=""ungULKxG7fZmEmAzXqIZ5MmJ5ULT+qz1crB9Zo+mUNNZnKDye3vmM9vhxeS2BINS5EciUED""/。 content: &lt;img width=""1280"" height=""500"" class=""content-image"" data-src=""ungULKxG7fZmEmAzXqIZ5MmJ5ULT+qz1crB9Zo+mUNNZnKDye3vmM9vhxeS2BINS5EciUEDoOQRWorDIlshm31RzKFLYWTPHRML8PJ7Kxe4="" /随着年纪逐渐增长，很多人开始意识到自己过去的一些生活习惯可能已经对健康造成了潜在的影响，特别是抽烟和喝酒。大家都知道，吸烟和酗酒对身体的危害非常大，不仅会增加罹患癌症的风险，还会损害心肺功能、肝脏健康等。医生通常会建议年纪大的人尽早戒烟戒酒，以避免进一步加重身体的负担。可是，过了60岁的人群在戒烟戒酒时，也需要特别注意一些细节，不能盲目行动，因为他们的身体已经不再像年轻时那样具有很强的自我恢复能力。&lt;img width=""640"" height=""425"" class=""content-image"" data-src=""lEVudsxXQilkQo3OKeq3U7yZtEqIqsVarCxYdjqnIzvx3N6AxUg+lJeV9NyOArQZEZUoW+vI/P4Js864rQnZgRWJPp2pkQ+QyMP6woqZniQ="" /实际上，戒烟戒酒对健康的改善是显而易见的，特别是对年纪较大的群体来说，停止这些不良习惯，可以显著降低心血管疾病、癌症、慢性肺病等的风险。然而，医生提醒，尤其是60岁以上的人群，在戒烟戒酒之前，需要注意四个非常重要的方面。这四点不仅能帮助身体更好地适应戒烟戒酒的过程，也能确保身体不会因为过快戒断烟酒带来其他不必要的健康问题。戒烟戒酒，尤其是对于年纪大的人群，并不是一件轻松的事。&lt;img width=""640"" height=""427"" class=""content-image"" data-src=""1yUEsxyfsUpaAj7lfsOvA7yZtEqIqsVarCxYdjqnIztvdR+GFanecqY5OPNL3OBuip0I955ZrO7Be6BUF7SDox35UjFsPObjiGEvU0j4Tzw="" /因为戒烟和戒酒的过程往往伴随着身体的不适，包括焦虑、失眠、食欲不振、情绪波动等，甚至有的人可能会出现胃肠不适、头晕等反应。戒烟和戒酒后，人体会出现一定的代谢变化，比如，戒烟后，肺部和心血管的功能逐渐恢复，但这些过程需要大量的能量和营养支持；戒酒后，肝脏的代谢负担减少，身体需要通过补充适当的营养来恢复。为此，医生建议，60岁以上的人群在戒烟戒酒时，要确保充足的蛋白质摄入，如鸡蛋、鱼、瘦肉等食物能够提供高质量的蛋白质，帮助身体维持正常的生理功能，促进体力恢复。&lt;img width=""640"" height=""426"" class=""content-image"" data-src=""1yUEsxyfsUpaAj7lfsOvA7yZtEqIqsVarCxYdjqnIzsWgzBHquner/4oYzAItiG2UxyzjEIRYZhlpGADYW1O6qE1Y7OvMVWSVcanGkMbZYI="" /维生素C能够帮助增强免疫力，促进身体的修复和恢复；B族维生素能够缓解戒烟戒酒过程中可能出现的情绪波动，帮助神经系统更好地适应身体的变化；锌和铁有助于促进血液循环和细胞修复。因此，老年人戒烟戒酒时，可以通过多吃新鲜蔬菜、水果、全谷物和坚果等食物来补充这些营养。尤其是在戒酒过程中，身体对水分和电解质的需求会增加，因此，戒酒期间要特别注意补充足够的水分，避免因缺水而加重身体的不适。同时，可以选择一些富含电解质的饮料，比如椰子水、淡盐水等，来帮助维持体内的水盐平衡。&lt;img width=""640"" height=""426"" class=""content-image"" data-src=""wxcWD3sAnMjy6azFPk/mH7yZtEqIqsVarCxYdjqnIzviiQuf04TnHZxFQYzJRU/fX8iKHQjL7JaCWC9eNW+3fRjq5iU4aZOmVow5eSfs7oo="" /年纪大的人戒烟戒酒，最容易被忽视的一点就是保持充足的水分，水是维持生命活动的重要物质，能够帮助身体排毒、调节体温、支持血液循环等功能。尤其是在戒烟戒酒过程中，身体的代谢和排毒功能会加速，而水分的摄入可以帮助这些过程更顺利进行。戒烟后，体内的一些有害物质开始排出，特别是尼古丁和其他有毒物质会通过尿液和汗液排出体外，若水分摄入不足，这些毒素无法及时排出，可能会加重身体的不适。而戒酒时，肝脏的代谢工作将逐渐恢复，但需要大量的水分来帮助代谢产物的排泄。&lt;img width=""640"" height=""427"" class=""content-image"" data-src=""nuh/wEb6x4IxiInVMoIK8LyZtEqIqsVarCxYdjqnIzuZzwCRif2YoilOXAgymxkXVtNekDGK6StyuC+OxKPkJSA+8lRokfhiDWSeWyfZkoo="" /医生建议，戒烟戒酒后，应该保持每天至少2000毫升的水分摄入，可以通过喝白开水、汤类或含有电解质的水来补充水分，避免饮料中的糖分和咖啡因对身体产生额外负担。对于那些已经有一定肾脏疾病或心血管问题的人，喝水时要注意适量，避免水肿等问题的发生，如果有疑虑，最好咨询医生，确保水分的摄入量与个人的健康状况相符。年纪较大的人群，往往伴随着一些慢性疾病，如高血压、糖尿病、心脏病等，这些疾病会使身体处于一个相对脆弱的状态，戒烟戒酒过程中可能会影响到基础疾病的控制，因此，戒烟戒酒前需要特别注意这些基础疾病的管理。&lt;img width=""640"" height=""426"" class=""content-image"" data-src=""/L19E/drXjGfZ2kuFxSZZbyZtEqIqsVarCxYdjqnIztyeGV2bkF51n5adWJEGWUbuW1keCTpgrizuGMW3DpyvajW61D37CeVD+8LXrBQSwY="" /如果有高血压的患者，在戒烟戒酒前，医生通常会建议先控制血压稳定，因为戒烟后，血压可能会暂时升高，导致心血管负担加重。戒酒后，肝脏的负担减轻，血压也可能发生变化，因此，控制血压非常关键，在进行戒烟戒酒之前，最好通过药物或者饮食控制将血压保持在一个适宜范围。戒酒时，糖尿病患者应当特别注意监测血糖，并在医生的指导下逐步减少酒精的摄入，戒烟也有类似的效果，戒烟后血糖可能会出现波动，因此糖尿病患者需要格外小心。对于有心脏病史的人群，戒烟戒酒对心脏健康有显著的积极作用，然而，戒烟戒酒的过程中也需要慢慢过渡，不要突然完全停用，避免引发心脏的不适。&lt;img width=""581"" height=""387"" class=""content-image"" data-src=""/L19E/drXjGfZ2kuFxSZZbyZtEqIqsVarCxYdjqnIztyHEMCsb1BbtcdeIE65TPRsTHM8W+JPJ91b0vvSR+vE6EkHmenIfyDg76mizaVBKU="" /在这个过程中，定期监测心脏功能和血脂水平非常重要，确保戒烟戒酒的过程不会加重心脏的负担。年纪大的人群在戒烟戒酒时，还需要特别注意药物的使用，随着年龄的增长，很多老年人已经习惯了长期服用各种药物来控制基础疾病。戒酒期间，如果服用某些药物，可能会加重肝脏负担，导致不适，类似地，戒烟过程中，某些药物的使用也可能干扰尼古丁的代谢，影响戒烟效果。因此，在戒烟戒酒期间，尤其是对于长期服药的老年人来说，必须遵循医生的指导，避免随意更改药物剂量或自行停药。&lt;img width=""640"" height=""427"" class=""content-image"" data-src=""nuh/wEb6x4IxiInVMoIK8LyZtEqIqsVarCxYdjqnIzvUU8hHBUGOcC5YFRFsRuLyPYJlfk8wEQI6sgcSed3C4cZ4/NOn2/E6YMZUOcVUGyI="" /如果感觉身体不适或者对药物产生疑虑，最好咨询专业医生，确保药物使用的安全性和有效性。通过合理的饮食、适量的水分摄入、基础疾病的管理以及正确的药物使用，能够让戒烟戒酒的过程更加顺利，也能够确保身体在这一过程中不会受到不必要的负担。戒烟戒酒的意义不仅仅是为了延长寿命，更重要的是提高生活质量，让年纪大的人群享受更加健康、快乐的晚年。&lt;img width=""640"" height=""426"" class=""content-image"" data-src=""r/h2ojJAPR4iF07g/Pz9W7yZtEqIqsVarCxYdjqnIztw8NFo4EcdfDjWPzN7RIS9TbMalM4ha8kIePl8Viu6PRdE6V8R8jAm2l2bmnkCVC4="" /以上内容仅供参考，若身体不适，请及时咨询专业医生。以上内容仅供参考，若身体不适，请及时咨询专业医生。关于戒烟戒酒您有什么看法？欢迎评论区一起讨论！&lt;img width=""484"" height=""45"" class=""content-image"" data-src=""1i8D9IaYlbNGIQCZT5KVh7yZtEqIqsVarCxYdjqnIzsQWPCHaJKEqSF6SW1ieCETW0iv8UxMuv8oDfYFy0cwEt9+ARvZJzmWAWTzzxQetN0="" /参考资料：[1]李存峰.关于老龄群体饮食营养与健康的探析,食品安全导刊,2024-04-05&lt;img width=""541"" height=""245"" class=""content-image"" data-src=""FlhNHe3dnu293E6ZtX6/IbyZtEqIqsVarCxYdjqnIzvPJNtNbCXX4TXISfLuZwLRU+WD1JUEuwIsDKjctE/ZjkvkSNmu6DQIeBAVGvbx5U0="" /",搜狐网,大咖医生谈,2025-09-23 10:46:20,http://www.sohu.com/a/937749863_121948387,未知,戒烟,中性,报道事实类
2025010183,肺癌的风险因素及治疗最新进展 - 健康养生网,title: 肺癌的风险因素及治疗最新进展 - 健康养生网 summary: 肺癌是一种常见的恶性肿瘤，它起源于肺部组织，严重威胁着人类的健康。本文将从肺癌的成因入手，深入探讨其风险因素，并介绍当前医学领域在肺癌治疗方面的最新突破，以通俗易懂的方式为公众提供科学的健康知识。 content: 讲师：王露方，安徽省立医院呼吸科副主任医师 肺癌是一种常见的恶性肿瘤，它起源于肺部组织，严重威胁着人类的健康。近年来，肺癌的发病率在全球范围内持续上升，尤其是在一些环境污染较严重的地区和吸烟人群中，发病率尤为突出。尽管肺癌的诊断和治疗在过去几十年里取得了显著进步，但它仍然是导致癌症相关死亡的主要原因之一。了解肺癌的风险因素以及最新的治疗进展，不仅能帮助人们更好地预防这种疾病，还能为患者和家属提供更多希望与选择。本文将从肺癌的成因入手，深入探讨其风险因素，并介绍当前医学领域在肺癌治疗方面的最新突破，以通俗易懂的方式为公众提供科学的健康知识。 肺癌的风险因素 肺癌的发生并非偶然，而是多种因素共同作用的结果。这些因素可以分为外部环境因素、个人行为因素以及遗传和生物学因素。了解这些风险因素，有助于我们采取有效的预防措施，降低患病概率。 首先，吸烟是肺癌最主要的风险因素之一。无论是长期吸烟者还是二手烟暴露者，烟草中的有害化学物质都会对肺部细胞造成损伤。烟草燃烧时会释放出多种致癌物，这些物质会逐渐破坏肺部细胞的遗传物质，导致细胞异常增殖，最终可能发展成癌症。研究表明，吸烟者患肺癌的风险是非吸烟者的10到20倍。即便是不吸烟的人，如果长期处于二手烟环境中，也会显著增加患肺癌的概率。因此，戒烟和避免二手烟暴露是预防肺癌的首要措施。 除了吸烟，环境污染也是一个不可忽视的风险因素。空气中的细颗粒物、工业废气以及某些化学物质（如石棉、氡气等）都可能对肺部造成损害。例如，长期暴露在石棉工作环境中的人群，如建筑工人或矿工，患肺癌的风险明显高于普通人群。氡气是一种无色无味的放射性气体，存在于某些土壤和建筑材料中，长期吸入高浓度的氡气也会增加肺癌风险。此外，城市空气污染，尤其是雾霾中的有害颗粒物，也被认为是肺癌发病率上升的原因之一。因此，改善生活环境、减少有害物质暴露对预防肺癌至关重要。 职业暴露也是肺癌的重要诱因之一。某些职业，如矿业、建筑业和化工行业，可能会让工人接触到致癌物质，例如石棉、砷或某些重金属。这些物质在长期接触后，可能引发肺部细胞的病变。针对这些高风险职业人群，佩戴防护装备、定期体检以及改善工作环境是降低风险的有效方法。 遗传因素也在肺癌的发生中扮演一定角色。如果家族中有肺癌病史，尤其是直系亲属患过肺癌，那么个体的患病风险可能会略高。这并不意味着肺癌一定会遗传，而是某些遗传基因可能会使人更容易受到环境致癌物的影响。此外，某些基因突变可能在肺癌的发生中起作用，即使是没有明显家族史的人群中也可能存在这种风险。 最后，生活方式和慢性疾病也会影响肺癌的发生概率。例如，长期不健康的饮食习惯、缺乏运动以及肥胖可能会间接增加癌症风险。此外，一些慢性肺部疾病，如慢性阻塞性肺疾病或肺纤维化患者，患肺癌的概率也高于健康人群。因此，保持健康的生活方式、定期体检和及时治疗慢性疾病，都是降低肺癌风险的重要措施。 虽然肺癌的发生受到多种因素的影响，但通过科学的生活方式和预防措施，可以显著降低患病风险。首先，戒烟是预防肺癌最有效的手段。对于吸烟者来说，越早戒烟，肺部功能恢复的可能性越大。即使是长期吸烟者，戒烟后患肺癌的风险也会逐渐降低。对于不吸烟的人来说，避免二手烟和三手烟（残留在衣物、家具上的烟草残留物）同样重要。 改善生活环境也是预防肺癌的关键。减少空气污染、避免长期暴露在有害化学物质中、定期检测居住环境中的氡气浓度，都是切实可行的措施。此外，保持健康的饮食习惯，增加富含抗氧化剂的食物摄入，如新鲜水果和蔬菜，可以帮助身体抵御有害物质的侵害。适量的体育锻炼也有助于增强免疫力，降低癌症风险。 对于高风险人群，如长期吸烟者、有家族病史者或从事高危职业的人群，定期体检尤为重要。低剂量CT扫描是一种有效的早期筛查手段，能够在肺癌早期发现异常，从而提高治愈率。建议高风险人群与医生沟通，制定个性化的筛查计划。 肺癌治疗的最新进展 随着医学技术的不断进步，肺癌的治疗手段在过去几十年里发生了翻天覆地的变化。从传统的手术、放疗和化疗，到新兴的靶向治疗和免疫治疗，现代医学为肺癌患者提供了更多选择，显著提高了部分患者的生存率和生活质量。以下将详细介绍几种主要的治疗方法及其最新进展。 手术是早期肺癌患者的首选治疗方式。对于局限于肺部的早期肺癌，手术切除肿瘤及周围部分组织可以达到治愈的目的。近年来，微创手术技术，如胸腔镜手术，得到了广泛应用。这种技术通过小切口操作，减少了患者的创伤，缩短了恢复时间。此外，机器人辅助手术的引入进一步提高了手术的精准性，使医生能够更准确地切除肿瘤，同时最大程度保留健康肺组织。 放疗是肺癌治疗的另一重要手段，适用于无法手术的患者或作为辅助治疗。现代放疗技术，如立体定向放疗，能够精准地将高剂量辐射集中在肿瘤部位，同时尽量减少对周围健康组织的损伤。这种技术特别适合早期肺癌或肿瘤较小的患者。近年来，放疗设备的升级和人工智能的辅助，使治疗计划更加个性化，疗效和安全性都有了显著提升。 化疗曾是肺癌治疗的支柱，尤其适用于晚期患者。然而，传统化疗的副作用较大，常常让患者感到不适。近年来，化疗方案不断优化，医生会根据患者的具体情况调整药物组合和剂量，以减轻副作用并提高疗效。此外，化疗常与其他治疗方法联合使用，如与靶向治疗或免疫治疗结合，以增强整体效果。 靶向治疗是肺癌治疗领域的一大突破。科学家发现，部分肺癌患者的肿瘤细胞具有特定的基因突变，这些突变驱动了癌症的发生和发展。靶向治疗通过针对这些突变基因或相关蛋白，抑制肿瘤的生长。近年来，随着基因检测技术的普及，医生能够在治疗前对患者的肿瘤进行基因分析，找到适合的靶向药物。这种个性化的治疗方式显著提高了疗效，尤其对某些特定类型的肺癌患者效果尤为明显。与传统化疗相比，靶向治疗的副作用较小，患者的生活质量也更高。 免疫治疗是近年来肺癌治疗领域的另一项重大进展。人体免疫系统本有能力识别和消灭异常细胞，但癌细胞往往能通过某些机制逃避免疫系统的攻击。免疫治疗通过激活或增强免疫系统，帮助身体更有效地对抗癌细胞。近年来，免疫检查点抑制剂成为研究的热点，这类药物能够解除癌细胞对免疫系统的“刹车”，让免疫系统更高效地攻击肿瘤。临床研究显示， 免疫治疗在部分晚期肺癌患者中显著延长了生存时间，甚至有些患者实现了长期缓解。 尽管靶向治疗和免疫治疗取得了显著进展，但并非所有患者都适合这些疗法。基因检测和肿瘤特征分析在治疗选择中起着关键作用。医生会根据患者的肿瘤类型、分期、基因突变情况以及整体健康状况，制定个性化的治疗方案。此外，联合治疗策略（如靶向治疗与免疫治疗结合）正在成为研究热点，初步结果显示这种方法可能进一步提高疗效。 肺癌的治疗前景令人振奋，但挑战依然存在。早期诊断仍然是提高治愈率的关键，因为许多肺癌患者在确诊时已处于晚期。未来，随着人工智能和大数据技术的发展，肺癌的筛查和诊断有望更加精准和高效。例如，人工智能可以通过分析影像学数据，识别早期肺癌的微小病灶，从而帮助医生尽早干预。 此外，新型治疗方法的研发也在加速。例如，癌症疫苗和基因编辑技术正在实验室中取得初步成功，未来可能为肺癌患者带来全新的治疗选择。同时，科学家们还在探索如何克服靶向治疗和免疫治疗的耐药性问题，以延长这些疗法的有效时间。 对于普通人来说，预防仍然是应对肺癌的最佳策略。戒烟、改善环境、保持健康的生活方式以及定期体检，都是降低肺癌风险的有效手段。对于已经确诊的患者，科学的治疗选择和积极的心态同样重要。与医生密切沟通，了解最新的治疗进展，并根据自身情况选择合适的方案，可以帮助患者获得更好的预后。 总之，肺癌虽然是一种严重的疾病，但通过科学的预防和现代医学的进步，我们有理由相信，未来会有更多患者能够战胜这一疾病，迎来更长的生命和更好的生活质量。 本项目由北京医学检验学会发起，齐鲁制药公益支持,江苏在线,未知,2025-09-23 09:49:00,http://www.jkys.com.cn/jkys/66b85382c51225cc9a244fc88af0ae05.html,未知,戒烟,中性,报道事实类
2025010181,健康教育内容有哪些,title: 健康教育内容有哪些 summary: 健康教育内容有哪些健康教育内容有哪些健康教育是提升公众健康意识、改善生活方式、预防疾病的重要手段。它涵盖了多个方面的知识和技能，帮助人们建立科学的健康观念，提高自我保健能力。以下是对健康教育内容的总结，并通过表格形式进行清晰展示。因此，加强健康教育，普及科学知识，是实现全民健康的重要途径之一。 content: 【健康教育内容有哪些】健康教育是提升公众健康意识、改善生活方式、预防疾病的重要手段。它涵盖了多个方面的知识和技能，帮助人们建立科学的健康观念，提高自我保健能力。以下是对健康教育内容的总结，并通过表格形式进行清晰展示。 一、健康教育的主要内容 健康教育的内容广泛，主要包括以下几个方面： 1. 基础健康知识 包括人体结构、生理功能、常见疾病的成因与预防等，帮助人们了解身体的基本运作原理。 2. 营养与饮食健康 教授合理膳食搭配、营养均衡的重要性，以及如何通过饮食预防慢性病（如高血压、糖尿病等）。 3. 运动与身体活动 强调适量运动对健康的益处，提供不同人群的运动建议，如儿童、成人、老年人等。 4. 心理健康教育 涉及情绪管理、压力调节、人际关系处理等内容，帮助人们保持良好的心理状态。 5. 传染病预防与控制 教育人们如何识别和防范传染病，如流感、肺结核、艾滋病等，包括个人卫生习惯和疫苗接种知识。 6. 安全与急救知识 教授基本的急救技能，如心肺复苏、止血包扎、火灾逃生等，提升应对突发事件的能力。 7. 生活习惯与行为改变 鼓励养成良好的生活习惯，如戒烟限酒、规律作息、避免久坐等，促进长期健康。 8. 生殖与性健康 提供关于青春期、生育、避孕、性传播疾病等方面的知识，增强青少年和成年人的健康意识。 9. 环境与健康 讲解环境污染对健康的影响，如空气污染、水污染、噪音等，倡导绿色生活理念。 10. 慢性病管理 教导患者如何管理自身疾病，如糖尿病、高血压、哮喘等，包括用药指导、定期监测和生活方式调整。 二、健康教育内容一览表 三、总结 健康教育不仅关乎个体的身体健康，也影响着社会的整体福祉。通过系统地学习和实践健康知识，每个人都可以在日常生活中做出更明智的选择，从而提升生活质量、延长寿命。因此，加强健康教育，普及科学知识，是实现全民健康的重要途径之一。,贵网早报,未知,2025-09-23 09:40:54,http://gyt.qbnews.cn/zxwd/202509/627747.html,未知,戒烟,中性,报道事实类
202501012,孩子很贵，烟草不配——龙海的戒烟故事,"title: 孩子很贵，烟草不配——龙海的戒烟故事 summary: 孩子很贵，烟草不配——龙海的戒烟故事来源：云南控烟YN戒烟者说你为什么抽烟？ 一个故事就是一次公益行动，邀请扫码报名：报名成功后，将会有专业人员联系采访，我们还为你准备了一份戒烟礼物，希望用你的戒烟故事帮助想要戒烟的人，影响想要戒烟的人，让他们树立信心、坚定信念，告别烟草。 content: 来源：云南控烟YN""""""【戒烟者说】你为什么抽烟？如果有人问你会不会引发你的反思？你为什么戒烟？如果你来回答你会不会讲出一个长长的故事？《戒烟者说》人物专访系列希望每一个戒烟成功者的故事都能成为你戒烟路上的一道亮光""（应受访者要求，图片为AI配图）姓名：龙海 烟龄：25年 戒烟至今：2年 47岁的龙海从20岁开始吸烟，抽了25年，目前已成功戒烟2年。初识烟草，是青春岁月里追赶“潮流”。龙海第一次吸烟是20岁，那时的他还是一名学生。“那时候，抽烟在大学男生宿舍似乎成了一种潮流。周末和同学们出去玩，经常能看到有人抽烟，出于好奇，我也跟着试了试。” 然而，第一次尝试抽烟的感受并不如想象中那般，那个味道实在不怎么样。但正是这种好奇，让他有了第二次、第三次尝试，最终，抽烟成了他生活中的一部分。婚后，龙海逐渐认识到吸烟是对家人的隐形伤害，尤其是对孩子。“我尽量回避家人，不在卧室和房间里抽。”龙海说，家人也曾多次劝他戒烟，但他一直没有下定决心。直到有一天，他发现还在上学的儿子，也开始模仿他的样子抽烟。“那一刻，我心里五味杂陈。”龙海说。于是，他跟儿子做了个约定，只要儿子不再抽烟，他就戒烟。 为了这个承诺，龙海开始了戒烟之旅。戒烟并不容易，烟瘾上来时很难熬，但想到儿子，想到自己的承诺，他又能坚定决心。“我觉得，作为父亲要以身作则，只有自己先戒了烟，才有资格去劝阻孩子。”戒烟的过程中，龙海也找到了替代吸烟的方法，就是出去锻炼身体，比如爬山。“这样既能打消抽烟的念头，又能保持身体健康。”现在，龙海已经戒烟2年了，他相信，只要自己坚持戒烟，儿子也会慢慢改掉这个恶习。为了时刻提醒自己，龙海专门做了一个“请勿吸烟”的牌子，摆在办公桌最醒目的位置。龙海希望通过自己的行动，能够影响更多的人意识到吸烟的危害，并加入到戒烟的行列中来。他认为，只要有决心和毅力，戒烟并不是一件遥不可及的事情，特别是作为父母，以身作则才是对孩子最好的教育。对 话Q：你觉得戒烟最难的地方在哪里？A： 办公室，看见周边有人抽烟，或者有人给你递烟，就很难戒烟。Q：你戒烟过程中，最难坚持的是哪一个阶段？你是怎么处理的？A：没有觉得哪个阶段特别难，只觉得在戒烟过程中，尽量不要受其他吸烟者的影响。Q：你觉得吸烟真的能缓解压力吗？A：不能缓解压力，因为不管吸多少烟，你的压力还是不变。Q：你会让你的孩子吸烟吗？A：不让，但是他已经学会了，我们还在做他的思想工作，让他尽量不要去吸烟。专 家 点 评点评专家：昆明医科大学第一附属医院 刘凌云南省健康教育协会 赵白帆龙海的戒烟历程揭示了家庭责任与代际影响在行为重塑中的核心作用，其核心价值在于构建了“承诺—替代—示范”的立体戒烟模型。从学生时代因从众心理尝试吸烟，到成为父亲后因责任觉醒启动戒烟，这个转变轨迹印证了环境对成瘾行为的双重塑造力——既可能成为恶习的温床，也能化作觉醒的契机。其成功突围的关键在于三重突破：首先，建立“父子契约”，将个人健康与家庭责任绑定，通过承诺机制强化戒烟意志，这与戒烟干预中强调的“社会支持系统”吻合 ；其次，“运动替代法”将吸烟动作转化为爬山等健康行为，完成从生理依赖到正向激励的神经重塑，与戒烟的非药物疗法推荐的替代疗法高度契合；更可贵的是实现“环境净化”，通过设置禁烟标识主动构建无烟空间，这种物理隔离策略有效降低了复吸风险。这个案例印证了行为干预的核心逻辑：当个体将吸烟从“社交符号”解构为“家庭威胁”，戒断就升华为责任觉醒。龙海用两年无烟生活证明，真正的改变始于对生命影响的清醒认知——每个戒烟者都是家庭健康生态的守护者，他们的选择正在重塑下一代的行为基因。该案例提示，家庭责任驱动型干预，需配套“环境改造+行为替代+专业支持”的三维模型。寻人启事泰戈尔在《生命影响生命》这首诗中说：请相信自己的力量，因为你不知道，谁会因为相信你，开始相信了自己。戒烟，是一件不容易，但坚持就一定会有回报的事情。同时，也是一件需要陪伴、需要帮助、需要支持和鼓励的事情。中国疾病预防控制中心《2018中国成人烟草调查报告》显示，吸烟者中考虑在未来12个月内戒烟的比例为16.1%。以此来估算的话，云南省有戒烟意愿的人数约为206万。戒烟，是防止人群恶性肿瘤，降低慢性病发病率和死亡率最有效、最经济的措施之一。我们非常希望能够分享你的戒烟经验、戒烟经历，如果一个戒烟者能够影响一个吸烟者，那么云南至少有206万吸烟者因你的故事获得健康的生命。 一个故事就是一次公益行动，邀请扫码报名：报名成功后，将会有专业人员联系采访，我们还为你准备了一份戒烟礼物，希望用你的戒烟故事帮助想要戒烟的人，影响想要戒烟的人，让他们树立信心、坚定信念，告别烟草。""",巧家新闻网,云南控烟YN,2025-09-23 08:51:48,http://www.ynqjnews.cn/article/show-383859.html,云南省,戒烟、控烟,中性,评论观点类
2025010165,问 大苏烟多少钱一包2025,title: 问 大苏烟多少钱一包2025 summary: 问大苏烟多少钱一包2025《大苏烟多少钱一包2025》——你关心的价格，我来给你讲清楚！我认识一位烟草行业从业者，他透露：2025年全国控烟政策趋严，卷烟税可能上调，但品牌方也会控制涨幅，避免消费者流失。欢迎评论区留言你的购买经历，一起聊聊：你觉得大苏烟值这个价吗？ content: 《大苏烟多少钱一包2025》——你关心的价格，我来给你讲清楚！ 最近好多朋友私信问我：“老张，大苏烟现在多少钱一包啊？2025年还涨了吗？”说实话，这问题我天天被问，不是因为我不爱回答，而是——真得看情况！今天我就用最真实的数据、最接地气的案例，给你讲明白：大苏烟到底值不值得买？ 先说结论：截至2025年3月，大苏烟（软红）官方指导价是18元/包，但实际零售价在不同城市、不同渠道浮动很大。比如我在南京一家便利店看到它标价20元，而在苏州某家烟草专卖店，居然只要16.5元——就差一个“人情味”，价格差了快4块钱！ 为啥会有这么大差异？举个例子：我朋友小林，是个资深烟民，也爱研究性价比。去年他在扬州买了三盒大苏烟，每包17.5元，理由是“赶上节日促销+熟人介绍的店”。他说：“这烟抽起来顺口，香气干净，不像有些便宜烟呛嗓子。”你看，这就是真实生活里的选择——不是只看价格，而是看体验。 再说说涨价趋势。2023年大苏烟从15元涨到16元，2024年又涨到18元，今年基本稳定。但别以为它会一直涨下去。我认识一位烟草行业从业者，他透露：“2025年全国控烟政策趋严，卷烟税可能上调，但品牌方也会控制涨幅，避免消费者流失。”所以，短期内大苏烟大概率不会暴涨，反而可能在高端系列上做升级（比如出“大苏·典藏版”），走品质路线。 如果你是朋友圈常客，想分享“我抽的是大苏烟”的文案，不妨这样写：“不是所有18块的烟都叫‘大苏’，它是懂细节的人才懂的味道。”——配图是你刚买的烟盒和一杯咖啡，氛围感拉满！ 最后提醒一句：买烟请认准正规渠道，别贪便宜去路边摊，假烟风险高，伤身更伤钱包。2025年，我们不如把钱花在刀刃上——选对烟，也选对生活节奏。 欢迎评论区留言你的购买经历，一起聊聊：你觉得大苏烟值这个价吗？,奇象网,未知,2025-09-23 06:01:19,http://www.xolo0755.com/jxwd/202509/892398452063.html,江苏省,控烟,中性,评论观点类
202501018,抽烟有什么好处,title: 抽烟有什么好处 summary: 抽烟有什么好处抽烟有什么好处虽然吸烟对健康有诸多危害，但有些人可能会从某些角度出发，认为抽烟有好处。本文将从不同角度总结抽烟有什么好处，并以表格形式呈现。如果你正在考虑戒烟，建议寻求专业帮助，制定合理的戒烟计划，逐步摆脱烟瘾，重获健康生活。 content: 【抽烟有什么好处】虽然吸烟对健康有诸多危害，但有些人可能会从某些角度出发，认为抽烟“有好处”。这种观点往往基于短期或片面的观察，缺乏科学依据。本文将从不同角度总结“抽烟有什么好处”，并以表格形式呈现。 一、 在讨论“抽烟有什么好处”时，需要明确的是：吸烟对身体有害是公认的事实，世界卫生组织（WHO）和各大医学机构都明确指出，吸烟是导致多种疾病（如肺癌、心脏病、慢性阻塞性肺病等）的主要原因之一。 然而，在一些特定的情境下，部分人可能认为抽烟有以下“好处”： 1. 缓解压力：尼古丁能短暂刺激大脑释放多巴胺，使人感觉放松。 2. 提神醒脑：部分人认为抽烟可以提高注意力或集中力。 3. 社交工具：在某些文化或群体中，抽烟被视为一种社交方式。 4. 控制食欲：尼古丁可能抑制食欲，帮助部分人控制体重。 5. 习惯性依赖：长期吸烟者可能形成心理依赖，认为不抽烟会感到不适。 需要注意的是，这些“好处”都是短期的、暂时性的，并且伴随着严重的健康风险。更重要的是，这些所谓的“好处”并不值得为了烟瘾而牺牲一生的健康。 二、表格展示 三、结语 尽管有人从某些角度出发认为抽烟有“好处”，但从整体来看，这些“好处”远远无法抵消吸烟带来的健康风险。戒烟不仅是对自己负责，也是对家人和社会的负责。如果你正在考虑戒烟，建议寻求专业帮助，制定合理的戒烟计划，逐步摆脱烟瘾，重获健康生活。,生物科学网,未知,2025-09-23 03:29:58,http://www.jkwshk.tv/jyawd/20250923/1925586.html,未知,戒烟,中性,评论观点类
2025010112,抽烟用什么牙膏最好,title: 抽烟用什么牙膏最好 summary: 抽烟用什么牙膏最好抽烟用什么牙膏最好长期吸烟不仅对肺部健康有害，还容易导致牙齿变黄、口臭等问题。为了改善这些问题，选择一款适合吸烟者的牙膏显得尤为重要。市面上有多种针对烟渍、口气清新和口腔健康的牙膏，但究竟哪一种更适合吸烟者呢？针对牙齿敏感问题，减少因吸烟引起的酸痛感。 content: 【抽烟用什么牙膏最好】长期吸烟不仅对肺部健康有害，还容易导致牙齿变黄、口臭等问题。为了改善这些问题，选择一款适合吸烟者的牙膏显得尤为重要。市面上有多种针对烟渍、口气清新和口腔健康的牙膏，但究竟哪一种更适合吸烟者呢？下面将从多个角度进行总结，并提供一份对比表格，帮助你做出更合适的选择。 一、抽烟对牙齿的影响 1. 牙渍沉积：香烟中的焦油和尼古丁容易附着在牙齿表面，形成难以去除的黄色或棕色斑点。 2. 牙龈问题：吸烟会削弱牙龈的免疫力，增加牙龈炎、牙周病的风险。 3. 口臭问题：烟草气味和口腔细菌共同作用，易造成持续性口臭。 4. 牙齿敏感：长期吸烟可能导致牙釉质磨损，引发牙齿敏感问题。 二、适合抽烟者的牙膏类型 1. 美白型牙膏 含有研磨剂或美白成分（如过氧化物），有助于去除表面污渍，改善牙齿颜色。 2. 抗敏感型牙膏 针对牙齿敏感问题，减少因吸烟引起的酸痛感。 3. 抗菌型牙膏 含有氯己定等成分，能有效抑制口腔细菌，减少口臭和牙龈炎症。 4. 天然植物提取型牙膏 使用草本成分，温和清洁，减少化学残留，适合长期使用。 5. 含氟牙膏 保护牙釉质，预防龋齿，尤其适合吸烟者因刷牙不彻底而带来的隐患。 三、推荐品牌与特点对比 四、使用建议 - 定期更换牙膏：避免单一成分长期使用，防止口腔适应性降低。 - 配合漱口水：使用抗菌漱口水可进一步减少口腔细菌。 - 保持良好习惯：戒烟是根本，同时注意刷牙频率和方法。 - 定期洗牙：专业洁牙可有效清除牙结石和深层色素。 结语： 选择适合自己的牙膏，可以有效缓解吸烟带来的口腔问题。虽然没有“万能”牙膏，但结合自身需求，合理搭配不同功能的牙膏，能够显著改善牙齿健康和口气清新度。此外，戒烟才是最根本的解决方案。,生物科学网,未知,2025-09-23 03:29:51,http://www.jkwshk.tv/ricwd/20250923/1925584.html,未知,戒烟,中性,报道事实类
2025010135,【抽烟是什么意思】“抽烟”是一个常见的中文词汇，字面意思是“吸烟”，即通过点燃烟草并吸入烟雾的行为。在日常生活中，“抽烟”不仅指实,title: 【抽烟是什么意思】“抽烟”是一个常见的中文词汇，字面意思是“吸烟”，即通过点燃烟草并吸入烟雾的行为。在日常生活中，“抽烟”不仅指实 summary: 抽烟是一个常见的中文词汇，字面意思是吸烟，即通过点燃烟草并吸入烟雾的行为。在日常生活中，抽烟不仅指实际的吸烟行为，有时也常被用来形容某些特定情境下的隐喻用法。本文将从字面意义和引申含义两个方面进行总结，并通过表格形式清晰展示。无论是字面意义上的吸烟，还是隐喻性的表达，抽烟都值得我们认真对待。 content: 【抽烟是什么意思】“抽烟”是一个常见的中文词汇，字面意思是“吸烟”，即通过点燃烟草并吸入烟雾的行为。在日常生活中，“抽烟”不仅指实际的吸烟行为，有时也常被用来形容某些特定情境下的隐喻用法。本文将从字面意义和引申含义两个方面进行总结，并通过表格形式清晰展示。 一、字面意义：抽烟 定义： “抽烟”指的是通过点燃香烟、雪茄或其他烟草制品，吸入其中产生的烟雾的行为。这种行为在许多文化中较为普遍，但也因健康问题和社会观念的变化而受到越来越多的限制。 常见场景： - 在公共场所（如办公室、餐厅）吸烟 - 个人习惯性吸烟 - 社交场合中的吸烟行为 健康影响： 长期吸烟会对肺部、心血管系统等造成严重伤害，增加患肺癌、心脏病等疾病的风险。 二、引申含义：抽烟 1. 隐喻用法 在一些语境中，“抽烟”可能带有隐喻意味，比如： 2. 网络用语 在网络语言中，“抽烟”有时也被用来表示“发泄情绪”或“放松压力”，例如： - “今天工作太累，去抽根烟冷静一下。” - “遇到烦心事，就点支烟，感觉舒服多了。” 这些用法虽然不常见，但确实存在。 三、总结 结语 “抽烟”作为日常用语，既有明确的字面意义，也有丰富的引申用法。在不同语境下，其含义可能有所不同。随着社会对健康的重视，越来越多的人开始关注吸烟的危害，并尝试戒烟。无论是字面意义上的吸烟，还是隐喻性的表达，“抽烟”都值得我们认真对待。,生物科学网,未知,2025-09-23 03:29:39,http://www.jkwshk.tv/jxuwd/20250923/1925583.html,未知,戒烟,中性,报道事实类
2025010111,抽烟女明星有哪些,title: 抽烟女明星有哪些 summary: 抽烟女明星有哪些抽烟女明星有哪些在娱乐圈中，一些女明星因各种原因被曝光抽烟，有的是出于个人习惯，有的则是为了角色需要。虽然吸烟对健康有害，但在影视作品或现实生活中，仍有不少女明星被拍到抽烟的镜头。以下是一些被媒体和网友关注的抽烟女明星名单，供参考。 content: 【抽烟女明星有哪些】在娱乐圈中，一些女明星因各种原因被曝光抽烟，有的是出于个人习惯，有的则是为了角色需要。虽然吸烟对健康有害，但在影视作品或现实生活中，仍有不少女明星被拍到抽烟的镜头。以下是一些被媒体和网友关注的“抽烟女明星”名单，供参考。 一、总结 近年来，随着公众对健康的重视，越来越多的明星开始公开戒烟或减少吸烟行为。然而，仍有一些女明星在私下或拍摄过程中被拍到抽烟。这些行为有时会引发争议，但也反映出部分明星的真实生活状态。以下是一些被提及较多的抽烟女明星，内容基于网络公开信息整理。 二、抽烟女明星名单（按知名度排序） 三、备注说明 - 以上名单基于媒体报道及网友爆料整理，部分明星已公开表示自己已经戒烟。 - 有些明星抽烟行为是为了角色塑造，如电影或电视剧中的角色需要。 - 公众人物的行为容易受到关注，但也不应过度解读，每个人都有自己的生活习惯。 四、结语 虽然吸烟对身体有害，但部分女明星在特定场合或情境下可能会选择抽烟。作为观众，我们应理性看待这些现象，同时支持和鼓励明星们积极改善生活习惯，传递健康正能量。,生物科学网,未知,2025-09-23 03:29:31,http://www.jkwshk.tv/zsiwd/20250923/1925582.html,未知,戒烟,中性,报道事实类
202501017,抽烟有什么好处,title: 抽烟有什么好处 summary: 抽烟有什么好处抽烟有什么好处抽烟一直被广泛认为是一种有害健康的行为，但有些人仍然会好奇：抽烟有什么好处？从科学和医学的角度来看，抽烟的危害远大于可能的好处，但在某些特殊情况下，确实存在一些表面上的利益或短期效果。如果你正在考虑戒烟，建议寻求专业帮助，制定合理的戒烟计划，逐步摆脱烟草依赖。 content: 【抽烟有什么好处】抽烟一直被广泛认为是一种有害健康的行为，但有些人仍然会好奇：“抽烟有什么好处？”从科学和医学的角度来看，抽烟的危害远大于可能的“好处”，但在某些特殊情况下，确实存在一些表面上的“利益”或“短期效果”。以下是对这一问题的总结与分析。 一、 尽管吸烟在大多数国家和地区都被视为一种不良习惯，甚至受到法律限制，但部分人仍会因为各种原因选择吸烟。从表面来看，抽烟可能会带来一些“好处”，如提神、缓解压力、社交便利等，但这些所谓的“好处”往往伴随着长期的健康风险。因此，虽然从短期或心理层面看，抽烟可能有某些“优势”，但从整体健康和生活质量来看，其负面影响远远超过这些短暂的好处。 二、表格展示：抽烟可能的“好处”与风险对比 三、结语 虽然抽烟在某些情况下可能带来短暂的心理或生理上的“好处”，但这些好处往往是短暂且不健康的。随着科学研究的深入，越来越多的证据表明，吸烟是导致多种严重疾病（如肺癌、心脏病、慢性阻塞性肺病等）的主要诱因之一。因此，为了长远的健康考虑，戒烟才是最明智的选择。如果你正在考虑戒烟，建议寻求专业帮助，制定合理的戒烟计划，逐步摆脱烟草依赖。,信阳考试网,未知,2025-09-23 03:29:27,http://www.xytest.com/shubk/202509/615254.html,未知,戒烟,中性,评论观点类
2025010118,问 抽烟会变丑吗,title: 问 抽烟会变丑吗 summary: 问抽烟会变丑吗抽烟会变丑吗抽烟是否会导致变丑，是很多人关心的问题。虽然变丑是一个比较主观的评价，但从皮肤状态、牙齿健康、面部表情等多个方面来看，长期吸烟确实会对外貌产生负面影响。以下是对这一问题的总结分析。如果你希望保持更好的面容状态和更健康的体魄，戒烟无疑是一个明智的选择。 content: 【抽烟会变丑吗】抽烟是否会导致变丑，是很多人关心的问题。虽然“变丑”是一个比较主观的评价，但从皮肤状态、牙齿健康、面部表情等多个方面来看，长期吸烟确实会对外貌产生负面影响。以下是对这一问题的总结分析。 抽烟对身体的危害早已被广泛认可，但很多人可能没有意识到它对外貌的影响。烟草中的有害物质不仅会损害肺部功能，还会加速皮肤老化、导致牙齿变黄、嘴唇干裂、脸色暗沉等问题。此外，长期吸烟还会影响面部肌肉的弹性，使人看起来更加疲惫和衰老。因此，从外貌角度来看，抽烟确实可能导致“变丑”。 表格对比：抽烟与不抽烟在外貌上的差异 结语： 虽然“变丑”不是一个绝对的评判标准，但从健康和外貌的角度来看，抽烟确实会对一个人的整体形象造成负面影响。如果你希望保持更好的面容状态和更健康的体魄，戒烟无疑是一个明智的选择。,中国铁岭,未知,2025-09-23 03:27:44,http://www.tielingcn.com/zsiwd/202509/492148.html,未知,戒烟,中性,评论观点类
2025010136,抽烟对精子的质量有多大影响,title: 抽烟对精子的质量有多大影响 summary: 抽烟对精子的质量有多大影响抽烟对精子的质量有多大影响吸烟对男性生殖健康的影响早已引起广泛关注，尤其是对精子质量的负面影响。研究表明，烟草中的有害物质会通过多种途径干扰精子的生成、形态和功能，从而降低男性的生育能力。以下是对抽烟如何影响精子质量的总结与分析。 content: 【抽烟对精子的质量有多大影响】吸烟对男性生殖健康的影响早已引起广泛关注，尤其是对精子质量的负面影响。研究表明，烟草中的有害物质会通过多种途径干扰精子的生成、形态和功能，从而降低男性的生育能力。以下是对抽烟如何影响精子质量的总结与分析。 一、抽烟对精子质量的主要影响 1. 降低精子数量（精子浓度） 吸烟会导致睾丸内激素水平失衡，影响生精细胞的正常发育，进而导致精子数量减少。 2. 损害精子形态 烟草中的毒素会破坏精子的DNA结构，使畸形精子比例上升，影响受精能力。 3. 降低精子活力 吸烟会削弱精子的运动能力，使其难以成功到达卵子完成受精过程。 4. 增加DNA损伤风险 烟草中的自由基和化学物质可能导致精子DNA碎片化，增加胚胎发育异常或流产的风险。 5. 影响性激素水平 长期吸烟会影响睾酮等性激素的分泌，进一步影响精子的生成和质量。 二、不同吸烟情况下的影响对比（表格） 三、结论 抽烟对精子质量有显著的负面影响，表现为精子数量减少、形态异常、活力下降以及DNA损伤增加。无论吸烟量多少，都会对男性的生育能力造成不同程度的损害。因此，为了提高生育成功率和后代健康，建议男性尽量避免吸烟，或在备孕前尽早戒烟。 如需进一步了解如何改善精子质量或评估自身生育能力，可咨询专业医生或进行相关医学检查。,贵网早报,未知,2025-09-23 03:27:02,http://www.qbnews.cn/jxuwd/202509/626512.html,未知,戒烟,中性,报道事实类
2025010113,抽烟的危害性有哪些,title: 抽烟的危害性有哪些 summary: 抽烟的危害性有哪些抽烟的危害性有哪些抽烟对身体和健康的影响是多方面的，不仅危害个人健康，还可能影响他人。为了更清晰地了解抽烟带来的各种危害，以下是对抽烟主要危害的总结，并通过表格形式进行归纳。通过科学的方法和坚定的决心，可以有效减少吸烟带来的负面影响，提升生活质量。 content: 【抽烟的危害性有哪些】抽烟对身体和健康的影响是多方面的，不仅危害个人健康，还可能影响他人。为了更清晰地了解抽烟带来的各种危害，以下是对抽烟主要危害的总结，并通过表格形式进行归纳。 一、抽烟的主要危害性总结 1. 呼吸系统疾病 长期吸烟会严重损害肺部功能，增加患慢性阻塞性肺病（COPD）、哮喘、肺气肿等疾病的风险。烟雾中的有害物质会刺激呼吸道，导致咳嗽、咳痰、呼吸困难等问题。 2. 心血管疾病 吸烟会导致血压升高、血管收缩，增加心脏病、中风、动脉硬化等心血管疾病的发病率。烟草中的尼古丁和一氧化碳会对心脏造成直接伤害。 3. 癌症风险增加 烟草中含有多种致癌物质，如焦油、苯并芘等，长期吸烟显著提高肺癌、口腔癌、喉癌、膀胱癌等多种癌症的发生率。 4. 免疫系统受损 吸烟会削弱人体免疫力，使人更容易感染病毒和细菌，恢复能力下降，容易反复生病。 5. 生殖系统影响 吸烟会影响男性和女性的生育能力，可能导致不孕、胎儿发育异常或早产。孕妇吸烟还会增加婴儿出生缺陷的风险。 6. 皮肤老化与容貌变化 吸烟会导致皮肤失去弹性，出现皱纹、暗沉、色斑等问题，使面容显得衰老。此外，牙齿变黄、口臭等问题也较为常见。 7. 心理健康问题 虽然有些人认为吸烟能缓解压力，但实际上尼古丁成瘾会引发焦虑、抑郁等心理问题，戒烟过程中也可能出现情绪波动。 8. 经济负担加重 长期吸烟不仅消耗大量金钱，还可能因健康问题产生高昂的医疗费用，对个人和家庭经济造成负担。 二、抽烟危害性总结表 三、结语 抽烟的危害不仅仅体现在身体健康上，还涉及心理、社会和经济等多个层面。无论出于何种原因开始吸烟，尽早戒烟都是保护自身健康的最佳选择。通过科学的方法和坚定的决心，可以有效减少吸烟带来的负面影响，提升生活质量。,贵网早报,未知,2025-09-23 03:26:54,http://www.qbnews.cn/jxuzs/202509/626510.html,未知,戒烟,中性,报道事实类
2025010114,抽烟的危害,title: 抽烟的危害 summary: 抽烟的危害抽烟的危害抽烟对身体健康、心理健康以及社会环境都有着深远的负面影响。无论是主动吸烟还是被动吸二手烟，都会对个人和他人造成不可忽视的伤害。以下是对抽烟危害的全面总结，并以表格形式清晰展示。保护自己和他人的健康，从远离烟草开始。 content: 【抽烟的危害】抽烟对身体健康、心理健康以及社会环境都有着深远的负面影响。无论是主动吸烟还是被动吸“二手烟”，都会对个人和他人造成不可忽视的伤害。以下是对抽烟危害的全面总结，并以表格形式清晰展示。 一、抽烟的主要危害总结 1. 呼吸系统疾病 长期吸烟会导致慢性阻塞性肺病（COPD）、哮喘、肺癌等严重疾病，是导致呼吸道疾病死亡的重要原因。 2. 心血管疾病 吸烟会损害血管内皮，增加高血压、动脉硬化、冠心病和中风的风险。 3. 癌症风险升高 烟草中含有多种致癌物质，与多种癌症有关，如肺癌、口腔癌、喉癌、膀胱癌等。 4. 免疫系统受损 吸烟会削弱人体免疫力，使人更容易受到感染和疾病的侵袭。 5. 影响生育能力 吸烟会影响男性和女性的生殖健康，可能导致不孕、胎儿畸形或早产等问题。 6. 皮肤老化加速 吸烟会导致皮肤失去弹性，出现皱纹、肤色暗沉，显得比实际年龄更老。 7. 成瘾性强 尼古丁具有高度成瘾性，使人难以戒除，形成依赖，长期影响生活质量。 8. 经济负担加重 每天一支烟看似微不足道，但长期累积下来是一笔不小的支出。 9. 影响他人健康（二手烟） 二手烟会对家人、同事和公共场所的人群造成伤害，尤其是儿童和老人。 10. 社会形象和行为规范问题 在许多公共场所禁止吸烟，吸烟者可能面临罚款或社会舆论压力。 二、抽烟危害对比表 三、结语 抽烟不仅是一种不良习惯，更是一种对自身健康的严重威胁。无论出于何种原因开始吸烟，都应该认识到其潜在的危害，并积极寻求戒烟的方法。通过科学的干预手段和坚定的决心，许多人已经成功戒烟并恢复了健康。保护自己和他人的健康，从远离烟草开始。,贵网早报,未知,2025-09-23 03:26:45,http://www.qbnews.cn/shucs/202509/626508.html,未知,戒烟,中性,报道事实类
2025010116,世界十大致癌物质,title: 世界十大致癌物质 summary: 世界十大致癌物质世界十大致癌物质癌症是全球范围内威胁人类健康的主要疾病之一，而许多常见的化学物质和环境因素已被证实具有致癌性。了解这些致癌物质有助于我们更好地预防和减少患病风险。以下是对世界十大致癌物质的总结与分析。在日常生活中提高对致癌物质的认知，有助于我们做出更健康的选择，从而远离癌症的威胁。 content: 【世界十大致癌物质】癌症是全球范围内威胁人类健康的主要疾病之一，而许多常见的化学物质和环境因素已被证实具有致癌性。了解这些致癌物质有助于我们更好地预防和减少患病风险。以下是对“世界十大致癌物质”的总结与分析。 一、总结 根据世界卫生组织（WHO）下属的国际癌症研究机构（IARC）以及各国权威机构的研究，以下物质被列为具有明确致癌性的物质。它们可能通过不同的途径影响人体，如吸入、摄入或皮肤接触等。这些物质广泛存在于日常生活中，包括烟草、工业化学品、食品添加剂等。 二、世界十大致癌物质一览表 三、结语 以上列出的“世界十大致癌物质”涵盖了化学、生物和物理等多种类型。尽管这些物质对健康构成威胁，但通过合理的防护措施和生活方式调整，可以显著降低其带来的风险。例如，戒烟限酒、避免食用发霉食品、改善室内空气质量、接种疫苗等，都是有效的预防手段。 在日常生活中提高对致癌物质的认知，有助于我们做出更健康的选择，从而远离癌症的威胁。,购团邦,未知,2025-09-23 02:18:25,http://news.gtuanb.com/jyawd/202509/2770838.html,未知,戒烟,中性,报道事实类
202501019,脑梗塞抽烟会怎么样,title: 脑梗塞抽烟会怎么样 summary: 脑梗塞患者吸烟会显著加重病情，主要危害包括血管痉挛加重、血栓形成风险上升、脑组织缺氧加剧、复发概率提高。吸烟者二次脑梗风险是非吸烟者的3-4倍，需严格控制血压血糖，定期进行颈动脉超声监测。脑梗塞患者应彻底戒烟，保持低盐低脂饮食，在医生指导下进行适度的康复训练，定期复查凝血功能与血管状况。 content: 邵自强 脑梗塞患者吸烟会显著加重病情，主要危害包括血管痉挛加重、血栓形成风险上升、脑组织缺氧加剧、复发概率提高。1、血管痉挛加重 尼古丁刺激导致脑血管持续收缩，可能诱发短暂性脑缺血发作。建议立即戒烟，必要时使用尼古丁替代疗法辅助。2、血栓风险上升 吸烟会激活血小板聚集功能，促进动脉粥样硬化斑块形成。需遵医嘱使用阿司匹林、氯吡格雷等抗血小板药物。3、脑缺氧加剧 一氧化碳与血红蛋白结合能力是氧气的240倍，直接导致脑细胞供氧不足。可配合高压氧治疗改善氧合状态。4、复发概率提高 吸烟者二次脑梗风险是非吸烟者的3-4倍，需严格控制血压血糖，定期进行颈动脉超声监测。 脑梗塞患者应彻底戒烟，保持低盐低脂饮食，在医生指导下进行适度的康复训练，定期复查凝血功能与血管状况。,复禾健康,未知,2025-09-23 00:08:06,http://iask.fh21.com.cn/question/2879450.html,未知,戒烟,中性,报道事实类
2025010150,2025-2030烟草行业“危与机”：在“禁烟令”的阴影下，如何点燃增长新引擎?,title: 2025-2030烟草行业“危与机”：在“禁烟令”的阴影下，如何点燃增长新引擎? summary: 2025-2030烟草行业危与机：在禁烟令的阴影下，如何点燃增长新引擎?互联网106568繁体烟草企业当前如何做出正确的投资规划和战略选择？传统卷烟市场增速放缓，而新型烟草制品凭借减害特性与技术创新快速崛起。国际市场方面，东南亚、非洲等新兴市场因人口红利与监管宽松，成为企业增长新引擎。 content: 李婉逸2025年9月23日来源：互联网106568繁体烟草企业当前如何做出正确的投资规划和战略选择？ 北京用户提问：市场竞争激烈，外来强手加大布局，国内主题公园如何突围？ 上海用户提问：智能船舶发展行动计划发布，船舶制造企业的机 江苏用户提问：研发水平落后，低端产品比例大，医药企业如何实现转型？ 广东用户提问：中国海洋经济走出去的新路径在哪？该如何去制定长远规划？ 福建用户提问：5G牌照发放，产业加快布局，通信设备企业的投资机会在哪里？ 四川用户提问：行业集中度不断提高，云计算企业如何准确把握行业投资机会？ 河南用户提问：节能环保资金缺乏，企业承受能力有限，电力企业如何突破瓶颈？ 浙江用户提问：细分领域差异化突出，互联网金融企业如何把握最佳机遇？ 湖北用户提问：汽车工业转型，能源结构调整，新能源汽车发展机遇在哪里？ 江西用户提问：稀土行业发展现状如何，怎么推动稀土产业高质量发展？免费提问专家 随着全球控烟政策的持续收紧与健康消费理念的深化，烟草行业正经历结构性转型。传统卷烟市场增速放缓，而新型烟草制品(如电子烟、加热不燃烧产品)凭借减害特性与技术创新快速崛起。 2025-2030烟草行业“危与机”：在“禁烟令”的阴影下，如何点燃增长新引擎? 前言 随着全球控烟政策的持续收紧与健康消费理念的深化，烟草行业正经历结构性转型。传统卷烟市场增速放缓，而新型烟草制品(如电子烟、加热不燃烧产品)凭借减害特性与技术创新快速崛起。在此背景下，中国烟草行业需在政策合规、技术迭代与消费需求升级的夹缝中寻找突破口。 一、行业发展现状分析 (一)传统烟草市场：存量博弈与结构优化 传统卷烟市场受控烟政策与健康意识提升的双重挤压，消费量呈现缓慢下降趋势，但高端化、细分化产品成为增长新引擎。以中式卷烟为例，其通过优化配方与包装设计，持续吸引中老年消费群体，市场份额稳定在七成以上。同时，部分企业通过布局低焦油、低尼古丁产品，试图满足消费者对“减害”的隐性需求。然而，政策端对传统烟草的监管持续强化，例如提高税收、限制广告投放、扩大公共场所禁烟范围等，进一步压缩了市场扩张空间。 (二)新型烟草制品：技术驱动与监管博弈 新型烟草制品成为行业增长的核心动力。电子烟凭借口味多元化与使用便捷性，在年轻消费群体中渗透率快速提升;加热不燃烧产品则通过模拟传统吸烟体验，在中高端市场占据一席之地。技术层面，低温加热技术、纳米级雾化芯与生物降解烟弹成为研发重点，推动产品迭代速度加快。但监管端对新型烟草的规范逐步完善，例如要求产品标注成分清单、限制尼古丁含量、实施生产许可制度等，倒逼企业从“野蛮生长”转向合规竞争。 (三)产业链升级：智能化与绿色化并行 根据中研普华研究院《2025-2030年版烟草项目商业计划书》显示：烟草产业链正加速向智能化、绿色化转型。上游烟叶种植环节，智能灌溉、无人机监测等技术提升产量与品质;中游制造环节，自动化生产线与智能仓储系统降低人力成本并提高效率;下游销售环节，大数据分析消费者偏好，实现精准营销。同时，环保政策推动企业采用生物降解包装材料、优化废弃物处理流程，以降低碳排放。例如，部分企业通过引入区块链技术实现供应链溯源，既满足监管要求，又增强消费者信任。 (来源：国家统计局、中研整理) 二、环境分析 (一)政策环境：监管趋严与标准统一 全球范围内，控烟政策呈现“强监管、高标准”特征。国内层面，“健康中国2030”规划明确要求降低吸烟率，推动烟草制品成分披露、焦油含量上限下调等措施落地;国际层面，世界卫生组织《烟草控制框架公约》修订案可能推动全球烟草素面包装立法覆盖国家增加，限制跨国企业品牌战略。此外，新型烟草制品的标准体系加速构建，例如电子烟烟油尼古丁浓度上限、加热烟草薄片技术规范等，将推动行业洗牌，中小企业面临淘汰压力。 (二)经济环境：消费升级与区域分化 中国经济稳步复苏带动居民收入水平提高，推动烟草消费向高端化、品质化升级。东部沿海地区凭借完善的产业链与高消费能力，仍是行业核心市场;中西部地区随城镇化进程加速，烟草消费潜力逐步释放。国际市场上，东南亚、非洲等新兴市场因人口红利与消费习惯养成，成为企业海外布局的重点区域。然而，欧美市场因控烟政策严格，传统卷烟需求萎缩，但无烟气产品(如尼古丁袋、口服含片)渗透率提升，形成差异化竞争格局。 (三)社会环境：健康意识与消费代际变迁 健康意识提升显著改变烟草消费结构。年轻群体对传统卷烟接受度降低，更倾向于选择尼古丁含量可调、口味多元化的雾化产品。据市场调研，Z世代消费者中，电子烟使用占比已超三成，且这一比例预计持续上升。此外，消费者对产品溯源、环保属性的关注度提高，推动企业加强供应链透明度建设与绿色生产技术应用。 三、市场分析 (一)需求端：多元化与个性化并存 烟草市场需求呈现“传统与新型并存、减害与体验并重”的特征。传统卷烟市场以中老年群体为主，需求稳定但增速放缓;新型烟草市场以年轻群体为核心，需求快速增长且对产品创新敏感。此外，特定场景需求(如社交、减压)催生细分市场，例如音乐节限定款、电竞联名款等社交型产品，满足消费者个性化表达需求。 (二)供给端：头部集中与细分创新 行业集中度持续提升，前五大厂商市占率稳步扩大，通过品牌、渠道与规模优势巩固市场地位。中小企业则聚焦细分领域，通过差异化策略突围。例如，部分企业专注研发植物基烟草替代物，满足消费者对“天然”“健康”的需求;另一些企业布局跨境电商，通过线上渠道触达海外消费者，规避国内监管限制。 (三)渠道端：线上线下融合加速 传统线下渠道(如便利店、专卖店)仍是烟草销售主力，但线上渠道(如电商平台、品牌官网)占比快速提升。线上渠道不仅突破地域限制，还能通过大数据分析实现精准营销。例如，某头部品牌通过会员系统收集消费者数据，将单客年消费数据颗粒度细化，优化产品推荐与促销策略。此外，智能零售终端(如自动贩卖机、无人店)在机场、商场等高流量场景渗透，提升购买便利性。 四、行业发展趋势分析 (一)技术趋势：减害化与智能化深度融合 减害技术将成为行业竞争焦点。低温加热、尼古丁盐、生物合成尼古丁等技术降低产品危害性;石墨烯发热体、纳米过滤嘴等专利技术提升用户体验。同时，智能化技术渗透全产业链：生产环节，AI算法优化工艺参数，降低残次品率;销售环节，智能柜机通过人脸识别、消费行为分析实现动态定价与库存管理。 (二)产品趋势：从“尼古丁交付”到“健康解决方案” 行业价值链条重构，企业从单一产品提供者转向综合健康解决方案服务商。例如，部分企业布局戒烟辅助产品(如尼古丁贴片、口服药)，或开发低害烟草与健康监测设备的组合套餐，满足消费者全周期健康管理需求。此外，无烟气产品(如尼古丁袋、雾化医疗)因政策支持与消费需求升级，市场份额有望快速扩大。 (三)市场趋势：新兴市场与国内市场双轮驱动 国内市场方面，政策驱动行业规范化发展，企业需通过合规经营与技术创新提升竞争力;国际市场方面，东南亚、非洲等新兴市场因人口红利与监管宽松，成为企业增长新引擎。例如，某企业通过在印尼、越南建立生产基地，实现本地化生产与销售，规避贸易壁垒并降低物流成本。 五、投资策略分析 (一)聚焦核心赛道：减害技术与新型烟草 建议优先布局减害技术研发(如低温加热、生物降解材料)与新型烟草制品生产。减害技术符合政策导向与消费需求，且专利壁垒高，可形成长期竞争优势;新型烟草市场增速快，但监管尚未完全成熟，存在早期布局机会。 (二)强化供应链韧性：数字化与本地化并重 构建弹性供应链体系，应对原材料价格波动与国际贸易摩擦。数字化方面，通过物联网技术实现供应链实时监控与风险预警;本地化方面，在东南亚、非洲等新兴市场建立生产基地与原材料供应网络，降低对单一市场的依赖。 (三)践行ESG理念：绿色生产与社会责任 将环境、社会与治理(ESG)纳入投资决策框架。绿色生产方面，采用可再生能源、优化废弃物处理流程，降低碳排放;社会责任方面，加强未成年人保护、推动员工职业发展，提升企业品牌形象。例如，某企业通过公开碳足迹报告、设立戒烟公益基金，增强投资者与消费者信任。 如需了解更多烟草行业报告的具体情况分析，可以点击查看中研普华产业研究院的《2025-2030年版烟草项目商业计划书》。 相关深度报告REPORTS 本文内容仅代表作者个人观点，中研网只提供资料参考并不构成任何投资建议。（如对有关信息或问题有深入需求的客户，欢迎联系400-086-5388咨询专项研究服务）品牌合作与广告投放请联系：pay@chinairn.com 标签： 68 更多相关 让决策更稳健 让投资更安全 掌握市场情报，就掌握主动权，扫码关注公众号，获取更多价值： 3000+细分行业研究报告500+专家研究员决策智囊库1000000+行业数据洞察市场365+全球热点每日决策内参 中研普华 研究院 更多行业报告,中研网,未知,2025-09-23 00:00:00,http://www.chinairn.com/news/20250923/112926499.shtml,北京市,控烟、戒烟,中性,评论观点类
2025010185,【 原 】 【原创第2501篇】慢慢走，不要停|退休倒计时（161/732）,title: 【 原 】 【原创第2501篇】慢慢走，不要停|退休倒计时（161/732） summary: 慢慢走，不要停|。退休倒计时一个朋友病了，大象聊起来有点唏嘘。大象决定戒烟，根据性格心理学，他在呼吸系统这块，先天就比较弱，不如别人。大象很少会相信我，在大象眼里，我完全就是一个傻傻的女人。人生最大的幸福，就是和喜欢的人一起做有趣的事，然后慢慢变老。 content: 一个朋友病了，大象聊起来有点唏嘘。我安慰他，一个人一生中会生什么病，都是有各自的定数。只不过，有的人重视，有的人没有那么介意罢了。大象决定戒烟，根据性格心理学，他在呼吸系统这块，先天就比较弱，不如别人。之前，我若是劝他，他会嗤之以鼻。但，随着他的几个朋友陆陆续续查出来的一些病症，都被我早早就说中了。我给过他们提醒，只不过那时很少有人会选择相信我。在他们眼里，以为我只会教书，也懂一些法律和心理。但，若是能够提前看出他们的病症，他们根本不会去相信。其实，每个人都有属于自己的出厂说明书，就像新产品的发布，都会带着产品说明书，我们人类也一样。阿珠说，体检出来了，有些小问题。我说，你不说，我都能准确地说出，你的问题会出在哪里。在阿珠那里，相信我的时候居多。即使别人都持怀疑态度的时候，阿珠都会坚定不移地站在我这边。因为这么多年来，阿珠一直都知道我在学习，学习各种知识。有的知识，在阿珠眼里，就是旁门左道，但阿珠相信我学的东西都会有用。我是一个特别实际的人，即便看书，哪怕是看一本小小册子，若是没有用，我根本不会去浪费时间看。大象很少会相信我，在大象眼里，我完全就是一个傻傻的女人。不买漂亮衣服，也不买好吃的零食，有点钱不是买书就是买课。我几乎不用化妆品，也很少去买女人用的首饰品。我戴的那些手串，绝大多数都是姐妹们赠送的。我用来买书买课学习的钱，花费还是很多的。大象始终认为我学的这些东西，简直是糟蹋钱。但，最近几年，随着找我的人越来越多，大象慢慢地也开始怀疑起来了。他不知道我到底有多少能耐。但，我能精确地说出他朋友的病症，他倒是吓得一愣一愣的。我提醒他，喝酒要适量，但必须完全戒烟。未来，若是身体出问题，必然是他的呼吸系统。有个朋友不幸罹患了重症，做了手术。和我聊起，有些担心。我安慰她，她的最致命的问题并不在这种病症上，而是在代谢系统上。后来，果然恢复了身体，但我依旧提醒她，要善待自己的代谢系统。我这样说，并不是为了标榜我自己有多大的能耐。我也只是在无意中学到了性格心理学，知道了每一个人都会自带人生密码。所有问题的答案，都藏在出生的密码里。说穿了，一分钱也不值。有个同学很久很久没有联络。后来联络上了，有人告诉我，同学生了大病。我看了他的生命九数之后说，他的肾脏出了大问题。果然是尿毒症。而且查出病症的那几年，恰好是他处于冬藏之年。我经常会看自己的生命九数，我的弱点主要在脾胃和肝胆上。我一直都知道自己的胆囊总是会出问题，并不知道我的脾胃其实已经很虚。脾虚的人，心脏就会容易出问题。心脏不好，人就容易发胖。结婚三十年，我断断续续胖了三十年。知道自己的问题在哪，并不是为了吓唬人，而是及早地提醒你注意要善待自己的身体。像我现在，已经开始试行晚上十点左右睡觉。去年之前，我一直都很相信自己的身体不错。尤其是从四十岁到53岁的这13年，我一直都是铆足了劲来学习看书。【原创第2294篇】一个女神经病的13年| 30年教龄，21年职龄，中学一级语文老师，退休倒计时（54）但现在，我已经学会了放慢脚步。尤其是一夜之间，右肩突然疼痛之后，我知道属于我的那些问题，开始渐渐找上门来了。今天早上，我练了一遍金刚功，感觉有些地方已经伸展不开来。很是后悔。若是一直坚持练习下来，也不至于像现在这样会诸多不便。昨天，听李尚龙的直播课，有一句话深深吸引了我：不要问自己未来会怎么样，你只要保持终生学习，慢慢走，不要停。迟早有一天，你会惊艳所有人。我无意去惊艳所有人，我只想成为一个终生学习者。慢慢走，不要停。是我喜欢的一种生活状态。有时候，用力过猛，反而得不偿失。比如我倡导的减重活动，100天减10斤，这个任务并不重。平均下来，十天减一斤，一天减一两。依照这样的速度，100天减下来，轻轻松松完成减重任务。从前，我做事特别心急，恨不得要一天掰开来当两天用。总是担心时间不够用。其实这种担心是多余的。生死有命，但一定与你的生活习惯有关。我的人生目标是要活到120岁。比起广东的谭志德，还有一点差距。他想活到143岁，而我只打算活到120岁。活到120岁，根据易经上记录，一个爻代表20年，一个卦有六爻，正好120岁。一个人若是活到120岁，才叫天年。也因此，六十岁之前翘辫子的，都会被认为是夭折。慢慢走，不要停。不仅仅是一种学习的状态，更是一种生活方式的选择。从现在开始，我也要学会慢一点，再慢一点。只要保持行走，不要停滞不前，无论是学习，还是生活，慢慢走，不停步，早晚都会到达彼岸。人生最大的幸福，就是和喜欢的人一起做有趣的事，然后慢慢变老。,个人图书馆,未知,2025-09-23 00:00:00,http://www.360doc.com/content/25/0923/09/78658247_1161839748.shtml,广东省,戒烟,中性,评论观点类
2025010161,年轻女性的冠心病早期症状,title: 年轻女性的冠心病早期症状 summary: 年轻女性的冠心病早期症状年轻女性的冠心病早期症状主要有胸闷、胸痛、心悸、呼吸急促、乏力等。冠心病可能与遗传因素、高血压、高脂血症、糖尿病、吸烟等因素有关，建议及时就医检查。若症状持续或加重，须立即就医，避免延误最佳治疗时机。 content: 年轻女性的冠心病早期症状主要有胸闷、胸痛、心悸、呼吸急促、乏力等。冠心病可能与遗传因素、高血压、高脂血症、糖尿病、吸烟等因素有关，建议及时就医检查。 1、胸闷 年轻女性冠心病早期常出现胸闷感，多位于胸骨后或心前区，呈压迫性或紧缩感，持续时间较短，可能在体力活动或情绪激动时加重。这种症状与心肌缺血导致的心脏供血不足有关。若频繁发作，建议进行心电图、心脏超声等检查。日常应避免剧烈运动，保持情绪稳定。 2、胸痛 胸痛是冠心病的典型表现，年轻女性可能表现为不典型的刺痛或隐痛，易被误认为乳腺疾病或胃食管反流。疼痛可能向左肩、背部或下颌放射，休息或含服硝酸甘油后可缓解。出现此类症状需警惕心肌缺血，避免延误诊治。可遵医嘱使用阿司匹林肠溶片、硝酸甘油片、美托洛尔缓释片等药物。 3、心悸 冠心病早期可能出现心悸症状，表现为心跳加快、心律不齐或心前区不适感，尤其在活动后明显。这与冠状动脉狭窄导致的心肌缺氧有关。建议进行24小时动态心电图监测，排除其他心律失常疾病。日常应限制咖啡因摄入，保证充足睡眠。 4、呼吸急促 轻度活动即感呼吸急促是年轻女性冠心病的不典型表现之一，可能伴随冷汗、头晕等症状。这与心脏泵血功能下降导致肺淤血有关。需与呼吸系统疾病鉴别，建议完善心肺功能评估。避免过度劳累，控制体重有助于减轻症状。 5、乏力 不明原因的持续乏力可能是冠心病早期信号，尤其在合并糖尿病等基础疾病时更常见。心肌缺血会导致全身供氧不足，引起疲劳感。建议检查血脂、血糖等指标，排除贫血等其他病因。保持适度有氧运动，如散步、游泳等，有助于改善心脏功能。 年轻女性出现冠心病症状时往往表现不典型，容易忽视。建议保持低盐低脂饮食，每日摄入足量蔬菜水果，控制体重在正常范围。戒烟限酒，每周进行150分钟中等强度运动。定期监测血压、血糖、血脂等指标，有家族史者应提早筛查。若症状持续或加重，须立即就医，避免延误最佳治疗时机。,复禾健康,未知,2025-09-23 00:00:00,http://www.fh21.com.cn/jibing/view/8493033.html,未知,戒烟,中性,报道事实类
2025010134,做完心脏支架手术后多久能恢复,title: 做完心脏支架手术后多久能恢复 summary: 做完心脏支架手术后多久能恢复做完心脏支架手术后一般需要1-3个月恢复，具体时间与手术方式、术后护理、个人体质等因素有关。严格遵医嘱服用阿司匹林肠溶片、硫酸氢氯吡格雷片等抗凝药物，出现胸痛、气促等不适症状应立即就医。戒烟限酒，保证每日7-8小时睡眠，保持情绪稳定有助于心脏康复。 content: 做完心脏支架手术后一般需要1-3个月恢复，具体时间与手术方式、术后护理、个人体质等因素有关。 心脏支架手术后的恢复时间可分为三个阶段。术后1-2周为急性恢复期，此时需密切监测穿刺部位愈合情况，避免剧烈活动，多数患者可出院休养。术后2-6周进入功能恢复期，在医生指导下逐步增加低强度运动如散步，同时需坚持服用抗血小板药物防止支架内血栓形成。术后6-12周为巩固期，此时支架内皮化基本完成，可恢复正常生活和工作节奏，但需避免提重物等突发性用力动作。恢复期间应定期复查心电图、心脏彩超等项目，观察支架通畅度和心功能改善情况。部分合并糖尿病或肾功能不全的患者恢复可能延长，需根据复查结果调整康复计划。 术后需保持低盐低脂饮食，每日食盐摄入不超过5克，避免动物内脏等高胆固醇食物。可适当食用深海鱼类补充不饱和脂肪酸，每周进行3-5次有氧运动如快走或骑自行车，每次持续20-30分钟。严格遵医嘱服用阿司匹林肠溶片、硫酸氢氯吡格雷片等抗凝药物，出现胸痛、气促等不适症状应立即就医。戒烟限酒，保证每日7-8小时睡眠，保持情绪稳定有助于心脏康复。,复禾健康,未知,2025-09-23 00:00:00,http://www.fh21.com.cn/jibing/view/8493042.html,未知,戒烟,中性,报道事实类
2025010129,【 原 】 白扬友谊幼儿园 王亚 || 历史的烟痕与时代的叩问,title: 【 原 】 白扬友谊幼儿园 王亚 || 历史的烟痕与时代的叩问 summary: 白扬友谊幼儿园王亚|。历史的烟痕与时代的叩问近期，浙江绍兴鲁迅纪念馆的抽烟墙引发热议，一面鲁迅夹烟的墙画成为舆论焦点。有控烟志愿者投诉称其可能误导青少年、有诱导室外聚集抽烟风险，建议将夹烟动作改为右手握拳。是用当下的标准裁剪真实，还是保留历史人物的烟火气，让他们从符号回归人的模样？ content: 近期，浙江绍兴鲁迅纪念馆的“抽烟墙”引发热议，一面鲁迅夹烟的墙画成为舆论焦点。有控烟志愿者投诉称其可能误导青少年、有诱导室外聚集抽烟风险，建议将夹烟动作改为右手握拳。这场争议的核心，从来不是“吸烟该不该提倡”，而是我们该以怎样的姿态面对历史。是用当下的标准裁剪真实，还是保留历史人物的“烟火气”，让他们从符号回归“人”的模样？ 鲁迅作为中国近代文学和思想的重要代表人物，他的形象早已深深烙印在民族记忆中。从现存的历史照片以及诸多文人的回忆中，我们不难发现，鲁迅吸烟并非艺术虚构，而是刻在历史里的真实细节。从东京求学时开始，到临终前病榻上的最后时光，三十年烟龄、日均最高五十支烟的习惯，早已融入他的生活与创作。他在文中写过，夜间疲倦时“点上一支烟，再继续写为'正人君子’之流所深恶痛绝的文字”，烟于他而言，是对抗黑暗的清醒剂，也是支撑思考的精神伴物。那些记录他吞云吐雾的老照片、艺术家笔下夹烟沉思的经典构图，都在诉说一个事实：这抹“烟火气”不是污点，而是构成鲁迅立体形象的一块拼图——他不只是“笔如匕首”的战士，也是会在书桌前抽烟提神的普通人。 将鲁迅夹烟的墙画视为“诱导吸烟”“误导青少年”的源头，这种观点似乎过度解读了墙画的影响。要求换画的提议，藏着一种对历史的“净化焦虑”：总想用当下的道德标尺，把历史人物打磨成无懈可击的偶像。可这种“无菌化”的改造，恰恰会消解历史的重量。若因控烟就抹去鲁迅的烟，那李白的“举杯邀明月”是否该换成“持卷读书图”？20世纪上半叶的文人吸烟本是时代常态，我们不能用今天的健康标准去审判历史人物，当鲁迅只剩“握拳”的战斗符号，他在《朝花夕拾》里对童年的温柔回望、在《野草》里的精神挣扎，这些鲜活的人性细节，都会被刻板的道德评判覆盖。 我们可以用今天的文明尺度去优化文化传播方式，正如故宫在展示古代文物时会标注“此药具毒性”，鲁迅纪念馆完全可以在墙画旁增设二维码，链接鲁迅戒烟故事、烟草危害科普等内容，这样既保留了历史真实，又能引导青少年辩证看待——既看见一个真实的鲁迅，也树立正确的生活观念，让历史记忆在现代阐释中焕发新生。 在文化遗产保护中，专业机构的权威性与公众意见的多样性并非对立关系。绍兴文旅集团通过市长热线收集百余条公众意见后坚持原有决策，这种“听取但不盲从”的态度，恰恰体现了现代公共治理的智慧。 站在鲁迅故里的青砖黛瓦间，那缕虚构的烟痕与真实的历史记忆交织缠绕。这场关于“一支烟”的争论，最终指向的是我们该如何与历史对话：是将文化符号供奉在玻璃展柜里，还是让其在时代语境中呼吸生长？答案或许藏在鲁迅的文字里:“没有冲破一切传统思想和手法的闯将，中国是不会有真的新文艺的”。当我们以敬畏之心守护历史，以创新之姿拥抱未来，方能让鲁迅笔下“于无声处听惊雷”的精神火种，在新时代继续照亮民族前行的道路。 历史人物的魅力，从不在“完美”。有缺点的战士仍是战士，被剥离真实细节的符号，再光鲜也没了灵魂。别让“握拳图”遮住那支烟，留住鲁迅的“烟火气”，才是对历史最真诚的尊重。 作者简介：王亚，陕西省教学能手，白扬友谊幼儿园教师，喜欢旅行和探索，且一直在路上。教育格言：爱孩子，尊重每一个孩子，和孩子成为好朋友。,个人图书馆,未知,2025-09-23 00:00:00,http://www.360doc.com/content/25/0923/07/20867509_1161834077.shtml,浙江省,控烟、戒烟,中性,报道事实类
2025010110,抽烟对血糖有什么影响,title: 抽烟对血糖有什么影响 summary: 抽烟对血糖有什么影响抽烟会导致血糖升高，增加糖尿病及其并发症的发生风险。烟草中的尼古丁等有害物质可能干扰胰岛素分泌、加剧胰岛素抵抗，同时诱发炎症反应和氧化应激，进一步破坏血糖调控机制。出现多饮多尿、体重骤降等糖尿病典型症状时，须及时就医完善糖化血红蛋白和胰岛素功能检测。 content: 抽烟会导致血糖升高，增加糖尿病及其并发症的发生风险。烟草中的尼古丁等有害物质可能干扰胰岛素分泌、加剧胰岛素抵抗，同时诱发炎症反应和氧化应激，进一步破坏血糖调控机制。 尼古丁通过激活交感神经系统，促使肾上腺素等升糖激素释放，直接抑制胰岛β细胞功能，减少胰岛素分泌。长期吸烟者空腹及餐后血糖水平通常高于非吸烟者，糖化血红蛋白指标也呈现异常。烟草燃烧产生的焦油、一氧化碳等成分会损伤血管内皮，加剧糖尿病患者常见的微循环障碍，增加视网膜病变、肾病和神经病变概率。吸烟还可能改变脂肪分布，促进内脏脂肪堆积，进一步加重胰岛素抵抗。 对于已确诊糖尿病的人群，吸烟会加速糖尿病肾病进展，使尿微量白蛋白排泄率显著增加。吸烟的糖尿病患者发生心脑血管意外的概率是非吸烟患者的数倍，截肢风险也明显上升。妊娠期吸烟可能引发妊娠糖尿病，并导致胎儿宫内发育迟缓。部分戒烟人群可能出现短期体重增加，但通过合理膳食控制和运动干预可有效避免由此带来的血糖波动。 建议吸烟人群定期监测空腹血糖和餐后2小时血糖，必要时进行口服葡萄糖耐量试验。糖尿病患者应严格戒烟并避免二手烟暴露，可寻求戒烟门诊专业指导。日常需保持均衡饮食，增加全谷物和膳食纤维摄入，每周进行适度有氧运动。出现多饮多尿、体重骤降等糖尿病典型症状时，须及时就医完善糖化血红蛋白和胰岛素功能检测。,复禾健康,未知,2025-09-23 00:00:00,http://www.fh21.com.cn/jibing/view/8493010.html,未知,戒烟,中性,报道事实类
