id,title,contents,platform,author,published_at,url,region,hit_words,polarity,classification
202401013834,http://t.cn/A6jTVkkQ 【志愿服务解民忧】达尔登社区开展“无烟佳节 与爱同行”控烟宣传活动 烟草现已成为严重影响公众健康的公共卫生问题，为进一步强化全社会对烟草危害的正确认识，提高人们的烟草防控意识，切实保护广大人民群众的身心健康。2024年1月29日上午，在新年佳节来临之际，达尔登社区开展了“无烟佳节 与爱同行”为主题的控烟行动，弘扬无烟健康过节文化，倡导过节不吸烟，共度健康佳节。,content: http://t.cn/A6jTVkkQ 【志愿服务解民忧】达尔登社区开展“无烟佳节 与爱同行”控烟宣传活动 烟草现已成为严重影响公众健康的公共卫生问题，为进一步强化全社会对烟草危害的正确认识，提高人们的烟草防控意识，切实保护广大人民群众的身心健康。2024年1月29日上午，在新年佳节来临之际，达尔登社区开展了“无烟佳节 与爱同行”为主题的控烟行动，弘扬无烟健康过节文化，倡导过节不吸烟，共度健康佳节。,微博,赛罕区昭乌达南路街道,2024-01-31 20:55:54,http://weibo.com/5444814610/NEqsGa30h,未知,控烟,正面,未知
202401013841,控烟条例形同虚设,content: 控烟条例形同虚设,微博,我就是mmjbz啷个办,2024-01-31 19:53:06,https://weibo.com/5402666134/NEpIQrjAW,未知,控烟,负面,未知
202401013844,#无烟过大年# 控烟行动一起来 健康环境更多彩 ,content: #无烟过大年# 控烟行动一起来 健康环境更多彩,微博,北京昌平健康教育,2024-01-31 13:19:53,http://weibo.com/2656296377/NEntA6mpE,未知,控烟,正面,未知
202401013852,转发微博 //@中国绿发会:“环保协同控烟”系列宣传片：“公益诉讼篇”正式发布！ #环保协同控烟##控烟##绿皮车应该全列禁烟吗# 为爱捐赠，请点击：http://t.cn/A6Ne59sc 吸烟有害身体健康已成共识，但烟草对生态环境的影响人们尚不了解。中国生物多样性保护与绿色发展基金会（简称中国绿发会）作为公益组织，通过#生态环境保护协同控烟#项目，关注烟草全产业链的环境影响，并对损害社会公共利益的行为提起环境公益诉讼。以下三个典型案件分享，一起共同了解环保协同控烟的创新实践与成效吧。 “绿皮车”控烟案 我们知道，高铁、公交车等室内公共场所都不允许吸烟，但普速列车，也就是我们常说的绿皮车，在车厢连接处，却往往设有吸烟区。 2020年，中国绿发会接到了多位乘客的反映，称带孩子乘坐绿皮车时，常看到有人吸烟，车厢内烟雾缭绕，空气质量极差，对其他乘客，特别是孕妇、小孩等群体健康造成很大影响。对此，中国绿发会进行了现场调查与检测。 针对这一情况，中国绿发会以三家铁路公司为被告提起环境公益诉讼。 2021年1月，案件在北京市第四中级人民法院正式受理，这是《民法典》实施后的首例环境公益诉讼案。2022年4月，经调解，三家被告取消了车厢内的吸烟装置，张贴了禁烟标识，并通过烟雾报警、语音提醒等手段进行列车控烟，消除绿皮车烟草危害。 该案件引起社会广泛关注并被多家媒体报道，该案也被称为推进无烟列车，无烟奥运的第一案。对推动绿皮车控烟起到了积极作用。 为确认被告调解义务履行情况中国绿发会控烟工作组进行了调查回访，中国绿发会副秘书长马勇在调查回访中讲到：“现在我们看到在K41车次上所有的以前设置的吸烟区全部取消了，而且之前车厢内有一个很大的烟灰盒，现在已经被禁止吸烟的标识封堵了。我们还看到整个车厢内没有任何人在吸烟，在我们刚上车的时候，列车员也是在不断的提醒禁烟。” 一些未涉案的绿皮车，特别是北京至张家口的对开列车，也采取了有效控烟措施，让冬奥会筹办期两地的往返列车远离烟草危害。此外，涉案铁路公司还承诺要逐步取消所有列车上的吸烟区，并承诺新采购列车将不会再有吸烟装置。 “无烟商场”第一案 除了关注绿皮车等公共交通工具内吸烟引发的空气污染和对公众环境健康权益的侵害，中国绿发会同样关注室内公共空间的吸烟危害。 2018年中国绿发会接到志愿者举报，一儿童主题大型国际连锁商场，在紧邻母婴室的位置设立了吸烟室，大量二手烟雾外溢，室内污染严重。调查核实后，中国绿发会向保定市中级人民法院提起环境公益诉讼，并邀请法律、控烟、疾控、未成年保护等领域专家，重点就二手烟和三手烟对公众健康的损害、吸烟对公共环境权益损害的量化与评估、烟草环境损害的修复方式等进行研讨，会议还就积极推进室内公共场所控烟、加紧出台全国性控烟立法达成共识。在案件审理过程中，相关专家亦作为专家证人出庭作证。截至目前，案件的控烟效果已经显现，涉案商场已停用吸烟室并对吸烟标识进行遮盖。 这一案件也被称为全国首例室内公共场所控烟案，对全国范围内推进无烟商场建设起到了积极带动作用。 烟草公司污染长江水系案 除了吸烟带来的列车和商场等室内环境污染和身体健康危害，烟草的全产业链，亦会对生态环境产生持续危害，如导致森林面积减少、生物栖息地破坏、土壤肥力下降、水源损耗及污染等。 2022年，有志愿者向中国绿发会举报，称云南一烟草公司违规向流螳螂川超标排放废水。螳螂川是长江的二级支流，也是云南滇池的唯一天然出口。企业的这一行为严重违背了《长江保护法》。中国绿发会在调查核实后，将该烟草公司作为被告，向昆明市铁路运输中级法院提起环境公益诉讼。目前该案正在进一步审理中。 关注烟草产业在生产、加工环节的环境违法行为，以法律捍卫生态安全，对减缓烟草环境危害，加强源头管控，具有积极意义。 这三起案件的提起与审理，帮助公众更进一步认识到了烟草的环境危害，也增强了公众通过法律手段捍卫环境健康权益的意识。中国绿发会的环保协同控烟工作，也欢迎更多公众的参与和支持。 文/青鸯 审/Tammy 编/青鸯 http://t.cn/A6jjpFWp,content: 转发微博 //@中国绿发会:“环保协同控烟”系列宣传片：“公益诉讼篇”正式发布！ #环保协同控烟##控烟##绿皮车应该全列禁烟吗# 为爱捐赠，请点击：http://t.cn/A6Ne59sc 吸烟有害身体健康已成共识，但烟草对生态环境的影响人们尚不了解。中国生物多样性保护与绿色发展基金会（简称中国绿发会）作为公益组织，通过#生态环境保护协同控烟#项目，关注烟草全产业链的环境影响，并对损害社会公共利益的行为提起环境公益诉讼。以下三个典型案件分享，一起共同了解环保协同控烟的创新实践与成效吧。 “绿皮车”控烟案 我们知道，高铁、公交车等室内公共场所都不允许吸烟，但普速列车，也就是我们常说的绿皮车，在车厢连接处，却往往设有吸烟区。 2020年，中国绿发会接到了多位乘客的反映，称带孩子乘坐绿皮车时，常看到有人吸烟，车厢内烟雾缭绕，空气质量极差，对其他乘客，特别是孕妇、小孩等群体健康造成很大影响。对此，中国绿发会进行了现场调查与检测。 针对这一情况，中国绿发会以三家铁路公司为被告提起环境公益诉讼。 2021年1月，案件在北京市第四中级人民法院正式受理，这是《民法典》实施后的首例环境公益诉讼案。2022年4月，经调解，三家被告取消了车厢内的吸烟装置，张贴了禁烟标识，并通过烟雾报警、语音提醒等手段进行列车控烟，消除绿皮车烟草危害。 该案件引起社会广泛关注并被多家媒体报道，该案也被称为推进无烟列车，无烟奥运的第一案。对推动绿皮车控烟起到了积极作用。 为确认被告调解义务履行情况中国绿发会控烟工作组进行了调查回访，中国绿发会副秘书长马勇在调查回访中讲到：“现在我们看到在K41车次上所有的以前设置的吸烟区全部取消了，而且之前车厢内有一个很大的烟灰盒，现在已经被禁止吸烟的标识封堵了。我们还看到整个车厢内没有任何人在吸烟，在我们刚上车的时候，列车员也是在不断的提醒禁烟。” 一些未涉案的绿皮车，特别是北京至张家口的对开列车，也采取了有效控烟措施，让冬奥会筹办期两地的往返列车远离烟草危害。此外，涉案铁路公司还承诺要逐步取消所有列车上的吸烟区，并承诺新采购列车将不会再有吸烟装置。 “无烟商场”第一案 除了关注绿皮车等公共交通工具内吸烟引发的空气污染和对公众环境健康权益的侵害，中国绿发会同样关注室内公共空间的吸烟危害。 2018年中国绿发会接到志愿者举报，一儿童主题大型国际连锁商场，在紧邻母婴室的位置设立了吸烟室，大量二手烟雾外溢，室内污染严重。调查核实后，中国绿发会向保定市中级人民法院提起环境公益诉讼，并邀请法律、控烟、疾控、未成年保护等领域专家，重点就二手烟和三手烟对公众健康的损害、吸烟对公共环境权益损害的量化与评估、烟草环境损害的修复方式等进行研讨，会议还就积极推进室内公共场所控烟、加紧出台全国性控烟立法达成共识。在案件审理过程中，相关专家亦作为专家证人出庭作证。截至目前，案件的控烟效果已经显现，涉案商场已停用吸烟室并对吸烟标识进行遮盖。 这一案件也被称为全国首例室内公共场所控烟案，对全国范围内推进无烟商场建设起到了积极带动作用。 烟草公司污染长江水系案 除了吸烟带来的列车和商场等室内环境污染和身体健康危害，烟草的全产业链，亦会对生态环境产生持续危害，如导致森林面积减少、生物栖息地破坏、土壤肥力下降、水源损耗及污染等。 2022年，有志愿者向中国绿发会举报，称云南一烟草公司违规向流螳螂川超标排放废水。螳螂川是长江的二级支流，也是云南滇池的唯一天然出口。企业的这一行为严重违背了《长江保护法》。中国绿发会在调查核实后，将该烟草公司作为被告，向昆明市铁路运输中级法院提起环境公益诉讼。目前该案正在进一步审理中。 关注烟草产业在生产、加工环节的环境违法行为，以法律捍卫生态安全，对减缓烟草环境危害，加强源头管控，具有积极意义。 这三起案件的提起与审理，帮助公众更进一步认识到了烟草的环境危害，也增强了公众通过法律手段捍卫环境健康权益的意识。中国绿发会的环保协同控烟工作，也欢迎更多公众的参与和支持。 文/青鸯 审/Tammy 编/青鸯 http://t.cn/A6jjpFWp,微博,还自然以宁静,2024-01-31 12:28:25,http://weibo.com/7404948745/NEn8GDSpI,未知,控烟,正面,未知
202401013855,损人不利己的卷烟#北京12320控烟在行动# http://t.cn/A6jjlqp0 ,content: 损人不利己的卷烟#北京12320控烟在行动# http://t.cn/A6jjlqp0,微博,北京12320在聆听,2024-01-31 11:16:16,http://weibo.com/2659630681/NEmFpejPv,未知,控烟,中性,未知
202401013862,【三手烟有什么危害？】#北京12320控烟在行动# 三手烟是长期滞留在室内，附着在吸烟者的头发、衣物、室内纺织物上，不可见的有毒气体及颗粒物质。其中包括氢氰酸、丁烷、甲苯、砷、铅、一氧化碳等10余种致癌化合物。当香烟熄灭6小时后，三手烟依然存在，如果室内通风不好、污染程度大，毒性物体会滞留几天甚至数月。那么，三手烟具体有什么危害呢？1、损伤呼吸道，造成多脏器损害香烟中含有的有毒物质，会损害呼吸系统的纤毛组织，削弱其保护呼吸系统的功能，致使有毒物质进入肺部，危害肺部组织，增加肺纤维化、慢性阻塞性肺炎、哮喘的患病风险。香烟中的尼古丁能抑制人体的免疫功能，与空气污染物亚硝酸后反应可形成致癌物，铅、砷等有毒物质对神经系统、循环系统也有所伤害，造成多脏器损害。2、加速DNA损伤三手烟中的部分有毒物质进入身体后，可进一步进入细胞，在细胞核里与核酸产生反应，引起基因链断裂或碱基氧化，从而引起基因突变，甚至引起癌症及其他疾病。3、极大伤害儿童儿童嬉戏玩耍、抚摸甚至去舔咬各种东西，并把手放在嘴里，这些行为都有可能接触附着在家中的有害物质。因此三手烟的烟毒对儿童造成的危害要比成年人更大。即使烟雾微粒含量极低，也有可能导致婴幼儿出现神经中毒的症状。（来源：首都医科大学附属北京朝阳医院）#健康##健康生活##健康守护在东城# @北京东城 @首都健康 @百姓身边事儿,content: 【三手烟有什么危害？】#北京12320控烟在行动# 三手烟是长期滞留在室内，附着在吸烟者的头发、衣物、室内纺织物上，不可见的有毒气体及颗粒物质。其中包括氢氰酸、丁烷、甲苯、砷、铅、一氧化碳等10余种致癌化合物。当香烟熄灭6小时后，三手烟依然存在，如果室内通风不好、污染程度大，毒性物体会滞留几天甚至数月。那么，三手烟具体有什么危害呢？1、损伤呼吸道，造成多脏器损害香烟中含有的有毒物质，会损害呼吸系统的纤毛组织，削弱其保护呼吸系统的功能，致使有毒物质进入肺部，危害肺部组织，增加肺纤维化、慢性阻塞性肺炎、哮喘的患病风险。香烟中的尼古丁能抑制人体的免疫功能，与空气污染物亚硝酸后反应可形成致癌物，铅、砷等有毒物质对神经系统、循环系统也有所伤害，造成多脏器损害。2、加速DNA损伤三手烟中的部分有毒物质进入身体后，可进一步进入细胞，在细胞核里与核酸产生反应，引起基因链断裂或碱基氧化，从而引起基因突变，甚至引起癌症及其他疾病。3、极大伤害儿童儿童嬉戏玩耍、抚摸甚至去舔咬各种东西，并把手放在嘴里，这些行为都有可能接触附着在家中的有害物质。因此三手烟的烟毒对儿童造成的危害要比成年人更大。即使烟雾微粒含量极低，也有可能导致婴幼儿出现神经中毒的症状。（来源：首都医科大学附属北京朝阳医院）#健康##健康生活##健康守护在东城# @北京东城 @首都健康 @百姓身边事儿,微博,北京市东城区妇幼保健院,2024-01-31 09:31:33,http://weibo.com/2686013653/NElYTxtFt,未知,控烟,中性,未知
202401013865,转发微博//@中国青年网:【三次捡92烟头，他被誉为“捡烟头书记”】市委书记王永康主政西安后，与烟头“杠”上了。暗访时捡、调研时捡，甚至上下班路上也在捡。面对质疑，他给出答案：小小烟头转变的是城市管理理念和干部作风，也有利于市民的素质养成。烟头不落地，风气正民心齐[赞] [履新两个月，捡烟头市委书记瘦了](http://t.cn/RJjORTc) 　　据《西安日报》报道，2月13日上午，陕西省委常委、西安市委书记王永康以一名普通党员身份来到所在党支部，征求对市委和他本人的意见建议，并表示要按时主动缴纳党费。 　　记者发现，1个多月前，这位拥有军工背景的博士副省级干部曾因捡烟头而引起热议——平安夜捡了27个，元旦中午捡了9个，绕省政府办公区捡了56个，并提出“烟头革命”。 　　对于王永康被誉为“捡烟头书记”，当地官方媒体称，小小的烟头反映出干部作风建设的大问题，王永康正是选择以“烟头”破题，抓投资环境提升。 　“小伙伴们辛苦了” 　　报道指出，王永康在市委办公厅综合一处党支部促膝谈心长达两个多小时，“我是综合一处支部的党员，以后就要和同志们一起过组织生活，参加支部的学习、讨论和交流，并要按时主动缴纳党费。” 　　综合一处的主要职责是文稿服务。该支部书记刘新锋说，我给永康书记汇报，现在综合一处的工作量明显增加，两个月以来文稿起草数量是过去的2.5倍。永康书记笑着说，现在的工作应该算是一天当三天干了，大家给我和市委服务，辛苦了！ 　　分管综合一处的市委副秘书长、市委政研室主任冯涛也在这个支部，他说，这两个月的文稿起草中大家连续奋战，都忙瘦了。书记很真诚地向大家道谢，说：小伙伴们辛苦了。其实我也看到，永康书记这两个月也瘦了！我经常在凌晨收到永康书记转来的批件，他几乎是通宵达旦，每天都工作到深夜，重要文件和信息不管多晚送给他，都会及时批复。 　　吴瀛栋是支部组织委员，他说，在征求意见时，书记听说我负责收党费。他笑着说，我以后要及时主动缴纳党费。这一个小小细节让我看到书记的党性觉悟。 　　记者注意到，他们所提及的两个月恰好是王永康履新西安的时间。 　　2016年12月9日，西安召开全市领导干部大会，王永康接任陕西省委常委、西安市委书记。 　　陕西省委副书记毛万春在讲话中如是评价王永康：思路清晰，思维敏捷，视野开阔。重视抓班子带队伍，形成了良好的用人导向。经过多个重要岗位锻炼，领导经验丰富，组织协调和处理复杂问题能力强。群众观念强，事业心和责任感强，作风民主，坚持原则，为人朴实，处事稳重，对自己要求严格，在干部群众中有较高的威信。 　　王永康则表示，从今天开始，我就是一名新西安人了。我一定接好“接力棒”，把好“政治关”“能力关”“作风关”“责任关”“廉洁关”，“带头加强家风家教，管好自己，管好班子，管好队伍，管好亲人，管好身边人”。 　　王永康还说，我将多深入基层、深入一线，低调务实、勤政善政、多做少说，把西安的发展建立在过硬的富民成果之上。 35岁升副厅的军工背景博士 　　不但低调务实，王永康还是位学者型官员。公开简历显示，1963年出生的王永康为武汉人，工学博士，研究员级高级工程师。 　　记者发现，博士，在陕西常委班子里并不少见。 　　如去年4月履职陕西省委书记的娄勤俭，曾是中国最权威的计算机专家；省长胡和平为工学博士，曾在清华大学工作多年；常务副省长梁桂为理学博士，曾任西北农林科技大学党委书记。王永康则有十余年军工领域的背景。 　　从武汉理工大学金属材料专业本科毕业后，王永康并非直接读硕博，而是远赴上海理工大学当起助教，一干就是3年。此后才于1988年考入中国知名的老牌军工高校——哈工大。 　　拿到硕士学位后，王永康便开始了长达7年的军工研究所生涯——从中国兵器工业第五二研究所宁波分所副所长开始，一直做到第五二研究所副所长。换句话说，仅用7年时间，他就升至副厅级，此时的王永康才35岁。 　　第五二研究所官网称，自己是中国兵器工业集团唯一一所综合性的金属材料与工艺研究所，取得国家发明奖、科技进步奖、省部级奖等各类科技成果千余项，目前该所正在加快铝合金焊丝项目的产业化进程。 　　1999年，王永康转入仕途，历任宁波市科委主任、市政府副秘书长，余姚市长、市委书记；2009年起挂职重庆市南川区委书记两年。 　　2011年，王永康返回浙江，担任丽水市长；2013年出任丽水市委书记。2016年1月，王永康升任浙江省委常委、统战部长，跻身副省级。不足一年，王永康再次履新，改任西安市委书记。 　　需要注意的是，王永康执政丽水的3年。据《每日经济新闻》报道，丽水位于浙江省南部地区，有“中国生态第一市”之称。浙江省层面要把“绿水青山就是金山银山”作为丽水所有发展的根本指导思想，并取消了对丽水GDP、工业总产值的考核。这种不唯GDP论的发展方式，简单地讲，是更为先进的城市治理理念。对丽水主政者王永康来讲，也是一种新的历练。 　　“三次捡92烟头”引热议 　　如果说此前颇为低调的王永康并不为太多人熟悉的话，履新西安市委书记仅半个月后，他就受到广泛的瞩目。 　　西安市互联网信息办公室官方微博@西安发布称，2016年12月24日下午16：30至晚上19：45，王永康暗访西安城墙景区环境卫生清洁工作，用时3个多小时绕城墙步行一圈。他边走边查看沿线卫生情况，在天黑前行走一半时，已发现多处烟头、纸屑等垃圾随意丢弃现象。 　　王永康先后亲自捡拾起27个烟头。随行工作人员也捡起近20个烟头或纸屑。 　　该微博还发出倡议：请各区县、各开发区和市级有关部门要坚决积极响应“烟头不落地，古都更美丽”的倡议，主要负责同志亲自带头，主动上街捡拾烟头，清理垃圾，整治环境，切实用实际行动抓好落实！ 　　半个月后的1月9日，王永康再次以实际行动践行此前的倡议。当天上午，在出席完西安市扩大有效投资重大项目集中开工仪式后，在参加省上会议前，王永康步行检查市容环境卫生。 　　他从人民大厦南门经皇城东路、西五路、皇城西路、西新街绕省政府办公区，新城广场用时55分钟，共捡烟头56个。 　　这两件事一经报道，立即引起人们的广泛关注。 　　认证为西安市互联网信息办公室的微信公号“西安发布”发文称，“捡烟头”一词在2016年末刷爆了西安市民的朋友圈、微博，大有成为跨年的网络热词之势。古都干部群众颇有几分见面须得互相问候“今天你捡烟头了吗”的架势。 　　事情正是源于“王永康平安夜捡27个烟头”的消息，履新不到半个月的他就这样成了不折不扣的“网红”，网民还赠予他“捡烟头书记”之称。 　　该微信还称，冬至当天（2016年12月21日）在了解民生问题时，王永康就在钟楼一边调研、一边熟练捡起路边的烟头。“市委书记捡烟头是认真的！暗访时捡、调研时捡，平时也在捡；城墙上捡、钟楼边捡，甚至还有不少市民看到王永康在上下班路上也在捡。元旦当天中午，王永康在大唐芙蓉园步行一小时，还捡了9个烟头。” 　 在丽水时2个月捡3次烟头 　　记者检索发现，王永康并非到西安之后才开始捡烟头。早在主政浙江丽水时，他就曾多次躬行示范、身体力行地捡烟头，打造秀美、干净的市容环境。 　　据《丽水日报》报道，2015年8月3日晚，王永康与30多名丽水市新生代企业家控烟志愿者成员一道，步行巡街开展“烟头不落地，丽水更美丽”洁净活动。 　　当晚7时10分，王永康左手拎着垃圾袋，右手拿着钳子，从处州公园南门花园路人行道出发，一路走，一路看，仔细巡查，一旦发现烟头，就弯腰捡拾，不放过一处死角。 　　步行至花园路与丽阳街路口，丽水市新生代企业家联合会执行会长朱建军走过来，有点不好意思地说：“王书记，我逛了一圈下来，还没有捡到一颗烟头。”王永康说：“如今在花园路捡个烟头，还真不容易。这说明，大家的洁净行动成效明显！” 　　走到花园路与大猷街路口时，大家已是汗流浃背。但王永康顾不上擦汗，又紧接着从大猷街往西走。一边巡街，一边捡拾烟头，王永康还向大家承诺：自己至少每个月都会参与洁净活动，以实际行动示范带动洁净丽水。 　　王永康践行了自己当初的承诺。据浙江新闻客户端报道，无论是夏日炎炎的夜晚，还是秋风乍起的时候，路人常常能看到这位市委书记一手拿垃圾钳、一手拿垃圾袋在捡拾烟头的身影。2015年11月10日晚，王永康再次与志愿者一起捡烟头，并开心地展示了“战利品”。 　　当时，王永康说，生活在这座城市里的人应该热爱这座城市，就要从身边的点点滴滴做起，包括让这个城市更加干净整洁卫生的小事情。爱护环境，就像在家里做家务一样，把家里收拾整洁是令人愉快的。捡烟头活动能体现城市的管理水平，更能体现城市市民的素养。 　　记者还发现，王永康离开丽水，赴浙江省委任职后，丽水依然保留着党员干部、群众上街捡烟头的良好习惯。 　　据浙江在线报道，2016年5月29日晚，丽水莲都区小荷志愿服务表彰活动隆重举行，300多名捡烟头的志愿者代表走上了领奖台。 　　报道还称，从2015年8月3日到11月10日，短短两个多月内，时任市委书记王永康三次参加捡烟头活动。2016年两会期间，市委书记史济锡还以普通代表身份参加捡烟头活动。 　 目的：以烟头破题，提升投资环境 　　作为一名副省级干部，王永康为何在西安与小小的烟头杠上了？ 　　微信公号“西安发布”给出了答案：在王永康书记的眼中，小小烟头折射的是投资环境的大问题。 　　在2016年的最后一天，王永康在雁塔区调研的时候提出了“三个革命”，其中一个就是“烟头革命”。该公号称，王永康这是在清晰回应网络质疑：我为什么要和烟头“杠上了”。 　　王永康在调研时说：抓高效服务环境，要突出三个重点，一要抓好“烟头革命”，提升城市市容环境。二要抓好“厕所革命”，提升城乡公共厕所卫生。三要抓好“行政效能革命”， 解决好门难进、脸难看、事难办的问题，要当好“店小二”，用五星级的服务标准、用一流的服务营造一流的环境。 　　王永康说，小小的烟头，反映出干部作风建设的大问题；小小的厕所，反映我们管理水平能力的大问题。这两个都是西安作为生态宜居城市、著名旅游城市和改善投资环境所需要做到的。 　　因此，王永康主政西安后，选择以“烟头”破题，抓投资环境提升，是题中应有之意，该公号表示举双手双脚赞同！ 　　记者注意到，在1月4日至1月13日这10天时间里，《西安日报》至少两次在头版刊登评论员文章，聚焦点正是烟头。 　　《做好“烟头革命” 打造清洁卫生之城》一文认为，这项工作将转变城市管理理念、切实改变干部作风、激发市民共享共治的热情，还是抓落实的一个切入点，同时有利于市民群众的文明素质养成。 　　10天之后，《从城墙变为“无烟景区”说起》总结道，古老的城墙上下，灯更亮了，草篱更绿了，步道花径愈加整洁，干净得连一个烟头都找不到了，“烟头不落地，西安更美丽”的美好愿景，在城墙上下初见成效。　　（法制晚报记者 岳三猛）据《西安日报》报道，2月13日上午，陕西省委常委、西安市委书记王永康以一名普通党员身份来到所在党支部，征求对市委和他本人的意见建议，并表示要按时主动缴纳党费。 　　记者发现，1个多月前，这位拥有军工背景的博士副省级干部曾因捡烟头而引起热议——平安夜捡了27个，元旦中午捡了9个，绕省政府办公区捡了56个，并提出“烟头革命”。 　　对于王永康被誉为“捡烟头书记”，当地官方媒体称，小小的烟头反映出干部作风建设的大问题，王永康正是选择以“烟头”破题，抓投资环境提升。 　“小伙伴们辛苦了” 　　报道指出，王永康在市委办公厅综合一处党支部促膝谈心长达两个多小时，“我是综合一处支部的党员，以后就要和同志们一起过组织生活，参加支部的学习、讨论和交流，并要按时主动缴纳党费。” 　　综合一处的主要职责是文稿服务。该支部书记刘新锋说，我给永康书记汇报，现在综合一处的工作量明显增加，两个月以来文稿起草数量是过去的2.5倍。永康书记笑着说，现在的工作应该算是一天当三天干了，大家给我和市委服务，辛苦了！ 　　分管综合一处的市委副秘书长、市委政研室主任冯涛也在这个支部，他说，这两个月的文稿起草中大家连续奋战，都忙瘦了。书记很真诚地向大家道谢，说：小伙伴们辛苦了。其实我也看到，永康书记这两个月也瘦了！我经常在凌晨收到永康书记转来的批件，他几乎是通宵达旦，每天都工作到深夜，重要文件和信息不管多晚送给他，都会及时批复。 　　吴瀛栋是支部组织委员，他说，在征求意见时，书记听说我负责收党费。他笑着说，我以后要及时主动缴纳党费。这一个小小细节让我看到书记的党性觉悟。 　　记者注意到，他们所提及的两个月恰好是王永康履新西安的时间。 　　2016年12月9日，西安召开全市领导干部大会，王永康接任陕西省委常委、西安市委书记。 　　陕西省委副书记毛万春在讲话中如是评价王永康：思路清晰，思维敏捷，视野开阔。重视抓班子带队伍，形成了良好的用人导向。经过多个重要岗位锻炼，领导经验丰富，组织协调和处理复杂问题能力强。群众观念强，事业心和责任感强，作风民主，坚持原则，为人朴实，处事稳重，对自己要求严格，在干部群众中有较高的威信。 　　王永康则表示，从今天开始，我就是一名新西安人了。我一定接好“接力棒”，把好“政治关”“能力关”“作风关”“责任关”“廉洁关”，“带头加强家风家教，管好自己，管好班子，管好队伍，管好亲人，管好身边人”。 　　王永康还说，我将多深入基层、深入一线，低调务实、勤政善政、多做少说，把西安的发展建立在过硬的富民成果之上。 35岁升副厅的军工背景博士 　　不但低调务实，王永康还是位学者型官员。公开简历显示，1963年出生的王永康为武汉人，工学博士，研究员级高级工程师。 　　记者发现，博士，在陕西常委班子里并不少见。 　　如去年4月履职陕西省委书记的娄勤俭，曾是中国最权威的计算机专家；省长胡和平为工学博士，曾在清华大学工作多年；常务副省长梁桂为理学博士，曾任西北农林科技大学党委书记。王永康则有十余年军工领域的背景。 　　从武汉理工大学金属材料专业本科毕业后，王永康并非直接读硕博，而是远赴上海理工大学当起助教，一干就是3年。此后才于1988年考入中国知名的老牌军工高校——哈工大。 　　拿到硕士学位后，王永康便开始了长达7年的军工研究所生涯——从中国兵器工业第五二研究所宁波分所副所长开始，一直做到第五二研究所副所长。换句话说，仅用7年时间，他就升至副厅级，此时的王永康才35岁。 　　第五二研究所官网称，自己是中国兵器工业集团唯一一所综合性的金属材料与工艺研究所，取得国家发明奖、科技进步奖、省部级奖等各类科技成果千余项，目前该所正在加快铝合金焊丝项目的产业化进程。 　　1999年，王永康转入仕途，历任宁波市科委主任、市政府副秘书长，余姚市长、市委书记；2009年起挂职重庆市南川区委书记两年。 　　2011年，王永康返回浙江，担任丽水市长；2013年出任丽水市委书记。2016年1月，王永康升任浙江省委常委、统战部长，跻身副省级。不足一年，王永康再次履新，改任西安市委书记。 　　需要注意的是，王永康执政丽水的3年。据《每日经济新闻》报道，丽水位于浙江省南部地区，有“中国生态第一市”之称。浙江省层面要把“绿水青山就是金山银山”作为丽水所有发展的根本指导思想，并取消了对丽水GDP、工业总产值的考核。这种不唯GDP论的发展方式，简单地讲，是更为先进的城市治理理念。对丽水主政者王永康来讲，也是一种新的历练。 　　“三次捡92烟头”引热议 　　如果说此前颇为低调的王永康并不为太多人熟悉的话，履新西安市委书记仅半个月后，他就受到广泛的瞩目。 　　西安市互联网信息办公室官方微博@西安发布称，2016年12月24日下午16：30至晚上19：45，王永康暗访西安城墙景区环境卫生清洁工作，用时3个多小时绕城墙步行一圈。他边走边查看沿线卫生情况，在天黑前行走一半时，已发现多处烟头、纸屑等垃圾随意丢弃现象。 　　王永康先后亲自捡拾起27个烟头。随行工作人员也捡起近20个烟头或纸屑。 　　该微博还发出倡议：请各区县、各开发区和市级有关部门要坚决积极响应“烟头不落地，古都更美丽”的倡议，主要负责同志亲自带头，主动上街捡拾烟头，清理垃圾，整治环境，切实用实际行动抓好落实！ 　　半个月后的1月9日，王永康再次以实际行动践行此前的倡议。当天上午，在出席完西安市扩大有效投资重大项目集中开工仪式后，在参加省上会议前，王永康步行检查市容环境卫生。 　　他从人民大厦南门经皇城东路、西五路、皇城西路、西新街绕省政府办公区，新城广场用时55分钟，共捡烟头56个。 　　这两件事一经报道，立即引起人们的广泛关注。 　　认证为西安市互联网信息办公室的微信公号“西安发布”发文称，“捡烟头”一词在2016年末刷爆了西安市民的朋友圈、微博，大有成为跨年的网络热词之势。古都干部群众颇有几分见面须得互相问候“今天你捡烟头了吗”的架势。 　　事情正是源于“王永康平安夜捡27个烟头”的消息，履新不到半个月的他就这样成了不折不扣的“网红”，网民还赠予他“捡烟头书记”之称。 　　该微信还称，冬至当天（2016年12月21日）在了解民生问题时，王永康就在钟楼一边调研、一边熟练捡起路边的烟头。“市委书记捡烟头是认真的！暗访时捡、调研时捡，平时也在捡；城墙上捡、钟楼边捡，甚至还有不少市民看到王永康在上下班路上也在捡。元旦当天中午，王永康在大唐芙蓉园步行一小时，还捡了9个烟头。” 　 在丽水时2个月捡3次烟头 　　记者检索发现，王永康并非到西安之后才开始捡烟头。早在主政浙江丽水时，他就曾多次躬行示范、身体力行地捡烟头，打造秀美、干净的市容环境。 　　据《丽水日报》报道，2015年8月3日晚，王永康与30多名丽水市新生代企业家控烟志愿者成员一道，步行巡街开展“烟头不落地，丽水更美丽”洁净活动。 　　当晚7时10分，王永康左手拎着垃圾袋，右手拿着钳子，从处州公园南门花园路人行道出发，一路走，一路看，仔细巡查，一旦发现烟头，就弯腰捡拾，不放过一处死角。 　　步行至花园路与丽阳街路口，丽水市新生代企业家联合会执行会长朱建军走过来，有点不好意思地说：“王书记，我逛了一圈下来，还没有捡到一颗烟头。”王永康说：“如今在花园路捡个烟头，还真不容易。这说明，大家的洁净行动成效明显！” 　　走到花园路与大猷街路口时，大家已是汗流浃背。但王永康顾不上擦汗，又紧接着从大猷街往西走。一边巡街，一边捡拾烟头，王永康还向大家承诺：自己至少每个月都会参与洁净活动，以实际行动示范带动洁净丽水。 　　王永康践行了自己当初的承诺。据浙江新闻客户端报道，无论是夏日炎炎的夜晚，还是秋风乍起的时候，路人常常能看到这位市委书记一手拿垃圾钳、一手拿垃圾袋在捡拾烟头的身影。2015年11月10日晚，王永康再次与志愿者一起捡烟头，并开心地展示了“战利品”。 　　当时，王永康说，生活在这座城市里的人应该热爱这座城市，就要从身边的点点滴滴做起，包括让这个城市更加干净整洁卫生的小事情。爱护环境，就像在家里做家务一样，把家里收拾整洁是令人愉快的。捡烟头活动能体现城市的管理水平，更能体现城市市民的素养。 　　记者还发现，王永康离开丽水，赴浙江省委任职后，丽水依然保留着党员干部、群众上街捡烟头的良好习惯。 　　据浙江在线报道，2016年5月29日晚，丽水莲都区小荷志愿服务表彰活动隆重举行，300多名捡烟头的志愿者代表走上了领奖台。 　　报道还称，从2015年8月3日到11月10日，短短两个多月内，时任市委书记王永康三次参加捡烟头活动。2016年两会期间，市委书记史济锡还以普通代表身份参加捡烟头活动。 　 目的：以烟头破题，提升投资环境 　　作为一名副省级干部，王永康为何在西安与小小的烟头杠上了？ 　　微信公号“西安发布”给出了答案：在王永康书记的眼中，小小烟头折射的是投资环境的大问题。 　　在2016年的最后一天，王永康在雁塔区调研的时候提出了“三个革命”，其中一个就是“烟头革命”。该公号称，王永康这是在清晰回应网络质疑：我为什么要和烟头“杠上了”。 　　王永康在调研时说：抓高效服务环境，要突出三个重点，一要抓好“烟头革命”，提升城市市容环境。二要抓好“厕所革命”，提升城乡公共厕所卫生。三要抓好“行政效能革命”， 解决好门难进、脸难看、事难办的问题，要当好“店小二”，用五星级的服务标准、用一流的服务营造一流的环境。 　　王永康说，小小的烟头，反映出干部作风建设的大问题；小小的厕所，反映我们管理水平能力的大问题。这两个都是西安作为生态宜居城市、著名旅游城市和改善投资环境所需要做到的。 　　因此，王永康主政西安后，选择以“烟头”破题，抓投资环境提升，是题中应有之意，该公号表示举双手双脚赞同！ 记者注意到，在1月4日至1月13日这10天时间里，《西安日报》至少两次在头版刊登评论员文章，聚焦点正是烟头。 　　《做好“烟头革命” 打造清洁卫生之城》一文认为，这项工作将转变城市管理理念、切实改变干部作风、激发市民共享共治的热情，还是抓落实的一个切入点，同时有利于市民群众的文明素质养成。 　　10天之后，《从城墙变为“无烟景区”说起》总结道，古老的城墙上下，灯更亮了，草篱更绿了，步道花径愈加整洁，干净得连一个烟头都找不到了，“烟头不落地，西安更美丽”的美好愿景，在城墙上下初见成效。 来源：法制晚报观海解局公众号（ID：guanhaijieju）,content: 转发微博//@中国青年网:【三次捡92烟头，他被誉为“捡烟头书记”】市委书记王永康主政西安后，与烟头“杠”上了。暗访时捡、调研时捡，甚至上下班路上也在捡。面对质疑，他给出答案：小小烟头转变的是城市管理理念和干部作风，也有利于市民的素质养成。烟头不落地，风气正民心齐[赞] [履新两个月，捡烟头市委书记瘦了](http://t.cn/RJjORTc) 据《西安日报》报道，2月13日上午，陕西省委常委、西安市委书记王永康以一名普通党员身份来到所在党支部，征求对市委和他本人的意见建议，并表示要按时主动缴纳党费。 记者发现，1个多月前，这位拥有军工背景的博士副省级干部曾因捡烟头而引起热议——平安夜捡了27个，元旦中午捡了9个，绕省政府办公区捡了56个，并提出“烟头革命”。 对于王永康被誉为“捡烟头书记”，当地官方媒体称，小小的烟头反映出干部作风建设的大问题，王永康正是选择以“烟头”破题，抓投资环境提升。 “小伙伴们辛苦了” 报道指出，王永康在市委办公厅综合一处党支部促膝谈心长达两个多小时，“我是综合一处支部的党员，以后就要和同志们一起过组织生活，参加支部的学习、讨论和交流，并要按时主动缴纳党费。” 综合一处的主要职责是文稿服务。该支部书记刘新锋说，我给永康书记汇报，现在综合一处的工作量明显增加，两个月以来文稿起草数量是过去的2.5倍。永康书记笑着说，现在的工作应该算是一天当三天干了，大家给我和市委服务，辛苦了！ 分管综合一处的市委副秘书长、市委政研室主任冯涛也在这个支部，他说，这两个月的文稿起草中大家连续奋战，都忙瘦了。书记很真诚地向大家道谢，说：小伙伴们辛苦了。其实我也看到，永康书记这两个月也瘦了！我经常在凌晨收到永康书记转来的批件，他几乎是通宵达旦，每天都工作到深夜，重要文件和信息不管多晚送给他，都会及时批复。 吴瀛栋是支部组织委员，他说，在征求意见时，书记听说我负责收党费。他笑着说，我以后要及时主动缴纳党费。这一个小小细节让我看到书记的党性觉悟。 记者注意到，他们所提及的两个月恰好是王永康履新西安的时间。 2016年12月9日，西安召开全市领导干部大会，王永康接任陕西省委常委、西安市委书记。 陕西省委副书记毛万春在讲话中如是评价王永康：思路清晰，思维敏捷，视野开阔。重视抓班子带队伍，形成了良好的用人导向。经过多个重要岗位锻炼，领导经验丰富，组织协调和处理复杂问题能力强。群众观念强，事业心和责任感强，作风民主，坚持原则，为人朴实，处事稳重，对自己要求严格，在干部群众中有较高的威信。 王永康则表示，从今天开始，我就是一名新西安人了。我一定接好“接力棒”，把好“政治关”“能力关”“作风关”“责任关”“廉洁关”，“带头加强家风家教，管好自己，管好班子，管好队伍，管好亲人，管好身边人”。 王永康还说，我将多深入基层、深入一线，低调务实、勤政善政、多做少说，把西安的发展建立在过硬的富民成果之上。 35岁升副厅的军工背景博士 不但低调务实，王永康还是位学者型官员。公开简历显示，1963年出生的王永康为武汉人，工学博士，研究员级高级工程师。 记者发现，博士，在陕西常委班子里并不少见。 如去年4月履职陕西省委书记的娄勤俭，曾是中国最权威的计算机专家；省长胡和平为工学博士，曾在清华大学工作多年；常务副省长梁桂为理学博士，曾任西北农林科技大学党委书记。王永康则有十余年军工领域的背景。 从武汉理工大学金属材料专业本科毕业后，王永康并非直接读硕博，而是远赴上海理工大学当起助教，一干就是3年。此后才于1988年考入中国知名的老牌军工高校——哈工大。 拿到硕士学位后，王永康便开始了长达7年的军工研究所生涯——从中国兵器工业第五二研究所宁波分所副所长开始，一直做到第五二研究所副所长。换句话说，仅用7年时间，他就升至副厅级，此时的王永康才35岁。 第五二研究所官网称，自己是中国兵器工业集团唯一一所综合性的金属材料与工艺研究所，取得国家发明奖、科技进步奖、省部级奖等各类科技成果千余项，目前该所正在加快铝合金焊丝项目的产业化进程。 1999年，王永康转入仕途，历任宁波市科委主任、市政府副秘书长，余姚市长、市委书记；2009年起挂职重庆市南川区委书记两年。 2011年，王永康返回浙江，担任丽水市长；2013年出任丽水市委书记。2016年1月，王永康升任浙江省委常委、统战部长，跻身副省级。不足一年，王永康再次履新，改任西安市委书记。 需要注意的是，王永康执政丽水的3年。据《每日经济新闻》报道，丽水位于浙江省南部地区，有“中国生态第一市”之称。浙江省层面要把“绿水青山就是金山银山”作为丽水所有发展的根本指导思想，并取消了对丽水GDP、工业总产值的考核。这种不唯GDP论的发展方式，简单地讲，是更为先进的城市治理理念。对丽水主政者王永康来讲，也是一种新的历练。 “三次捡92烟头”引热议 如果说此前颇为低调的王永康并不为太多人熟悉的话，履新西安市委书记仅半个月后，他就受到广泛的瞩目。 西安市互联网信息办公室官方微博@西安发布称，2016年12月24日下午16：30至晚上19：45，王永康暗访西安城墙景区环境卫生清洁工作，用时3个多小时绕城墙步行一圈。他边走边查看沿线卫生情况，在天黑前行走一半时，已发现多处烟头、纸屑等垃圾随意丢弃现象。 王永康先后亲自捡拾起27个烟头。随行工作人员也捡起近20个烟头或纸屑。 该微博还发出倡议：请各区县、各开发区和市级有关部门要坚决积极响应“烟头不落地，古都更美丽”的倡议，主要负责同志亲自带头，主动上街捡拾烟头，清理垃圾，整治环境，切实用实际行动抓好落实！ 半个月后的1月9日，王永康再次以实际行动践行此前的倡议。当天上午，在出席完西安市扩大有效投资重大项目集中开工仪式后，在参加省上会议前，王永康步行检查市容环境卫生。 他从人民大厦南门经皇城东路、西五路、皇城西路、西新街绕省政府办公区，新城广场用时55分钟，共捡烟头56个。 这两件事一经报道，立即引起人们的广泛关注。 认证为西安市互联网信息办公室的微信公号“西安发布”发文称，“捡烟头”一词在2016年末刷爆了西安市民的朋友圈、微博，大有成为跨年的网络热词之势。古都干部群众颇有几分见面须得互相问候“今天你捡烟头了吗”的架势。 事情正是源于“王永康平安夜捡27个烟头”的消息，履新不到半个月的他就这样成了不折不扣的“网红”，网民还赠予他“捡烟头书记”之称。 该微信还称，冬至当天（2016年12月21日）在了解民生问题时，王永康就在钟楼一边调研、一边熟练捡起路边的烟头。“市委书记捡烟头是认真的！暗访时捡、调研时捡，平时也在捡；城墙上捡、钟楼边捡，甚至还有不少市民看到王永康在上下班路上也在捡。元旦当天中午，王永康在大唐芙蓉园步行一小时，还捡了9个烟头。” 在丽水时2个月捡3次烟头 记者检索发现，王永康并非到西安之后才开始捡烟头。早在主政浙江丽水时，他就曾多次躬行示范、身体力行地捡烟头，打造秀美、干净的市容环境。 据《丽水日报》报道，2015年8月3日晚，王永康与30多名丽水市新生代企业家控烟志愿者成员一道，步行巡街开展“烟头不落地，丽水更美丽”洁净活动。 当晚7时10分，王永康左手拎着垃圾袋，右手拿着钳子，从处州公园南门花园路人行道出发，一路走，一路看，仔细巡查，一旦发现烟头，就弯腰捡拾，不放过一处死角。 步行至花园路与丽阳街路口，丽水市新生代企业家联合会执行会长朱建军走过来，有点不好意思地说：“王书记，我逛了一圈下来，还没有捡到一颗烟头。”王永康说：“如今在花园路捡个烟头，还真不容易。这说明，大家的洁净行动成效明显！” 走到花园路与大猷街路口时，大家已是汗流浃背。但王永康顾不上擦汗，又紧接着从大猷街往西走。一边巡街，一边捡拾烟头，王永康还向大家承诺：自己至少每个月都会参与洁净活动，以实际行动示范带动洁净丽水。 王永康践行了自己当初的承诺。据浙江新闻客户端报道，无论是夏日炎炎的夜晚，还是秋风乍起的时候，路人常常能看到这位市委书记一手拿垃圾钳、一手拿垃圾袋在捡拾烟头的身影。2015年11月10日晚，王永康再次与志愿者一起捡烟头，并开心地展示了“战利品”。 当时，王永康说，生活在这座城市里的人应该热爱这座城市，就要从身边的点点滴滴做起，包括让这个城市更加干净整洁卫生的小事情。爱护环境，就像在家里做家务一样，把家里收拾整洁是令人愉快的。捡烟头活动能体现城市的管理水平，更能体现城市市民的素养。 记者还发现，王永康离开丽水，赴浙江省委任职后，丽水依然保留着党员干部、群众上街捡烟头的良好习惯。 据浙江在线报道，2016年5月29日晚，丽水莲都区小荷志愿服务表彰活动隆重举行，300多名捡烟头的志愿者代表走上了领奖台。 报道还称，从2015年8月3日到11月10日，短短两个多月内，时任市委书记王永康三次参加捡烟头活动。2016年两会期间，市委书记史济锡还以普通代表身份参加捡烟头活动。 目的：以烟头破题，提升投资环境 作为一名副省级干部，王永康为何在西安与小小的烟头杠上了？ 微信公号“西安发布”给出了答案：在王永康书记的眼中，小小烟头折射的是投资环境的大问题。 在2016年的最后一天，王永康在雁塔区调研的时候提出了“三个革命”，其中一个就是“烟头革命”。该公号称，王永康这是在清晰回应网络质疑：我为什么要和烟头“杠上了”。 王永康在调研时说：抓高效服务环境，要突出三个重点，一要抓好“烟头革命”，提升城市市容环境。二要抓好“厕所革命”，提升城乡公共厕所卫生。三要抓好“行政效能革命”， 解决好门难进、脸难看、事难办的问题，要当好“店小二”，用五星级的服务标准、用一流的服务营造一流的环境。 王永康说，小小的烟头，反映出干部作风建设的大问题；小小的厕所，反映我们管理水平能力的大问题。这两个都是西安作为生态宜居城市、著名旅游城市和改善投资环境所需要做到的。 因此，王永康主政西安后，选择以“烟头”破题，抓投资环境提升，是题中应有之意，该公号表示举双手双脚赞同！ 记者注意到，在1月4日至1月13日这10天时间里，《西安日报》至少两次在头版刊登评论员文章，聚焦点正是烟头。 《做好“烟头革命” 打造清洁卫生之城》一文认为，这项工作将转变城市管理理念、切实改变干部作风、激发市民共享共治的热情，还是抓落实的一个切入点，同时有利于市民群众的文明素质养成。 10天之后，《从城墙变为“无烟景区”说起》总结道，古老的城墙上下，灯更亮了，草篱更绿了，步道花径愈加整洁，干净得连一个烟头都找不到了，“烟头不落地，西安更美丽”的美好愿景，在城墙上下初见成效。 （法制晚报记者 岳三猛）据《西安日报》报道，2月13日上午，陕西省委常委、西安市委书记王永康以一名普通党员身份来到所在党支部，征求对市委和他本人的意见建议，并表示要按时主动缴纳党费。 记者发现，1个多月前，这位拥有军工背景的博士副省级干部曾因捡烟头而引起热议——平安夜捡了27个，元旦中午捡了9个，绕省政府办公区捡了56个，并提出“烟头革命”。 对于王永康被誉为“捡烟头书记”，当地官方媒体称，小小的烟头反映出干部作风建设的大问题，王永康正是选择以“烟头”破题，抓投资环境提升。 “小伙伴们辛苦了” 报道指出，王永康在市委办公厅综合一处党支部促膝谈心长达两个多小时，“我是综合一处支部的党员，以后就要和同志们一起过组织生活，参加支部的学习、讨论和交流，并要按时主动缴纳党费。” 综合一处的主要职责是文稿服务。该支部书记刘新锋说，我给永康书记汇报，现在综合一处的工作量明显增加，两个月以来文稿起草数量是过去的2.5倍。永康书记笑着说，现在的工作应该算是一天当三天干了，大家给我和市委服务，辛苦了！ 分管综合一处的市委副秘书长、市委政研室主任冯涛也在这个支部，他说，这两个月的文稿起草中大家连续奋战，都忙瘦了。书记很真诚地向大家道谢，说：小伙伴们辛苦了。其实我也看到，永康书记这两个月也瘦了！我经常在凌晨收到永康书记转来的批件，他几乎是通宵达旦，每天都工作到深夜，重要文件和信息不管多晚送给他，都会及时批复。 吴瀛栋是支部组织委员，他说，在征求意见时，书记听说我负责收党费。他笑着说，我以后要及时主动缴纳党费。这一个小小细节让我看到书记的党性觉悟。 记者注意到，他们所提及的两个月恰好是王永康履新西安的时间。 2016年12月9日，西安召开全市领导干部大会，王永康接任陕西省委常委、西安市委书记。 陕西省委副书记毛万春在讲话中如是评价王永康：思路清晰，思维敏捷，视野开阔。重视抓班子带队伍，形成了良好的用人导向。经过多个重要岗位锻炼，领导经验丰富，组织协调和处理复杂问题能力强。群众观念强，事业心和责任感强，作风民主，坚持原则，为人朴实，处事稳重，对自己要求严格，在干部群众中有较高的威信。 王永康则表示，从今天开始，我就是一名新西安人了。我一定接好“接力棒”，把好“政治关”“能力关”“作风关”“责任关”“廉洁关”，“带头加强家风家教，管好自己，管好班子，管好队伍，管好亲人，管好身边人”。 王永康还说，我将多深入基层、深入一线，低调务实、勤政善政、多做少说，把西安的发展建立在过硬的富民成果之上。 35岁升副厅的军工背景博士 不但低调务实，王永康还是位学者型官员。公开简历显示，1963年出生的王永康为武汉人，工学博士，研究员级高级工程师。 记者发现，博士，在陕西常委班子里并不少见。 如去年4月履职陕西省委书记的娄勤俭，曾是中国最权威的计算机专家；省长胡和平为工学博士，曾在清华大学工作多年；常务副省长梁桂为理学博士，曾任西北农林科技大学党委书记。王永康则有十余年军工领域的背景。 从武汉理工大学金属材料专业本科毕业后，王永康并非直接读硕博，而是远赴上海理工大学当起助教，一干就是3年。此后才于1988年考入中国知名的老牌军工高校——哈工大。 拿到硕士学位后，王永康便开始了长达7年的军工研究所生涯——从中国兵器工业第五二研究所宁波分所副所长开始，一直做到第五二研究所副所长。换句话说，仅用7年时间，他就升至副厅级，此时的王永康才35岁。 第五二研究所官网称，自己是中国兵器工业集团唯一一所综合性的金属材料与工艺研究所，取得国家发明奖、科技进步奖、省部级奖等各类科技成果千余项，目前该所正在加快铝合金焊丝项目的产业化进程。 1999年，王永康转入仕途，历任宁波市科委主任、市政府副秘书长，余姚市长、市委书记；2009年起挂职重庆市南川区委书记两年。 2011年，王永康返回浙江，担任丽水市长；2013年出任丽水市委书记。2016年1月，王永康升任浙江省委常委、统战部长，跻身副省级。不足一年，王永康再次履新，改任西安市委书记。 需要注意的是，王永康执政丽水的3年。据《每日经济新闻》报道，丽水位于浙江省南部地区，有“中国生态第一市”之称。浙江省层面要把“绿水青山就是金山银山”作为丽水所有发展的根本指导思想，并取消了对丽水GDP、工业总产值的考核。这种不唯GDP论的发展方式，简单地讲，是更为先进的城市治理理念。对丽水主政者王永康来讲，也是一种新的历练。 “三次捡92烟头”引热议 如果说此前颇为低调的王永康并不为太多人熟悉的话，履新西安市委书记仅半个月后，他就受到广泛的瞩目。 西安市互联网信息办公室官方微博@西安发布称，2016年12月24日下午16：30至晚上19：45，王永康暗访西安城墙景区环境卫生清洁工作，用时3个多小时绕城墙步行一圈。他边走边查看沿线卫生情况，在天黑前行走一半时，已发现多处烟头、纸屑等垃圾随意丢弃现象。 王永康先后亲自捡拾起27个烟头。随行工作人员也捡起近20个烟头或纸屑。 该微博还发出倡议：请各区县、各开发区和市级有关部门要坚决积极响应“烟头不落地，古都更美丽”的倡议，主要负责同志亲自带头，主动上街捡拾烟头，清理垃圾，整治环境，切实用实际行动抓好落实！ 半个月后的1月9日，王永康再次以实际行动践行此前的倡议。当天上午，在出席完西安市扩大有效投资重大项目集中开工仪式后，在参加省上会议前，王永康步行检查市容环境卫生。 他从人民大厦南门经皇城东路、西五路、皇城西路、西新街绕省政府办公区，新城广场用时55分钟，共捡烟头56个。 这两件事一经报道，立即引起人们的广泛关注。 认证为西安市互联网信息办公室的微信公号“西安发布”发文称，“捡烟头”一词在2016年末刷爆了西安市民的朋友圈、微博，大有成为跨年的网络热词之势。古都干部群众颇有几分见面须得互相问候“今天你捡烟头了吗”的架势。 事情正是源于“王永康平安夜捡27个烟头”的消息，履新不到半个月的他就这样成了不折不扣的“网红”，网民还赠予他“捡烟头书记”之称。 该微信还称，冬至当天（2016年12月21日）在了解民生问题时，王永康就在钟楼一边调研、一边熟练捡起路边的烟头。“市委书记捡烟头是认真的！暗访时捡、调研时捡，平时也在捡；城墙上捡、钟楼边捡，甚至还有不少市民看到王永康在上下班路上也在捡。元旦当天中午，王永康在大唐芙蓉园步行一小时，还捡了9个烟头。” 在丽水时2个月捡3次烟头 记者检索发现，王永康并非到西安之后才开始捡烟头。早在主政浙江丽水时，他就曾多次躬行示范、身体力行地捡烟头，打造秀美、干净的市容环境。 据《丽水日报》报道，2015年8月3日晚，王永康与30多名丽水市新生代企业家控烟志愿者成员一道，步行巡街开展“烟头不落地，丽水更美丽”洁净活动。 当晚7时10分，王永康左手拎着垃圾袋，右手拿着钳子，从处州公园南门花园路人行道出发，一路走，一路看，仔细巡查，一旦发现烟头，就弯腰捡拾，不放过一处死角。 步行至花园路与丽阳街路口，丽水市新生代企业家联合会执行会长朱建军走过来，有点不好意思地说：“王书记，我逛了一圈下来，还没有捡到一颗烟头。”王永康说：“如今在花园路捡个烟头，还真不容易。这说明，大家的洁净行动成效明显！” 走到花园路与大猷街路口时，大家已是汗流浃背。但王永康顾不上擦汗，又紧接着从大猷街往西走。一边巡街，一边捡拾烟头，王永康还向大家承诺：自己至少每个月都会参与洁净活动，以实际行动示范带动洁净丽水。 王永康践行了自己当初的承诺。据浙江新闻客户端报道，无论是夏日炎炎的夜晚，还是秋风乍起的时候，路人常常能看到这位市委书记一手拿垃圾钳、一手拿垃圾袋在捡拾烟头的身影。2015年11月10日晚，王永康再次与志愿者一起捡烟头，并开心地展示了“战利品”。 当时，王永康说，生活在这座城市里的人应该热爱这座城市，就要从身边的点点滴滴做起，包括让这个城市更加干净整洁卫生的小事情。爱护环境，就像在家里做家务一样，把家里收拾整洁是令人愉快的。捡烟头活动能体现城市的管理水平，更能体现城市市民的素养。 记者还发现，王永康离开丽水，赴浙江省委任职后，丽水依然保留着党员干部、群众上街捡烟头的良好习惯。 据浙江在线报道，2016年5月29日晚，丽水莲都区小荷志愿服务表彰活动隆重举行，300多名捡烟头的志愿者代表走上了领奖台。 报道还称，从2015年8月3日到11月10日，短短两个多月内，时任市委书记王永康三次参加捡烟头活动。2016年两会期间，市委书记史济锡还以普通代表身份参加捡烟头活动。 目的：以烟头破题，提升投资环境 作为一名副省级干部，王永康为何在西安与小小的烟头杠上了？ 微信公号“西安发布”给出了答案：在王永康书记的眼中，小小烟头折射的是投资环境的大问题。 在2016年的最后一天，王永康在雁塔区调研的时候提出了“三个革命”，其中一个就是“烟头革命”。该公号称，王永康这是在清晰回应网络质疑：我为什么要和烟头“杠上了”。 王永康在调研时说：抓高效服务环境，要突出三个重点，一要抓好“烟头革命”，提升城市市容环境。二要抓好“厕所革命”，提升城乡公共厕所卫生。三要抓好“行政效能革命”， 解决好门难进、脸难看、事难办的问题，要当好“店小二”，用五星级的服务标准、用一流的服务营造一流的环境。 王永康说，小小的烟头，反映出干部作风建设的大问题；小小的厕所，反映我们管理水平能力的大问题。这两个都是西安作为生态宜居城市、著名旅游城市和改善投资环境所需要做到的。 因此，王永康主政西安后，选择以“烟头”破题，抓投资环境提升，是题中应有之意，该公号表示举双手双脚赞同！ 记者注意到，在1月4日至1月13日这10天时间里，《西安日报》至少两次在头版刊登评论员文章，聚焦点正是烟头。 《做好“烟头革命” 打造清洁卫生之城》一文认为，这项工作将转变城市管理理念、切实改变干部作风、激发市民共享共治的热情，还是抓落实的一个切入点，同时有利于市民群众的文明素质养成。 10天之后，《从城墙变为“无烟景区”说起》总结道，古老的城墙上下，灯更亮了，草篱更绿了，步道花径愈加整洁，干净得连一个烟头都找不到了，“烟头不落地，西安更美丽”的美好愿景，在城墙上下初见成效。 来源：法制晚报观海解局公众号（ID：guanhaijieju）,微博,李瑞平畅销书的作者_,2024-01-31 09:15:53,http://weibo.com/7877501172/NElSxmmXF,未知,控烟,正面,未知
202401013877,【青少年控烟宣传核心信息】 1.所有形式的烟草制品都是有害的 2. 烟草中的尼古丁可以使人成瘾，一旦成瘾很难戒断 3.暴露于尼古丁可能影响青少年的大脑发育 4.吸烟会严重损害青少年呼吸系统和心血管系统，并且会加速其成年后慢性病的发生 5.电子烟会对青少年的身心健康和成长造成不良后果，同时会诱导青少年使用卷烟 6.开始吸烟的年龄越早，吸烟的量越大，烟草对身体造成的危害也越严重。如果你已经开始吸烟，应当立即戒烟 7.二手烟暴露严重危害健康，即使吸入少量烟草烟雾，也会对身体造成损害。为了自己的健康，你应该向二手烟说不 8.所有向未成年人售烟（包括电子烟）的行为都是违法的 9.校园范围内禁止发布各种形式的烟草广 告 10.烟草危害环境，在整个生命周期都会污染地球并损害所有人的健康。,content: 【青少年控烟宣传核心信息】 1.所有形式的烟草制品都是有害的 2. 烟草中的尼古丁可以使人成瘾，一旦成瘾很难戒断 3.暴露于尼古丁可能影响青少年的大脑发育 4.吸烟会严重损害青少年呼吸系统和心血管系统，并且会加速其成年后慢性病的发生 5.电子烟会对青少年的身心健康和成长造成不良后果，同时会诱导青少年使用卷烟 6.开始吸烟的年龄越早，吸烟的量越大，烟草对身体造成的危害也越严重。如果你已经开始吸烟，应当立即戒烟 7.二手烟暴露严重危害健康，即使吸入少量烟草烟雾，也会对身体造成损害。为了自己的健康，你应该向二手烟说不 8.所有向未成年人售烟（包括电子烟）的行为都是违法的 9.校园范围内禁止发布各种形式的烟草广 告 10.烟草危害环境，在整个生命周期都会污染地球并损害所有人的健康。,微博,岳林分院,2024-01-31 08:26:36,http://weibo.com/7361997308/NElyxjkWn,未知,控烟、戒烟,正面,未知
202401013689,发布了头条文章：《北京市冬季控烟督导检查组来西城区检查控烟工作》  北京市冬季控烟督导检查组来西城区检查控烟工作 ,content: 发布了头条文章：《北京市冬季控烟督导检查组来西城区检查控烟工作》 北京市冬季控烟督导检查组来西城区检查控烟工作,微博,西城健康,2024-01-30 21:23:49,http://weibo.com/2726545835/NEhdvFTmy,未知,控烟,中性,未知
202401013698,代表委员邀您“群聊”②丨网友捎话：餐厅控烟有死角 自治区政协委员丁桂凤：落实属地管理者主体责任http://t.cn/A6jlAbm3,content: 代表委员邀您“群聊”②丨网友捎话：餐厅控烟有死角 自治区政协委员丁桂凤：落实属地管理者主体责任http://t.cn/A6jlAbm3,微博,日落布鲁克林,2024-01-30 20:53:55,http://weibo.com/5114491354/NEh1nnNrB,未知,控烟,正面,未知
202401013711,元月份完成骑行不到400公里，看到“无烟佳节”相关控烟海报0处，不知道是什么情况，都没接到进行宣传的通知吗？,content: 元月份完成骑行不到400公里，看到“无烟佳节”相关控烟海报0处，不知道是什么情况，都没接到进行宣传的通知吗？,微博,毕无烟,2024-01-30 18:26:14,http://weibo.com/2158751382/NEg3rcVQr,未知,控烟,中性,未知
202401013715,【疾控动态】 临清市疾控中心开展“送健康 迎新春”暨“无烟佳节 与爱同行”控烟科普宣传进社区活动 为进一步推动控烟工作开展，提高广大居民健康防病意识，倡导无烟健康生活方式，营造春节期间无烟氛围，1月30日，恰逢新春佳节来临之际，临清市卫生健康局牵头开展“送健康 迎新春”暨“无烟佳节 与爱同行”活动。临清市疾病预防控制中心、临清市人民医院、临清市新华路街道办事处、新华路街道社区卫生服务中心参与活动。,content: 【疾控动态】 临清市疾控中心开展“送健康 迎新春”暨“无烟佳节 与爱同行”控烟科普宣传进社区活动 为进一步推动控烟工作开展，提高广大居民健康防病意识，倡导无烟健康生活方式，营造春节期间无烟氛围，1月30日，恰逢新春佳节来临之际，临清市卫生健康局牵头开展“送健康 迎新春”暨“无烟佳节 与爱同行”活动。临清市疾病预防控制中心、临清市人民医院、临清市新华路街道办事处、新华路街道社区卫生服务中心参与活动。,微博,临清市疾病预防控制中心,2024-01-30 17:27:44,http://weibo.com/3910848029/NEfFGv5Td,未知,控烟,正面,未知
202401013724,【#新春走基层# 花园社区：“扫黄打非”宣传巧借力 手写春联有新意】为倡导无烟过年，进一步提高居民对烟草危害的认识，引导广大市民践行文明健康绿色环保的生活方式，近日，富兴街街道花园社区联合贺兰工作站书法家开展了以“无烟佳节 与爱同行”为主题的无烟佳节写春联活动。 铺纸、蘸墨、落笔……活动现场，在老师的指导下居民们妙笔生花、泼墨挥毫，将自己心中对于吸烟危害、二手烟危害、鼓励家人戒烟、争做无烟下一代、室内全面禁烟、室外不吸烟等健康理念融入手中的毛笔。“岁去年来增喜庆，戒烟限酒保健康”“茗茶无价敬来宾，香烟有害莫待客”“辞旧岁戒烟限酒，迎新春健康长寿”……一幅幅充满喜庆、蕴含浓浓年味的春联跃然纸上，寄托了大家对健康生活的期待、对新年的喜悦与祝福。 “吸烟对人体健康尤其是对青少年的危害重大，要用实际行动带动身边的家人朋友远离香烟，为营造健康、无烟的社区环境出一份力。”居民毛宁说道。“今天通过写对联的方式拒绝烟草和促进健康的生活，回去后我也会督促身边的亲朋好友、爸爸、爷爷，让他们少抽烟，早戒烟，促进健康的生活。”杨轶铭小朋友说道。 通过向居民发放控烟春联、宣传烟草危害、无烟佳节倡议书等方式，向居民群众宣传健康知识及控烟知识，引导大家主动做“无烟佳节”的宣传者和倡导者，形成人人知晓、人人参与控烟的氛围。,content: 【#新春走基层# 花园社区：“扫黄打非”宣传巧借力 手写春联有新意】为倡导无烟过年，进一步提高居民对烟草危害的认识，引导广大市民践行文明健康绿色环保的生活方式，近日，富兴街街道花园社区联合贺兰工作站书法家开展了以“无烟佳节 与爱同行”为主题的无烟佳节写春联活动。 铺纸、蘸墨、落笔……活动现场，在老师的指导下居民们妙笔生花、泼墨挥毫，将自己心中对于吸烟危害、二手烟危害、鼓励家人戒烟、争做无烟下一代、室内全面禁烟、室外不吸烟等健康理念融入手中的毛笔。“岁去年来增喜庆，戒烟限酒保健康”“茗茶无价敬来宾，香烟有害莫待客”“辞旧岁戒烟限酒，迎新春健康长寿”……一幅幅充满喜庆、蕴含浓浓年味的春联跃然纸上，寄托了大家对健康生活的期待、对新年的喜悦与祝福。 “吸烟对人体健康尤其是对青少年的危害重大，要用实际行动带动身边的家人朋友远离香烟，为营造健康、无烟的社区环境出一份力。”居民毛宁说道。“今天通过写对联的方式拒绝烟草和促进健康的生活，回去后我也会督促身边的亲朋好友、爸爸、爷爷，让他们少抽烟，早戒烟，促进健康的生活。”杨轶铭小朋友说道。 通过向居民发放控烟春联、宣传烟草危害、无烟佳节倡议书等方式，向居民群众宣传健康知识及控烟知识，引导大家主动做“无烟佳节”的宣传者和倡导者，形成人人知晓、人人参与控烟的氛围。,微博,贺兰发布,2024-01-30 16:35:00,http://weibo.com/6041191614/NEfkhqIHM,未知,戒烟、控烟,正面,未知
202401013735,#无烟佳节 与爱同行# 为远离烟草的危害，进一步推动鄂州市控烟工作开展，引导群众践行文明健康绿色环保生活方式，共同营造节日健康无烟的良好环境，连日来鄂城区委政法委开展全方位、多角度的控烟宣传教育活动，大力宣传无烟健康过节，倡导过节不吸烟、不敬烟、不送烟，“对二手烟说不”，引导群众做控烟宣传者和倡导者，共度无烟健康佳节。,content: #无烟佳节 与爱同行# 为远离烟草的危害，进一步推动鄂州市控烟工作开展，引导群众践行文明健康绿色环保生活方式，共同营造节日健康无烟的良好环境，连日来鄂城区委政法委开展全方位、多角度的控烟宣传教育活动，大力宣传无烟健康过节，倡导过节不吸烟、不敬烟、不送烟，“对二手烟说不”，引导群众做控烟宣传者和倡导者，共度无烟健康佳节。,微博,卾城区委政法委,2024-01-30 15:33:13,http://weibo.com/5626830546/NEeVcxUzd,未知,控烟,正面,未知
202401013739,新春佳节来临之际，为了提高居民群众控烟意识，共同营造“要年味不要烟味”的健康佳节无烟氛围，近日，固河镇计生协联合镇卫生院利用赶集日共同开展“无烟 http://t.cn/A6jWqJbA,content: 新春佳节来临之际，为了提高居民群众控烟意识，共同营造“要年味不要烟味”的健康佳节无烟氛围，近日，固河镇计生协联合镇卫生院利用赶集日共同开展“无烟 http://t.cn/A6jWqJbA,微博,高唐县融媒体中心,2024-01-30 15:14:09,http://weibo.com/7494993683/NEeNsywTb,未知,控烟,正面,未知
202401013744,#超七成受访者支持将电子烟纳入禁烟法规##北京成人戒烟率提高#【北京成人烟草调查：戒烟率提高，二手烟暴露无改善】自2015年《北京市控制吸烟条例》出台以来，本市控烟工作成效显著，成人吸烟率连续下降，并于2021年提前达到了健康北京行动提出的“到2022年，15岁及以上成人吸烟率低于20%”的目标。此外，家庭二手烟暴露率为29.6%，二手烟暴露情况比2021年并无明显改善。除室内工作场所、中小学校、政府大楼的二手烟暴露率有所下降外，餐馆、大学、医疗机构、公共交通工具的二手烟暴露率则与2021年基本持平。[北京成人烟草调查：戒烟率提高，二手烟暴露无改善](http://t.cn/A6jWLJSq) 北京市第五次成人烟草流行调查数据结果发布 自2015年《北京市控制吸烟条例》出台以来，本市控烟工作成效显著，成人吸烟率连续下降，并于2021年提前达到了健康北京行动提出的“到2022年，15岁及以上成人吸烟率低于20%”的目标。 近日，北京市卫生健康委发布了第五次成人烟草流行调查数据结果，15岁及以上成人吸烟率为19.9%，与2021年持平。 第五次成人烟草调查覆盖全市16个区（除经开区）、50个街道（乡镇）、100个居（村）委会的13033个家庭户，共完成有效问卷10727份。调查结果显示，成人吸烟率降速减缓，已到达了平台期，距离健康北京行动提出的“到2030年，成人吸烟率低于17%”目标仍有一定差距。其中男性吸烟率36.6%，比2021年上升了0.6个百分点，女性吸烟率2.2%，比2021年下降了0.5个百分点。此外，家庭二手烟暴露率为29.6%，二手烟暴露情况比2021年并无明显改善。除室内工作场所、中小学校、政府大楼的二手烟暴露率有所下降外，餐馆、大学、医疗机构、公共交通工具的二手烟暴露率则与2021年基本持平。 在所有曾经和现在吸烟人群中，戒烟率达到了29.6%，比2021年提高了2.6个百分点。现在吸烟者的尝试戒烟率由2021年的38.2%提高至41.8%，有戒烟计划的比例由2021年的19.2%提高至23.7%。这些数据表明，北京市吸烟者在无烟文化的熏陶下，有较强的戒烟动机和戒烟需求，是开展戒烟服务的可干预对象。此外，电子烟并未获得北京市居民额外的青睐。调查中，曾经使用过电子烟的比例由2021年的7.4%下降至6.6%，现在使用电子烟的比例则由3.2%下降至2.2%；另有77.4%的受访者表示支持将电子烟纳入现有禁烟法规。 针对无烟街区设置问题，北京市民对多项措施持支持态度：87.2%的受访者赞同在办事机构的室外公共区域设置吸烟区，90.2%赞同在各单位的入口处设置灭烟处，78.0%赞同在城市街区广场的开阔位置设置吸烟区。 下一阶段，本市将继续深入推进健康北京行动，严格落实《北京市控制吸烟条例》，加强控烟执法，积极开展戒烟服务，深入推进无烟场所建设，进行更有针对性的控烟宣传，倡导健康文明生活方式，全社会形成合力，共同打造无烟北京。,content: #超七成受访者支持将电子烟纳入禁烟法规##北京成人戒烟率提高#【北京成人烟草调查：戒烟率提高，二手烟暴露无改善】自2015年《北京市控制吸烟条例》出台以来，本市控烟工作成效显著，成人吸烟率连续下降，并于2021年提前达到了健康北京行动提出的“到2022年，15岁及以上成人吸烟率低于20%”的目标。此外，家庭二手烟暴露率为29.6%，二手烟暴露情况比2021年并无明显改善。除室内工作场所、中小学校、政府大楼的二手烟暴露率有所下降外，餐馆、大学、医疗机构、公共交通工具的二手烟暴露率则与2021年基本持平。[北京成人烟草调查：戒烟率提高，二手烟暴露无改善](http://t.cn/A6jWLJSq) 北京市第五次成人烟草流行调查数据结果发布 自2015年《北京市控制吸烟条例》出台以来，本市控烟工作成效显著，成人吸烟率连续下降，并于2021年提前达到了健康北京行动提出的“到2022年，15岁及以上成人吸烟率低于20%”的目标。 近日，北京市卫生健康委发布了第五次成人烟草流行调查数据结果，15岁及以上成人吸烟率为19.9%，与2021年持平。 第五次成人烟草调查覆盖全市16个区（除经开区）、50个街道（乡镇）、100个居（村）委会的13033个家庭户，共完成有效问卷10727份。调查结果显示，成人吸烟率降速减缓，已到达了平台期，距离健康北京行动提出的“到2030年，成人吸烟率低于17%”目标仍有一定差距。其中男性吸烟率36.6%，比2021年上升了0.6个百分点，女性吸烟率2.2%，比2021年下降了0.5个百分点。此外，家庭二手烟暴露率为29.6%，二手烟暴露情况比2021年并无明显改善。除室内工作场所、中小学校、政府大楼的二手烟暴露率有所下降外，餐馆、大学、医疗机构、公共交通工具的二手烟暴露率则与2021年基本持平。 在所有曾经和现在吸烟人群中，戒烟率达到了29.6%，比2021年提高了2.6个百分点。现在吸烟者的尝试戒烟率由2021年的38.2%提高至41.8%，有戒烟计划的比例由2021年的19.2%提高至23.7%。这些数据表明，北京市吸烟者在无烟文化的熏陶下，有较强的戒烟动机和戒烟需求，是开展戒烟服务的可干预对象。此外，电子烟并未获得北京市居民额外的青睐。调查中，曾经使用过电子烟的比例由2021年的7.4%下降至6.6%，现在使用电子烟的比例则由3.2%下降至2.2%；另有77.4%的受访者表示支持将电子烟纳入现有禁烟法规。 针对无烟街区设置问题，北京市民对多项措施持支持态度：87.2%的受访者赞同在办事机构的室外公共区域设置吸烟区，90.2%赞同在各单位的入口处设置灭烟处，78.0%赞同在城市街区广场的开阔位置设置吸烟区。 下一阶段，本市将继续深入推进健康北京行动，严格落实《北京市控制吸烟条例》，加强控烟执法，积极开展戒烟服务，深入推进无烟场所建设，进行更有针对性的控烟宣传，倡导健康文明生活方式，全社会形成合力，共同打造无烟北京。,微博,BRTV北京新闻,2024-01-30 14:54:59,http://weibo.com/1308405950/NEeFGpxpG,未知,戒烟、控烟,正面,未知
202401013747,#超七成受访者支持将电子烟纳入禁烟法规##北京成人戒烟率提高#【北京成人烟草调查：戒烟率提高，二手烟暴露无改善】自2015年《北京市控制吸烟条例》出台以来，本市控烟工作成效显著，成人吸烟率连续下降，并于2021年提前达到了健康北京行动提出的“到2022年，15岁及以上成人吸烟率低于20%”的目标。此,content: #超七成受访者支持将电子烟纳入禁烟法规##北京成人戒烟率提高#【北京成人烟草调查：戒烟率提高，二手烟暴露无改善】自2015年《北京市控制吸烟条例》出台以来，本市控烟工作成效显著，成人吸烟率连续下降，并于2021年提前达到了健康北京行动提出的“到2022年，15岁及以上成人吸烟率低于20%”的目标。此,微博,BRTV红绿灯,2024-01-30 14:54:59,http://weibo.com/2255706173/NEeFH2gOP,未知,戒烟、控烟,正面,未知
202401013752, 为倡导文明无烟春节，努力营造无烟氛围，1月12日大通区卫健委联合大通区爱卫办组织开展“无烟佳节 与爱同行”线下宣传活动，组织九龙岗镇卫生院、街道社区卫生服务中心志愿者参加义诊。活动现场紧紧围绕“无烟佳节 与爱同行”这一主题，设立宣传台，拉宣传横幅，张贴宣传海报，发放控烟“福”字和相关倡议书。为了让群众全面了解吸烟的危害，辖区医务人员结合义诊全面介绍吸烟对身体影响，引导群众重视吸烟的危害性。当天，接受义诊的群众共100余人，累计发放健康素养、控烟等各类健康教育宣传资料300余份。,content: 为倡导文明无烟春节，努力营造无烟氛围，1月12日大通区卫健委联合大通区爱卫办组织开展“无烟佳节 与爱同行”线下宣传活动，组织九龙岗镇卫生院、街道社区卫生服务中心志愿者参加义诊。活动现场紧紧围绕“无烟佳节 与爱同行”这一主题，设立宣传台，拉宣传横幅，张贴宣传海报，发放控烟“福”字和相关倡议书。为了让群众全面了解吸烟的危害，辖区医务人员结合义诊全面介绍吸烟对身体影响，引导群众重视吸烟的危害性。当天，接受义诊的群众共100余人，累计发放健康素养、控烟等各类健康教育宣传资料300余份。,微博,NieNie1981,2024-01-30 14:52:18,http://weibo.com/7215211211/NEeEADPW4,未知,控烟,正面,未知
202401013756,#超七成受访者支持将电子烟纳入禁烟法规##北京成人戒烟率提高#【北京成人烟草调查：戒烟率提高，二手烟暴露无改善】自2015年《北京市控制吸烟条例》出台以来，本市控烟工作成效显著，成人吸烟率连续下降，并于2021年提前达到了健康北京行动提出的“到2022年，15岁及以上成人吸烟率低于20%”的目标。此外，家庭二手烟暴露率为29.6%，二手烟暴露情况比2021年并无明显改善。除室内工作场所、中小学校、政府大楼的二手烟暴露率有所下降外，餐馆、大学、医疗机构、公共交通工具的二手烟暴露率则与2021年基本持平。 ,content: #超七成受访者支持将电子烟纳入禁烟法规##北京成人戒烟率提高#【北京成人烟草调查：戒烟率提高，二手烟暴露无改善】自2015年《北京市控制吸烟条例》出台以来，本市控烟工作成效显著，成人吸烟率连续下降，并于2021年提前达到了健康北京行动提出的“到2022年，15岁及以上成人吸烟率低于20%”的目标。此外，家庭二手烟暴露率为29.6%，二手烟暴露情况比2021年并无明显改善。除室内工作场所、中小学校、政府大楼的二手烟暴露率有所下降外，餐馆、大学、医疗机构、公共交通工具的二手烟暴露率则与2021年基本持平。,微博,京视频,2024-01-30 14:43:03,http://weibo.com/6351705477/NEeAQeDWF,未知,戒烟、控烟,正面,未知
202401013769,【争创无烟单位 共享健康佳节】 为进一步推动落实控烟工作，引导干部职工践行文明健康绿色环保的生活方式，营造无烟氛围，共度健康佳节，明光融资担保有限公司积极响应市爱卫办关于开展控烟活动的相关要求，于1月29日召开“无烟佳节 与爱同行”控烟专题会议。 专题会上，明光担保公司全体职工集中学习《关于领导干部带头在公共场所禁烟有关事项的通知》，并观看了控烟宣传视频。 会议要求，公司全体干部职工要严格按照要求践行科学、健康的文明生活方式，营造良好的无烟工作环境和节日氛围，充分发挥国企员工在控烟工作中的示范引领作用，引导身边人不吸烟，不敬烟，不送烟，增强群众控烟的自觉性和社会责任感，主动做控烟宣传者和倡导者。,content: 【争创无烟单位 共享健康佳节】 为进一步推动落实控烟工作，引导干部职工践行文明健康绿色环保的生活方式，营造无烟氛围，共度健康佳节，明光融资担保有限公司积极响应市爱卫办关于开展控烟活动的相关要求，于1月29日召开“无烟佳节 与爱同行”控烟专题会议。 专题会上，明光担保公司全体职工集中学习《关于领导干部带头在公共场所禁烟有关事项的通知》，并观看了控烟宣传视频。 会议要求，公司全体干部职工要严格按照要求践行科学、健康的文明生活方式，营造良好的无烟工作环境和节日氛围，充分发挥国企员工在控烟工作中的示范引领作用，引导身边人不吸烟，不敬烟，不送烟，增强群众控烟的自觉性和社会责任感，主动做控烟宣传者和倡导者。,微博,明光发布,2024-01-30 11:55:57,http://weibo.com/2711977302/NEdv16XEI,未知,控烟,正面,未知
202401013777,控烟宣传——我的爸爸不爱我 #控烟# （什刹海社区卫生服务中心）,content: 控烟宣传——我的爸爸不爱我 #控烟# （什刹海社区卫生服务中心）,微博,青白江生态环境,2024-01-30 11:21:28,http://weibo.com/3515638435/NEdh16uyV,未知,控烟,正面,未知
202401013784,零焦油、不燃烧更健康、24小时持续有效🉑 尼瑞克戒烟（控烟）保健贴——采用世界卫生组织推荐的科学戒烟法， 使用固化浓缩离心技术，缓释渗透不经心肺，拒绝烟瘾拒绝身体负担🐳🐳🐳,content: 零焦油、不燃烧更健康、24小时持续有效🉑 尼瑞克戒烟（控烟）保健贴——采用世界卫生组织推荐的科学戒烟法， 使用固化浓缩离心技术，缓释渗透不经心肺，拒绝烟瘾拒绝身体负担🐳🐳🐳,微博,梁向辉,2024-01-30 11:03:46,http://weibo.com/2479844347/NEd9Q4J6p,未知,戒烟、控烟,正面,未知
202401013788,平原县开展“迎新春 送万福 进万家”控烟宣传活动http://t.cn/A6jOVThD,content: 平原县开展“迎新春 送万福 进万家”控烟宣传活动http://t.cn/A6jOVThD,微博,平原县融媒体中心,2024-01-30 10:53:24,http://weibo.com/1978052497/NEd5D2Vnl,未知,控烟,正面,未知
202401013800,【北京成人烟草调查：戒烟率提高，二手烟暴露无改善】北京市第五次成人烟草流行调查数据结果发布 自2015年《北京市控制吸烟条例》出台以来，本市控烟工作成效显著，成人吸烟率连续下降，并于2021年提前达到了健康北京行动提出的“到2022年，15岁及以上成人吸烟率低于20%”的目标。 近日，北京市卫生健康委发布了第五次成人烟草流行调查数据结果，15岁及以上成人吸烟率为19.9%，与2021年持平。 第五次成人烟草调查覆盖全市16个区（除经开区）、50个街道（乡镇）、100个居（村）委会的13033个家庭户，共完成有效问卷10727份。调查结果显示，成人吸烟率降速减缓，已到达了平台期，距离健康北京行动提出的“到2030年，成人吸烟率低于17%”目标仍有一定差距。其中男性吸烟率36.6%，比2021年上升了0.6个百分点，女性吸烟率2.2%，比2021年下降了0.5个百分点。此外，家庭二手烟暴露率为29.6%，二手烟暴露情况比2021年并无明显改善。除室内工作场所、中小学校、政府大楼的二手烟暴露率有所下降外，餐馆、大学、医疗机构、公共交通工具的二手烟暴露率则与2021年基本持平。 在所有曾经和现在吸烟人群中，戒烟率达到了29.6%，比2021年提高了2.6个百分点。现在吸烟者的尝试戒烟率由2021年的38.2%提高至41.8%，有戒烟计划的比例由2021年的19.2%提高至23.7%。这些数据表明，北京市吸烟者在无烟文化的熏陶下，有较强的戒烟动机和戒烟需求，是开展戒烟服务的可干预对象。此外，电子烟并未获得北京市居民额外的青睐。调查中，曾经使用过电子烟的比例由2021年的7.4%下降至6.6%，现在使用电子烟的比例则由3.2%下降至2.2%；另有77.4%的受访者表示支持将电子烟纳入现有禁烟法规。 针对无烟街区设置问题，北京市民对多项措施持支持态度：87.2%的受访者赞同在办事机构的室外公共区域设置吸烟区，90.2%赞同在各单位的入口处设置灭烟处，78.0%赞同在城市街区广场的开阔位置设置吸烟区。 下一阶段，本市将继续深入推进健康北京行动，严格落实《北京市控制吸烟条例》，加强控烟执法，积极开展戒烟服务，深入推进无烟场所建设，进行更有针对性的控烟宣传，倡导健康文明生活方式，全社会形成合力，共同打造无烟北京。 来源：健康北京,content: 【北京成人烟草调查：戒烟率提高，二手烟暴露无改善】北京市第五次成人烟草流行调查数据结果发布 自2015年《北京市控制吸烟条例》出台以来，本市控烟工作成效显著，成人吸烟率连续下降，并于2021年提前达到了健康北京行动提出的“到2022年，15岁及以上成人吸烟率低于20%”的目标。 近日，北京市卫生健康委发布了第五次成人烟草流行调查数据结果，15岁及以上成人吸烟率为19.9%，与2021年持平。 第五次成人烟草调查覆盖全市16个区（除经开区）、50个街道（乡镇）、100个居（村）委会的13033个家庭户，共完成有效问卷10727份。调查结果显示，成人吸烟率降速减缓，已到达了平台期，距离健康北京行动提出的“到2030年，成人吸烟率低于17%”目标仍有一定差距。其中男性吸烟率36.6%，比2021年上升了0.6个百分点，女性吸烟率2.2%，比2021年下降了0.5个百分点。此外，家庭二手烟暴露率为29.6%，二手烟暴露情况比2021年并无明显改善。除室内工作场所、中小学校、政府大楼的二手烟暴露率有所下降外，餐馆、大学、医疗机构、公共交通工具的二手烟暴露率则与2021年基本持平。 在所有曾经和现在吸烟人群中，戒烟率达到了29.6%，比2021年提高了2.6个百分点。现在吸烟者的尝试戒烟率由2021年的38.2%提高至41.8%，有戒烟计划的比例由2021年的19.2%提高至23.7%。这些数据表明，北京市吸烟者在无烟文化的熏陶下，有较强的戒烟动机和戒烟需求，是开展戒烟服务的可干预对象。此外，电子烟并未获得北京市居民额外的青睐。调查中，曾经使用过电子烟的比例由2021年的7.4%下降至6.6%，现在使用电子烟的比例则由3.2%下降至2.2%；另有77.4%的受访者表示支持将电子烟纳入现有禁烟法规。 针对无烟街区设置问题，北京市民对多项措施持支持态度：87.2%的受访者赞同在办事机构的室外公共区域设置吸烟区，90.2%赞同在各单位的入口处设置灭烟处，78.0%赞同在城市街区广场的开阔位置设置吸烟区。 下一阶段，本市将继续深入推进健康北京行动，严格落实《北京市控制吸烟条例》，加强控烟执法，积极开展戒烟服务，深入推进无烟场所建设，进行更有针对性的控烟宣传，倡导健康文明生活方式，全社会形成合力，共同打造无烟北京。 来源：健康北京,微博,北京大峰峰,2024-01-30 09:42:30,http://weibo.com/5816161945/NEcCQn7nd,未知,戒烟、控烟,正面,未知
202401013805,为增强职工与患者控烟意识，弘扬无烟健康过节文化，营造健康、清洁、无烟的就诊环境，1月24日下午，爱卫办在院内开展“无烟佳节，与爱同行”控烟知识宣传活动。 活动中，邀请了我院医生向职工及患者介绍了吸烟对健康的危害，同时围绕我国烟民数量、吸烟现状、烟民低龄化发展趋势以及二手烟对人体的危害等方面向大家进行了详细讲解，使大家明白吸烟不仅是对环境的破坏，更是对身边人的伤害，健康良好的无烟环境需要大家共同努力。 此次活动以春节为契机，通过更换控烟健康教育宣传栏、悬挂横幅、LED屏展示等多种形式播放控烟宣传标语，同时更换了禁烟标识等内容。大力弘扬无烟过节文化，使大家都能过一个平安健康的新年。,content: 为增强职工与患者控烟意识，弘扬无烟健康过节文化，营造健康、清洁、无烟的就诊环境，1月24日下午，爱卫办在院内开展“无烟佳节，与爱同行”控烟知识宣传活动。 活动中，邀请了我院医生向职工及患者介绍了吸烟对健康的危害，同时围绕我国烟民数量、吸烟现状、烟民低龄化发展趋势以及二手烟对人体的危害等方面向大家进行了详细讲解，使大家明白吸烟不仅是对环境的破坏，更是对身边人的伤害，健康良好的无烟环境需要大家共同努力。 此次活动以春节为契机，通过更换控烟健康教育宣传栏、悬挂横幅、LED屏展示等多种形式播放控烟宣传标语，同时更换了禁烟标识等内容。大力弘扬无烟过节文化，使大家都能过一个平安健康的新年。,微博,西安市第一医院,2024-01-30 09:37:22,http://weibo.com/5052299146/NEcALlYoK,未知,控烟,正面,未知
202401013809,发布了头条文章：《北京成人吸烟率降速减缓》 [北京成人吸烟率降速减缓](http://t.cn/A6jOAwZh) 北京控烟成果显著，吸烟率稳步下降仍需持续努力 自2015年《北京市控制吸烟条例》出台以来，北京市控烟工作取得了显著成效，成人吸烟率持续下降。根据最新发布的第五次成人烟草流行调查数据，15岁及以上成人吸烟率为19.9%，与2021年持平，成功提前实现了“到2022年，15岁及以上成人吸烟率低于20%”的目标。 这一成果的取得，反映了北京市控烟工作的积极推进和广泛参与。《北京市控制吸烟条例》的出台为城市控烟提供了法律基础，各项措施的实施进一步规范了吸烟行为，提高了公众的健康意识。成人吸烟率的连续下降不仅有益于降低吸烟相关疾病的发病率，也为实现健康北京行动提出的更为严格目标奠定了基础。 然而，值得注意的是，尽管吸烟率已经降至19.9%，但与健康北京行动提出的“到2030年，成人吸烟率低于17%”的目标仍存在一定差距。这表明虽然控烟工作取得了显著成效，但在实现更为严格的目标方面仍需持续努力。 调查数据还显示，男性吸烟率略有上升，达到了36.6%，而女性吸烟率下降至2.2%。这提示我们在控烟工作中需要更有针对性地关注不同性别的吸烟群体，制定更加切实可行的干预措施。 此外，家庭二手烟暴露率为29.6%，并未明显改善，这也是一个需要引起关注的问题。尽管在室内工作场所、中小学校、政府大楼等场所的二手烟暴露率有所下降，但在餐馆、大学、医疗机构、公共交通工具等场所，二手烟暴露率基本持平。这提示我们在控烟工作中，需要更加细化、精准地针对不同场所的二手烟暴露问题，切实提高公共场所的控烟水平。北京市在控烟工作上取得的成果是可喜的，但仍需进一步加大力度，通过更有力的政策和宣传，进一步提高公众的控烟意识，切实推动吸烟率的降低，为实现更为严格的控烟目标努力奋斗。这也是为了建设更加健康、清新的城市环境，为市民提供更好的生活质量。,content: 发布了头条文章：《北京成人吸烟率降速减缓》 [北京成人吸烟率降速减缓](http://t.cn/A6jOAwZh) 北京控烟成果显著，吸烟率稳步下降仍需持续努力 自2015年《北京市控制吸烟条例》出台以来，北京市控烟工作取得了显著成效，成人吸烟率持续下降。根据最新发布的第五次成人烟草流行调查数据，15岁及以上成人吸烟率为19.9%，与2021年持平，成功提前实现了“到2022年，15岁及以上成人吸烟率低于20%”的目标。 这一成果的取得，反映了北京市控烟工作的积极推进和广泛参与。《北京市控制吸烟条例》的出台为城市控烟提供了法律基础，各项措施的实施进一步规范了吸烟行为，提高了公众的健康意识。成人吸烟率的连续下降不仅有益于降低吸烟相关疾病的发病率，也为实现健康北京行动提出的更为严格目标奠定了基础。 然而，值得注意的是，尽管吸烟率已经降至19.9%，但与健康北京行动提出的“到2030年，成人吸烟率低于17%”的目标仍存在一定差距。这表明虽然控烟工作取得了显著成效，但在实现更为严格的目标方面仍需持续努力。 调查数据还显示，男性吸烟率略有上升，达到了36.6%，而女性吸烟率下降至2.2%。这提示我们在控烟工作中需要更有针对性地关注不同性别的吸烟群体，制定更加切实可行的干预措施。 此外，家庭二手烟暴露率为29.6%，并未明显改善，这也是一个需要引起关注的问题。尽管在室内工作场所、中小学校、政府大楼等场所的二手烟暴露率有所下降，但在餐馆、大学、医疗机构、公共交通工具等场所，二手烟暴露率基本持平。这提示我们在控烟工作中，需要更加细化、精准地针对不同场所的二手烟暴露问题，切实提高公共场所的控烟水平。北京市在控烟工作上取得的成果是可喜的，但仍需进一步加大力度，通过更有力的政策和宣传，进一步提高公众的控烟意识，切实推动吸烟率的降低，为实现更为严格的控烟目标努力奋斗。这也是为了建设更加健康、清新的城市环境，为市民提供更好的生活质量。,微博,小师Siri姐姐,2024-01-30 09:07:29,http://weibo.com/5329241902/NEcoDdKDX,未知,控烟,正面,未知
202401013813,控烟公益宣传片《小朋友眼中的吸烟爸妈》 ,content: 控烟公益宣传片《小朋友眼中的吸烟爸妈》,微博,北京朝阳东湖健康教育,2024-01-30 08:47:30,http://weibo.com/3463717782/NEcgwpLEP,未知,控烟,中性,未知
202401013816,#控烟# 损人不利己的卷烟 ,content: #控烟# 损人不利己的卷烟,微博,北京市仁和医院健康教育,2024-01-30 08:07:35,http://weibo.com/5395135832/NEc0k7GhS,未知,控烟,中性,未知
202401013819,#控烟# 低焦油不等于低危害 http://t.cn/A6jOPVQt ,content: #控烟# 低焦油不等于低危害 http://t.cn/A6jOPVQt,微博,北京市仁和医院健康教育,2024-01-30 08:06:50,http://weibo.com/5395135832/NEc01aKq2,未知,控烟,中性,未知
202401013826,#健康教育# 【预防青少年吸烟的措施】 1、从家庭做起，父母不吸烟或戒烟，至少在孩子面前不要吸烟，起到一个榜样作用。 2、积极开展无烟学校创建活动，学校要加强针对学生的控烟宣传教育，提高对尼古丁成瘾和烟草危害的正确认识，逐步在青少年中形成“不吸烟，我时尚，我健康”和拒绝烟草的氛围。 3、积极创建无烟医院，全面推进公共场所禁烟，通过创建和医疗卫生专业人员的宣传倡导，预防青少年吸烟，降低人群吸烟率及吸烟引起的相关疾病发病率。 4、加强控烟法制建设，充分发挥法律法规的规范性、强制性作用。 5、落实对青少年及时提供戒烟帮助，对校医进行戒烟技能培训，帮助吸烟的学生和教师尽早戒烟。 6、动员全社会力量，共同预防控制青少年吸烟。（威海市疾控中心供稿）,content: #健康教育# 【预防青少年吸烟的措施】 1、从家庭做起，父母不吸烟或戒烟，至少在孩子面前不要吸烟，起到一个榜样作用。 2、积极开展无烟学校创建活动，学校要加强针对学生的控烟宣传教育，提高对尼古丁成瘾和烟草危害的正确认识，逐步在青少年中形成“不吸烟，我时尚，我健康”和拒绝烟草的氛围。 3、积极创建无烟医院，全面推进公共场所禁烟，通过创建和医疗卫生专业人员的宣传倡导，预防青少年吸烟，降低人群吸烟率及吸烟引起的相关疾病发病率。 4、加强控烟法制建设，充分发挥法律法规的规范性、强制性作用。 5、落实对青少年及时提供戒烟帮助，对校医进行戒烟技能培训，帮助吸烟的学生和教师尽早戒烟。 6、动员全社会力量，共同预防控制青少年吸烟。（威海市疾控中心供稿）,微博,威海日报,2024-01-30 05:43:00,http://weibo.com/1960433983/NEb3Dp5qq,未知,戒烟、控烟,正面,未知
202401013830,//@GinAlpha:日本控烟跟欧美比不算严，日本很多居酒屋云雾缭绕。欧美很多国家室内是全面禁烟的//@TryphonCalculus:日本对抽烟的人那么不友好的国家，怎么可能比美国高。反而这里头的数据感觉还是偏高了。//@我是二姐夫:中国男性的吸烟率仅次于印尼、缅甸和埃及，位于第四。超过40%的还有越南、俄罗斯和土耳其。 我没想到的，一是韩国男性比中国要低很多，二是美国居然比日本还要高，更是远高于加拿大。在加拿大，同事里的烟民除了华人就是韩裔，其它族裔的几乎没有。,content: //@GinAlpha:日本控烟跟欧美比不算严，日本很多居酒屋云雾缭绕。欧美很多国家室内是全面禁烟的//@TryphonCalculus:日本对抽烟的人那么不友好的国家，怎么可能比美国高。反而这里头的数据感觉还是偏高了。//@我是二姐夫:中国男性的吸烟率仅次于印尼、缅甸和埃及，位于第四。超过40%的还有越南、俄罗斯和土耳其。 我没想到的，一是韩国男性比中国要低很多，二是美国居然比日本还要高，更是远高于加拿大。在加拿大，同事里的烟民除了华人就是韩裔，其它族裔的几乎没有。,微博,不喜欢蓝黑色墨水,2024-01-30 04:56:23,http://weibo.com/2859292250/NEaKIk1If,未知,控烟,正面,未知
202401013508,【北京发布第五次成人烟草调查结果 #77.4%的受访者支持将电子烟纳入禁烟法规# 】 近期，北京市卫生健康委发布了第五次成人烟草流行调查数据结果，15岁及以上成人吸烟率为19.9%，与2021年持平。对于电子烟，调查结果显示，有77.4%的受访者表示支持将电子烟纳入现有禁烟法规。 据了解，第五次成人烟草调查覆盖全市16个区（除经开区）、50个街道（乡镇）、100个居（村）委会的13033个家庭户，共完成有效问卷10727份。调查结果显示，成人吸烟率降速减缓，已到达了平台期，距离健康北京行动提出的“到2030年，成人吸烟率低于17%”目标仍有一定差距。其中男性吸烟率36.6%，比2021年上升了0.6个百分点，女性吸烟率2.2%，比2021年下降了0.5个百分点。 本次调查显示，家庭二手烟暴露率为29.6%，二手烟暴露情况比2021年并无明显改善。除室内工作场所、中小学校、政府大楼的二手烟暴露率有所下降外，餐馆、大学、医疗机构、公共交通工具的二手烟暴露率则与2021年基本持平。 在所有曾经和现在吸烟人群中，戒烟率达到了29.6%，比2021年提高了2.6个百分点。现在吸烟者的尝试戒烟率由2021年的38.2%提高至41.8%，有戒烟计划的比例由2021年的19.2%提高至23.7%。这些数据表明，北京市吸烟者在无烟文化的熏陶下，有较强的戒烟动机和戒烟需求，是开展戒烟服务的可干预对象。此外，电子烟并未获得北京市居民额外的青睐。调查中，曾经使用过电子烟的比例由2021年的7.4%下降至6.6%，现在使用电子烟的比例则由3.2%下降至2.2%；另有77.4%的受访者表示支持将电子烟纳入现有禁烟法规。 针对无烟街区设置问题，北京市民对多项措施持支持态度：87.2%的受访者赞同在办事机构的室外公共区域设置吸烟区，90.2%赞同在各单位的入口处设置灭烟处，78.0%赞同在城市街区广场的开阔位置设置吸烟区。 市卫健委表示，下一阶段，本市将继续深入推进健康北京行动，严格落实《北京市控制吸烟条例》，加强控烟执法，积极开展戒烟服务，深入推进无烟场所建设，进行更有针对性的控烟宣传，倡导健康文明生活方式，全社会形成合力，共同打造无烟北京。（北京青年报记者 蒋若静）,content: 【北京发布第五次成人烟草调查结果 #77.4%的受访者支持将电子烟纳入禁烟法规# 】 近期，北京市卫生健康委发布了第五次成人烟草流行调查数据结果，15岁及以上成人吸烟率为19.9%，与2021年持平。对于电子烟，调查结果显示，有77.4%的受访者表示支持将电子烟纳入现有禁烟法规。 据了解，第五次成人烟草调查覆盖全市16个区（除经开区）、50个街道（乡镇）、100个居（村）委会的13033个家庭户，共完成有效问卷10727份。调查结果显示，成人吸烟率降速减缓，已到达了平台期，距离健康北京行动提出的“到2030年，成人吸烟率低于17%”目标仍有一定差距。其中男性吸烟率36.6%，比2021年上升了0.6个百分点，女性吸烟率2.2%，比2021年下降了0.5个百分点。 本次调查显示，家庭二手烟暴露率为29.6%，二手烟暴露情况比2021年并无明显改善。除室内工作场所、中小学校、政府大楼的二手烟暴露率有所下降外，餐馆、大学、医疗机构、公共交通工具的二手烟暴露率则与2021年基本持平。 在所有曾经和现在吸烟人群中，戒烟率达到了29.6%，比2021年提高了2.6个百分点。现在吸烟者的尝试戒烟率由2021年的38.2%提高至41.8%，有戒烟计划的比例由2021年的19.2%提高至23.7%。这些数据表明，北京市吸烟者在无烟文化的熏陶下，有较强的戒烟动机和戒烟需求，是开展戒烟服务的可干预对象。此外，电子烟并未获得北京市居民额外的青睐。调查中，曾经使用过电子烟的比例由2021年的7.4%下降至6.6%，现在使用电子烟的比例则由3.2%下降至2.2%；另有77.4%的受访者表示支持将电子烟纳入现有禁烟法规。 针对无烟街区设置问题，北京市民对多项措施持支持态度：87.2%的受访者赞同在办事机构的室外公共区域设置吸烟区，90.2%赞同在各单位的入口处设置灭烟处，78.0%赞同在城市街区广场的开阔位置设置吸烟区。 市卫健委表示，下一阶段，本市将继续深入推进健康北京行动，严格落实《北京市控制吸烟条例》，加强控烟执法，积极开展戒烟服务，深入推进无烟场所建设，进行更有针对性的控烟宣传，倡导健康文明生活方式，全社会形成合力，共同打造无烟北京。（北京青年报记者 蒋若静）,微博,教育圆桌,2024-01-29 21:00:59,http://weibo.com/7519430237/NE7DKmEJq,未知,戒烟、控烟,正面,未知
202401013514,【#北京15岁及以上成人吸烟率为19.9%#，#北京家庭二手烟暴露率近三成#】北京市卫健委1月29日发布第五次成人烟草流行调查数据结果，北京15岁及以上成人吸烟率为19.9%，家庭二手烟暴露率接近三成。另外，本市日前启动控烟督导检查专项行动，组建8个市级控烟督导组，分赴各区 对责任部门和重点公共场所进行督导检查。（@北京新闻广播 记者/于川梓）,content: 【#北京15岁及以上成人吸烟率为19.9%#，#北京家庭二手烟暴露率近三成#】北京市卫健委1月29日发布第五次成人烟草流行调查数据结果，北京15岁及以上成人吸烟率为19.9%，家庭二手烟暴露率接近三成。另外，本市日前启动控烟督导检查专项行动，组建8个市级控烟督导组，分赴各区 对责任部门和重点公共场所进行督导检查。（@北京新闻广播 记者/于川梓）,微博,北京新闻广播,2024-01-29 20:31:04,http://weibo.com/1880087643/NE7rBCMw6,未知,控烟,中性,未知
202401013524,戒烟，从今天开始！！！ 0焦油，不燃烧、24小时持续有效👀👀 尼瑞克戒烟（控烟）保健贴——采用世界卫生组织推荐的科学戒烟法， 缓释渗透皮肤吸收不经心肺，拒绝烟瘾拒绝身体负担🐳🐳🐳,content: 戒烟，从今天开始！！！ 0焦油，不燃烧、24小时持续有效👀👀 尼瑞克戒烟（控烟）保健贴——采用世界卫生组织推荐的科学戒烟法， 缓释渗透皮肤吸收不经心肺，拒绝烟瘾拒绝身体负担🐳🐳🐳,微博,梁向辉,2024-01-29 19:00:38,http://weibo.com/2479844347/NE6QTBaa5,未知,戒烟、控烟,正面,未知
202401013528,@用户5894414231 //@北京12320在聆听:控烟广告——小朋友眼中的吸烟爸妈#北京12320控烟在行动# http://t.cn/A6jMiWVI ,content: @用户5894414231 //@北京12320在聆听:控烟广告——小朋友眼中的吸烟爸妈#北京12320控烟在行动# http://t.cn/A6jMiWVI,微博,双黛罗2015,2024-01-29 18:41:27,http://weibo.com/5381894108/NE6J76bxi,未知,控烟,正面,未知
202401013531,发布了头条文章：《在《天津市控制吸烟条例》规定下，公共场所经营者应该怎么做？》 [在《天津市控制吸烟条例》规定下，公共场所经营者应该怎么做？](http://t.cn/A6jpjdyM) 前言 根据《天津市控制吸烟条例》规定，公共场所的经营者作为控制吸烟工作的第一责任人，有责任和义务确保场所内的空气质量，维护公众的健康权益。本指南旨在帮助公共场所经营者更好地理解和实施控烟规定。 具体措施 1.餐饮场所、歌(舞)厅、公共浴室设置吸烟室的，吸烟室应当具备独立空间、独立有效的通风换气装置，设置明显标志；吸烟室以外的室内区域禁止吸烟。未设置吸烟室的餐饮场所、歌(舞)厅、公共浴室，禁止吸烟。 2.建立禁止吸烟管理制度，设置禁止吸烟检查员，并做好禁止吸烟宣传教育工作； 3.在禁止吸烟区域设置醒目的禁止吸烟标志，公布监管电话号码； 4.在禁止吸烟区域内不得设置烟缸等与吸烟有关的器具； 5.对在禁止吸烟区域内吸烟者予以劝阻，对不听劝阻的，向有关行政管理部门报告。 6. 违反规定的处罚：根据《天津市控制吸烟条例》，公共场所经营者违反控烟规定的，将面临以下处罚：违反本条例规定，禁止吸烟场所有下列行为之一的，由有关行政管理部门责令限期改正，逾期不改正的，对单位处五千元罚款，并对单位的法定代表人或者非法人单位的主要负责人处五百元罚款： （一）不建立禁止吸烟管理制度，不设置禁止吸烟检查员，不开展禁止吸烟宣传教育工作； （二）在禁止吸烟区域不设置醒目禁止吸烟标志； （三）在禁止吸烟区域内设置烟缸等与吸烟有关的器具； （四）对在禁止吸烟场所、区域内吸烟者不予以劝阻。违反本条例规定，餐饮场所、歌（舞）厅、公共浴室不设置吸烟室又不禁止吸烟的，由有关行政管理部门责令限期改正，逾期不改正的，处五千元罚款。 结语 控烟工作是全社会共同的责任，作为公共场所的经营者，更应承担起这份责任。严格遵守《天津市控制吸烟条例》，为创造一个无烟、健康的公共环境做出贡献。同时，河西区卫生监督所也会加大对公共场所控烟的监管力度，践行法律法规规定，加大对控烟执法的宣传，共同营造一个清新、健康的环境。 来源：河西区卫生监督,content: 发布了头条文章：《在《天津市控制吸烟条例》规定下，公共场所经营者应该怎么做？》 [在《天津市控制吸烟条例》规定下，公共场所经营者应该怎么做？](http://t.cn/A6jpjdyM) 前言 根据《天津市控制吸烟条例》规定，公共场所的经营者作为控制吸烟工作的第一责任人，有责任和义务确保场所内的空气质量，维护公众的健康权益。本指南旨在帮助公共场所经营者更好地理解和实施控烟规定。 具体措施 1.餐饮场所、歌(舞)厅、公共浴室设置吸烟室的，吸烟室应当具备独立空间、独立有效的通风换气装置，设置明显标志；吸烟室以外的室内区域禁止吸烟。未设置吸烟室的餐饮场所、歌(舞)厅、公共浴室，禁止吸烟。 2.建立禁止吸烟管理制度，设置禁止吸烟检查员，并做好禁止吸烟宣传教育工作； 3.在禁止吸烟区域设置醒目的禁止吸烟标志，公布监管电话号码； 4.在禁止吸烟区域内不得设置烟缸等与吸烟有关的器具； 5.对在禁止吸烟区域内吸烟者予以劝阻，对不听劝阻的，向有关行政管理部门报告。 6. 违反规定的处罚：根据《天津市控制吸烟条例》，公共场所经营者违反控烟规定的，将面临以下处罚：违反本条例规定，禁止吸烟场所有下列行为之一的，由有关行政管理部门责令限期改正，逾期不改正的，对单位处五千元罚款，并对单位的法定代表人或者非法人单位的主要负责人处五百元罚款： （一）不建立禁止吸烟管理制度，不设置禁止吸烟检查员，不开展禁止吸烟宣传教育工作； （二）在禁止吸烟区域不设置醒目禁止吸烟标志； （三）在禁止吸烟区域内设置烟缸等与吸烟有关的器具； （四）对在禁止吸烟场所、区域内吸烟者不予以劝阻。违反本条例规定，餐饮场所、歌（舞）厅、公共浴室不设置吸烟室又不禁止吸烟的，由有关行政管理部门责令限期改正，逾期不改正的，处五千元罚款。 结语 控烟工作是全社会共同的责任，作为公共场所的经营者，更应承担起这份责任。严格遵守《天津市控制吸烟条例》，为创造一个无烟、健康的公共环境做出贡献。同时，河西区卫生监督所也会加大对公共场所控烟的监管力度，践行法律法规规定，加大对控烟执法的宣传，共同营造一个清新、健康的环境。 来源：河西区卫生监督,微博,河西司法,2024-01-29 18:05:36,http://weibo.com/5973697726/NE6uyzyPq,未知,控烟,正面,未知
202401013536,禁止向未成年人销售烟草制品！炎陵县检察院召开公开听证会红网时刻新闻1月26日讯（通讯员 陈鑫）1月26日，炎陵县人民检察院就关于督促相关部门进一步加强未成年人控烟工作召开听证会，会议邀请人民监督员、听证员以及县烟草专卖局、市场监督管理局、教育局、公安局等单位代表参加，炎陵县检察院专职委员左钟敏主持会议。,content: 禁止向未成年人销售烟草制品！炎陵县检察院召开公开听证会红网时刻新闻1月26日讯（通讯员 陈鑫）1月26日，炎陵县人民检察院就关于督促相关部门进一步加强未成年人控烟工作召开听证会，会议邀请人民监督员、听证员以及县烟草专卖局、市场监督管理局、教育局、公安局等单位代表参加，炎陵县检察院专职委员左钟敏主持会议。,微博,中国控制吸烟协会,2024-01-29 17:35:42,http://weibo.com/1933705701/NE6iqhr9B,未知,控烟,正面,未知
202401013540,发布了头条文章：《河北大名县疾控中心开展“无烟佳节 与爱同行”系列控烟宣传活动》  河北大名县疾控中心开展“无烟佳节 与爱同行”系列控烟宣传活动 ,content: 发布了头条文章：《河北大名县疾控中心开展“无烟佳节 与爱同行”系列控烟宣传活动》 河北大名县疾控中心开展“无烟佳节 与爱同行”系列控烟宣传活动,微博,河北大小事,2024-01-29 17:28:20,http://weibo.com/6469061585/NE6fqzqrW,未知,控烟,正面,未知
202401013545,转发微博//@西安城墙:无烟佳节 与爱同行 不吸烟、不敬烟、不劝烟 主动做控烟宣传者和倡导者 健健康康过佳节！,content: 转发微博//@西安城墙:无烟佳节 与爱同行 不吸烟、不敬烟、不劝烟 主动做控烟宣传者和倡导者 健健康康过佳节！,微博,曲江池景区,2024-01-29 16:39:03,http://weibo.com/2152375394/NE5VqyzYs,未知,控烟,中性,未知
202401013550,【控烟宣传】无烟佳节 与爱同行 [【控烟宣传】无烟佳节 与爱同行](http://t.cn/A6jpoVRx),content: 【控烟宣传】无烟佳节 与爱同行 [【控烟宣传】无烟佳节 与爱同行](http://t.cn/A6jpoVRx),微博,鸡西工会,2024-01-29 16:33:33,http://weibo.com/6184016450/NE5Tc8vEJ,未知,控烟,中性,未知
202401013555,#无烟佳节 与爱同行#《过年送礼不送烟 健康快乐过大年》控烟宣传[西城区德胜社区卫生服务中心的微博视频](http://t.cn/A6j5Kr89),content: #无烟佳节 与爱同行#《过年送礼不送烟 健康快乐过大年》控烟宣传[西城区德胜社区卫生服务中心的微博视频](http://t.cn/A6j5Kr89),微博,西安妇联,2024-01-29 16:25:16,http://weibo.com/6322729435/NE5PPALWX,未知,控烟,正面,未知
202401013559,#基层动态#【无烟讲座进机关】新春佳节来临之际，为进一步推动辖区控烟工作，营造无烟佳节的氛围，倡导科学、文明、绿色环保的健康生活方式，近日，东港镇卫生院积极联系辖区派出所开展以“建设健康家园，共享健康佳节”为主题的控烟宣传活动。此次讲座旨在增强机关工作人员对烟草危害的认识，促进无烟机关的建设，助力机关干部养成良好的生活习惯，讲座内容涵盖了吸烟对呼吸系统、心血管系统等多种危害，以及吸烟导致的多种疾病，如肺癌、心脏病等。在讲座过程中，医务人员还分享了戒烟的方法和技巧，告诫大家要珍惜生命，远离烟草。控烟工作仍在继续，东港镇卫生院将以此为契机，建立健全控烟长效机制，倡导健康生活，切实加强对辖区的控烟工作。(拟稿：万励 审核：卫宣 发布：朱莹),content: #基层动态#【无烟讲座进机关】新春佳节来临之际，为进一步推动辖区控烟工作，营造无烟佳节的氛围，倡导科学、文明、绿色环保的健康生活方式，近日，东港镇卫生院积极联系辖区派出所开展以“建设健康家园，共享健康佳节”为主题的控烟宣传活动。此次讲座旨在增强机关工作人员对烟草危害的认识，促进无烟机关的建设，助力机关干部养成良好的生活习惯，讲座内容涵盖了吸烟对呼吸系统、心血管系统等多种危害，以及吸烟导致的多种疾病，如肺癌、心脏病等。在讲座过程中，医务人员还分享了戒烟的方法和技巧，告诫大家要珍惜生命，远离烟草。控烟工作仍在继续，东港镇卫生院将以此为契机，建立健全控烟长效机制，倡导健康生活，切实加强对辖区的控烟工作。(拟稿：万励 审核：卫宣 发布：朱莹),微博,健康锡山,2024-01-29 16:23:03,http://weibo.com/5709874237/NE5OW3SEg,未知,控烟、戒烟,正面,未知
202401013563,控烟公益宣传片《小朋友眼中的吸烟爸妈》 [北京朝阳东湖健康教育的微博视频](http://t.cn/A6jpaJyc),content: 控烟公益宣传片《小朋友眼中的吸烟爸妈》 [北京朝阳东湖健康教育的微博视频](http://t.cn/A6jpaJyc),微博,北京朝阳东湖健康教育,2024-01-29 16:19:31,http://weibo.com/3463717782/NE5Nv7gaR,未知,控烟,中性,未知
202401013577,【控烟宣传】无烟佳节，与爱同行网页链接 为了自己和家人的健康 让我们一起做到   不吸烟、不敬烟、不劝烟 守护家人健康，共度无烟佳节！ ,content: 【控烟宣传】无烟佳节，与爱同行网页链接 为了自己和家人的健康 让我们一起做到 不吸烟、不敬烟、不劝烟 守护家人健康，共度无烟佳节！,微博,萍乡博物馆,2024-01-29 14:57:51,http://weibo.com/3259271994/NE5glFyWC,未知,控烟,中性,未知
202401013583,转发微博//@北京12320在聆听:【二手烟对冠心病患者的危害】#北京12320控烟在行动# 吸烟是冠心病发生的主要危险因素，我国流行病学调查显示，大量吸烟与非吸烟患者相比冠心病发生率高26倍以上。吸入二手烟同样有害，二手烟对被动吸烟者的危害一点也不比主动吸烟者轻，特别是对患有心血管疾病的人的危害尤其严重。二手烟烟雾中含有一,content: 转发微博//@北京12320在聆听:【二手烟对冠心病患者的危害】#北京12320控烟在行动# 吸烟是冠心病发生的主要危险因素，我国流行病学调查显示，大量吸烟与非吸烟患者相比冠心病发生率高26倍以上。吸入二手烟同样有害，二手烟对被动吸烟者的危害一点也不比主动吸烟者轻，特别是对患有心血管疾病的人的危害尤其严重。二手烟烟雾中含有一,微博,海淀区甘家口健康教育,2024-01-29 14:15:46,http://weibo.com/2852842151/NE4ZgFaJU,未知,控烟,正面,未知
202401013589,2Qs 05/08 s@r.RK 无烟佳节 与爱同行#控烟行动 #无烟佳节与爱同行；##Wzp8tGtFqJ8##打开抖音搜:/ 索 [繁华落尽0116的微博视频](http://t.cn/A6jNd6w5),content: 2Qs 05/08 s@r.RK 无烟佳节 与爱同行#控烟行动 #无烟佳节与爱同行；##Wzp8tGtFqJ8##打开抖音搜:/ 索 [繁华落尽0116的微博视频](http://t.cn/A6jNd6w5),微博,繁华落尽0116,2024-01-29 13:25:56,http://weibo.com/5790083080/NE4F2yTRw,未知,控烟,正面,未知
202401013593,转发微博 //@北京12320在聆听:低焦油不等于低危害#北京12320控烟在行动# http://t.cn/A6jNSrrN ,content: 转发微博 //@北京12320在聆听:低焦油不等于低危害#北京12320控烟在行动# http://t.cn/A6jNSrrN,微博,大兴区西红门镇金_星卫生院,2024-01-29 13:00:43,http://weibo.com/2709507907/NE4uO9Nwh,未知,控烟,正面,未知
202401013598,代表委员邀您“群聊”②丨网友捎话：餐厅控烟有死角 自治区政协委员丁桂凤：落实属地管理者主体责任 http://t.cn/A6jNQN02,content: 代表委员邀您“群聊”②丨网友捎话：餐厅控烟有死角 自治区政协委员丁桂凤：落实属地管理者主体责任 http://t.cn/A6jNQN02,微博,伊吾县网信巡查执法,2024-01-29 12:16:20,http://weibo.com/6450249871/NE4cN4ue2,未知,控烟,正面,未知
202401013604,无烟佳节 与爱同行主动做控烟宣传者和倡导者健健康康过佳节！,content: 无烟佳节 与爱同行主动做控烟宣传者和倡导者健健康康过佳节！,微博,西安城墙,2024-01-29 11:46:00,http://weibo.com/2010009041/NE40tCT85,未知,控烟,中性,未知
202401013608,低焦油不等于低危害#北京12320控烟在行动# [北京12320在聆听的微博视频](http://t.cn/A6jNSrrN),content: 低焦油不等于低危害#北京12320控烟在行动# [北京12320在聆听的微博视频](http://t.cn/A6jNSrrN),微博,北京12320在聆听,2024-01-29 11:30:00,http://weibo.com/2659630681/NE3TZdH8L,未知,控烟,正面,未知
202401013613,控烟公益宣传片《会说话的小朋友》 [什刹海社区卫生服务中心的微博视频](http://t.cn/A6jNXZuY),content: 控烟公益宣传片《会说话的小朋友》 [什刹海社区卫生服务中心的微博视频](http://t.cn/A6jNXZuY),微博,什刹海社区卫生服务中心,2024-01-29 11:01:18,http://weibo.com/1284779592/NE3Il2OlF,未知,控烟,正面,未知
202401013622,最近发现的 阿可韦戒烟贴 贴手臂上 不会难受也不刺激 真的很震惊！！！非常控烟！戒断症状都小了！ [摊手] 我现在一点也不想抽烟了#好物分享#,content: 最近发现的 阿可韦戒烟贴 贴手臂上 不会难受也不刺激 真的很震惊！！！非常控烟！戒断症状都小了！ [摊手] 我现在一点也不想抽烟了#好物分享#,微博,恍惚海棠,2024-01-29 10:52:51,http://weibo.com/6807363965/NE3EUglRz,未知,戒烟、控烟,中性,未知
202401013640,保持良好的口腔卫生：每天有效刷牙2次，并使用牙线剔除口腔残留物，定期到口腔门诊检查，消除局部刺激因素。 调整生活方式：减少辛辣刺激性食物的摄入，并控烟控酒，减少对口腔黏膜的刺激。,content: 保持良好的口腔卫生：每天有效刷牙2次，并使用牙线剔除口腔残留物，定期到口腔门诊检查，消除局部刺激因素。 调整生活方式：减少辛辣刺激性食物的摄入，并控烟控酒，减少对口腔黏膜的刺激。,微博,口腔白斑白纹纤维化溃疡,2024-01-29 09:43:33,http://weibo.com/7849789359/NE3cMjZY6,未知,控烟,正面,未知
202401013644,【控烟宣传】北京疾控控烟广告-会说话的小朋友 [北京大兴瀛海健康教育的微博视频](http://t.cn/A6jNq5kk),content: 【控烟宣传】北京疾控控烟广告-会说话的小朋友 [北京大兴瀛海健康教育的微博视频](http://t.cn/A6jNq5kk),微博,北京大兴瀛海健康教育,2024-01-29 09:34:51,http://weibo.com/3234260334/NE39fbq9U,未知,控烟,中性,未知
202401013648,转发微博//@北京12320在聆听:控烟广告——我的爸爸不爱我#北京12320控烟在行动# [北京12320在聆听的微博视频](http://t.cn/A6j6Puaa),content: 转发微博//@北京12320在聆听:控烟广告——我的爸爸不爱我#北京12320控烟在行动# [北京12320在聆听的微博视频](http://t.cn/A6j6Puaa),微博,通州次渠健康教育,2024-01-29 09:27:05,http://weibo.com/5104910019/NE3663kC0,未知,控烟,正面,未知
202401013655,【石泉县开展“无烟佳节 与爱同行”控烟宣传活动】 石泉县爱卫办日前联合县委文明办、县教体科技局、县市场监督管理局等单位，在县城春潮广场开展“无烟佳节 与爱同行”集中控烟宣传活动。 活动现场，各单位通过悬挂横幅、设立咨询台、发放宣传单、现场接受咨询等多种形式，广泛宣传吸烟、吸二手烟的危害，普及科学戒烟方法，呼吁人们不要在室内、公共场所等地吸烟，远离二手烟，引导大众培养健康的生活方式，现场共发放控烟宣传材料300余份。同时，各单位还结合各自行业特点，向市民普及行业知识，发放防电信诈骗、宪法知识等宣传单400余份，各医疗机构开展了免费测量血压、血糖、疾病筛查等义诊活动。（石泉融媒记者：陈娇）,content: 【石泉县开展“无烟佳节 与爱同行”控烟宣传活动】 石泉县爱卫办日前联合县委文明办、县教体科技局、县市场监督管理局等单位，在县城春潮广场开展“无烟佳节 与爱同行”集中控烟宣传活动。 活动现场，各单位通过悬挂横幅、设立咨询台、发放宣传单、现场接受咨询等多种形式，广泛宣传吸烟、吸二手烟的危害，普及科学戒烟方法，呼吁人们不要在室内、公共场所等地吸烟，远离二手烟，引导大众培养健康的生活方式，现场共发放控烟宣传材料300余份。同时，各单位还结合各自行业特点，向市民普及行业知识，发放防电信诈骗、宪法知识等宣传单400余份，各医疗机构开展了免费测量血压、血糖、疾病筛查等义诊活动。（石泉融媒记者：陈娇）,微博,石泉融媒,2024-01-29 09:20:32,http://weibo.com/7349499223/NE33r6U2s,未知,控烟、戒烟,正面,未知
202401013658,【汕尾市控烟倡议书】在春节即将来临之际，为引导广大居民践行文明健康绿色环保的生活方式，减少烟草危害，以“小举动”呼唤“大文明”，共同营造春节健康无烟良好环境。在此，我们发出如下倡议：1.机关带头做表率。各地各部门要积极组织开展“无烟单位”“无烟医院”“无烟学校”“无烟家庭”等建设活动，机关单位、医院、学校、宾馆、车站、商场、影院、网吧、体育场所、公共交通工具等公共场所实行全面禁烟，全面营造健康清新的工作生活环境。机关工作人员要率先垂范，主动做控烟宣传者和倡导者，引领社会风尚。 ...http://t.cn/A6jN4TZ9,content: 【汕尾市控烟倡议书】在春节即将来临之际，为引导广大居民践行文明健康绿色环保的生活方式，减少烟草危害，以“小举动”呼唤“大文明”，共同营造春节健康无烟良好环境。在此，我们发出如下倡议：1.机关带头做表率。各地各部门要积极组织开展“无烟单位”“无烟医院”“无烟学校”“无烟家庭”等建设活动，机关单位、医院、学校、宾馆、车站、商场、影院、网吧、体育场所、公共交通工具等公共场所实行全面禁烟，全面营造健康清新的工作生活环境。机关工作人员要率先垂范，主动做控烟宣传者和倡导者，引领社会风尚。 ...http://t.cn/A6jN4TZ9,微博,汕尾市民网,2024-01-29 09:05:57,http://weibo.com/2128747042/NE2XwgJwh,未知,控烟,正面,未知
202401013667,【省疾控中心发布控烟提醒：要年味，不要烟味】25日，黑龙江省疾控中心发布控烟提醒：新春佳节将至，空气中都仿佛弥漫着吉祥与喜悦的气息，大家走亲访友，每一件精心准备的礼品都包含着满满的心意与浓浓的温暖。但是，有一种经常用作表达祝福的“礼物”，实则却是危害健康的元凶之一，那就是烟草。省疾控中心专家提醒市民要了解烟草危害，不送烟、不敬烟，不要让烟草伤害健康，共度无烟佳节。 [哈尔滨](http://t.cn/RJLxrTB),content: 【省疾控中心发布控烟提醒：要年味，不要烟味】25日，黑龙江省疾控中心发布控烟提醒：新春佳节将至，空气中都仿佛弥漫着吉祥与喜悦的气息，大家走亲访友，每一件精心准备的礼品都包含着满满的心意与浓浓的温暖。但是，有一种经常用作表达祝福的“礼物”，实则却是危害健康的元凶之一，那就是烟草。省疾控中心专家提醒市民要了解烟草危害，不送烟、不敬烟，不要让烟草伤害健康，共度无烟佳节。 [哈尔滨](http://t.cn/RJLxrTB),微博,新闻夜航,2024-01-29 09:00:40,http://weibo.com/1675961211/NE2Vn7raE,未知,控烟,正面,未知
202401013672,"禁止向未成年人销售烟草制品！炎陵县检察院召开公开听证会 1月26日，炎陵县人民检察院就关于督促相关部门进一步加强未成年人控烟工作召开听证会，会议邀请人民监督员、听证员以及县烟草专卖局、市场监督管理局、教育局、公安局等单位代表参加，炎陵县检察院专职委员左钟敏主持会议。 日前，炎陵县检察院通过调研摸底发现，辖区内部分中小学周边的商铺普遍未在显著位置设置禁止向未成年人销售香烟标志，并存在向未成年人出售卷烟、无烟草专卖零售许可证向未成年人出售电子烟等违法行为。在校园周边违规售烟侵害了不特定未成年人的公共利益，相关部门存在监管不到位的问题。为此，炎陵县检察院就建议相关部门严厉查处违法向未成年人销售烟草制品的行为、加强各部门协作配合共同履职等听证事项召开听证会。 听证会上，承办检察官介绍了案件基本情况和需要听证的问题，并书面展示了公共利益被侵害的证据，阐述了检察机关召开此次听证的目的。随后，相关部门结合履职情况对听证问题进行了说明。 参会各方积极发言提出了宝贵意见，分别就如何加大对烟草零售点和在校学生的宣传教育力度、加强未成年人禁烟和规范电子烟管理等提出了意见建议。参会各方一致认为，各主管部门应齐抓共管，加强对学生、家长的宣传力度，加大违规售卖烟草行为处罚力度。 听证会后，炎陵县检察院组织各相关部门召开磋商会，就联合印发《关于建立炎陵县保护未成年人免受烟草侵害工作协作配合机制的实施意见》征求意见。 下一步，炎陵县人民检察院将持续发力，进一步发挥对未成年人禁烟的法律监督职能，同时积极会同相关部门建立健全长效工作机制，加大对未成年人禁烟法治教育宣传,用心织密检察监督、行政执法、社会监督、家庭教育“保护网”,为未成年人营造安全健康的成长环境。","content: 禁止向未成年人销售烟草制品！炎陵县检察院召开公开听证会 1月26日，炎陵县人民检察院就关于督促相关部门进一步加强未成年人控烟工作召开听证会，会议邀请人民监督员、听证员以及县烟草专卖局、市场监督管理局、教育局、公安局等单位代表参加，炎陵县检察院专职委员左钟敏主持会议。 日前，炎陵县检察院通过调研摸底发现，辖区内部分中小学周边的商铺普遍未在显著位置设置禁止向未成年人销售香烟标志，并存在向未成年人出售卷烟、无烟草专卖零售许可证向未成年人出售电子烟等违法行为。在校园周边违规售烟侵害了不特定未成年人的公共利益，相关部门存在监管不到位的问题。为此，炎陵县检察院就建议相关部门严厉查处违法向未成年人销售烟草制品的行为、加强各部门协作配合共同履职等听证事项召开听证会。 听证会上，承办检察官介绍了案件基本情况和需要听证的问题，并书面展示了公共利益被侵害的证据，阐述了检察机关召开此次听证的目的。随后，相关部门结合履职情况对听证问题进行了说明。 参会各方积极发言提出了宝贵意见，分别就如何加大对烟草零售点和在校学生的宣传教育力度、加强未成年人禁烟和规范电子烟管理等提出了意见建议。参会各方一致认为，各主管部门应齐抓共管，加强对学生、家长的宣传力度，加大违规售卖烟草行为处罚力度。 听证会后，炎陵县检察院组织各相关部门召开磋商会，就联合印发《关于建立炎陵县保护未成年人免受烟草侵害工作协作配合机制的实施意见》征求意见。 下一步，炎陵县人民检察院将持续发力，进一步发挥对未成年人禁烟的法律监督职能，同时积极会同相关部门建立健全长效工作机制，加大对未成年人禁烟法治教育宣传,用心织密检察监督、行政执法、社会监督、家庭教育“保护网”,为未成年人营造安全健康的成长环境。",微博,炎陵县人民检察院,2024-01-29 08:57:05,http://weibo.com/5919766956/NE2TV2c86,未知,控烟,正面,未知
202401013679,#贯彻二十大辽宁在行动##振兴新突破辽宁杠杠滴//@文明西岗:##贯彻二十大辽宁在行动##振兴新突破辽宁杠杠滴#大连市开展控烟专项行动！ [大连市开展控烟专项行动！](http://t.cn/A6j6h7U1),content: #贯彻二十大辽宁在行动##振兴新突破辽宁杠杠滴//@文明西岗:##贯彻二十大辽宁在行动##振兴新突破辽宁杠杠滴#大连市开展控烟专项行动！ [大连市开展控烟专项行动！](http://t.cn/A6j6h7U1),微博,用户5511127324,2024-01-29 07:56:43,http://weibo.com/5511127324/NE2vprVDR,未知,控烟,中性,未知
202401013684,控烟监查员正在抽烟,content: 控烟监查员正在抽烟,微博,我不是黑我只是在暗中观察,2024-01-29 06:11:36,http://weibo.com/2696470234/NE1OKm8OR,未知,控烟,中性,未知
202401013415,#关晓彤[超话]##超话星愿池##为龙年添个新装扮#中国首支童声赈灾爱心公益歌曲演唱者、北电双状元、导演协会最佳女配、白玉兰最佳女配（白玉兰最年轻得奖者）、澳门电视节最佳女主角、国剧盛典最受欢迎女演员（最年轻获奖者）、中瑞文化交流使者、世卫总部演讲呼吁消除对艾滋病的歧视，世卫组织中国控烟倡导者……二十一岁的关晓彤,content: #关晓彤[超话]##超话星愿池##为龙年添个新装扮#中国首支童声赈灾爱心公益歌曲演唱者、北电双状元、导演协会最佳女配、白玉兰最佳女配（白玉兰最年轻得奖者）、澳门电视节最佳女主角、国剧盛典最受欢迎女演员（最年轻获奖者）、中瑞文化交流使者、世卫总部演讲呼吁消除对艾滋病的歧视，世卫组织中国控烟倡导者……二十一岁的关晓彤,微博,kids棠风栀彤夏,2024-01-28 23:21:09,http://weibo.com/7892020720/NDZ89oqIg,未知,控烟,正面,未知
202401013420,#贯彻二十大辽宁在行动# #振兴新突破辽宁杠杠滴//@文明西岗:##贯彻二十大辽宁在行动##振兴新突破辽宁杠杠滴#大连市开展控烟专项行动！ [大连市开展控烟专项行动！](http://t.cn/A6j6h7U1),content: #贯彻二十大辽宁在行动# #振兴新突破辽宁杠杠滴//@文明西岗:##贯彻二十大辽宁在行动##振兴新突破辽宁杠杠滴#大连市开展控烟专项行动！ [大连市开展控烟专项行动！](http://t.cn/A6j6h7U1),微博,用户7764607849,2024-01-28 22:01:23,http://weibo.com/7764607849/NDYBM90dV,未知,控烟,中性,未知
202401013425,咖啡馆11@TFBOYS-易烊千玺 曾经作为中国优秀青年代表参加雅加达亚运会闭幕式，他还是首位长城守护者，是世界卫生组织健康特使，中国控烟倡导者，17岁设立易烊千玺爱心基金，个人捐款150万资助童伴计划活动覆盖十个项目村，是我们的正能量偶像,content: 咖啡馆11@TFBOYS-易烊千玺 曾经作为中国优秀青年代表参加雅加达亚运会闭幕式，他还是首位长城守护者，是世界卫生组织健康特使，中国控烟倡导者，17岁设立易烊千玺爱心基金，个人捐款150万资助童伴计划活动覆盖十个项目村，是我们的正能量偶像,微博,柒筱玺,2024-01-28 20:10:28,https://weibo.com/6049625854/NDNBstoyQ,未知,控烟,正面,未知
202401013431,11@TFBOYS-易烊千玺 曾经作为中国优秀青年代表参加雅加达亚运会闭幕式，他还是首位长城守护者，是世界卫生组织健康特使，中国控烟倡导者，17岁设立易烊千玺爱心基金，个人捐款150万资助童伴计划活动覆盖十个项目村，是我们的正能量偶像,content: 11@TFBOYS-易烊千玺 曾经作为中国优秀青年代表参加雅加达亚运会闭幕式，他还是首位长城守护者，是世界卫生组织健康特使，中国控烟倡导者，17岁设立易烊千玺爱心基金，个人捐款150万资助童伴计划活动覆盖十个项目村，是我们的正能量偶像,微博,柒筱玺,2024-01-28 20:08:33,https://weibo.com/7646043242/NDMi17t8t,未知,控烟,正面,未知
202401013441,转发微博//@王继勇胸外科医生:【东亚人群不吸烟的肺癌，发生率越来越高？】 在前不久中国抗癌协会的肿瘤学大会上，特别提出了一个对于吸烟、不吸烟引起肺癌的相关性问题。 我们发现：在东亚人群（包括中国人）中，不吸烟的这部分人相比欧美人而言，患肺癌的概率风险高了五倍。 吸烟有害健康，1980年起，美国就开始比较严格的控制吸烟率，到了2000年以后，他们的控烟措施越来越严，基本上不存在有关烟草的广告，但在中国情况完全不同。80年代的中国肺癌患者相对较少，2000年以后，肺癌成为全世界发病率、死亡率最高的疾病类型，而在我们东亚人群（包括中国、韩国、日本），发现即使是不抽烟的人，肺癌的发病率仍非常高。 目前，80%的人都不吸烟。对于吸烟的人而言，东亚人存在一个奇怪的现象：东亚吸烟的人肺癌的发病率相对欧美的较低。吸烟是引起肺癌的最高危因素，但是在我们中国，尤其是这几年便已开始将不吸烟的40岁以上的人列为高危人群。中国在上海、广州、成都进行的一些体检也都证实了这一点：即不吸烟的肺癌患者仍是很多。所以我们必须警惕，40岁以上的人体检时就要开始进行胸部CT检查。#肺癌##微博健康公开课##戒烟##烟# [王继勇胸外科医生的微博视频](http://t.cn/A6joryWC),content: 转发微博//@王继勇胸外科医生:【东亚人群不吸烟的肺癌，发生率越来越高？】 在前不久中国抗癌协会的肿瘤学大会上，特别提出了一个对于吸烟、不吸烟引起肺癌的相关性问题。 我们发现：在东亚人群（包括中国人）中，不吸烟的这部分人相比欧美人而言，患肺癌的概率风险高了五倍。 吸烟有害健康，1980年起，美国就开始比较严格的控制吸烟率，到了2000年以后，他们的控烟措施越来越严，基本上不存在有关烟草的广告，但在中国情况完全不同。80年代的中国肺癌患者相对较少，2000年以后，肺癌成为全世界发病率、死亡率最高的疾病类型，而在我们东亚人群（包括中国、韩国、日本），发现即使是不抽烟的人，肺癌的发病率仍非常高。 目前，80%的人都不吸烟。对于吸烟的人而言，东亚人存在一个奇怪的现象：东亚吸烟的人肺癌的发病率相对欧美的较低。吸烟是引起肺癌的最高危因素，但是在我们中国，尤其是这几年便已开始将不吸烟的40岁以上的人列为高危人群。中国在上海、广州、成都进行的一些体检也都证实了这一点：即不吸烟的肺癌患者仍是很多。所以我们必须警惕，40岁以上的人体检时就要开始进行胸部CT检查。#肺癌##微博健康公开课##戒烟##烟# [王继勇胸外科医生的微博视频](http://t.cn/A6joryWC),微博,遥望璀璨星空,2024-01-28 17:42:00,http://weibo.com/5534744735/NDWUuaAJp,未知,控烟、戒烟,正面,未知
202401013446,那一年我控烟十个月也可以说戒烟十个月，相当成功，结果是其间偶而每天吸上三两支，当时觉得自己还行，其实我的戒烟成了笑话，想戒就一根不抽才是王道！！！！！！ http://t.cn/A6j9rS0M,content: 那一年我控烟十个月也可以说戒烟十个月，相当成功，结果是其间偶而每天吸上三两支，当时觉得自己还行，其实我的戒烟成了笑话，想戒就一根不抽才是王道！！！！！！ http://t.cn/A6j9rS0M,微博,徐晓虹1967,2024-01-28 17:30:51,http://weibo.com/1980942125/NDWPXgqwh,未知,控烟、戒烟,正面,未知
202401013453,"转发微博//@人民日报:【周知！#三手烟对儿童危害比你想象严重#】#三手烟是什么#？“三手烟”是指吸烟者“吞云吐雾”后残留在衣物、墙壁、地毯、窗帘、皮革、家具，甚至头发和皮肤等表面的烟草烟残留物。“三手烟”容易被忽略、危害时间长、对儿童的危害尤甚。怎样避免“三手烟”危害？详戳文章了解↓↓↓ [“三手烟”危害竟然这么大！](http://t.cn/A6N44zDC) 许多人意识到“一手烟”和“二手烟”的危害 于是抽烟时会特意避开孩子和孕妇 在家烟瘾犯了就去楼道或阳台吸烟 但是你知道吗？ 只要你还在抽烟 另一种更可怕的污染方式——“三手烟” 就会悄悄危害家人和孩子的身体！ “三手烟”是什么？ “三手烟”是指吸烟者“吞云吐雾”后残留在衣物、墙壁、地毯、窗帘、皮革、家具，甚至头发和皮肤等表面的烟草烟残留物，是目前危害最为广泛的室内空气污染。残留物中含有尼古丁、致癌物、重金属、放射性物质等有害物质。 “三手烟”为什么危害大？ 一是容易被忽略。二手烟能躲，但三手烟难防。看到有人吸烟，我们能躲开，但是遭受三手烟的危害往往是不自知的，通过呼吸、皮肤进行吸收，很容易被忽略。 二是危害时间长。二手烟中的有害成分被吸附在物品表面，形成“三手烟”, 时间可长达数月，想要彻底去除非常困难。 三是对儿童的危害尤甚。因儿童尤其是婴幼儿容易在地上爬或接触各种被污染的物体，抓到东西往嘴里塞。 怎样避免“三手烟”危害？ - 唯一有效避免三手烟的做法，就是不在室内和车内吸烟。 - 外出尽量选择“禁止吸烟”的餐厅和其他室内场所，降低接触烟草的几率。 - 鼓励吸烟的家人戒烟。 中国疾控中心健康传播中心 供稿 中国疾控中心控烟办 审核","content: 转发微博//@人民日报:【周知！#三手烟对儿童危害比你想象严重#】#三手烟是什么#？“三手烟”是指吸烟者“吞云吐雾”后残留在衣物、墙壁、地毯、窗帘、皮革、家具，甚至头发和皮肤等表面的烟草烟残留物。“三手烟”容易被忽略、危害时间长、对儿童的危害尤甚。怎样避免“三手烟”危害？详戳文章了解↓↓↓ [“三手烟”危害竟然这么大！](http://t.cn/A6N44zDC) 许多人意识到“一手烟”和“二手烟”的危害 于是抽烟时会特意避开孩子和孕妇 在家烟瘾犯了就去楼道或阳台吸烟 但是你知道吗？ 只要你还在抽烟 另一种更可怕的污染方式——“三手烟” 就会悄悄危害家人和孩子的身体！ “三手烟”是什么？ “三手烟”是指吸烟者“吞云吐雾”后残留在衣物、墙壁、地毯、窗帘、皮革、家具，甚至头发和皮肤等表面的烟草烟残留物，是目前危害最为广泛的室内空气污染。残留物中含有尼古丁、致癌物、重金属、放射性物质等有害物质。 “三手烟”为什么危害大？ 一是容易被忽略。二手烟能躲，但三手烟难防。看到有人吸烟，我们能躲开，但是遭受三手烟的危害往往是不自知的，通过呼吸、皮肤进行吸收，很容易被忽略。 二是危害时间长。二手烟中的有害成分被吸附在物品表面，形成“三手烟”, 时间可长达数月，想要彻底去除非常困难。 三是对儿童的危害尤甚。因儿童尤其是婴幼儿容易在地上爬或接触各种被污染的物体，抓到东西往嘴里塞。 怎样避免“三手烟”危害？ - 唯一有效避免三手烟的做法，就是不在室内和车内吸烟。 - 外出尽量选择“禁止吸烟”的餐厅和其他室内场所，降低接触烟草的几率。 - 鼓励吸烟的家人戒烟。 中国疾控中心健康传播中心 供稿 中国疾控中心控烟办 审核",微博,北京国丹白癜风医院,2024-01-28 17:11:42,http://weibo.com/2307815647/NDWIbslsS,未知,戒烟、控烟,正面,未知
202401013458,无烟佳节 与爱同行 不吸烟、不敬烟、不劝烟 主动做控烟宣传者和倡导者 健健康康过佳节！,content: 无烟佳节 与爱同行 不吸烟、不敬烟、不劝烟 主动做控烟宣传者和倡导者 健健康康过佳节！,微博,西安城墙,2024-01-28 16:45:00,http://weibo.com/2010009041/NDWxlxzZv,未知,控烟,中性,未知
202401013462,汕尾市控烟倡议书 http://t.cn/A6j9YmRH,content: 汕尾市控烟倡议书 http://t.cn/A6j9YmRH,微博,汕尾传媒网,2024-01-28 15:58:39,http://weibo.com/6029259685/NDWex5oPF,未知,控烟,中性,未知
202401013485,转发微博//@北京12320在聆听:吞云吐雾间的慢性自杀#北京12320控烟在行动# [北京12320在聆听的微博视频](http://t.cn/A6jSBigN),content: 转发微博//@北京12320在聆听:吞云吐雾间的慢性自杀#北京12320控烟在行动# [北京12320在聆听的微博视频](http://t.cn/A6jSBigN),微博,北京怀柔庙城健康教育,2024-01-28 10:57:23,http://weibo.com/2435044141/NDUgfwaXF,未知,控烟,中性,未知
202401013491,#吴兴动态# 【无烟佳节 与爱同行】为引导公众践行文明、健康、绿色、环保的生活方式，营造良好的控烟氛围，近日，月河街道二里桥社区妇联联合人口家庭协会开展了以“无烟佳节　与爱同行”为主题的健康宣传活动。http://t.cn/A6joC7ls（记者：杨瑶）,content: #吴兴动态# 【无烟佳节 与爱同行】为引导公众践行文明、健康、绿色、环保的生活方式，营造良好的控烟氛围，近日，月河街道二里桥社区妇联联合人口家庭协会开展了以“无烟佳节 与爱同行”为主题的健康宣传活动。http://t.cn/A6joC7ls（记者：杨瑶）,微博,爱上吴兴,2024-01-28 09:00:00,http://weibo.com/2392596980/NDTuBrWIE,未知,控烟,正面,未知
202401013496,5@TFBOYS-易烊千玺 曾经作为中国优秀青年代表参加雅加达亚运会闭幕式，他还是首位长城守护者，是世界卫生组织健康特使，中国控烟倡导者，17岁设立易烊千玺爱心基金，个人捐款150万资助童伴计划活动覆盖十个项目村，是我们的正能量偶像,content: 5@TFBOYS-易烊千玺 曾经作为中国优秀青年代表参加雅加达亚运会闭幕式，他还是首位长城守护者，是世界卫生组织健康特使，中国控烟倡导者，17岁设立易烊千玺爱心基金，个人捐款150万资助童伴计划活动覆盖十个项目村，是我们的正能量偶像,微博,安乐敏儿,2024-01-28 08:26:30,https://weibo.com/7772888174/NDLaQcgcE,未知,控烟,正面,未知
202401013338,【东亚人群不吸烟的肺癌，发生率越来越高？】 在前不久中国抗癌协会的肿瘤学大会上，特别提出了一个对于吸烟、不吸烟引起肺癌的相关性问题。 我们发现：在东亚人群（包括中国人）中，不吸烟的这部分人相比欧美人而言，患肺癌的概率风险高了五倍。 吸烟有害健康，1980年起，美国就开始比较严格的控制吸烟率，到了2000年以后，他们的控烟措施越来越严，基本上不存在有关烟草的广告，但在中国情况完全不同。80年代的中国肺癌患者相对较少，2000年以后，肺癌成为全世界发病率、死亡率最高的疾病类型，而在我们东亚人群（包括中国、韩国、日本），发现即使是不抽烟的人，肺癌的发病率仍非常高。 目前，80%的人都不吸烟。对于吸烟的人而言，东亚人存在一个奇怪的现象：东亚吸烟的人肺癌的发病率相对欧美的较低。吸烟是引起肺癌的最高危因素，但是在我们中国，尤其是这几年便已开始将不吸烟的40岁以上的人列为高危人群。中国在上海、广州、成都进行的一些体检也都证实了这一点：即不吸烟的肺癌患者仍是很多。所以我们必须警惕，40岁以上的人体检时就要开始进行胸部CT检查。#肺癌##微博健康公开课##戒烟##烟# [王继勇胸外科医生的微博视频](http://t.cn/A6joryWC),content: 【东亚人群不吸烟的肺癌，发生率越来越高？】 在前不久中国抗癌协会的肿瘤学大会上，特别提出了一个对于吸烟、不吸烟引起肺癌的相关性问题。 我们发现：在东亚人群（包括中国人）中，不吸烟的这部分人相比欧美人而言，患肺癌的概率风险高了五倍。 吸烟有害健康，1980年起，美国就开始比较严格的控制吸烟率，到了2000年以后，他们的控烟措施越来越严，基本上不存在有关烟草的广告，但在中国情况完全不同。80年代的中国肺癌患者相对较少，2000年以后，肺癌成为全世界发病率、死亡率最高的疾病类型，而在我们东亚人群（包括中国、韩国、日本），发现即使是不抽烟的人，肺癌的发病率仍非常高。 目前，80%的人都不吸烟。对于吸烟的人而言，东亚人存在一个奇怪的现象：东亚吸烟的人肺癌的发病率相对欧美的较低。吸烟是引起肺癌的最高危因素，但是在我们中国，尤其是这几年便已开始将不吸烟的40岁以上的人列为高危人群。中国在上海、广州、成都进行的一些体检也都证实了这一点：即不吸烟的肺癌患者仍是很多。所以我们必须警惕，40岁以上的人体检时就要开始进行胸部CT检查。#肺癌##微博健康公开课##戒烟##烟# [王继勇胸外科医生的微博视频](http://t.cn/A6joryWC),微博,王继勇胸外科医生,2024-01-27 22:26:44,http://weibo.com/2655255882/NDPlyvAe7,未知,控烟、戒烟,正面,未知
202401013343,控烟人人有责，让西安、更文明，让生活更美好。无烟佳节 与爱同行,content: 控烟人人有责，让西安、更文明，让生活更美好。无烟佳节 与爱同行,微博,西安城墙,2024-01-27 21:49:00,http://weibo.com/2010009041/NDP6fhNF2,未知,控烟,正面,未知
202401013349,【宜昌体育场路社区：无烟佳节 与爱同行】1月26日，宜昌市西陵区云集街道卫健办体育场路社区公共委员会联合云集社区卫生服务中心、白龙井社区卫生服务站，开展“无烟佳节 与爱同行”禁烟控烟义诊活动。现场，志愿者通过悬挂横幅、发放控烟宣传资料及宣传品、开展禁烟控烟义诊服务等多种形式，向群众广泛传播吸烟及二手烟危害知识，提倡过节“不吸烟、不敬烟、不送烟”健康生活理念。（三峡商报全媒记者王康权 通讯员王欣玲）,content: 【宜昌体育场路社区：无烟佳节 与爱同行】1月26日，宜昌市西陵区云集街道卫健办体育场路社区公共委员会联合云集社区卫生服务中心、白龙井社区卫生服务站，开展“无烟佳节 与爱同行”禁烟控烟义诊活动。现场，志愿者通过悬挂横幅、发放控烟宣传资料及宣传品、开展禁烟控烟义诊服务等多种形式，向群众广泛传播吸烟及二手烟危害知识，提倡过节“不吸烟、不敬烟、不送烟”健康生活理念。（三峡商报全媒记者王康权 通讯员王欣玲）,微博,三峡商报,2024-01-27 21:48:11,http://weibo.com/2108053230/NDP5UzuUN,未知,控烟,正面,未知
202401013359,📢现在戒烟也不晚❗❗❗ 📖尼瑞克戒烟（控烟）保健贴——0焦油不燃烧，缓释渗透不经心肺， 24小时持久释放有效成分，采用世界卫生组织推荐的科学戒烟法，拒绝烟瘾拒绝身体负担🔸🔶,content: 📢现在戒烟也不晚❗❗❗ 📖尼瑞克戒烟（控烟）保健贴——0焦油不燃烧，缓释渗透不经心肺， 24小时持久释放有效成分，采用世界卫生组织推荐的科学戒烟法，拒绝烟瘾拒绝身体负担🔸🔶,微博,梁向辉,2024-01-27 17:22:48,http://weibo.com/2479844347/NDNmc0Q2y,未知,戒烟、控烟,正面,未知
202401013368,#控烟也需要举国之力# 中国各省份18岁以上男女吸烟率。为什么港澳台的男女抽烟比例，和附近的省份都相反？,content: #控烟也需要举国之力# 中国各省份18岁以上男女吸烟率。为什么港澳台的男女抽烟比例，和附近的省份都相反？,微博,罗百竹,2024-01-27 14:03:33,http://weibo.com/1990821721/NDM3jFBBK,未知,控烟,中性,未知
202401013371,"吸烟有害健康@古铜色的皮 @什么都是特大号XL @医小慧陪诊师陈老师 @半生归离 @用户7894389667//@书写阳光sunny:#谈癌论健##医悦汇[超话]#吸烟危害人体健康，烟草烟雾威胁室内外环境。我国吸烟人数超过3亿，被动吸烟的人数高达5.4亿,每年吸烟相关疾病导致100万人失去生命。烟草种植、生产、使用及所产生的垃圾会对环境造成危害，我国每年吸烟排放的二氧化碳达3386万吨，烟草烟雾是室内PM2.5的主要来源。烟草危害成为全球共识。控烟是全球公认的、针对单一危险因素进行预防控制的最有效措施，控烟行动是健康中国行动中干预健康影响因素的重要行动之一。","content: 吸烟有害健康@古铜色的皮 @什么都是特大号XL @医小慧陪诊师陈老师 @半生归离 @用户7894389667//@书写阳光sunny:#谈癌论健##医悦汇[超话]#吸烟危害人体健康，烟草烟雾威胁室内外环境。我国吸烟人数超过3亿，被动吸烟的人数高达5.4亿,每年吸烟相关疾病导致100万人失去生命。烟草种植、生产、使用及所产生的垃圾会对环境造成危害，我国每年吸烟排放的二氧化碳达3386万吨，烟草烟雾是室内PM2.5的主要来源。烟草危害成为全球共识。控烟是全球公认的、针对单一危险因素进行预防控制的最有效措施，控烟行动是健康中国行动中干预健康影响因素的重要行动之一。",微博,王小布1233,2024-01-27 13:33:56,http://weibo.com/7337794778/NDLRioyTh,未知,控烟,正面,未知
202401013377,吞云吐雾间的慢性自杀#北京12320控烟在行动# [北京12320在聆听的微博视频](http://t.cn/A6jSBigN),content: 吞云吐雾间的慢性自杀#北京12320控烟在行动# [北京12320在聆听的微博视频](http://t.cn/A6jSBigN),微博,北京12320在聆听,2024-01-27 13:30:00,http://weibo.com/2659630681/NDLPHiyZp,未知,控烟,中性,未知
202401013382,【倡议书】新和县“无烟佳节”全民控烟倡议书网页链接 ,content: 【倡议书】新和县“无烟佳节”全民控烟倡议书网页链接,微博,新和县融媒体中心,2024-01-27 12:39:14,http://weibo.com/7434818150/NDLv63ViP,未知,控烟,中性,未知
202401013387,#美好辽宁欢迎您##网红打卡地辽宁杠杠滴//@文明西岗:##贯彻二十大辽宁在行动##振兴新突破辽宁杠杠滴#大连市开展控烟专项行动！ [大连市开展控烟专项行动！](http://t.cn/A6j6h7U1),content: #美好辽宁欢迎您##网红打卡地辽宁杠杠滴//@文明西岗:##贯彻二十大辽宁在行动##振兴新突破辽宁杠杠滴#大连市开展控烟专项行动！ [大连市开展控烟专项行动！](http://t.cn/A6j6h7U1),微博,大连gg,2024-01-27 12:32:39,http://weibo.com/5935654322/NDLsqAf7Y,未知,控烟,正面,未知
202401013392,『【控烟宣传】无烟佳节，与爱同行』[【控烟宣传】无烟佳节，与爱同行](http://t.cn/A6jSTps7),content: 『【控烟宣传】无烟佳节，与爱同行』[【控烟宣传】无烟佳节，与爱同行](http://t.cn/A6jSTps7),微博,灵武文化旅游广电局,2024-01-27 11:56:18,http://weibo.com/2128722881/NDLdFoFVv,未知,控烟,中性,未知
202401013400,控烟在行动，宝山这个镇多措并举打造无烟环境,content: 控烟在行动，宝山这个镇多措并举打造无烟环境,微博,上海宝山发布,2024-01-27 11:00:00,http://weibo.com/2719969734/NDKQOmLZW,未知,控烟,中性,未知
202401013406,发布了头条文章：《寿光市水利局组织开展乡村文化旅游节“无烟佳节与爱同行”志愿服务活》 [寿光市水利局组织开展乡村文化旅游节“无烟佳节与爱同行”志愿服务活](http://t.cn/A6jSa6xX) 春节来临之际，为大力弘扬无烟过春节文化，引导群众养成文明健康绿色环保的生活方式。1月26日，寿光市水利局组织工作人员到洛城街道清河紫云台、屯田社区开展“无烟佳节与爱同行”志愿服务活动。 工作人员在紫云台小区、屯田大集发放戒烟宣传手册，向群众讲解吸烟的危害及戒烟的好处。用通俗易懂的语言提醒群众为了自己和家人的健康少吸烟、不吸烟，现场群众也积极参与到控烟行动中来，并表示会劝阻身边的亲朋好友控烟戒烟。 下一步，寿光市水利局将继续组织开展禁烟宣传活动，加大普及控烟禁烟知识，增强群众的绿色健康意识，共同营造“无烟春节”。,content: 发布了头条文章：《寿光市水利局组织开展乡村文化旅游节“无烟佳节与爱同行”志愿服务活》 [寿光市水利局组织开展乡村文化旅游节“无烟佳节与爱同行”志愿服务活](http://t.cn/A6jSa6xX) 春节来临之际，为大力弘扬无烟过春节文化，引导群众养成文明健康绿色环保的生活方式。1月26日，寿光市水利局组织工作人员到洛城街道清河紫云台、屯田社区开展“无烟佳节与爱同行”志愿服务活动。 工作人员在紫云台小区、屯田大集发放戒烟宣传手册，向群众讲解吸烟的危害及戒烟的好处。用通俗易懂的语言提醒群众为了自己和家人的健康少吸烟、不吸烟，现场群众也积极参与到控烟行动中来，并表示会劝阻身边的亲朋好友控烟戒烟。 下一步，寿光市水利局将继续组织开展禁烟宣传活动，加大普及控烟禁烟知识，增强群众的绿色健康意识，共同营造“无烟春节”。,微博,寿光市融媒体中心,2024-01-27 09:36:42,http://weibo.com/5907970062/NDKj0aJep,未知,戒烟、控烟、控烟戒烟,正面,未知
202401013411,转发微博//@北京大兴瀛海健康教育:【控烟公益宣传片】《我的爸爸不爱我》——无烟佳节，与爱同行 [北京大兴瀛海健康教育的微博视频](http://t.cn/A6jf5bfB),content: 转发微博//@北京大兴瀛海健康教育:【控烟公益宣传片】《我的爸爸不爱我》——无烟佳节，与爱同行 [北京大兴瀛海健康教育的微博视频](http://t.cn/A6jf5bfB),微博,西安城南客运站官微,2024-01-27 08:54:45,http://weibo.com/6136693171/NDK1YuKgs,未知,控烟,中性,未知
202401013143,转发微博//@木屋屋屋:中国1/5的世界人口，占了1/3的吸烟人口，中国的肺癌患者是世界上第2名到第30名所有国家的总和。在香烟发明之前肺癌是个罕见病。随着美国50年代的控烟政策，美国的肺癌发病率有非常明显的下降。,content: 转发微博//@木屋屋屋:中国1/5的世界人口，占了1/3的吸烟人口，中国的肺癌患者是世界上第2名到第30名所有国家的总和。在香烟发明之前肺癌是个罕见病。随着美国50年代的控烟政策，美国的肺癌发病率有非常明显的下降。,微博,长风几wan里,2024-01-26 22:11:16,http://weibo.com/7889291611/NDFOMEJpG,未知,控烟,正面,未知
202401013149,转发微博//@京虎子:美国CDC根据2005年-2009年的数据，发现美国肺癌发病率快速下降，尤其是男子和35-44岁人群，原因只有一个：控烟！中国哪？[睡觉],content: 转发微博//@京虎子:美国CDC根据2005年-2009年的数据，发现美国肺癌发病率快速下降，尤其是男子和35-44岁人群，原因只有一个：控烟！中国哪？[睡觉],微博,长风几wan里,2024-01-26 22:10:51,http://weibo.com/7889291611/NDFOCh3tu,未知,控烟,负面,未知
202401013154,望周知，//@白衣山猫:#山猫科普# 美国，2014年比1990年，死于肺癌的男性减少了45%，女性减少了19%！原因就是控烟得力。美国从60年代开始推动控烟政策。50多年来，美国成人吸烟率，从42.4%降至16.8%！ 韩国禁烟令越来越严厉了。从今年开始，韩国人在家里吸烟也将被禁止，邻居举报就会被追究。在韩国，能合法吸烟的地方，可能只剩下乡村的田埂上了吧。 全世界1/3肺癌患者在中国，就因为1/3的烟民在中国！ 中国是全世界吸烟人数最多的国家，禁烟进程才刚刚开始，落后了整整50年。 年轻人吸烟比例减少，但顽固老烟枪依然很多；一线城市公共场合吸烟人数减少，但二三四线城市依然随处冒烟。 很多人问，吸烟危害如此之大，控烟效果如此之好，我希望政府能出台更严厉的控烟政策！,content: 望周知，//@白衣山猫:#山猫科普# 美国，2014年比1990年，死于肺癌的男性减少了45%，女性减少了19%！原因就是控烟得力。美国从60年代开始推动控烟政策。50多年来，美国成人吸烟率，从42.4%降至16.8%！ 韩国禁烟令越来越严厉了。从今年开始，韩国人在家里吸烟也将被禁止，邻居举报就会被追究。在韩国，能合法吸烟的地方，可能只剩下乡村的田埂上了吧。 全世界1/3肺癌患者在中国，就因为1/3的烟民在中国！ 中国是全世界吸烟人数最多的国家，禁烟进程才刚刚开始，落后了整整50年。 年轻人吸烟比例减少，但顽固老烟枪依然很多；一线城市公共场合吸烟人数减少，但二三四线城市依然随处冒烟。 很多人问，吸烟危害如此之大，控烟效果如此之好，我希望政府能出台更严厉的控烟政策！,微博,长风几wan里,2024-01-26 22:07:37,http://weibo.com/7889291611/NDFNj5WIQ,未知,控烟,正面,未知
202401013159,说实话，中国控烟力度真的一言难尽。,content: 说实话，中国控烟力度真的一言难尽。,微博,长风几wan里,2024-01-26 22:04:40,http://weibo.com/7889291611/NDFM6zFxa,未知,控烟,中性,未知
202401013170,【湖南省政协委员瞿启云：进一步加大校园全面禁烟力度】 2014年、2021年教育部先后印发了《关于在全国各级各类学校禁烟有关事项的通知》、颁布了《未成年人学校保护规定》，2019年国家8部门联合印发了《关于进一步加强青少年控烟工作的通知》，要求各地各部门要履行好部门职责，合力推进校园内禁烟禁酒工作。今年湖南省两会期间，湖南省政协委员，郴州思科职业学院董事长瞿启云提交了《关于进一步加大校园全面禁烟力度的提案》。 他建议，全社会要大力宣传“吸烟有害健康”的知识，强化青少年对自身健康的保护意识。同时要建立相应的法规，加大惩戒力度，严厉查处校园内和校园周边向学生销售烟草制品和学生校园吸烟行为。他建议教育行政部门要制定相关条例，让学校对学生校园内吸烟行为进行相应处分有章可循，同时将无烟学校建设列入对学校办学考核与视导的重要内容之一。此外，他呼吁家长以身作则，为学生健康成长营造一个良好的环境。 记者：刘畅 编审：王承永、果夫、楚雄,content: 【湖南省政协委员瞿启云：进一步加大校园全面禁烟力度】 2014年、2021年教育部先后印发了《关于在全国各级各类学校禁烟有关事项的通知》、颁布了《未成年人学校保护规定》，2019年国家8部门联合印发了《关于进一步加强青少年控烟工作的通知》，要求各地各部门要履行好部门职责，合力推进校园内禁烟禁酒工作。今年湖南省两会期间，湖南省政协委员，郴州思科职业学院董事长瞿启云提交了《关于进一步加大校园全面禁烟力度的提案》。 他建议，全社会要大力宣传“吸烟有害健康”的知识，强化青少年对自身健康的保护意识。同时要建立相应的法规，加大惩戒力度，严厉查处校园内和校园周边向学生销售烟草制品和学生校园吸烟行为。他建议教育行政部门要制定相关条例，让学校对学生校园内吸烟行为进行相应处分有章可循，同时将无烟学校建设列入对学校办学考核与视导的重要内容之一。此外，他呼吁家长以身作则，为学生健康成长营造一个良好的环境。 记者：刘畅 编审：王承永、果夫、楚雄,微博,湖南电台,2024-01-26 20:18:02,http://weibo.com/1907083277/NDF4PgeEg,未知,控烟,正面,未知
202401013187,发布了头条文章：《无烟佳节 与爱同行！桓台县兴华社区开展控烟禁烟主题活动》 [无烟佳节 与爱同行！桓台县兴华社区开展控烟禁烟主题活动](http://t.cn/A6jac4Oa),content: 发布了头条文章：《无烟佳节 与爱同行！桓台县兴华社区开展控烟禁烟主题活动》 [无烟佳节 与爱同行！桓台县兴华社区开展控烟禁烟主题活动](http://t.cn/A6jac4Oa),微博,桓台卫生健康,2024-01-26 16:59:21,http://weibo.com/1277229710/NDDMb3Ysb,未知,控烟,正面,未知
202401013192,转发微博//@青羊共青团:#无烟佳节 与爱同行#《过年送礼不送烟 健康快乐过大年》控烟宣传 [西城区德胜社区卫生服务中心的微博视频](http://t.cn/A6j5Kr89),content: 转发微博//@青羊共青团:#无烟佳节 与爱同行#《过年送礼不送烟 健康快乐过大年》控烟宣传 [西城区德胜社区卫生服务中心的微博视频](http://t.cn/A6j5Kr89),微博,鹿窥林,2024-01-26 16:18:51,http://weibo.com/7026609788/NDDvJATH6,未知,控烟,正面,未知
202401013201,二手烟对冠心病患者的危害//@北京12320在聆听:【二手烟对冠心病患者的危害】#北京12320控烟在行动# 吸烟是冠心病发生的主要危险因素，我国流行病学调查显示，大量吸烟与非吸烟患者相比冠心病发生率高26倍以上。吸入二手烟同样有害，二手烟对被动吸烟者的危害一点也不比主动吸烟者轻，特别是对患有心血管疾病的人的危害尤其严重。二手烟烟雾中含有一氧化碳，二手烟烟雾中的一氧化碳能与血红蛋白结合，会大大阻碍血红蛋白与氧气的结合。导致人体缺氧，引发心肌梗塞，这对心脑血管疾病患者来说，无疑是雪上加霜。二手烟雾中尼古丁的危害。二手烟雾中的尼古丁进入人体后，会导致人体血管收缩，会使心跳加快、血压上升，还能导致血液黏稠。患有心肌梗塞，高血脂、高血压等的患者病情更加容易恶化。二手烟中的几种成份能引起严重的心血管中毒，扰乱心脏、血液及血管系统正常功能，增加心血管事件发生的风险。二手烟暴露也能加重心脏病发作的程度，并增加复发和死亡风险。平常要多注意吃富含维生素的蔬菜水果、提供充足的高质量蛋白质，注意适量运动，来抵抗二手烟的危害。同时倡导大家远离吸烟源，给自己营造一个舒适的环境。（来源：首都医科大学附属北京朝阳医院）,content: 二手烟对冠心病患者的危害//@北京12320在聆听:【二手烟对冠心病患者的危害】#北京12320控烟在行动# 吸烟是冠心病发生的主要危险因素，我国流行病学调查显示，大量吸烟与非吸烟患者相比冠心病发生率高26倍以上。吸入二手烟同样有害，二手烟对被动吸烟者的危害一点也不比主动吸烟者轻，特别是对患有心血管疾病的人的危害尤其严重。二手烟烟雾中含有一氧化碳，二手烟烟雾中的一氧化碳能与血红蛋白结合，会大大阻碍血红蛋白与氧气的结合。导致人体缺氧，引发心肌梗塞，这对心脑血管疾病患者来说，无疑是雪上加霜。二手烟雾中尼古丁的危害。二手烟雾中的尼古丁进入人体后，会导致人体血管收缩，会使心跳加快、血压上升，还能导致血液黏稠。患有心肌梗塞，高血脂、高血压等的患者病情更加容易恶化。二手烟中的几种成份能引起严重的心血管中毒，扰乱心脏、血液及血管系统正常功能，增加心血管事件发生的风险。二手烟暴露也能加重心脏病发作的程度，并增加复发和死亡风险。平常要多注意吃富含维生素的蔬菜水果、提供充足的高质量蛋白质，注意适量运动，来抵抗二手烟的危害。同时倡导大家远离吸烟源，给自己营造一个舒适的环境。（来源：首都医科大学附属北京朝阳医院）,微博,高唐县疾病预防控制中心,2024-01-26 16:03:06,http://weibo.com/3924780966/NDDpluuVV,未知,控烟,正面,未知
202401013206,2024无烟佳节 与爱同行为进一步推动控烟工作的开展，引导居民践行文明健康绿色环保生活方式，营造春节、元宵节期间无烟氛围，苹果园社区卫生服务中心于1月26日开展“无烟佳节 与爱同行”为主题的控烟活动。医务人员们在候诊大厅为就诊居民开展咨询活动。活动重点宣传长期吸烟会引起口臭、皮肤变差、导致慢性呼吸系统疾病、免疫力下降等危害；讲解戒烟的好处及方法。通过悬挂条幅、电视播放，以及微信、微博等新媒体，广泛开展控烟健康教育，大力弘扬无烟健康过节文化，倡导过节不吸烟、不敬烟、不送烟，“对二手烟说不”，共度无烟健康佳节。苹果园中心根据实际情况为居民提供简短戒烟干预、戒烟门诊等多种形式的戒烟服务。为有戒烟意愿的群众建立戒烟档案，提供免费戒烟咨询，提高戒烟成功率，实现居民戒烟服务“零”距离。通过此次活动，使社区居民了解了吸烟的危害、戒烟的益处，尤其掌握了戒烟的技巧，有利于劝阻患者或他人戒烟。大家纷纷表示要过一个健康的无烟节日。                           苹果园社区卫生服务中心                                  侯玉环                             2024年1月26日,content: 2024无烟佳节 与爱同行为进一步推动控烟工作的开展，引导居民践行文明健康绿色环保生活方式，营造春节、元宵节期间无烟氛围，苹果园社区卫生服务中心于1月26日开展“无烟佳节 与爱同行”为主题的控烟活动。医务人员们在候诊大厅为就诊居民开展咨询活动。活动重点宣传长期吸烟会引起口臭、皮肤变差、导致慢性呼吸系统疾病、免疫力下降等危害；讲解戒烟的好处及方法。通过悬挂条幅、电视播放，以及微信、微博等新媒体，广泛开展控烟健康教育，大力弘扬无烟健康过节文化，倡导过节不吸烟、不敬烟、不送烟，“对二手烟说不”，共度无烟健康佳节。苹果园中心根据实际情况为居民提供简短戒烟干预、戒烟门诊等多种形式的戒烟服务。为有戒烟意愿的群众建立戒烟档案，提供免费戒烟咨询，提高戒烟成功率，实现居民戒烟服务“零”距离。通过此次活动，使社区居民了解了吸烟的危害、戒烟的益处，尤其掌握了戒烟的技巧，有利于劝阻患者或他人戒烟。大家纷纷表示要过一个健康的无烟节日。 苹果园社区卫生服务中心 侯玉环 2024年1月26日,微博,石景山区苹果园社区卫生服务中心,2024-01-26 15:23:34,http://weibo.com/6186797320/NDD9j9GWV,未知,控烟、戒烟,正面,未知
202401013216,无烟佳节 与爱同行 春节即将来临 为大力弘扬无烟健康过节文化 城墙君温馨提示 走亲访友、聚会聚餐 不吸烟、不敬烟、不劝烟 主动做控烟宣传者和倡导者 健健康康过佳节！,content: 无烟佳节 与爱同行 春节即将来临 为大力弘扬无烟健康过节文化 城墙君温馨提示 走亲访友、聚会聚餐 不吸烟、不敬烟、不劝烟 主动做控烟宣传者和倡导者 健健康康过佳节！,微博,西安城墙,2024-01-26 14:42:00,http://weibo.com/2010009041/NDCSqwEZP,未知,控烟,正面,未知
202401013230,转发微博//@人民网西藏频道:【西藏日喀则市江孜县江孜镇东郊村：无烟村的新追求】“您已进入无烟村，村内所有区域都不能吸烟，请自觉遵守。”走进西藏自治区日喀则市江孜县江孜镇东郊村，一块醒目的标志牌映入眼帘。举目四顾，村里绿草如茵、道路整洁、干净祥和。控烟禁烟是东郊村这个全国文明村镇建设的重要成果之一。#全国文明城市[超话]# 过去村里开会，会议室内烟雾弥漫，村民们没有节制地吸烟，既有损身体健康，也是一笔不小的经济开支。几年前，村里决定开展戒烟控烟行动，党员干部带头戒烟，并召开村民大会推广戒烟控烟行动。通过村两委和村民互相监督，只用了一年时间，全村吸烟现象就基本杜绝了。 如今，村民对文明健康生活的需求越来越强烈，引导大家民主管理村务，逐渐改善村风，又成了东郊村的努力方向。借助新时代文明实践中心，东郊村着力培育文明乡风、良好家风、淳朴民风，有力激发了乡村文化活力。#全国文明村镇创建巡礼西藏篇# [人民网西藏频道的微博视频](http://t.cn/A6l19pFK),content: 转发微博//@人民网西藏频道:【西藏日喀则市江孜县江孜镇东郊村：无烟村的新追求】“您已进入无烟村，村内所有区域都不能吸烟，请自觉遵守。”走进西藏自治区日喀则市江孜县江孜镇东郊村，一块醒目的标志牌映入眼帘。举目四顾，村里绿草如茵、道路整洁、干净祥和。控烟禁烟是东郊村这个全国文明村镇建设的重要成果之一。#全国文明城市[超话]# 过去村里开会，会议室内烟雾弥漫，村民们没有节制地吸烟，既有损身体健康，也是一笔不小的经济开支。几年前，村里决定开展戒烟控烟行动，党员干部带头戒烟，并召开村民大会推广戒烟控烟行动。通过村两委和村民互相监督，只用了一年时间，全村吸烟现象就基本杜绝了。 如今，村民对文明健康生活的需求越来越强烈，引导大家民主管理村务，逐渐改善村风，又成了东郊村的努力方向。借助新时代文明实践中心，东郊村着力培育文明乡风、良好家风、淳朴民风，有力激发了乡村文化活力。#全国文明村镇创建巡礼西藏篇# [人民网西藏频道的微博视频](http://t.cn/A6l19pFK),微博,水酒小丸子,2024-01-26 12:19:07,http://weibo.com/6265473253/NDBWr9YmJ,未知,控烟、戒烟控烟、戒烟,正面,未知
202401013234,#杨浦news# #小杨带你看新闻# 【营造无烟环境，杨浦这里开展控烟宣传活动】为了促进共同创建无烟杨浦，推动健康上海的发展，1月24日，杨浦区卫生健康促进中心结合“医路护航·医共享”区域化党建项目，联合区中心医院、区疾控中心、区卫监所等多家单位，在五角场下沉式广场开展了一场以“无烟佳节·与爱同行”为主题的控烟宣传活动。,content: #杨浦news# #小杨带你看新闻# 【营造无烟环境，杨浦这里开展控烟宣传活动】为了促进共同创建无烟杨浦，推动健康上海的发展，1月24日，杨浦区卫生健康促进中心结合“医路护航·医共享”区域化党建项目，联合区中心医院、区疾控中心、区卫监所等多家单位，在五角场下沉式广场开展了一场以“无烟佳节·与爱同行”为主题的控烟宣传活动。,微博,上海杨浦,2024-01-26 12:10:00,http://weibo.com/1989143312/NDBSJp9o7,未知,控烟,正面,未知
202401013239,零焦油 不燃烧 更安全👀👀 24小时持久释放，缓释渗透不经心肺🔸🔶 尼瑞克戒烟（控烟）保健贴🉑采用世界卫生组织推荐的戒烟方法 ❤❤❤,content: 零焦油 不燃烧 更安全👀👀 24小时持久释放，缓释渗透不经心肺🔸🔶 尼瑞克戒烟（控烟）保健贴🉑采用世界卫生组织推荐的戒烟方法 ❤❤❤,微博,梁向辉,2024-01-26 11:57:27,http://weibo.com/2479844347/NDBNDu2jQ,未知,戒烟、控烟,正面,未知
202401013247,关注//@莱芜发布:发布了头条文章：《莱芜区疾控中心党总支组织入党积极分子开展“莱疾控”志愿服务活动》 [莱芜区疾控中心党总支组织入党积极分子开展“莱疾控”志愿服务活动](http://t.cn/A6j61WTg) 1月24日下午，莱芜区疾病预防控制中心党总支组织入党积极分子到党员“双报到”联系点孟花园社区开展“莱疾控”志愿服务活动，进行艾滋病防治、麻风病防治、控烟健康宣传活动。 活动现场，通过悬挂条幅、摆放展板、现场咨询、发放宣传折页及宣传用品等方式开展宣传。志愿者们向广大居民讲解如何正确了解艾滋病、艾滋病的传播途径以及预防性病的措施；麻风病的传播途径、主要表现、流行情况、危害及预防措施；宣传吸烟的危害、戒烟的益处以及如何科学戒烟等常识。本次活动共发放宣传折页及宣传用品1900余份，解答群众咨询300余人，提高了公众健康意识和自我保护能力，消除了公众心理障碍，对居民的家庭和睦、社区的和谐发展与推进社区艾滋病防治、麻风病防治、控烟宣传工作起到了积极的促进作用。 通过此次活动的开展，进一步坚定了入党积极分子的理想信念，提高了党性觉悟，增强了政治意识。入党积极分子们纷纷表示，在今后的工作中，将切实践行入党承诺，积极参与党员志愿服务活动，按时完成党组织交付的各项任务，进一步增强服务意识，发扬我党的优良传统，为民做事，多做实事，争取早日成为一名合格的中共党员。（莱芜融媒记者：王月伶）,content: 关注//@莱芜发布:发布了头条文章：《莱芜区疾控中心党总支组织入党积极分子开展“莱疾控”志愿服务活动》 [莱芜区疾控中心党总支组织入党积极分子开展“莱疾控”志愿服务活动](http://t.cn/A6j61WTg) 1月24日下午，莱芜区疾病预防控制中心党总支组织入党积极分子到党员“双报到”联系点孟花园社区开展“莱疾控”志愿服务活动，进行艾滋病防治、麻风病防治、控烟健康宣传活动。 活动现场，通过悬挂条幅、摆放展板、现场咨询、发放宣传折页及宣传用品等方式开展宣传。志愿者们向广大居民讲解如何正确了解艾滋病、艾滋病的传播途径以及预防性病的措施；麻风病的传播途径、主要表现、流行情况、危害及预防措施；宣传吸烟的危害、戒烟的益处以及如何科学戒烟等常识。本次活动共发放宣传折页及宣传用品1900余份，解答群众咨询300余人，提高了公众健康意识和自我保护能力，消除了公众心理障碍，对居民的家庭和睦、社区的和谐发展与推进社区艾滋病防治、麻风病防治、控烟宣传工作起到了积极的促进作用。 通过此次活动的开展，进一步坚定了入党积极分子的理想信念，提高了党性觉悟，增强了政治意识。入党积极分子们纷纷表示，在今后的工作中，将切实践行入党承诺，积极参与党员志愿服务活动，按时完成党组织交付的各项任务，进一步增强服务意识，发扬我党的优良传统，为民做事，多做实事，争取早日成为一名合格的中共党员。（莱芜融媒记者：王月伶）,微博,用户7856297653,2024-01-26 11:28:42,http://weibo.com/7856297653/NDBBYtdPc,未知,控烟、戒烟,正面,未知
202401013251,#控烟# [北京市仁和医院健康教育的微博视频](http://t.cn/A6jX9Prw),content: #控烟# [北京市仁和医院健康教育的微博视频](http://t.cn/A6jX9Prw),微博,北京市仁和医院健康教育,2024-01-26 10:42:39,http://weibo.com/5395135832/NDBjh6vbd,未知,控烟,中性,未知
202401013255,#控烟# [北京市仁和医院健康教育的微博视频](http://t.cn/A6jXKkjd),content: #控烟# [北京市仁和医院健康教育的微博视频](http://t.cn/A6jXKkjd),微博,北京市仁和医院健康教育,2024-01-26 10:42:09,http://weibo.com/5395135832/NDBj4wOEA,未知,控烟,中性,未知
202401013260,无烟家园人人爱 控烟示范向未来 [北京朝阳六里屯健康教育的微博视频](http://t.cn/A6jXotAR),content: 无烟家园人人爱 控烟示范向未来 [北京朝阳六里屯健康教育的微博视频](http://t.cn/A6jXotAR),微博,北京朝阳六里屯健康教育,2024-01-26 10:28:40,http://weibo.com/3462263180/NDBdBjpB1,未知,控烟,中性,未知
202401013264,无烟佳节 与爱同行”控烟倡议书 广大市民朋友们： 在新春佳节即将来临之际，为引导广大居民践行文明健康、绿色环保的生活方式，减少烟草危害，共同营造节日健康无烟良好环境，现倡议如下： 1.广大市民自觉遵守公共场所禁止吸烟的规定，带头不吸烟，对吸烟行为及时进行劝阻，争做保护无烟环境的模范市民。 2.党政机关人员、医务人员、教师等率先垂范，严格遵守禁烟相关规定。在全区商场、超市、医院、学校、市场、车站等公共场所实行全面禁烟，做好禁止吸烟宣传教育工作，设置醒目的禁止吸烟警语和标志，落实控烟责任，推进无烟环境创建。 3.大力传播吸烟有害健康和公共场所不吸烟理念，提高防控烟草危害意识和能力，积极宣传不吸烟是文明行为，不让别人吸二手烟是社会道德行为，形成全社会参与公共场所禁烟工作的良好氛围。 4.过年不吸烟，健康过佳节，节假日期间走亲访友、亲朋聚会自觉做到不送烟、不敬烟，营造健康的节日氛围。 让我们共同行动起来，从自身做起、从现在做起，追求文明健康、绿色环保的生活方式，过节不吸烟、不敬烟、不送烟，“对二手烟说不”，共度无烟健康佳节。 东湖区爱国卫生运动委员会办公室 2024年1月24日,content: 无烟佳节 与爱同行”控烟倡议书 广大市民朋友们： 在新春佳节即将来临之际，为引导广大居民践行文明健康、绿色环保的生活方式，减少烟草危害，共同营造节日健康无烟良好环境，现倡议如下： 1.广大市民自觉遵守公共场所禁止吸烟的规定，带头不吸烟，对吸烟行为及时进行劝阻，争做保护无烟环境的模范市民。 2.党政机关人员、医务人员、教师等率先垂范，严格遵守禁烟相关规定。在全区商场、超市、医院、学校、市场、车站等公共场所实行全面禁烟，做好禁止吸烟宣传教育工作，设置醒目的禁止吸烟警语和标志，落实控烟责任，推进无烟环境创建。 3.大力传播吸烟有害健康和公共场所不吸烟理念，提高防控烟草危害意识和能力，积极宣传不吸烟是文明行为，不让别人吸二手烟是社会道德行为，形成全社会参与公共场所禁烟工作的良好氛围。 4.过年不吸烟，健康过佳节，节假日期间走亲访友、亲朋聚会自觉做到不送烟、不敬烟，营造健康的节日氛围。 让我们共同行动起来，从自身做起、从现在做起，追求文明健康、绿色环保的生活方式，过节不吸烟、不敬烟、不送烟，“对二手烟说不”，共度无烟健康佳节。 东湖区爱国卫生运动委员会办公室 2024年1月24日,微博,南昌东湖区发布,2024-01-26 10:17:40,http://weibo.com/2673596461/NDB98qNOd,未知,控烟,正面,未知
202401013268,#贯彻二十大辽宁在行动##振兴新突破辽宁杠杠滴# //@文明西岗:#贯彻二十大辽宁在行动##振兴新突破辽宁杠杠滴#大连市开展控烟专项行动！ http://t.cn/A6j6h7U1 ​​​,content: #贯彻二十大辽宁在行动##振兴新突破辽宁杠杠滴# //@文明西岗:#贯彻二十大辽宁在行动##振兴新突破辽宁杠杠滴#大连市开展控烟专项行动！ http://t.cn/A6j6h7U1 ​​​,微博,不想报表的sc,2024-01-26 09:36:52,http://weibo.com/5362803036/NDASzrPMM,未知,控烟,中性,未知
202401013276,控烟广告——我的爸爸不爱我#控烟# [北京12320在聆听的微博视频](http://t.cn/A6j6Puaa),content: 控烟广告——我的爸爸不爱我#控烟# [北京12320在聆听的微博视频](http://t.cn/A6j6Puaa),微博,西安文旅之声,2024-01-26 09:09:51,http://weibo.com/2061858797/NDAHBBFe2,未知,控烟,正面,未知
202401013280,#贯彻二十大辽宁在行动##振兴新突破辽宁杠杠滴#大连市开展控烟专项行动！ [大连市开展控烟专项行动！](http://t.cn/A6j6h7U1),content: #贯彻二十大辽宁在行动##振兴新突破辽宁杠杠滴#大连市开展控烟专项行动！ [大连市开展控烟专项行动！](http://t.cn/A6j6h7U1),微博,文明西岗,2024-01-26 09:09:04,http://weibo.com/3951506292/NDAHi9W7m,未知,控烟,中性,未知
202401013286,中国的控烟力度真的是一言难尽 微博还是21年的//@卫生健康委控烟传播活动:【微信控烟系列表情包正式上线】 烟草危害是当今世界最严重的公共卫生问题之一，2017年9月，“叼烟”表情包自新浪微博成为历史；2018年2月，腾讯QQ开除了“绿帽子大兵”表情；2021年2月，微信更新10年卷烟形象表情包，开始健康无烟新生活。 每天约13亿人次使用社交媒体，表情包的改动可将影响深入人心。 为此，由中国健康教育中心主办，北京、上海、广州、深圳等四地控烟协会协办，新媒体作为独家传播平台开展的表情包征集活动，收到共计580份作品，来自全国各地的优秀设计师们用热忱和创造力，贡献了精彩的设计。 本次大赛的作品已上传至微信表情商店，搜索 “控烟” 即可下载你喜欢的微信表情包，共享共建无烟环境，快和家人朋友一起下载使用吧！#无烟不只今天# [卫生健康委控烟传播活动的微博视频](http://t.cn/A6VCPycL),content: 中国的控烟力度真的是一言难尽 微博还是21年的//@卫生健康委控烟传播活动:【微信控烟系列表情包正式上线】 烟草危害是当今世界最严重的公共卫生问题之一，2017年9月，“叼烟”表情包自新浪微博成为历史；2018年2月，腾讯QQ开除了“绿帽子大兵”表情；2021年2月，微信更新10年卷烟形象表情包，开始健康无烟新生活。 每天约13亿人次使用社交媒体，表情包的改动可将影响深入人心。 为此，由中国健康教育中心主办，北京、上海、广州、深圳等四地控烟协会协办，新媒体作为独家传播平台开展的表情包征集活动，收到共计580份作品，来自全国各地的优秀设计师们用热忱和创造力，贡献了精彩的设计。 本次大赛的作品已上传至微信表情商店，搜索 “控烟” 即可下载你喜欢的微信表情包，共享共建无烟环境，快和家人朋友一起下载使用吧！#无烟不只今天# [卫生健康委控烟传播活动的微博视频](http://t.cn/A6VCPycL),微博,长风几wan里,2024-01-26 08:48:47,http://weibo.com/7889291611/NDAz48Mzh,未知,控烟,正面,未知
202401013292,#贯彻二十大辽宁在行动##振兴新突破辽宁杠杠滴# 大连市开展控烟专项行动！,content: #贯彻二十大辽宁在行动##振兴新突破辽宁杠杠滴# 大连市开展控烟专项行动！,微博,文明V中山,2024-01-26 08:48:30,http://weibo.com/1247858071/NDAyWiSwg,未知,控烟,中性,未知
202401013301,#振兴新突破辽宁杠杠滴# 【大连开展控烟专项行动】为进一步推动控烟工作深入开展，引导群众践行文明健康绿色环保生活方式，营造新春佳节无烟氛围，大连市爱卫办在全市组织开展“无烟佳节 与爱同行”专项行动，为市民欢度佳节提供健康环境。（素材来源于网络）#遇见更美大连#,content: #振兴新突破辽宁杠杠滴# 【大连开展控烟专项行动】为进一步推动控烟工作深入开展，引导群众践行文明健康绿色环保生活方式，营造新春佳节无烟氛围，大连市爱卫办在全市组织开展“无烟佳节 与爱同行”专项行动，为市民欢度佳节提供健康环境。（素材来源于网络）#遇见更美大连#,微博,滨城大连,2024-01-26 07:48:31,http://weibo.com/6476482639/NDAaBfkQF,未知,控烟,中性,未知
202401013306,[good][good]//@莱芜发布:发布了头条文章：《莱芜区疾病预防控制中心开展“无烟佳节与爱同行”活动》 [莱芜区疾病预防控制中心开展“无烟佳节与爱同行”活动](http://t.cn/A6j6rzlY) 1月24日下午，济南市莱芜区疾病预防控制中心在凤城街道孟花园社区万福小区开展“无烟佳节·与爱同行”暨“艾滋病防治进社区”的宣传活动。 活动现场，工作人员通过悬挂条幅、摆放展板、现场咨询、发放宣传折页及宣传用品等方式开展宣传。 通过“无烟家庭”“送烟就是送危害”“拒吸第一支烟，做无烟新一代”“早戒烟早受益”等有针对性的控烟宣传，向社区居民广泛科普了烟草危害，倡导“自己是健康的第一责任人”的理念，提倡大家过节不吸烟、不敬烟、不送烟，“对二手烟说不”，共度无烟健康佳节。 同时，大力宣传艾滋病防治知识，积极提高外出务工返乡人员及假期大学生等社区居民的艾滋病防治知识知晓率，使其增强自我防范意识，真正做到知“知艾防艾不恐艾”，不仅要关爱艾滋病人，也要做好自我防护，更要携手家人朋友共同参与全社会抗艾行动。 本次活动共发放宣传折页及宣传用品1600余份，解答群众咨询200余人，获得社区居民的一致好评。提高了居民对烟草危害和艾滋病的认识，引导居民养成健康文明的生活方式，共同营造一个无烟、健康、绿色、和谐的节日氛围。（莱芜融媒记者：王月伶）,content: [good][good]//@莱芜发布:发布了头条文章：《莱芜区疾病预防控制中心开展“无烟佳节与爱同行”活动》 [莱芜区疾病预防控制中心开展“无烟佳节与爱同行”活动](http://t.cn/A6j6rzlY) 1月24日下午，济南市莱芜区疾病预防控制中心在凤城街道孟花园社区万福小区开展“无烟佳节·与爱同行”暨“艾滋病防治进社区”的宣传活动。 活动现场，工作人员通过悬挂条幅、摆放展板、现场咨询、发放宣传折页及宣传用品等方式开展宣传。 通过“无烟家庭”“送烟就是送危害”“拒吸第一支烟，做无烟新一代”“早戒烟早受益”等有针对性的控烟宣传，向社区居民广泛科普了烟草危害，倡导“自己是健康的第一责任人”的理念，提倡大家过节不吸烟、不敬烟、不送烟，“对二手烟说不”，共度无烟健康佳节。 同时，大力宣传艾滋病防治知识，积极提高外出务工返乡人员及假期大学生等社区居民的艾滋病防治知识知晓率，使其增强自我防范意识，真正做到知“知艾防艾不恐艾”，不仅要关爱艾滋病人，也要做好自我防护，更要携手家人朋友共同参与全社会抗艾行动。 本次活动共发放宣传折页及宣传用品1600余份，解答群众咨询200余人，获得社区居民的一致好评。提高了居民对烟草危害和艾滋病的认识，引导居民养成健康文明的生活方式，共同营造一个无烟、健康、绿色、和谐的节日氛围。（莱芜融媒记者：王月伶）,微博,用户7856297653,2024-01-26 06:47:16,http://weibo.com/7856297653/NDzLJukGX,未知,戒烟、控烟,正面,未知
202401013311,控烟广告——我的爸爸不爱我#北京12320控烟在行动# [北京12320在聆听的微博视频](http://t.cn/A6j6Puaa)//@北京12320在聆听:控烟广告——我的爸爸不爱我#北京12320控烟在行动# [北京12320在聆听的微博视频](http://t.cn/A6j6Puaa),content: 控烟广告——我的爸爸不爱我#北京12320控烟在行动# [北京12320在聆听的微博视频](http://t.cn/A6j6Puaa)//@北京12320在聆听:控烟广告——我的爸爸不爱我#北京12320控烟在行动# [北京12320在聆听的微博视频](http://t.cn/A6j6Puaa),微博,北京市大兴区青云店镇中心卫生院,2024-01-26 06:31:23,http://weibo.com/3136823705/NDzFi1l4r,未知,控烟,正面,未知
202401013315,[太阳][心][鲜花]爱你//@北京健康教育刘秀荣:春节，亲朋聚会，总要送点什么，礼品千挑万选，带着关怀和关爱。日前，新探健康研究发展中心和北京健康教育协会联合召开 “过年送礼不送烟 健康快乐过大年”信息沟通会，控烟专家呼吁：把最好的礼物给家人，过年送礼不送烟，送烟等于送危害。你同意吗？支持吗？请扫码，传递关心传递爱,content: [太阳][心][鲜花]爱你//@北京健康教育刘秀荣:春节，亲朋聚会，总要送点什么，礼品千挑万选，带着关怀和关爱。日前，新探健康研究发展中心和北京健康教育协会联合召开 “过年送礼不送烟 健康快乐过大年”信息沟通会，控烟专家呼吁：把最好的礼物给家人，过年送礼不送烟，送烟等于送危害。你同意吗？支持吗？请扫码，传递关心传递爱,微博,饮食衍衍,2024-01-26 01:56:00,http://weibo.com/2749826683/NDxRvuFYo,未知,控烟,正面,未知
202401012985,"#谈癌论健##医悦汇[超话]#吸烟危害人体健康，烟草烟雾威胁室内外环境。我国吸烟人数超过3亿，被动吸烟的人数高达5.4亿,每年吸烟相关疾病导致100万人失去生命。烟草种植、生产、使用及所产生的垃圾会对环境造成危害，我国每年吸烟排放的二氧化碳达3386万吨，烟草烟雾是室内PM2.5的主要来源。烟草危害成为全球共识。控烟是全球公认的、针对单一危险因素进行预防控制的最有效措施，控烟行动是健康中国行动中干预健康影响因素的重要行动之一。","content: #谈癌论健##医悦汇[超话]#吸烟危害人体健康，烟草烟雾威胁室内外环境。我国吸烟人数超过3亿，被动吸烟的人数高达5.4亿,每年吸烟相关疾病导致100万人失去生命。烟草种植、生产、使用及所产生的垃圾会对环境造成危害，我国每年吸烟排放的二氧化碳达3386万吨，烟草烟雾是室内PM2.5的主要来源。烟草危害成为全球共识。控烟是全球公认的、针对单一危险因素进行预防控制的最有效措施，控烟行动是健康中国行动中干预健康影响因素的重要行动之一。",微博,书写阳光sunny,2024-01-25 23:24:49,http://weibo.com/7876702358/NDwS95tN5,未知,控烟,正面,未知
202401012994,【市数管局开展“无烟佳节 与爱同行”主题宣传活动】 新春佳节将至，为进一步推动控烟工作开展，引导群众践行文明健康绿色环保生活方式，弘扬无烟健康过节文化，1月25日，市数管局在市政务服务中心大厅开展“无烟佳节 与爱同行”主题宣传活动。 活动现场，志愿者通过悬挂宣传横幅、发放宣传折页、现场咨询讲解等方式，向来往办事群众宣传烟草对健康和环境的危害，引导群众积极关注控烟，主动参与控烟，摒弃过节敬烟送烟陋习，做控烟的支持者和践行者。 此次活动共计发放宣传折页80余份、春联40份，为40余名群众提供了咨询服务，进一步增强了群众的控烟意识，营造了春节期间不吸烟、不敬烟、不送烟的良好无烟佳节氛围。,content: 【市数管局开展“无烟佳节 与爱同行”主题宣传活动】 新春佳节将至，为进一步推动控烟工作开展，引导群众践行文明健康绿色环保生活方式，弘扬无烟健康过节文化，1月25日，市数管局在市政务服务中心大厅开展“无烟佳节 与爱同行”主题宣传活动。 活动现场，志愿者通过悬挂宣传横幅、发放宣传折页、现场咨询讲解等方式，向来往办事群众宣传烟草对健康和环境的危害，引导群众积极关注控烟，主动参与控烟，摒弃过节敬烟送烟陋习，做控烟的支持者和践行者。 此次活动共计发放宣传折页80余份、春联40份，为40余名群众提供了咨询服务，进一步增强了群众的控烟意识，营造了春节期间不吸烟、不敬烟、不送烟的良好无烟佳节氛围。,微博,六安市数据资源管理局发布,2024-01-25 19:07:59,http://weibo.com/6112841557/NDvbTqoKU,未知,控烟,正面,未知
202401013005,【控烟宣传】无烟佳节 与爱同行/烟草是人类健康的致命杀手。我国是世界上最大的烟草生产国和消费国，也是烟草最大的受害国，每年有超过100万人死于烟草导致的相关疾病。但是，由于公众对烟草危害的认识不够，在我国仍存在逢年过节相互递烟、送烟的社会风气。为营造无烟氛围，特向广大群众提出“健康过年，无烟佳节”的倡议：[无烟佳节 与爱同行](http://t.cn/A6jUGh2M),content: 【控烟宣传】无烟佳节 与爱同行/烟草是人类健康的致命杀手。我国是世界上最大的烟草生产国和消费国，也是烟草最大的受害国，每年有超过100万人死于烟草导致的相关疾病。但是，由于公众对烟草危害的认识不够，在我国仍存在逢年过节相互递烟、送烟的社会风气。为营造无烟氛围，特向广大群众提出“健康过年，无烟佳节”的倡议：[无烟佳节 与爱同行](http://t.cn/A6jUGh2M),微博,上林普法在线,2024-01-25 17:45:20,http://weibo.com/6368389273/NDuEllGlt,未知,控烟,中性,未知
202401013011,【控烟条例解读 戒烟是健康的开始】 远离烟草 崇尚健康 爱护环境 少一支灰色的烟 多一片蓝色的天[太阳] [成都东部新区综合执法局的微博视频](http://t.cn/A6j6S1A7),content: 【控烟条例解读 戒烟是健康的开始】 远离烟草 崇尚健康 爱护环境 少一支灰色的烟 多一片蓝色的天[太阳] [成都东部新区综合执法局的微博视频](http://t.cn/A6j6S1A7),微博,成都东部新区综合执法局,2024-01-25 16:50:19,http://weibo.com/7619888286/NDui18Vv2,未知,控烟、戒烟,正面,未知
202401013017,为进一步加大控烟宣传力度，提高机关干部职工对吸烟危害的认识，营造健康、无烟的工作环境，1月24日，汉中街道开展控烟进机关宣讲活动。 活动中，工作人员发放宣传折页、现场咨询等多形式，向广大干部职工宣传控烟的科学知识和国家对控烟工作的有关法规，倡导戒烟、控烟。,content: 为进一步加大控烟宣传力度，提高机关干部职工对吸烟危害的认识，营造健康、无烟的工作环境，1月24日，汉中街道开展控烟进机关宣讲活动。 活动中，工作人员发放宣传折页、现场咨询等多形式，向广大干部职工宣传控烟的科学知识和国家对控烟工作的有关法规，倡导戒烟、控烟。,微博,用户7865960921,2024-01-25 16:44:01,http://weibo.com/7865960921/NDufspQsY,未知,控烟、戒烟,正面,未知
202401013023,为创建良好的办公环境，预防控制疾病传播，保障公众身体健康，全面推进汉中街道办事处办公场所控烟工作，1月25日，我街全面开展禁烟宣传工作。,content: 为创建良好的办公环境，预防控制疾病传播，保障公众身体健康，全面推进汉中街道办事处办公场所控烟工作，1月25日，我街全面开展禁烟宣传工作。,微博,用户7865960921,2024-01-25 16:42:00,http://weibo.com/7865960921/NDueDtGbs,未知,控烟,正面,未知
202401013029,#文明大连//@大连发布:##贯彻二十大辽宁在行动##振兴新突破辽宁杠杠滴# 【大连市开展控烟专项行动！】引导干部不吸烟、主动戒烟，劝导家长不吸烟、主动戒烟，向吸烟患者提供免费戒烟咨询……为进一步推动控烟工作深入开展，引导群众践行文明健康绿色环保生活方式，营造新春佳节无烟氛围，大连市爱卫办在全市组织开展“无烟佳节 与爱同行”专项行动，为市民欢度佳节提供健康环境。（资料：市爱卫办）[大连市开展控烟专项行动！](http://t.cn/A6j6h7U1),content: #文明大连//@大连发布:##贯彻二十大辽宁在行动##振兴新突破辽宁杠杠滴# 【大连市开展控烟专项行动！】引导干部不吸烟、主动戒烟，劝导家长不吸烟、主动戒烟，向吸烟患者提供免费戒烟咨询……为进一步推动控烟工作深入开展，引导群众践行文明健康绿色环保生活方式，营造新春佳节无烟氛围，大连市爱卫办在全市组织开展“无烟佳节 与爱同行”专项行动，为市民欢度佳节提供健康环境。（资料：市爱卫办）[大连市开展控烟专项行动！](http://t.cn/A6j6h7U1),微博,文明大连,2024-01-25 16:05:48,http://weibo.com/1713436155/NDtZWEzgb,未知,控烟、戒烟,中性,未知
202401013039,贴阿可韦之后感觉戒烟好简单啊！就直接贴手臂上 能控烟24消失！每天贴 越贴越不想抽烟 绝了 [太开心] #日常##戒烟#,content: 贴阿可韦之后感觉戒烟好简单啊！就直接贴手臂上 能控烟24消失！每天贴 越贴越不想抽烟 绝了 [太开心] #日常##戒烟#,微博,一枚脑洞大开的路人甲,2024-01-25 15:31:20,http://weibo.com/7781616138/NDtLXk7HR,未知,戒烟、控烟,正面,未知
202401013045,#平安东城#【要年味，不要烟味！东城持续开展室内控烟执法检查】春节将至，亲朋好友聚会增多。为进一步推动控烟工作，东城区持续加大对商务楼宇、商场超市、餐饮单位、宾馆酒店等室内公共场所的控烟执法检查力度，确保公共场所无烟环境得到有效维护。[要年味，不要烟味！东城持续开展室内控烟执法检查](http://t.cn/A6j6xcXm),content: #平安东城#【要年味，不要烟味！东城持续开展室内控烟执法检查】春节将至，亲朋好友聚会增多。为进一步推动控烟工作，东城区持续加大对商务楼宇、商场超市、餐饮单位、宾馆酒店等室内公共场所的控烟执法检查力度，确保公共场所无烟环境得到有效维护。[要年味，不要烟味！东城持续开展室内控烟执法检查](http://t.cn/A6j6xcXm),微博,北京东城,2024-01-25 15:30:12,http://weibo.com/2590506110/NDtLv1z9w,未知,控烟,正面,未知
202401013050,#贯彻二十大辽宁在行动##振兴新突破辽宁杠杠滴# 【大连市开展控烟专项行动！】引导干部不吸烟、主动戒烟，劝导家长不吸烟、主动戒烟，向吸烟患者提供免费戒烟咨询……为进一步推动控烟工作深入开展，引导群众践行文明健康绿色环保生活方式，营造新春佳节无烟氛围，大连市爱卫办在全市组织开展“无烟佳,content: #贯彻二十大辽宁在行动##振兴新突破辽宁杠杠滴# 【大连市开展控烟专项行动！】引导干部不吸烟、主动戒烟，劝导家长不吸烟、主动戒烟，向吸烟患者提供免费戒烟咨询……为进一步推动控烟工作深入开展，引导群众践行文明健康绿色环保生活方式，营造新春佳节无烟氛围，大连市爱卫办在全市组织开展“无烟佳,微博,大连发布,2024-01-25 15:03:00,http://weibo.com/6396634787/NDtAsccYh,未知,控烟、戒烟,中性,未知
202401013054,德胜中心开展“无烟佳节 与爱同行”主题宣传活动 为进一步推动控烟工作开展，引导群众践行文明健康绿色环保生活方式，营造“两节”期间无烟氛围，提高公众对烟草危害的认知，德胜社区卫生服务中心于2024年春节前期，在中心门诊大厅内开展“无烟佳节 与爱同行”主题宣传活动。 活动中，中心门诊大厅内设立咨询台，摆放控烟宣传展板和宣传资料，中心健教宣传员向前来咨询的患者进行控烟宣传，详细讲解吸烟是导致肺癌的主要原因，全球三分之二以上肺癌死亡由吸烟所致。在家中或工作场所接触二手烟雾也会增加罹患肺癌的风险。戒烟可以降低肺癌风险：戒烟10年后，肺癌风险可降至吸烟者的一半左右。医务人员宣传控烟的同时还向居民发放了《吸烟的危害》《戒烟转盘》《慢性病知识》《中医养生》等多种宣传资料。 通过此次活动，进一步提高了辖区内居民的控烟意识，促使吸烟的居民从思想上认识到吸烟的危害，并通过培养兴趣、转移注意力等方式来达到戒烟的效果，活动受到了社区居民的一致好评。,content: 德胜中心开展“无烟佳节 与爱同行”主题宣传活动 为进一步推动控烟工作开展，引导群众践行文明健康绿色环保生活方式，营造“两节”期间无烟氛围，提高公众对烟草危害的认知，德胜社区卫生服务中心于2024年春节前期，在中心门诊大厅内开展“无烟佳节 与爱同行”主题宣传活动。 活动中，中心门诊大厅内设立咨询台，摆放控烟宣传展板和宣传资料，中心健教宣传员向前来咨询的患者进行控烟宣传，详细讲解吸烟是导致肺癌的主要原因，全球三分之二以上肺癌死亡由吸烟所致。在家中或工作场所接触二手烟雾也会增加罹患肺癌的风险。戒烟可以降低肺癌风险：戒烟10年后，肺癌风险可降至吸烟者的一半左右。医务人员宣传控烟的同时还向居民发放了《吸烟的危害》《戒烟转盘》《慢性病知识》《中医养生》等多种宣传资料。 通过此次活动，进一步提高了辖区内居民的控烟意识，促使吸烟的居民从思想上认识到吸烟的危害，并通过培养兴趣、转移注意力等方式来达到戒烟的效果，活动受到了社区居民的一致好评。,微博,西城区德胜社区卫生服务中心,2024-01-25 14:46:22,http://weibo.com/5132855088/NDttHEkOJ,未知,控烟、戒烟,正面,未知
202401013058,【控烟行动一起来 健康环境更多彩】你说，吸烟能激发创作的灵感；你说，吸烟提神助你加班熬夜；你说，吸烟放松帮你舒缓压力；你还说，唯有烟草才能拉近人与人之间的距离离......你为吸烟找了无数个理由，却唯独不愿意看到心爱的孩子尝试吸烟。你替烟草说了很多好话，是理由？还是借口？,content: 【控烟行动一起来 健康环境更多彩】你说，吸烟能激发创作的灵感；你说，吸烟提神助你加班熬夜；你说，吸烟放松帮你舒缓压力；你还说，唯有烟草才能拉近人与人之间的距离离......你为吸烟找了无数个理由，却唯独不愿意看到心爱的孩子尝试吸烟。你替烟草说了很多好话，是理由？还是借口？,微博,西安城墙,2024-01-25 14:40:00,http://weibo.com/2010009041/NDtr7qBhT,未知,控烟,中性,未知
202401013064,【控烟条例解读 戒烟是健康的开始】 远离烟草 崇尚健康 爱护环境 少一支灰色的烟 多一片蓝色的天[太阳] [成都东部新区综合执法局的微博视频](http://t.cn/A6j6cAEe),content: 【控烟条例解读 戒烟是健康的开始】 远离烟草 崇尚健康 爱护环境 少一支灰色的烟 多一片蓝色的天[太阳] [成都东部新区综合执法局的微博视频](http://t.cn/A6j6cAEe),微博,成都东部新区综合执法局,2024-01-25 14:38:27,http://weibo.com/7619888286/NDtquqjC9,未知,控烟、戒烟,正面,未知
202401013069,戒烟0125@A--Rita//@北京12320在聆听:控烟广告——我的爸爸不爱我#北京12320控烟在行动# [北京12320在聆听的微博视频](http://t.cn/A6j6Puaa),content: 戒烟0125@A--Rita//@北京12320在聆听:控烟广告——我的爸爸不爱我#北京12320控烟在行动# [北京12320在聆听的微博视频](http://t.cn/A6j6Puaa),微博,纳喇nala,2024-01-25 13:30:43,http://weibo.com/2143107305/NDsZ01vjI,未知,戒烟、控烟,正面,未知
202401013080,【宜昌朝阳路社区：无烟佳节 与爱同行】1月25日，宜昌市西陵区窑湾街道朝阳路社区公共卫生委员会成员集中入户开展无烟佳节、与爱同行控烟科普宣传活动，引导群众践行健康文明、绿色环保的生活方式。通过发放控烟宣传单，详细讲解吸烟和被动吸烟对人身体和环境的危害、烟草引起肺部疾病和戒烟对健康有益等知识，提醒辖区居民增强控烟戒烟意识，倡导居民“做自己健康的第一责任人”。通过开展无烟佳节，与爱同行等宣传活动，提高了居民对烟草危害的认识，共同营造健康的生活环境，共度无烟佳节。（通讯员程薇）,content: 【宜昌朝阳路社区：无烟佳节 与爱同行】1月25日，宜昌市西陵区窑湾街道朝阳路社区公共卫生委员会成员集中入户开展无烟佳节、与爱同行控烟科普宣传活动，引导群众践行健康文明、绿色环保的生活方式。通过发放控烟宣传单，详细讲解吸烟和被动吸烟对人身体和环境的危害、烟草引起肺部疾病和戒烟对健康有益等知识，提醒辖区居民增强控烟戒烟意识，倡导居民“做自己健康的第一责任人”。通过开展无烟佳节，与爱同行等宣传活动，提高了居民对烟草危害的认识，共同营造健康的生活环境，共度无烟佳节。（通讯员程薇）,微博,三峡商报,2024-01-25 11:27:15,http://weibo.com/2108053230/NDsaSBySY,未知,控烟、戒烟、控烟戒烟,正面,未知
202401013089,转发微博//@西安城墙:【控烟行动一起来 健康环境更多彩】戒烟吧！为了小朋友，为了家人，为了自身健康，请尽早戒烟！,content: 转发微博//@西安城墙:【控烟行动一起来 健康环境更多彩】戒烟吧！为了小朋友，为了家人，为了自身健康，请尽早戒烟！,微博,曲江池景区,2024-01-25 10:53:12,http://weibo.com/2152375394/NDrX3FUyI,未知,控烟、戒烟,正面,未知
202401013094,#“汴”好！2024# 杞县妇幼保健院开展“无烟佳节 与爱同行”主题宣传义诊活动 动控烟工作开展，引导群众践行文明健康绿色环保生活方式，营造春节期间健康、清洁、宜居的无烟环境。1月24日，杞县妇幼保健院院长倪倩带领我院医务人员在县文化广场开展了“无烟佳节 与爱同行”主题宣传义诊活动。副县长王新威、卫健委主任尚军参加活动。@文明开封 @文明河南 @中国文明网,content: #“汴”好！2024# 杞县妇幼保健院开展“无烟佳节 与爱同行”主题宣传义诊活动 动控烟工作开展，引导群众践行文明健康绿色环保生活方式，营造春节期间健康、清洁、宜居的无烟环境。1月24日，杞县妇幼保健院院长倪倩带领我院医务人员在县文化广场开展了“无烟佳节 与爱同行”主题宣传义诊活动。副县长王新威、卫健委主任尚军参加活动。@文明开封 @文明河南 @中国文明网,微博,杞县妇幼,2024-01-25 10:52:58,http://weibo.com/5310056105/NDrWY7wSl,未知,控烟,正面,未知
202401013100,无烟佳节，与爱同行！#控烟#,content: 无烟佳节，与爱同行！#控烟#,微博,昆明国家高新区发布,2024-01-25 09:23:23,http://weibo.com/3806438281/NDrmBxiys,未知,控烟,中性,未知
202401013111,#控烟# [北京市丰台区妇幼保健院的微博视频](http://t.cn/A6jiC09G),content: #控烟# [北京市丰台区妇幼保健院的微博视频](http://t.cn/A6jiC09G),微博,北京市丰台区妇幼保健院,2024-01-25 09:00:22,http://weibo.com/1841100431/NDrdgkc74,未知,控烟,中性,未知
202401013115,不在室内公共场所吸烟#控烟# [北京市丰台区妇幼保健院的微博视频](http://t.cn/A6jiCoer),content: 不在室内公共场所吸烟#控烟# [北京市丰台区妇幼保健院的微博视频](http://t.cn/A6jiCoer),微博,北京市丰台区妇幼保健院,2024-01-25 08:59:02,http://weibo.com/1841100431/NDrcJ1l3L,未知,控烟,中性,未知
202401013120,共建无烟环境 共享健康生活#控烟# [北京市丰台区妇幼保健院的微博视频](http://t.cn/A6jiC6Ys),content: 共建无烟环境 共享健康生活#控烟# [北京市丰台区妇幼保健院的微博视频](http://t.cn/A6jiC6Ys),微博,北京市丰台区妇幼保健院,2024-01-25 08:57:55,http://weibo.com/1841100431/NDrcgxwuf,未知,控烟,中性,未知
202401013124,//@北京安贞医院健康教育:转发微博//@北京12320在聆听:控烟广告——小朋友眼中的吸烟爸妈#北京12320控烟在行动# [北京12320在聆听的微博视频](http://t.cn/A6jMiWVI),content: //@北京安贞医院健康教育:转发微博//@北京12320在聆听:控烟广告——小朋友眼中的吸烟爸妈#北京12320控烟在行动# [北京12320在聆听的微博视频](http://t.cn/A6jMiWVI),微博,北京朝阳团结湖健康教育,2024-01-25 08:09:22,http://weibo.com/3501450201/NDqSz11e4,未知,控烟,正面,未知
202401013127,香港的香烟警示内容占包装面积的85%，这样非要明显的宣传了吸烟对健康的危害，使人对吸烟感到愧疚。 而国内的香烟，包装设计精美，警示内容几乎被忽略。在浙江请客吃饭，需常备几条高档香烟．．． 国内的烟民很多，吸烟对健康的损害是慢性的，往往被人忽视。后期的健康风险及对社会的影响往往也被忽略。 这样从包装入手的低成本但效果明显的控烟措施希望能得到相关部门的借鉴。,content: 香港的香烟警示内容占包装面积的85%，这样非要明显的宣传了吸烟对健康的危害，使人对吸烟感到愧疚。 而国内的香烟，包装设计精美，警示内容几乎被忽略。在浙江请客吃饭，需常备几条高档香烟．．． 国内的烟民很多，吸烟对健康的损害是慢性的，往往被人忽视。后期的健康风险及对社会的影响往往也被忽略。 这样从包装入手的低成本但效果明显的控烟措施希望能得到相关部门的借鉴。,微博,SZhenrytong,2024-01-25 07:17:41,http://weibo.com/3191446852/NDqxAiQDO,未知,控烟,正面,未知
202401013132,谁在公共场合抽烟还一身烟味我歧视谁，就歧视烟民怎么了，烟瘾大烟不离手很尊贵吗？//@半月谈:#谈谈有话说# 【普快列车咋就不能禁烟？】#绿皮火车该明文禁烟吗# 普快列车禁烟控烟，不应成为一件难事。 高铁、飞机的禁烟力度之大、惩罚措施之严，不必多说。即便在长途客车上，禁烟标志随处可见，也很少有乘客主动吸烟。在公交车上，吸烟更是难以想象，吸烟者脸皮再厚也难抵周围人怒目而视。与这些公共交通工具相比，普快列车并没有特别理由，可以成为禁烟控烟的治外之地。 普快列车禁烟控烟，是对公众健康的基本尊重，不是歧视烟民，而是因为二手烟的危害并不会根据主动吸烟或被动吸烟而变化，在吞云吐雾之间埋下了疾患的病根。 普快列车禁烟控烟引发热议的背后，是人们对更好生活品质的追求。当我们拥有更充裕的出行选择、更科学的健康追求时，那些不合时宜的言行举止就显得格外扎眼。不能因为这些言行举止曾长期存在，就想当然认为合理、合情、合规。 就让满身烟味的普快列车留在人们的记忆中吧！ [半月谈的微博视频](http://t.cn/A6GkFrxB),content: 谁在公共场合抽烟还一身烟味我歧视谁，就歧视烟民怎么了，烟瘾大烟不离手很尊贵吗？//@半月谈:#谈谈有话说# 【普快列车咋就不能禁烟？】#绿皮火车该明文禁烟吗# 普快列车禁烟控烟，不应成为一件难事。 高铁、飞机的禁烟力度之大、惩罚措施之严，不必多说。即便在长途客车上，禁烟标志随处可见，也很少有乘客主动吸烟。在公交车上，吸烟更是难以想象，吸烟者脸皮再厚也难抵周围人怒目而视。与这些公共交通工具相比，普快列车并没有特别理由，可以成为禁烟控烟的治外之地。 普快列车禁烟控烟，是对公众健康的基本尊重，不是歧视烟民，而是因为二手烟的危害并不会根据主动吸烟或被动吸烟而变化，在吞云吐雾之间埋下了疾患的病根。 普快列车禁烟控烟引发热议的背后，是人们对更好生活品质的追求。当我们拥有更充裕的出行选择、更科学的健康追求时，那些不合时宜的言行举止就显得格外扎眼。不能因为这些言行举止曾长期存在，就想当然认为合理、合情、合规。 就让满身烟味的普快列车留在人们的记忆中吧！ [半月谈的微博视频](http://t.cn/A6GkFrxB),微博,绿乌儿_,2024-01-25 04:01:33,http://weibo.com/5022428455/NDpfYnKDr,未知,控烟,中性,未知
202401012823,#健康素养提升V计划# 【控烟广告——小朋友眼中的吸烟爸妈】[北京12320在聆听的微博视频](http://t.cn/A6jMiWVI),content: #健康素养提升V计划# 【控烟广告——小朋友眼中的吸烟爸妈】[北京12320在聆听的微博视频](http://t.cn/A6jMiWVI),微博,西安市第四医院1889,2024-01-24 19:32:00,http://weibo.com/5176587048/NDlV9fEeT,未知,控烟,正面,未知
202401012829,#文明素养 伴你同行# 【西昌街社区：借力快递物流 助力文明创建】在党建引领城市社区治理现代化工作中，城区街道西昌街社区通过党建引领，做好禁毒宣传、全民反诈、垃圾分类、禁烟控烟等宣传工作，借力快递物流企业，与顺丰速运灵武站展开深入合作，助力文明城市创建工作的深入开展。[【幸福邻里】西昌街社区：借力快递物流 助力文明创建](http://t.cn/A6jJOevF),content: #文明素养 伴你同行# 【西昌街社区：借力快递物流 助力文明创建】在党建引领城市社区治理现代化工作中，城区街道西昌街社区通过党建引领，做好禁毒宣传、全民反诈、垃圾分类、禁烟控烟等宣传工作，借力快递物流企业，与顺丰速运灵武站展开深入合作，助力文明城市创建工作的深入开展。[【幸福邻里】西昌街社区：借力快递物流 助力文明创建](http://t.cn/A6jJOevF),微博,文明宁夏,2024-01-24 18:01:27,http://weibo.com/3794338980/NDlkoevKS,未知,控烟,正面,未知
202401012840,转发微博//@北京市丰台区妇幼保健院:戒烟之前请看这里#控烟#（视频来自北京市疾病预防控制中心） [北京市丰台区妇幼保健院的微博视频](http://t.cn/A6jIkq1n),content: 转发微博//@北京市丰台区妇幼保健院:戒烟之前请看这里#控烟#（视频来自北京市疾病预防控制中心） [北京市丰台区妇幼保健院的微博视频](http://t.cn/A6jIkq1n),微博,北京丰台医院,2024-01-24 16:16:25,http://weibo.com/2695950593/NDkDLcNdQ,未知,戒烟、控烟,中性,未知
202401012845,转发微博//@北京市丰台区妇幼保健院:无烟家园人人爱 控烟示范向未来#控烟#（视频来自北京市疾病预防控制中心） [北京市丰台区妇幼保健院的微博视频](http://t.cn/A6jxC8su),content: 转发微博//@北京市丰台区妇幼保健院:无烟家园人人爱 控烟示范向未来#控烟#（视频来自北京市疾病预防控制中心） [北京市丰台区妇幼保健院的微博视频](http://t.cn/A6jxC8su),微博,北京丰台医院,2024-01-24 16:15:32,http://weibo.com/2695950593/NDkDp4giN,未知,控烟,中性,未知
202401012849,#校园新鲜事# 2024年1月24日，西陵区常刘路社区组织辖区居民开展“无烟佳节 与爱同行”控烟主题活动，居民通过海报、视频等学习吸烟带来的危害，通过这次活动向居民提出“健康过年，无烟佳节”的倡议，不吸烟、主动戒烟，做控烟宣传者和倡导者。（通讯员黄继容）,content: #校园新鲜事# 2024年1月24日，西陵区常刘路社区组织辖区居民开展“无烟佳节 与爱同行”控烟主题活动，居民通过海报、视频等学习吸烟带来的危害，通过这次活动向居民提出“健康过年，无烟佳节”的倡议，不吸烟、主动戒烟，做控烟宣传者和倡导者。（通讯员黄继容）,微博,三峡日报,2024-01-24 15:58:14,http://weibo.com/2129452154/NDkwntDFW,未知,控烟、戒烟,正面,未知
202401012861,【控烟宣传丨无烟佳节，与爱同行】http://t.cn/A6jJi1JS,content: 【控烟宣传丨无烟佳节，与爱同行】http://t.cn/A6jJi1JS,微博,文明安顺开发区,2024-01-24 15:32:24,http://weibo.com/3495630685/NDklToIxw,未知,控烟,中性,未知
202401012871,#无烟佳节 与爱同行#《过年送礼不送烟 健康快乐过大年》控烟宣传 [西城区德胜社区卫生服务中心的微博视频](http://t.cn/A6j5Kr89),content: #无烟佳节 与爱同行#《过年送礼不送烟 健康快乐过大年》控烟宣传 [西城区德胜社区卫生服务中心的微博视频](http://t.cn/A6j5Kr89),微博,龙泉驿妇联,2024-01-24 14:53:00,http://weibo.com/2856574623/NDk5U4xbC,未知,控烟,正面,未知
202401012877,【控烟行动一起来 健康环境更多彩】戒烟吧！为了小朋友，为了家人，为了自身健康，请尽早戒烟！,content: 【控烟行动一起来 健康环境更多彩】戒烟吧！为了小朋友，为了家人，为了自身健康，请尽早戒烟！,微博,西安城墙,2024-01-24 14:37:00,http://weibo.com/2010009041/NDjZpeGuR,未知,控烟、戒烟,正面,未知
202401012888,#无烟佳节 与爱同行# 无烟更有爱，健康过佳节[心]一起来学习《成都市公共场所控制吸烟条例》吧～常态化控烟，健康每一天。,content: #无烟佳节 与爱同行# 无烟更有爱，健康过佳节[心]一起来学习《成都市公共场所控制吸烟条例》吧～常态化控烟，健康每一天。,微博,-蒲江共青团-,2024-01-24 11:03:58,http://weibo.com/2595165080/NDiAWbiyM,未知,控烟,中性,未知
202401012894,#无烟佳节# 【[话筒][话筒]动画解读：成都市公共场所控制吸烟条例】营造无烟环境，建设无烟成都，控烟人人有责[围观][围观][围观] [健康成都官微的微博视频](http://t.cn/A6pUCeey),content: #无烟佳节# 【[话筒][话筒]动画解读：成都市公共场所控制吸烟条例】营造无烟环境，建设无烟成都，控烟人人有责[围观][围观][围观] [健康成都官微的微博视频](http://t.cn/A6pUCeey),微博,-蒲江共青团-,2024-01-24 11:02:05,http://weibo.com/2595165080/NDiAb1iiH,未知,控烟,中性,未知
202401012900,转发微博//@温江区永宁街道社区卫生服务中心:无烟佳节 与爱同行 #控烟#,content: 转发微博//@温江区永宁街道社区卫生服务中心:无烟佳节 与爱同行 #控烟#,微博,郫都区第二人民医院,2024-01-24 10:43:41,http://weibo.com/3336899052/NDisHoCjc,未知,控烟,正面,未知
202401012913,【禁烟宣传丨吸烟有害健康，一图读懂吸烟是如何伤害我们的身体！】#控烟#“吸烟有害健康”都成了老生常谈，甚至被印在了烟盒上，烟民依旧没能放下手里的烟。小小一支烟，危害万万千，让我们一起努力创造无烟环境！一起来看吸烟究竟是怎么伤害你的身体的？→[禁烟宣传丨吸烟有害健康，一图读懂吸烟是如何伤害我们的身体！](http://t.cn/A6jxT4ef),content: 【禁烟宣传丨吸烟有害健康，一图读懂吸烟是如何伤害我们的身体！】#控烟#“吸烟有害健康”都成了老生常谈，甚至被印在了烟盒上，烟民依旧没能放下手里的烟。小小一支烟，危害万万千，让我们一起努力创造无烟环境！一起来看吸烟究竟是怎么伤害你的身体的？→[禁烟宣传丨吸烟有害健康，一图读懂吸烟是如何伤害我们的身体！](http://t.cn/A6jxT4ef),微博,青白江生态环境,2024-01-24 10:21:07,http://weibo.com/3515638435/NDijxrmdE,未知,控烟,正面,未知
202401012919,#天津东丽# 【举办知识竞赛 普及卫生知识】日前，东丽区冬春季传染病防控暨控烟百题知识竞赛在东丽区少年宫举办，为青少年普及卫生知识，提高自我防范意识和保护能力。 竞赛由区文明办、区卫健委、区教育局主办，经初赛选拔，华新小学、鉴开中学等16支代表队进入决赛。现场竞赛包括必答题、抢答题和风险题，题目内容涵盖被动吸烟危害、常见传染病种类、传染病传播及防控等知识。 小选手们凭借丰富的知识储备和沉着冷静的现场发挥，赢得观众阵阵掌声。最终滨瑕实验中学、新源小学分别荣获中、小学组冠军。#青少年普及卫生知识竞赛# #东丽区青少年传染病防控知识竞赛#,content: #天津东丽# 【举办知识竞赛 普及卫生知识】日前，东丽区冬春季传染病防控暨控烟百题知识竞赛在东丽区少年宫举办，为青少年普及卫生知识，提高自我防范意识和保护能力。 竞赛由区文明办、区卫健委、区教育局主办，经初赛选拔，华新小学、鉴开中学等16支代表队进入决赛。现场竞赛包括必答题、抢答题和风险题，题目内容涵盖被动吸烟危害、常见传染病种类、传染病传播及防控等知识。 小选手们凭借丰富的知识储备和沉着冷静的现场发挥，赢得观众阵阵掌声。最终滨瑕实验中学、新源小学分别荣获中、小学组冠军。#青少年普及卫生知识竞赛# #东丽区青少年传染病防控知识竞赛#,微博,东丽融媒,2024-01-24 09:51:00,http://weibo.com/2532822457/NDi7k1dOX,未知,控烟,正面,未知
202401012924,转发微博//@北京怀柔九渡河健康教育:控烟公益宣传片《我的爸爸不爱我》 [北京怀柔九渡河健康教育的微博视频](http://t.cn/A6j5Iniq),content: 转发微博//@北京怀柔九渡河健康教育:控烟公益宣传片《我的爸爸不爱我》 [北京怀柔九渡河健康教育的微博视频](http://t.cn/A6j5Iniq),微博,北京怀柔泉河健康教育,2024-01-24 09:34:29,http://weibo.com/1888616863/NDi0CbhcW,未知,控烟,中性,未知
202401012931,读报看到，有人将香港人长寿的原因总结为几点：控烟、坚持锻炼、清淡饮食、积德行善。这些都是自己可控的行为。至于，医疗条件、环境好坏等则是无法控制的。云南有不少长寿之乡，许多都是傣族长居之地，比如德宏盈江、临沧耿马、思茅孟连等。温暖湿润的气候，保存完好的原始森林，当地人与世无争的性格和虔诚的信仰，让这些地方成为了应许之地。,content: 读报看到，有人将香港人长寿的原因总结为几点：控烟、坚持锻炼、清淡饮食、积德行善。这些都是自己可控的行为。至于，医疗条件、环境好坏等则是无法控制的。云南有不少长寿之乡，许多都是傣族长居之地，比如德宏盈江、临沧耿马、思茅孟连等。温暖湿润的气候，保存完好的原始森林，当地人与世无争的性格和虔诚的信仰，让这些地方成为了应许之地。,微博,李紫璐,2024-01-24 09:26:54,http://weibo.com/1670627991/NDhXxmmjS,未知,控烟,正面,未知
202401012938,一大早的社死现场 微波炉加热冰冻烧卖 加热得冒烟 触发大厦内控烟雾报警器 大厦保安来了[裂开][裂开],content: 一大早的社死现场 微波炉加热冰冻烧卖 加热得冒烟 触发大厦内控烟雾报警器 大厦保安来了[裂开][裂开],微博,蜜罐只装蜂蜜,2024-01-24 09:23:03,http://weibo.com/2126381592/NDhVYmE4j,未知,控烟,负面,未知
202401012945,转发微博//@北京怀柔九渡河健康教育:控烟公益宣传片《小朋友眼中的吸烟爸妈》 [北京怀柔九渡河健康教育的微博视频](http://t.cn/A6jIFQL9),content: 转发微博//@北京怀柔九渡河健康教育:控烟公益宣传片《小朋友眼中的吸烟爸妈》 [北京怀柔九渡河健康教育的微博视频](http://t.cn/A6jIFQL9),微博,北京怀柔泉河健康教育,2024-01-24 09:20:05,http://weibo.com/1888616863/NDhULAYEA,未知,控烟,中性,未知
202401012957,融媒小课堂丨冬季控烟：无烟环境，健康生活，从说不可以开始 冬季气候寒冷，室内活动增多，公共场所吸烟行为也呈上升趋势，餐饮场所内部、办公楼洗手间和楼梯间、居民楼楼道或楼梯间、甚至烟民自己家中等地方都成为烟民们“一吐为快”的常见地点。这种行为不仅危害着吸烟者自身的健康、还威胁着受二手烟、三手烟影响的其他人的健康与安全。 [融媒小课堂丨冬季控烟：无烟环境，健康生活，从说不可以开始](http://t.cn/A6jx0o7x),content: 融媒小课堂丨冬季控烟：无烟环境，健康生活，从说不可以开始 冬季气候寒冷，室内活动增多，公共场所吸烟行为也呈上升趋势，餐饮场所内部、办公楼洗手间和楼梯间、居民楼楼道或楼梯间、甚至烟民自己家中等地方都成为烟民们“一吐为快”的常见地点。这种行为不仅危害着吸烟者自身的健康、还威胁着受二手烟、三手烟影响的其他人的健康与安全。 [融媒小课堂丨冬季控烟：无烟环境，健康生活，从说不可以开始](http://t.cn/A6jx0o7x),微博,乌审旗发布,2024-01-24 08:54:19,http://weibo.com/2369685303/NDhKjiwFl,未知,控烟,中性,未知
202401012961,无烟家园人人爱 控烟示范向未来#控烟# [北京市丰台区妇幼保健院的微博视频](http://t.cn/A6jxC8su),content: 无烟家园人人爱 控烟示范向未来#控烟# [北京市丰台区妇幼保健院的微博视频](http://t.cn/A6jxC8su),微博,北京市丰台区妇幼保健院,2024-01-24 08:09:05,http://weibo.com/1841100431/NDhrX8UzI,未知,控烟,中性,未知
202401012966,低焦油≠低危害#控烟#（视频来自北京市疾病预防控制中心） [北京市丰台区妇幼保健院的微博视频](http://t.cn/A6jxCODm),content: 低焦油≠低危害#控烟#（视频来自北京市疾病预防控制中心） [北京市丰台区妇幼保健院的微博视频](http://t.cn/A6jxCODm),微博,北京市丰台区妇幼保健院,2024-01-24 08:06:17,http://weibo.com/1841100431/NDhqOqZ83,未知,控烟,中性,未知
202401012970,会说话的小朋友[good]@好人花花_38935 @睿睿妈妈forever //@北京12320在聆听:控烟广告——小朋友眼中的吸烟爸妈#北京12320控烟在行动# http://t.cn/A6jMiWVI ​​​,content: 会说话的小朋友[good]@好人花花_38935 @睿睿妈妈forever //@北京12320在聆听:控烟广告——小朋友眼中的吸烟爸妈#北京12320控烟在行动# http://t.cn/A6jMiWVI ​​​,微博,建建5623681770,2024-01-24 07:39:19,http://weibo.com/5623681770/NDhfS1iCf,未知,控烟,正面,未知
202401012974,转发微博//@北京12320在聆听:控烟广告——小朋友眼中的吸烟爸妈#北京12320控烟在行动# [北京12320在聆听的微博视频](http://t.cn/A6jMiWVI),content: 转发微博//@北京12320在聆听:控烟广告——小朋友眼中的吸烟爸妈#北京12320控烟在行动# [北京12320在聆听的微博视频](http://t.cn/A6jMiWVI),微博,用户1216500725,2024-01-24 07:30:55,http://weibo.com/1216500725/NDhct5HSR,未知,控烟,正面,未知
202401012630,“无烟佳节 与爱同行”控烟倡议书 http://t.cn/A6jMklIC,content: “无烟佳节 与爱同行”控烟倡议书 http://t.cn/A6jMklIC,微博,简单爱________,2024-01-23 19:11:47,http://weibo.com/1794927371/NDcmrtThH,未知,控烟,中性,未知
202401012634,@首都健康 @健康大兴 @健康中国 @爱我大兴社区网 无烟佳节 与爱同行 吸烟被世界卫生组织（WHO）称为人类“第五种威胁”（前四种是战争、饥荒、瘟疫、污染）。为进一步推动控烟管理工作，有效引导群众健康生活、绿色生活、环保生活理念，营造社会无烟氛围，1月18日，疾控与公共卫生科联合总务科、保卫科、呼吸与危重症医学科在门诊大厅开展了“无烟佳节 与爱同行”的主题控烟宣传活动。 活动中，医务人员通过发放、讲解宣传单的方式，向广大患者及家属宣传吸烟导致癌症、吸烟对心脑血管的影响、吸烟对呼吸道的影响、二手烟的危害及控烟的必要性；在宣传栏中放置了宣传册、宣传单，供群众后续领取和学习。 此次宣传活动传播了无烟健康过佳节的理念，倡导过节不吸烟、不敬烟、不送烟，“向二手烟说不”，共度有爱无烟健康佳节！ 疾控科 殷香,content: @首都健康 @健康大兴 @健康中国 @爱我大兴社区网 无烟佳节 与爱同行 吸烟被世界卫生组织（WHO）称为人类“第五种威胁”（前四种是战争、饥荒、瘟疫、污染）。为进一步推动控烟管理工作，有效引导群众健康生活、绿色生活、环保生活理念，营造社会无烟氛围，1月18日，疾控与公共卫生科联合总务科、保卫科、呼吸与危重症医学科在门诊大厅开展了“无烟佳节 与爱同行”的主题控烟宣传活动。 活动中，医务人员通过发放、讲解宣传单的方式，向广大患者及家属宣传吸烟导致癌症、吸烟对心脑血管的影响、吸烟对呼吸道的影响、二手烟的危害及控烟的必要性；在宣传栏中放置了宣传册、宣传单，供群众后续领取和学习。 此次宣传活动传播了无烟健康过佳节的理念，倡导过节不吸烟、不敬烟、不送烟，“向二手烟说不”，共度有爱无烟健康佳节！ 疾控科 殷香,微博,北京市大兴区人民医院,2024-01-23 17:58:09,http://weibo.com/3166724865/NDbSylui2,未知,控烟,正面,未知
202401012638,【东城：拒绝“二手烟”，各街道综合行政执法部门持续开展室内公共场所控烟执法检查工作】#法治进行时# 近日，为进一步推动室内公共场所控烟工作，防止“二手烟”伤害，东城区各街道综合行政执法部门结合自身职责，根据市民群众关心关注点位和时段，持续加大对商务楼宇、商场超市、餐饮单位、宾馆酒店等室内公共场所控烟执法检查力度，确保公共场所无烟环境得到有效维护，守护市民群众的身体健康和财产安全。 近日（1月19日），记者跟随建国门街道综合行政执法队的队员们来到中粮大厦，对大厦的控烟工作进行突击检查。在检查中，执法队员分别对逃生通道、楼道、卫生间、电梯间等区域进行逐一检查，未发现吸烟人员。“大家现在都有不在室内公共场所吸烟的观念了，怕‘二手烟’影响他人，”大厦物业管理工作人员告诉记者，近年来在执法人员的多次检查和物业管理方的常态化巡查管控下，大厦内的工作人员们都能很好的遵守相关规定，确有需要时会到大厦室外的安全吸烟区进行吸烟。但在检查中，执法人员发现该大厦存在控烟巡视记录不完善、卫生间等位置张贴禁烟标识无投诉举报电话等问题，执法队员当即责令大厦物业管理部门进行改正。 春节将至，亲朋好友聚会增多。执法人员根据投诉举报线索，对部分餐饮单位进行着重检查。在簋街，执法队员在对一家前期因控烟工作不力而被处罚的餐饮单位进行复查时发现，该餐饮单位整改情况良好，餐饮单位经理告诉记者只要发现有顾客有抽烟的迹象，就会第一时间上前劝阻，并记录下来，绝大部分食客都十分配合并理解控烟工作，对于个别不听劝阻的人员，餐饮单位会及时将情况向执法部门报告进行处理。 此外，在对宾馆酒店经营单位控烟情况进行检查时，安定门街道综合行政执法队的队员就将提示“挂在嘴边”，要求经营者在旅客办理登记入住过程中明确室内禁止吸烟。据执法人员介绍，严格室内公共场所控烟工作，一是防止抽烟形成“二手烟”影响其他人员身体健康，二是以防疏忽大意发生火灾等安全事故。 记者观察，近年来通过各个部门和全社会的持续努力，室内公共场所的无烟环境得到了显著改善，市民对控烟工作的支持度不断提高，吸烟行为明显减少。室内公共场所控烟工作是一项长期而艰巨的任务，需要各方共同努力。 按照“谁执法、谁普法”的工作原则，各街道综合行政执法部门利用微信公众号、商户管理群等媒介，结合“城管进社区”、“城管开放日”等活动，大力开展控烟宣传工作。在此，执法部门提示广大市民朋友：吸烟有害健康，请勿在室内公共场所吸烟，尤其是在幼儿园、中小学、少年宫、儿童福利机构等以未成年人为主要活动人群的场所吸烟，确有吸烟需求的市民朋友请到专门设置的吸烟区，吸烟后熄灭烟头、消除安全隐患，为创造一个无烟、健康的社会环境贡献力量。,content: 【东城：拒绝“二手烟”，各街道综合行政执法部门持续开展室内公共场所控烟执法检查工作】#法治进行时# 近日，为进一步推动室内公共场所控烟工作，防止“二手烟”伤害，东城区各街道综合行政执法部门结合自身职责，根据市民群众关心关注点位和时段，持续加大对商务楼宇、商场超市、餐饮单位、宾馆酒店等室内公共场所控烟执法检查力度，确保公共场所无烟环境得到有效维护，守护市民群众的身体健康和财产安全。 近日（1月19日），记者跟随建国门街道综合行政执法队的队员们来到中粮大厦，对大厦的控烟工作进行突击检查。在检查中，执法队员分别对逃生通道、楼道、卫生间、电梯间等区域进行逐一检查，未发现吸烟人员。“大家现在都有不在室内公共场所吸烟的观念了，怕‘二手烟’影响他人，”大厦物业管理工作人员告诉记者，近年来在执法人员的多次检查和物业管理方的常态化巡查管控下，大厦内的工作人员们都能很好的遵守相关规定，确有需要时会到大厦室外的安全吸烟区进行吸烟。但在检查中，执法人员发现该大厦存在控烟巡视记录不完善、卫生间等位置张贴禁烟标识无投诉举报电话等问题，执法队员当即责令大厦物业管理部门进行改正。 春节将至，亲朋好友聚会增多。执法人员根据投诉举报线索，对部分餐饮单位进行着重检查。在簋街，执法队员在对一家前期因控烟工作不力而被处罚的餐饮单位进行复查时发现，该餐饮单位整改情况良好，餐饮单位经理告诉记者只要发现有顾客有抽烟的迹象，就会第一时间上前劝阻，并记录下来，绝大部分食客都十分配合并理解控烟工作，对于个别不听劝阻的人员，餐饮单位会及时将情况向执法部门报告进行处理。 此外，在对宾馆酒店经营单位控烟情况进行检查时，安定门街道综合行政执法队的队员就将提示“挂在嘴边”，要求经营者在旅客办理登记入住过程中明确室内禁止吸烟。据执法人员介绍，严格室内公共场所控烟工作，一是防止抽烟形成“二手烟”影响其他人员身体健康，二是以防疏忽大意发生火灾等安全事故。 记者观察，近年来通过各个部门和全社会的持续努力，室内公共场所的无烟环境得到了显著改善，市民对控烟工作的支持度不断提高，吸烟行为明显减少。室内公共场所控烟工作是一项长期而艰巨的任务，需要各方共同努力。 按照“谁执法、谁普法”的工作原则，各街道综合行政执法部门利用微信公众号、商户管理群等媒介，结合“城管进社区”、“城管开放日”等活动，大力开展控烟宣传工作。在此，执法部门提示广大市民朋友：吸烟有害健康，请勿在室内公共场所吸烟，尤其是在幼儿园、中小学、少年宫、儿童福利机构等以未成年人为主要活动人群的场所吸烟，确有吸烟需求的市民朋友请到专门设置的吸烟区，吸烟后熄灭烟头、消除安全隐患，为创造一个无烟、健康的社会环境贡献力量。,微博,法治进行时,2024-01-23 17:36:06,http://weibo.com/1297550927/NDbJBzjlT,未知,控烟,正面,未知
202401012642,本周热读 【世卫组织：#2025年全球吸烟者预计降至12亿#】据《环球时报》援引欧洲新闻网消息，世界卫生组织（WHO）日前发布了全球烟草使用流行趋势报告。报告称，2022年全球吸烟者数量呈下降趋势，约有1/5（12.45亿）的成年人吸烟，2000年这一比例为1/3。预计到2025年，全球吸烟者数量将降至12亿。尽管全球吸烟者数量持续下降，但预计到2025年，还无法实现在2010年吸烟者数量基础上减少30%的全球目标，预计只有56个国家能实现该目标。埃及、印度尼西亚、约旦等国的吸烟者数量仍在上升。WHO敦促各国继续实施控烟政策。WHO此次调查对象包含加热式的纸卷烟、叶卷、无烟烟草等，但不包括电子烟。（澎湃新闻）网页链接,content: 本周热读 【世卫组织：#2025年全球吸烟者预计降至12亿#】据《环球时报》援引欧洲新闻网消息，世界卫生组织（WHO）日前发布了全球烟草使用流行趋势报告。报告称，2022年全球吸烟者数量呈下降趋势，约有1/5（12.45亿）的成年人吸烟，2000年这一比例为1/3。预计到2025年，全球吸烟者数量将降至12亿。尽管全球吸烟者数量持续下降，但预计到2025年，还无法实现在2010年吸烟者数量基础上减少30%的全球目标，预计只有56个国家能实现该目标。埃及、印度尼西亚、约旦等国的吸烟者数量仍在上升。WHO敦促各国继续实施控烟政策。WHO此次调查对象包含加热式的纸卷烟、叶卷、无烟烟草等，但不包括电子烟。（澎湃新闻）网页链接,微博,lotus_anan,2024-01-23 17:15:26,http://weibo.com/1319297121/NDbBdtbgK,未知,控烟,正面,未知
202401012647,【控烟宣传】新年对“烟”说拜拜，无烟健康过佳节/为深入贯彻落实中共中央办公厅 国务院办公厅《关于领导干部带头在公共场所禁烟有关事项的通知》和国务院《关于实施健康中国行动的意见》要求，进一步推动控烟工作开展，引导群众践行文明健康绿色环保生活方式，营造元旦、春节“两节”无烟氛围，国家卫生健康委办公厅发布关于开展“无烟佳节 与爱同行”活动的通知。http://t.cn/A6lgvl0Q,content: 【控烟宣传】新年对“烟”说拜拜，无烟健康过佳节/为深入贯彻落实中共中央办公厅 国务院办公厅《关于领导干部带头在公共场所禁烟有关事项的通知》和国务院《关于实施健康中国行动的意见》要求，进一步推动控烟工作开展，引导群众践行文明健康绿色环保生活方式，营造元旦、春节“两节”无烟氛围，国家卫生健康委办公厅发布关于开展“无烟佳节 与爱同行”活动的通知。http://t.cn/A6lgvl0Q,微博,上林普法在线,2024-01-23 17:11:33,http://weibo.com/6368389273/NDbzEjxEm,未知,控烟,正面,未知
202401012654,真的好无语啊，办公楼一群人抽烟，烟味都飘到办公区域了，物业也不管。 大上海现在是已经管不了室内抽烟的问题了吗？还是说安全通道抽烟就合法了？ 跟办公楼物业举报，物业和稀泥，那能怎么办，你也抓不到人啊！然后安排保洁阿姨迅速处理事发现场？（请看最后两张图的时间） 在12345平台举报，12345倒是快速办理，直接已办结，然后就没有后续了，你办啥了我就问？ 真的离谱到家了……这些人抽烟虽然在监控底下但是故意避开角度所以应该是查不到的，男厕所也没法进去逮[二哈] #上海控烟##上海身边事##上海##上海市民服务热线12345#,content: 真的好无语啊，办公楼一群人抽烟，烟味都飘到办公区域了，物业也不管。 大上海现在是已经管不了室内抽烟的问题了吗？还是说安全通道抽烟就合法了？ 跟办公楼物业举报，物业和稀泥，那能怎么办，你也抓不到人啊！然后安排保洁阿姨迅速处理事发现场？（请看最后两张图的时间） 在12345平台举报，12345倒是快速办理，直接已办结，然后就没有后续了，你办啥了我就问？ 真的离谱到家了……这些人抽烟虽然在监控底下但是故意避开角度所以应该是查不到的，男厕所也没法进去逮[二哈] #上海控烟##上海身边事##上海##上海市民服务热线12345#,微博,今日譬如今日生,2024-01-23 15:43:03,http://weibo.com/2424138225/NDaZIAy2K,未知,控烟,中性,未知
202401012669,【建设健康成都，控烟人人有责！】你知道吗？#我国每年有超10万人死于二手烟暴露#。2023年1月1日起，《成都市公共场所控制吸烟条例》施行。让无烟成都成为新的城市名片，建设健康成都，一起行动起来吧！[成都发布的微博视频](http://t.cn/A6pUC5d7),content: 【建设健康成都，控烟人人有责！】你知道吗？#我国每年有超10万人死于二手烟暴露#。2023年1月1日起，《成都市公共场所控制吸烟条例》施行。让无烟成都成为新的城市名片，建设健康成都，一起行动起来吧！[成都发布的微博视频](http://t.cn/A6pUC5d7),微博,武侯区环城生态区建设发展中心,2024-01-23 15:01:00,http://weibo.com/3496357023/NDaIEgciO,未知,控烟,中性,未知
202401012679,转发微博//@北京丰台:【控烟行动一起来 健康环境更多彩】戒烟吧！为了小朋友，为了家人，为了自身健康，请尽早戒烟！#丰台科普# [北京丰台的微博视频](http://t.cn/A6jMJLQM),content: 转发微博//@北京丰台:【控烟行动一起来 健康环境更多彩】戒烟吧！为了小朋友，为了家人，为了自身健康，请尽早戒烟！#丰台科普# [北京丰台的微博视频](http://t.cn/A6jMJLQM),微博,右安佑安,2024-01-23 14:10:50,http://weibo.com/3226773924/NDaohAH0f,未知,控烟、戒烟,正面,未知
202401012682,2024年春节开展爱国卫生运动倡议书 辞旧迎新，春节将至，全区人员流动频繁，聚集性活动日渐增多。为使广大群众度过一个舒适、健康、祥和的春节，清苑区爱卫办倡议全区人民开展迎新春爱国卫生运动，并发出如下倡议： 一、健康生活，人人共享 春节期间，广大居民要坚持健康生活习惯，注重合理膳食、适量运动、戒烟限酒、心理平衡，规律休息，培养良好的生活方式。冬春季也是呼吸道传染病的高发季节，要做到公共场所戴口罩、勤洗手、常通风，患病后及时就医，主动提升卫生健康意识和科学防护能力，当好自己健康第一责任人。 二、环境整治，人人参与 春节期间，各党政机关、广大群众要积极开展环境整治行动，彻底清理公共场所、社区庭院、仓库楼道、各绿化带的卫生死角和杂物，坚持环境卫生的常态化管理，自觉搞好个人卫生、家庭环境卫生，以实际行动为我区国家卫生城市的创建助力。要爱护环境卫生，不随地吐痰，不在公共场所吸烟，不乱丢垃圾并分类投放。力争从我做起，从现在做起，从身边小事做起，积极参加环境整治活动，形成人人参与、共同维护环境的良好氛围，打造干净整洁的绿色宜居家园。 三、病媒防制，人人动手 大力开展冬春季病媒生物防制活动，科学放置鼠夹、捕鼠笼、粘鼠板，开展室内外环境卫生大清扫，清除鼠、蚊、蝇等病媒孳生地，有效降低病媒密度，提升环境卫生质量，降低媒介疾病传播风险。加强对电梯间、卫生间、地下仓库、车库等重点场所的清洁、消毒及通风，增加保洁和消毒频次，科学规范开展药物灭杀，创造干净、整洁、宜居的人居环境。 四、禁烟控烟，人人响应 积极响应控烟宣传活动，创建无烟环境，提升个人对烟草危害的认识，促进养成不送烟、不吸烟、不敬烟的文明习惯，推动形成不在他人面前吸烟，勇于拒绝二手烟的健康自律节日氛围，让广大群众共建共享无烟佳节。 五、爱国卫生，人人践行 广大群众要共同践行“文明健康绿色环保”的生活方式，培育文明、节约、绿色、低碳的新时代消费观。积极参与“绿色出行”“光盘行动”“分餐公筷”“垃圾分类”等行动，共同营造讲文明、铸健康、守绿色、重环保的新风尚。 一个倡议，一种承诺，一份责任。爱国卫生齐参与，健康生活共分享。让我们迅速行动起来，齐心协力，共同打造干净、整洁、美丽、宜居的健康环境，过一个卫生、健康、幸福年。 最后恭祝全区人民新春快乐、阖家幸福！ 保定市清苑区爱卫办 2024年1月23日,content: 2024年春节开展爱国卫生运动倡议书 辞旧迎新，春节将至，全区人员流动频繁，聚集性活动日渐增多。为使广大群众度过一个舒适、健康、祥和的春节，清苑区爱卫办倡议全区人民开展迎新春爱国卫生运动，并发出如下倡议： 一、健康生活，人人共享 春节期间，广大居民要坚持健康生活习惯，注重合理膳食、适量运动、戒烟限酒、心理平衡，规律休息，培养良好的生活方式。冬春季也是呼吸道传染病的高发季节，要做到公共场所戴口罩、勤洗手、常通风，患病后及时就医，主动提升卫生健康意识和科学防护能力，当好自己健康第一责任人。 二、环境整治，人人参与 春节期间，各党政机关、广大群众要积极开展环境整治行动，彻底清理公共场所、社区庭院、仓库楼道、各绿化带的卫生死角和杂物，坚持环境卫生的常态化管理，自觉搞好个人卫生、家庭环境卫生，以实际行动为我区国家卫生城市的创建助力。要爱护环境卫生，不随地吐痰，不在公共场所吸烟，不乱丢垃圾并分类投放。力争从我做起，从现在做起，从身边小事做起，积极参加环境整治活动，形成人人参与、共同维护环境的良好氛围，打造干净整洁的绿色宜居家园。 三、病媒防制，人人动手 大力开展冬春季病媒生物防制活动，科学放置鼠夹、捕鼠笼、粘鼠板，开展室内外环境卫生大清扫，清除鼠、蚊、蝇等病媒孳生地，有效降低病媒密度，提升环境卫生质量，降低媒介疾病传播风险。加强对电梯间、卫生间、地下仓库、车库等重点场所的清洁、消毒及通风，增加保洁和消毒频次，科学规范开展药物灭杀，创造干净、整洁、宜居的人居环境。 四、禁烟控烟，人人响应 积极响应控烟宣传活动，创建无烟环境，提升个人对烟草危害的认识，促进养成不送烟、不吸烟、不敬烟的文明习惯，推动形成不在他人面前吸烟，勇于拒绝二手烟的健康自律节日氛围，让广大群众共建共享无烟佳节。 五、爱国卫生，人人践行 广大群众要共同践行“文明健康绿色环保”的生活方式，培育文明、节约、绿色、低碳的新时代消费观。积极参与“绿色出行”“光盘行动”“分餐公筷”“垃圾分类”等行动，共同营造讲文明、铸健康、守绿色、重环保的新风尚。 一个倡议，一种承诺，一份责任。爱国卫生齐参与，健康生活共分享。让我们迅速行动起来，齐心协力，共同打造干净、整洁、美丽、宜居的健康环境，过一个卫生、健康、幸福年。 最后恭祝全区人民新春快乐、阖家幸福！ 保定市清苑区爱卫办 2024年1月23日,微博,微博清苑,2024-01-23 14:08:58,http://weibo.com/3348040952/NDanwBGjt,未知,戒烟、控烟,正面,未知
202401012685,【无锡市惠山锡西实验幼儿园：无烟校园，健康“童”行】锡西实幼为全面推进环境建设，加大控烟干预力度，各班级根据园长部署，分头行动。有的班级做禁烟标志公共区域环创；有的班级印发、分发“吸烟有害健康的”宣传单；有的班级则利用课件、挂图进行吸引危害健康的教育活动，让禁烟观念从娃娃抓起。(撰稿：陈晨；审核：黄洁；发布：朱珺）@无锡惠山教育官博,content: 【无锡市惠山锡西实验幼儿园：无烟校园，健康“童”行】锡西实幼为全面推进环境建设，加大控烟干预力度，各班级根据园长部署，分头行动。有的班级做禁烟标志公共区域环创；有的班级印发、分发“吸烟有害健康的”宣传单；有的班级则利用课件、挂图进行吸引危害健康的教育活动，让禁烟观念从娃娃抓起。(撰稿：陈晨；审核：黄洁；发布：朱珺）@无锡惠山教育官博,微博,无锡市惠山锡西实验幼儿园,2024-01-23 13:59:18,http://weibo.com/7682322562/NDajBqnLk,未知,控烟,正面,未知
202401012689,转发微博//@北京大学肿瘤医院:【北肿控烟】低焦油不等于低危害，拒绝吸烟健康生活#共创无烟健康北京# [北京大学肿瘤医院的微博视频](http://t.cn/A6jIF49J),content: 转发微博//@北京大学肿瘤医院:【北肿控烟】低焦油不等于低危害，拒绝吸烟健康生活#共创无烟健康北京# [北京大学肿瘤医院的微博视频](http://t.cn/A6jIF49J),微博,人民卫生出版社有限公司,2024-01-23 13:52:52,http://weibo.com/7714799487/NDagZDmBd,未知,控烟,中性,未知
202401012693,@文艺范小林姐//@北京12320在聆听:控烟广告——小朋友眼中的吸烟爸妈#北京12320控烟在行动# 北京12320在聆听的微博视频,content: @文艺范小林姐//@北京12320在聆听:控烟广告——小朋友眼中的吸烟爸妈#北京12320控烟在行动# 北京12320在聆听的微博视频,微博,双黛罗2015,2024-01-23 13:32:34,http://weibo.com/5381894108/NDa8L47Uf,未知,控烟,正面,未知
202401012696,【控烟行动一起来 健康环境更多彩】#丰台科普//@北京丰台:#【控烟行动一起来 健康环境更多彩】控烟行动一起来，健康环境更多彩。戒烟吧！为了小朋友，为了家人，为了自身健康，请尽早戒烟！#丰台科普# 北京丰台的微博视频,content: 【控烟行动一起来 健康环境更多彩】#丰台科普//@北京丰台:#【控烟行动一起来 健康环境更多彩】控烟行动一起来，健康环境更多彩。戒烟吧！为了小朋友，为了家人，为了自身健康，请尽早戒烟！#丰台科普# 北京丰台的微博视频,微博,文旅丰台,2024-01-23 13:31:43,http://weibo.com/5085042263/NDa8pkS9w,未知,控烟、戒烟,正面,未知
202401012701,控烟广告——小朋友眼中的吸烟爸妈#北京12320控烟在行动# [北京12320在聆听的微博视频](http://t.cn/A6jMiWVI),content: 控烟广告——小朋友眼中的吸烟爸妈#北京12320控烟在行动# [北京12320在聆听的微博视频](http://t.cn/A6jMiWVI),微博,北京12320在聆听,2024-01-23 13:30:01,http://weibo.com/2659630681/NDa7IBIY3,未知,控烟,正面,未知
202401012705,【控烟行动一起来 健康环境更多彩】控烟行动一起来，健康环境更多彩。戒烟吧！为了小朋友，为了家人，为了自身健康，请尽早戒烟！#丰台科普# [北京丰台的微博视频](http://t.cn/A6jMJLQM),content: 【控烟行动一起来 健康环境更多彩】控烟行动一起来，健康环境更多彩。戒烟吧！为了小朋友，为了家人，为了自身健康，请尽早戒烟！#丰台科普# [北京丰台的微博视频](http://t.cn/A6jMJLQM),微博,北京丰台,2024-01-23 13:00:00,http://weibo.com/2590506142/ND9VxdulV,未知,控烟、戒烟,正面,未知
202401012707,【控烟公益宣传片《小朋友眼中的吸烟爸妈》】你说，吸烟能激发创作的灵感；你说，吸烟提神助你加班熬夜；你说，吸烟放松帮你舒缓压力；你还说，唯有烟草才能拉近人与人之间的距离离......你为吸烟找了无数个理由，却唯独不愿意看到心爱的孩子尝试吸烟。你替烟草说了很多好话，是理由？还是借口？#丰台科普# [北京丰台的微博视频](http://t.cn/A6jMcs69),content: 【控烟公益宣传片《小朋友眼中的吸烟爸妈》】你说，吸烟能激发创作的灵感；你说，吸烟提神助你加班熬夜；你说，吸烟放松帮你舒缓压力；你还说，唯有烟草才能拉近人与人之间的距离离......你为吸烟找了无数个理由，却唯独不愿意看到心爱的孩子尝试吸烟。你替烟草说了很多好话，是理由？还是借口？#丰台科普# [北京丰台的微博视频](http://t.cn/A6jMcs69),微博,北京丰台,2024-01-23 11:50:56,http://weibo.com/2590506142/ND9tv7nGy,未知,控烟,正面,未知
202401012713,【首发】控烟公益宣传片《我的爸爸不爱我》 【首发】控烟公益宣传片《我的爸爸不爱我》,content: 【首发】控烟公益宣传片《我的爸爸不爱我》 【首发】控烟公益宣传片《我的爸爸不爱我》,微博,北京通州宋庄健康教育,2024-01-23 11:33:27,http://weibo.com/2849145701/ND9mpfNPp,未知,控烟,中性,未知
202401012717,【首发】控烟公益宣传片《小朋友眼中的吸烟爸妈》 网页链接,content: 【首发】控烟公益宣传片《小朋友眼中的吸烟爸妈》 网页链接,微博,北京通州宋庄健康教育,2024-01-23 11:33:08,http://weibo.com/2849145701/ND9mh9oXf,未知,控烟,中性,未知
202401012723,【海报】无烟佳节 与爱同行 春节即将来临 为大力弘扬无烟健康过节文化 咸阳市广播电视台《看咸阳》APP温馨提示 走亲访友、聚会聚餐 不吸烟、不敬烟、不劝烟 主动做控烟宣传者和倡导者 健健康康过佳节！,content: 【海报】无烟佳节 与爱同行 春节即将来临 为大力弘扬无烟健康过节文化 咸阳市广播电视台《看咸阳》APP温馨提示 走亲访友、聚会聚餐 不吸烟、不敬烟、不劝烟 主动做控烟宣传者和倡导者 健健康康过佳节！,微博,咸阳市广播电视台,2024-01-23 11:28:26,http://weibo.com/3768751931/ND9kn7zrI,未知,控烟,正面,未知
202401012728,无烟佳节，与爱同行 控烟,content: 无烟佳节，与爱同行 控烟,微博,曲江池景区,2024-01-23 11:03:19,http://weibo.com/2152375394/ND9ab1Wo0,未知,控烟,中性,未知
202401012739,【无烟成都 将成为这座城市新的标签】控烟人人有责，让成都、更文明，让生活更美好 健康成都官微的微博视频,content: 【无烟成都 将成为这座城市新的标签】控烟人人有责，让成都、更文明，让生活更美好 健康成都官微的微博视频,微博,双流西航港,2024-01-23 10:17:00,http://weibo.com/2871867420/ND8Rnm92A,未知,控烟,正面,未知
202401012745,无烟成都 将成为这座城市新的标签//@健康成都官微:#不吸烟最时尚# 【无烟成都 将成为这座城市新的标签】控烟人人有责，让成都、更文明，让生活更美好 健康成都官微的微博视频,content: 无烟成都 将成为这座城市新的标签//@健康成都官微:#不吸烟最时尚# 【无烟成都 将成为这座城市新的标签】控烟人人有责，让成都、更文明，让生活更美好 健康成都官微的微博视频,微博,成都市卫生健康人才交流中心官微,2024-01-23 09:56:15,http://weibo.com/3329689884/ND8IXaQmK,未知,控烟,正面,未知
202401012756,【健康科普】北京疾控控烟公益广告“小朋友眼中的吸烟爸妈”@北京市大兴区中西医结合医院 @健康大兴 @首都健康 @中国疾控中心//@北京市大兴区妇幼保健院:【健康科普】北京疾控控烟公益广告“小朋友眼中的吸烟爸妈”#控烟# 北京市大兴区妇幼保健院的微博视频,content: 【健康科普】北京疾控控烟公益广告“小朋友眼中的吸烟爸妈”@北京市大兴区中西医结合医院 @健康大兴 @首都健康 @中国疾控中心//@北京市大兴区妇幼保健院:【健康科普】北京疾控控烟公益广告“小朋友眼中的吸烟爸妈”#控烟# 北京市大兴区妇幼保健院的微博视频,微博,大兴红星妇幼,2024-01-23 09:45:49,http://weibo.com/2703229785/ND8EIxyVX,未知,控烟,中性,未知
202401012761,【青少年控烟宣传核心信息】 1.所有形式的烟草制品都是有害的 2. 烟草中的尼古丁可以使人成瘾，一旦成瘾很难戒断 3.暴露于尼古丁可能影响青少年的大脑发育 4.吸烟会严重损害青少年呼吸系统和心血管系统，并且会加速其成年后慢性病的发生 5.电子烟会对青少年的身心健康和成长造成不良后果，同时会诱导青少年使用卷烟 6.开始吸烟的年龄越早，吸烟的量越大，烟草对身体造成的危害也越严重。如果你已经开始吸烟，应当立即戒烟 7.二手烟暴露严重危害健康，即使吸入少量烟草烟雾，也会对身体造成损害。为了自己的健康，你应该向二手烟说不 8.所有向未成年人售烟（包括电子烟）的行为都是违法的 9.校园范围内禁止发布各种形式的烟草广 告 10.烟草危害环境，在整个生命周期都会污染地球并损害所有人的健康,content: 【青少年控烟宣传核心信息】 1.所有形式的烟草制品都是有害的 2. 烟草中的尼古丁可以使人成瘾，一旦成瘾很难戒断 3.暴露于尼古丁可能影响青少年的大脑发育 4.吸烟会严重损害青少年呼吸系统和心血管系统，并且会加速其成年后慢性病的发生 5.电子烟会对青少年的身心健康和成长造成不良后果，同时会诱导青少年使用卷烟 6.开始吸烟的年龄越早，吸烟的量越大，烟草对身体造成的危害也越严重。如果你已经开始吸烟，应当立即戒烟 7.二手烟暴露严重危害健康，即使吸入少量烟草烟雾，也会对身体造成损害。为了自己的健康，你应该向二手烟说不 8.所有向未成年人售烟（包括电子烟）的行为都是违法的 9.校园范围内禁止发布各种形式的烟草广 告 10.烟草危害环境，在整个生命周期都会污染地球并损害所有人的健康,微博,奉化区疾病预防控制中心,2024-01-23 09:43:56,http://weibo.com/3399282100/ND8DXfRMo,未知,控烟、戒烟,正面,未知
202401012765,禁烟控烟，人人有责！//@蒲江农业农村:#不吸烟最时尚# 【无烟成都 将成为这座城市新的标签】控烟人人有责，让成都、更文明，让生活更美好 （健康成都官微）@绿色蒲江 健康成都官微的微博视频,content: 禁烟控烟，人人有责！//@蒲江农业农村:#不吸烟最时尚# 【无烟成都 将成为这座城市新的标签】控烟人人有责，让成都、更文明，让生活更美好 （健康成都官微）@绿色蒲江 健康成都官微的微博视频,微博,头顶大红花爱吃火锅,2024-01-23 09:25:04,http://weibo.com/2081651733/ND8widtgU,未知,控烟,正面,未知
202401012769,转发微博//@江汉热线:【仙桃市“无烟佳节 与爱同行”倡议书】 广大市民朋友们： 　　为进一步推动全市“无烟佳节 与爱同行”活动开展，持续巩固创卫成果，引导群众自觉践行文明健康绿色环保生活方式，共同营造春节健康无烟环境，在此，我们发出如下倡议： 　　一、 心中无烟。要认识烟草危害，了解烟草危害，提高自身防控烟草危害意识和能力。增强自我控制能力，自觉抵制诱惑，提倡不吸烟、互不敬烟行为。 　　二、手中无烟。不在公共场所、室内工作场所和公共交通工具内吸烟，以实际行动践行文明健康绿色环保生活方式。各级领导干部、公职人员、教师和医务人员要带头示范，自觉遵守公共场所禁烟规定，自觉维护法规制度权威，自觉维护党政机关和领导干部形象。 　　三、室内无烟。各机关单位、医院、学校、宾馆、车站、商场、影院、网吧、餐饮店、体育场馆等所有室内公共场所、工作场所要全面实行禁烟，要在醒目位置张贴禁烟标识，落实控烟责任，带动全社会创建无烟环境。我们每个人都有向二手烟说“不”的权利，拒绝吸烟、二手烟，争当爱国卫生运动志愿者、控烟劝导员和监督员，主动劝阻他人不在禁烟场所吸烟，带动身边人文明劝导、共促健康。 　　让我们共同行动起来，从自身做起、从现在做起，追求文明健康的生活方式，拒绝烟草危害，欢度无烟佳节。 仙桃市爱国卫生运动委员会办公室 2024年1月22日 链接http://t.cn/A6jffjTs,content: 转发微博//@江汉热线:【仙桃市“无烟佳节 与爱同行”倡议书】 广大市民朋友们： 为进一步推动全市“无烟佳节 与爱同行”活动开展，持续巩固创卫成果，引导群众自觉践行文明健康绿色环保生活方式，共同营造春节健康无烟环境，在此，我们发出如下倡议： 一、 心中无烟。要认识烟草危害，了解烟草危害，提高自身防控烟草危害意识和能力。增强自我控制能力，自觉抵制诱惑，提倡不吸烟、互不敬烟行为。 二、手中无烟。不在公共场所、室内工作场所和公共交通工具内吸烟，以实际行动践行文明健康绿色环保生活方式。各级领导干部、公职人员、教师和医务人员要带头示范，自觉遵守公共场所禁烟规定，自觉维护法规制度权威，自觉维护党政机关和领导干部形象。 三、室内无烟。各机关单位、医院、学校、宾馆、车站、商场、影院、网吧、餐饮店、体育场馆等所有室内公共场所、工作场所要全面实行禁烟，要在醒目位置张贴禁烟标识，落实控烟责任，带动全社会创建无烟环境。我们每个人都有向二手烟说“不”的权利，拒绝吸烟、二手烟，争当爱国卫生运动志愿者、控烟劝导员和监督员，主动劝阻他人不在禁烟场所吸烟，带动身边人文明劝导、共促健康。 让我们共同行动起来，从自身做起、从现在做起，追求文明健康的生活方式，拒绝烟草危害，欢度无烟佳节。 仙桃市爱国卫生运动委员会办公室 2024年1月22日 链接http://t.cn/A6jffjTs,微博,卷积云_,2024-01-23 09:22:56,http://weibo.com/5647104672/ND8vqznyF,未知,控烟,正面,未知
202401012774,租的房子里面有人抽烟，打的车也满车是烟味，中国的烟民只有抽烟可以解压吗？烟的税收那么丰厚，也不可能会控烟了。出生就是每天被迫着到处吸二手烟。 ,content: 租的房子里面有人抽烟，打的车也满车是烟味，中国的烟民只有抽烟可以解压吗？烟的税收那么丰厚，也不可能会控烟了。出生就是每天被迫着到处吸二手烟。,微博,一枚巨婴2333,2024-01-23 08:56:45,http://weibo.com/6150398076/ND8kNBpY4,未知,控烟,负面,未知
202401012779,控烟公益宣传片《小朋友眼中的吸烟爸妈》 北京怀柔九渡河健康教育的微博视频,content: 控烟公益宣传片《小朋友眼中的吸烟爸妈》 北京怀柔九渡河健康教育的微博视频,微博,北京怀柔九渡河健康教育,2024-01-23 08:53:25,http://weibo.com/2720128791/ND8js2rCB,未知,控烟,中性,未知
202401012784,#控烟宣传# 无烟佳节 与爱同行 ,content: #控烟宣传# 无烟佳节 与爱同行,微博,昆明禄劝发布,2024-01-23 08:45:54,http://weibo.com/3848311310/ND8goCEPS,未知,控烟,中性,未知
202401012789,【北肿控烟】低焦油不等于低危害，拒绝吸烟健康生活#共创无烟健康北京# 北京大学肿瘤医院的微博视频,content: 【北肿控烟】低焦油不等于低危害，拒绝吸烟健康生活#共创无烟健康北京# 北京大学肿瘤医院的微博视频,微博,北京大学肿瘤医院,2024-01-23 08:42:58,http://weibo.com/1881234081/ND8fczeEs,未知,控烟,中性,未知
202401012795,低焦油≠低危害#控烟# 北京市丰台区妇幼保健院的微博视频,content: 低焦油≠低危害#控烟# 北京市丰台区妇幼保健院的微博视频,微博,北京市丰台区妇幼保健院,2024-01-23 08:28:48,http://weibo.com/1841100431/ND89snthh,未知,控烟,中性,未知
202401012801,【二手烟对冠心病患者的危害】#北京12320控烟在行动# 吸烟是冠心病发生的主要危险因素，我国流行病学调查显示，大量吸烟与非吸烟患者相比冠心病发生率高26倍以上。吸入二手烟同样有害，二手烟对被动吸烟者的危害一点也不比主动吸烟者轻，特别是对患有心血管疾病的人的危害尤其严重。二手烟烟雾中含有一氧化碳，二手烟烟雾中的一氧化碳能与血红蛋白结合，会大大阻碍血红蛋白与氧气的结合。导致人体缺氧，引发心肌梗塞，这对心脑血管疾病患者来说，无疑是雪上加霜。二手烟雾中尼古丁的危害。二手烟雾中的尼古丁进入人体后，会导致人体血管收缩，会使心跳加快、血压上升，还能导致血液黏稠。患有心肌梗塞，高血脂、高血压等的患者病情更加容易恶化。二手烟中的几种成份能引起严重的心血管中毒，扰乱心脏、血液及血管系统正常功能，增加心血管事件发生的风险。二手烟暴露也能加重心脏病发作的程度，并增加复发和死亡风险。平常要多注意吃富含维生素的蔬菜水果、提供充足的高质量蛋白质，注意适量运动，来抵抗二手烟的危害。同时倡导大家远离吸烟源，给自己营造一个舒适的环境。（来源：首都医科大学附属北京朝阳医院）,content: 【二手烟对冠心病患者的危害】#北京12320控烟在行动# 吸烟是冠心病发生的主要危险因素，我国流行病学调查显示，大量吸烟与非吸烟患者相比冠心病发生率高26倍以上。吸入二手烟同样有害，二手烟对被动吸烟者的危害一点也不比主动吸烟者轻，特别是对患有心血管疾病的人的危害尤其严重。二手烟烟雾中含有一氧化碳，二手烟烟雾中的一氧化碳能与血红蛋白结合，会大大阻碍血红蛋白与氧气的结合。导致人体缺氧，引发心肌梗塞，这对心脑血管疾病患者来说，无疑是雪上加霜。二手烟雾中尼古丁的危害。二手烟雾中的尼古丁进入人体后，会导致人体血管收缩，会使心跳加快、血压上升，还能导致血液黏稠。患有心肌梗塞，高血脂、高血压等的患者病情更加容易恶化。二手烟中的几种成份能引起严重的心血管中毒，扰乱心脏、血液及血管系统正常功能，增加心血管事件发生的风险。二手烟暴露也能加重心脏病发作的程度，并增加复发和死亡风险。平常要多注意吃富含维生素的蔬菜水果、提供充足的高质量蛋白质，注意适量运动，来抵抗二手烟的危害。同时倡导大家远离吸烟源，给自己营造一个舒适的环境。（来源：首都医科大学附属北京朝阳医院）,微博,北京怀柔庙城健康教育,2024-01-23 07:32:41,http://weibo.com/2435044141/ND7MGe9H4,未知,控烟,正面,未知
202401012807,【怎样避免“三手烟”危害？】#北京12320控烟在行动# 1、鼓励吸烟的家人戒烟，这样才能从源头切断“三手烟”对家人的危害； 2、不在室内和车内吸烟； 3、在家多通风换气； 4、吸完烟后及时洗漱； 5、定期打扫卫生； 6、室内摆放绿植； 7、安装空气净化器等。 （来源：中国医科大学航空总医院）,content: 【怎样避免“三手烟”危害？】#北京12320控烟在行动# 1、鼓励吸烟的家人戒烟，这样才能从源头切断“三手烟”对家人的危害； 2、不在室内和车内吸烟； 3、在家多通风换气； 4、吸完烟后及时洗漱； 5、定期打扫卫生； 6、室内摆放绿植； 7、安装空气净化器等。 （来源：中国医科大学航空总医院）,微博,北京怀柔庙城健康教育,2024-01-23 07:30:47,http://weibo.com/2435044141/ND7LUlUK6,未知,控烟、戒烟,正面,未知
202401012412,【关于全面开展健康家庭建设的通知】 到2025年，全国居民健康素养水平不低于25%。 每个村（社区）配备1-2名家庭健康指导员，到2025年末，覆盖90%以上的村（社区）。 到2025年末，100%的村（社区）至少有一个健康家庭典型。 打造“无烟家庭”。 健康家庭要有3种及以上健康支持性工具（如体重秤、血压计、腰围尺、控油壶、控盐勺、计步器、运动健身器材等）。 家庭成员中至少一人会测量体温、脉搏血压，并学习掌握基本急救知识和技能。 家庭成员不吸烟，家中无烟具，能主动劝导来访客人中的吸烟者不吸烟；家庭成员不敬烟、不劝烟，礼尚往来不送烟；积极参加控烟宣传活动；吸烟者应充分运用身边可及的戒烟资源主动戒烟。 家庭成员每人每周锻炼3次及以上，每次半小时以上。 家庭成员定期体检并保存好体检表，每两年至少1次。 家庭重视营养，掌握健康烹饪方法，膳食合理，多果蔬、低脂、低盐，采取减盐控油措施。 牙刷应当每3个月更换一次。 家庭成员（成人）每天睡眠时间不少于7小时，未成年人每天睡眠时间不少于8小时。 家庭成员每年至少参加2次公益活动。 -,content: 【关于全面开展健康家庭建设的通知】 到2025年，全国居民健康素养水平不低于25%。 每个村（社区）配备1-2名家庭健康指导员，到2025年末，覆盖90%以上的村（社区）。 到2025年末，100%的村（社区）至少有一个健康家庭典型。 打造“无烟家庭”。 健康家庭要有3种及以上健康支持性工具（如体重秤、血压计、腰围尺、控油壶、控盐勺、计步器、运动健身器材等）。 家庭成员中至少一人会测量体温、脉搏血压，并学习掌握基本急救知识和技能。 家庭成员不吸烟，家中无烟具，能主动劝导来访客人中的吸烟者不吸烟；家庭成员不敬烟、不劝烟，礼尚往来不送烟；积极参加控烟宣传活动；吸烟者应充分运用身边可及的戒烟资源主动戒烟。 家庭成员每人每周锻炼3次及以上，每次半小时以上。 家庭成员定期体检并保存好体检表，每两年至少1次。 家庭重视营养，掌握健康烹饪方法，膳食合理，多果蔬、低脂、低盐，采取减盐控油措施。 牙刷应当每3个月更换一次。 家庭成员（成人）每天睡眠时间不少于7小时，未成年人每天睡眠时间不少于8小时。 家庭成员每年至少参加2次公益活动。 -,微博,火爸朱剑笛,2024-01-22 23:38:18,http://weibo.com/3190081570/ND4G84SCJ,未知,控烟、戒烟,正面,未知
202401012419,"#燕京理工学院2024年寒假主题社会实践##人文教育学院##基层调研# 在我们调查的100名大学生中，经常吸烟和吸烟成瘾人数达10％，其中，男生高于女生，三、四年级学生高于一、二年级学生，三者均有显著统计学差异，在这些人中上大学以后养成吸烟习惯的高达85％，学生吸烟33%是因为交际应酬，11%是因为长久的吸烟已经形成了一种习惯。10%的人认为是为了调节情绪，缓和紧张或尴尬的气氛走上了吸烟的道路的，还有8%的人认为是一种享受。 据世界卫生组织估计和预测，每年约有350万人死于与吸烟有关疾病；香烟在不完全燃烧过程中发生一系列的热分解与热合成的化学应，形成大量新的物质，其化学成分很复杂，从烟雾中分离出有害成分达3000余种，其中主要有毒物质为尼古丁（烟碱）、烟焦油、一氧化碳、氢氰酸、氨及芳香化合物等一系列有毒物质。在烟草中原有的蛋白质、碳水化合物、维生素、氨基酸等人体需要的有益物质，如果把它作食用那是有益的，但是把它作为香烟，经过燃烧而释放出烟雾灰尘等，就都变成有害物质。烟草点燃的烟雾由两部分组成，其中气体部分，占据92%，包括多量的氧和氮无害气体和一定量的一氧化碳及微量的致癌、促癌、纤毛毒物质。粒相部分占8%，主要为尼古丁和烟焦油。我国目前我是世界烟草生产和消费大国，而且吸烟年龄日趋减小。青少年吸烟问题不仅已严重威胁了我国青少年的身心健康，而且已成为严重的社会问题。近年来，国家对学生控烟问题给予了高度重视，相继实行无烟学校，并将学生控烟问题列入健康促进学校和健康教育的重要内容。 吸烟的危害： 1．对呼吸道粘膜产生炎症刺激：如醛类、氮氧化物、烯烃类。 2．对细胞产生毒性作用：如腈类、胺类、重金属元素。 3．使人产生成瘾作用：如尼古丁等生物碱。 4．对人体具有致癌作用：如多环芳烃的苯并芘以及镉、二甲基亚硝胺、β-萘胺等。 5．对人体具有促癌作用：如酚类化合物。 6．使红血球失去荷氧能力：如一氧化碳。 对着如此多的危害我觉得我们必须采取措施来解决这个很重要的问题，我提出几点建议: 1，消除紧张情绪： 紧张的工作状况是您吸烟的主要起因吗？如果是这样，那么拿走您周围所有的吸烟用具，改变工作环境和工作程序。在工作场所放一些无糖口香糖，水果，果汁和矿泉水，多做几次短时间的休息，到室外运动运动，运动几分钟就行。 2，体重问题： 戒烟后体重往往会明显增加，一般增加5-8磅。吸烟的人戒烟后会降低人体新陈代谢的基本速度，并且会吃更多的食物来替代吸烟，因此吸烟的人戒烟后体重在短时间内会增加几公斤，但可以通过加强身体的运动量来对付体重增加，因为增加运动量可以加速新陈代谢。吃零食最好是无脂肪的食物。另外，多喝水，使胃里不空着。 3，加强戒烟意识： 明确目标改变工作环境及与吸烟有关的老习惯，戒烟者会主动想到不再吸烟的决心。要有这种意识，即戒烟几天后味觉和嗅觉就会好起来。 4，寻找替代办法： 戒烟后的主要任务之一是在受到引诱的情况下找到不吸烟的替代办法：做一些技巧游戏，使两只手不闲着，通过刷牙使口腔里产生一种不想吸烟的味道，或者通过令人兴奋的谈话转移注意力。如果您喜欢每天早晨喝完咖啡后抽一支烟，那么您把每天早晨喝咖啡必成喝茶。 5，打赌： 一些过去曾吸烟的人有过戒烟打赌的好经验，其效果之一是公开戒烟，并争取得到朋友和同事们的支持。 6，少参加聚会： 刚开始戒烟时要避免受到吸烟的引诱。如果有朋友邀请你参加非常好的聚会，而参加聚会的人都吸烟，那么至少在戒烟；初期应婉言拒绝参加此类聚会，直到自己觉得没有烟瘾为止。 7，游泳、踢球和洗蒸汽浴： 经常运动会提高情绪，冲谈烟瘾，体育运动会使紧张不安的神经镇静下来，并且会消耗热量。 8，扔掉吸烟用具： 烟灰缸，打火机和香烟都会对戒烟者产生刺激，应该把它们统统扔掉。 9，转移注意力： 尤其是在戒烟初期，多花点钱从事一些会带来乐趣的活动，以便转移吸烟的注意力，晚上不要像通常那样在电视机前度过，可以去按摩，听激光唱片，上因特网冲浪，或与朋友通电话讨论股市行情。 为了健康，提倡人人戒烟。戒烟的关键第一是认识，第二是决心，第三是恒心。因此戒烟的关键在自己。 三.结论： 大学生吸烟率增加问题应引起高度关注，需要加大控烟宣传教育力度和强化干预措施加以控制.控制吸烟就是要达到逐步减少卷烟等制成品的消费水平，这会带来两方面的影响：一方面减少了对健康的损害，这是""利""的一面；另一方面它会使烟农和卷烟生产及销售商减少产量和销售量，这是""弊""的一面。也许，还会预期政府由此而减少烟草带来的税收。我们需权衡利弊孰大，从而决定政策取向。","content: #燕京理工学院2024年寒假主题社会实践##人文教育学院##基层调研# 在我们调查的100名大学生中，经常吸烟和吸烟成瘾人数达10％，其中，男生高于女生，三、四年级学生高于一、二年级学生，三者均有显著统计学差异，在这些人中上大学以后养成吸烟习惯的高达85％，学生吸烟33%是因为交际应酬，11%是因为长久的吸烟已经形成了一种习惯。10%的人认为是为了调节情绪，缓和紧张或尴尬的气氛走上了吸烟的道路的，还有8%的人认为是一种享受。 据世界卫生组织估计和预测，每年约有350万人死于与吸烟有关疾病；香烟在不完全燃烧过程中发生一系列的热分解与热合成的化学应，形成大量新的物质，其化学成分很复杂，从烟雾中分离出有害成分达3000余种，其中主要有毒物质为尼古丁（烟碱）、烟焦油、一氧化碳、氢氰酸、氨及芳香化合物等一系列有毒物质。在烟草中原有的蛋白质、碳水化合物、维生素、氨基酸等人体需要的有益物质，如果把它作食用那是有益的，但是把它作为香烟，经过燃烧而释放出烟雾灰尘等，就都变成有害物质。烟草点燃的烟雾由两部分组成，其中气体部分，占据92%，包括多量的氧和氮无害气体和一定量的一氧化碳及微量的致癌、促癌、纤毛毒物质。粒相部分占8%，主要为尼古丁和烟焦油。我国目前我是世界烟草生产和消费大国，而且吸烟年龄日趋减小。青少年吸烟问题不仅已严重威胁了我国青少年的身心健康，而且已成为严重的社会问题。近年来，国家对学生控烟问题给予了高度重视，相继实行无烟学校，并将学生控烟问题列入健康促进学校和健康教育的重要内容。 吸烟的危害： 1．对呼吸道粘膜产生炎症刺激：如醛类、氮氧化物、烯烃类。 2．对细胞产生毒性作用：如腈类、胺类、重金属元素。 3．使人产生成瘾作用：如尼古丁等生物碱。 4．对人体具有致癌作用：如多环芳烃的苯并芘以及镉、二甲基亚硝胺、β-萘胺等。 5．对人体具有促癌作用：如酚类化合物。 6．使红血球失去荷氧能力：如一氧化碳。 对着如此多的危害我觉得我们必须采取措施来解决这个很重要的问题，我提出几点建议: 1，消除紧张情绪： 紧张的工作状况是您吸烟的主要起因吗？如果是这样，那么拿走您周围所有的吸烟用具，改变工作环境和工作程序。在工作场所放一些无糖口香糖，水果，果汁和矿泉水，多做几次短时间的休息，到室外运动运动，运动几分钟就行。 2，体重问题： 戒烟后体重往往会明显增加，一般增加5-8磅。吸烟的人戒烟后会降低人体新陈代谢的基本速度，并且会吃更多的食物来替代吸烟，因此吸烟的人戒烟后体重在短时间内会增加几公斤，但可以通过加强身体的运动量来对付体重增加，因为增加运动量可以加速新陈代谢。吃零食最好是无脂肪的食物。另外，多喝水，使胃里不空着。 3，加强戒烟意识： 明确目标改变工作环境及与吸烟有关的老习惯，戒烟者会主动想到不再吸烟的决心。要有这种意识，即戒烟几天后味觉和嗅觉就会好起来。 4，寻找替代办法： 戒烟后的主要任务之一是在受到引诱的情况下找到不吸烟的替代办法：做一些技巧游戏，使两只手不闲着，通过刷牙使口腔里产生一种不想吸烟的味道，或者通过令人兴奋的谈话转移注意力。如果您喜欢每天早晨喝完咖啡后抽一支烟，那么您把每天早晨喝咖啡必成喝茶。 5，打赌： 一些过去曾吸烟的人有过戒烟打赌的好经验，其效果之一是公开戒烟，并争取得到朋友和同事们的支持。 6，少参加聚会： 刚开始戒烟时要避免受到吸烟的引诱。如果有朋友邀请你参加非常好的聚会，而参加聚会的人都吸烟，那么至少在戒烟；初期应婉言拒绝参加此类聚会，直到自己觉得没有烟瘾为止。 7，游泳、踢球和洗蒸汽浴： 经常运动会提高情绪，冲谈烟瘾，体育运动会使紧张不安的神经镇静下来，并且会消耗热量。 8，扔掉吸烟用具： 烟灰缸，打火机和香烟都会对戒烟者产生刺激，应该把它们统统扔掉。 9，转移注意力： 尤其是在戒烟初期，多花点钱从事一些会带来乐趣的活动，以便转移吸烟的注意力，晚上不要像通常那样在电视机前度过，可以去按摩，听激光唱片，上因特网冲浪，或与朋友通电话讨论股市行情。 为了健康，提倡人人戒烟。戒烟的关键第一是认识，第二是决心，第三是恒心。因此戒烟的关键在自己。 三.结论： 大学生吸烟率增加问题应引起高度关注，需要加大控烟宣传教育力度和强化干预措施加以控制.控制吸烟就是要达到逐步减少卷烟等制成品的消费水平，这会带来两方面的影响：一方面减少了对健康的损害，这是""利""的一面；另一方面它会使烟农和卷烟生产及销售商减少产量和销售量，这是""弊""的一面。也许，还会预期政府由此而减少烟草带来的税收。我们需权衡利弊孰大，从而决定政策取向。",微博,用户7817539184,2024-01-22 19:32:21,http://weibo.com/7817539184/ND34iewb5,未知,控烟、戒烟,正面,未知
202401012428,【健康科普】北京疾控控烟公益广告-“我的爸爸不爱我” #控烟# 北京市大兴区妇幼保健院的微博视频,content: 【健康科普】北京疾控控烟公益广告-“我的爸爸不爱我” #控烟# 北京市大兴区妇幼保健院的微博视频,微博,北京市大兴区妇幼保健院,2024-01-22 17:58:05,http://weibo.com/3094008835/ND2s29GzZ,未知,控烟,中性,未知
202401012433,【健康科普】北京疾控控烟公益广告“小朋友眼中的吸烟爸妈”#控烟# 北京市大兴区妇幼保健院的微博视频,content: 【健康科普】北京疾控控烟公益广告“小朋友眼中的吸烟爸妈”#控烟# 北京市大兴区妇幼保健院的微博视频,微博,北京市大兴区妇幼保健院,2024-01-22 17:49:30,http://weibo.com/3094008835/ND2oy8jsD,未知,控烟,中性,未知
202401012439,每次上下班坐上有烟味的车，就想一路不呼吸，超漫长的二十分钟，滴滴在司机控烟方面还是比高德好很多,content: 每次上下班坐上有烟味的车，就想一路不呼吸，超漫长的二十分钟，滴滴在司机控烟方面还是比高德好很多,微博,怪味trick,2024-01-22 17:36:54,http://weibo.com/2903586094/ND2jr7R8D,未知,控烟,中性,未知
202401012445,@阿拉善政法//@罗百竹:#控烟也需要举国之力# 左边是20年烟民患病、患癌的肺，右边是正常人的肺，做个简单的实验看看对比...YouTube精彩视频的微博视频,content: @阿拉善政法//@罗百竹:#控烟也需要举国之力# 左边是20年烟民患病、患癌的肺，右边是正常人的肺，做个简单的实验看看对比...YouTube精彩视频的微博视频,微博,额济纳司法,2024-01-22 17:04:41,http://weibo.com/7299785373/ND26m6YP2,未知,控烟,正面,未知
202401012452,@阿拉善政法//@北京12320在聆听:【烟草中的有害物质是如何“使坏”的？】#北京12320控烟在行动# 众所周知，烟草中的有害物质很多，每一种都能对人体产生或大或小的不良刺激。在此主要介绍三种最常见的：尼古丁、一氧化碳和氧化物。 1、尼古丁进入人体之后可以激活交感神经，引起呼吸兴奋、血压升高、心肌需氧量增多，这也是为什么“吸烟能提神”的重要原因。经过全天动态监测心率可发现，吸烟者吸烟时心率加快，且尼古丁吸收入血液中的量越高，心率越快。 2、一氧化碳进入人体后能与血红蛋白紧密结合为碳氧血红蛋白，直接导致能携带氧气的血红蛋白减少，因此会阻碍氧气在血液内的释放。研究发现长期吸烟的人血红蛋白携带氧气的能力降低，机体长期处于相对缺氧的状态，刺激产生更多的红细胞，因此血液黏度增高。这些不良变化对于有心血管疾病的人无疑是雪上加霜，特别是冠脉狭窄患者很容易因此而诱发心衰和心律失常。 3、氧化物质主要是指氮氧化物和焦油中的自由基。自由基过多会导致机体组织养化-抗氧化系统失衡，引起氧化应激反应，使细胞膜发生脂质过氧化。研究发现，氧化应激在形成心血管疾病的过程中起了不可忽视的推动作用。（来源：北京医院）,content: @阿拉善政法//@北京12320在聆听:【烟草中的有害物质是如何“使坏”的？】#北京12320控烟在行动# 众所周知，烟草中的有害物质很多，每一种都能对人体产生或大或小的不良刺激。在此主要介绍三种最常见的：尼古丁、一氧化碳和氧化物。 1、尼古丁进入人体之后可以激活交感神经，引起呼吸兴奋、血压升高、心肌需氧量增多，这也是为什么“吸烟能提神”的重要原因。经过全天动态监测心率可发现，吸烟者吸烟时心率加快，且尼古丁吸收入血液中的量越高，心率越快。 2、一氧化碳进入人体后能与血红蛋白紧密结合为碳氧血红蛋白，直接导致能携带氧气的血红蛋白减少，因此会阻碍氧气在血液内的释放。研究发现长期吸烟的人血红蛋白携带氧气的能力降低，机体长期处于相对缺氧的状态，刺激产生更多的红细胞，因此血液黏度增高。这些不良变化对于有心血管疾病的人无疑是雪上加霜，特别是冠脉狭窄患者很容易因此而诱发心衰和心律失常。 3、氧化物质主要是指氮氧化物和焦油中的自由基。自由基过多会导致机体组织养化-抗氧化系统失衡，引起氧化应激反应，使细胞膜发生脂质过氧化。研究发现，氧化应激在形成心血管疾病的过程中起了不可忽视的推动作用。（来源：北京医院）,微博,额济纳司法,2024-01-22 17:03:47,http://weibo.com/7299785373/ND25ZvAAI,未知,控烟,正面,未知
202401012458,云南财经大学#无烟佳节 与爱同行# 无烟更有爱，健康过佳节。为了自己和他人的健康，让我们主动做控烟宣传者和倡导者，以实际行动践行文明健康、绿色环保的生活方式。,content: 云南财经大学#无烟佳节 与爱同行# 无烟更有爱，健康过佳节。为了自己和他人的健康，让我们主动做控烟宣传者和倡导者，以实际行动践行文明健康、绿色环保的生活方式。,微博,云南财经大学,2024-01-22 15:18:26,http://weibo.com/2569588942/ND1pelhaZ,未知,控烟,中性,未知
202401012465,转发微博//@北京12320在聆听:【怎样避免“三手烟”危害？】#北京12320控烟在行动# 1、鼓励吸烟的家人戒烟，这样才能从源头切断“三手烟”对家人的危害； 2、不在室内和车内吸烟； 3、在家多通风换气； 4、吸完烟后及时洗漱； 5、定期打扫卫生； 6、室内摆放绿植； 7、安装空气净化器等。 （来源：中国医科大学航空总医院）,content: 转发微博//@北京12320在聆听:【怎样避免“三手烟”危害？】#北京12320控烟在行动# 1、鼓励吸烟的家人戒烟，这样才能从源头切断“三手烟”对家人的危害； 2、不在室内和车内吸烟； 3、在家多通风换气； 4、吸完烟后及时洗漱； 5、定期打扫卫生； 6、室内摆放绿植； 7、安装空气净化器等。 （来源：中国医科大学航空总医院）,微博,北京怀柔渤海健康教育,2024-01-22 14:52:31,http://weibo.com/2735331763/ND1eI4C49,未知,控烟、戒烟,正面,未知
202401012471,转发微博//@北京12320在聆听:【二手烟对冠心病患者的危害】#北京12320控烟在行动# 吸烟是冠心病发生的主要危险因素，我国流行病学调查显示，大量吸烟与非吸烟患者相比冠心病发生率高26倍以上。吸入二手烟同样有害，二手烟对被动吸烟者的危害一点也不比主动吸烟者轻，特别是对患有心血管疾病的人的危害尤其严重。二手烟烟雾中含有一氧化碳，二手烟烟雾中的一氧化碳能与血红蛋白结合，会大大阻碍血红蛋白与氧气的结合。导致人体缺氧，引发心肌梗塞，这对心脑血管疾病患者来说，无疑是雪上加霜。二手烟雾中尼古丁的危害。二手烟雾中的尼古丁进入人体后，会导致人体血管收缩，会使心跳加快、血压上升，还能导致血液黏稠。患有心肌梗塞，高血脂、高血压等的患者病情更加容易恶化。二手烟中的几种成份能引起严重的心血管中毒，扰乱心脏、血液及血管系统正常功能，增加心血管事件发生的风险。二手烟暴露也能加重心脏病发作的程度，并增加复发和死亡风险。平常要多注意吃富含维生素的蔬菜水果、提供充足的高质量蛋白质，注意适量运动，来抵抗二手烟的危害。同时倡导大家远离吸烟源，给自己营造一个舒适的环境。（来源：首都医科大学附属北京朝阳医院）,content: 转发微博//@北京12320在聆听:【二手烟对冠心病患者的危害】#北京12320控烟在行动# 吸烟是冠心病发生的主要危险因素，我国流行病学调查显示，大量吸烟与非吸烟患者相比冠心病发生率高26倍以上。吸入二手烟同样有害，二手烟对被动吸烟者的危害一点也不比主动吸烟者轻，特别是对患有心血管疾病的人的危害尤其严重。二手烟烟雾中含有一氧化碳，二手烟烟雾中的一氧化碳能与血红蛋白结合，会大大阻碍血红蛋白与氧气的结合。导致人体缺氧，引发心肌梗塞，这对心脑血管疾病患者来说，无疑是雪上加霜。二手烟雾中尼古丁的危害。二手烟雾中的尼古丁进入人体后，会导致人体血管收缩，会使心跳加快、血压上升，还能导致血液黏稠。患有心肌梗塞，高血脂、高血压等的患者病情更加容易恶化。二手烟中的几种成份能引起严重的心血管中毒，扰乱心脏、血液及血管系统正常功能，增加心血管事件发生的风险。二手烟暴露也能加重心脏病发作的程度，并增加复发和死亡风险。平常要多注意吃富含维生素的蔬菜水果、提供充足的高质量蛋白质，注意适量运动，来抵抗二手烟的危害。同时倡导大家远离吸烟源，给自己营造一个舒适的环境。（来源：首都医科大学附属北京朝阳医院）,微博,北京怀柔渤海健康教育,2024-01-22 14:51:48,http://weibo.com/2735331763/ND1eq9I9H,未知,控烟,正面,未知
202401012478,#控烟宣传片# 控烟公益宣传片《小朋友眼中的吸烟爸妈》 网页链接,content: #控烟宣传片# 控烟公益宣传片《小朋友眼中的吸烟爸妈》 网页链接,微博,整形外科医院健康教育,2024-01-22 14:45:10,http://weibo.com/5084700731/ND1bJfNkX,未知,控烟,中性,未知
202401012485,转发微博//@窦店健康教育:二手烟(SHS)是被动吸烟的俗称，即不抽烟的人吸取其他吸烟者喷吐的烟雾的行为，又称“强迫吸烟”或“间接吸烟”。一般说来被动吸烟15分钟以上时，就可以认为二手烟现象成立。专家指出，每日和吸烟者在一起呆上15分钟以上，吸“二手烟”者的危害便等同于吸烟者。肺癌患者有75%因素最后追究到吸烟上。 分享：北京疾控控烟广告-我的爸爸不爱我 [窦店健康教育的微博视频](http://t.cn/A6jGB9px),content: 转发微博//@窦店健康教育:二手烟(SHS)是被动吸烟的俗称，即不抽烟的人吸取其他吸烟者喷吐的烟雾的行为，又称“强迫吸烟”或“间接吸烟”。一般说来被动吸烟15分钟以上时，就可以认为二手烟现象成立。专家指出，每日和吸烟者在一起呆上15分钟以上，吸“二手烟”者的危害便等同于吸烟者。肺癌患者有75%因素最后追究到吸烟上。 分享：北京疾控控烟广告-我的爸爸不爱我 [窦店健康教育的微博视频](http://t.cn/A6jGB9px),微博,琉璃河镇社区卫生服务中心,2024-01-22 14:36:17,http://weibo.com/3733083197/ND187ow1z,未知,控烟,中性,未知
202401012490,【无烟佳节 与爱同行】禁烟控烟知识宣传 【无烟佳节 与爱同行】禁烟控烟知识宣传,content: 【无烟佳节 与爱同行】禁烟控烟知识宣传 【无烟佳节 与爱同行】禁烟控烟知识宣传,微博,沙坡头区科学技术局,2024-01-22 14:21:08,http://weibo.com/7086201100/ND11YcqKy,未知,控烟,中性,未知
202401012495,健康科普 | 禁烟控烟知识宣传 健康科普 | 禁烟控烟知识宣传,content: 健康科普 | 禁烟控烟知识宣传 健康科普 | 禁烟控烟知识宣传,微博,沙坡头区科学技术局,2024-01-22 14:20:49,http://weibo.com/7086201100/ND11QmvnJ,未知,控烟,中性,未知
202401012500,学校周边控烟仍有隐秘的角落 卖烟“小抽屉”藏暗处 学校周边控烟仍有隐秘的角落,content: 学校周边控烟仍有隐秘的角落 卖烟“小抽屉”藏暗处 学校周边控烟仍有隐秘的角落,微博,育儿专家张思莱,2024-01-22 12:43:13,http://weibo.com/1412779214/ND0oegYKG,未知,控烟,中性,未知
202401012507,控烟第一天我先把嗓子治好,content: 控烟第一天我先把嗓子治好,微博,遇到麻烦睡大觉-_,2024-01-22 12:04:12,http://weibo.com/6169644062/ND08otpSO,未知,控烟,中性,未知
202401012513,【仙桃市“无烟佳节 与爱同行”倡议书】 广大市民朋友们： 　　为进一步推动全市“无烟佳节 与爱同行”活动开展，持续巩固创卫成果，引导群众自觉践行文明健康绿色环保生活方式，共同营造春节健康无烟环境，在此，我们发出如下倡议： 　　一、 心中无烟。要认识烟草危害，了解烟草危害，提高自身防控烟草危害意识和能力。增强自我控制能力，自觉抵制诱惑，提倡不吸烟、互不敬烟行为。 　　二、手中无烟。不在公共场所、室内工作场所和公共交通工具内吸烟，以实际行动践行文明健康绿色环保生活方式。各级领导干部、公职人员、教师和医务人员要带头示范，自觉遵守公共场所禁烟规定，自觉维护法规制度权威，自觉维护党政机关和领导干部形象。 　　三、室内无烟。各机关单位、医院、学校、宾馆、车站、商场、影院、网吧、餐饮店、体育场馆等所有室内公共场所、工作场所要全面实行禁烟，要在醒目位置张贴禁烟标识，落实控烟责任，带动全社会创建无烟环境。我们每个人都有向二手烟说“不”的权利，拒绝吸烟、二手烟，争当爱国卫生运动志愿者、控烟劝导员和监督员，主动劝阻他人不在禁烟场所吸烟，带动身边人文明劝导、共促健康。 　　让我们共同行动起来，从自身做起、从现在做起，追求文明健康的生活方式，拒绝烟草危害，欢度无烟佳节。 仙桃市爱国卫生运动委员会办公室 2024年1月22日 链接仙桃市“无烟佳节 与爱同行”倡议书,content: 【仙桃市“无烟佳节 与爱同行”倡议书】 广大市民朋友们： 为进一步推动全市“无烟佳节 与爱同行”活动开展，持续巩固创卫成果，引导群众自觉践行文明健康绿色环保生活方式，共同营造春节健康无烟环境，在此，我们发出如下倡议： 一、 心中无烟。要认识烟草危害，了解烟草危害，提高自身防控烟草危害意识和能力。增强自我控制能力，自觉抵制诱惑，提倡不吸烟、互不敬烟行为。 二、手中无烟。不在公共场所、室内工作场所和公共交通工具内吸烟，以实际行动践行文明健康绿色环保生活方式。各级领导干部、公职人员、教师和医务人员要带头示范，自觉遵守公共场所禁烟规定，自觉维护法规制度权威，自觉维护党政机关和领导干部形象。 三、室内无烟。各机关单位、医院、学校、宾馆、车站、商场、影院、网吧、餐饮店、体育场馆等所有室内公共场所、工作场所要全面实行禁烟，要在醒目位置张贴禁烟标识，落实控烟责任，带动全社会创建无烟环境。我们每个人都有向二手烟说“不”的权利，拒绝吸烟、二手烟，争当爱国卫生运动志愿者、控烟劝导员和监督员，主动劝阻他人不在禁烟场所吸烟，带动身边人文明劝导、共促健康。 让我们共同行动起来，从自身做起、从现在做起，追求文明健康的生活方式，拒绝烟草危害，欢度无烟佳节。 仙桃市爱国卫生运动委员会办公室 2024年1月22日 链接仙桃市“无烟佳节 与爱同行”倡议书,微博,江汉热线,2024-01-22 11:57:30,http://weibo.com/1882048810/ND05Fr3Kh,未知,控烟,正面,未知
202401012518,控烟行动一起来 健康环境更多彩 [北京朝阳六里屯健康教育的微博视频](http://t.cn/A6jfflQ4),content: 控烟行动一起来 健康环境更多彩 [北京朝阳六里屯健康教育的微博视频](http://t.cn/A6jfflQ4),微博,北京朝阳六里屯健康教育,2024-01-22 11:57:14,http://weibo.com/3462263180/ND05yDaZm,未知,控烟,正面,未知
202401012524,#无烟佳节 与爱同行# 禁烟控烟常态化，每日都是世界无烟日[济宁高新的微博视频](http://t.cn/A6OWwRk8),content: #无烟佳节 与爱同行# 禁烟控烟常态化，每日都是世界无烟日[济宁高新的微博视频](http://t.cn/A6OWwRk8),微博,西安航天基地,2024-01-22 11:45:13,http://weibo.com/3242106904/ND00Gm0ac,未知,控烟,中性,未知
202401012529,#不吸烟最时尚# 【无烟成都 将成为这座城市新的标签】控烟人人有责，让成都、更文明，让生活更美好 （健康成都官微）@绿色蒲江 健康成都官微的微博视频,content: #不吸烟最时尚# 【无烟成都 将成为这座城市新的标签】控烟人人有责，让成都、更文明，让生活更美好 （健康成都官微）@绿色蒲江 健康成都官微的微博视频,微博,蒲江农业农村,2024-01-22 11:39:32,http://weibo.com/3269309513/NCZYntIFU,未知,控烟,正面,未知
202401012534,爱尔兰计划全面禁烟！这一步至关重要 | 控烟观察 #环保协同控烟# 为爱捐赠，请点击：网页链接 近日，中国生物多样性保护与绿色发展基金会控烟工作组（简称“绿会控烟组”）注意到，爱尔兰卫生部长斯蒂芬·唐纳利（Stephen Donnelly）于日前表示，计划在爱尔兰全国推行禁烟计划 唐纳,content: 爱尔兰计划全面禁烟！这一步至关重要 | 控烟观察 #环保协同控烟# 为爱捐赠，请点击：网页链接 近日，中国生物多样性保护与绿色发展基金会控烟工作组（简称“绿会控烟组”）注意到，爱尔兰卫生部长斯蒂芬·唐纳利（Stephen Donnelly）于日前表示，计划在爱尔兰全国推行禁烟计划 唐纳,微博,霸道旳女红人,2024-01-22 11:35:28,http://weibo.com/6573749073/NCZWJgw5S,未知,控烟,正面,未知
202401012545,控烟宣传片#二手烟~禁烟~无烟~控烟~吸烟# 大栅栏社区卫生服务中心的微博视频,content: 控烟宣传片#二手烟~禁烟~无烟~控烟~吸烟# 大栅栏社区卫生服务中心的微博视频,微博,大栅栏社区卫生服务中心,2024-01-22 11:11:51,http://weibo.com/5695939317/NCZN93F7A,未知,控烟,正面,未知
202401012552,大栅栏社区卫生服务中心开展控烟宣传片播放！ 大栅栏社区卫生服务中心的微博视频,content: 大栅栏社区卫生服务中心开展控烟宣传片播放！ 大栅栏社区卫生服务中心的微博视频,微博,大栅栏社区卫生服务中心,2024-01-22 11:10:37,http://weibo.com/5695939317/NCZMDFPB9,未知,控烟,正面,未知
202401012556,【控烟公益宣传片】《我的爸爸不爱我》——无烟佳节，与爱同行 北京大兴瀛海健康教育的微博视频,content: 【控烟公益宣传片】《我的爸爸不爱我》——无烟佳节，与爱同行 北京大兴瀛海健康教育的微博视频,微博,北京大兴瀛海健康教育,2024-01-22 11:07:41,http://weibo.com/3234260334/NCZLsaIn0,未知,控烟,中性,未知
202401012562,净化公共场所环境，禁烟控烟非朝夕之功。太平桥街道综合行政执法队将与党群服务中心、商务楼宇物业等形成合力，加大宣传及执法力度，创造无烟环境。[“宣传+执法”，护航无烟办公环境](http://t.cn/A6jf27sJ),content: 净化公共场所环境，禁烟控烟非朝夕之功。太平桥街道综合行政执法队将与党群服务中心、商务楼宇物业等形成合力，加大宣传及执法力度，创造无烟环境。[“宣传+执法”，护航无烟办公环境](http://t.cn/A6jf27sJ),微博,丰台区太平桥街道,2024-01-22 10:40:18,http://weibo.com/2610227847/NCZAl3iQN,未知,控烟,正面,未知
202401012568,【无烟佳节 与爱同行】为贯彻落实国务院《关于实施健康中国行动的意见》《成都市公共场所控制吸烟条例》工作精神，进一步推动社会公众了解吸烟和二手烟暴露的严重危害，营造无烟氛围，1月18日，成都市第三人民医院联合青羊区疾病预防控制中心、新华社区卫生服务中心在院内开展了以“无烟佳节 与爱同行”为主题的控烟公益活动暨健康义诊 。无烟佳节 与爱同行丨市三医院控烟公益活动暨健康义诊 @健康成都官微,content: 【无烟佳节 与爱同行】为贯彻落实国务院《关于实施健康中国行动的意见》《成都市公共场所控制吸烟条例》工作精神，进一步推动社会公众了解吸烟和二手烟暴露的严重危害，营造无烟氛围，1月18日，成都市第三人民医院联合青羊区疾病预防控制中心、新华社区卫生服务中心在院内开展了以“无烟佳节 与爱同行”为主题的控烟公益活动暨健康义诊 。无烟佳节 与爱同行丨市三医院控烟公益活动暨健康义诊 @健康成都官微,微博,成都市第三人民医院,2024-01-22 09:55:27,http://weibo.com/3330118300/NCZi8o7Pn,未知,控烟,正面,未知
202401012574,【北肿控烟】吸烟的大人们，孩子们看控烟 #共创无烟健康北京# [北京大学肿瘤医院的微博视频](http://t.cn/A6jfzjRu),content: 【北肿控烟】吸烟的大人们，孩子们看控烟 #共创无烟健康北京# [北京大学肿瘤医院的微博视频](http://t.cn/A6jfzjRu),微博,北京大学肿瘤医院,2024-01-22 09:47:03,http://weibo.com/1881234081/NCZeJ29oH,未知,控烟,中性,未知
202401012580,转发微博//@健康成都官微:#不吸烟最时尚# 【无烟成都 将成为这座城市新的标签】控烟人人有责，让成都、更文明，让生活更美好[送花花][送花花] [健康成都官微的微博视频](http://t.cn/A6pyLUvM),content: 转发微博//@健康成都官微:#不吸烟最时尚# 【无烟成都 将成为这座城市新的标签】控烟人人有责，让成都、更文明，让生活更美好[送花花][送花花] [健康成都官微的微博视频](http://t.cn/A6pyLUvM),微博,小公主想妈妈了,2024-01-22 09:38:31,http://weibo.com/2154565985/NCZbgcHxM,未知,控烟,正面,未知
202401012586,【“无烟佳节，与爱同行”控烟倡议书】网页链接,content: 【“无烟佳节，与爱同行”控烟倡议书】网页链接,微博,无锡惠山发布,2024-01-22 09:38:08,http://weibo.com/3204861093/NCZb6rwdX,未知,控烟,中性,未知
202401012591,#不吸烟最时尚# 【无烟成都 将成为这座城市新的标签】控烟人人有责，让成都、更文明，让生活更美好 健康成都官微的微博视频,content: #不吸烟最时尚# 【无烟成都 将成为这座城市新的标签】控烟人人有责，让成都、更文明，让生活更美好 健康成都官微的微博视频,微博,健康成都官微,2024-01-22 09:37:33,http://weibo.com/3309826382/NCZaRDQX1,未知,控烟,正面,未知
202401012596,//@健康彭州:【动画解读：成都市公共场所控制吸烟条例】//@健康成都官微:#不吸烟最时尚# 【动画解读：成都市公共场所控制吸烟条例】营造无烟环境，建设无烟成都，控烟人人有责 健康成都官微的微博视频,content: //@健康彭州:【动画解读：成都市公共场所控制吸烟条例】//@健康成都官微:#不吸烟最时尚# 【动画解读：成都市公共场所控制吸烟条例】营造无烟环境，建设无烟成都，控烟人人有责 健康成都官微的微博视频,微博,彭州市第二人民医院微博,2024-01-22 09:34:15,http://weibo.com/3358159350/NCZ9wAL5n,未知,控烟,中性,未知
202401012606,为什么看不到也搜不到渭南半年来的控烟执法动态，不是说新法律生效初期的执法很重要嘛！反正我能搜到港澳两地新控烟法生效后第一个星期的控烟执法动态，,content: 为什么看不到也搜不到渭南半年来的控烟执法动态，不是说新法律生效初期的执法很重要嘛！反正我能搜到港澳两地新控烟法生效后第一个星期的控烟执法动态，,微博,毕无烟,2024-01-22 09:18:26,http://weibo.com/2158751382/NCZ36y0kw,未知,控烟,中性,未知
202401012612,春节，亲朋聚会，总要送点什么，礼品千挑万选，带着关怀和关爱。日前，新探健康研究发展中心和北京健康教育协会联合召开 “过年送礼不送烟 健康快乐过大年”信息沟通会，控烟专家呼吁：把最好的礼物给家人，过年送礼不送烟，送烟等于送危害。你同意吗？支持吗？请扫码，传递关心传递爱,content: 春节，亲朋聚会，总要送点什么，礼品千挑万选，带着关怀和关爱。日前，新探健康研究发展中心和北京健康教育协会联合召开 “过年送礼不送烟 健康快乐过大年”信息沟通会，控烟专家呼吁：把最好的礼物给家人，过年送礼不送烟，送烟等于送危害。你同意吗？支持吗？请扫码，传递关心传递爱,微博,北京健康教育刘秀荣,2024-01-22 09:08:01,http://weibo.com/1405202051/NCYYSuaBb,未知,控烟,正面,未知
202401012616,用了好一段时间阿可韦戒烟贴了，你别说你还真别说 ，控烟不是说着玩的，这段时间我一点不暴躁了，状态很好，也想不起抽烟了#抽烟##戒烟#,content: 用了好一段时间阿可韦戒烟贴了，你别说你还真别说 ，控烟不是说着玩的，这段时间我一点不暴躁了，状态很好，也想不起抽烟了#抽烟##戒烟#,微博,蜜桃酱朱莉,2024-01-22 08:55:38,http://weibo.com/7779023086/NCYTR09cy,未知,戒烟、控烟,正面,未知
202401012621,“无烟佳节 与爱同行”浚县疾病预防控制中心开展控烟宣传活动 #浚县# 　　为进一步推动爱国卫生健康教育和健康促进工作，引导群众践行文明健康绿色环保的生活方式，全力营造元旦、春节“两节”无烟氛围，积极做好我县控烟工作。浚县疾病预防控制中心主任张永举亲自部署，安排疾控中心工作人员分别于1月5日进校园开展“关爱青少年拒绝第一支烟做无烟新一代”的健康教育主题班会活动，开展“无烟佳节与爱同行”控烟绘画比赛。于1月19日进社区开展“无烟家庭”“无烟佳节”送烟等于送危害的咨询宣传活动。 　　1月5日，在浚县第二实验小学举行的无烟主题班会上，疾控中心工作人员共发放《吸烟的危害》宣传手册和折页、《健康素养66条》等宣传品200余份。疾控中心健教科赵晓丹以通俗易懂、寓教于乐的方式为学生讲解吸烟对青少年的危害健康教育知识，让更多的学生、青少年朋友成为控烟宣传员、劝导员，自觉树立控烟意识，养成良好的健康生活方式。随后现场进行了“无烟佳节与爱同行”控烟绘画比赛，同学们积极参与，分别表示会劝导家长过节不吸烟、不敬烟、不送烟，共度健康、文明的无烟佳节。 　　1月19日，工作人员走进社区在浚县古楼西城门开展了积极倡导“无烟家庭”“无烟佳节”送烟等于送危害的咨询宣传活动。现场为群众讲解吸烟的危害，如何正确戒烟等问题，为前来咨询的群众答疑解惑，科普知识。共发放吸烟危害、健康素养66条宣传手册、折页、印有健康知识手提袋等宣传品共计1000多余份。使广大群众进一步提高控烟意识，认识到吸烟的危害，改变以烟为礼的不良社会习俗。 　　本次宣传活动，疾控中心同时在浚县有线电视台滚动播出吸烟危害宣传游走字幕，充分发挥电视、网络、微信公众号传播优势，进入校园、社区开展宣传，全力营造无烟健康春节假日氛围，持续提升社会公众对烟草危害的认识程度，减少烟草消费和使用，多一些陪伴和情感交流，远离烟味，让爱更亲近。,content: “无烟佳节 与爱同行”浚县疾病预防控制中心开展控烟宣传活动 #浚县# 为进一步推动爱国卫生健康教育和健康促进工作，引导群众践行文明健康绿色环保的生活方式，全力营造元旦、春节“两节”无烟氛围，积极做好我县控烟工作。浚县疾病预防控制中心主任张永举亲自部署，安排疾控中心工作人员分别于1月5日进校园开展“关爱青少年拒绝第一支烟做无烟新一代”的健康教育主题班会活动，开展“无烟佳节与爱同行”控烟绘画比赛。于1月19日进社区开展“无烟家庭”“无烟佳节”送烟等于送危害的咨询宣传活动。 1月5日，在浚县第二实验小学举行的无烟主题班会上，疾控中心工作人员共发放《吸烟的危害》宣传手册和折页、《健康素养66条》等宣传品200余份。疾控中心健教科赵晓丹以通俗易懂、寓教于乐的方式为学生讲解吸烟对青少年的危害健康教育知识，让更多的学生、青少年朋友成为控烟宣传员、劝导员，自觉树立控烟意识，养成良好的健康生活方式。随后现场进行了“无烟佳节与爱同行”控烟绘画比赛，同学们积极参与，分别表示会劝导家长过节不吸烟、不敬烟、不送烟，共度健康、文明的无烟佳节。 1月19日，工作人员走进社区在浚县古楼西城门开展了积极倡导“无烟家庭”“无烟佳节”送烟等于送危害的咨询宣传活动。现场为群众讲解吸烟的危害，如何正确戒烟等问题，为前来咨询的群众答疑解惑，科普知识。共发放吸烟危害、健康素养66条宣传手册、折页、印有健康知识手提袋等宣传品共计1000多余份。使广大群众进一步提高控烟意识，认识到吸烟的危害，改变以烟为礼的不良社会习俗。 本次宣传活动，疾控中心同时在浚县有线电视台滚动播出吸烟危害宣传游走字幕，充分发挥电视、网络、微信公众号传播优势，进入校园、社区开展宣传，全力营造无烟健康春节假日氛围，持续提升社会公众对烟草危害的认识程度，减少烟草消费和使用，多一些陪伴和情感交流，远离烟味，让爱更亲近。,微博,浚县融媒体中心,2024-01-22 08:42:56,http://weibo.com/7576655968/NCYOH8YDz,未知,控烟、戒烟,正面,未知
202401012390,尧都区控烟倡议书临汾临汾便民 来源：今日尧都在线 临汾,content: 尧都区控烟倡议书临汾临汾便民 来源：今日尧都在线 临汾,微博,今日视听,2024-01-21 19:50:49,http://weibo.com/3931506927/NCTLisAiE,未知,控烟,正面,未知
202401012394,乔布斯就是这么走的，控烟限酒，保持健康体重……//@营养医师王兴国:#注册营养师[超话]#胰腺癌是目前治疗效果最差、预后最糟糕的癌症之一。 《英国医学杂志》（THE BMJ）发表临床综述（如图）表明： 1️⃣慢性胰腺炎患者患胰腺癌的风险升高16倍； 2️⃣糖尿病患者患胰腺癌的风险升高94%； 3️⃣当前吸烟者患胰腺癌的风险升高80%； 4️⃣既往吸烟者（当前戒烟）胰腺癌患病风险升高20%； 5️⃣肥胖者，体重指数（BMI）每增加5个单位（这个幅度是相当大的，是从一般胖到很胖，或从很胖到巨胖），胰腺癌患病风险升高10%。,content: 乔布斯就是这么走的，控烟限酒，保持健康体重……//@营养医师王兴国:#注册营养师[超话]#胰腺癌是目前治疗效果最差、预后最糟糕的癌症之一。 《英国医学杂志》（THE BMJ）发表临床综述（如图）表明： 1️⃣慢性胰腺炎患者患胰腺癌的风险升高16倍； 2️⃣糖尿病患者患胰腺癌的风险升高94%； 3️⃣当前吸烟者患胰腺癌的风险升高80%； 4️⃣既往吸烟者（当前戒烟）胰腺癌患病风险升高20%； 5️⃣肥胖者，体重指数（BMI）每增加5个单位（这个幅度是相当大的，是从一般胖到很胖，或从很胖到巨胖），胰腺癌患病风险升高10%。,微博,永远的明月清风,2024-01-21 11:38:50,http://weibo.com/1403804000/NCQxBlCgq,未知,控烟、戒烟,负面,未知
202401012398,转发微博//@三联生活周刊:【世卫组织：#2025年全球吸烟者预计降至12亿#】据《环球时报》援引欧洲新闻网消息，世界卫生组织（WHO）日前发布了全球烟草使用流行趋势报告。报告称，2022年全球吸烟者数量呈下降趋势，约有1/5（12.45亿）的成年人吸烟，2000年这一比例为1/3。预计到2025年，全球吸烟者数量将降至12亿。尽管全球吸烟者数量持续下降，但预计到2025年，还无法实现在2010年吸烟者数量基础上减少30%的全球目标，预计只有56个国家能实现该目标。埃及、印度尼西亚、约旦等国的吸烟者数量仍在上升。WHO敦促各国继续实施控烟政策。WHO此次调查对象包含加热式的纸卷烟、叶卷、无烟烟草等，但不包括电子烟。,content: 转发微博//@三联生活周刊:【世卫组织：#2025年全球吸烟者预计降至12亿#】据《环球时报》援引欧洲新闻网消息，世界卫生组织（WHO）日前发布了全球烟草使用流行趋势报告。报告称，2022年全球吸烟者数量呈下降趋势，约有1/5（12.45亿）的成年人吸烟，2000年这一比例为1/3。预计到2025年，全球吸烟者数量将降至12亿。尽管全球吸烟者数量持续下降，但预计到2025年，还无法实现在2010年吸烟者数量基础上减少30%的全球目标，预计只有56个国家能实现该目标。埃及、印度尼西亚、约旦等国的吸烟者数量仍在上升。WHO敦促各国继续实施控烟政策。WHO此次调查对象包含加热式的纸卷烟、叶卷、无烟烟草等，但不包括电子烟。,微博,花开花邹平,2024-01-21 05:23:16,http://weibo.com/5234184528/NCO59Dq6w,未知,控烟,正面,未知
202401012405,除了动手打人还有啥是违反治安管理条例的，家暴也是个人行为问题，也是个人素质问题，不能过问的，所以家暴要一直存在？因为不违反治安管理条例？二手烟影响路人了，也是个人素质问题，治安管理条例里也没要求，露天抽烟你管不着的。控烟条例里的罚款根本不会实现。天呐，只要稳定就行，那解决不了制造问题的，解决有意见的人的确是绝对的捷径啊，聪明人都会这么干，也一直是这么干的是吧。,content: 除了动手打人还有啥是违反治安管理条例的，家暴也是个人行为问题，也是个人素质问题，不能过问的，所以家暴要一直存在？因为不违反治安管理条例？二手烟影响路人了，也是个人素质问题，治安管理条例里也没要求，露天抽烟你管不着的。控烟条例里的罚款根本不会实现。天呐，只要稳定就行，那解决不了制造问题的，解决有意见的人的确是绝对的捷径啊，聪明人都会这么干，也一直是这么干的是吧。,微博,爱吃芒果的小兔兔,2024-01-21 03:36:50,http://weibo.com/7884499279/NCNnXgYwc,未知,控烟,中性,未知
202401012305,【库额尔齐斯镇赛尔江东路社区开展禁烟控烟宣传教育讲座】为进一步推动社区“禁烟控烟”工作，引导辖区居民践行文明健康环保生活方式，营造辖区无烟氛围，近日，赛尔江东路社区联合富蕴县卫健委组织辖区居民开展了禁烟控烟宣传教育讲座，多角度地进行控烟宣传教育，引导居民“不吸烟、主动戒烟”，主动做禁烟控烟宣传者和倡导者。网页链接,content: 【库额尔齐斯镇赛尔江东路社区开展禁烟控烟宣传教育讲座】为进一步推动社区“禁烟控烟”工作，引导辖区居民践行文明健康环保生活方式，营造辖区无烟氛围，近日，赛尔江东路社区联合富蕴县卫健委组织辖区居民开展了禁烟控烟宣传教育讲座，多角度地进行控烟宣传教育，引导居民“不吸烟、主动戒烟”，主动做禁烟控烟宣传者和倡导者。网页链接,微博,富蕴好地方,2024-01-20 18:44:24,http://weibo.com/7454377372/NCJTQbN3P,未知,控烟、戒烟,中性,未知
202401012311,戒烟控烟👀👀 其实可以很轻松！！！ #尼瑞克戒烟（控烟）保健贴,content: 戒烟控烟👀👀 其实可以很轻松！！！ #尼瑞克戒烟（控烟）保健贴,微博,梁向辉,2024-01-20 16:51:03,http://weibo.com/2479844347/NCJ9Pm2GA,未知,戒烟控烟、戒烟、控烟,正面,未知
202401012318,此餐厅（大梅沙潮麟苑海鲜）内没有禁止吸烟标示，并且没有工作人员劝阻。@深圳卫健委 @深圳控烟办 深圳·潮麟苑实惠渔港(海世界店) ,content: 此餐厅（大梅沙潮麟苑海鲜）内没有禁止吸烟标示，并且没有工作人员劝阻。@深圳卫健委 @深圳控烟办 深圳·潮麟苑实惠渔港(海世界店),微博,德丰TS迷你四驱车竞技场,2024-01-20 14:50:29,http://weibo.com/1859848262/NCImTegaB,未知,控烟,正面,未知
202401012331,没有政府强制的公共场所禁烟，这种活动，收效不大或全无。//@积极的橙子1:别想了吧，就渭南这样子，到头都看不到//@毕无烟:活动通知已经发了近一个月了，为什么还是看不到身边别的单位进行的以#无烟佳节与爱同行#为主题的面向所有人的控烟倡导活动？[国家卫生健康委办公厅关于开展“无烟佳节 与爱同行”活动的通知](http://t.cn/A6jGG5xv),content: 没有政府强制的公共场所禁烟，这种活动，收效不大或全无。//@积极的橙子1:别想了吧，就渭南这样子，到头都看不到//@毕无烟:活动通知已经发了近一个月了，为什么还是看不到身边别的单位进行的以#无烟佳节与爱同行#为主题的面向所有人的控烟倡导活动？[国家卫生健康委办公厅关于开展“无烟佳节 与爱同行”活动的通知](http://t.cn/A6jGG5xv),微博,YYHLMMAN,2024-01-20 11:19:50,http://weibo.com/2281746672/NCGZohFC3,未知,控烟,正面,未知
202401012345,#无烟佳节 与爱同行# #控烟# 《过年送礼不送烟 健康快乐过大年》控烟宣传西城区德胜社区卫生服务中心的微博视频,content: #无烟佳节 与爱同行# #控烟# 《过年送礼不送烟 健康快乐过大年》控烟宣传西城区德胜社区卫生服务中心的微博视频,微博,西安市文化和旅游局,2024-01-20 09:02:00,http://weibo.com/7724323179/NCG5ruGv8,未知,控烟,正面,未知
202401012351,转发微博//@澎湃新闻:【世卫组织：#2025年全球吸烟者预计降至12亿#】据《环球时报》援引欧洲新闻网消息，世界卫生组织（WHO）日前发布了全球烟草使用流行趋势报告。报告称，2022年全球吸烟者数量呈下降趋势，约有1/5（12.45亿）的成年人吸烟，2000年这一比例为1/3。预计到2025年，全球吸烟者数量将降至12亿。尽管全球吸烟者数量持续下降，但预计到2025年，还无法实现在2010年吸烟者数量基础上减少30%的全球目标，预计只有56个国家能实现该目标。埃及、印度尼西亚、约旦等国的吸烟者数量仍在上升。WHO敦促各国继续实施控烟政策。WHO此次调查对象包含加热式的纸卷烟、叶卷、无烟烟草等，但不包括电子烟。http://t.cn/A6jqnnfH,content: 转发微博//@澎湃新闻:【世卫组织：#2025年全球吸烟者预计降至12亿#】据《环球时报》援引欧洲新闻网消息，世界卫生组织（WHO）日前发布了全球烟草使用流行趋势报告。报告称，2022年全球吸烟者数量呈下降趋势，约有1/5（12.45亿）的成年人吸烟，2000年这一比例为1/3。预计到2025年，全球吸烟者数量将降至12亿。尽管全球吸烟者数量持续下降，但预计到2025年，还无法实现在2010年吸烟者数量基础上减少30%的全球目标，预计只有56个国家能实现该目标。埃及、印度尼西亚、约旦等国的吸烟者数量仍在上升。WHO敦促各国继续实施控烟政策。WHO此次调查对象包含加热式的纸卷烟、叶卷、无烟烟草等，但不包括电子烟。http://t.cn/A6jqnnfH,微博,邯湘子,2024-01-20 08:53:04,http://weibo.com/5774837669/NCG1OBmnF,未知,控烟,正面,未知
202401012358,#好物分享#朋友们 我忍不住要强推了 只要戒烟觉得困难的都给我买！ 阿可韦戒烟贴！ 贴手臂上就能控烟 状态巨好！一点不难受！ 烟瘾嘎嘎掉,content: #好物分享#朋友们 我忍不住要强推了 只要戒烟觉得困难的都给我买！ 阿可韦戒烟贴！ 贴手臂上就能控烟 状态巨好！一点不难受！ 烟瘾嘎嘎掉,微博,王简坚2021一定上岸,2024-01-20 08:33:47,http://weibo.com/7526910909/NCFTZrLXy,未知,戒烟、控烟,正面,未知
202401012365,#无烟佳节 与爱同行# 禁烟控烟常态化，每日都是世界无烟日济宁高新的微博视频,content: #无烟佳节 与爱同行# 禁烟控烟常态化，每日都是世界无烟日济宁高新的微博视频,微博,西安市文化和旅游局,2024-01-20 08:30:01,http://weibo.com/7724323179/NCFSsyksO,未知,控烟,中性,未知
202401012024,【世卫组织：#2025年全球吸烟者数量预计将降至12亿#】据《环球时报》援引欧洲新闻网消息，世界卫生组织（WHO）日前发布了全球烟草使用流行趋势报告。报告称，2022年全球吸烟者数量呈下降趋势，约有1/5（12.45亿）的成年人吸烟，2000年这一比例为1/3。预计到2025年，全球吸烟者数量将降至12亿。报告称，全球有150个国家成功减少了烟草使用，其中巴西、荷兰取得较大成效，与2010年相比，这两个国家2022年的吸烟者分别减少35%和30%左右。WHO健康促进司司长克雷希表示，近年来控烟工作取得了良好进展，但还不能自满，政府一旦放松，烟草业就会伺机扩张。尽管全球吸烟者数量持续下降，但预计到2025年，还无法实现在2010年吸烟者数量基础上减少30%的全球目标，预计只有56个国家能实现该目标。埃及、印度尼西亚、约旦等国的吸烟者数量仍在上升。WHO敦促各国继续实施控烟政策。WHO此次调查对象包含加热式的纸卷烟、叶卷、无烟烟草等，但不包括电子烟。更多详细内容请查看原文&amp;gt;&amp;gt;网页链接,content: 【世卫组织：#2025年全球吸烟者数量预计将降至12亿#】据《环球时报》援引欧洲新闻网消息，世界卫生组织（WHO）日前发布了全球烟草使用流行趋势报告。报告称，2022年全球吸烟者数量呈下降趋势，约有1/5（12.45亿）的成年人吸烟，2000年这一比例为1/3。预计到2025年，全球吸烟者数量将降至12亿。报告称，全球有150个国家成功减少了烟草使用，其中巴西、荷兰取得较大成效，与2010年相比，这两个国家2022年的吸烟者分别减少35%和30%左右。WHO健康促进司司长克雷希表示，近年来控烟工作取得了良好进展，但还不能自满，政府一旦放松，烟草业就会伺机扩张。尽管全球吸烟者数量持续下降，但预计到2025年，还无法实现在2010年吸烟者数量基础上减少30%的全球目标，预计只有56个国家能实现该目标。埃及、印度尼西亚、约旦等国的吸烟者数量仍在上升。WHO敦促各国继续实施控烟政策。WHO此次调查对象包含加热式的纸卷烟、叶卷、无烟烟草等，但不包括电子烟。更多详细内容请查看原文&amp;gt;&amp;gt;网页链接,微博,搜狐新闻,2024-01-19 21:33:24,http://weibo.com/5890672121/NCBzWcZ6C,未知,控烟,正面,未知
202401012031,过去几十年控烟导致了吸烟率由上世纪60 年代的 50% 降低到了如今的10% 左右,content: 过去几十年控烟导致了吸烟率由上世纪60 年代的 50% 降低到了如今的10% 左右,微博,药物开发老兵,2024-01-19 21:32:39,http://weibo.com/6587228950/NCBzDr2ye,未知,控烟,中性,未知
202401012038,发布了头条文章：《健康西城在行动“无烟佳节与爱同行”宣传系列之一 | 无烟为成长护航》 [健康西城在行动“无烟佳节与爱同行”宣传系列之一 | 无烟为成长护航](http://t.cn/A6j5Bzti) 来源：中国疾病预防控制中心控烟办公室,content: 发布了头条文章：《健康西城在行动“无烟佳节与爱同行”宣传系列之一 | 无烟为成长护航》 [健康西城在行动“无烟佳节与爱同行”宣传系列之一 | 无烟为成长护航](http://t.cn/A6j5Bzti) 来源：中国疾病预防控制中心控烟办公室,微博,西城健康,2024-01-19 20:47:55,http://weibo.com/2726545835/NCBhtCAPV,未知,控烟,中性,未知
202401012045,知识问答 | 【无烟佳节 与爱同行】控烟禁烟 从你我开始 正值新年元旦与新春佳节双节交替之际，空气中都仿佛弥漫着吉祥与喜悦的气息，大家走亲访友，每一件精心准备的礼品都包含着满满的心意与浓浓的温暖。但是，有一种经常用作表达祝福的“礼物”，实则却是危害健康的元凶之一，那就是烟草！ 知识问答 | 【无烟佳节 与爱同行】控烟禁烟 从你我开始,content: 知识问答 | 【无烟佳节 与爱同行】控烟禁烟 从你我开始 正值新年元旦与新春佳节双节交替之际，空气中都仿佛弥漫着吉祥与喜悦的气息，大家走亲访友，每一件精心准备的礼品都包含着满满的心意与浓浓的温暖。但是，有一种经常用作表达祝福的“礼物”，实则却是危害健康的元凶之一，那就是烟草！ 知识问答 | 【无烟佳节 与爱同行】控烟禁烟 从你我开始,微博,黄浦区科协,2024-01-19 19:06:59,http://weibo.com/3677856942/NCACvAJ1H,未知,控烟,中性,未知
202401012050,#学校周边暗藏卖烟小抽屉#【#学校周边暗藏卖烟点专卖十六七岁中学生#】一位中学教师向记者说起了2022年的亲身经历。当时他正教高三毕业班，在校门口发现班上一名男生有吸烟行为。学生辩解说，烟是从父亲那儿拿的，但联系到学生家长得知，学生的父母均无吸烟习惯。随后了解到孩子不说实话的原因，是怕学校周边“隐藏”的售烟点被举报，以后没地方买烟了。“后来不经意之间我发现学校周围有个书报摊，不光卖书报杂志，也卖饮料食品，我就去问有烟么，结果商家从书报摊底下拉出来一个小抽屉，里头全是烟。我这才知道，这样的‘小抽屉’很难被监管到。”根据这位老师提供的线索，记者展开了新一轮摸排，结果发现他提到的“小抽屉”确实普遍存在，其中书报摊、早餐车、菜站的“小抽屉”是最多的。这些售烟点藏在暗处，不向未成年人售烟的意识当然无从谈起。在丰台区东铁匠营第二小学百米范围内有一家蔬菜水果超市，这里售卖的商品从明面上看并不包括香烟。“您这儿有烟么？”来购物的人群中有人发问。跟随店主来到水果货架的后方，记者看到这里“别有洞天”。原来，货架底部除了支架外还有不少中空的部分，店主掀开遮挡货架的布帘，从底下拉出了“小抽屉”，里面装满了各式各样的香烟。对此，本报联合北京市控烟协会共同呼吁，各相关部门加大抽查力度，进一步规范烟草销售环节。相关各方不仅要监管好“站在明处”的合法售烟点，更要善于发现市面上藏在暗处的卖烟“小抽屉”，切断未成年人烟草来源，让他们与烟草制品进一步“绝缘”。（北京日报记者 景一鸣 陈圣禹）,content: #学校周边暗藏卖烟小抽屉#【#学校周边暗藏卖烟点专卖十六七岁中学生#】一位中学教师向记者说起了2022年的亲身经历。当时他正教高三毕业班，在校门口发现班上一名男生有吸烟行为。学生辩解说，烟是从父亲那儿拿的，但联系到学生家长得知，学生的父母均无吸烟习惯。随后了解到孩子不说实话的原因，是怕学校周边“隐藏”的售烟点被举报，以后没地方买烟了。“后来不经意之间我发现学校周围有个书报摊，不光卖书报杂志，也卖饮料食品，我就去问有烟么，结果商家从书报摊底下拉出来一个小抽屉，里头全是烟。我这才知道，这样的‘小抽屉’很难被监管到。”根据这位老师提供的线索，记者展开了新一轮摸排，结果发现他提到的“小抽屉”确实普遍存在，其中书报摊、早餐车、菜站的“小抽屉”是最多的。这些售烟点藏在暗处，不向未成年人售烟的意识当然无从谈起。在丰台区东铁匠营第二小学百米范围内有一家蔬菜水果超市，这里售卖的商品从明面上看并不包括香烟。“您这儿有烟么？”来购物的人群中有人发问。跟随店主来到水果货架的后方，记者看到这里“别有洞天”。原来，货架底部除了支架外还有不少中空的部分，店主掀开遮挡货架的布帘，从底下拉出了“小抽屉”，里面装满了各式各样的香烟。对此，本报联合北京市控烟协会共同呼吁，各相关部门加大抽查力度，进一步规范烟草销售环节。相关各方不仅要监管好“站在明处”的合法售烟点，更要善于发现市面上藏在暗处的卖烟“小抽屉”，切断未成年人烟草来源，让他们与烟草制品进一步“绝缘”。（北京日报记者 景一鸣 陈圣禹）,微博,北京日报,2024-01-19 17:52:58,http://weibo.com/1893892941/NCA8t6EhE,未知,控烟,正面,未知
202401012061,1月16日上午，市人大常委会召开《珠海经济特区审计条例》（以下简称《审计条例》）《珠海经济特区公共场所控制吸烟条例》（以下简称《控烟条例》）实施座谈会，深入学习贯彻习近平总书记关于审计工作的重要论述、关于健康中国建设的重要论述，推动两部法规有力有效贯彻实施。 　　据了解，《审计条例》《控烟条例》由市十届人大常委会第十八次会议表决通过，于今年1月1日起施行。 　　会上，市人大常委会法工委负责同志介绍了《审计条例》《控烟条例》的主要内容。 　　市审计局负责同志表示，将深入推进《审计条例》落到实处，全面贯彻落实“谁执法谁普法”普法责任，加强审计机关学习运用《审计条例》能力建设，全力推动我市审计工作高质量发展。市财政局负责同志表示，将在财审联动上下功夫，在监督计划互通、信息共享、线索移交和成果利用等方面加大力度，增强工作合力。市国资委负责同志表示，将坚决贯彻执行《审计条例》相关要求，加快建立健全以管资本为主的监管体系，助推市属国有企业行稳致远。 　　市爱卫办、市卫生健康局负责同志表示，将继续深入开展省级无烟单位创建活动，在全社会控烟方面起到引导和示范作用，不断推进戒烟门诊建设，为烟民提供科学戒烟咨询服务。市教育局负责同志表示，将定期开展对各区各校的实地检查与督查工作，将禁烟控烟工作纳入各区各校年度考核内容，纳入各区文明学校、健康学校创建考核范围。市城市管理综合执法局负责同志表示，将严格开展控烟执法，督促公共场所经营者、管理者规范设置禁止吸烟标识，对各类违法行为坚决予以处罚，开展专项整治行动，有效打击相关违法行为。市烟草专卖局负责同志表示，将加大对涉烟违法行为的打击力度，依法对违法生产、销售烟草制品及电子烟等情况进行监督执法，加大对未成年人的保护力度，严厉查处向未成年人销售烟草制品等行为。 　　市政府负责同志表示，要坚持党对审计工作的集中统一领导，完善党领导审计工作的运行机制。要健全审计工作报告机制，更好推动人大监督与审计监督的衔接贯通。要构建审计整改总体格局，充分利用审计整改成效提升政府治理效能。要规范审计监督权力运行，持续推进全市审计队伍能力与作风协同进步。要坚持法治引领，增强控烟工作的紧迫感和责任感。要广泛开展宣传，使广大群众了解、关注、支持、参与《控烟条例》的实施，营造良好氛围。要明确分工，加强监督执法力度，建立健全投诉举报协调机制，积极提供戒烟门诊服务，动员群众广泛参与，共同推进无烟珠海建设。 　　会议强调，要统一思想，提高认识，准确把握两部法规颁布实施的重要意义，切实履行法定职责，形成工作合力，抓紧抓实抓好贯彻落实工作。要加大执行力度，加强对两部法规贯彻落实的组织领导，细化分工、明确项目、抓好落实，确保两部法规有实效、不走样。要加强宣传解读工作，创新宣传方法，不断扩大社会宣传效果，为两部法规全面贯彻实施营造良好氛围。要加强人大监督，综合运用听取专项报告、执法检查、专题调研等监督形式，充分发挥人大代表作用，确保两部法规全面落实。 　　市人大常委会领导闫昊波、武林出席会议。 　　（来源：珠海特区报）,content: 1月16日上午，市人大常委会召开《珠海经济特区审计条例》（以下简称《审计条例》）《珠海经济特区公共场所控制吸烟条例》（以下简称《控烟条例》）实施座谈会，深入学习贯彻习近平总书记关于审计工作的重要论述、关于健康中国建设的重要论述，推动两部法规有力有效贯彻实施。 据了解，《审计条例》《控烟条例》由市十届人大常委会第十八次会议表决通过，于今年1月1日起施行。 会上，市人大常委会法工委负责同志介绍了《审计条例》《控烟条例》的主要内容。 市审计局负责同志表示，将深入推进《审计条例》落到实处，全面贯彻落实“谁执法谁普法”普法责任，加强审计机关学习运用《审计条例》能力建设，全力推动我市审计工作高质量发展。市财政局负责同志表示，将在财审联动上下功夫，在监督计划互通、信息共享、线索移交和成果利用等方面加大力度，增强工作合力。市国资委负责同志表示，将坚决贯彻执行《审计条例》相关要求，加快建立健全以管资本为主的监管体系，助推市属国有企业行稳致远。 市爱卫办、市卫生健康局负责同志表示，将继续深入开展省级无烟单位创建活动，在全社会控烟方面起到引导和示范作用，不断推进戒烟门诊建设，为烟民提供科学戒烟咨询服务。市教育局负责同志表示，将定期开展对各区各校的实地检查与督查工作，将禁烟控烟工作纳入各区各校年度考核内容，纳入各区文明学校、健康学校创建考核范围。市城市管理综合执法局负责同志表示，将严格开展控烟执法，督促公共场所经营者、管理者规范设置禁止吸烟标识，对各类违法行为坚决予以处罚，开展专项整治行动，有效打击相关违法行为。市烟草专卖局负责同志表示，将加大对涉烟违法行为的打击力度，依法对违法生产、销售烟草制品及电子烟等情况进行监督执法，加大对未成年人的保护力度，严厉查处向未成年人销售烟草制品等行为。 市政府负责同志表示，要坚持党对审计工作的集中统一领导，完善党领导审计工作的运行机制。要健全审计工作报告机制，更好推动人大监督与审计监督的衔接贯通。要构建审计整改总体格局，充分利用审计整改成效提升政府治理效能。要规范审计监督权力运行，持续推进全市审计队伍能力与作风协同进步。要坚持法治引领，增强控烟工作的紧迫感和责任感。要广泛开展宣传，使广大群众了解、关注、支持、参与《控烟条例》的实施，营造良好氛围。要明确分工，加强监督执法力度，建立健全投诉举报协调机制，积极提供戒烟门诊服务，动员群众广泛参与，共同推进无烟珠海建设。 会议强调，要统一思想，提高认识，准确把握两部法规颁布实施的重要意义，切实履行法定职责，形成工作合力，抓紧抓实抓好贯彻落实工作。要加大执行力度，加强对两部法规贯彻落实的组织领导，细化分工、明确项目、抓好落实，确保两部法规有实效、不走样。要加强宣传解读工作，创新宣传方法，不断扩大社会宣传效果，为两部法规全面贯彻实施营造良好氛围。要加强人大监督，综合运用听取专项报告、执法检查、专题调研等监督形式，充分发挥人大代表作用，确保两部法规全面落实。 市人大常委会领导闫昊波、武林出席会议。 （来源：珠海特区报）,微博,中国控制吸烟协会,2024-01-19 17:34:23,http://weibo.com/1933705701/NCA0VlOcC,未知,控烟、戒烟,正面,未知
202401012071,【#北京多所学校周边暗藏卖烟小抽屉#，专卖十六七岁中学生！】经北京晚报联合控烟部门多次呼吁，在社会各界的共同努力下，备受学生及家长关注的校园门前吸烟问题有明显好转。2024年1月5日，北京市控烟协会发布最新调查结果显示，保护未成年人远离烟草危害的相关工作仍有痛点问题需要解决。 2023年5月31日是第36个世界无烟日。结合“无烟 为成长护航”的世界无烟日主题，本报联合北京市控烟协会及各相关部门发出倡议——营造校门前无烟等候区，社会各界共同为孩子们圆梦。 在发出联合倡议的同时，本报还通过@北京民声微博平台广泛收集市民建议，与北京市控烟协会共同完成了校园门前禁烟的标识及标语。新的标识、标语提示牌在全市各中小学得到了大力推广，总共发放超过4万份。截至2023年10月，调查结果显示，与上半年对比，校门前吸烟问题得到改善，校门口吸烟人群占比从69.44%下降到了30.50%。 根据《北京市控制吸烟条例》规定，幼儿园、中小学校、少年宫及其周边一百米内禁止设置烟草制品销售网点。但本报记者在实际调查中发现，目前本市不少学校百米范围内仍有售烟点。 记者走访发现，校园周边除了容易监控的售烟点以外，还有很多本不该销售烟草的“小抽屉”存在。本报及北京市控烟协会共同呼吁，各相关部门加大抽查力度，进一步规范烟草销售环节，清除校园周边隐藏的售烟点。 校园周边的售烟点仍存在。 2023年底，北京市控烟协会动员100名志愿者对东城、西城、朝阳、海淀、丰台、石景山和大兴等7个区进行了新一轮控烟工作调查，并由首都医科大学公共卫生学院李星明团队进行了详细的统计分析，结果显示各区的控烟工作存在差异，其中校园周边100米是否有售烟点（含电子烟）的问题，各区工作成效差别较大。 针对这一问题，2024年1月以来，记者再次多路走访，调查学校周边的售烟情况。 1月9日，记者来到了北京市第六十五中学，跨过学校东门前的北河沿大街及东黄城根南街，一家超市几乎正对着学校大门。从学校门口往东看，超市玻璃橱窗里摞得像城墙一样的各色烟盒清晰可见。超市牌匾中介绍了销售的货品，第一项就是卷烟。 当日记者还走访了位于德外大街的北京第二实验小学（德胜校区），一家售烟的超市和学校的操场就隔着一条安德路。 在丰台，一些学校周边的售烟点甚至不止一个。在北京市控烟协会的官方网站上，有一张“学校周边违法售烟图”。市控烟协会在历次检查中先后发现的问题点位，都会在这张地图上标注出来。该地图显示，在此前的检查中，丰台区一学校附近100米范围内，查出三家售烟点。 根据《北京市控制吸烟条例》第二十条规定，禁止在幼儿园、中小学校、少年宫及其周边100米内销售烟草制品。统计发现，学校周边的很多售烟点不仅距离学校过近，甚至出现在学生上下学的必经路上。这些路上的一些小卖部、超市是孩子们常去买文具和零食的地方，在这些未成年人集中活动的区域，售烟柜台更是显得格外刺眼。 “校园周边100米”该如何界定？ 在为期半个月的走访中，记者注意到一个现象，对比控烟志愿者统计的结果，在一些学校周边寻找售烟点时，记者调查的结果与志愿者的调查结果并不完全一致。 记者从北京市控烟协会相关负责人处得知，目前判定售烟点是否距离学校太近的测量方式，并非是以学校边墙为起点辐射周边100米范围，而是以校园大门的中心点为起点，辐射校门周边的100米。因此，即便烟草专卖店几乎就挨着学校围墙，但如果距离校门中心点超过了100米，就难以判定违规。 北京市控烟协会会长张建枢告诉记者，目前这样的测量方式是相关各方出于多方面的考量最终拟定的办法。早在2015年，北京市疾控中心对校园周边售烟点的情况就做过一次抽样调查，当时涉及398所学校，从而得到了一个基数。此后历年各部门的相关问题调查都沿用了这一测量办法，以便于数据比对。 按照这一测量方法，不少学校周边的售烟点似乎处于“灰色地带”。比如售烟点与北京第二实验小学（德胜校区）虽然仅南北一街之隔，但学校的大门是向东开的，这样两者的距离就“拉大”了。 如此判定的方式是否有弊端？一些售烟点虽然在校门百米外，但仍离学校很近，是学生常去的场所，这些售烟点该怎么管？再比如，部分学校不止一个校门，该依照哪个校门测量？如果校门位置出现变更，难道一条街的商业机构也要跟着校门调整吗？ 张建枢坦言，近年来对于“校园周边100米”的判定办法，“控烟界”和“售烟界”一直存在争议，甚至可以说是一直在博弈。究竟是直线距离100米还是步行距离100米？要不要把这条要求从距离改成从学校目力所及之处……这些问题都有人提出来过。 为了保护未成年人不受烟草危害，相关法规也会根据实际情况不断完善。“归根到底，控制售烟点与校园距离并不是保障未成年人不受烟草危害的唯一手段，在《北京市控制吸烟条例》中，明确禁止烟草制品销售者向未成年人出售烟草制品，这才是核心。” 卖烟“小抽屉”藏在暗处！ 那么，售烟点能否守好不向未成年人卖烟的“闸门”呢？走访本市多家超市记者发现，控烟工作是基本到位的，即便提供自助结账服务，烟草制品也都被放在锁闭的玻璃柜里，柜子上还贴有不向未成年人售烟的提示，想买烟还是得先过售货员这道关。但随着调查的深入，记者发现漏洞仍然存在。 梳理历年控烟方面的数据，记者发现，以北京市疾控中心等单位发布的第三次全市青少年烟草流行监测结果为例，在烟草制品获得情况调查数据中，2021年本市中学生因年龄小买烟被拒的比例为28.7%，其中初中生为47.5%，而高中生被拒仅有18.3%。记者向很多售烟点及学校老师了解情况，找到了数据差异的原因。 “‘半大小子’是最难管的。”一些商家坦言，知道不能向未成年人售烟的规定，可要是十六七岁的孩子来买烟，如果没穿校服，再留点小胡子，判断其是否成年比较困难。“有时候真忙，哪有时间核实年龄，后面结账的人排着队呢。” 一位中学教师向记者说起了2022年的亲身经历。当时他正教高三毕业班，在校门口发现班上一名男生有吸烟行为。学生辩解说，烟是从父亲那儿拿的，但联系到学生家长得知，学生的父母均无吸烟习惯。随后了解到孩子不说实话的原因，是怕学校周边“隐藏”的售烟点被举报，以后没地方买烟了。“后来不经意之间我发现学校周围有个书报摊，不光卖书报杂志，也卖饮料食品，我就去问有烟么，结果商家从书报摊底下拉出来一个小抽屉，里头全是烟。我这才知道，这样的‘小抽屉’很难被监管到。” 根据这位老师提供的线索，记者展开了新一轮摸排，结果发现他提到的“小抽屉”确实普遍存在，其中书报摊、早餐车、菜站的“小抽屉”是最多的。这些售烟点藏在暗处，不向未成年人售烟的意识无从谈起。 在丰台区东铁匠营第二小学百米范围内有一家蔬菜水果超市，这里售卖的商品从明面上看并不包括香烟。“您这儿有烟么？”来购物的人群中有人发问。跟随店主来到水果货架的后方，记者看到这里“别有洞天”。原来，货架底部除了支架外还有不少中空的部分，店主掀开遮挡货架的布帘，从底下拉出了“小抽屉”，里面装满了各式各样的香烟。 对此，本报联合北京市控烟协会共同呼吁，各相关部门加大抽查力度，进一步规范烟草销售环节。相关各方不仅要监管好“站在明处”的合法售烟点，更要善于发现市面上藏在暗处的卖烟“小抽屉”，切断未成年人烟草来源，让他们与烟草制品进一步“绝缘”。@北京晚报 记者 景一鸣 陈圣禹,content: 【#北京多所学校周边暗藏卖烟小抽屉#，专卖十六七岁中学生！】经北京晚报联合控烟部门多次呼吁，在社会各界的共同努力下，备受学生及家长关注的校园门前吸烟问题有明显好转。2024年1月5日，北京市控烟协会发布最新调查结果显示，保护未成年人远离烟草危害的相关工作仍有痛点问题需要解决。 2023年5月31日是第36个世界无烟日。结合“无烟 为成长护航”的世界无烟日主题，本报联合北京市控烟协会及各相关部门发出倡议——营造校门前无烟等候区，社会各界共同为孩子们圆梦。 在发出联合倡议的同时，本报还通过@北京民声微博平台广泛收集市民建议，与北京市控烟协会共同完成了校园门前禁烟的标识及标语。新的标识、标语提示牌在全市各中小学得到了大力推广，总共发放超过4万份。截至2023年10月，调查结果显示，与上半年对比，校门前吸烟问题得到改善，校门口吸烟人群占比从69.44%下降到了30.50%。 根据《北京市控制吸烟条例》规定，幼儿园、中小学校、少年宫及其周边一百米内禁止设置烟草制品销售网点。但本报记者在实际调查中发现，目前本市不少学校百米范围内仍有售烟点。 记者走访发现，校园周边除了容易监控的售烟点以外，还有很多本不该销售烟草的“小抽屉”存在。本报及北京市控烟协会共同呼吁，各相关部门加大抽查力度，进一步规范烟草销售环节，清除校园周边隐藏的售烟点。 校园周边的售烟点仍存在。 2023年底，北京市控烟协会动员100名志愿者对东城、西城、朝阳、海淀、丰台、石景山和大兴等7个区进行了新一轮控烟工作调查，并由首都医科大学公共卫生学院李星明团队进行了详细的统计分析，结果显示各区的控烟工作存在差异，其中校园周边100米是否有售烟点（含电子烟）的问题，各区工作成效差别较大。 针对这一问题，2024年1月以来，记者再次多路走访，调查学校周边的售烟情况。 1月9日，记者来到了北京市第六十五中学，跨过学校东门前的北河沿大街及东黄城根南街，一家超市几乎正对着学校大门。从学校门口往东看，超市玻璃橱窗里摞得像城墙一样的各色烟盒清晰可见。超市牌匾中介绍了销售的货品，第一项就是卷烟。 当日记者还走访了位于德外大街的北京第二实验小学（德胜校区），一家售烟的超市和学校的操场就隔着一条安德路。 在丰台，一些学校周边的售烟点甚至不止一个。在北京市控烟协会的官方网站上，有一张“学校周边违法售烟图”。市控烟协会在历次检查中先后发现的问题点位，都会在这张地图上标注出来。该地图显示，在此前的检查中，丰台区一学校附近100米范围内，查出三家售烟点。 根据《北京市控制吸烟条例》第二十条规定，禁止在幼儿园、中小学校、少年宫及其周边100米内销售烟草制品。统计发现，学校周边的很多售烟点不仅距离学校过近，甚至出现在学生上下学的必经路上。这些路上的一些小卖部、超市是孩子们常去买文具和零食的地方，在这些未成年人集中活动的区域，售烟柜台更是显得格外刺眼。 “校园周边100米”该如何界定？ 在为期半个月的走访中，记者注意到一个现象，对比控烟志愿者统计的结果，在一些学校周边寻找售烟点时，记者调查的结果与志愿者的调查结果并不完全一致。 记者从北京市控烟协会相关负责人处得知，目前判定售烟点是否距离学校太近的测量方式，并非是以学校边墙为起点辐射周边100米范围，而是以校园大门的中心点为起点，辐射校门周边的100米。因此，即便烟草专卖店几乎就挨着学校围墙，但如果距离校门中心点超过了100米，就难以判定违规。 北京市控烟协会会长张建枢告诉记者，目前这样的测量方式是相关各方出于多方面的考量最终拟定的办法。早在2015年，北京市疾控中心对校园周边售烟点的情况就做过一次抽样调查，当时涉及398所学校，从而得到了一个基数。此后历年各部门的相关问题调查都沿用了这一测量办法，以便于数据比对。 按照这一测量方法，不少学校周边的售烟点似乎处于“灰色地带”。比如售烟点与北京第二实验小学（德胜校区）虽然仅南北一街之隔，但学校的大门是向东开的，这样两者的距离就“拉大”了。 如此判定的方式是否有弊端？一些售烟点虽然在校门百米外，但仍离学校很近，是学生常去的场所，这些售烟点该怎么管？再比如，部分学校不止一个校门，该依照哪个校门测量？如果校门位置出现变更，难道一条街的商业机构也要跟着校门调整吗？ 张建枢坦言，近年来对于“校园周边100米”的判定办法，“控烟界”和“售烟界”一直存在争议，甚至可以说是一直在博弈。究竟是直线距离100米还是步行距离100米？要不要把这条要求从距离改成从学校目力所及之处……这些问题都有人提出来过。 为了保护未成年人不受烟草危害，相关法规也会根据实际情况不断完善。“归根到底，控制售烟点与校园距离并不是保障未成年人不受烟草危害的唯一手段，在《北京市控制吸烟条例》中，明确禁止烟草制品销售者向未成年人出售烟草制品，这才是核心。” 卖烟“小抽屉”藏在暗处！ 那么，售烟点能否守好不向未成年人卖烟的“闸门”呢？走访本市多家超市记者发现，控烟工作是基本到位的，即便提供自助结账服务，烟草制品也都被放在锁闭的玻璃柜里，柜子上还贴有不向未成年人售烟的提示，想买烟还是得先过售货员这道关。但随着调查的深入，记者发现漏洞仍然存在。 梳理历年控烟方面的数据，记者发现，以北京市疾控中心等单位发布的第三次全市青少年烟草流行监测结果为例，在烟草制品获得情况调查数据中，2021年本市中学生因年龄小买烟被拒的比例为28.7%，其中初中生为47.5%，而高中生被拒仅有18.3%。记者向很多售烟点及学校老师了解情况，找到了数据差异的原因。 “‘半大小子’是最难管的。”一些商家坦言，知道不能向未成年人售烟的规定，可要是十六七岁的孩子来买烟，如果没穿校服，再留点小胡子，判断其是否成年比较困难。“有时候真忙，哪有时间核实年龄，后面结账的人排着队呢。” 一位中学教师向记者说起了2022年的亲身经历。当时他正教高三毕业班，在校门口发现班上一名男生有吸烟行为。学生辩解说，烟是从父亲那儿拿的，但联系到学生家长得知，学生的父母均无吸烟习惯。随后了解到孩子不说实话的原因，是怕学校周边“隐藏”的售烟点被举报，以后没地方买烟了。“后来不经意之间我发现学校周围有个书报摊，不光卖书报杂志，也卖饮料食品，我就去问有烟么，结果商家从书报摊底下拉出来一个小抽屉，里头全是烟。我这才知道，这样的‘小抽屉’很难被监管到。” 根据这位老师提供的线索，记者展开了新一轮摸排，结果发现他提到的“小抽屉”确实普遍存在，其中书报摊、早餐车、菜站的“小抽屉”是最多的。这些售烟点藏在暗处，不向未成年人售烟的意识无从谈起。 在丰台区东铁匠营第二小学百米范围内有一家蔬菜水果超市，这里售卖的商品从明面上看并不包括香烟。“您这儿有烟么？”来购物的人群中有人发问。跟随店主来到水果货架的后方，记者看到这里“别有洞天”。原来，货架底部除了支架外还有不少中空的部分，店主掀开遮挡货架的布帘，从底下拉出了“小抽屉”，里面装满了各式各样的香烟。 对此，本报联合北京市控烟协会共同呼吁，各相关部门加大抽查力度，进一步规范烟草销售环节。相关各方不仅要监管好“站在明处”的合法售烟点，更要善于发现市面上藏在暗处的卖烟“小抽屉”，切断未成年人烟草来源，让他们与烟草制品进一步“绝缘”。@北京晚报 记者 景一鸣 陈圣禹,微博,北京晚报,2024-01-19 17:06:53,http://weibo.com/1703371307/NCzPL8hGv,未知,控烟,正面,未知
202401012077,#无烟佳节 与爱同行#   一起来学习常态化控烟，健康每一天。 无烟更有爱，健康过佳节。 #无烟生活健康中国# ,content: #无烟佳节 与爱同行# 一起来学习常态化控烟，健康每一天。 无烟更有爱，健康过佳节。 #无烟生活健康中国#,微博,成都自然博物馆l成都理工博物馆,2024-01-19 16:23:13,http://weibo.com/7723476407/NCzy2Amah,未知,控烟,中性,未知
202401012083,巩义市新华路街道货场路社区组织开展控烟宣传活动 为加强控烟科普宣传，提升居民健康素养水平。2024年1月19日，巩义市新华路街道货场路社区组织开展“吸烟有害健康 无烟佳节与爱同行”主题控烟宣传活动，引导居民切实增强自觉禁烟意识，共同营造健康、清洁、无烟的生活环境。 活动中，社区工作人员走访辖区沿街商户、居民院落通过发放禁烟宣传手册、张贴禁烟标识等形式，积极向居民宣传吸烟与被动吸烟造成的危害，讲解控烟禁烟的相关法律政策等，引导居民把健康知识转变为健康行为，共建清洁环保的无烟社区，共享健康绿色的生活环境。 烟头不落地，城市更美丽。随后，货场路社区新时代文明实践志愿者对辖区周边重点路段两侧、楼院绿化带、沿街商铺等公共区域的烟头、白色垃圾进行了清理。 通过此次控烟宣传及文明实践活动的开展，号召大家积极践行文明健康绿色环保生活方式，珍爱健康、拒绝烟草，有效提升了居民群众对烟草危害健康的认知，倡导“无烟生活”，携手共创美好生活环境。 来源：货场路社区,content: 巩义市新华路街道货场路社区组织开展控烟宣传活动 为加强控烟科普宣传，提升居民健康素养水平。2024年1月19日，巩义市新华路街道货场路社区组织开展“吸烟有害健康 无烟佳节与爱同行”主题控烟宣传活动，引导居民切实增强自觉禁烟意识，共同营造健康、清洁、无烟的生活环境。 活动中，社区工作人员走访辖区沿街商户、居民院落通过发放禁烟宣传手册、张贴禁烟标识等形式，积极向居民宣传吸烟与被动吸烟造成的危害，讲解控烟禁烟的相关法律政策等，引导居民把健康知识转变为健康行为，共建清洁环保的无烟社区，共享健康绿色的生活环境。 烟头不落地，城市更美丽。随后，货场路社区新时代文明实践志愿者对辖区周边重点路段两侧、楼院绿化带、沿街商铺等公共区域的烟头、白色垃圾进行了清理。 通过此次控烟宣传及文明实践活动的开展，号召大家积极践行文明健康绿色环保生活方式，珍爱健康、拒绝烟草，有效提升了居民群众对烟草危害健康的认知，倡导“无烟生活”，携手共创美好生活环境。 来源：货场路社区,微博,神采巩义,2024-01-19 16:18:42,http://weibo.com/1977545783/NCzwcz020,未知,控烟,正面,未知
202401012088,为全面落实国家卫生城市（县）创建和健康云南、健康昆明行动建设工作要求，关于《昆明市爱国卫生运动委员会办公室关于开展“无烟佳节 与爱同行”活动通知》的精神。深入推动我社区控烟工作，营造节日期间无烟氛围，引导群众践行文明健康绿色环保生活方式，我社区以党组织生活会和腊八节活动为契机，深入开展“无烟佳节 与爱同行”活动。 近日，幸福邻里社区党委书记谢薇在社区召开的党组织生活会上，号召大家弘扬无烟文化，摒弃送烟、敬烟等陈规陋习，以不吸烟、不敬烟等健康行为守护家人健康，推动形成不在他人面前吸烟、勇于拒绝二手烟的良好社会氛围，让大家度过一个无烟的健康佳节。 18日下午，社区组织控烟志愿者和吸烟劝阻员来到幸福邻里红旗法治广场，以腊八节为契机深入到群众中开展“无烟佳节 与爱同行”活动。向居民朋友们介绍什么是一手烟、二手烟、三手烟、戒烟的好处以及讲解如何戒烟，提升居民戒烟的意愿，引导有戒烟意愿的人群科学戒烟，实现居民戒烟“零距离”。同时，社区通过利用LED屏播放控烟宣传标语、控烟视频、宣传片等形式，大力弘扬无烟过节文化，倡导过节不吸烟、不敬烟、不送烟。“送烟等于送危害”，“对二手烟说不”，共度无烟健康佳节。 本次宣传活动对推动我社区控烟工作，创造无烟、洁净、健康的生活工作环境和居住环境，对维护广大居民健康起到了积极的促进作用，得到了辖区居民的积极响应和支持。让践行文明健康绿色环保生活方式的理念深入人心，促使社区更多的居民积极参与到控烟行动中来，自觉成为控烟行动的宣传者、践行者。@官渡区金马街道,content: 为全面落实国家卫生城市（县）创建和健康云南、健康昆明行动建设工作要求，关于《昆明市爱国卫生运动委员会办公室关于开展“无烟佳节 与爱同行”活动通知》的精神。深入推动我社区控烟工作，营造节日期间无烟氛围，引导群众践行文明健康绿色环保生活方式，我社区以党组织生活会和腊八节活动为契机，深入开展“无烟佳节 与爱同行”活动。 近日，幸福邻里社区党委书记谢薇在社区召开的党组织生活会上，号召大家弘扬无烟文化，摒弃送烟、敬烟等陈规陋习，以不吸烟、不敬烟等健康行为守护家人健康，推动形成不在他人面前吸烟、勇于拒绝二手烟的良好社会氛围，让大家度过一个无烟的健康佳节。 18日下午，社区组织控烟志愿者和吸烟劝阻员来到幸福邻里红旗法治广场，以腊八节为契机深入到群众中开展“无烟佳节 与爱同行”活动。向居民朋友们介绍什么是一手烟、二手烟、三手烟、戒烟的好处以及讲解如何戒烟，提升居民戒烟的意愿，引导有戒烟意愿的人群科学戒烟，实现居民戒烟“零距离”。同时，社区通过利用LED屏播放控烟宣传标语、控烟视频、宣传片等形式，大力弘扬无烟过节文化，倡导过节不吸烟、不敬烟、不送烟。“送烟等于送危害”，“对二手烟说不”，共度无烟健康佳节。 本次宣传活动对推动我社区控烟工作，创造无烟、洁净、健康的生活工作环境和居住环境，对维护广大居民健康起到了积极的促进作用，得到了辖区居民的积极响应和支持。让践行文明健康绿色环保生活方式的理念深入人心，促使社区更多的居民积极参与到控烟行动中来，自觉成为控烟行动的宣传者、践行者。@官渡区金马街道,微博,金马街道幸福邻里社区,2024-01-19 16:00:42,http://weibo.com/6995347447/NCzoTAJ6I,未知,控烟、戒烟,正面,未知
202401012094,#控烟# 无烟佳节与爱同行,content: #控烟# 无烟佳节与爱同行,微博,西安市文化和旅游局,2024-01-19 15:44:11,http://weibo.com/7724323179/NCzic9eDF,未知,控烟,中性,未知
202401012100,转发微博 //@文明咸阳:#咸阳：营造春节无烟氛围 引导健康生活方式#《看咸阳》讯：1月17日，记者从市爱卫办了解到，为进一步推动无烟环境建设，加快控烟工作步伐，为全市人民打造一个无烟健康佳节，引导群众践行文明健康绿色环保生活方式，该办发布通知，在全市开展主题为“无烟佳节 与爱同行”控烟活动。 据介绍，本次活动以无烟环境建设为宗旨，将大力开展无烟党政机关建设巩固提升活动。要求各县市区、各单位按照《无烟党政机关建设指南》要求，认真开展自查自纠，发现问题及时整改，巩固建设成果。各党政机关(单位)要在内部开展全方位、多角度的控烟宣传教育，引导干部不吸烟、主动戒烟，主动做控烟宣传者和倡导者。 活动以“小手拉大手”为抓手，广泛开展控烟健康教育活动。要求各县市区要会同教育部门利用好中小学放假前最后一节课、假期教育等，引导学生充分认识烟草危害，了解控烟核心知识，帮助青少年树立“拒吸第一支烟，做无烟新一代”的理念。鼓励广大青少年成为学校、家庭控烟监督员，促进无烟学校、无烟家庭建设。 以健康科普宣传为依托，深入开展戒烟咨询服务活动。要求各县市区、市卫健委委直委管各医疗卫生单位要用好本地、本单位戒烟门诊及控烟干预资源，组织戒烟专家、健康科普专家进机关、进社区、进学校、下基层，通过发放戒烟科普宣传手册，讲解吸烟和二手烟的危害， 提升居民戒烟意愿，引导居民养成健康的生活方式和生活习惯。各县市区卫健部门要进一步规范基层医疗卫生机构戒烟服务，为有戒烟意愿的群众建立戒烟档案，提供免费戒烟咨询，提高戒烟成功率，实现居民戒烟服务“零”距离。 另外，通知还要求，各县市区、各单位、市卫健委委直委管各单位要以春节前后文化活动为契机，结合本辖区、本单位实际，精心策划，采取宣传标语、宣传栏、海报、 视频、公众号、公益宣传等群众喜闻乐见的方式，大力弘扬无烟健康过节文化，倡导过节不吸烟、不敬烟、不送烟，“对二手烟说不”，共度无烟健康佳节。 据了解，此次活动将持续到2月29日。（咸阳广电全媒体记者 韩芳）,content: 转发微博 //@文明咸阳:#咸阳：营造春节无烟氛围 引导健康生活方式#《看咸阳》讯：1月17日，记者从市爱卫办了解到，为进一步推动无烟环境建设，加快控烟工作步伐，为全市人民打造一个无烟健康佳节，引导群众践行文明健康绿色环保生活方式，该办发布通知，在全市开展主题为“无烟佳节 与爱同行”控烟活动。 据介绍，本次活动以无烟环境建设为宗旨，将大力开展无烟党政机关建设巩固提升活动。要求各县市区、各单位按照《无烟党政机关建设指南》要求，认真开展自查自纠，发现问题及时整改，巩固建设成果。各党政机关(单位)要在内部开展全方位、多角度的控烟宣传教育，引导干部不吸烟、主动戒烟，主动做控烟宣传者和倡导者。 活动以“小手拉大手”为抓手，广泛开展控烟健康教育活动。要求各县市区要会同教育部门利用好中小学放假前最后一节课、假期教育等，引导学生充分认识烟草危害，了解控烟核心知识，帮助青少年树立“拒吸第一支烟，做无烟新一代”的理念。鼓励广大青少年成为学校、家庭控烟监督员，促进无烟学校、无烟家庭建设。 以健康科普宣传为依托，深入开展戒烟咨询服务活动。要求各县市区、市卫健委委直委管各医疗卫生单位要用好本地、本单位戒烟门诊及控烟干预资源，组织戒烟专家、健康科普专家进机关、进社区、进学校、下基层，通过发放戒烟科普宣传手册，讲解吸烟和二手烟的危害， 提升居民戒烟意愿，引导居民养成健康的生活方式和生活习惯。各县市区卫健部门要进一步规范基层医疗卫生机构戒烟服务，为有戒烟意愿的群众建立戒烟档案，提供免费戒烟咨询，提高戒烟成功率，实现居民戒烟服务“零”距离。 另外，通知还要求，各县市区、各单位、市卫健委委直委管各单位要以春节前后文化活动为契机，结合本辖区、本单位实际，精心策划，采取宣传标语、宣传栏、海报、 视频、公众号、公益宣传等群众喜闻乐见的方式，大力弘扬无烟健康过节文化，倡导过节不吸烟、不敬烟、不送烟，“对二手烟说不”，共度无烟健康佳节。 据了解，此次活动将持续到2月29日。（咸阳广电全媒体记者 韩芳）,微博,流苏月影mi,2024-01-19 15:35:50,http://weibo.com/6154628173/NCzeO3zTm,未知,控烟、戒烟,正面,未知
202401012107,#办公室紧挨吸烟区 员工被迫吸“二手烟”？#吸烟危害健康已毋庸置疑，二手烟的危害更可谓“猛于虎”。近年来，各地控烟部门也加大力度对公共场所的违法吸烟行为进行劝导。然而近日有在广州天河区上班的刘先生向我们反映，自己几乎每天上班，都在经受着“二手烟”的折磨，很是苦恼，这问题到底是出在了哪呢？今日一线的微博视频,content: #办公室紧挨吸烟区 员工被迫吸“二手烟”？#吸烟危害健康已毋庸置疑，二手烟的危害更可谓“猛于虎”。近年来，各地控烟部门也加大力度对公共场所的违法吸烟行为进行劝导。然而近日有在广州天河区上班的刘先生向我们反映，自己几乎每天上班，都在经受着“二手烟”的折磨，很是苦恼，这问题到底是出在了哪呢？今日一线的微博视频,微博,防城港共青团,2024-01-19 15:35:24,http://weibo.com/2488354987/NCzeCDBUZ,未知,控烟,负面,未知
202401012113,大学东路街道联合南门外小学开展“无烟佳节 与爱同行”控烟宣传活动网页链接,content: 大学东路街道联合南门外小学开展“无烟佳节 与爱同行”控烟宣传活动网页链接,微博,赛罕区大学东路街道,2024-01-19 15:28:27,http://weibo.com/5423549238/NCzbO8ldp,未知,控烟,正面,未知
202401012118,#无烟 为成长护航# 建设健康成都，控烟人人有责，让成都更文明，让生活更美好。,content: #无烟 为成长护航# 建设健康成都，控烟人人有责，让成都更文明，让生活更美好。,微博,成都科技,2024-01-19 15:27:54,http://weibo.com/3149831401/NCzbA7kaT,未知,控烟,正面,未知
202401012123,北京疾控控烟广告-我的爸爸不爱我 朝阳区金盏第二社区卫生服务中心的微博视频,content: 北京疾控控烟广告-我的爸爸不爱我 朝阳区金盏第二社区卫生服务中心的微博视频,微博,朝阳区金盏第二社区卫生服务中心,2024-01-19 15:25:54,http://weibo.com/3229679373/NCzaM15AX,未知,控烟,正面,未知
202401012127,#无烟 为成长护航#【成都市公共场所控制吸烟条例】无烟更有爱一起来学习《成都市公共场所控制吸烟条例》吧～常态化控烟，健康每一天。 ,content: #无烟 为成长护航#【成都市公共场所控制吸烟条例】无烟更有爱一起来学习《成都市公共场所控制吸烟条例》吧～常态化控烟，健康每一天。,微博,成都科技,2024-01-19 15:23:24,http://weibo.com/3149831401/NCz9L5N5N,未知,控烟,中性,未知
202401012132,控烟公益宣传片《我的爸爸不爱我》 北京怀柔九渡河健康教育的微博视频,content: 控烟公益宣传片《我的爸爸不爱我》 北京怀柔九渡河健康教育的微博视频,微博,北京怀柔九渡河健康教育,2024-01-19 14:16:22,http://weibo.com/2720128791/NCyIya8Pe,未知,控烟,中性,未知
202401012147,北京疾控控烟广告-我的爸爸不爱我您可以保护孩子免吸二手烟，但是仍挡不住三手烟的伤害~ 北京朝阳六里屯健康教育的微博视频 ,content: 北京疾控控烟广告-我的爸爸不爱我您可以保护孩子免吸二手烟，但是仍挡不住三手烟的伤害~ 北京朝阳六里屯健康教育的微博视频,微博,北京朝阳六里屯健康教育,2024-01-19 13:29:25,http://weibo.com/3462263180/NCypujIqU,未知,控烟,负面,未知
202401012154,北京曝光#北京部门商户小抽屉里藏烟卖未成年人//@北京民声:##北京部门商户小抽屉里藏烟卖未成年人# 2024年1月5日，北京市控烟协会发布最新调查结果显示，保护未成年人远离烟草危害的相关工作仍有痛点问题需要解决。根据《北京市控制吸烟条例》规定，幼儿园、中小学校、少年宫及其周边一百米内禁止设置烟草制品销售网点。但本报记者在实际调查中发现，目前本市不 ...全文,content: 北京曝光#北京部门商户小抽屉里藏烟卖未成年人//@北京民声:##北京部门商户小抽屉里藏烟卖未成年人# 2024年1月5日，北京市控烟协会发布最新调查结果显示，保护未成年人远离烟草危害的相关工作仍有痛点问题需要解决。根据《北京市控制吸烟条例》规定，幼儿园、中小学校、少年宫及其周边一百米内禁止设置烟草制品销售网点。但本报记者在实际调查中发现，目前本市不 ...全文,微博,警事民言,2024-01-19 13:18:10,http://weibo.com/7324553776/NCykVltcM,未知,控烟,中性,未知
202401012160,#北京部门商户小抽屉里藏烟卖未成年人#2024年1月5日，北京市控烟协会发布最新调查结果显示，保护未成年人远离烟草危害的相关工作仍有痛点问题需要解决。根据《北京市控制吸烟条例》规定，幼儿园、中小学校、少年宫及其周边一百米内禁止设置烟草制品销售网点。但本报记者在实际调查中发现，目前本市不少学校百米范围内仍有售烟点。此外，一些明面上看起来并不销售烟草的果蔬店、小卖部，在其隐秘的角落里也藏有售卖香烟的“小抽屉”  网页链接,content: #北京部门商户小抽屉里藏烟卖未成年人#2024年1月5日，北京市控烟协会发布最新调查结果显示，保护未成年人远离烟草危害的相关工作仍有痛点问题需要解决。根据《北京市控制吸烟条例》规定，幼儿园、中小学校、少年宫及其周边一百米内禁止设置烟草制品销售网点。但本报记者在实际调查中发现，目前本市不少学校百米范围内仍有售烟点。此外，一些明面上看起来并不销售烟草的果蔬店、小卖部，在其隐秘的角落里也藏有售卖香烟的“小抽屉” 网页链接,微博,北京民声,2024-01-19 11:50:15,http://weibo.com/7504935411/NCxLf2SZ4,未知,控烟,正面,未知
202401012169,#北京部门商户小抽屉里藏烟卖未成年人# 2024年1月5日，北京市控烟协会发布最新调查结果显示，保护未成年人远离烟草危害的相关工作仍有痛点问题需要解决。根据《北京市控制吸烟条例》规定，幼儿园、中小学校、少年宫及其周边一百米内禁止设置烟草制品销售网点。但本报记者在实际调查中发现，目前本市不少学校百米范围内仍有售烟点。此外，一些明面上看起来并不销售烟草的果蔬店、小卖部，在其隐秘的角落里也藏有售卖香烟的“小抽屉”。学校周边控烟仍有隐秘角落，小抽屉藏烟专卖“半大小子”,content: #北京部门商户小抽屉里藏烟卖未成年人# 2024年1月5日，北京市控烟协会发布最新调查结果显示，保护未成年人远离烟草危害的相关工作仍有痛点问题需要解决。根据《北京市控制吸烟条例》规定，幼儿园、中小学校、少年宫及其周边一百米内禁止设置烟草制品销售网点。但本报记者在实际调查中发现，目前本市不少学校百米范围内仍有售烟点。此外，一些明面上看起来并不销售烟草的果蔬店、小卖部，在其隐秘的角落里也藏有售卖香烟的“小抽屉”。学校周边控烟仍有隐秘角落，小抽屉藏烟专卖“半大小子”,微博,北京民声,2024-01-19 11:33:49,http://weibo.com/7504935411/NCxEzcBu4,未知,控烟,正面,未知
202401012176,已经坚持半个月了，一根烟没抽，结果现在上呼吸道感染。//@北京12320在聆听:#北京12320控烟在行动#【戒烟多长时间，才能算成功？】戒烟时间要多久并没有下医学定论，一般患者能坚持戒烟几个月，已经是初步的成功，但不要存在侥幸心理，还是要继续坚持戒烟，两年是过渡期。一般患者，从每天一包烟逐渐过渡到三四天一包烟，然后一周一包烟，逐渐减少香烟的摄取才能将几年的烟瘾完全戒掉，具体的戒烟时间应看抽烟者对烟的依赖程度。（来源：朝阳区卫生和计划生育委员会）,content: 已经坚持半个月了，一根烟没抽，结果现在上呼吸道感染。//@北京12320在聆听:#北京12320控烟在行动#【戒烟多长时间，才能算成功？】戒烟时间要多久并没有下医学定论，一般患者能坚持戒烟几个月，已经是初步的成功，但不要存在侥幸心理，还是要继续坚持戒烟，两年是过渡期。一般患者，从每天一包烟逐渐过渡到三四天一包烟，然后一周一包烟，逐渐减少香烟的摄取才能将几年的烟瘾完全戒掉，具体的戒烟时间应看抽烟者对烟的依赖程度。（来源：朝阳区卫生和计划生育委员会）,微博,风华绝代的二哈,2024-01-19 11:24:19,http://weibo.com/5870322298/NCxAI9szq,未知,控烟、戒烟,正面,未知
202401012182,【北京一些#学校周边仍有隐秘小店卖烟给未成年人#】经本报联合控烟部门多次呼吁，在社会各界的共同努力下，备受学生及家长关注的校园门前吸烟问题有明显好转。但本报记者在实际调查中发现，目前本市不少学校百米范围内仍有售烟点。记者走访发现，校园周边除了容易监控的售烟点以外，还有很多本来不该销售烟草的“小抽屉”存在。一些学校周边的书报摊、早餐车、菜站的“小抽屉”是最多的。这些售烟点很难发现，经营者普遍没有“不向未成年人售烟”的意识。本报及北京市控烟协会共同呼吁，各相关部门加大抽查力度，进一步规范烟草销售环节，清除校园周边隐藏的售烟点。@北京晚报 记者 景一鸣 陈圣禹 学校周边控烟仍有隐秘角落，小抽屉藏烟专卖“半大小子”,content: 【北京一些#学校周边仍有隐秘小店卖烟给未成年人#】经本报联合控烟部门多次呼吁，在社会各界的共同努力下，备受学生及家长关注的校园门前吸烟问题有明显好转。但本报记者在实际调查中发现，目前本市不少学校百米范围内仍有售烟点。记者走访发现，校园周边除了容易监控的售烟点以外，还有很多本来不该销售烟草的“小抽屉”存在。一些学校周边的书报摊、早餐车、菜站的“小抽屉”是最多的。这些售烟点很难发现，经营者普遍没有“不向未成年人售烟”的意识。本报及北京市控烟协会共同呼吁，各相关部门加大抽查力度，进一步规范烟草销售环节，清除校园周边隐藏的售烟点。@北京晚报 记者 景一鸣 陈圣禹 学校周边控烟仍有隐秘角落，小抽屉藏烟专卖“半大小子”,微博,北京晚报,2024-01-19 11:23:50,http://weibo.com/1703371307/NCxAwahDi,未知,控烟,正面,未知
202401012188,有陌生人替你的健康操心//@文明北京:#创建文明城市 共筑首善北京# 【控烟宣传日，引导员喊你来灭烟！】1月17日正逢腊月初七，虽说“腊七腊八冻掉下巴”，但为持续深化落实每周三控烟宣传活动，东城区、石景山区、大兴区文明引导员不惧寒冷，化身控烟志愿者。他们身穿柠檬黄色队服、外罩蓝色控烟马甲，在岗上完成两个小时的控烟宣传后，又 ...全文,content: 有陌生人替你的健康操心//@文明北京:#创建文明城市 共筑首善北京# 【控烟宣传日，引导员喊你来灭烟！】1月17日正逢腊月初七，虽说“腊七腊八冻掉下巴”，但为持续深化落实每周三控烟宣传活动，东城区、石景山区、大兴区文明引导员不惧寒冷，化身控烟志愿者。他们身穿柠檬黄色队服、外罩蓝色控烟马甲，在岗上完成两个小时的控烟宣传后，又 ...全文,微博,北京广播,2024-01-19 11:09:09,http://weibo.com/1905653985/NCxuyxO7o,未知,控烟,中性,未知
202401012194,转发微博//@窦店健康教育:二手烟(SHS)是被动吸烟的俗称，即不抽烟的人吸取其他吸烟者喷吐的烟雾的行为，又称“强迫吸烟”或“间接吸烟”。一般说来被动吸烟15分钟以上时，就可以认为二手烟现象成立。专家指出，每日和吸烟者在一起呆上15分钟以上，吸“二手烟”者的危害便等同于吸烟者。肺癌患者有75%因素最后追究到吸烟上。 分享：北京疾控控烟广告-我的爸爸不爱我 http://t.cn/A6jGB9px,content: 转发微博//@窦店健康教育:二手烟(SHS)是被动吸烟的俗称，即不抽烟的人吸取其他吸烟者喷吐的烟雾的行为，又称“强迫吸烟”或“间接吸烟”。一般说来被动吸烟15分钟以上时，就可以认为二手烟现象成立。专家指出，每日和吸烟者在一起呆上15分钟以上，吸“二手烟”者的危害便等同于吸烟者。肺癌患者有75%因素最后追究到吸烟上。 分享：北京疾控控烟广告-我的爸爸不爱我 http://t.cn/A6jGB9px,微博,北京房山韩村河健康教育,2024-01-19 11:05:27,http://weibo.com/3156701342/NCxt3rWp8,未知,控烟,中性,未知
202401012200,"【周知！#三手烟对儿童危害比你想象严重#】#三手烟是什么#？“三手烟”是指吸烟者“吞云吐雾”后残留在衣物、墙壁、地毯、窗帘、皮革、家具，甚至头发和皮肤等表面的烟草烟残留物。“三手烟”容易被忽略、危害时间长、对儿童的危害尤甚。怎样避免“三手烟”危害？详戳文章了解↓↓↓ O“三手烟”危害竟然这么大！ [“三手烟”危害竟然这么大！](http://t.cn/A6N44zDC) 许多人意识到“一手烟”和“二手烟”的危害 于是抽烟时会特意避开孩子和孕妇 在家烟瘾犯了就去楼道或阳台吸烟 但是你知道吗？ 只要你还在抽烟 另一种更可怕的污染方式——“三手烟” 就会悄悄危害家人和孩子的身体！ “三手烟”是什么？ “三手烟”是指吸烟者“吞云吐雾”后残留在衣物、墙壁、地毯、窗帘、皮革、家具，甚至头发和皮肤等表面的烟草烟残留物，是目前危害最为广泛的室内空气污染。残留物中含有尼古丁、致癌物、重金属、放射性物质等有害物质。 “三手烟”为什么危害大？ 一是容易被忽略。二手烟能躲，但三手烟难防。看到有人吸烟，我们能躲开，但是遭受三手烟的危害往往是不自知的，通过呼吸、皮肤进行吸收，很容易被忽略。 二是危害时间长。二手烟中的有害成分被吸附在物品表面，形成“三手烟”, 时间可长达数月，想要彻底去除非常困难。 三是对儿童的危害尤甚。因儿童尤其是婴幼儿容易在地上爬或接触各种被污染的物体，抓到东西往嘴里塞。 怎样避免“三手烟”危害？ - 唯一有效避免三手烟的做法，就是不在室内和车内吸烟。 - 外出尽量选择“禁止吸烟”的餐厅和其他室内场所，降低接触烟草的几率。 - 鼓励吸烟的家人戒烟。 中国疾控中心健康传播中心 供稿 中国疾控中心控烟办 审核","content: 【周知！#三手烟对儿童危害比你想象严重#】#三手烟是什么#？“三手烟”是指吸烟者“吞云吐雾”后残留在衣物、墙壁、地毯、窗帘、皮革、家具，甚至头发和皮肤等表面的烟草烟残留物。“三手烟”容易被忽略、危害时间长、对儿童的危害尤甚。怎样避免“三手烟”危害？详戳文章了解↓↓↓ O“三手烟”危害竟然这么大！ [“三手烟”危害竟然这么大！](http://t.cn/A6N44zDC) 许多人意识到“一手烟”和“二手烟”的危害 于是抽烟时会特意避开孩子和孕妇 在家烟瘾犯了就去楼道或阳台吸烟 但是你知道吗？ 只要你还在抽烟 另一种更可怕的污染方式——“三手烟” 就会悄悄危害家人和孩子的身体！ “三手烟”是什么？ “三手烟”是指吸烟者“吞云吐雾”后残留在衣物、墙壁、地毯、窗帘、皮革、家具，甚至头发和皮肤等表面的烟草烟残留物，是目前危害最为广泛的室内空气污染。残留物中含有尼古丁、致癌物、重金属、放射性物质等有害物质。 “三手烟”为什么危害大？ 一是容易被忽略。二手烟能躲，但三手烟难防。看到有人吸烟，我们能躲开，但是遭受三手烟的危害往往是不自知的，通过呼吸、皮肤进行吸收，很容易被忽略。 二是危害时间长。二手烟中的有害成分被吸附在物品表面，形成“三手烟”, 时间可长达数月，想要彻底去除非常困难。 三是对儿童的危害尤甚。因儿童尤其是婴幼儿容易在地上爬或接触各种被污染的物体，抓到东西往嘴里塞。 怎样避免“三手烟”危害？ - 唯一有效避免三手烟的做法，就是不在室内和车内吸烟。 - 外出尽量选择“禁止吸烟”的餐厅和其他室内场所，降低接触烟草的几率。 - 鼓励吸烟的家人戒烟。 中国疾控中心健康传播中心 供稿 中国疾控中心控烟办 审核",微博,防城港共青团,2024-01-19 11:02:35,http://weibo.com/2488354987/NCxrTkSQZ,未知,戒烟、控烟,正面,未知
202401012205,转发微博//@文明北京:【控烟宣传日，引导员喊你来灭烟！】1月17日正逢腊月初七，虽说“腊七腊八冻掉下巴”，但为持续深化落实每周三控烟宣传活动，东城区、石景山区、大兴区文明引导员不惧寒冷，化身控烟志愿者。他们身穿柠檬黄色队服、外罩蓝色控烟马甲，在岗上完成两个小时的控烟宣传后，又相约在地铁站、公园等人流聚集处，开展控烟宣传活动。 （来源：文明北京微信公众号） http://t.cn/A6jqmTVW,content: 转发微博//@文明北京:【控烟宣传日，引导员喊你来灭烟！】1月17日正逢腊月初七，虽说“腊七腊八冻掉下巴”，但为持续深化落实每周三控烟宣传活动，东城区、石景山区、大兴区文明引导员不惧寒冷，化身控烟志愿者。他们身穿柠檬黄色队服、外罩蓝色控烟马甲，在岗上完成两个小时的控烟宣传后，又相约在地铁站、公园等人流聚集处，开展控烟宣传活动。 （来源：文明北京微信公众号） http://t.cn/A6jqmTVW,微博,动漫中的西柳村,2024-01-19 10:48:40,http://weibo.com/2649762111/NCxmfdFxl,未知,控烟,正面,未知
202401012211,//@健康彭州:【[话筒][话筒]动画解读：成都市公共场所控制吸烟条例】//@健康成都官微:#不吸烟最时尚# 【[话筒][话筒]动画解读：成都市公共场所控制吸烟条例】营造无烟环境，建设无烟成都，控烟人人有责[围观][围观][围观] [健康成都官微的微博视频](http://t.cn/A6pUCeey),content: //@健康彭州:【[话筒][话筒]动画解读：成都市公共场所控制吸烟条例】//@健康成都官微:#不吸烟最时尚# 【[话筒][话筒]动画解读：成都市公共场所控制吸烟条例】营造无烟环境，建设无烟成都，控烟人人有责[围观][围观][围观] [健康成都官微的微博视频](http://t.cn/A6pUCeey),微博,彭州市妇幼保健院,2024-01-19 10:44:27,http://weibo.com/3332976004/NCxkwDLfy,未知,控烟,中性,未知
202401012217,#全球吸烟者数量呈下降趋势# 【世卫组织：#全球吸烟者数量将降至12亿# 】据《环球时报》援引欧洲新闻网消息，世界卫生组织（WHO）日前发布了全球烟草使用流行趋势报告。报告称，2022年全球吸烟者数量呈下降趋势，约有1/5（12.45亿）的成年人吸烟，2000年这一比例为1/3。预计到2025年，全球吸烟者数量将降至12亿。尽管全球吸烟者数量持续下降，但预计到2025年，还无法实现在2010年吸烟者数量基础上减少30%的全球目标，预计只有56个国家能实现该目标。埃及、印度尼西亚、约旦等国的吸烟者数量仍在上升。WHO敦促各国继续实施控烟政策。WHO此次调查对象包含加热式的纸卷烟、叶卷、无烟烟草等，但不包括电子烟。（澎湃，泽塔）NBD视频的微博视频,content: #全球吸烟者数量呈下降趋势# 【世卫组织：#全球吸烟者数量将降至12亿# 】据《环球时报》援引欧洲新闻网消息，世界卫生组织（WHO）日前发布了全球烟草使用流行趋势报告。报告称，2022年全球吸烟者数量呈下降趋势，约有1/5（12.45亿）的成年人吸烟，2000年这一比例为1/3。预计到2025年，全球吸烟者数量将降至12亿。尽管全球吸烟者数量持续下降，但预计到2025年，还无法实现在2010年吸烟者数量基础上减少30%的全球目标，预计只有56个国家能实现该目标。埃及、印度尼西亚、约旦等国的吸烟者数量仍在上升。WHO敦促各国继续实施控烟政策。WHO此次调查对象包含加热式的纸卷烟、叶卷、无烟烟草等，但不包括电子烟。（澎湃，泽塔）NBD视频的微博视频,微博,每日经济新闻,2024-01-19 10:44:21,http://weibo.com/1649173367/NCxkurZPb,未知,控烟,正面,未知
202401012223,【控烟宣传日，引导员喊你来灭烟！】1月17日正逢腊月初七，虽说“腊七腊八冻掉下巴”，但为持续深化落实每周三控烟宣传活动，东城区、石景山区、大兴区文明引导员不惧寒冷，化身控烟志愿者。他们身穿柠檬黄色队服、外罩蓝色控烟马甲，在岗上完成两个小时的控烟宣传后，又相约在地铁站、公园等人流聚集处，开展控烟宣传活动。 （来源：文明北京微信公众号） 控烟宣传日，引导员喊你来灭烟！,content: 【控烟宣传日，引导员喊你来灭烟！】1月17日正逢腊月初七，虽说“腊七腊八冻掉下巴”，但为持续深化落实每周三控烟宣传活动，东城区、石景山区、大兴区文明引导员不惧寒冷，化身控烟志愿者。他们身穿柠檬黄色队服、外罩蓝色控烟马甲，在岗上完成两个小时的控烟宣传后，又相约在地铁站、公园等人流聚集处，开展控烟宣传活动。 （来源：文明北京微信公众号） 控烟宣传日，引导员喊你来灭烟！,微博,文明北京,2024-01-19 10:30:15,http://weibo.com/2189978113/NCxeLnNHH,未知,控烟,正面,未知
202401012229,【世卫组织：#2025年全球吸烟者预计降至12亿#】据《环球时报》援引欧洲新闻网消息，世界卫生组织（WHO）日前发布了全球烟草使用流行趋势报告。报告称，2022年全球吸烟者数量呈下降趋势，约有1/5（12.45亿）的成年人吸烟，2000年这一比例为1/3。预计到2025年，全球吸烟者数量将降至12亿。尽管全球吸烟者数量持续下降，但预计到2025年，还无法实现在2010年吸烟者数量基础上减少30%的全球目标，预计只有56个国家能实现该目标。埃及、印度尼西亚、约旦等国的吸烟者数量仍在上升。WHO敦促各国继续实施控烟政策。WHO此次调查对象包含加热式的纸卷烟、叶卷、无烟烟草等，但不包括电子烟。网页链接,content: 【世卫组织：#2025年全球吸烟者预计降至12亿#】据《环球时报》援引欧洲新闻网消息，世界卫生组织（WHO）日前发布了全球烟草使用流行趋势报告。报告称，2022年全球吸烟者数量呈下降趋势，约有1/5（12.45亿）的成年人吸烟，2000年这一比例为1/3。预计到2025年，全球吸烟者数量将降至12亿。尽管全球吸烟者数量持续下降，但预计到2025年，还无法实现在2010年吸烟者数量基础上减少30%的全球目标，预计只有56个国家能实现该目标。埃及、印度尼西亚、约旦等国的吸烟者数量仍在上升。WHO敦促各国继续实施控烟政策。WHO此次调查对象包含加热式的纸卷烟、叶卷、无烟烟草等，但不包括电子烟。网页链接,微博,澎湃新闻,2024-01-19 10:13:55,http://weibo.com/5044281310/NCx88y7SR,未知,控烟,正面,未知
202401012234,【过年不送烟：烟草依赖是致死性慢病 | 改变社会风气，降低烟草危害 | 绿会控烟组支持】控烟 #环保协同控烟//@中国绿发会:#过年不送烟：烟草依赖是致死性慢病 | 改变社会风气，降低烟草危害 | 绿会控烟组支持http://t.cn/A6UFVJKk 春节临近，又到了置备年货准备走亲访友的时候了。 不知您的预备年货清单里，是否有这样东西：烟。如果有，建议尽快拿掉。 因为，社会风气已经在改变，过去每逢节假日送烟敬酒，人们会觉得很平常，但现在，年货礼品更注重健康和品质。 国家呼吸医学中心控制吸烟与呼吸疾病防控部主任肖丹曾明确表示，烟草依赖是致死性慢病。 显然，过年送烟，是对吸烟行为的一种变相鼓励。 在1月18日农历传统腊八节召开的“过节送礼不送烟 健康快乐过大年”信息交流会上，主办方新探健康发展研究中心和北京健康教育协会向与会嘉宾发布了鼓励过年不送烟，促进社会风气良性向好的一系列设计产品，其中包括：可供社会各界免费下载使用的宣传海报、造型可爱的控烟宣传IP吉祥物、“送礼不送烟”网络互动接龙小程序等，并邀请与会嘉宾现场参与。 中国疾病预防控制中心控烟办公室原主任，新探健康发展研究中心副主任姜垣介绍，2020年，中国人口占全球不到19%，但生产了全球46%的卷烟，肺癌新发病例占全球37%，死亡占39.8%。统计数据同时表明，每年春节和中秋节是卷烟销售高峰，春节期间销售超过平日的20-30%。 北京健康教育协会常务副会长刘秀荣表示，中国有烟民3.5亿，被动吸烟人群达7.4亿，几乎每个人都和烟草危害息息相关。 主办方提供的问卷调查数据亦显示，2023年中，收礼品烟、送礼品烟比例分别在18.4%和20.3%，仍有很大的改进空间。原中国预防医学科学院院长，新探健康发展研究中心前主任王克安在启动此次倡导接龙小程序时呼吁，不敬烟、不送烟，不在公共场合吸烟。 随着我国加入世界卫生组织《烟草控制框架公约》和《健康中国行动（2019—2030年）》，人们对烟草危害的认知有了进一步的提升。 春节是中华民族的传统佳节，2024年的龙年春节，也是联合国将春节（农历新年）确定为联合国假日后的首个春节。中国越来越多的传统节日和民俗文化正在被全球越来越多的国家所喜爱和接受，那么在这些节日的传承和推广中，也需要取其糟粕取其精华，让健康与环保理念得以发扬。 中国生物多样性保护与绿色发展基金会（简称中国绿发会）控烟工作组从#生态保护协同控烟#角度切入推进控烟工作，先后提起了绿皮车吸烟危害公共环境健康、商场设置吸烟区污染室内公共场所等控烟领域的环境公益诉讼案例，这也是推动室内公共场所吸烟风气转变的重要内容。 中国绿发会控烟工作组也将协同主办方和社会各界共同推动“送礼不送烟”的社会风气得到更多人的支持与接受。 图源：新探健康发展研究中心副主任姜垣PPT分享数据 图源：中国绿发会控烟工作组 #生态文明# 文|Tammy 审|cherry 编丨太阳,content: 【过年不送烟：烟草依赖是致死性慢病 | 改变社会风气，降低烟草危害 | 绿会控烟组支持】控烟 #环保协同控烟//@中国绿发会:#过年不送烟：烟草依赖是致死性慢病 | 改变社会风气，降低烟草危害 | 绿会控烟组支持http://t.cn/A6UFVJKk 春节临近，又到了置备年货准备走亲访友的时候了。 不知您的预备年货清单里，是否有这样东西：烟。如果有，建议尽快拿掉。 因为，社会风气已经在改变，过去每逢节假日送烟敬酒，人们会觉得很平常，但现在，年货礼品更注重健康和品质。 国家呼吸医学中心控制吸烟与呼吸疾病防控部主任肖丹曾明确表示，烟草依赖是致死性慢病。 显然，过年送烟，是对吸烟行为的一种变相鼓励。 在1月18日农历传统腊八节召开的“过节送礼不送烟 健康快乐过大年”信息交流会上，主办方新探健康发展研究中心和北京健康教育协会向与会嘉宾发布了鼓励过年不送烟，促进社会风气良性向好的一系列设计产品，其中包括：可供社会各界免费下载使用的宣传海报、造型可爱的控烟宣传IP吉祥物、“送礼不送烟”网络互动接龙小程序等，并邀请与会嘉宾现场参与。 中国疾病预防控制中心控烟办公室原主任，新探健康发展研究中心副主任姜垣介绍，2020年，中国人口占全球不到19%，但生产了全球46%的卷烟，肺癌新发病例占全球37%，死亡占39.8%。统计数据同时表明，每年春节和中秋节是卷烟销售高峰，春节期间销售超过平日的20-30%。 北京健康教育协会常务副会长刘秀荣表示，中国有烟民3.5亿，被动吸烟人群达7.4亿，几乎每个人都和烟草危害息息相关。 主办方提供的问卷调查数据亦显示，2023年中，收礼品烟、送礼品烟比例分别在18.4%和20.3%，仍有很大的改进空间。原中国预防医学科学院院长，新探健康发展研究中心前主任王克安在启动此次倡导接龙小程序时呼吁，不敬烟、不送烟，不在公共场合吸烟。 随着我国加入世界卫生组织《烟草控制框架公约》和《健康中国行动（2019—2030年）》，人们对烟草危害的认知有了进一步的提升。 春节是中华民族的传统佳节，2024年的龙年春节，也是联合国将春节（农历新年）确定为联合国假日后的首个春节。中国越来越多的传统节日和民俗文化正在被全球越来越多的国家所喜爱和接受，那么在这些节日的传承和推广中，也需要取其糟粕取其精华，让健康与环保理念得以发扬。 中国生物多样性保护与绿色发展基金会（简称中国绿发会）控烟工作组从#生态保护协同控烟#角度切入推进控烟工作，先后提起了绿皮车吸烟危害公共环境健康、商场设置吸烟区污染室内公共场所等控烟领域的环境公益诉讼案例，这也是推动室内公共场所吸烟风气转变的重要内容。 中国绿发会控烟工作组也将协同主办方和社会各界共同推动“送礼不送烟”的社会风气得到更多人的支持与接受。 图源：新探健康发展研究中心副主任姜垣PPT分享数据 图源：中国绿发会控烟工作组 #生态文明# 文|Tammy 审|cherry 编丨太阳,微博,绿会环境诉讼支持基金项目官微,2024-01-19 09:55:30,http://weibo.com/3984615823/NCx0Fdi3m,未知,控烟,正面,未知
202401012253,【跑马吸烟被禁赛的处罚应推广到所有体育赛事】近日，在厦门马拉松比赛中，有选手在跑步时抽烟。对此，厦门马拉松赛组委会竞赛部1月12日晚发布通报，称该名选手的行为违反了《2024建发厦门马拉松赛竞赛规程》中的相关规定，因此组委会决定取消这名选手的成绩和排名，并禁止其参加厦门马拉松赛组委会举办的各项赛事两年，并报请中国田径协会追加处罚。 吸烟有害自己和他人的健康，这是常识。马拉松选手在赛道吸烟不只是影响他自己和旁边的运动员，而且对于全国观众而言也是一个不良宣传，尤其让不少青少年误以为在公众场合吸烟无伤大雅。从这个角度而言，厦门马拉松赛组委会的处罚决定非常及时，也值得推广到全国所有体育赛事。 全球性的禁烟始于2003年，当时通过了《世界卫生组织烟草控制框架公约》，从那时起，全球在打造“无烟社会”的征途上已经走过二十载。自公约公布以来，现在已经有168个缔约方，成为联合国历史上接受最为广泛的条约之一。 2007年，世界卫生组织又推出了被命名为MPOWER的烟草控制系列措施。这些年来，由于各国纷纷参与控烟行动，全球控烟取得了显著成果。根据世界卫生组织发布的报告数据显示，2022年全球烟草使用率继续下降，全世界约有1/5的成年人吸烟，在2000年时这一比例为1/3。报告预测，如果继续目前的控烟政策和行动，全球成年烟草使用者数量预计到2025年下降至12亿。 MPOWER是全球控烟的系统性政策和行为，代表了6大控烟战略，其中的每一个字母都代表了控烟的一项战略，包括：监测烟草使用和预防政策；保护人们不受二手烟危害；为希望戒烟者提供帮助；警示所有人烟草的危害；确保禁止烟草广告、促销和赞助；提高烟税。由于很多国家的共同努力，目前全球有56亿人受到至少一项MPOWER烟草控制措施的保护，占世界人口的71%。而在2007年，这一人数仅为11亿。 中国在控烟方面的主要做法是，创造无烟环境。从2014年起，中国要求所有室内公共场所一律禁止吸烟。同时，以未成年人为主要活动人群的公共场所的室外区域，高等学校的室外教学区域，妇幼保健机构、儿童医院、妇产医院的室外区域，体育、健身场馆的室外观众坐席、赛场区域，公共交通工具的室外等候区域等也全面禁止吸烟。个人在禁止吸烟场所（区域）吸烟的，可处以50元以上500元以下的罚款。 但是，这些规定在不同省份、城市和地方有不同的政策和做法，有些地方仅规定禁止室内吸烟，而且即便是室内禁止吸烟，有的地方也执行不到位。同时，还有一些人认为，室外吸烟危害不大，烟雾马上就会扩散，不会危害他人。在这种情况下，室外环境，包括马拉松在内的室外运动会、演艺会等，还有不少人吸烟，这也对控烟行动产生了逆向效应。 事实上，即便在空旷处吸烟，散发的烟雾也会让旁边的人被动吸二手烟，烟雾中的有害物质也会黏附在旁边人和吸烟者的衣物上，成为三手烟的来源，危害家人和孩子。 现在，厦门马拉松赛组委会对吸烟选手的处罚是在用行动响应并支持全球的禁烟运动，也是对中国公众提出警示和示范。对此，相关部门应当学习厦门马拉松赛组委会竞赛部的做法，在所有的体育赛事和演艺场所禁烟，共创无烟环境，维护好来之不易的控烟成果。（文/张田勘 图源/视觉中国）,content: 【跑马吸烟被禁赛的处罚应推广到所有体育赛事】近日，在厦门马拉松比赛中，有选手在跑步时抽烟。对此，厦门马拉松赛组委会竞赛部1月12日晚发布通报，称该名选手的行为违反了《2024建发厦门马拉松赛竞赛规程》中的相关规定，因此组委会决定取消这名选手的成绩和排名，并禁止其参加厦门马拉松赛组委会举办的各项赛事两年，并报请中国田径协会追加处罚。 吸烟有害自己和他人的健康，这是常识。马拉松选手在赛道吸烟不只是影响他自己和旁边的运动员，而且对于全国观众而言也是一个不良宣传，尤其让不少青少年误以为在公众场合吸烟无伤大雅。从这个角度而言，厦门马拉松赛组委会的处罚决定非常及时，也值得推广到全国所有体育赛事。 全球性的禁烟始于2003年，当时通过了《世界卫生组织烟草控制框架公约》，从那时起，全球在打造“无烟社会”的征途上已经走过二十载。自公约公布以来，现在已经有168个缔约方，成为联合国历史上接受最为广泛的条约之一。 2007年，世界卫生组织又推出了被命名为MPOWER的烟草控制系列措施。这些年来，由于各国纷纷参与控烟行动，全球控烟取得了显著成果。根据世界卫生组织发布的报告数据显示，2022年全球烟草使用率继续下降，全世界约有1/5的成年人吸烟，在2000年时这一比例为1/3。报告预测，如果继续目前的控烟政策和行动，全球成年烟草使用者数量预计到2025年下降至12亿。 MPOWER是全球控烟的系统性政策和行为，代表了6大控烟战略，其中的每一个字母都代表了控烟的一项战略，包括：监测烟草使用和预防政策；保护人们不受二手烟危害；为希望戒烟者提供帮助；警示所有人烟草的危害；确保禁止烟草广告、促销和赞助；提高烟税。由于很多国家的共同努力，目前全球有56亿人受到至少一项MPOWER烟草控制措施的保护，占世界人口的71%。而在2007年，这一人数仅为11亿。 中国在控烟方面的主要做法是，创造无烟环境。从2014年起，中国要求所有室内公共场所一律禁止吸烟。同时，以未成年人为主要活动人群的公共场所的室外区域，高等学校的室外教学区域，妇幼保健机构、儿童医院、妇产医院的室外区域，体育、健身场馆的室外观众坐席、赛场区域，公共交通工具的室外等候区域等也全面禁止吸烟。个人在禁止吸烟场所（区域）吸烟的，可处以50元以上500元以下的罚款。 但是，这些规定在不同省份、城市和地方有不同的政策和做法，有些地方仅规定禁止室内吸烟，而且即便是室内禁止吸烟，有的地方也执行不到位。同时，还有一些人认为，室外吸烟危害不大，烟雾马上就会扩散，不会危害他人。在这种情况下，室外环境，包括马拉松在内的室外运动会、演艺会等，还有不少人吸烟，这也对控烟行动产生了逆向效应。 事实上，即便在空旷处吸烟，散发的烟雾也会让旁边的人被动吸二手烟，烟雾中的有害物质也会黏附在旁边人和吸烟者的衣物上，成为三手烟的来源，危害家人和孩子。 现在，厦门马拉松赛组委会对吸烟选手的处罚是在用行动响应并支持全球的禁烟运动，也是对中国公众提出警示和示范。对此，相关部门应当学习厦门马拉松赛组委会竞赛部的做法，在所有的体育赛事和演艺场所禁烟，共创无烟环境，维护好来之不易的控烟成果。（文/张田勘 图源/视觉中国）,微博,北青评论,2024-01-19 09:16:25,http://weibo.com/5589669847/NCwKNlEJm,未知,控烟、戒烟,正面,未知
202401012259,【#商丘最严控烟令已经开始全面实施#】近日，商丘市人民政府印发了《商丘市公共场所控制吸烟管理办法的通知》。这意味着，我市史上“最严控烟令”已经全面开始实施。据了解，管理办法明确，城市市区公共场所、工作场所的室内区域和公共交通工具内禁止吸烟（含电子烟）。餐饮服务场所、住宿休息服务场所和公共娱乐场所等室内区域可以划定或者设置吸烟区。此外，下列公共场所的室外区域禁止吸烟：幼儿园、中小学校、少年宫、儿童福利机构、妇幼保健机构、儿童医院等以未成年人为主要活动人群的场所；体育场、健身场的比赛区和坐席区；法律、法规、规章规定的其他禁止吸烟的公共场所。（商丘市人民政府网站）商丘全景商丘商丘,content: 【#商丘最严控烟令已经开始全面实施#】近日，商丘市人民政府印发了《商丘市公共场所控制吸烟管理办法的通知》。这意味着，我市史上“最严控烟令”已经全面开始实施。据了解，管理办法明确，城市市区公共场所、工作场所的室内区域和公共交通工具内禁止吸烟（含电子烟）。餐饮服务场所、住宿休息服务场所和公共娱乐场所等室内区域可以划定或者设置吸烟区。此外，下列公共场所的室外区域禁止吸烟：幼儿园、中小学校、少年宫、儿童福利机构、妇幼保健机构、儿童医院等以未成年人为主要活动人群的场所；体育场、健身场的比赛区和坐席区；法律、法规、规章规定的其他禁止吸烟的公共场所。（商丘市人民政府网站）商丘全景商丘商丘,微博,全景商丘,2024-01-19 09:08:15,http://weibo.com/5062856580/NCwHuaOs4,未知,控烟,正面,未知
202401012265,转发微博//@健康成都官微:#不吸烟最时尚# 【营造无烟环境 建设健康成都 控烟人人有责】 健康成都官微的微博视频,content: 转发微博//@健康成都官微:#不吸烟最时尚# 【营造无烟环境 建设健康成都 控烟人人有责】 健康成都官微的微博视频,微博,成都市第二人民医院,2024-01-19 08:57:17,http://weibo.com/2049369434/NCwD29dXc,未知,控烟,中性,未知
202401012279,#国产大先生# #大先生爆料//@大爱宜昌:##宜昌爆料#【金安岭社区开展禁烟控烟知识宣传活动】1月17日上午，#宜昌# 夜明珠街道金安岭社区新时代文明实践站在辖区开展了“无烟佳节 与爱同行”禁烟控烟知识宣传活动，在辖区内公共场所醒目位置张贴禁烟标识，并向居民宣传烟草的危害，普及健康知识，提高了群众对吸烟危害的认识，共同维护良好的生活环境。（三峡日报）,content: #国产大先生# #大先生爆料//@大爱宜昌:##宜昌爆料#【金安岭社区开展禁烟控烟知识宣传活动】1月17日上午，#宜昌# 夜明珠街道金安岭社区新时代文明实践站在辖区开展了“无烟佳节 与爱同行”禁烟控烟知识宣传活动，在辖区内公共场所醒目位置张贴禁烟标识，并向居民宣传烟草的危害，普及健康知识，提高了群众对吸烟危害的认识，共同维护良好的生活环境。（三峡日报）,微博,国产大先生,2024-01-19 08:44:26,http://weibo.com/7821397644/NCwxPd2rP,未知,控烟,正面,未知
202401012286,#庐阳身边事#【无烟佳节 与爱同行】近日，杏花村街道松竹社区在辖区开展“无烟佳节 与爱同行”主题宣传活动。活动中，工作人员通过播放视频、面对面宣传的方式向辖区青少年普及烟草的危害和控烟的相关知识，积极引导大家践行文明健康绿色生活方式，争做控烟行动的宣传员。,content: #庐阳身边事#【无烟佳节 与爱同行】近日，杏花村街道松竹社区在辖区开展“无烟佳节 与爱同行”主题宣传活动。活动中，工作人员通过播放视频、面对面宣传的方式向辖区青少年普及烟草的危害和控烟的相关知识，积极引导大家践行文明健康绿色生活方式，争做控烟行动的宣传员。,微博,庐阳发布,2024-01-19 08:39:25,http://weibo.com/3186952954/NCwvMmzHb,未知,控烟,正面,未知
202401011841,【巩卫宣传】控烟禁烟 从你我开始【巩卫宣传】控烟禁烟 从你我开始,content: 【巩卫宣传】控烟禁烟 从你我开始【巩卫宣传】控烟禁烟 从你我开始,微博,郴州市生态环境局,2024-01-18 23:51:40,http://weibo.com/5509139542/NCt3zwpk2,未知,控烟,中性,未知
202401011852,【贺兰县：“无烟的家 更多的爱”创意绘画和手抄小报的活动等你来参加！】为进一步加强全社会控烟科普知识的宣传，在新春佳节来临之际，县健康办决定开展 “无烟的家 更多的爱”创意绘画和手抄小报的活动，倡导健康生活方式，展现新一年的健康形象和良好风貌。一、目的及意义开展 “无烟的家 更多的爱”活动， 旨在进一步加强控烟科普知识宣传，在新春佳节来临之际，倡导广大居民在他人面前不吸烟、 劝阻不吸二手烟、迎来送往不敬烟、新春佳节期间不送烟。让我们携起手来共同打造一个健康、无烟的春节。二、活动主题及时间主题：“无烟的家 更多的爱” 时间：2024 年1月17日-2月24日（正月十五）三、活动内容1.控烟“创意绘画”（1）作品内容围绕 “吸烟的危害”“无烟的家”“无烟校园” 等主题进行创作，通过绘画加强全社会控烟科普知识宣传，新的一年勇敢拒绝烟草，倡导健康生活方式；（2）作品规格为 A4，纸张要求有一定的厚度，光洁、无污损、无折痕；（3）风格不限，可以是单幅或组画。国画、油画、水粉画、版画等均可；（4）附纸注明作品名称、姓名、家庭住址、联系电话。2.控烟“手抄小报”（1）主题围绕“吸烟的危害”“无烟的家 更多的爱”“无烟校园”等进行创作；（2）内容真实可信、新颖有趣、条理分明、版面图文并茂、美观大方，可融合视觉笔记、漫画等形式进行展示；（3）统一使用 A4 纸，横向设计字体不得小于小五号；（4）附纸注明作品名称、姓名、家庭住址、联系电话等必要信息。四、投稿权责1.本次活动不收参赛费、不退稿；2.所有作品必须为原创，如涉著作权、 肖像权、名誉权等法律问题，由作者自行解决和承担；3.作品参评即视为作者同意将作品的发表权、修改权、信息网络传播权授权给贺兰县卫健局。县卫健局有权对所有入围入展作品在出版画册、举办展览、相关宣传中使用，并尊重参赛者的署名权，不另付稿酬。如对版权有特殊要求，请提前说明；4.凡投稿者，均视为同意并遵守以上各条规定。凡不符合征稿要求作品，一经发现将一律取消参评资格。五、奖项设置1.大赛由贺兰县健康办组织专家进行作品奖项评选；2.本次大赛一等奖 5 名、二等奖 10 名、三等奖 20 名、优秀奖30名；3.本次比赛由贺兰县卫生健康局颁发奖品及奖状：（一等奖是拉杆书包、二等奖是羽毛球拍、三等奖是书包、优秀奖笔筒）4.凡是参与本次比赛的均可获得精美笔袋1支。六、活动要求（ 一）提高思想认识，加强组织领导。开展 “无烟的家 更多的爱”活动，可提高居民对控烟理念的理解和认同，自觉树立控烟意识，养成良好的健康生活方式具有重要意义，各单位要高度重视，积极组织，推动活动取得明显成效。（二）强化宣传倡导，营造评选氛围。各学校要广泛动员学生 积极参与活动，把参与的过程变成接受健康知识普及教育的过程。教育和引导广大学生自觉树立控烟意识，养成良好的健康生活方式。（三）活动公正严谨，做好评奖工作。参赛作品在工作日内报送贺兰县卫生健康局4楼407室。由卫健局组织专家评选获奖作品，并将所有作品汇集成册，在控烟活动观摩时进行展示。无烟环境，从你我做起你以为吸烟很酷很炫？不！你以为吸一根烟无伤大雅？不！或许你的指尖夹着他人的生命请勿吸烟！不要让禁烟成为一句空口号！,content: 【贺兰县：“无烟的家 更多的爱”创意绘画和手抄小报的活动等你来参加！】为进一步加强全社会控烟科普知识的宣传，在新春佳节来临之际，县健康办决定开展 “无烟的家 更多的爱”创意绘画和手抄小报的活动，倡导健康生活方式，展现新一年的健康形象和良好风貌。一、目的及意义开展 “无烟的家 更多的爱”活动， 旨在进一步加强控烟科普知识宣传，在新春佳节来临之际，倡导广大居民在他人面前不吸烟、 劝阻不吸二手烟、迎来送往不敬烟、新春佳节期间不送烟。让我们携起手来共同打造一个健康、无烟的春节。二、活动主题及时间主题：“无烟的家 更多的爱” 时间：2024 年1月17日-2月24日（正月十五）三、活动内容1.控烟“创意绘画”（1）作品内容围绕 “吸烟的危害”“无烟的家”“无烟校园” 等主题进行创作，通过绘画加强全社会控烟科普知识宣传，新的一年勇敢拒绝烟草，倡导健康生活方式；（2）作品规格为 A4，纸张要求有一定的厚度，光洁、无污损、无折痕；（3）风格不限，可以是单幅或组画。国画、油画、水粉画、版画等均可；（4）附纸注明作品名称、姓名、家庭住址、联系电话。2.控烟“手抄小报”（1）主题围绕“吸烟的危害”“无烟的家 更多的爱”“无烟校园”等进行创作；（2）内容真实可信、新颖有趣、条理分明、版面图文并茂、美观大方，可融合视觉笔记、漫画等形式进行展示；（3）统一使用 A4 纸，横向设计字体不得小于小五号；（4）附纸注明作品名称、姓名、家庭住址、联系电话等必要信息。四、投稿权责1.本次活动不收参赛费、不退稿；2.所有作品必须为原创，如涉著作权、 肖像权、名誉权等法律问题，由作者自行解决和承担；3.作品参评即视为作者同意将作品的发表权、修改权、信息网络传播权授权给贺兰县卫健局。县卫健局有权对所有入围入展作品在出版画册、举办展览、相关宣传中使用，并尊重参赛者的署名权，不另付稿酬。如对版权有特殊要求，请提前说明；4.凡投稿者，均视为同意并遵守以上各条规定。凡不符合征稿要求作品，一经发现将一律取消参评资格。五、奖项设置1.大赛由贺兰县健康办组织专家进行作品奖项评选；2.本次大赛一等奖 5 名、二等奖 10 名、三等奖 20 名、优秀奖30名；3.本次比赛由贺兰县卫生健康局颁发奖品及奖状：（一等奖是拉杆书包、二等奖是羽毛球拍、三等奖是书包、优秀奖笔筒）4.凡是参与本次比赛的均可获得精美笔袋1支。六、活动要求（ 一）提高思想认识，加强组织领导。开展 “无烟的家 更多的爱”活动，可提高居民对控烟理念的理解和认同，自觉树立控烟意识，养成良好的健康生活方式具有重要意义，各单位要高度重视，积极组织，推动活动取得明显成效。（二）强化宣传倡导，营造评选氛围。各学校要广泛动员学生 积极参与活动，把参与的过程变成接受健康知识普及教育的过程。教育和引导广大学生自觉树立控烟意识，养成良好的健康生活方式。（三）活动公正严谨，做好评奖工作。参赛作品在工作日内报送贺兰县卫生健康局4楼407室。由卫健局组织专家评选获奖作品，并将所有作品汇集成册，在控烟活动观摩时进行展示。无烟环境，从你我做起你以为吸烟很酷很炫？不！你以为吸一根烟无伤大雅？不！或许你的指尖夹着他人的生命请勿吸烟！不要让禁烟成为一句空口号！,微博,贺兰发布,2024-01-18 17:35:58,http://weibo.com/6041191614/NCqB4CAXo,未知,控烟,正面,未知
202401011857,【控烟宣传】无烟佳节 与爱同行网页链接,content: 【控烟宣传】无烟佳节 与爱同行网页链接,微博,文明安顺开发区,2024-01-18 17:14:32,http://weibo.com/3495630685/NCqsn6XoD,未知,控烟,中性,未知
202401011863,过年不送烟：烟草依赖是致死性慢病 | 改变社会风气，降低烟草危害 | 绿会控烟组支持随时随地-中国绿发会保护地 春节临近，又到了置备年货准备走亲访友的时候了。 不知您的预备年货清单里，是否有这样东西：烟。如果有，建议尽快拿掉。 因为，社会风气已经在改变，过去每逢节假日送烟敬酒，人们会觉得很平常，但现在，年货礼品更注重健康和品质。 国家呼吸医学中心控制吸烟与呼吸疾病防控部主任肖丹曾明确表示，烟草依赖是致死性慢病。 显然，过年送烟，是对吸烟行为的一种变相鼓励。 在1月18日农历传统腊八节召开的“过节送礼不送烟 健康快乐过大年”信息交流会上，主办方新探健康发展研究中心和北京健康教育协会向与会嘉宾发布了鼓励过年不送烟，促进社会风气良性向好的一系列设计产品，其中包括：可供社会各界免费下载使用的宣传海报、造型可爱的控烟宣传IP吉祥物、“送礼不送烟”网络互动接龙小程序等，并邀请与会嘉宾现场参与。 中国疾病预防控制中心控烟办公室原主任，新探健康发展研究中心副主任姜垣介绍，2020年，中国人口占全球不到19%，但生产了全球46%的卷烟，肺癌新发病例占全球37%，死亡占39.8%。统计数据同时表明，每年春节和中秋节是卷烟销售高峰，春节期间销售超过平日的20-30%。 北京健康教育协会常务副会长刘秀荣表示，中国有烟民3.5亿，被动吸烟人群达7.4亿，几乎每个人都和烟草危害息息相关。 主办方提供的问卷调查数据亦显示，2023年中，收礼品烟、送礼品烟比例分别在18.4%和20.3%，仍有很大的改进空间。原中国预防医学科学院院长，新探健康发展研究中心前主任王克安在启动此次倡导接龙小程序时呼吁，不敬烟、不送烟，不在公共场合吸烟。 随着我国加入世界卫生组织《烟草控制框架公约》和《健康中国行动（2019—2030年）》，人们对烟草危害的认知有了进一步的提升。 春节是中华民族的传统佳节，2024年的龙年春节，也是联合国将春节（农历新年）确定为联合国假日后的首个春节。中国越来越多的传统节日和民俗文化正在被全球越来越多的国家所喜爱和接受，那么在这些节日的传承和推广中，也需要取其糟粕取其精华，让健康与环保理念得以发扬。 中国生物多样性保护与绿色发展基金会（简称中国绿发会）控烟工作组从#生态保护协同控烟#角度切入推进控烟工作，先后提起了绿皮车吸烟危害公共环境健康、商场设置吸烟区污染室内公共场所等控烟领域的环境公益诉讼案例，这也是推动室内公共场所吸烟风气转变的重要内容。 中国绿发会控烟工作组也将协同主办方和社会各界共同推动“送礼不送烟”的社会风气得到更多人的支持与接受。 图源：新探健康发展研究中心副主任姜垣PPT分享数据 图源：中国绿发会控烟工作组 #生态文明# 文|Tammy 审|cherry 编丨太阳,content: 过年不送烟：烟草依赖是致死性慢病 | 改变社会风气，降低烟草危害 | 绿会控烟组支持随时随地-中国绿发会保护地 春节临近，又到了置备年货准备走亲访友的时候了。 不知您的预备年货清单里，是否有这样东西：烟。如果有，建议尽快拿掉。 因为，社会风气已经在改变，过去每逢节假日送烟敬酒，人们会觉得很平常，但现在，年货礼品更注重健康和品质。 国家呼吸医学中心控制吸烟与呼吸疾病防控部主任肖丹曾明确表示，烟草依赖是致死性慢病。 显然，过年送烟，是对吸烟行为的一种变相鼓励。 在1月18日农历传统腊八节召开的“过节送礼不送烟 健康快乐过大年”信息交流会上，主办方新探健康发展研究中心和北京健康教育协会向与会嘉宾发布了鼓励过年不送烟，促进社会风气良性向好的一系列设计产品，其中包括：可供社会各界免费下载使用的宣传海报、造型可爱的控烟宣传IP吉祥物、“送礼不送烟”网络互动接龙小程序等，并邀请与会嘉宾现场参与。 中国疾病预防控制中心控烟办公室原主任，新探健康发展研究中心副主任姜垣介绍，2020年，中国人口占全球不到19%，但生产了全球46%的卷烟，肺癌新发病例占全球37%，死亡占39.8%。统计数据同时表明，每年春节和中秋节是卷烟销售高峰，春节期间销售超过平日的20-30%。 北京健康教育协会常务副会长刘秀荣表示，中国有烟民3.5亿，被动吸烟人群达7.4亿，几乎每个人都和烟草危害息息相关。 主办方提供的问卷调查数据亦显示，2023年中，收礼品烟、送礼品烟比例分别在18.4%和20.3%，仍有很大的改进空间。原中国预防医学科学院院长，新探健康发展研究中心前主任王克安在启动此次倡导接龙小程序时呼吁，不敬烟、不送烟，不在公共场合吸烟。 随着我国加入世界卫生组织《烟草控制框架公约》和《健康中国行动（2019—2030年）》，人们对烟草危害的认知有了进一步的提升。 春节是中华民族的传统佳节，2024年的龙年春节，也是联合国将春节（农历新年）确定为联合国假日后的首个春节。中国越来越多的传统节日和民俗文化正在被全球越来越多的国家所喜爱和接受，那么在这些节日的传承和推广中，也需要取其糟粕取其精华，让健康与环保理念得以发扬。 中国生物多样性保护与绿色发展基金会（简称中国绿发会）控烟工作组从#生态保护协同控烟#角度切入推进控烟工作，先后提起了绿皮车吸烟危害公共环境健康、商场设置吸烟区污染室内公共场所等控烟领域的环境公益诉讼案例，这也是推动室内公共场所吸烟风气转变的重要内容。 中国绿发会控烟工作组也将协同主办方和社会各界共同推动“送礼不送烟”的社会风气得到更多人的支持与接受。 图源：新探健康发展研究中心副主任姜垣PPT分享数据 图源：中国绿发会控烟工作组 #生态文明# 文|Tammy 审|cherry 编丨太阳,微博,中国绿发会,2024-01-18 16:59:33,http://weibo.com/5327744144/NCqmi5c2Y,未知,控烟,正面,未知
202401011869,转发微博//@三亚旅文:【“无烟佳节，与爱同行”倡议书——对烟草说ByeBye，对健康说HiHi~】吸烟不仅有害健康、导致多种疾病，还会因烟蒂乱丢引起火灾，给国家和人民造成巨大的经济损失，公共场所吸烟更是危害着周围的人群。春节是中国人一年中最为重要的节日，礼物传递着对亲朋好友的关爱和祝福。烟草作为健康的无形杀手，送人烟草就等于送人危害。为此，我们向全社会发出如下倡议： 一、机关单位带头开展自查自纠。发现问题及时整改，巩固无烟单位建设成果。在单位内部开展全方位、多角度的控烟宣传教育，引导干部职工不吸烟、主动戒烟，主动做控烟宣传者和倡导者。 二、中小学加强假期教育。引导学生充分认识烟草危害，了解控烟核心知识。青少年树立“拒吸第一支烟，做无烟新一代”理念，做学校、家庭控烟监督员，通过“小手牵大手”，促进无烟学校、无烟家庭建设。家长不吸烟，主动戒烟，为青少年健康成长作表率。 三、戒烟服务专家走进基层社区和单位。通过发放戒烟科普宣传手册，讲解吸烟和二手烟的危害，提升居民戒烟意愿，引导居民养成健康的生活方式和生活习惯。基层医疗卫生机构提供免费戒烟咨询，提高戒烟成功率，实现居民戒烟服务“零”距离。#三亚身边事# #二手烟~禁烟~无烟~控烟~吸烟#,content: 转发微博//@三亚旅文:【“无烟佳节，与爱同行”倡议书——对烟草说ByeBye，对健康说HiHi~】吸烟不仅有害健康、导致多种疾病，还会因烟蒂乱丢引起火灾，给国家和人民造成巨大的经济损失，公共场所吸烟更是危害着周围的人群。春节是中国人一年中最为重要的节日，礼物传递着对亲朋好友的关爱和祝福。烟草作为健康的无形杀手，送人烟草就等于送人危害。为此，我们向全社会发出如下倡议： 一、机关单位带头开展自查自纠。发现问题及时整改，巩固无烟单位建设成果。在单位内部开展全方位、多角度的控烟宣传教育，引导干部职工不吸烟、主动戒烟，主动做控烟宣传者和倡导者。 二、中小学加强假期教育。引导学生充分认识烟草危害，了解控烟核心知识。青少年树立“拒吸第一支烟，做无烟新一代”理念，做学校、家庭控烟监督员，通过“小手牵大手”，促进无烟学校、无烟家庭建设。家长不吸烟，主动戒烟，为青少年健康成长作表率。 三、戒烟服务专家走进基层社区和单位。通过发放戒烟科普宣传手册，讲解吸烟和二手烟的危害，提升居民戒烟意愿，引导居民养成健康的生活方式和生活习惯。基层医疗卫生机构提供免费戒烟咨询，提高戒烟成功率，实现居民戒烟服务“零”距离。#三亚身边事# #二手烟~禁烟~无烟~控烟~吸烟#,微博,西安曲江城管,2024-01-18 16:52:15,http://weibo.com/5066630262/NCqjkcW8N,未知,控烟、戒烟,正面,未知
202401011875,健康科普 | 禁烟控烟，健康每一天 网页链接,content: 健康科普 | 禁烟控烟，健康每一天 网页链接,微博,用户7895226898,2024-01-18 16:29:16,http://weibo.com/7895226898/NCq9ZDs5L,未知,控烟,中性,未知
202401011882,北京疾控控烟广告——会说话的小朋友 吸烟有害健康，让我们一起拒绝烟草~ 北京朝阳六里屯健康教育的微博视频,content: 北京疾控控烟广告——会说话的小朋友 吸烟有害健康，让我们一起拒绝烟草~ 北京朝阳六里屯健康教育的微博视频,微博,北京朝阳六里屯健康教育,2024-01-18 16:08:38,http://weibo.com/3462263180/NCq1CuWXy,未知,控烟,中性,未知
202401011888,吸烟及二手烟暴露均严重危害健康，即使吸入少量烟草烟雾也会对人体造成危害。二手烟暴露没有安全水平，室内完全禁止吸烟是避免危害的唯一有效方法。在室内设置吸烟区(室)、安装通风换气设施等均不能避免二手烟暴露的危害。不存在无害的烟草制品，只要吸烟即有害健康。吸烟者应当尊重他人的健康权益，不在室内工作场所、室内公共场所、公共交通工具内和其他禁止吸烟的场所吸烟。分享：北京疾控控烟广告-会说话的小朋友 窦店健康教育的微博视频,content: 吸烟及二手烟暴露均严重危害健康，即使吸入少量烟草烟雾也会对人体造成危害。二手烟暴露没有安全水平，室内完全禁止吸烟是避免危害的唯一有效方法。在室内设置吸烟区(室)、安装通风换气设施等均不能避免二手烟暴露的危害。不存在无害的烟草制品，只要吸烟即有害健康。吸烟者应当尊重他人的健康权益，不在室内工作场所、室内公共场所、公共交通工具内和其他禁止吸烟的场所吸烟。分享：北京疾控控烟广告-会说话的小朋友 窦店健康教育的微博视频,微博,窦店健康教育,2024-01-18 16:00:28,http://weibo.com/1357501801/NCpYiF9r1,未知,控烟,正面,未知
202401011895,二手烟(SHS)是被动吸烟的俗称，即不抽烟的人吸取其他吸烟者喷吐的烟雾的行为，又称“强迫吸烟”或“间接吸烟”。一般说来被动吸烟15分钟以上时，就可以认为二手烟现象成立。专家指出，每日和吸烟者在一起呆上15分钟以上，吸“二手烟”者的危害便等同于吸烟者。肺癌患者有75%因素最后追究到吸烟上。 分享：北京疾控控烟广告-我的爸爸不爱我 窦店健康教育的微博视频,content: 二手烟(SHS)是被动吸烟的俗称，即不抽烟的人吸取其他吸烟者喷吐的烟雾的行为，又称“强迫吸烟”或“间接吸烟”。一般说来被动吸烟15分钟以上时，就可以认为二手烟现象成立。专家指出，每日和吸烟者在一起呆上15分钟以上，吸“二手烟”者的危害便等同于吸烟者。肺癌患者有75%因素最后追究到吸烟上。 分享：北京疾控控烟广告-我的爸爸不爱我 窦店健康教育的微博视频,微博,窦店健康教育,2024-01-18 15:54:17,http://weibo.com/1357501801/NCpVNnk1s,未知,控烟,中性,未知
202401011907,四川三支一扶 【单选】下列不属于控烟MPOWER战略的是（ ）。 A.监测烟草使用 B.保护人们不接触烟草烟雾 C.提供戒烟帮助 D.烟草替代物种植,content: 四川三支一扶 【单选】下列不属于控烟MPOWER战略的是（ ）。 A.监测烟草使用 B.保护人们不接触烟草烟雾 C.提供戒烟帮助 D.烟草替代物种植,微博,小吕的家属一号,2024-01-18 14:27:26,http://weibo.com/6711455771/NCpmxt8KA,未知,控烟、戒烟,中性,未知
202401011913,讲道理 12月开始戒烟 贴阿可韦戒烟贴 一整天都不会想抽烟诶（这玩意儿是真控烟啊#戒烟打卡#,content: 讲道理 12月开始戒烟 贴阿可韦戒烟贴 一整天都不会想抽烟诶（这玩意儿是真控烟啊#戒烟打卡#,微博,去了拉萨再改名,2024-01-18 14:26:29,http://weibo.com/7781211348/NCpm9EJhh,未知,戒烟、控烟,正面,未知
202401011919,#无烟佳节 与爱同行# 无烟更有爱，健康过佳节一起来学习《成都市公共场所控制吸烟条例》吧～常态化控烟，健康每一天。,content: #无烟佳节 与爱同行# 无烟更有爱，健康过佳节一起来学习《成都市公共场所控制吸烟条例》吧～常态化控烟，健康每一天。,微博,青春双流,2024-01-18 13:57:32,http://weibo.com/2706299373/NCpapjOjX,未知,控烟,中性,未知
202401011925,关于禁烟控烟，这些知识你要知道关于禁烟控烟，这些知识你要知道 ,content: 关于禁烟控烟，这些知识你要知道关于禁烟控烟，这些知识你要知道,微博,内蒙古阿拉善盟中心医院,2024-01-18 13:41:57,http://weibo.com/3230309904/NCp45kte0,未知,控烟,中性,未知
202401011938,控烟公益宣传片 http://t.cn/A6jGV3Sx ,content: 控烟公益宣传片 http://t.cn/A6jGV3Sx,微博,成寿寺街道社区卫生服务中心,2024-01-18 12:38:30,http://weibo.com/2769603037/NCoEkntgO,未知,控烟,中性,未知
202401011944,控烟公益宣传片 成寿寺街道社区卫生服务中心的微博视频,content: 控烟公益宣传片 成寿寺街道社区卫生服务中心的微博视频,微博,成寿寺街道社区卫生服务中心,2024-01-18 12:35:21,http://weibo.com/2769603037/NCoD3aWxt,未知,控烟,正面,未知
202401011950,【富蕴县卫健系统开展“无烟佳节 与爱同行”共建无烟环境，共享健康生活宣传活动】吸烟不仅危害吸烟者的健康和生命，还会通过空气污染，危害家人、孩子和朋友的生命健康。为切实做好辖区公共场所控烟禁烟工作，进一步增强居民群众对吸烟危害的认识，促进居民群众养成文明健康卫生的生活习惯，1月17日，富蕴县卫健委组织县人民医院、县疾控中心在库额尔齐斯镇新新社区开展了以“无烟佳节 与爱同行”共建无烟环境，共享健康生活为主题的健康宣传活动。网页链接,content: 【富蕴县卫健系统开展“无烟佳节 与爱同行”共建无烟环境，共享健康生活宣传活动】吸烟不仅危害吸烟者的健康和生命，还会通过空气污染，危害家人、孩子和朋友的生命健康。为切实做好辖区公共场所控烟禁烟工作，进一步增强居民群众对吸烟危害的认识，促进居民群众养成文明健康卫生的生活习惯，1月17日，富蕴县卫健委组织县人民医院、县疾控中心在库额尔齐斯镇新新社区开展了以“无烟佳节 与爱同行”共建无烟环境，共享健康生活为主题的健康宣传活动。网页链接,微博,富蕴好地方,2024-01-18 11:31:02,http://weibo.com/7454377372/NCocWjGVv,未知,控烟,正面,未知
202401011957,活动通知已经发了近一个月了，为什么还是看不到身边别的单位进行的以#无烟佳节与爱同行#为主题的面向所有人的控烟倡导活动？国家卫生健康委办公厅关于开展“无烟佳节 与爱同行”活动的通知,content: 活动通知已经发了近一个月了，为什么还是看不到身边别的单位进行的以#无烟佳节与爱同行#为主题的面向所有人的控烟倡导活动？国家卫生健康委办公厅关于开展“无烟佳节 与爱同行”活动的通知,微博,毕无烟,2024-01-18 11:10:45,http://weibo.com/2158751382/NCo4IbWn0,未知,控烟,正面,未知
202401011982,【首发】控烟公益宣传片《我的爸爸不爱我》http://t.cn/A6jGzSYz ,content: 【首发】控烟公益宣传片《我的爸爸不爱我》http://t.cn/A6jGzSYz,微博,北京通州健康教育,2024-01-18 10:25:26,http://weibo.com/2658503495/NCnMjnIU2,未知,控烟,中性,未知
202401011988,小手拉大手·共建无烟校园——抚琴小学禁烟控烟知识宣传小手拉大手·共建无烟校园——抚琴小学禁烟控烟知识宣传,content: 小手拉大手·共建无烟校园——抚琴小学禁烟控烟知识宣传小手拉大手·共建无烟校园——抚琴小学禁烟控烟知识宣传,微博,成都市抚琴小学校,2024-01-18 09:42:07,http://weibo.com/3088689432/NCnuJrdhk,未知,控烟,中性,未知
202401012000,#咸阳：营造春节无烟氛围 引导健康生活方式#《看咸阳》讯：1月17日，记者从市爱卫办了解到，为进一步推动无烟环境建设，加快控烟工作步伐，为全市人民打造一个无烟健康佳节，引导群众践行文明健康绿色环保生活方式，该办发布通知，在全市开展主题为“无烟佳节 与爱同行”控烟活动。 据介绍，本次活动以无烟环境建设为宗旨，将大力开展无烟党政机关建设巩固提升活动。要求各县市区、各单位按照《无烟党政机关建设指南》要求，认真开展自查自纠，发现问题及时整改，巩固建设成果。各党政机关(单位)要在内部开展全方位、多角度的控烟宣传教育，引导干部不吸烟、主动戒烟，主动做控烟宣传者和倡导者。 活动以“小手拉大手”为抓手，广泛开展控烟健康教育活动。要求各县市区要会同教育部门利用好中小学放假前最后一节课、假期教育等，引导学生充分认识烟草危害，了解控烟核心知识，帮助青少年树立“拒吸第一支烟，做无烟新一代”的理念。鼓励广大青少年成为学校、家庭控烟监督员，促进无烟学校、无烟家庭建设。 以健康科普宣传为依托，深入开展戒烟咨询服务活动。要求各县市区、市卫健委委直委管各医疗卫生单位要用好本地、本单位戒烟门诊及控烟干预资源，组织戒烟专家、健康科普专家进机关、进社区、进学校、下基层，通过发放戒烟科普宣传手册，讲解吸烟和二手烟的危害， 提升居民戒烟意愿，引导居民养成健康的生活方式和生活习惯。各县市区卫健部门要进一步规范基层医疗卫生机构戒烟服务，为有戒烟意愿的群众建立戒烟档案，提供免费戒烟咨询，提高戒烟成功率，实现居民戒烟服务“零”距离。 另外，通知还要求，各县市区、各单位、市卫健委委直委管各单位要以春节前后文化活动为契机，结合本辖区、本单位实际，精心策划，采取宣传标语、宣传栏、海报、 视频、公众号、公益宣传等群众喜闻乐见的方式，大力弘扬无烟健康过节文化，倡导过节不吸烟、不敬烟、不送烟，“对二手烟说不”，共度无烟健康佳节。 据了解，此次活动将持续到2月29日。（咸阳广电全媒体记者 韩芳）,content: #咸阳：营造春节无烟氛围 引导健康生活方式#《看咸阳》讯：1月17日，记者从市爱卫办了解到，为进一步推动无烟环境建设，加快控烟工作步伐，为全市人民打造一个无烟健康佳节，引导群众践行文明健康绿色环保生活方式，该办发布通知，在全市开展主题为“无烟佳节 与爱同行”控烟活动。 据介绍，本次活动以无烟环境建设为宗旨，将大力开展无烟党政机关建设巩固提升活动。要求各县市区、各单位按照《无烟党政机关建设指南》要求，认真开展自查自纠，发现问题及时整改，巩固建设成果。各党政机关(单位)要在内部开展全方位、多角度的控烟宣传教育，引导干部不吸烟、主动戒烟，主动做控烟宣传者和倡导者。 活动以“小手拉大手”为抓手，广泛开展控烟健康教育活动。要求各县市区要会同教育部门利用好中小学放假前最后一节课、假期教育等，引导学生充分认识烟草危害，了解控烟核心知识，帮助青少年树立“拒吸第一支烟，做无烟新一代”的理念。鼓励广大青少年成为学校、家庭控烟监督员，促进无烟学校、无烟家庭建设。 以健康科普宣传为依托，深入开展戒烟咨询服务活动。要求各县市区、市卫健委委直委管各医疗卫生单位要用好本地、本单位戒烟门诊及控烟干预资源，组织戒烟专家、健康科普专家进机关、进社区、进学校、下基层，通过发放戒烟科普宣传手册，讲解吸烟和二手烟的危害， 提升居民戒烟意愿，引导居民养成健康的生活方式和生活习惯。各县市区卫健部门要进一步规范基层医疗卫生机构戒烟服务，为有戒烟意愿的群众建立戒烟档案，提供免费戒烟咨询，提高戒烟成功率，实现居民戒烟服务“零”距离。 另外，通知还要求，各县市区、各单位、市卫健委委直委管各单位要以春节前后文化活动为契机，结合本辖区、本单位实际，精心策划，采取宣传标语、宣传栏、海报、 视频、公众号、公益宣传等群众喜闻乐见的方式，大力弘扬无烟健康过节文化，倡导过节不吸烟、不敬烟、不送烟，“对二手烟说不”，共度无烟健康佳节。 据了解，此次活动将持续到2月29日。（咸阳广电全媒体记者 韩芳）,微博,文明咸阳,2024-01-18 09:18:19,http://weibo.com/5623943973/NCnl4mRth,未知,控烟、戒烟,正面,未知
202401012006,动画解读：成都市公共场所控制吸烟条例//@健康成都官微:#不吸烟最时尚# 【动画解读：成都市公共场所控制吸烟条例】营造无烟环境，建设无烟成都，控烟人人有责 健康成都官微的微博视频,content: 动画解读：成都市公共场所控制吸烟条例//@健康成都官微:#不吸烟最时尚# 【动画解读：成都市公共场所控制吸烟条例】营造无烟环境，建设无烟成都，控烟人人有责 健康成都官微的微博视频,微博,彭州市军乐社区卫生服务中心,2024-01-18 09:13:07,http://weibo.com/1108530855/NCniXAkDU,未知,控烟,中性,未知
202401012011,#宜昌爆料#【金安岭社区开展禁烟控烟知识宣传活动】1月17日上午，#宜昌# 夜明珠街道金安岭社区新时代文明实践站在辖区开展了“无烟佳节 与爱同行”禁烟控烟知识宣传活动，在辖区内公共场所醒目位置张贴禁烟标识，并向居民宣传烟草的危害，普及健康知识，提高了群众对吸烟危害的认识，共同维护良好的生活环境。（三峡日报）,content: #宜昌爆料#【金安岭社区开展禁烟控烟知识宣传活动】1月17日上午，#宜昌# 夜明珠街道金安岭社区新时代文明实践站在辖区开展了“无烟佳节 与爱同行”禁烟控烟知识宣传活动，在辖区内公共场所醒目位置张贴禁烟标识，并向居民宣传烟草的危害，普及健康知识，提高了群众对吸烟危害的认识，共同维护良好的生活环境。（三峡日报）,微博,大爱宜昌,2024-01-18 07:14:30,http://weibo.com/1254175274/NCmwOvC7d,未知,控烟,正面,未知
202401011679,碧水园社区：“拒绝香烟，过健康年”禁烟控烟倡议活动  新春将至，为打造无烟环境，营造辖区健康生活氛围，碧水园社区发出无烟禁烟倡议书，在全社区内开展“拒绝香烟，过健康年”禁烟控烟倡议活动，呼吁居民积极加入无烟社区的建设中来。#寻美津南##寻美天津#寻美中国 ,content: 碧水园社区：“拒绝香烟，过健康年”禁烟控烟倡议活动 新春将至，为打造无烟环境，营造辖区健康生活氛围，碧水园社区发出无烟禁烟倡议书，在全社区内开展“拒绝香烟，过健康年”禁烟控烟倡议活动，呼吁居民积极加入无烟社区的建设中来。#寻美津南##寻美天津#寻美中国,微博,寻美津南,2024-01-17 17:29:24,http://weibo.com/7594708233/NCh7Ui9bY,未知,控烟,正面,未知
202401011685,#无烟佳节 与爱同行#践行文明健康绿色环保生活方式，营造无烟氛围。不吸烟、主动戒烟，主动做控烟宣传者和倡导者。//@北京丰台:#无烟环境 健康北京# #世界无烟日#【#一人吸烟 全家伤身#】戒烟吧～为了小朋友，为了家人，为了自身健康，尽早戒烟！ 北京丰台的微博视频,content: #无烟佳节 与爱同行#践行文明健康绿色环保生活方式，营造无烟氛围。不吸烟、主动戒烟，主动做控烟宣传者和倡导者。//@北京丰台:#无烟环境 健康北京# #世界无烟日#【#一人吸烟 全家伤身#】戒烟吧～为了小朋友，为了家人，为了自身健康，尽早戒烟！ 北京丰台的微博视频,微博,北京国丹白癜风医院,2024-01-17 17:25:42,http://weibo.com/2307815647/NCh6pfzwE,未知,戒烟、控烟,中性,未知
202401011690,【咸阳：营造春节无烟氛围 引导健康生活方式】《看咸阳》讯：1月17日，记者从市爱卫办了解到，为进一步推动无烟环境建设，加快控烟工作步伐，为全市人民打造一个无烟健康佳节，引导群众践行文明健康绿色环保生活方式，该办发布通知，在全市开展主题为“无烟佳节 与爱同行”控烟活动。据介绍，本次活动以无烟环境建设为宗旨，将大力开展无烟党政机关建设巩固提升活动。要求各县市区、各单位按照《无烟党政机关建设指南》要求，认真开展自查自纠，发现问题及时整改，巩固建设成果。各党政机关(单位)要在内部开展全方位、多角度的控烟宣传教育，引导干部不吸烟、主动戒烟，主动做控烟宣传者和倡导者。活动以“小手拉大手”为抓手，广泛开展控烟健康教育活动。要求各县市区要会同教育部门利用好中小学放假前最后一节课、假期教育等，引导学生充分认识烟草危害，了解控烟核心知识，帮助青少年树立“拒吸第一支烟，做无烟新一代”的理念。鼓励广大青少年成为学校、家庭控烟监督员，促进无烟学校、无烟家庭建设。以健康科普宣传为依托，深入开展戒烟咨询服务活动。要求各县市区、市卫健委委直委管各医疗卫生单位要用好本地、本单位戒烟门诊及控烟干预资源，组织戒烟专家、健康科普专家进机关、进社区、进学校、下基层，通过发放戒烟科普宣传手册，讲解吸烟和二手烟的危害， 提升居民戒烟意愿，引导居民养成健康的生活方式和生活习惯。各县市区卫健部门要进一步规范基层医疗卫生机构戒烟服务，为有戒烟意愿的群众建立戒烟档案，提供免费戒烟咨询，提高戒烟成功率，实现居民戒烟服务“零”距离。另外，通知还要求，各县市区、各单位、市卫健委委直委管各单位要以春节前后文化活动为契机，结合本辖区、本单位实际，精心策划，采取宣传标语、宣传栏、海报、 视频、公众号、公益宣传等群众喜闻乐见的方式，大力弘扬无烟健康过节文化，倡导过节不吸烟、不敬烟、不送烟，“对二手烟说不”，共度无烟健康佳节。据了解，此次活动将持续到2月29日。（咸阳广电全媒体记者 韩芳）,content: 【咸阳：营造春节无烟氛围 引导健康生活方式】《看咸阳》讯：1月17日，记者从市爱卫办了解到，为进一步推动无烟环境建设，加快控烟工作步伐，为全市人民打造一个无烟健康佳节，引导群众践行文明健康绿色环保生活方式，该办发布通知，在全市开展主题为“无烟佳节 与爱同行”控烟活动。据介绍，本次活动以无烟环境建设为宗旨，将大力开展无烟党政机关建设巩固提升活动。要求各县市区、各单位按照《无烟党政机关建设指南》要求，认真开展自查自纠，发现问题及时整改，巩固建设成果。各党政机关(单位)要在内部开展全方位、多角度的控烟宣传教育，引导干部不吸烟、主动戒烟，主动做控烟宣传者和倡导者。活动以“小手拉大手”为抓手，广泛开展控烟健康教育活动。要求各县市区要会同教育部门利用好中小学放假前最后一节课、假期教育等，引导学生充分认识烟草危害，了解控烟核心知识，帮助青少年树立“拒吸第一支烟，做无烟新一代”的理念。鼓励广大青少年成为学校、家庭控烟监督员，促进无烟学校、无烟家庭建设。以健康科普宣传为依托，深入开展戒烟咨询服务活动。要求各县市区、市卫健委委直委管各医疗卫生单位要用好本地、本单位戒烟门诊及控烟干预资源，组织戒烟专家、健康科普专家进机关、进社区、进学校、下基层，通过发放戒烟科普宣传手册，讲解吸烟和二手烟的危害， 提升居民戒烟意愿，引导居民养成健康的生活方式和生活习惯。各县市区卫健部门要进一步规范基层医疗卫生机构戒烟服务，为有戒烟意愿的群众建立戒烟档案，提供免费戒烟咨询，提高戒烟成功率，实现居民戒烟服务“零”距离。另外，通知还要求，各县市区、各单位、市卫健委委直委管各单位要以春节前后文化活动为契机，结合本辖区、本单位实际，精心策划，采取宣传标语、宣传栏、海报、 视频、公众号、公益宣传等群众喜闻乐见的方式，大力弘扬无烟健康过节文化，倡导过节不吸烟、不敬烟、不送烟，“对二手烟说不”，共度无烟健康佳节。据了解，此次活动将持续到2月29日。（咸阳广电全媒体记者 韩芳）,微博,咸阳市广播电视台,2024-01-17 17:12:08,http://weibo.com/3768751931/NCh0TubuA,未知,控烟、戒烟,正面,未知
202401011695,营造无烟环境 建设健康成都 控烟人人有责//@健康成都官微:#不吸烟最时尚# 【营造无烟环境 建设健康成都 控烟人人有责】 健康成都官微的微博视频,content: 营造无烟环境 建设健康成都 控烟人人有责//@健康成都官微:#不吸烟最时尚# 【营造无烟环境 建设健康成都 控烟人人有责】 健康成都官微的微博视频,微博,成都市卫健宣传中心,2024-01-17 16:39:33,http://weibo.com/6331276504/NCgNFvPRE,未知,控烟,中性,未知
202401011701,#社区新鲜事# 【金安岭社区开展禁烟控烟知识宣传活动】1月17日上午，夜明珠街道金安岭社区新时代文明实践站在辖区开展了“无烟佳节 与爱同行”禁烟控烟知识宣传活动，在辖区内公共场所醒目位置张贴禁烟标识，并向居民宣传烟草的危害，普及健康知识，提高了群众对吸烟危害的认识，共同维护良好的生活环境。（通讯员：王蕾）,content: #社区新鲜事# 【金安岭社区开展禁烟控烟知识宣传活动】1月17日上午，夜明珠街道金安岭社区新时代文明实践站在辖区开展了“无烟佳节 与爱同行”禁烟控烟知识宣传活动，在辖区内公共场所醒目位置张贴禁烟标识，并向居民宣传烟草的危害，普及健康知识，提高了群众对吸烟危害的认识，共同维护良好的生活环境。（通讯员：王蕾）,微博,三峡日报,2024-01-17 16:29:28,http://weibo.com/2129452154/NCgJA6L2G,未知,控烟,正面,未知
202401011714,【[话筒][话筒]动画解读：成都市公共场所控制吸烟条例】 //@健康成都官微:#不吸烟最时尚# 【[话筒][话筒]动画解读：成都市公共场所控制吸烟条例】营造无烟环境，建设无烟成都，控烟人人有责[围观][围观][围观] http://t.cn/A6pUCeey ​​​,content: 【[话筒][话筒]动画解读：成都市公共场所控制吸烟条例】 //@健康成都官微:#不吸烟最时尚# 【[话筒][话筒]动画解读：成都市公共场所控制吸烟条例】营造无烟环境，建设无烟成都，控烟人人有责[围观][围观][围观] http://t.cn/A6pUCeey ​​​,微博,健康郫都,2024-01-17 16:18:41,http://weibo.com/3327447102/NCgFcx6HW,未知,控烟,中性,未知
202401011720,【世界无烟日】中山门街社区卫生服务中心开展主题是“无烟  为成长护航”宣传活动。希望通过开展青少年控烟工作，加强青少年对控烟理念的理解和认同，自觉树立控烟意识，养成良好的健康生活方式。#点赞天津# ,content: 【世界无烟日】中山门街社区卫生服务中心开展主题是“无烟 为成长护航”宣传活动。希望通过开展青少年控烟工作，加强青少年对控烟理念的理解和认同，自觉树立控烟意识，养成良好的健康生活方式。#点赞天津#,微博,love_xutong,2024-01-17 15:27:01,http://weibo.com/3296309493/NCgkenhJg,未知,控烟,正面,未知
202401011729,【建设健康成都，控烟人人有责！】你知道吗？#我国每年有超10万人死于二手烟暴露#。2023年1月1日起，《成都市公共场所控制吸烟条例》施行。建设健康成都，一起行动起来吧！#控烟# （成都发布）成都发布的微博视频,content: 【建设健康成都，控烟人人有责！】你知道吗？#我国每年有超10万人死于二手烟暴露#。2023年1月1日起，《成都市公共场所控制吸烟条例》施行。建设健康成都，一起行动起来吧！#控烟# （成都发布）成都发布的微博视频,微博,青白江生态环境,2024-01-17 14:57:03,http://weibo.com/3515638435/NCg84gtx0,未知,控烟,中性,未知
202401011735,#无烟佳节 与爱同行# 控烟小知识 ,content: #无烟佳节 与爱同行# 控烟小知识,微博,龙泉驿妇联,2024-01-17 14:34:00,http://weibo.com/2856574623/NCfYIdrsx,未知,控烟,中性,未知
202401011742,『宁夏观察丨银川社区控烟给全国&amp;quot;打样&amp;quot;』网页链接 ,content: 『宁夏观察丨银川社区控烟给全国&amp;quot;打样&amp;quot;』网页链接,微博,西夏朔方路街道办,2024-01-17 14:17:13,http://weibo.com/2270575542/NCfRU3AD6,未知,控烟,中性,未知
202401011749,//@怀柔妇幼健康教育:转发微博 //@北京12320在聆听:【吸烟有害口腔健康】#北京12320控烟在行动# 吸烟是引起口腔癌的主要危险因素，90%以上的口腔癌患者是吸烟者。吸烟还是牙周病的主要危险因素之一，吸烟者患牙周病的几率较不吸烟者高出5倍。孕妇吸烟或被动吸烟，可以引起胎儿口腔颌面部畸形。吸烟者牙齿表面常常出现褐色烟斑和牙石，引发口腔异味，影响个人外观形象和社会交往。 （来源：朝阳区卫生健康委）,content: //@怀柔妇幼健康教育:转发微博 //@北京12320在聆听:【吸烟有害口腔健康】#北京12320控烟在行动# 吸烟是引起口腔癌的主要危险因素，90%以上的口腔癌患者是吸烟者。吸烟还是牙周病的主要危险因素之一，吸烟者患牙周病的几率较不吸烟者高出5倍。孕妇吸烟或被动吸烟，可以引起胎儿口腔颌面部畸形。吸烟者牙齿表面常常出现褐色烟斑和牙石，引发口腔异味，影响个人外观形象和社会交往。 （来源：朝阳区卫生健康委）,微博,北京市通州区张家湾健康教育,2024-01-17 13:23:51,http://weibo.com/2340959233/NCfweFyPo,未知,控烟,正面,未知
202401011755,【西青区爱卫办开展控烟主题宣传活动】#西青资讯# 近日，西青区爱卫办联合杨柳青镇政府、西青区疾控中心到新华公园，开展了“无烟佳节 与爱同行”主题宣传活动。活动现场，通过悬挂横幅、设立咨询台、发放宣传单、现场接受咨询等多种形式广泛宣传吸烟、吸二手烟的危害，普及科学戒烟方法，呼吁人们不要在室内、公共场所等地吸烟，远离二手烟，引导大众培养健康的生活方式，活动现场200余人参加，共发放宣传材料800余份。,content: 【西青区爱卫办开展控烟主题宣传活动】#西青资讯# 近日，西青区爱卫办联合杨柳青镇政府、西青区疾控中心到新华公园，开展了“无烟佳节 与爱同行”主题宣传活动。活动现场，通过悬挂横幅、设立咨询台、发放宣传单、现场接受咨询等多种形式广泛宣传吸烟、吸二手烟的危害，普及科学戒烟方法，呼吁人们不要在室内、公共场所等地吸烟，远离二手烟，引导大众培养健康的生活方式，活动现场200余人参加，共发放宣传材料800余份。,微博,天津西青,2024-01-17 11:41:00,http://weibo.com/3888882491/NCeQv2bMF,未知,控烟、戒烟,正面,未知
202401011761,烟民的自觉那是不牢靠的，有的反而越抽越嚣张。“不吸烟的人要学会运用法律武器，来维护公共场所的无烟环境。”搜索“控烟条例”，多了解才能制止这些人。站台属于公共交通工具的室外等候区域，属于全面禁烟区域。,content: 烟民的自觉那是不牢靠的，有的反而越抽越嚣张。“不吸烟的人要学会运用法律武器，来维护公共场所的无烟环境。”搜索“控烟条例”，多了解才能制止这些人。站台属于公共交通工具的室外等候区域，属于全面禁烟区域。,微博,林慧-棉花糖,2024-01-17 11:17:09,http://weibo.com/7825997464/NCeGOhY2z,未知,控烟,中性,未知
202401011768,【大兴#柠檬黄#持续开展志愿服务活动】#志愿服务#1月17日，星期三，是我国的控烟宣传日。大兴区的引导员们在各自的岗位上，积极开展宣传活动，向广大乘客普及北京市文明促进条例和北京市控烟条例的相关内容。向乘客们讲解吸烟对身体健康的危害，以及控烟政策的重要性和必要性，号召乘客自觉遵守相关法规，养成良好的生活习惯。      与此同时，引导员们积极引导乘客按排队顺序上车，提醒大家注意脚下安排，以免发生拥挤和滑倒等意外情况。耐心劝阻一些不文明行为，营造良好的出行环境。#文明出行#@志愿北京@无烟北京,content: 【大兴#柠檬黄#持续开展志愿服务活动】#志愿服务#1月17日，星期三，是我国的控烟宣传日。大兴区的引导员们在各自的岗位上，积极开展宣传活动，向广大乘客普及北京市文明促进条例和北京市控烟条例的相关内容。向乘客们讲解吸烟对身体健康的危害，以及控烟政策的重要性和必要性，号召乘客自觉遵守相关法规，养成良好的生活习惯。 与此同时，引导员们积极引导乘客按排队顺序上车，提醒大家注意脚下安排，以免发生拥挤和滑倒等意外情况。耐心劝阻一些不文明行为，营造良好的出行环境。#文明出行#@志愿北京@无烟北京,微博,文明大兴,2024-01-17 11:09:23,http://weibo.com/2646882747/NCeDF3i2Z,未知,控烟,正面,未知
202401011775,转发微博 //@成都市卫健宣传中心:【动画解读：成都市公共场所控制吸烟条例】营造无烟环境，建设无烟成都，控烟人人有责[围观][围观][围观] http://t.cn/A6pUCeey ​​​,content: 转发微博 //@成都市卫健宣传中心:【动画解读：成都市公共场所控制吸烟条例】营造无烟环境，建设无烟成都，控烟人人有责[围观][围观][围观] http://t.cn/A6pUCeey ​​​,微博,小公主想妈妈了,2024-01-17 11:08:43,http://weibo.com/2154565985/NCeDo8els,未知,控烟,中性,未知
202401011782,转发微博//@健康成都官微:#不吸烟最时尚# 【动画解读：成都市公共场所控制吸烟条例】营造无烟环境，建设无烟成都，控烟人人有责 健康成都官微的微博视频,content: 转发微博//@健康成都官微:#不吸烟最时尚# 【动画解读：成都市公共场所控制吸烟条例】营造无烟环境，建设无烟成都，控烟人人有责 健康成都官微的微博视频,微博,小公主想妈妈了,2024-01-17 11:06:22,http://weibo.com/2154565985/NCeCr6Mxq,未知,控烟,中性,未知
202401011789,【动画解读：成都市公共场所控制吸烟条例】营造无烟环境，建设无烟成都，控烟人人有责 健康成都官微的微博视频,content: 【动画解读：成都市公共场所控制吸烟条例】营造无烟环境，建设无烟成都，控烟人人有责 健康成都官微的微博视频,微博,健康成都官微,2024-01-17 11:05:13,http://weibo.com/3309826382/NCeBYms7L,未知,控烟,中性,未知
202401011796,国家卫生计生委宣传司司长毛群安强调，通过立法的形式来严格控制公共场所吸烟，这本身就是健康的促进。他指出，随着科学的研究，我们不断发现烟草对人的健康影响是多方面的。吸烟行为要真正得到纠正，需要公众对烟草危害充分认识，需要吸烟人的自觉。不吸烟的人要学会运用法律武器，来维护公共场所的无烟环境。 从“国务院”APP搜索“控烟条例”搜到的一篇文章里写的。,content: 国家卫生计生委宣传司司长毛群安强调，通过立法的形式来严格控制公共场所吸烟，这本身就是健康的促进。他指出，随着科学的研究，我们不断发现烟草对人的健康影响是多方面的。吸烟行为要真正得到纠正，需要公众对烟草危害充分认识，需要吸烟人的自觉。不吸烟的人要学会运用法律武器，来维护公共场所的无烟环境。 从“国务院”APP搜索“控烟条例”搜到的一篇文章里写的。,微博,林慧-棉花糖,2024-01-17 11:05:08,http://weibo.com/7825997464/NCeBW5blH,未知,控烟,正面,未知
202401011821,关晓彤gxt#关晓彤安踏品牌全球代言人# gxt#关晓彤健康中国行动控烟形象大使# 𝓙𝓾 𝓳𝓲𝓷𝓰𝔂𝓲-🥀 “玫瑰向阳生长，而我向你生长。” gxt@关晓彤,content: 关晓彤gxt#关晓彤安踏品牌全球代言人# gxt#关晓彤健康中国行动控烟形象大使# 𝓙𝓾 𝓳𝓲𝓷𝓰𝔂𝓲-🥀 “玫瑰向阳生长，而我向你生长。” gxt@关晓彤,微博,嘴角有痣啊,2024-01-17 07:58:13,http://weibo.com/7549147527/NCdo4gzuw,未知,控烟,中性,未知
202401011828,咱家的戒烟贴可以满足烟民三大需求 1、戒烟 2、替烟(减量) 3、控烟 具体如下👇👇👇,content: 咱家的戒烟贴可以满足烟民三大需求 1、戒烟 2、替烟(减量) 3、控烟 具体如下👇👇👇,微博,刘乐所,2024-01-17 07:56:36,http://weibo.com/7539777637/NCdnphHBY,未知,戒烟、控烟,中性,未知
202401011835,寒假特别“赠言”，送给乌鲁木齐市中小学生乌鲁木齐市第二小学有一份特别“赠言”送给即将开始寒假生活的同学们：每一个同学在寒假、春节期间，自己拒吸第一支烟，并成为控烟小小宣传员、监督员，让家庭无烟，让关爱相伴。#你好乌鲁木齐# 网页链接,content: 寒假特别“赠言”，送给乌鲁木齐市中小学生乌鲁木齐市第二小学有一份特别“赠言”送给即将开始寒假生活的同学们：每一个同学在寒假、春节期间，自己拒吸第一支烟，并成为控烟小小宣传员、监督员，让家庭无烟，让关爱相伴。#你好乌鲁木齐# 网页链接,微博,794高地,2024-01-17 07:38:10,http://weibo.com/7857606320/NCdfVmjGp,未知,控烟,正面,未知
202401011517,【“无烟佳节，与爱同行”倡议书——对烟草说ByeBye，对健康说HiHi~】吸烟不仅有害健康、导致多种疾病，还会因烟蒂乱丢引起火灾，给国家和人民造成巨大的经济损失，公共场所吸烟更是危害着周围的人群。春节是中国人一年中最为重要的节日，礼物传递着对亲朋好友的关爱和祝福。烟草作为健康的无形杀手，送人烟草就等于送人危害。为此，我们向全社会发出如下倡议：一、机关单位带头开展自查自纠。发现问题及时整改，巩固无烟单位建设成果。在单位内部开展全方位、多角度的控烟宣传教育，引导干部职工不吸烟、主动戒烟，主动做控烟宣传者和倡导者。二、中小学加强假期教育。引导学生充分认识烟草危害，了解控烟核心知识。青少年树立“拒吸第一支烟，做无烟新一代”理念，做学校、家庭控烟监督员，通过“小手牵大手”，促进无烟学校、无烟家庭建设。家长不吸烟，主动戒烟，为青少年健康成长作表率。三、戒烟服务专家走进基层社区和单位。通过发放戒烟科普宣传手册，讲解吸烟和二手烟的危害，提升居民戒烟意愿，引导居民养成健康的生活方式和生活习惯。基层医疗卫生机构提供免费戒烟咨询，提高戒烟成功率，实现居民戒烟服务“零”距离。#三亚身边事#,content: 【“无烟佳节，与爱同行”倡议书——对烟草说ByeBye，对健康说HiHi~】吸烟不仅有害健康、导致多种疾病，还会因烟蒂乱丢引起火灾，给国家和人民造成巨大的经济损失，公共场所吸烟更是危害着周围的人群。春节是中国人一年中最为重要的节日，礼物传递着对亲朋好友的关爱和祝福。烟草作为健康的无形杀手，送人烟草就等于送人危害。为此，我们向全社会发出如下倡议：一、机关单位带头开展自查自纠。发现问题及时整改，巩固无烟单位建设成果。在单位内部开展全方位、多角度的控烟宣传教育，引导干部职工不吸烟、主动戒烟，主动做控烟宣传者和倡导者。二、中小学加强假期教育。引导学生充分认识烟草危害，了解控烟核心知识。青少年树立“拒吸第一支烟，做无烟新一代”理念，做学校、家庭控烟监督员，通过“小手牵大手”，促进无烟学校、无烟家庭建设。家长不吸烟，主动戒烟，为青少年健康成长作表率。三、戒烟服务专家走进基层社区和单位。通过发放戒烟科普宣传手册，讲解吸烟和二手烟的危害，提升居民戒烟意愿，引导居民养成健康的生活方式和生活习惯。基层医疗卫生机构提供免费戒烟咨询，提高戒烟成功率，实现居民戒烟服务“零”距离。#三亚身边事#,微博,三亚旅文,2024-01-16 18:03:11,http://weibo.com/1752085440/NC7V7shcl,未知,控烟、戒烟,正面,未知
202401011523,禁烟控烟知识宣传//@北京怀柔怀北健康教育:禁烟控烟知识宣传 吸烟有害健康，烟草烟雾没有安全的接触阈值。烟草使用对于吸烟者本身，以及处于烟草烟雾环境中的人来说都是危害。今天带领大家了解一下吸烟的危害。 吸烟害人害已 吸烟和二手烟会导致癌症、心血管疾病、呼吸系统疾病等多种疾病。 一手烟的危害 烟草烟雾中含有7000多种化学物质，已知69种能够致癌。 吸烟不仅可以导致慢性阻塞性肺疾病、支气管哮喘等多种呼吸系统疾病，还能导致口腔癌、喉癌、肺癌、膀胱癌、乳腺癌等多种癌症，并且与心血管疾病关系密切。 吸烟量越大，吸烟年限越长，患病的风险越高。 二手烟的危害 烟草燃烧的烟雾只有少部分被吸烟者吸入体内，大部分释放到周围环境中，也就是我们常说的“二手烟”。 ★ 二手烟已经被美国环保署和国际癌症研究署确定为人类A类致癌物质。 ★ 处于二手烟的环境中，发生肺癌、心脏病以及呼吸道感染等疾病风险显著增加。 ★ 怀孕期间常接触二手烟，易造成胎儿早产、生长发育受限、出生体重下降。 三手烟的危害 三手烟是指烟民吞云吐雾后，残留在衣物、地毯、窗帘、家具，甚至头发和皮肤表面的烟雾污染物。三手烟可残留数周，甚至数月。家中有人吸烟时，即使通风2个月，依然可检测到三手烟的成分。 三手烟能重新释放到空气中，还会与环境中一些化合物反应生成新的污染物。三手烟来源于二手烟，但由于经历了复杂的化学反应，其毒性高于二手烟，包含十余种强致癌物。 儿童更容易受到家庭三手烟的危害 儿童喜欢通过触觉和味觉探索世界，吸吮手指，将拿到的东西放到嘴里，在地板、地毯上爬行玩耍，污染物更容易通过口和皮肤进入他们的身体。 儿童的呼吸速度高于成人，他们会吸入更多的化学物质。 儿童的体重低于成人，呼吸、免疫和代谢系统的功能发育不完全，同样有毒物质水平对其危害更大。 儿童在私人环境（家庭或汽车）中的时间更多。 图片 三手烟以残留物的形式长久地存在家庭环境之中，儿童暴露其中不易察觉，导致的健康危害非常隐匿。有研究显示，父母只在室外吸烟，儿童体内尼古丁代谢物浓度为父母不吸烟的儿童的7倍。 戒 烟 误 区 误区一：尼古丁是伤害我们健康的罪魁祸首？ 很多人认为吸烟最大的危害是尼古丁，实际上，尼古丁只会让人产生生理和心理上的依赖，真正带来伤害的是香烟的燃烧产物焦油、烟气、一氧化碳等，以焦油为例，卷烟在不完全燃烧的情况下产生的焦油含有16种致癌物质，4000多种烃类物质、硫化物等的混合物。 误区二：抽得少，就不会影响身体健康？ 这是一个很普遍的想法，但是却是错误的，因为吸烟本身是一个毒素不断积累的过程，每个人体质不一样，爆发的时间也不一定。但是可以肯定的是，随着时间的推移，抽烟的人群会慢慢出现皱纹、白发、秃头、口气加重、血压升高、更年期提前、甚至是癌症的出现。 误区三：餐后一支烟，赛过活神仙？ 其实餐后吸烟的伤害是非常大的，因为我们吃完饭后，正是消化系统工作的时间，这时的胃肠蠕动加快，血液循环也会加快，全身的毛孔都会打开，而此时抽烟，无疑是加速了有害物质的进入，而且餐后抽烟还会影响食物的消化和吸收。 戒烟“四要诀” 打造无烟小环境 戒烟后，首先在家里和身上不要放香烟，为自己创造一个无法自由吸烟的环境。向家人、朋友与同事宣告自己的戒烟大计，请他们协助自己达成目标。 花样转移注意力 有复吸想法时，先深呼吸15次，喝一杯冷水、扩胸伸懒腰、刷牙或洗脸，也可咀嚼胡萝卜、小黄瓜及芹菜条，转移注意力，一口也不要再吸。 平衡饮食与运动 坚持少量多餐与清淡的饮食原则，抽时间运动，能减轻哈欠连连、精神不佳的戒断症状。 寻找烟草替代品 随身携带笔和无糖口香糖，替代吸烟时的口欲和手欲。 无 烟 共 建 共 享 ★ 只有100%的无烟环境才能保护人们免受烟草烟雾的伤害。不在公共场所吸烟，是尊重他人健康权的表现！ ★ 遵守《控制吸烟条例》，不在公共场所、工作场所的室内环境、室外排队等场合吸烟。 ★ 构建无烟的家庭环境，任何人、任何时间、在家中的任何地点都不吸烟，私家车内也不例外。 让我们携手共同支持控烟 共建共享无烟生活。,content: 禁烟控烟知识宣传//@北京怀柔怀北健康教育:禁烟控烟知识宣传 吸烟有害健康，烟草烟雾没有安全的接触阈值。烟草使用对于吸烟者本身，以及处于烟草烟雾环境中的人来说都是危害。今天带领大家了解一下吸烟的危害。 吸烟害人害已 吸烟和二手烟会导致癌症、心血管疾病、呼吸系统疾病等多种疾病。 一手烟的危害 烟草烟雾中含有7000多种化学物质，已知69种能够致癌。 吸烟不仅可以导致慢性阻塞性肺疾病、支气管哮喘等多种呼吸系统疾病，还能导致口腔癌、喉癌、肺癌、膀胱癌、乳腺癌等多种癌症，并且与心血管疾病关系密切。 吸烟量越大，吸烟年限越长，患病的风险越高。 二手烟的危害 烟草燃烧的烟雾只有少部分被吸烟者吸入体内，大部分释放到周围环境中，也就是我们常说的“二手烟”。 ★ 二手烟已经被美国环保署和国际癌症研究署确定为人类A类致癌物质。 ★ 处于二手烟的环境中，发生肺癌、心脏病以及呼吸道感染等疾病风险显著增加。 ★ 怀孕期间常接触二手烟，易造成胎儿早产、生长发育受限、出生体重下降。 三手烟的危害 三手烟是指烟民吞云吐雾后，残留在衣物、地毯、窗帘、家具，甚至头发和皮肤表面的烟雾污染物。三手烟可残留数周，甚至数月。家中有人吸烟时，即使通风2个月，依然可检测到三手烟的成分。 三手烟能重新释放到空气中，还会与环境中一些化合物反应生成新的污染物。三手烟来源于二手烟，但由于经历了复杂的化学反应，其毒性高于二手烟，包含十余种强致癌物。 儿童更容易受到家庭三手烟的危害 儿童喜欢通过触觉和味觉探索世界，吸吮手指，将拿到的东西放到嘴里，在地板、地毯上爬行玩耍，污染物更容易通过口和皮肤进入他们的身体。 儿童的呼吸速度高于成人，他们会吸入更多的化学物质。 儿童的体重低于成人，呼吸、免疫和代谢系统的功能发育不完全，同样有毒物质水平对其危害更大。 儿童在私人环境（家庭或汽车）中的时间更多。 图片 三手烟以残留物的形式长久地存在家庭环境之中，儿童暴露其中不易察觉，导致的健康危害非常隐匿。有研究显示，父母只在室外吸烟，儿童体内尼古丁代谢物浓度为父母不吸烟的儿童的7倍。 戒 烟 误 区 误区一：尼古丁是伤害我们健康的罪魁祸首？ 很多人认为吸烟最大的危害是尼古丁，实际上，尼古丁只会让人产生生理和心理上的依赖，真正带来伤害的是香烟的燃烧产物焦油、烟气、一氧化碳等，以焦油为例，卷烟在不完全燃烧的情况下产生的焦油含有16种致癌物质，4000多种烃类物质、硫化物等的混合物。 误区二：抽得少，就不会影响身体健康？ 这是一个很普遍的想法，但是却是错误的，因为吸烟本身是一个毒素不断积累的过程，每个人体质不一样，爆发的时间也不一定。但是可以肯定的是，随着时间的推移，抽烟的人群会慢慢出现皱纹、白发、秃头、口气加重、血压升高、更年期提前、甚至是癌症的出现。 误区三：餐后一支烟，赛过活神仙？ 其实餐后吸烟的伤害是非常大的，因为我们吃完饭后，正是消化系统工作的时间，这时的胃肠蠕动加快，血液循环也会加快，全身的毛孔都会打开，而此时抽烟，无疑是加速了有害物质的进入，而且餐后抽烟还会影响食物的消化和吸收。 戒烟“四要诀” 打造无烟小环境 戒烟后，首先在家里和身上不要放香烟，为自己创造一个无法自由吸烟的环境。向家人、朋友与同事宣告自己的戒烟大计，请他们协助自己达成目标。 花样转移注意力 有复吸想法时，先深呼吸15次，喝一杯冷水、扩胸伸懒腰、刷牙或洗脸，也可咀嚼胡萝卜、小黄瓜及芹菜条，转移注意力，一口也不要再吸。 平衡饮食与运动 坚持少量多餐与清淡的饮食原则，抽时间运动，能减轻哈欠连连、精神不佳的戒断症状。 寻找烟草替代品 随身携带笔和无糖口香糖，替代吸烟时的口欲和手欲。 无 烟 共 建 共 享 ★ 只有100%的无烟环境才能保护人们免受烟草烟雾的伤害。不在公共场所吸烟，是尊重他人健康权的表现！ ★ 遵守《控制吸烟条例》，不在公共场所、工作场所的室内环境、室外排队等场合吸烟。 ★ 构建无烟的家庭环境，任何人、任何时间、在家中的任何地点都不吸烟，私家车内也不例外。 让我们携手共同支持控烟 共建共享无烟生活。,微博,永宁微博,2024-01-16 17:52:22,http://weibo.com/1935965270/NC7QK64Vj,未知,控烟、戒 烟、戒烟,正面,未知
202401011529,发布了头条文章：《健康科普 | 控烟禁烟 从你我开始》 健康科普 | 控烟禁烟 从你我开始,content: 发布了头条文章：《健康科普 | 控烟禁烟 从你我开始》 健康科普 | 控烟禁烟 从你我开始,微博,贵州体育之声,2024-01-16 17:20:17,http://weibo.com/3516098894/NC7DIadEm,未知,控烟,中性,未知
202401011540,【健康科普作品展播丨控烟方言短视频:烟“误”】加强健康科普提升健康素养守护美好生活每天学习一些健康小知识分享给身边的亲人朋友做他们的健康小棉袄~一起来围观转发吧！via 健康贵州网页链接 爽爽贵阳品质白云的微博视频 ,content: 【健康科普作品展播丨控烟方言短视频:烟“误”】加强健康科普提升健康素养守护美好生活每天学习一些健康小知识分享给身边的亲人朋友做他们的健康小棉袄~一起来围观转发吧！via 健康贵州网页链接 爽爽贵阳品质白云的微博视频,微博,爽爽贵阳品质白云,2024-01-16 16:57:56,http://weibo.com/3244266924/NC7uDzego,未知,控烟,正面,未知
202401011561,为进一步加强幼儿园禁烟控烟工作，营造无烟、清洁、健康、舒适的成长环境，促进幼儿身心健康发展，近期，南溪区裴石镇留宾幼儿园立足自身实际，开展了“无烟佳节，与爱同行”禁烟控烟宣传活动，为创建美丽洁净的家园环境而努力。 ,content: 为进一步加强幼儿园禁烟控烟工作，营造无烟、清洁、健康、舒适的成长环境，促进幼儿身心健康发展，近期，南溪区裴石镇留宾幼儿园立足自身实际，开展了“无烟佳节，与爱同行”禁烟控烟宣传活动，为创建美丽洁净的家园环境而努力。,微博,南溪发布,2024-01-16 15:28:58,http://weibo.com/3808758652/NC6UwydQz,未知,控烟,正面,未知
202401011579,Woc！阿可韦戒烟贴真的好好用啊啊啊啊！找不出比它更控烟的东西了！ 2024第一戒 圆满成功！#戒烟打卡#,content: Woc！阿可韦戒烟贴真的好好用啊啊啊啊！找不出比它更控烟的东西了！ 2024第一戒 圆满成功！#戒烟打卡#,微博,夏草福星,2024-01-16 14:45:44,http://weibo.com/7593062647/NC6CYy6NZ,未知,戒烟、控烟,正面,未知
202401011584,#无烟佳节 与爱同行# 无烟更有爱，健康过佳节一起来学习《成都市公共场所控制吸烟条例》吧～常态化控烟，健康每一天。 #无烟生活健康中国#,content: #无烟佳节 与爱同行# 无烟更有爱，健康过佳节一起来学习《成都市公共场所控制吸烟条例》吧～常态化控烟，健康每一天。 #无烟生活健康中国#,微博,金沙遗址博物馆,2024-01-16 13:35:41,http://weibo.com/1871652485/NC6axFVPD,未知,控烟,中性,未知
202401011600,【守护辖区居民健康，TA们开展控烟专项检查】#关注静安# 为守护居民健康，芷江西路街道行政执法中队开展“电梯控烟”工作专项执法检查。街道辖区内有许多住宅小区、商场、商务楼宇，各类公共场所的电梯更是数不胜数。违法行为瞬时发生，因此单凭有限的执法队员巡查，处置难度较大。详见：守护辖区居民健康，TA们开展控烟专项检查,content: 【守护辖区居民健康，TA们开展控烟专项检查】#关注静安# 为守护居民健康，芷江西路街道行政执法中队开展“电梯控烟”工作专项执法检查。街道辖区内有许多住宅小区、商场、商务楼宇，各类公共场所的电梯更是数不胜数。违法行为瞬时发生，因此单凭有限的执法队员巡查，处置难度较大。详见：守护辖区居民健康，TA们开展控烟专项检查,微博,上海静安,2024-01-16 11:10:00,http://weibo.com/2541763545/NC5dptCh7,未知,控烟,中性,未知
202401011613,#健康龙泉驿# 【规范控烟，共筑健康——龙泉驿区开展多部门控烟联合执法行动】众所周知，烟草烟雾中含有数百种有害物质，几乎对人体的各个脏器都会造成损害。控烟是全球公认的、针对单一危险因素进行预防控制的最有效措施，也是推动城市化文明进程的必要举措。 规范控烟，共筑健康——龙泉驿区开展多部门控烟联合执法行动 ,content: #健康龙泉驿# 【规范控烟，共筑健康——龙泉驿区开展多部门控烟联合执法行动】众所周知，烟草烟雾中含有数百种有害物质，几乎对人体的各个脏器都会造成损害。控烟是全球公认的、针对单一危险因素进行预防控制的最有效措施，也是推动城市化文明进程的必要举措。 规范控烟，共筑健康——龙泉驿区开展多部门控烟联合执法行动,微博,健康龙泉驿,2024-01-16 10:30:07,http://weibo.com/1918553820/NC4Xe0nh3,未知,控烟,正面,未知
202401011619,【无烟佳节 与爱同行】#控烟# 烟草是人类健康的致命杀手。我国是世界上最大的烟草生产国和消费国，也是烟草最大的受害国，每年有超过100万人死于烟草导致的相关疾病。但是，由于公众对烟草危害的认识不够，在我国仍存在逢年过节相互递烟、送烟的社会风气。为营造无烟氛围，特向广大群众提出“健康过年，无烟佳节”的倡议。跟着小青环保一起来了解吸烟的危害吧~更多详情请戳：无烟佳节 与爱同行,content: 【无烟佳节 与爱同行】#控烟# 烟草是人类健康的致命杀手。我国是世界上最大的烟草生产国和消费国，也是烟草最大的受害国，每年有超过100万人死于烟草导致的相关疾病。但是，由于公众对烟草危害的认识不够，在我国仍存在逢年过节相互递烟、送烟的社会风气。为营造无烟氛围，特向广大群众提出“健康过年，无烟佳节”的倡议。跟着小青环保一起来了解吸烟的危害吧~更多详情请戳：无烟佳节 与爱同行,微博,青白江生态环境,2024-01-16 10:04:00,http://weibo.com/3515638435/NC4MCvWVh,未知,控烟,中性,未知
202401011626,转发微博//@健康中国:#听医生的话#【世界心脏日：中国有超过3亿的心血管疾病患者，迫切需要控烟】世界心脏日来了，健康中国控烟科普医者联盟成员、华中科技大学同济医学院附属同济医院心血管内科副主任医师周宁@周悘说 提醒大家：吸烟、二手烟伤害心脏，中国有超过3亿的心血管疾病患者，请及时戒烟。,content: 转发微博//@健康中国:#听医生的话#【世界心脏日：中国有超过3亿的心血管疾病患者，迫切需要控烟】世界心脏日来了，健康中国控烟科普医者联盟成员、华中科技大学同济医学院附属同济医院心血管内科副主任医师周宁@周悘说 提醒大家：吸烟、二手烟伤害心脏，中国有超过3亿的心血管疾病患者，请及时戒烟。,微博,vickie1126,2024-01-16 09:47:43,http://weibo.com/1261170722/NC4G0zx3h,未知,控烟、戒烟,正面,未知
202401011632,#不吸烟最时尚//@健康成都官微:##不吸烟最时尚# 【营造无烟环境 建设健康成都 控烟人人有责】 健康成都官微的微博视频,content: #不吸烟最时尚//@健康成都官微:##不吸烟最时尚# 【营造无烟环境 建设健康成都 控烟人人有责】 健康成都官微的微博视频,微博,成都市妇女儿童中心医院,2024-01-16 09:16:53,http://weibo.com/2619110022/NC4tuBMMT,未知,控烟,中性,未知
202401011639,#无烟佳节 与爱同行# 【不吸烟、不敬烟、不劝烟，一起过无烟新年！ 】 在春节来临之际，小金温馨提示：走亲访友、春节聚会，不吸烟、不敬烟、不劝烟，“对二手烟说不”，主动做控烟宣传者和倡导者，无烟更有爱，健康过佳节！,content: #无烟佳节 与爱同行# 【不吸烟、不敬烟、不劝烟，一起过无烟新年！ 】 在春节来临之际，小金温馨提示：走亲访友、春节聚会，不吸烟、不敬烟、不劝烟，“对二手烟说不”，主动做控烟宣传者和倡导者，无烟更有爱，健康过佳节！,微博,海淀区八里庄健康教育,2024-01-16 08:39:44,http://weibo.com/2852708971/NC4eqoSMB,未知,控烟,正面,未知
202401011651,转发微博//@高台县融媒体中心:【倡议书】 “无烟佳节 与爱同行”倡议书 广大市民朋友们： 吸烟是导致人类心脑血管疾病、癌症、慢性阻塞性肺病等多种病患的根本因素，已成为继高血压之后的第二号健康杀手。为营造良好无烟环境，深入推进“无烟佳节 与爱同行”实践活动走深走实，积极推进控烟宣传常态化、无烟环境建设长效化、戒烟干预规范化，市卫生健康委向全体市民发出倡议： 一、广大市民要积极参与到禁烟、控烟、无烟行动中来，从自身做起，不在公共场所（包括公共交通工具、电梯）吸烟，自觉维护和积极创建无烟环境。敢于对二手烟说不，及时劝阻、制止他人在公共场所、工作场所吸烟。 二、党员干部要以身作则、率先垂范、带头禁烟，大力开展无烟政府机关、无烟单位建设，广泛宣传《张掖市文明促进行为条例》，引导全社会形成健康文明良好风尚，携手营造文明和谐健康的社会环境。 三、教育部门要利用中小学放假前最后一节课、假期安全教育等时机，向广大青少年科普烟草和电子烟危害，树立“拒吸第一支烟，做无烟新一代”理念。鼓励广大青少年成为学校、家庭控烟监督员，通过“小手拉大手”活动，引导家长不吸烟，主动戒烟，为青少年健康成长作表率。 四、全市各级医疗机构积极推进简短戒烟干预服务，为广大吸烟者提供专业戒烟建议和帮助。用好本地戒烟门诊资源，组织戒烟专家走进基层社区，讲解吸烟和二手烟危害，提升居民戒烟意愿，提高戒烟服务能力，实现居民戒烟服务“零”距离。 五、各类媒体要拒绝烟草广告、促销和赞助行为，主动接受社会监督和舆论监督，争做无烟宣传者和倡导者。社会各界要大力弘扬无烟健康过节文化，倡导过节不吸烟、不敬烟、不送烟，共同筑就绿色文明生态，携手欢度无烟健康佳节。 美好未来从现在做起，拒绝烟草，珍爱生命，减少疾病，引领健康。让我们主动捡起视野内、脚尖前的烟头、烟盒、塑料瓶等垃圾，在弯腰伸手之间使城市变得更加整洁美丽，共创无烟清新环境与和谐美好社会。 张掖市卫生健康委员会 2024年1月12日,content: 转发微博//@高台县融媒体中心:【倡议书】 “无烟佳节 与爱同行”倡议书 广大市民朋友们： 吸烟是导致人类心脑血管疾病、癌症、慢性阻塞性肺病等多种病患的根本因素，已成为继高血压之后的第二号健康杀手。为营造良好无烟环境，深入推进“无烟佳节 与爱同行”实践活动走深走实，积极推进控烟宣传常态化、无烟环境建设长效化、戒烟干预规范化，市卫生健康委向全体市民发出倡议： 一、广大市民要积极参与到禁烟、控烟、无烟行动中来，从自身做起，不在公共场所（包括公共交通工具、电梯）吸烟，自觉维护和积极创建无烟环境。敢于对二手烟说不，及时劝阻、制止他人在公共场所、工作场所吸烟。 二、党员干部要以身作则、率先垂范、带头禁烟，大力开展无烟政府机关、无烟单位建设，广泛宣传《张掖市文明促进行为条例》，引导全社会形成健康文明良好风尚，携手营造文明和谐健康的社会环境。 三、教育部门要利用中小学放假前最后一节课、假期安全教育等时机，向广大青少年科普烟草和电子烟危害，树立“拒吸第一支烟，做无烟新一代”理念。鼓励广大青少年成为学校、家庭控烟监督员，通过“小手拉大手”活动，引导家长不吸烟，主动戒烟，为青少年健康成长作表率。 四、全市各级医疗机构积极推进简短戒烟干预服务，为广大吸烟者提供专业戒烟建议和帮助。用好本地戒烟门诊资源，组织戒烟专家走进基层社区，讲解吸烟和二手烟危害，提升居民戒烟意愿，提高戒烟服务能力，实现居民戒烟服务“零”距离。 五、各类媒体要拒绝烟草广告、促销和赞助行为，主动接受社会监督和舆论监督，争做无烟宣传者和倡导者。社会各界要大力弘扬无烟健康过节文化，倡导过节不吸烟、不敬烟、不送烟，共同筑就绿色文明生态，携手欢度无烟健康佳节。 美好未来从现在做起，拒绝烟草，珍爱生命，减少疾病，引领健康。让我们主动捡起视野内、脚尖前的烟头、烟盒、塑料瓶等垃圾，在弯腰伸手之间使城市变得更加整洁美丽，共创无烟清新环境与和谐美好社会。 张掖市卫生健康委员会 2024年1月12日,微博,韬韬雷雷雷,2024-01-16 08:23:27,http://weibo.com/6134537615/NC47Ogn81,未知,控烟、戒烟,正面,未知
202401011657,#致癌物# 医学泰斗孙燕院士 的五个防癌建议处方： 第一，吃七分饱，不要吃太饱； 第二，像控制酒驾一样去控烟； 第三，像给汽车保养一样，每年做一次体检； 第四，生活规律，尽量不要熬夜； 第五，一年都不要生一次气。,content: #致癌物# 医学泰斗孙燕院士 的五个防癌建议处方： 第一，吃七分饱，不要吃太饱； 第二，像控制酒驾一样去控烟； 第三，像给汽车保养一样，每年做一次体检； 第四，生活规律，尽量不要熬夜； 第五，一年都不要生一次气。,微博,laolouTXT,2024-01-16 07:33:20,http://weibo.com/1400748373/NC3NsF6mD,未知,控烟,负面,未知
202401011331,转发微博//@神农养生宝典:研究癌症60年，92岁肿瘤院士分享：不想惹上癌，4样东西尽量别碰！[赞] 从1951年踏上学医的道路至今，中国工程院院士孙燕已经和肿瘤战斗了六十年，如今虽已入耄耋之年，但身体健朗，精神矍铄。作为肿瘤专家，他保持健康有何秘诀呢？孙燕院士曾经多次在公共场合分享自己防癌秘诀，每个人都可以做到。.. 一、少碰高脂肪、煎炸食物 孙燕院士吃饭有一个原则，那就是吃饭只吃7分饱，感觉吃得差不多了，就马上离开饭桌。同时他建议，平时吃饭要少碰动物脂肪、红肉以及喜欢吃煎炸食物，来降低患癌风险。 据国家癌症中心的调查显示，在中国23种主要致癌风险中，排名第一的不是吸烟和喝酒，而是水果蔬菜摄入不足，占了15.6%。 不良食物是诱发癌症发生的重要因素，加工肉类被世卫组织列为第一组致癌物，其中包括培根、火腿以及热狗等食物，长期摄入加工肉会导致结直肠癌患病风险增加18%。 除了加工肉类以外，红肉也是高危致癌因素。长期摄入大量红肉，会导致人寿命缩短、增加患上结直肠癌的风险。特别是红肉经过烧烤、煎炸后，致癌的风险会增加许多。 所以在日常生活中，我们要控制红肉、高脂食物的摄入，多吃果蔬。《中国居民膳食指南》建议国人每日要摄入300~500克蔬菜，200~350克新鲜水果，同时配合上适量的肉制品摄入，可以有效减少患癌的几率。 想要预防癌症，除了饮食习惯要健康以外，还要选对食物，摄入不良食物会给健康带来不良影响。 二、最好不碰烟酒 孙燕院士曾经多次呼吁，要像控制酒驾一样控烟，很多癌症患者也是听了他的话，才把香烟戒掉，他觉得这些病人，如果早就能戒掉香烟，可能根本就不需要到医院来。烟和酒都让我们的身体很受伤。 在吸烟时，燃烧所产生的烟雾内含有7000多种化合物，包括一氧化碳、挥发性亚硝胺、尼古丁以及烟焦油等，这些化合物大部分都对身体有害，其中至少有69种化合物为致癌物。多环芳烃、亚硝胺都是明确可致癌的物质，吸烟的量越多、烟龄越长对身体的危害也就越大。 可以说吸烟对于身体而言百害而无一利，长期吸烟会增加肺癌、口腔癌、鼻咽癌、食管癌等多种癌症的发病率。据《中国吸烟危害健康报告2020》中的报告显示，我国每年大约有100万人因吸烟而失去生命，这个数据比艾滋病、结核、交通事故、自杀死亡人数的总和还高。 而喝酒也会给身体带来非常大伤害，酒精是1类致癌物，每18个癌症患者中就有一个和喝酒相关。喝酒会显著提高多种癌症的发病率，包括口腔癌、肝癌、食管癌以及胃癌等。 三、不碰致癌病原体 孙燕院士认为，不少癌症其实都是人为诱发的，比如，感染HPV（人乳头瘤病毒）就会使得宫颈癌发病率上升。不少癌症都和病毒感染有关，据《柳叶刀·全球健康》调查统计，公众号zyys899只做最新最专业的养生知识。2018年，全球有220万新发癌症病例是由于传染性病原体感染引起，约占所有新发癌症病例的13%。 常见的病原体感染包括以下四种： 1、HPV病毒 HPV病毒是诱发宫颈癌的高危因素，临床上患有宫颈癌的患者超9成存在HPV感染，可通过性以及接触传播。 2、乙肝病毒 感染乙肝病毒后会诱发乙肝发生，没有积极干预治疗会逐渐形成三部曲：乙肝→肝硬化→肝癌，乙肝病毒主要通过母婴、血液以及性接触三个途径传播。 3、EB病毒 感染EB病毒易引起鼻咽癌发生，鼻咽癌患者中几乎都有EB感染的表现。EB病毒主要通过口密切接触传播，嘴对嘴喂小孩、亲吻都可能会发生感染。 4、幽门螺杆菌 幽门螺杆菌感染人群是胃癌的高发人群，患病风险会比常人增加2~6倍，可通过口口接触、粪口接触传播，日常共用餐具、便后不洗手都是危险行为。 癌症不会传染，但是致癌的病原体却有可能传染，日常生活中一定要注意卫生，谨防感染。 四、不碰坏情绪 “现在的生活节奏快，每个人背负的压力都不小，建议大家不生气、不折腾、不钻牛角尖，凡事都想开点，做个‘没心没肺’的人，因为精神愉快确实能给你一个好的身体。” 孙燕院士自认是一个“没心没肺”的人，因为他很少生气，因为他发现很多癌症患者都有一个共同的诱因，那就是压力大，长期处于忧郁、忧虑的不良情绪当中。 长期处于不良情绪下，会让身体产生“应激反应”，在应激状态下会让人体免疫力降低，让癌细胞有机可乘。 过度压抑情绪，尤其是不良情绪，如愤怒、悲伤等，不让它们得到合理的舒泄，这种性格被称为C型性格，又被称之为“癌症性格”，40%~80%的常见癌症病人具有癌症性格，而具有癌症性格的人患癌风险也比其他人高3倍。 这些看似简单的生活习惯，却是预防癌症发生的“金标准”，想要预防癌症发生，从现在就要开始改变。,content: 转发微博//@神农养生宝典:研究癌症60年，92岁肿瘤院士分享：不想惹上癌，4样东西尽量别碰！[赞] 从1951年踏上学医的道路至今，中国工程院院士孙燕已经和肿瘤战斗了六十年，如今虽已入耄耋之年，但身体健朗，精神矍铄。作为肿瘤专家，他保持健康有何秘诀呢？孙燕院士曾经多次在公共场合分享自己防癌秘诀，每个人都可以做到。.. 一、少碰高脂肪、煎炸食物 孙燕院士吃饭有一个原则，那就是吃饭只吃7分饱，感觉吃得差不多了，就马上离开饭桌。同时他建议，平时吃饭要少碰动物脂肪、红肉以及喜欢吃煎炸食物，来降低患癌风险。 据国家癌症中心的调查显示，在中国23种主要致癌风险中，排名第一的不是吸烟和喝酒，而是水果蔬菜摄入不足，占了15.6%。 不良食物是诱发癌症发生的重要因素，加工肉类被世卫组织列为第一组致癌物，其中包括培根、火腿以及热狗等食物，长期摄入加工肉会导致结直肠癌患病风险增加18%。 除了加工肉类以外，红肉也是高危致癌因素。长期摄入大量红肉，会导致人寿命缩短、增加患上结直肠癌的风险。特别是红肉经过烧烤、煎炸后，致癌的风险会增加许多。 所以在日常生活中，我们要控制红肉、高脂食物的摄入，多吃果蔬。《中国居民膳食指南》建议国人每日要摄入300~500克蔬菜，200~350克新鲜水果，同时配合上适量的肉制品摄入，可以有效减少患癌的几率。 想要预防癌症，除了饮食习惯要健康以外，还要选对食物，摄入不良食物会给健康带来不良影响。 二、最好不碰烟酒 孙燕院士曾经多次呼吁，要像控制酒驾一样控烟，很多癌症患者也是听了他的话，才把香烟戒掉，他觉得这些病人，如果早就能戒掉香烟，可能根本就不需要到医院来。烟和酒都让我们的身体很受伤。 在吸烟时，燃烧所产生的烟雾内含有7000多种化合物，包括一氧化碳、挥发性亚硝胺、尼古丁以及烟焦油等，这些化合物大部分都对身体有害，其中至少有69种化合物为致癌物。多环芳烃、亚硝胺都是明确可致癌的物质，吸烟的量越多、烟龄越长对身体的危害也就越大。 可以说吸烟对于身体而言百害而无一利，长期吸烟会增加肺癌、口腔癌、鼻咽癌、食管癌等多种癌症的发病率。据《中国吸烟危害健康报告2020》中的报告显示，我国每年大约有100万人因吸烟而失去生命，这个数据比艾滋病、结核、交通事故、自杀死亡人数的总和还高。 而喝酒也会给身体带来非常大伤害，酒精是1类致癌物，每18个癌症患者中就有一个和喝酒相关。喝酒会显著提高多种癌症的发病率，包括口腔癌、肝癌、食管癌以及胃癌等。 三、不碰致癌病原体 孙燕院士认为，不少癌症其实都是人为诱发的，比如，感染HPV（人乳头瘤病毒）就会使得宫颈癌发病率上升。不少癌症都和病毒感染有关，据《柳叶刀·全球健康》调查统计，公众号zyys899只做最新最专业的养生知识。2018年，全球有220万新发癌症病例是由于传染性病原体感染引起，约占所有新发癌症病例的13%。 常见的病原体感染包括以下四种： 1、HPV病毒 HPV病毒是诱发宫颈癌的高危因素，临床上患有宫颈癌的患者超9成存在HPV感染，可通过性以及接触传播。 2、乙肝病毒 感染乙肝病毒后会诱发乙肝发生，没有积极干预治疗会逐渐形成三部曲：乙肝→肝硬化→肝癌，乙肝病毒主要通过母婴、血液以及性接触三个途径传播。 3、EB病毒 感染EB病毒易引起鼻咽癌发生，鼻咽癌患者中几乎都有EB感染的表现。EB病毒主要通过口密切接触传播，嘴对嘴喂小孩、亲吻都可能会发生感染。 4、幽门螺杆菌 幽门螺杆菌感染人群是胃癌的高发人群，患病风险会比常人增加2~6倍，可通过口口接触、粪口接触传播，日常共用餐具、便后不洗手都是危险行为。 癌症不会传染，但是致癌的病原体却有可能传染，日常生活中一定要注意卫生，谨防感染。 四、不碰坏情绪 “现在的生活节奏快，每个人背负的压力都不小，建议大家不生气、不折腾、不钻牛角尖，凡事都想开点，做个‘没心没肺’的人，因为精神愉快确实能给你一个好的身体。” 孙燕院士自认是一个“没心没肺”的人，因为他很少生气，因为他发现很多癌症患者都有一个共同的诱因，那就是压力大，长期处于忧郁、忧虑的不良情绪当中。 长期处于不良情绪下，会让身体产生“应激反应”，在应激状态下会让人体免疫力降低，让癌细胞有机可乘。 过度压抑情绪，尤其是不良情绪，如愤怒、悲伤等，不让它们得到合理的舒泄，这种性格被称为C型性格，又被称之为“癌症性格”，40%~80%的常见癌症病人具有癌症性格，而具有癌症性格的人患癌风险也比其他人高3倍。 这些看似简单的生活习惯，却是预防癌症发生的“金标准”，想要预防癌症发生，从现在就要开始改变。,微博,用户7784747962,2024-01-15 20:46:33,http://weibo.com/7784747962/NBZyWdLsW,未知,控烟,正面,未知
202401011341,要年味，不要烟味！（来源：健康中国行动控烟行动工作组、中国疾病预防控制中心）#仁小妹分享# 乐活仁寿的微博视频 ,content: 要年味，不要烟味！（来源：健康中国行动控烟行动工作组、中国疾病预防控制中心）#仁小妹分享# 乐活仁寿的微博视频,微博,乐活仁寿,2024-01-15 18:17:13,http://weibo.com/5562766319/NBYAk20Pg,未知,控烟,中性,未知
202401011346,【无烟佳节 与爱同行——禁烟控烟知识宣传】【阿医宣教】无烟佳节 与爱同行——禁烟控烟知识宣传 ,content: 【无烟佳节 与爱同行——禁烟控烟知识宣传】【阿医宣教】无烟佳节 与爱同行——禁烟控烟知识宣传,微博,文明安顺开发区,2024-01-15 17:18:42,http://weibo.com/3495630685/NBYczhWlN,未知,控烟,中性,未知
202401011352,【倡议书】 “无烟佳节 与爱同行”倡议书 广大市民朋友们： 吸烟是导致人类心脑血管疾病、癌症、慢性阻塞性肺病等多种病患的根本因素，已成为继高血压之后的第二号健康杀手。为营造良好无烟环境，深入推进“无烟佳节 与爱同行”实践活动走深走实，积极推进控烟宣传常态化、无烟环境建设长效化、戒烟干预规范化，市卫生健康委向全体市民发出倡议： 一、广大市民要积极参与到禁烟、控烟、无烟行动中来，从自身做起，不在公共场所（包括公共交通工具、电梯）吸烟，自觉维护和积极创建无烟环境。敢于对二手烟说不，及时劝阻、制止他人在公共场所、工作场所吸烟。 二、党员干部要以身作则、率先垂范、带头禁烟，大力开展无烟政府机关、无烟单位建设，广泛宣传《张掖市文明促进行为条例》，引导全社会形成健康文明良好风尚，携手营造文明和谐健康的社会环境。 三、教育部门要利用中小学放假前最后一节课、假期安全教育等时机，向广大青少年科普烟草和电子烟危害，树立“拒吸第一支烟，做无烟新一代”理念。鼓励广大青少年成为学校、家庭控烟监督员，通过“小手拉大手”活动，引导家长不吸烟，主动戒烟，为青少年健康成长作表率。 四、全市各级医疗机构积极推进简短戒烟干预服务，为广大吸烟者提供专业戒烟建议和帮助。用好本地戒烟门诊资源，组织戒烟专家走进基层社区，讲解吸烟和二手烟危害，提升居民戒烟意愿，提高戒烟服务能力，实现居民戒烟服务“零”距离。 五、各类媒体要拒绝烟草广告、促销和赞助行为，主动接受社会监督和舆论监督，争做无烟宣传者和倡导者。社会各界要大力弘扬无烟健康过节文化，倡导过节不吸烟、不敬烟、不送烟，共同筑就绿色文明生态，携手欢度无烟健康佳节。 美好未来从现在做起，拒绝烟草，珍爱生命，减少疾病，引领健康。让我们主动捡起视野内、脚尖前的烟头、烟盒、塑料瓶等垃圾，在弯腰伸手之间使城市变得更加整洁美丽，共创无烟清新环境与和谐美好社会。 张掖市卫生健康委员会 2024年1月12日,content: 【倡议书】 “无烟佳节 与爱同行”倡议书 广大市民朋友们： 吸烟是导致人类心脑血管疾病、癌症、慢性阻塞性肺病等多种病患的根本因素，已成为继高血压之后的第二号健康杀手。为营造良好无烟环境，深入推进“无烟佳节 与爱同行”实践活动走深走实，积极推进控烟宣传常态化、无烟环境建设长效化、戒烟干预规范化，市卫生健康委向全体市民发出倡议： 一、广大市民要积极参与到禁烟、控烟、无烟行动中来，从自身做起，不在公共场所（包括公共交通工具、电梯）吸烟，自觉维护和积极创建无烟环境。敢于对二手烟说不，及时劝阻、制止他人在公共场所、工作场所吸烟。 二、党员干部要以身作则、率先垂范、带头禁烟，大力开展无烟政府机关、无烟单位建设，广泛宣传《张掖市文明促进行为条例》，引导全社会形成健康文明良好风尚，携手营造文明和谐健康的社会环境。 三、教育部门要利用中小学放假前最后一节课、假期安全教育等时机，向广大青少年科普烟草和电子烟危害，树立“拒吸第一支烟，做无烟新一代”理念。鼓励广大青少年成为学校、家庭控烟监督员，通过“小手拉大手”活动，引导家长不吸烟，主动戒烟，为青少年健康成长作表率。 四、全市各级医疗机构积极推进简短戒烟干预服务，为广大吸烟者提供专业戒烟建议和帮助。用好本地戒烟门诊资源，组织戒烟专家走进基层社区，讲解吸烟和二手烟危害，提升居民戒烟意愿，提高戒烟服务能力，实现居民戒烟服务“零”距离。 五、各类媒体要拒绝烟草广告、促销和赞助行为，主动接受社会监督和舆论监督，争做无烟宣传者和倡导者。社会各界要大力弘扬无烟健康过节文化，倡导过节不吸烟、不敬烟、不送烟，共同筑就绿色文明生态，携手欢度无烟健康佳节。 美好未来从现在做起，拒绝烟草，珍爱生命，减少疾病，引领健康。让我们主动捡起视野内、脚尖前的烟头、烟盒、塑料瓶等垃圾，在弯腰伸手之间使城市变得更加整洁美丽，共创无烟清新环境与和谐美好社会。 张掖市卫生健康委员会 2024年1月12日,微博,高台县融媒体中心,2024-01-15 17:10:53,http://weibo.com/7442442558/NBY9ozuTq,未知,控烟、戒烟,正面,未知
202401011358,【营造无烟环境 建设健康成都 控烟人人有责[拳头][拳头]】 //@健康成都官微:#不吸烟最时尚# 【营造无烟环境 建设健康成都 控烟人人有责[拳头][拳头]】 http://t.cn/A6p2ukEI ​​​,content: 【营造无烟环境 建设健康成都 控烟人人有责[拳头][拳头]】 //@健康成都官微:#不吸烟最时尚# 【营造无烟环境 建设健康成都 控烟人人有责[拳头][拳头]】 http://t.cn/A6p2ukEI ​​​,微博,成都市公卫中心,2024-01-15 16:46:12,http://weibo.com/3280981914/NBXZo9dyz,未知,控烟,中性,未知
202401011363,【营造无烟环境 建设健康成都 控烟人人有责】//@健康成都官微:#不吸烟最时尚# 【营造无烟环境 建设健康成都 控烟人人有责】 健康成都官微的微博视频,content: 【营造无烟环境 建设健康成都 控烟人人有责】//@健康成都官微:#不吸烟最时尚# 【营造无烟环境 建设健康成都 控烟人人有责】 健康成都官微的微博视频,微博,成华工会,2024-01-15 16:13:43,http://weibo.com/3586550323/NBXMcvsEQ,未知,控烟,中性,未知
202401011377,#无烟佳节 与爱同行#控烟小知识,content: #无烟佳节 与爱同行#控烟小知识,微博,水韵温江,2024-01-15 13:51:00,http://weibo.com/3080066552/NBWQh3Izy,未知,控烟,中性,未知
202401011383,#点烟前 请三思##控烟宣传# 由中国健康教育中心设计的《点烟前，请三思》海报，以“抽愁丑臭”的谐音梗为话题，揭示吸烟的成本与代价，倡导大家做自己健康的第-责任人，珍视身边亲人的健康和幸福，积极参与控烟，主动远离烟草危害，勇于对二手烟说不，践行文明健康绿色环保的生活方式。#无烟为成长护航#　,content: #点烟前 请三思##控烟宣传# 由中国健康教育中心设计的《点烟前，请三思》海报，以“抽愁丑臭”的谐音梗为话题，揭示吸烟的成本与代价，倡导大家做自己健康的第-责任人，珍视身边亲人的健康和幸福，积极参与控烟，主动远离烟草危害，勇于对二手烟说不，践行文明健康绿色环保的生活方式。#无烟为成长护航#,微博,达州高新技术产业园区,2024-01-15 11:51:23,http://weibo.com/5223002110/NBW3I9OsH,未知,控烟,正面,未知
202401011405,#无烟佳节 与爱同行# 【不吸烟、不敬烟、不劝烟，一起过无烟新年！ 】 在春节来临之际，小金温馨提示：走亲访友、春节聚会，不吸烟、不敬烟、不劝烟，“对二手烟说不”，主动做控烟宣传者和倡导者，无烟更有爱，健康过佳节！ #无烟生活健康中国#,content: #无烟佳节 与爱同行# 【不吸烟、不敬烟、不劝烟，一起过无烟新年！ 】 在春节来临之际，小金温馨提示：走亲访友、春节聚会，不吸烟、不敬烟、不劝烟，“对二手烟说不”，主动做控烟宣传者和倡导者，无烟更有爱，健康过佳节！ #无烟生活健康中国#,微博,金沙遗址博物馆,2024-01-15 10:57:14,http://weibo.com/1871652485/NBVHJk4A7,未知,控烟,正面,未知
202401011411,关于控烟禁烟，这些知识你需要知道！健康博乐丨关于控烟禁烟，这些知识你需要知道！,content: 关于控烟禁烟，这些知识你需要知道！健康博乐丨关于控烟禁烟，这些知识你需要知道！,微博,灵壤博乐,2024-01-15 10:55:01,http://weibo.com/2805245500/NBVGPBUOF,未知,控烟,中性,未知
202401011415,#无烟佳节 与爱同行#【营造无烟节假日 文明健康过新年】日前，国家卫生健康委办公厅印发通知，部署开展“无烟佳节 与爱同行”控烟活动。在春节即将来临之际，引导广大居民践行文明健康绿色环保的生活方式，减少烟草危害，共同营造节日健康无烟良好环境。,content: #无烟佳节 与爱同行#【营造无烟节假日 文明健康过新年】日前，国家卫生健康委办公厅印发通知，部署开展“无烟佳节 与爱同行”控烟活动。在春节即将来临之际，引导广大居民践行文明健康绿色环保的生活方式，减少烟草危害，共同营造节日健康无烟良好环境。,微博,水韵温江,2024-01-15 10:40:49,http://weibo.com/3080066552/NBVB4kPBd,未知,控烟,正面,未知
202401011420,【专家：#烟草捐赠的钱不该收更不该宣传# 】《慈善法》有关禁止宣传规定在烟草捐赠方面落实得不好，究其原因，主要有以下三个方面：第一，缺乏对上述法律规定的细化，存在漏洞。第二，法律没有牙齿，缺乏处罚规定。第三，社会公众的认知被误导，不利于执法。上海复恩社会组织法律研究与服务中心理事长陆璇在@中国慈善家杂志 撰文指出，必须上升一个层次看这个问题，虽然国家没有也不可能在现阶段立法禁止烟草制品的销售，但不等于赋予各种违背国家控烟战略行为的正当性，禁止在公共场所吸烟、禁止烟草广告、禁止宣传烟草捐赠，都是绝对符合伦理道德的规定。在一些地方立法中，对于慈善捐赠相关的宣传活动，也有一些比较好的立法禁止方面的尝试，值得推广。比如，《深圳经济特区控制吸烟条例》第十五条规定了，禁止以慈善、公益、环保事业的名义，或者以“品牌延伸”“品牌共享”等其他方式进行烟草促销；禁止烟草企业冠名赞助活动。作为《慈善法》的配套实施细则，也应该考虑，严格禁止各种形式烟草捐赠的宣传行为或变相宣传行为并增加处罚规定。否则，烟草捐赠的宣传行为无法禁止、法律明文规定形同虚设的话，就只能去考虑立法一概禁止这样烟草企业的慈善捐赠，或者可借鉴近邻蒙古国的经验，如果是国内的烟草企业打算捐赠，就统一捐到国家指定的某个慈善组织的专项基金内，不允许宣传，一劳永逸地解决慈善捐赠宣传问题。,content: 【专家：#烟草捐赠的钱不该收更不该宣传# 】《慈善法》有关禁止宣传规定在烟草捐赠方面落实得不好，究其原因，主要有以下三个方面：第一，缺乏对上述法律规定的细化，存在漏洞。第二，法律没有牙齿，缺乏处罚规定。第三，社会公众的认知被误导，不利于执法。上海复恩社会组织法律研究与服务中心理事长陆璇在@中国慈善家杂志 撰文指出，必须上升一个层次看这个问题，虽然国家没有也不可能在现阶段立法禁止烟草制品的销售，但不等于赋予各种违背国家控烟战略行为的正当性，禁止在公共场所吸烟、禁止烟草广告、禁止宣传烟草捐赠，都是绝对符合伦理道德的规定。在一些地方立法中，对于慈善捐赠相关的宣传活动，也有一些比较好的立法禁止方面的尝试，值得推广。比如，《深圳经济特区控制吸烟条例》第十五条规定了，禁止以慈善、公益、环保事业的名义，或者以“品牌延伸”“品牌共享”等其他方式进行烟草促销；禁止烟草企业冠名赞助活动。作为《慈善法》的配套实施细则，也应该考虑，严格禁止各种形式烟草捐赠的宣传行为或变相宣传行为并增加处罚规定。否则，烟草捐赠的宣传行为无法禁止、法律明文规定形同虚设的话，就只能去考虑立法一概禁止这样烟草企业的慈善捐赠，或者可借鉴近邻蒙古国的经验，如果是国内的烟草企业打算捐赠，就统一捐到国家指定的某个慈善组织的专项基金内，不允许宣传，一劳永逸地解决慈善捐赠宣传问题。,微博,中国慈善家杂志,2024-01-15 10:27:00,http://weibo.com/2015391145/NBVvsziUT,未知,控烟,正面,未知
202401011425,【乡村文化振兴——村村有好戏】淄博市博山区源泉镇：开展控烟工作宣传教育活动 淄博市博山区源泉镇：开展控烟工作宣传教育活动,content: 【乡村文化振兴——村村有好戏】淄博市博山区源泉镇：开展控烟工作宣传教育活动 淄博市博山区源泉镇：开展控烟工作宣传教育活动,微博,桓台融媒,2024-01-15 10:15:40,http://weibo.com/2726226923/NBVqRobmL,未知,控烟,正面,未知
202401011430,转发微博//@高新服务:#新妹儿提醒# 在春节等重大节日来临之际，新妹儿提醒大家：走亲访友、春节聚会，不吸烟、不敬烟、不劝烟，“对二手烟说不”，主动做控烟宣传者和倡导者，健健康康过佳节！ #无烟佳节 与爱同行#,content: 转发微博//@高新服务:#新妹儿提醒# 在春节等重大节日来临之际，新妹儿提醒大家：走亲访友、春节聚会，不吸烟、不敬烟、不劝烟，“对二手烟说不”，主动做控烟宣传者和倡导者，健健康康过佳节！ #无烟佳节 与爱同行#,微博,秀山环保,2024-01-15 09:57:57,http://weibo.com/3172614451/NBVjFnGiA,未知,控烟,中性,未知
202401011434,转发微博//@翠屏青年:#无烟佳节 与爱同行#【禁烟控烟，常见问题知多少？】吸烟有害健康，那电子烟对人体也有害吗？加热烟草制品的危害是不是要小一些？一起来看👇（来源：老年健康报 中日友好医院）,content: 转发微博//@翠屏青年:#无烟佳节 与爱同行#【禁烟控烟，常见问题知多少？】吸烟有害健康，那电子烟对人体也有害吗？加热烟草制品的危害是不是要小一些？一起来看👇（来源：老年健康报 中日友好医院）,微博,秀山环保,2024-01-15 09:57:16,http://weibo.com/3172614451/NBVjox1mp,未知,控烟,中性,未知
202401011439,#无烟佳节 与爱同行# 禁烟控烟常态化，每日都是世界无烟日！//@济宁高新:禁烟控烟常态化，每日都是世界无烟日！ 济宁高新的微博视频,content: #无烟佳节 与爱同行# 禁烟控烟常态化，每日都是世界无烟日！//@济宁高新:禁烟控烟常态化，每日都是世界无烟日！ 济宁高新的微博视频,微博,秀山环保,2024-01-15 09:56:52,http://weibo.com/3172614451/NBVjenExK,未知,控烟,中性,未知
202401011444,转发微博//@成都市场监管:#无烟佳节 与爱同行# 禁烟控烟常态化，每日都是世界无烟日！济宁高新的微博视频,content: 转发微博//@成都市场监管:#无烟佳节 与爱同行# 禁烟控烟常态化，每日都是世界无烟日！济宁高新的微博视频,微博,青羊市场局,2024-01-15 09:39:06,http://weibo.com/5680643660/NBVc1gIna,未知,控烟,中性,未知
202401011450,四、PM2.5与室内二手烟 健康随烟而逝，疾病伴烟而生。二手烟暴露没有安全水平，室内完全禁止吸烟是避免危害的唯一有效方法。可是，我们在室内工作场所或者公共场所，或者家庭聚会，烟民抽着烟，其他不吸烟的人的就只能被动吸着烟民吐出来的烟雾。随着控烟法规的出台，在公共场所禁止吸烟，被动吸二手烟的情况明显好转，可是室内聚会吸烟现象依然普遍，二手烟暴露越来越多。 在常规的60平方米的居室里烟民连抽4支烟，监测一下室内的PM2.5，浓度也会“爆表”！连续抽2根烟，室内的PM2.5数值也能达到300-400。 可见，有人吸烟，很快室内小颗粒物（PM2.5）就会剧增。烟草烟雾是室内PM2.5的主要来源。相比室外，我们一天中80%的时间在室内，室内空间狭小，通风差，在这样的室内环境我们如何生存？,content: 四、PM2.5与室内二手烟 健康随烟而逝，疾病伴烟而生。二手烟暴露没有安全水平，室内完全禁止吸烟是避免危害的唯一有效方法。可是，我们在室内工作场所或者公共场所，或者家庭聚会，烟民抽着烟，其他不吸烟的人的就只能被动吸着烟民吐出来的烟雾。随着控烟法规的出台，在公共场所禁止吸烟，被动吸二手烟的情况明显好转，可是室内聚会吸烟现象依然普遍，二手烟暴露越来越多。 在常规的60平方米的居室里烟民连抽4支烟，监测一下室内的PM2.5，浓度也会“爆表”！连续抽2根烟，室内的PM2.5数值也能达到300-400。 可见，有人吸烟，很快室内小颗粒物（PM2.5）就会剧增。烟草烟雾是室内PM2.5的主要来源。相比室外，我们一天中80%的时间在室内，室内空间狭小，通风差，在这样的室内环境我们如何生存？,微博,海淀区甘家口健康教育,2024-01-15 09:36:31,http://weibo.com/2852842151/NBVaY7qJI,未知,控烟,正面,未知
202401011461,为提高居民对控烟工作的认识，近日，新安佳苑第二社区筹建组开展“无烟佳节 与爱同行”禁烟活动。活动期间，社区工作人员向居民介绍无烟日的有关情况、烟草对健康和身体的危害、戒烟的方法，倡导讲文明、讲卫生的良好社会风尚。本次活动通过向居民普及禁烟知识，呼吁大家积极营造无烟的生活环境。（编辑人：邹倪，审核人：巫以筠，发布人：林松 ）,content: 为提高居民对控烟工作的认识，近日，新安佳苑第二社区筹建组开展“无烟佳节 与爱同行”禁烟活动。活动期间，社区工作人员向居民介绍无烟日的有关情况、烟草对健康和身体的危害、戒烟的方法，倡导讲文明、讲卫生的良好社会风尚。本次活动通过向居民普及禁烟知识，呼吁大家积极营造无烟的生活环境。（编辑人：邹倪，审核人：巫以筠，发布人：林松 ）,微博,无锡新安在线,2024-01-15 08:43:50,http://weibo.com/2187788502/NBUPAoTdc,未知,控烟、戒烟,正面,未知
202401011266,全球疾病负担（GBD）数据显示，2019年全球有130万例死亡可归因于二手烟，尤其是在中低收入国家。这提醒了我们，二手烟暴露成为控烟工作的重点之一。因此，提供有关二手烟暴露与多种不良健康结果之间的暴露-反应关系的最新摘要，并创新地量化支持这些关系的证据强度，对于控烟政策制定，以及吸烟行为的个人决策至关重要。,content: 全球疾病负担（GBD）数据显示，2019年全球有130万例死亡可归因于二手烟，尤其是在中低收入国家。这提醒了我们，二手烟暴露成为控烟工作的重点之一。因此，提供有关二手烟暴露与多种不良健康结果之间的暴露-反应关系的最新摘要，并创新地量化支持这些关系的证据强度，对于控烟政策制定，以及吸烟行为的个人决策至关重要。,微博,财神娘趣经乌鸡国,2024-01-14 22:41:17,http://weibo.com/7173122382/NBQT0CRN2,未知,控烟,正面,未知
202401011286,[可爱]//@北京12320在聆听:【二手烟对冠心病患者的危害】#北京12320控烟在行动# 吸烟是冠心病发生的主要危险因素，我国流行病学调查显示，大量吸烟与非吸烟患者相比冠心病发生率高26倍以上。吸入二手烟同样有害，二手烟对被动吸烟者的危害一点也不比主动吸烟者轻，特别是对患有心血管疾病的人的危害尤其严重。二手烟烟雾中含有一氧化碳，二手烟烟雾中的一氧化碳能与血红蛋白结合，会大大阻碍血红蛋白与氧气的结合。导致人体缺氧，引发心肌梗塞，这对心脑血管疾病患者来说，无疑是雪上加霜。二手烟雾中尼古丁的危害。二手烟雾中的尼古丁进入人体后，会导致人体血管收缩，会使心跳加快、血压上升，还能导致血液粘稠。患有心肌梗塞，高血脂、高血压等的患者病情更加容易恶化。二手烟中的几种成份能引起严重的心血管中毒，扰乱心脏、血液及血管系统正常功能，增加心血管事件发生的风险。二手烟暴露也能加重心脏病发作的程度，并增加复发和死亡风险。平常要多注意吃富含维生素的蔬菜水果、提供充足的高质量蛋白质，注意适量运动，来抵抗二手烟的危害。同时倡导大家远离吸烟源，给自己营造一个舒适的环境。（来源：首都医科大学附属北京朝阳医院）,content: [可爱]//@北京12320在聆听:【二手烟对冠心病患者的危害】#北京12320控烟在行动# 吸烟是冠心病发生的主要危险因素，我国流行病学调查显示，大量吸烟与非吸烟患者相比冠心病发生率高26倍以上。吸入二手烟同样有害，二手烟对被动吸烟者的危害一点也不比主动吸烟者轻，特别是对患有心血管疾病的人的危害尤其严重。二手烟烟雾中含有一氧化碳，二手烟烟雾中的一氧化碳能与血红蛋白结合，会大大阻碍血红蛋白与氧气的结合。导致人体缺氧，引发心肌梗塞，这对心脑血管疾病患者来说，无疑是雪上加霜。二手烟雾中尼古丁的危害。二手烟雾中的尼古丁进入人体后，会导致人体血管收缩，会使心跳加快、血压上升，还能导致血液粘稠。患有心肌梗塞，高血脂、高血压等的患者病情更加容易恶化。二手烟中的几种成份能引起严重的心血管中毒，扰乱心脏、血液及血管系统正常功能，增加心血管事件发生的风险。二手烟暴露也能加重心脏病发作的程度，并增加复发和死亡风险。平常要多注意吃富含维生素的蔬菜水果、提供充足的高质量蛋白质，注意适量运动，来抵抗二手烟的危害。同时倡导大家远离吸烟源，给自己营造一个舒适的环境。（来源：首都医科大学附属北京朝阳医院）,微博,倩倩种芒果,2024-01-14 17:56:22,http://weibo.com/1802428834/NBP1msJic,未知,控烟,正面,未知
202401011293,控烟，减欲。,content: 控烟，减欲。,微博,曼巴拜科,2024-01-14 17:13:07,http://weibo.com/7826395691/NBOJO4s5A,未知,控烟,中性,未知
202401011304,戒烟控烟，可以很轻松👀👀 零焦油 不燃烧 一贴除瘾🉑 尼瑞克戒烟（控烟）保健贴——世界卫生组织推荐的戒烟方法🔸🔶 24小时持久释放不成瘾，缓释渗透不经心肺更安全❤️,content: 戒烟控烟，可以很轻松👀👀 零焦油 不燃烧 一贴除瘾🉑 尼瑞克戒烟（控烟）保健贴——世界卫生组织推荐的戒烟方法🔸🔶 24小时持久释放不成瘾，缓释渗透不经心肺更安全❤️,微博,尼瑞克控烟贴,2024-01-14 10:34:53,http://weibo.com/7763837480/NBM8artxN,未知,戒烟控烟、戒烟、控烟,正面,未知
202401011314,#无烟佳节 与爱同行#【禁烟控烟，常见问题知多少？】吸烟有害健康，那电子烟对人体也有害吗？加热烟草制品的危害是不是要小一些？一起来看👇（来源：老年健康报 中日友好医院）,content: #无烟佳节 与爱同行#【禁烟控烟，常见问题知多少？】吸烟有害健康，那电子烟对人体也有害吗？加热烟草制品的危害是不是要小一些？一起来看👇（来源：老年健康报 中日友好医院）,微博,翠屏青年,2024-01-14 10:15:00,http://weibo.com/5236442064/NBM0660QD,未知,控烟,中性,未知
202401011214,转发微博 //@北京12320在聆听:【二手烟对冠心病患者的危害】#北京12320控烟在行动# 吸烟是冠心病发生的主要危险因素，我国流行病学调查显示，大量吸烟与非吸烟患者相比冠心病发生率高26倍以上。吸入二手烟同样有害，二手烟对被动吸烟者的危害一点也不比主动吸烟者轻，特别是对患有心血管疾病的人的危害尤其严重。二手烟烟雾中含有一氧化碳，二手烟烟雾中的一氧化碳能与血红蛋白结合，会大大阻碍血红蛋白与氧气的结合。导致人体缺氧，引发心肌梗塞，这对心脑血管疾病患者来说，无疑是雪上加霜。二手烟雾中尼古丁的危害。二手烟雾中的尼古丁进入人体后，会导致人体血管收缩，会使心跳加快、血压上升，还能导致血液粘稠。患有心肌梗塞，高血脂、高血压等的患者病情更加容易恶化。二手烟中的几种成份能引起严重的心血管中毒，扰乱心脏、血液及血管系统正常功能，增加心血管事件发生的风险。二手烟暴露也能加重心脏病发作的程度，并增加复发和死亡风险。平常要多注意吃富含维生素的蔬菜水果、提供充足的高质量蛋白质，注意适量运动，来抵抗二手烟的危害。同时倡导大家远离吸烟源，给自己营造一个舒适的环境。（来源：首都医科大学附属北京朝阳医院）,content: 转发微博 //@北京12320在聆听:【二手烟对冠心病患者的危害】#北京12320控烟在行动# 吸烟是冠心病发生的主要危险因素，我国流行病学调查显示，大量吸烟与非吸烟患者相比冠心病发生率高26倍以上。吸入二手烟同样有害，二手烟对被动吸烟者的危害一点也不比主动吸烟者轻，特别是对患有心血管疾病的人的危害尤其严重。二手烟烟雾中含有一氧化碳，二手烟烟雾中的一氧化碳能与血红蛋白结合，会大大阻碍血红蛋白与氧气的结合。导致人体缺氧，引发心肌梗塞，这对心脑血管疾病患者来说，无疑是雪上加霜。二手烟雾中尼古丁的危害。二手烟雾中的尼古丁进入人体后，会导致人体血管收缩，会使心跳加快、血压上升，还能导致血液粘稠。患有心肌梗塞，高血脂、高血压等的患者病情更加容易恶化。二手烟中的几种成份能引起严重的心血管中毒，扰乱心脏、血液及血管系统正常功能，增加心血管事件发生的风险。二手烟暴露也能加重心脏病发作的程度，并增加复发和死亡风险。平常要多注意吃富含维生素的蔬菜水果、提供充足的高质量蛋白质，注意适量运动，来抵抗二手烟的危害。同时倡导大家远离吸烟源，给自己营造一个舒适的环境。（来源：首都医科大学附属北京朝阳医院）,微博,城关街道社区卫生服务中心健教,2024-01-13 17:19:08,http://weibo.com/5893031022/NBFlL0XgX,未知,控烟,正面,未知
202401011221,慢阻肺病的防治挑战 吸烟率上升：吸烟是慢阻肺病的主要危险因素，随着发展中国家吸烟率的升高，慢阻肺病的患病率将继续上升。因此，加强控烟工作，减少吸烟人数，是降低慢阻肺病发病率的关键。 人口老龄化：随着人口老龄化的加剧，老年人患慢阻肺病的风险逐渐增大。应加大对老年人群的健康教育和健康管理力度，提高老年人对慢阻肺病的认识和自我管理能力。 空气污染：空气污染是慢阻肺病的重要诱因之一。政府应加大对空气污染治理的投入和力度，改善空气质量，降低慢阻肺病的发病率。 基层防治水平不足：目前，我国基层医疗机构的慢阻肺病防治水平普遍较低，缺乏有效的诊疗技术和药物。应加强基层医疗机构的慢阻肺病诊疗能力建设，提高基层防治水平。,content: 慢阻肺病的防治挑战 吸烟率上升：吸烟是慢阻肺病的主要危险因素，随着发展中国家吸烟率的升高，慢阻肺病的患病率将继续上升。因此，加强控烟工作，减少吸烟人数，是降低慢阻肺病发病率的关键。 人口老龄化：随着人口老龄化的加剧，老年人患慢阻肺病的风险逐渐增大。应加大对老年人群的健康教育和健康管理力度，提高老年人对慢阻肺病的认识和自我管理能力。 空气污染：空气污染是慢阻肺病的重要诱因之一。政府应加大对空气污染治理的投入和力度，改善空气质量，降低慢阻肺病的发病率。 基层防治水平不足：目前，我国基层医疗机构的慢阻肺病防治水平普遍较低，缺乏有效的诊疗技术和药物。应加强基层医疗机构的慢阻肺病诊疗能力建设，提高基层防治水平。,微博,呼吸科孙思庆博士,2024-01-13 15:34:01,http://weibo.com/1770740767/NBEF5q5Rb,未知,控烟,正面,未知
202401011227,法律法规的落实 再次，我们需要做好《未成年人保护法》的落实工作，不向未成年人售卷烟和电子烟。同时，我们也需要加强控烟法规的有效落实，禁止任何形式的广告、促销和赞助活动。只有这样，我们才能真正地从源头上防止青少年吸烟。,content: 法律法规的落实 再次，我们需要做好《未成年人保护法》的落实工作，不向未成年人售卷烟和电子烟。同时，我们也需要加强控烟法规的有效落实，禁止任何形式的广告、促销和赞助活动。只有这样，我们才能真正地从源头上防止青少年吸烟。,微博,呼吸科孙思庆博士,2024-01-13 15:24:59,http://weibo.com/1770740767/NBEBqb5Zw,未知,控烟,正面,未知
202401011232,宣传与教育 首先，我们需要大力宣传吸烟的危害。现代新媒体、新方法为我们提供了更多的可能性。我们可以利用这些手段，多渠道、全方位地开展青少年控烟宣传工作，让青少年认识到吸烟的成瘾性，吸烟、二手烟暴露以及吸电子烟可能产生的健康危害。同时，我们也需要在学校和家庭中进行教育，让孩子们在成长过程中形成正确的价值观和生活方式。,content: 宣传与教育 首先，我们需要大力宣传吸烟的危害。现代新媒体、新方法为我们提供了更多的可能性。我们可以利用这些手段，多渠道、全方位地开展青少年控烟宣传工作，让青少年认识到吸烟的成瘾性，吸烟、二手烟暴露以及吸电子烟可能产生的健康危害。同时，我们也需要在学校和家庭中进行教育，让孩子们在成长过程中形成正确的价值观和生活方式。,微博,呼吸科孙思庆博士,2024-01-13 15:24:33,http://weibo.com/1770740767/NBEBfimOb,未知,控烟,中性,未知
202401011243,#办公室紧挨吸烟区 员工被迫吸“二手烟”？#吸烟危害健康已毋庸置疑，二手烟的危害更可谓“猛于虎”。近年来，各地控烟部门也加大力度对公共场所的违法吸烟行为进行劝导。然而近日有在广州天河区上班的刘先生向我们反映，自己几乎每天上班，都在经受着“二手烟”的折磨，很是苦恼，这问题到底是出在了哪呢？ 今日一线的微博视频,content: #办公室紧挨吸烟区 员工被迫吸“二手烟”？#吸烟危害健康已毋庸置疑，二手烟的危害更可谓“猛于虎”。近年来，各地控烟部门也加大力度对公共场所的违法吸烟行为进行劝导。然而近日有在广州天河区上班的刘先生向我们反映，自己几乎每天上班，都在经受着“二手烟”的折磨，很是苦恼，这问题到底是出在了哪呢？ 今日一线的微博视频,微博,今日一线,2024-01-13 14:08:10,http://weibo.com/1660797932/NBE6eCR4F,未知,控烟,负面,未知
202401011255,转发//@罗妮zyzyyuan:上海的控烟工作做得好好….就像随手拍举报交通违章一样方便！,content: 转发//@罗妮zyzyyuan:上海的控烟工作做得好好….就像随手拍举报交通违章一样方便！,微博,水原原水,2024-01-13 09:44:04,http://weibo.com/1371524183/NBCn2qwG2,未知,控烟,中性,未知
202401011088,转发微博//@健康浙江:更年期是老年慢性疾病的起始阶段，所以这个时期需要全面的健康管理，包括饮食、运动、控烟、限酒、心理疏导等，并开展绝经激素治疗，以缓解绝经相关症状，延缓老年疾病的发生，实现健康老龄化。#健康浙江#,content: 转发微博//@健康浙江:更年期是老年慢性疾病的起始阶段，所以这个时期需要全面的健康管理，包括饮食、运动、控烟、限酒、心理疏导等，并开展绝经激素治疗，以缓解绝经相关症状，延缓老年疾病的发生，实现健康老龄化。#健康浙江#,微博,爱瑶0619,2024-01-12 22:08:38,http://weibo.com/2853046852/NBxOLk6zi,未知,控烟,正面,未知
202401011092,#无烟佳节 与爱同行# 禁烟控烟常态化，每日都是世界无烟日！济宁高新的微博视频,content: #无烟佳节 与爱同行# 禁烟控烟常态化，每日都是世界无烟日！济宁高新的微博视频,微博,青春龙泉驿,2024-01-12 22:07:00,http://weibo.com/2035428610/NBxO6qK5J,未知,控烟,中性,未知
202401011096,首都医科大学附属北京儿童医院的门前，无论是树丛里还是垃圾桶旁，放眼望去皆有烟头，医院大门附近烟味浓烈。只见很多患儿家属刚走出医院，就迫不及待地点起了烟。#北京12320控烟在行动##北京控烟随手拍# @北京12345 控烟 北京·首都医科大学附属北京儿童医院,content: 首都医科大学附属北京儿童医院的门前，无论是树丛里还是垃圾桶旁，放眼望去皆有烟头，医院大门附近烟味浓烈。只见很多患儿家属刚走出医院，就迫不及待地点起了烟。#北京12320控烟在行动##北京控烟随手拍# @北京12345 控烟 北京·首都医科大学附属北京儿童医院,微博,太阳天空照哈,2024-01-12 21:49:10,http://weibo.com/6238072200/NBxGS09FM,未知,控烟,中性,未知
202401011102,#无烟佳节 与爱同行# 在春节来临之际，温馨提示您：走亲访友、春节聚会，不吸烟、不敬烟、不劝烟，“对二手烟说不”，主动做控烟宣传者和倡导者，健健康康过佳节！,content: #无烟佳节 与爱同行# 在春节来临之际，温馨提示您：走亲访友、春节聚会，不吸烟、不敬烟、不劝烟，“对二手烟说不”，主动做控烟宣传者和倡导者，健健康康过佳节！,微博,成都市场监管,2024-01-12 21:06:00,http://weibo.com/6931893732/NBxpl9NH2,未知,控烟,正面,未知
202401011112,转发微博//@绿会少年公益项目:摩洛哥控烟“大动作”：涉及烟草消费税 | 控烟观察 近日，摩洛哥宣布将加强对卷烟的监管，限制在其国内销售的卷烟中的焦油、尼古丁和一氧化碳含量，分别设定上限为10毫克、1毫克和10毫克。同时在烟税方面也有“大动作”，摩洛哥税务部门表示，2023年从烟草产业获得约125亿摩洛哥道拉姆税收，较2022年增长5.82%，今后将进一步提高烟草消费税。 为爱捐赠：http://t.cn/A6Ne59sc 中国生物多样性保护与绿色发展基金会控烟小组（简称“绿会控烟组”）一直在持续研究烟草税和环境税对控烟的影响。2023年4月曾邀请对外贸易大学、南京财经大学的研究学者就烟草税改革与降低烟草消费等问题展开讨论，对我国烟草税现状进行了客观评估，探讨中国烟草税改革的策略、路径，提出中国适时考虑提高烟草税的政策建议。同年10月，结合“烟草消费税改革暨烟草行业全产业链研究”成果，与相关领域专家讨论交流，提出尽快推动国家提升烟草税，促进吸烟率下降的建议。 目前我国烟草税仍有提升空间，如何将其中的重要性和必要性说清楚，还需全社会共同的努力，共同助力实现美丽中国。 相关阅读： http://t.cn/A6jz825E http://t.cn/A6jz825Q 文：阿西叶 审：Cherry 编：DD,content: 转发微博//@绿会少年公益项目:摩洛哥控烟“大动作”：涉及烟草消费税 | 控烟观察 近日，摩洛哥宣布将加强对卷烟的监管，限制在其国内销售的卷烟中的焦油、尼古丁和一氧化碳含量，分别设定上限为10毫克、1毫克和10毫克。同时在烟税方面也有“大动作”，摩洛哥税务部门表示，2023年从烟草产业获得约125亿摩洛哥道拉姆税收，较2022年增长5.82%，今后将进一步提高烟草消费税。 为爱捐赠：http://t.cn/A6Ne59sc 中国生物多样性保护与绿色发展基金会控烟小组（简称“绿会控烟组”）一直在持续研究烟草税和环境税对控烟的影响。2023年4月曾邀请对外贸易大学、南京财经大学的研究学者就烟草税改革与降低烟草消费等问题展开讨论，对我国烟草税现状进行了客观评估，探讨中国烟草税改革的策略、路径，提出中国适时考虑提高烟草税的政策建议。同年10月，结合“烟草消费税改革暨烟草行业全产业链研究”成果，与相关领域专家讨论交流，提出尽快推动国家提升烟草税，促进吸烟率下降的建议。 目前我国烟草税仍有提升空间，如何将其中的重要性和必要性说清楚，还需全社会共同的努力，共同助力实现美丽中国。 相关阅读： http://t.cn/A6jz825E http://t.cn/A6jz825Q 文：阿西叶 审：Cherry 编：DD,微博,中国绿发会,2024-01-12 16:49:50,http://weibo.com/5327744144/NBvJmxuQd,未知,控烟,正面,未知
202401011116,#文明北京微评# 【锐评｜最该禁烟的地方怎么倒成了重灾区？】生病的孩子、复查的孕妇，一进医院大门就深受烟雾缭绕困扰，呛得直咳嗽——据报道，本市多家妇幼医院吸烟问题比较严重，醒目的禁烟提示成了摆设。 吸烟危害人所共知，但公共场所禁烟仍未完全到位。妇幼医院是明令禁烟场所，然而，门前、楼院甚至是楼内，越是患者扎堆，越有烟民聚集，他们肆无忌惮“吞云吐雾”，丝毫不顾旁人感受。医院病患本就脆弱敏感，当前尤以感冒咳嗽症状居多，二手烟让人不堪其扰，随地丢弃的烟头更存在很大安全隐患。将规定视若无睹，逮住机会就抽几口，是缺乏自律、意识淡薄的表现，更是对他人的不尊重、对公共文明的漠视。#别让公共场所的禁烟标志成为摆设# 公共场所禁烟屡禁不止，一方面是吸烟者自控能力差，另一方面也与管理方未能有效劝导有关。有些公共场所禁烟流于形式，甚至连工作人员自身也不遵守规定，掐了烟头一抹嘴儿就要求他人禁烟，腰杆儿自然也没那么硬。当然，禁烟在执法层面还面临主体积极性不足、监督和问责机制缺失等问题，加之，控烟场所范围划定、违法行为处罚等方面标准不一，都直接影响了控烟效果。 破解控烟难，对于管理方来说，要负起主体责任，通过人工、监控等方式，及时劝导制止。当然，仅靠劝导力度有限，关键还是要立法和执法跟进。比如，深圳“最严戒烟令”将控烟范围从室内拓展到室外人流密集区域，违规吸烟可不经劝阻直接罚款。措施看似严厉，其实值得借鉴，只有将管理处罚落到实处，保障监督执法渠道畅通，才能形成有力震慑，制止公共场所吸烟乱象。 禁烟控烟不是朝夕之功，理应更立体、多元化、全方位。有压力才有动力，有动力才能见成效，希望在净化公共场所环境的同时，控烟行动进一步延伸，形成合力建立长效机制，使其成为深入人心的社会共识。（来源 北京日报客户端）锐评｜最该禁烟的地方怎么倒成了重灾区？,content: #文明北京微评# 【锐评｜最该禁烟的地方怎么倒成了重灾区？】生病的孩子、复查的孕妇，一进医院大门就深受烟雾缭绕困扰，呛得直咳嗽——据报道，本市多家妇幼医院吸烟问题比较严重，醒目的禁烟提示成了摆设。 吸烟危害人所共知，但公共场所禁烟仍未完全到位。妇幼医院是明令禁烟场所，然而，门前、楼院甚至是楼内，越是患者扎堆，越有烟民聚集，他们肆无忌惮“吞云吐雾”，丝毫不顾旁人感受。医院病患本就脆弱敏感，当前尤以感冒咳嗽症状居多，二手烟让人不堪其扰，随地丢弃的烟头更存在很大安全隐患。将规定视若无睹，逮住机会就抽几口，是缺乏自律、意识淡薄的表现，更是对他人的不尊重、对公共文明的漠视。#别让公共场所的禁烟标志成为摆设# 公共场所禁烟屡禁不止，一方面是吸烟者自控能力差，另一方面也与管理方未能有效劝导有关。有些公共场所禁烟流于形式，甚至连工作人员自身也不遵守规定，掐了烟头一抹嘴儿就要求他人禁烟，腰杆儿自然也没那么硬。当然，禁烟在执法层面还面临主体积极性不足、监督和问责机制缺失等问题，加之，控烟场所范围划定、违法行为处罚等方面标准不一，都直接影响了控烟效果。 破解控烟难，对于管理方来说，要负起主体责任，通过人工、监控等方式，及时劝导制止。当然，仅靠劝导力度有限，关键还是要立法和执法跟进。比如，深圳“最严戒烟令”将控烟范围从室内拓展到室外人流密集区域，违规吸烟可不经劝阻直接罚款。措施看似严厉，其实值得借鉴，只有将管理处罚落到实处，保障监督执法渠道畅通，才能形成有力震慑，制止公共场所吸烟乱象。 禁烟控烟不是朝夕之功，理应更立体、多元化、全方位。有压力才有动力，有动力才能见成效，希望在净化公共场所环境的同时，控烟行动进一步延伸，形成合力建立长效机制，使其成为深入人心的社会共识。（来源 北京日报客户端）锐评｜最该禁烟的地方怎么倒成了重灾区？,微博,文明北京,2024-01-12 15:00:00,http://weibo.com/2189978113/NBv0MxJFQ,未知,控烟、戒烟,正面,未知
202401011127,【基层动态】慈善义工分别在西城区开展环保+控烟宣传志愿服务@北京志愿者俱乐部  @志愿者 1月10日，青檬慈善义工服务队在西城梅兰芳剧院、车公庄地铁站口附近开展控烟宣传志愿服务活动，队员们耐心劝导路人不要随地乱扔烟头，并将地上散落的烟头捡拾干净，保持环境卫生的干净整洁。当天，青檬慈善义工服务队还在官园桥路口安排队员值守，劝阻行人和电动自行车的违章行为，引导机动车辆按路口指示灯通行，并主动礼让斑马线。在队员们的耐心服务和劝导下，车辆和行人各行其道，路口交通安全、顺畅。#北京慈善义工##北京志愿服务#北京义工,content: 【基层动态】慈善义工分别在西城区开展环保+控烟宣传志愿服务@北京志愿者俱乐部 @志愿者 1月10日，青檬慈善义工服务队在西城梅兰芳剧院、车公庄地铁站口附近开展控烟宣传志愿服务活动，队员们耐心劝导路人不要随地乱扔烟头，并将地上散落的烟头捡拾干净，保持环境卫生的干净整洁。当天，青檬慈善义工服务队还在官园桥路口安排队员值守，劝阻行人和电动自行车的违章行为，引导机动车辆按路口指示灯通行，并主动礼让斑马线。在队员们的耐心服务和劝导下，车辆和行人各行其道，路口交通安全、顺畅。#北京慈善义工##北京志愿服务#北京义工,微博,北京市慈善义工联合会,2024-01-12 13:35:12,http://weibo.com/1951048510/NBusmweHs,未知,控烟,正面,未知
202401011131,戒烟控烟很轻松👀👀 零焦油 不燃烧 一贴除瘾 🉑 24小时持久释放不成瘾，缓释渗透不经心肺更安全❤️ 尼瑞克戒烟（控烟）保健贴——采用世界卫生组织推荐的科学戒烟方法🔸🔶,content: 戒烟控烟很轻松👀👀 零焦油 不燃烧 一贴除瘾 🉑 24小时持久释放不成瘾，缓释渗透不经心肺更安全❤️ 尼瑞克戒烟（控烟）保健贴——采用世界卫生组织推荐的科学戒烟方法🔸🔶,微博,梁向辉,2024-01-12 13:26:49,http://weibo.com/2479844347/NBuoXwfOt,未知,戒烟控烟、戒烟、控烟,正面,未知
202401011137,在2023年度中国烟草控制大众传播活动总结环节，展示了由中国健康教育中心评选的2022-2023年度优秀控烟媒体作品视频。由绿会控烟工作组出品的#环保协同控烟#主题视频短片《烟草威胁环境》获2022-2023年度中国烟草控制大众传播活动视频音频类作品二等奖。,content: 在2023年度中国烟草控制大众传播活动总结环节，展示了由中国健康教育中心评选的2022-2023年度优秀控烟媒体作品视频。由绿会控烟工作组出品的#环保协同控烟#主题视频短片《烟草威胁环境》获2022-2023年度中国烟草控制大众传播活动视频音频类作品二等奖。,微博,毕无烟,2024-01-12 13:11:22,http://weibo.com/2158751382/NBuiGuf9n,未知,控烟,正面,未知
202401011154,转发微博//@朝阳靓点:烟有百害，而无一利。吞云吐雾，伤害身体，污染环境，损人害己。 公共场所禁烟是创卫工作的重要一环。加大烟草危害的宣传力度，提高公众对烟草危害的深刻认识，对所有人的健康福祉起着根本作用。 这次，小先锋为大家带来了创卫微动画——控烟篇，让我们一同宣传，共同行动，全民开展禁烟运动，共建共享健康家园！ #朝阳创卫# #健康科普汇# #北京朝阳# http://t.cn/A6UOnniu,content: 转发微博//@朝阳靓点:烟有百害，而无一利。吞云吐雾，伤害身体，污染环境，损人害己。 公共场所禁烟是创卫工作的重要一环。加大烟草危害的宣传力度，提高公众对烟草危害的深刻认识，对所有人的健康福祉起着根本作用。 这次，小先锋为大家带来了创卫微动画——控烟篇，让我们一同宣传，共同行动，全民开展禁烟运动，共建共享健康家园！ #朝阳创卫# #健康科普汇# #北京朝阳# http://t.cn/A6UOnniu,微博,双流区民政局,2024-01-12 10:49:50,http://weibo.com/7769176585/NBtnf6s4b,未知,控烟,正面,未知
202401011159,四、PM2.5与室内二手烟 健康随烟而逝，疾病伴烟而生。二手烟暴露没有安全水平，室内完全禁止吸烟是避免危害的唯一有效方法。可是，我们在室内工作场所或者公共场所，或者家庭聚会，烟民抽着烟，其他不吸烟的人的就只能被动吸着烟民吐出来的烟雾。随着控烟法规的出台，在公共场所禁止吸烟，被动吸二手烟的情况明显好转，可是室内聚会吸烟现象依然普遍，二手烟暴露越来越多。 在常规的60平方米的居室里烟民连抽4支烟，监测一下室内的PM2.5，浓度也会“爆表”！连续抽2根烟，室内的PM2.5数值也能达到300-400。 可见，有人吸烟，很快室内小颗粒物（PM2.5）就会剧增。烟草烟雾是室内PM2.5的主要来源。相比室外，我们一天中80%的时间在室内，室内空间狭小，通风差，在这样的室内环境我们如何生存？ 1、室内小颗粒物主要来源烟霾 室内小颗粒物主要来自烟草烟雾，我们称之为烟霾。复旦大学研究表明，粒径在0.25～0.50微米的颗粒物的浓度与居民健康危害的关系最为显著，对心血管影响尤甚，且粒径越小，健康危害越大。室内烟雾的颗粒物更小，其远小于2.5微米，不到头发丝直径的百分之一，因为它小，极不容易察觉，又极其容易经过呼吸道进入肺部，穿透肺泡，进入血液循环，到达您所有的器官，危害您的健康，导致疾病。 烟霾除了自身可对身体带来的危害之外，烟霾小颗粒上还可以吸附各种卷烟燃烧产生的致癌物，如金属镉、烟草特有亚硝胺、多环芳烃、放射性元素等。 2、吸烟者，请珍惜您和你家人的生命 吸烟者，首先请不要成为移动污染源，吸烟一定走出门外，支持室内无烟；尊重他人的健康权，也许她是你的家人，也许他是你的挚友，也许她是深藏在你心里的一份期待。别让卷烟和二手烟吞噬他们的健康，好好享受彼此的陪伴，正是你最大的期望；不吸烟、不敬烟、不劝烟、不送烟；为了健康，戒烟，生命需珍惜，只有健康才是完完整整属于自己的，关心自己，做一个健康的你。,content: 四、PM2.5与室内二手烟 健康随烟而逝，疾病伴烟而生。二手烟暴露没有安全水平，室内完全禁止吸烟是避免危害的唯一有效方法。可是，我们在室内工作场所或者公共场所，或者家庭聚会，烟民抽着烟，其他不吸烟的人的就只能被动吸着烟民吐出来的烟雾。随着控烟法规的出台，在公共场所禁止吸烟，被动吸二手烟的情况明显好转，可是室内聚会吸烟现象依然普遍，二手烟暴露越来越多。 在常规的60平方米的居室里烟民连抽4支烟，监测一下室内的PM2.5，浓度也会“爆表”！连续抽2根烟，室内的PM2.5数值也能达到300-400。 可见，有人吸烟，很快室内小颗粒物（PM2.5）就会剧增。烟草烟雾是室内PM2.5的主要来源。相比室外，我们一天中80%的时间在室内，室内空间狭小，通风差，在这样的室内环境我们如何生存？ 1、室内小颗粒物主要来源烟霾 室内小颗粒物主要来自烟草烟雾，我们称之为烟霾。复旦大学研究表明，粒径在0.25～0.50微米的颗粒物的浓度与居民健康危害的关系最为显著，对心血管影响尤甚，且粒径越小，健康危害越大。室内烟雾的颗粒物更小，其远小于2.5微米，不到头发丝直径的百分之一，因为它小，极不容易察觉，又极其容易经过呼吸道进入肺部，穿透肺泡，进入血液循环，到达您所有的器官，危害您的健康，导致疾病。 烟霾除了自身可对身体带来的危害之外，烟霾小颗粒上还可以吸附各种卷烟燃烧产生的致癌物，如金属镉、烟草特有亚硝胺、多环芳烃、放射性元素等。 2、吸烟者，请珍惜您和你家人的生命 吸烟者，首先请不要成为移动污染源，吸烟一定走出门外，支持室内无烟；尊重他人的健康权，也许她是你的家人，也许他是你的挚友，也许她是深藏在你心里的一份期待。别让卷烟和二手烟吞噬他们的健康，好好享受彼此的陪伴，正是你最大的期望；不吸烟、不敬烟、不劝烟、不送烟；为了健康，戒烟，生命需珍惜，只有健康才是完完整整属于自己的，关心自己，做一个健康的你。,微博,海淀区万寿路健康教育,2024-01-12 10:04:42,http://weibo.com/2862774965/NBt4V4cmt,未知,控烟、戒烟,正面,未知
202401011164,去买利施臣的那个阿可韦戒烟贴！！ ！控烟超级牛的 不出意外我再连着贴两周 烟瘾就没了！#戒烟##戒烟打卡#,content: 去买利施臣的那个阿可韦戒烟贴！！ ！控烟超级牛的 不出意外我再连着贴两周 烟瘾就没了！#戒烟##戒烟打卡#,微博,恍惚海棠,2024-01-12 09:49:45,http://weibo.com/6807363965/NBsYQAyy0,未知,戒烟、控烟,中性,未知
202401011167,转发微博//@文明北京:#创建文明城市 共筑首善北京# 【石景山区：爱国卫生 | 古城打响公共场所禁烟攻坚战之进企业 解读相关法律法规】近期，针对冬季控烟特点，古城街道综合行政执法队在中海大厦举办以《北京市控制吸烟条例》法律法规解读为主题的城管开放日活动，进一步提高辖区企业职工对吸烟危害的认识，增强健康、环保意识，营造无烟、清洁的办公环境。（来源：石景山区创城办）http://t.cn/A6jzTNm6,content: 转发微博//@文明北京:#创建文明城市 共筑首善北京# 【石景山区：爱国卫生 | 古城打响公共场所禁烟攻坚战之进企业 解读相关法律法规】近期，针对冬季控烟特点，古城街道综合行政执法队在中海大厦举办以《北京市控制吸烟条例》法律法规解读为主题的城管开放日活动，进一步提高辖区企业职工对吸烟危害的认识，增强健康、环保意识，营造无烟、清洁的办公环境。（来源：石景山区创城办）http://t.cn/A6jzTNm6,微博,动漫中的西柳村,2024-01-12 09:44:56,http://weibo.com/2649762111/NBsWTqq2k,未知,控烟,正面,未知
202401011177,#创建文明城市 共筑首善北京# 【石景山区：爱国卫生 | 古城打响公共场所禁烟攻坚战之进企业 解读相关法律法规】近期，针对冬季控烟特点，古城街道综合行政执法队在中海大厦举办以《北京市控制吸烟条例》法律法规解读为主题的城管开放日活动，进一步提高辖区企业职工对吸烟危害的认识，增强健康、环保意识，营造无烟、清洁的办公环境。（来源：石景山区创城办）网页链接,content: #创建文明城市 共筑首善北京# 【石景山区：爱国卫生 | 古城打响公共场所禁烟攻坚战之进企业 解读相关法律法规】近期，针对冬季控烟特点，古城街道综合行政执法队在中海大厦举办以《北京市控制吸烟条例》法律法规解读为主题的城管开放日活动，进一步提高辖区企业职工对吸烟危害的认识，增强健康、环保意识，营造无烟、清洁的办公环境。（来源：石景山区创城办）网页链接,微博,文明北京,2024-01-12 09:00:01,http://weibo.com/2189978113/NBsEFcciY,未知,控烟,正面,未知
202401011185,转发微博//@罗妮zyzyyuan:上海的控烟工作做得好好….就像随手拍举报交通违章一样方便！,content: 转发微博//@罗妮zyzyyuan:上海的控烟工作做得好好….就像随手拍举报交通违章一样方便！,微博,经西经,2024-01-12 03:35:50,http://weibo.com/2514359900/NBqx56Hql,未知,控烟,中性,未知
20240101958,现在只要出门就百分百遇到有抽烟的人，无论去哪，吃饭的地方有，公园有，下楼扔个垃圾都有…真的崩溃广州做做控烟工作好不好,content: 现在只要出门就百分百遇到有抽烟的人，无论去哪，吃饭的地方有，公园有，下楼扔个垃圾都有…真的崩溃广州做做控烟工作好不好,微博,吖Sa_Xu,2024-01-11 20:39:20,http://weibo.com/2019733827/NBnO1g8iq,未知,控烟,负面,未知
20240101974,#SM娱乐就李楷灿室内吸烟道歉#跪求国内严格控烟 真的哪哪儿都烟味 商场厕所 小区电梯 走在路上都能被喷一脸烟…… ,content: #SM娱乐就李楷灿室内吸烟道歉#跪求国内严格控烟 真的哪哪儿都烟味 商场厕所 小区电梯 走在路上都能被喷一脸烟……,微博,一涵Serendipity,2024-01-11 15:48:34,http://weibo.com/7725649453/NBlU0044i,未知,控烟,中性,未知
20240101980,摩洛哥控烟“大动作”：涉及烟草消费税 | 控烟观察 近日，摩洛哥宣布将加强对卷烟的监管，限制在其国内销售的卷烟中的焦油、尼古丁和一氧化碳含量，分别设定上限为10毫克、1毫克和10毫克。同时在烟税方面也有“大动作”，摩洛哥税务部门表示，2023年从烟草产业获得约125亿摩洛哥道拉姆税收，较2022年增长5.82%，今后将进一步提高烟草消费税。 为爱捐赠：http://t.cn/A6Ne59sc 中国生物多样性保护与绿色发展基金会控烟小组（简称“绿会控烟组”）一直在持续研究烟草税和环境税对控烟的影响。2023年4月曾邀请对外贸易大学、南京财经大学的研究学者就烟草税改革与降低烟草消费等问题展开讨论，对我国烟草税现状进行了客观评估，探讨中国烟草税改革的策略、路径，提出中国适时考虑提高烟草税的政策建议。同年10月，结合“烟草消费税改革暨烟草行业全产业链研究”成果，与相关领域专家讨论交流，提出尽快推动国家提升烟草税，促进吸烟率下降的建议。 目前我国烟草税仍有提升空间，如何将其中的重要性和必要性说清楚，还需全社会共同的努力，共同助力实现美丽中国。 相关阅读： http://t.cn/A6jz825E http://t.cn/A6jz825Q 文：阿西叶 审：Cherry 编：DD,content: 摩洛哥控烟“大动作”：涉及烟草消费税 | 控烟观察 近日，摩洛哥宣布将加强对卷烟的监管，限制在其国内销售的卷烟中的焦油、尼古丁和一氧化碳含量，分别设定上限为10毫克、1毫克和10毫克。同时在烟税方面也有“大动作”，摩洛哥税务部门表示，2023年从烟草产业获得约125亿摩洛哥道拉姆税收，较2022年增长5.82%，今后将进一步提高烟草消费税。 为爱捐赠：http://t.cn/A6Ne59sc 中国生物多样性保护与绿色发展基金会控烟小组（简称“绿会控烟组”）一直在持续研究烟草税和环境税对控烟的影响。2023年4月曾邀请对外贸易大学、南京财经大学的研究学者就烟草税改革与降低烟草消费等问题展开讨论，对我国烟草税现状进行了客观评估，探讨中国烟草税改革的策略、路径，提出中国适时考虑提高烟草税的政策建议。同年10月，结合“烟草消费税改革暨烟草行业全产业链研究”成果，与相关领域专家讨论交流，提出尽快推动国家提升烟草税，促进吸烟率下降的建议。 目前我国烟草税仍有提升空间，如何将其中的重要性和必要性说清楚，还需全社会共同的努力，共同助力实现美丽中国。 相关阅读： http://t.cn/A6jz825E http://t.cn/A6jz825Q 文：阿西叶 审：Cherry 编：DD,微博,绿会少年公益项目,2024-01-11 15:38:08,http://weibo.com/6498452874/NBlPLhiIk,未知,控烟,正面,未知
20240101986,【二手烟对冠心病患者的危害】//@北京12320在聆听:【二手烟对冠心病患者的危害】#北京12320控烟在行动#吸烟是冠心病发生的主要危险因素，我国流行病学调查显示，大量吸烟与非吸烟患者相比冠心病发生率高26倍以上。吸入二手烟同样有害，二手烟对被动吸烟者的危害一点也不比主动吸烟者轻，特别是对患有心血管疾病的人的危害尤其严重。二手烟烟雾中含有一 ...全文,content: 【二手烟对冠心病患者的危害】//@北京12320在聆听:【二手烟对冠心病患者的危害】#北京12320控烟在行动#吸烟是冠心病发生的主要危险因素，我国流行病学调查显示，大量吸烟与非吸烟患者相比冠心病发生率高26倍以上。吸入二手烟同样有害，二手烟对被动吸烟者的危害一点也不比主动吸烟者轻，特别是对患有心血管疾病的人的危害尤其严重。二手烟烟雾中含有一 ...全文,微博,健康大兴,2024-01-11 15:30:38,http://weibo.com/2703012010/NBlMIyEhM,未知,控烟,正面,未知
20240101991,青春很贵，烟草不配！青少年控烟专访，听听专家怎么说 网页链接,content: 青春很贵，烟草不配！青少年控烟专访，听听专家怎么说 网页链接,微博,威海疾控,2024-01-11 14:46:29,http://weibo.com/3921433133/NBluNxQTd,未知,控烟,负面,未知
202401011005,室内抽烟就该跪该挨骂，跪的又快又好应该的，还没让他戒烟洗心革面做市政厅戒烟大使拉出来媒体宣传呢，比如那个谁，也别说吸电子烟烟二手烟咋了，吸烟就是很严肃的事情，今天还在看论文，也就是没什么公卫意识的老中会觉得二手烟没什么，怪不得控烟那个鸟样，韩国人有这种控烟法规执行环境都是应得的，老中最好也就应该多把公众人物拉出来毙掉不做实事至少打打表面舆论战啊，比如几个字，别说了又继续看论文去了,content: 室内抽烟就该跪该挨骂，跪的又快又好应该的，还没让他戒烟洗心革面做市政厅戒烟大使拉出来媒体宣传呢，比如那个谁，也别说吸电子烟烟二手烟咋了，吸烟就是很严肃的事情，今天还在看论文，也就是没什么公卫意识的老中会觉得二手烟没什么，怪不得控烟那个鸟样，韩国人有这种控烟法规执行环境都是应得的，老中最好也就应该多把公众人物拉出来毙掉不做实事至少打打表面舆论战啊，比如几个字，别说了又继续看论文去了,微博,下班去天堂,2024-01-11 14:03:12,http://weibo.com/7451117839/NBldee70P,未知,戒烟、控烟,中性,未知
202401011010,【张家窝镇社区卫生服务中心开展控烟知识科普讲座】#西青资讯# 近日，张家窝镇社区卫生服务中心医务人员走进张家窝镇政府为机关及社区工作人员开展了“无烟佳节 与爱同行”控烟知识科普讲座。讲座上，内科医生用生动的语言、详实的案例为大家讲解了吸烟对健康造成的危害、吸烟与慢性病的关系、戒烟的好处以及科学戒烟的方法，引导大家增强控烟戒烟意识，自觉抵制烟草诱惑，养成健康生活习惯。,content: 【张家窝镇社区卫生服务中心开展控烟知识科普讲座】#西青资讯# 近日，张家窝镇社区卫生服务中心医务人员走进张家窝镇政府为机关及社区工作人员开展了“无烟佳节 与爱同行”控烟知识科普讲座。讲座上，内科医生用生动的语言、详实的案例为大家讲解了吸烟对健康造成的危害、吸烟与慢性病的关系、戒烟的好处以及科学戒烟的方法，引导大家增强控烟戒烟意识，自觉抵制烟草诱惑，养成健康生活习惯。,微博,天津西青,2024-01-11 14:00:00,http://weibo.com/3888882491/NBlbVxOOi,未知,控烟、戒烟、控烟戒烟,正面,未知
202401011016,笑die ，领导说控烟这个事情就是个笑话，压根没有人干，谁干得懂啊，啊？ 我说对啊，当初咱们出这个控烟方案都是领导一边抽着烟一边拍板的，可不是个笑话嘛。,content: 笑die ，领导说控烟这个事情就是个笑话，压根没有人干，谁干得懂啊，啊？ 我说对啊，当初咱们出这个控烟方案都是领导一边抽着烟一边拍板的，可不是个笑话嘛。,微博,_的病例报告,2024-01-11 13:30:21,http://weibo.com/7691152370/NBkZTywJF,未知,控烟,中性,未知
202401011021,今天是2024年1月11日，我想看#无烟佳节，与爱同行#主题宣传活动，通知上不是说了嘛，“各地要认真研究谋划，结合本地实际，联合相关部门，紧抓元旦、春节时间节点，采取多种形式，开展具有地方特色的控烟系列宣传活动，通过宣传标语、宣传栏、海报、视频、公益宣传等群众喜闻乐见的方式，大力弘扬无烟健康过节文化，倡导过节不吸烟、不敬烟、不送烟，“对二手烟说不”，共度无烟健康佳节。”那么为什么元旦已经过去十几天了，我还没在本地看到宣传活动或海报呢？网页链接 反倒看到了一些来自外地的通知，比如，界首市的#每月11号 控烟在行动#,content: 今天是2024年1月11日，我想看#无烟佳节，与爱同行#主题宣传活动，通知上不是说了嘛，“各地要认真研究谋划，结合本地实际，联合相关部门，紧抓元旦、春节时间节点，采取多种形式，开展具有地方特色的控烟系列宣传活动，通过宣传标语、宣传栏、海报、视频、公益宣传等群众喜闻乐见的方式，大力弘扬无烟健康过节文化，倡导过节不吸烟、不敬烟、不送烟，“对二手烟说不”，共度无烟健康佳节。”那么为什么元旦已经过去十几天了，我还没在本地看到宣传活动或海报呢？网页链接 反倒看到了一些来自外地的通知，比如，界首市的#每月11号 控烟在行动#,微博,毕无烟,2024-01-11 12:36:36,http://weibo.com/2158751382/NBkE5b6xY,未知,控烟,正面,未知
202401011027,“无烟佳节 与爱同行”系列控烟活动#妇幼健康##控烟# 《请大声对二手烟说：不！》 请大声对二手烟说：不！,content: “无烟佳节 与爱同行”系列控烟活动#妇幼健康##控烟# 《请大声对二手烟说：不！》 请大声对二手烟说：不！,微博,郫都区妇幼保健院,2024-01-11 11:25:10,http://weibo.com/3338485064/NBkb5kbsA,未知,控烟,中性,未知
202401011034,【无烟佳节 与爱同行】建设健康成都 控烟人人有责 成都东部新区综合执法局的微博视频,content: 【无烟佳节 与爱同行】建设健康成都 控烟人人有责 成都东部新区综合执法局的微博视频,微博,成都东部新区综合执法局,2024-01-11 10:38:11,http://weibo.com/7619888286/NBjS18SuJ,未知,控烟,中性,未知
202401011046,上海的控烟工作做得好好….就像随手拍举报交通违章一样方便！,content: 上海的控烟工作做得好好….就像随手拍举报交通违章一样方便！,微博,罗妮zyzyyuan,2024-01-11 10:14:40,http://weibo.com/1167257004/NBjItgzEz,未知,控烟,中性,未知
202401011051,【错时处理餐饮单位未落实禁烟管理的举报】近日，浦锦所接到某餐饮店存在顾客在大堂内吸烟的举报，为保护人民群众的身体健康，浦锦所组织执法人员错时对该餐饮店进行现场检查。 为了能查见更真实的禁烟情况，浦锦所执法人员晚上7点出发至该餐饮店进行检查。现场检查时该店正常经营中，该餐饮店店堂内张贴有禁烟海报，餐桌上未提供烟缸等烟具，角落内一桌客人其中有2人正在抽烟，地上有数个烟蒂，店家未对吸烟顾客进行劝阻。执法人员对餐饮店负责人进行了控烟管理条例的法规宣贯，店家也认识到自己的错误并承诺不会再出现类似情况。由于该店违反了上海市公共场所控制吸烟条例对该店立案调查。,content: 【错时处理餐饮单位未落实禁烟管理的举报】近日，浦锦所接到某餐饮店存在顾客在大堂内吸烟的举报，为保护人民群众的身体健康，浦锦所组织执法人员错时对该餐饮店进行现场检查。 为了能查见更真实的禁烟情况，浦锦所执法人员晚上7点出发至该餐饮店进行检查。现场检查时该店正常经营中，该餐饮店店堂内张贴有禁烟海报，餐桌上未提供烟缸等烟具，角落内一桌客人其中有2人正在抽烟，地上有数个烟蒂，店家未对吸烟顾客进行劝阻。执法人员对餐饮店负责人进行了控烟管理条例的法规宣贯，店家也认识到自己的错误并承诺不会再出现类似情况。由于该店违反了上海市公共场所控制吸烟条例对该店立案调查。,微博,闵行市场监管,2024-01-11 09:10:11,http://weibo.com/2862558854/NBjiidSIV,未知,控烟,正面,未知
202401011057,点烟前，请三思//@中国健康教育官方微博:《点烟前，请三思》控烟系列海报来啦，请大家传播使用! 由中国健康教育中心设计的《点烟前，请三思》海报，以“抽愁丑臭”的谐音梗为话题，揭示吸烟的成本与代价，倡导大家做自己健康的第-责任人，珍视身边亲人的健康和幸福，积极参与控烟，主动远离烟草危害，勇于对二手烟说不，践行文明健康绿色环保的生活方式。欢迎大家传播使用!#2023世界无烟日##无烟为成长护航#,content: 点烟前，请三思//@中国健康教育官方微博:《点烟前，请三思》控烟系列海报来啦，请大家传播使用! 由中国健康教育中心设计的《点烟前，请三思》海报，以“抽愁丑臭”的谐音梗为话题，揭示吸烟的成本与代价，倡导大家做自己健康的第-责任人，珍视身边亲人的健康和幸福，积极参与控烟，主动远离烟草危害，勇于对二手烟说不，践行文明健康绿色环保的生活方式。欢迎大家传播使用!#2023世界无烟日##无烟为成长护航#,微博,北京通州中西医健康教育,2024-01-11 08:15:40,http://weibo.com/3723550905/NBiWamhva,未知,控烟,正面,未知
202401011083,易烊千玺每日一善@TFBOYS-易烊千玺 曾经作为中国优秀青年代表参加雅加达亚运会闭幕式，他还是首位长城守护者，是世界卫生组织健康特使，中国控烟倡导者，17岁设立易烊千玺爱心基金，个人捐款150万资助童伴计划活动覆盖十个项目村，是我们的正能量偶像善良是春日里的和煦微风，善良是炎热夏日的清凉饮品，善良是秋日收获的喜悦，善良是冬日里温暖的阳光。,content: 易烊千玺每日一善@TFBOYS-易烊千玺 曾经作为中国优秀青年代表参加雅加达亚运会闭幕式，他还是首位长城守护者，是世界卫生组织健康特使，中国控烟倡导者，17岁设立易烊千玺爱心基金，个人捐款150万资助童伴计划活动覆盖十个项目村，是我们的正能量偶像善良是春日里的和煦微风，善良是炎热夏日的清凉饮品，善良是秋日收获的喜悦，善良是冬日里温暖的阳光。,微博,火洋宝x见过玺版,2024-01-11 00:00:36,http://weibo.com/5338209223/NBfHdpKmN,未知,控烟,正面,未知
20240101842,【烟草企业借公益“洗白” 杜绝烟草捐赠仍需多方努力】近年来，社会上关于控烟禁烟及杜绝烟草捐赠的讨论也不曾间断。有观点认为，烟草与公益慈善在本质上是对立的，在宣传空间进一步压缩的情况下，一些烟草企业开始以“公益慈善”“社会责任”之名进行变相营销，这并非做好事，而是隐晦地宣传自己，属于偷换概念。网页链接,content: 【烟草企业借公益“洗白” 杜绝烟草捐赠仍需多方努力】近年来，社会上关于控烟禁烟及杜绝烟草捐赠的讨论也不曾间断。有观点认为，烟草与公益慈善在本质上是对立的，在宣传空间进一步压缩的情况下，一些烟草企业开始以“公益慈善”“社会责任”之名进行变相营销，这并非做好事，而是隐晦地宣传自己，属于偷换概念。网页链接,微博,公益时报,2024-01-10 18:25:03,http://weibo.com/1881124713/NBdv1AL8L,未知,控烟,正面,未知
20240101848,更年期是老年慢性疾病的起始阶段，所以这个时期需要全面的健康管理，包括饮食、运动、控烟、限酒、心理疏导等，并开展绝经激素治疗，以缓解绝经相关症状，延缓老年疾病的发生，实现健康老龄化。#健康浙江#,content: 更年期是老年慢性疾病的起始阶段，所以这个时期需要全面的健康管理，包括饮食、运动、控烟、限酒、心理疏导等，并开展绝经激素治疗，以缓解绝经相关症状，延缓老年疾病的发生，实现健康老龄化。#健康浙江#,微博,健康浙江,2024-01-10 18:14:58,http://weibo.com/2264264700/NBdqVq8Cc,未知,控烟,正面,未知
20240101853,【大兴#柠檬黄#在岗在位展担当 志愿服务不打烊】#志愿服务#今天是1月10日星期三，是控烟宣传日，大兴区的引导员们早早的来到各自的岗位上，积极地向乘客们宣传北京市文明促进条例和北京市控烟条例。他们用温馨的提醒和耐心的劝导，引导乘客们按照文明排队、顺序上车，注意脚下的安全，遵守乘车秩序。 引导员们积极劝阻不文明的行为，让更多的人意识到文明乘车的重要性。在他们的努力下，公共场合的秩序得到了有效的维护，乘车环境变得更加和谐。@文明北京@北京大兴@志愿北京 @无烟北京,content: 【大兴#柠檬黄#在岗在位展担当 志愿服务不打烊】#志愿服务#今天是1月10日星期三，是控烟宣传日，大兴区的引导员们早早的来到各自的岗位上，积极地向乘客们宣传北京市文明促进条例和北京市控烟条例。他们用温馨的提醒和耐心的劝导，引导乘客们按照文明排队、顺序上车，注意脚下的安全，遵守乘车秩序。 引导员们积极劝阻不文明的行为，让更多的人意识到文明乘车的重要性。在他们的努力下，公共场合的秩序得到了有效的维护，乘车环境变得更加和谐。@文明北京@北京大兴@志愿北京 @无烟北京,微博,文明大兴,2024-01-10 17:21:56,http://weibo.com/2646882747/NBd5p0UJY,未知,控烟,正面,未知
20240101858,近日，新城镇开展了“禁烟控烟，守护健康”宣传活动，进一步增强辖区居民禁烟意识，保障居民身体健康。新城镇开展“禁烟控烟，守护健康”宣传活动,content: 近日，新城镇开展了“禁烟控烟，守护健康”宣传活动，进一步增强辖区居民禁烟意识，保障居民身体健康。新城镇开展“禁烟控烟，守护健康”宣传活动,微博,天津滨海文明,2024-01-10 17:05:23,http://weibo.com/5284546164/NBcYGfvIS,未知,控烟,正面,未知
20240101864,在春节来临之际，温馨提示您：走亲访友、春节聚会，不吸烟、不敬烟、不劝烟，“对二手烟说不”，主动做控烟宣传者和倡导者，健健康康过佳节！,content: 在春节来临之际，温馨提示您：走亲访友、春节聚会，不吸烟、不敬烟、不劝烟，“对二手烟说不”，主动做控烟宣传者和倡导者，健健康康过佳节！,微博,天府服务,2024-01-10 16:59:13,http://weibo.com/3993597995/NBcWb7zWB,未知,控烟,正面,未知
20240101869,在春节等重大节日来临之际，成都图书馆温馨提醒：走亲访友、春节聚会，不吸烟、不敬烟、不劝烟，“对二手烟说不”，主动做控烟宣传者和倡导者，健健康康过佳节！无烟佳节 与爱同行 | 禁烟控烟知识宣传 ,content: 在春节等重大节日来临之际，成都图书馆温馨提醒：走亲访友、春节聚会，不吸烟、不敬烟、不劝烟，“对二手烟说不”，主动做控烟宣传者和倡导者，健健康康过佳节！无烟佳节 与爱同行 | 禁烟控烟知识宣传,微博,成都图书馆,2024-01-10 15:25:10,http://weibo.com/1990218861/NBck0jyAO,未知,控烟,正面,未知
20240101875,【无烟佳节 与爱同行｜带您读懂《成都市公共场所控制吸烟条例》】营造无烟环境，建设无烟成都，控烟人人有责。健康成都官微的微博视频,content: 【无烟佳节 与爱同行｜带您读懂《成都市公共场所控制吸烟条例》】营造无烟环境，建设无烟成都，控烟人人有责。健康成都官微的微博视频,微博,简阳市妇联,2024-01-10 15:21:37,http://weibo.com/6082256991/NBcizaPSw,未知,控烟,中性,未知
20240101880,转发微博//@健康中国:#听医生的话# 【世界无烟日 | 听医生的话：看病救一人，控烟救一代】为迎接第35个世界无烟日，健康报社发起“#听医生的话# ”之健康中国控烟科普医者联盟行动。为更好体现活动主旨，向广大医务人员传播控烟从我做起的理念，健康报社拍摄了一支以“看病救一人，控烟救一代”为主题的控烟公益宣传片，希 ...全文,content: 转发微博//@健康中国:#听医生的话# 【世界无烟日 | 听医生的话：看病救一人，控烟救一代】为迎接第35个世界无烟日，健康报社发起“#听医生的话# ”之健康中国控烟科普医者联盟行动。为更好体现活动主旨，向广大医务人员传播控烟从我做起的理念，健康报社拍摄了一支以“看病救一人，控烟救一代”为主题的控烟公益宣传片，希 ...全文,微博,双流区民政局,2024-01-10 14:56:40,http://weibo.com/7769176585/NBc8rba8u,未知,控烟,正面,未知
20240101883,【无烟佳节 与爱同行 | 禁烟控烟知识宣传】烟草是人类健康的致命杀手，全球每年因吸烟死亡的人数高达800万，我国吸烟人数超过3亿，每年有100多万人因烟草患病致死。如果不采取有效干预，预计到2030年这一数字将增加至每年200万人。 吸烟危害健康：科学证据表明，烟草释放的烟雾中含有7000余种化学物质，包括至少69种致癌物和200多种有毒有害物质，这些有害物质是造成吸烟者成瘾和健康损害的罪魁祸首。吸烟可导致癌症、冠心病、脑卒中、慢性阻塞性肺疾病、糖尿病、白内障、男性勃起功能障碍、骨质疏松等。二手烟暴露会加大不吸烟者患吸烟相关疾病的风险，可导致肺癌、冠心病、脑卒中和慢性阻塞性肺疾病等。 吸烟易成瘾：烟草中尼古丁具有极强的成瘾性，一旦吸烟成瘾，很难戒断。1998年世界卫生组织将烟草依赖作为一种成瘾性疾病列入《国际疾病分类（ICD10）》，编码为17.2。 在过去1年内体验过或表现出下列6项中的至少3项，可诊断为烟草依赖： 01强烈渴求吸烟 ； 02难以控制吸烟行为； 03当停止吸烟或减少吸烟量后有时会出现戒断症状； 04出现烟草耐受表现，即需要增加吸烟量才能获得过去吸较少烟量即可获得的吸烟感受 ； 05为吸烟放弃或减少其他活动及爱好； 06不顾吸烟的危害坚持吸烟。 在春节等重大节日来临之际，温馨提醒：走亲访友、春节聚会，不吸烟、不敬烟、不劝烟，“对二手烟说不”，主动做控烟宣传者和倡导者，健健康康过佳节！,content: 【无烟佳节 与爱同行 | 禁烟控烟知识宣传】烟草是人类健康的致命杀手，全球每年因吸烟死亡的人数高达800万，我国吸烟人数超过3亿，每年有100多万人因烟草患病致死。如果不采取有效干预，预计到2030年这一数字将增加至每年200万人。 吸烟危害健康：科学证据表明，烟草释放的烟雾中含有7000余种化学物质，包括至少69种致癌物和200多种有毒有害物质，这些有害物质是造成吸烟者成瘾和健康损害的罪魁祸首。吸烟可导致癌症、冠心病、脑卒中、慢性阻塞性肺疾病、糖尿病、白内障、男性勃起功能障碍、骨质疏松等。二手烟暴露会加大不吸烟者患吸烟相关疾病的风险，可导致肺癌、冠心病、脑卒中和慢性阻塞性肺疾病等。 吸烟易成瘾：烟草中尼古丁具有极强的成瘾性，一旦吸烟成瘾，很难戒断。1998年世界卫生组织将烟草依赖作为一种成瘾性疾病列入《国际疾病分类（ICD10）》，编码为17.2。 在过去1年内体验过或表现出下列6项中的至少3项，可诊断为烟草依赖： 01强烈渴求吸烟 ； 02难以控制吸烟行为； 03当停止吸烟或减少吸烟量后有时会出现戒断症状； 04出现烟草耐受表现，即需要增加吸烟量才能获得过去吸较少烟量即可获得的吸烟感受 ； 05为吸烟放弃或减少其他活动及爱好； 06不顾吸烟的危害坚持吸烟。 在春节等重大节日来临之际，温馨提醒：走亲访友、春节聚会，不吸烟、不敬烟、不劝烟，“对二手烟说不”，主动做控烟宣传者和倡导者，健健康康过佳节！,微博,成都发展改革,2024-01-10 14:38:57,http://weibo.com/3367862800/NBc1fgble,未知,控烟,正面,未知
20240101889,控烟第26天#控烟##冬季控烟##戒烟#,content: 控烟第26天#控烟##冬季控烟##戒烟#,微博,大西瓜_666,2024-01-10 11:20:52,http://weibo.com/1634379777/NBaIQdBwv,未知,控烟、戒烟,中性,未知
20240101896,改口吃、减体重、练跑步、控烟酒 81→75,content: 改口吃、减体重、练跑步、控烟酒 81→75,微博,周情0101,2024-01-10 11:10:40,http://weibo.com/7735609407/NBaEHw2PO,未知,控烟,中性,未知
20240101907,有了触发喷淋装置，还要明示警告，这样控烟效果会好吧。,content: 有了触发喷淋装置，还要明示警告，这样控烟效果会好吧。,微博,陶侃疫苗,2024-01-10 10:49:05,http://weibo.com/1772440677/NBavWqktT,未知,控烟,中性,未知
20240101912,#古驿平安# 【海东平安区水务局：营造控烟禁烟氛围 共创无烟健康环境】为进一步做好控烟工作，提高党员干部控烟意识，引导局干部职工建立积极健康的生活方式，平安区水务局开展了以“禁烟控烟 你我共同行动”为主题宣传活动，全局干部职工认真学习吸烟的危害和控烟的意义等知识，进一步增强党员干部控烟意识，有效推进无烟机关的创建工作。 海东平安区水务局：营造控烟禁烟氛围 共创无烟健康环境,content: #古驿平安# 【海东平安区水务局：营造控烟禁烟氛围 共创无烟健康环境】为进一步做好控烟工作，提高党员干部控烟意识，引导局干部职工建立积极健康的生活方式，平安区水务局开展了以“禁烟控烟 你我共同行动”为主题宣传活动，全局干部职工认真学习吸烟的危害和控烟的意义等知识，进一步增强党员干部控烟意识，有效推进无烟机关的创建工作。 海东平安区水务局：营造控烟禁烟氛围 共创无烟健康环境,微博,海东平安宣传,2024-01-10 10:18:02,http://weibo.com/5341864935/NBajl1TOb,未知,控烟,正面,未知
20240101918,控烟疏堵结合 提供戒烟支持 | 金山区室外吸烟点又“上新”控烟疏堵结合 提供戒烟支持 | 金山区室外吸烟点又“上新”,content: 控烟疏堵结合 提供戒烟支持 | 金山区室外吸烟点又“上新”控烟疏堵结合 提供戒烟支持 | 金山区室外吸烟点又“上新”,微博,文57426,2024-01-10 08:42:33,http://weibo.com/5342293528/NB9GAbZ1L,未知,控烟、戒烟,中性,未知
20240101924,转发微博//@健康龙泉驿:【建设健康成都，控烟人人有责！】你知道吗？#我国每年有超10万人死于二手烟暴露#。2023年1月1日起，《成都市公共场所控制吸烟条例》施行，让无烟成都成为新的城市名片，建设健康成都，一起行动起来吧！ 成都发布的微博视频,content: 转发微博//@健康龙泉驿:【建设健康成都，控烟人人有责！】你知道吗？#我国每年有超10万人死于二手烟暴露#。2023年1月1日起，《成都市公共场所控制吸烟条例》施行，让无烟成都成为新的城市名片，建设健康成都，一起行动起来吧！ 成都发布的微博视频,微博,龙泉驿区十陵社服中心,2024-01-10 08:33:19,http://weibo.com/6136683812/NB9CPw45u,未知,控烟,中性,未知
20240101931,国家冷知识~土库曼斯坦 1)土被联合国大会承认为永久中立国。人口约572万。 2)在土国，自来水、电、天然气自1991年起就是免费的。 3)土国不欢迎外国人，也限制本国人出去，以至于被称为中亚的“朝鲜”。他们的签证是世界上最难办的签证之一。 4)土国严格控烟，并施以重税，一盒普通的烟都要50元。外国人只能带2包香烟入境。 5)土国的女性是典型的草原美女气质，能歌善舞、温柔能干，结婚后会包揽全部家务。 6)传说中的“地狱之门”就位于土国境内。形成的原因是前苏联一个地质勘探小组点起了一把火，这把火已经燃烧了50多年。 7)土国的国徽正中央印有阿哈尔捷金马，传说史书中的“汗血宝马”说的就是阿哈尔捷金马，也被称为“大宛良马”。,content: 国家冷知识~土库曼斯坦 1)土被联合国大会承认为永久中立国。人口约572万。 2)在土国，自来水、电、天然气自1991年起就是免费的。 3)土国不欢迎外国人，也限制本国人出去，以至于被称为中亚的“朝鲜”。他们的签证是世界上最难办的签证之一。 4)土国严格控烟，并施以重税，一盒普通的烟都要50元。外国人只能带2包香烟入境。 5)土国的女性是典型的草原美女气质，能歌善舞、温柔能干，结婚后会包揽全部家务。 6)传说中的“地狱之门”就位于土国境内。形成的原因是前苏联一个地质勘探小组点起了一把火，这把火已经燃烧了50多年。 7)土国的国徽正中央印有阿哈尔捷金马，传说史书中的“汗血宝马”说的就是阿哈尔捷金马，也被称为“大宛良马”。,微博,林晓Jerry,2024-01-10 07:51:26,http://weibo.com/1277407485/NB9lPDEgx,未知,控烟,正面,未知
20240101937,控烟健康教育核心信息 一、中国吸烟人数超过3亿，约有7.4亿不吸烟者遭受二手烟暴露的危害。 二、中国每年因吸烟死亡的人数逾100万，超过结核病、艾滋病和疟疾导致的死亡人数之和。 三、现在吸烟者中将来会有一半因吸烟而提早死亡，吸烟者的平均寿命比不吸烟者缩短至少10年。 四、烟草烟雾至少含有69种致癌物。 五、烟草制品中的尼古丁可导致烟草依赖，烟草依赖是一种慢性成瘾性疾病。 六、吸烟及二手烟暴露均严重危害健康，即使吸入少量烟草烟雾也会对人体造成危害。 七、二手烟暴露没有安全水平，室内完全禁止吸烟是避免危害的唯一有效方法。 八、在室内设置吸烟区(室)、安装通风换气设施等均不能避免二手烟暴露的危害。 九、不存在无害的烟草制品，只要吸烟即有害健康。 十、“低焦油卷烟”、“中草药卷烟”不能降低吸烟带来的危害，反而容易诱导吸烟，影响吸烟者戒烟。 十一、吸烟可以导致多种恶性肿瘤，包括肺癌、口腔癌、鼻咽部恶性肿瘤、喉癌、食管癌、胃癌、肝癌、胰腺癌、肾癌、膀胱癌、宫颈癌、结肠直肠癌、乳腺癌和急性白血病等。 十二、吸烟可以导致慢性阻塞性肺疾病(慢阻肺)、青少年哮喘，增加呼吸道感染的发病风险。 十三、吸烟可以增加肺结核患病和死亡的风险。 十四、吸烟可以导致冠心病、脑卒中和外周动脉疾病。 十五、男性吸烟可以导致勃起功能障碍。 十六、女性吸烟可以导致受孕几率降低、流产、死胎、早产、婴儿低出生体重，增加婴儿猝死综合征的发生风险。 十七、吸烟可以导致2型糖尿病，增加其并发症的发生风险。 十八、吸烟可以导致牙周炎、白内障、手术后伤口愈合不良、皮肤老化、老年痴呆、绝经后女性骨密度降低和消化道溃疡。 十九、二手烟暴露可以导致肺癌、冠心病、脑卒中、乳腺癌、鼻窦癌。 二十、二手烟暴露可以导致成年人急慢性呼吸道症状、肺功能下降、支气管哮喘和慢性阻塞性肺疾病。 二十一、孕妇暴露于二手烟可以导致婴儿出生体重降低、婴儿猝死综合征、早产、新生儿神经管畸形和唇腭裂。 二十二、二手烟暴露可导致儿童支气管哮喘、肺功能下降和中耳炎。 二十三、戒烟是降低吸烟危害的唯一方法，戒烟越早越好，任何年龄戒烟均可获益。 二十四、戒烟可以显著降低吸烟者肺癌、冠心病、慢阻肺等多种疾病的发病和死亡风险，延缓上述疾病的进展，并改善预后。 二十五、吸烟的女性在妊娠前或妊娠早期戒烟，可以降低早产、胎儿生长受限、新生儿低出生体重等多种问题的发生风险。 二十六、吸烟者在戒烟过程中可能出现不适症状，必要时可依靠专业化的戒烟治疗。 二十七、吸烟者应当尊重他人的健康权益，不在室内工作场所、室内公共场所、公共交通工具内和其他禁止吸烟的场所吸烟。 二十八、吸烟者应当积极戒烟，吸烟者本人的戒烟意愿是成功戒烟的基础。 二十九、戒烟门诊可向吸烟者提供专业戒烟治疗。 三十、全国戒烟热线电话为400 888 5531，公共卫生服务热线电话为12320,content: 控烟健康教育核心信息 一、中国吸烟人数超过3亿，约有7.4亿不吸烟者遭受二手烟暴露的危害。 二、中国每年因吸烟死亡的人数逾100万，超过结核病、艾滋病和疟疾导致的死亡人数之和。 三、现在吸烟者中将来会有一半因吸烟而提早死亡，吸烟者的平均寿命比不吸烟者缩短至少10年。 四、烟草烟雾至少含有69种致癌物。 五、烟草制品中的尼古丁可导致烟草依赖，烟草依赖是一种慢性成瘾性疾病。 六、吸烟及二手烟暴露均严重危害健康，即使吸入少量烟草烟雾也会对人体造成危害。 七、二手烟暴露没有安全水平，室内完全禁止吸烟是避免危害的唯一有效方法。 八、在室内设置吸烟区(室)、安装通风换气设施等均不能避免二手烟暴露的危害。 九、不存在无害的烟草制品，只要吸烟即有害健康。 十、“低焦油卷烟”、“中草药卷烟”不能降低吸烟带来的危害，反而容易诱导吸烟，影响吸烟者戒烟。 十一、吸烟可以导致多种恶性肿瘤，包括肺癌、口腔癌、鼻咽部恶性肿瘤、喉癌、食管癌、胃癌、肝癌、胰腺癌、肾癌、膀胱癌、宫颈癌、结肠直肠癌、乳腺癌和急性白血病等。 十二、吸烟可以导致慢性阻塞性肺疾病(慢阻肺)、青少年哮喘，增加呼吸道感染的发病风险。 十三、吸烟可以增加肺结核患病和死亡的风险。 十四、吸烟可以导致冠心病、脑卒中和外周动脉疾病。 十五、男性吸烟可以导致勃起功能障碍。 十六、女性吸烟可以导致受孕几率降低、流产、死胎、早产、婴儿低出生体重，增加婴儿猝死综合征的发生风险。 十七、吸烟可以导致2型糖尿病，增加其并发症的发生风险。 十八、吸烟可以导致牙周炎、白内障、手术后伤口愈合不良、皮肤老化、老年痴呆、绝经后女性骨密度降低和消化道溃疡。 十九、二手烟暴露可以导致肺癌、冠心病、脑卒中、乳腺癌、鼻窦癌。 二十、二手烟暴露可以导致成年人急慢性呼吸道症状、肺功能下降、支气管哮喘和慢性阻塞性肺疾病。 二十一、孕妇暴露于二手烟可以导致婴儿出生体重降低、婴儿猝死综合征、早产、新生儿神经管畸形和唇腭裂。 二十二、二手烟暴露可导致儿童支气管哮喘、肺功能下降和中耳炎。 二十三、戒烟是降低吸烟危害的唯一方法，戒烟越早越好，任何年龄戒烟均可获益。 二十四、戒烟可以显著降低吸烟者肺癌、冠心病、慢阻肺等多种疾病的发病和死亡风险，延缓上述疾病的进展，并改善预后。 二十五、吸烟的女性在妊娠前或妊娠早期戒烟，可以降低早产、胎儿生长受限、新生儿低出生体重等多种问题的发生风险。 二十六、吸烟者在戒烟过程中可能出现不适症状，必要时可依靠专业化的戒烟治疗。 二十七、吸烟者应当尊重他人的健康权益，不在室内工作场所、室内公共场所、公共交通工具内和其他禁止吸烟的场所吸烟。 二十八、吸烟者应当积极戒烟，吸烟者本人的戒烟意愿是成功戒烟的基础。 二十九、戒烟门诊可向吸烟者提供专业戒烟治疗。 三十、全国戒烟热线电话为400 888 5531，公共卫生服务热线电话为12320,微博,海淀区万寿路健康教育,2024-01-10 07:48:35,http://weibo.com/2862774965/NB9kG0xGv,未知,控烟、戒烟,正面,未知
20240101943,易烊千玺 易烊千玺作为首位长城守护者，世界卫生组织健康特使，中国控烟倡导者，成名后，17岁生日会上成立了个人爱心基金，个人捐款150万资助童伴计划活动覆盖十个项目村，是我们的正能量偶像！@TFBOYS-易烊千玺,content: 易烊千玺 易烊千玺作为首位长城守护者，世界卫生组织健康特使，中国控烟倡导者，成名后，17岁生日会上成立了个人爱心基金，个人捐款150万资助童伴计划活动覆盖十个项目村，是我们的正能量偶像！@TFBOYS-易烊千玺,微博,kiss-小悦,2024-01-10 00:12:00,http://weibo.com/6273520949/NB6llCSDa,未知,控烟,正面,未知
20240101948,[心]//@多一点思念吧小易:🎋 #清扬品牌代言人易烊千玺#🎋 🎋 #易烊千玺代言特仑苏#🎋 是中国儿童少年基金会音乐童年公益项目爱心大使，中国文物保护基金会“长城守护者”，受世界卫生组织邀请成为“控烟倡导者”，被世卫组织任命为“世界卫生组织中国健康特使”。诸多荣誉，是对17岁的他捐赠150万元助力童伴计划，4吨猫粮狗粮，易路同行热心公益的最好见证@TFBOYS-易烊千玺 📢回忆转动着锈迹斑驳的齿轮 续写着未来的诗篇 回忆翻涌 未来我们一同续写 http://t.cn/A6aV38aM http://t.cn/A6OtnFHz 欢迎你 📢易撩撩超话组招新啦！！ http://t.cn/A6yVRtck不到五分钟轻松做完～ 人美心善的小姐姐在易撩撩等你一起玩嗷[哇] 📢鶴璽小镇欢迎你[送花花]内设日常组，周末组，假期组，反嘿组！等待鸟们加入～http://t.cn/A6IKtws8（一起来升超话等级[举手]） 📢来这里http://t.cn/A6bq577a和千玺说情话吧~每天底线58 为玺哥盖大楼🏢 📢欢迎加入http://t.cn/A6Ns2jYZ 为玺护航 http://t.cn/A6N81xN0 http://t.cn/A6N81xNN http://t.cn/A6N81xNp http://t.cn/A6NOcr0f http://t.cn/A6NOcr0V http://t.cn/A6NOcr0M http://t.cn/A6NaSl28 http://t.cn/A6NaSlkw http://t.cn/A6NaSO2H http://t.cn/A6lZlVHE yyqx 华为nova全球代言人 天猫首位代言人 yyqx 少年的你 送你一朵小红花 奇迹·笨小孩 yyqx 四字弟弟 李必 阿易 易队长 千玺 yyqx Tiffany 阿玛尼 宝马 波司登,content: [心]//@多一点思念吧小易:🎋 #清扬品牌代言人易烊千玺#🎋 🎋 #易烊千玺代言特仑苏#🎋 是中国儿童少年基金会音乐童年公益项目爱心大使，中国文物保护基金会“长城守护者”，受世界卫生组织邀请成为“控烟倡导者”，被世卫组织任命为“世界卫生组织中国健康特使”。诸多荣誉，是对17岁的他捐赠150万元助力童伴计划，4吨猫粮狗粮，易路同行热心公益的最好见证@TFBOYS-易烊千玺 📢回忆转动着锈迹斑驳的齿轮 续写着未来的诗篇 回忆翻涌 未来我们一同续写 http://t.cn/A6aV38aM http://t.cn/A6OtnFHz 欢迎你 📢易撩撩超话组招新啦！！ http://t.cn/A6yVRtck不到五分钟轻松做完～ 人美心善的小姐姐在易撩撩等你一起玩嗷[哇] 📢鶴璽小镇欢迎你[送花花]内设日常组，周末组，假期组，反嘿组！等待鸟们加入～http://t.cn/A6IKtws8（一起来升超话等级[举手]） 📢来这里http://t.cn/A6bq577a和千玺说情话吧~每天底线58 为玺哥盖大楼🏢 📢欢迎加入http://t.cn/A6Ns2jYZ 为玺护航 http://t.cn/A6N81xN0 http://t.cn/A6N81xNN http://t.cn/A6N81xNp http://t.cn/A6NOcr0f http://t.cn/A6NOcr0V http://t.cn/A6NOcr0M http://t.cn/A6NaSl28 http://t.cn/A6NaSlkw http://t.cn/A6NaSO2H http://t.cn/A6lZlVHE yyqx 华为nova全球代言人 天猫首位代言人 yyqx 少年的你 送你一朵小红花 奇迹·笨小孩 yyqx 四字弟弟 李必 阿易 易队长 千玺 yyqx Tiffany 阿玛尼 宝马 波司登,微博,小丁一个人挺好的,2024-01-10 00:00:31,http://weibo.com/3519695743/NB6gGuBRF,未知,控烟,正面,未知
20240101954,🎋 #清扬品牌代言人易烊千玺#🎋 🎋 #易烊千玺代言特仑苏#🎋 是中国儿童少年基金会音乐童年公益项目爱心大使，中国文物保护基金会“长城守护者”，受世界卫生组织邀请成为“控烟倡导者”，被世卫组织任命为“世界卫生组织中国健康特使”。诸多荣誉，是对17岁的他捐赠150万元助力童伴计划，4吨猫粮狗粮，易路同行热心公益的最好见证@TFBOYS-易烊千玺 📢回忆转动着锈迹斑驳的齿轮 续写着未来的诗篇 回忆翻涌 未来我们一同续写 南部小城拾壹号楼 南部小城贰捌号街道 欢迎你 📢易撩撩超话组招新啦！！ 易撩撩的玫瑰花园不到五分钟轻松做完～ 人美心善的小姐姐在易撩撩等你一起玩嗷 📢鶴璽小镇欢迎你内设日常组，周末组，假期组，反嘿组！等待鸟们加入～鶴璽小镇（一起来升超话等级） 📢来这里为城市建设添砖加瓦和千玺说情话吧~每天底线58 为玺哥盖大楼🏢 📢欢迎加入白日猫 为玺护航 白日猫 她等在午夜前 同乘 彳亍 五光十色 霓裳 你好，我是____ 冷屁股 九里庄人才中心 4%vol的河 yyqx 华为nova全球代言人 天猫首位代言人 yyqx 少年的你 送你一朵小红花 奇迹·笨小孩 yyqx 四字弟弟 李必 阿易 易队长 千玺 yyqx Tiffany 阿玛尼 宝马 波司登,content: 🎋 #清扬品牌代言人易烊千玺#🎋 🎋 #易烊千玺代言特仑苏#🎋 是中国儿童少年基金会音乐童年公益项目爱心大使，中国文物保护基金会“长城守护者”，受世界卫生组织邀请成为“控烟倡导者”，被世卫组织任命为“世界卫生组织中国健康特使”。诸多荣誉，是对17岁的他捐赠150万元助力童伴计划，4吨猫粮狗粮，易路同行热心公益的最好见证@TFBOYS-易烊千玺 📢回忆转动着锈迹斑驳的齿轮 续写着未来的诗篇 回忆翻涌 未来我们一同续写 南部小城拾壹号楼 南部小城贰捌号街道 欢迎你 📢易撩撩超话组招新啦！！ 易撩撩的玫瑰花园不到五分钟轻松做完～ 人美心善的小姐姐在易撩撩等你一起玩嗷 📢鶴璽小镇欢迎你内设日常组，周末组，假期组，反嘿组！等待鸟们加入～鶴璽小镇（一起来升超话等级） 📢来这里为城市建设添砖加瓦和千玺说情话吧~每天底线58 为玺哥盖大楼🏢 📢欢迎加入白日猫 为玺护航 白日猫 她等在午夜前 同乘 彳亍 五光十色 霓裳 你好，我是____ 冷屁股 九里庄人才中心 4%vol的河 yyqx 华为nova全球代言人 天猫首位代言人 yyqx 少年的你 送你一朵小红花 奇迹·笨小孩 yyqx 四字弟弟 李必 阿易 易队长 千玺 yyqx Tiffany 阿玛尼 宝马 波司登,微博,多一点思念吧小易,2024-01-10 00:00:12,http://weibo.com/7591098628/NB6gyEHZd,未知,控烟,正面,未知
20240101744,#新妹儿提醒# 在春节等重大节日来临之际，新妹儿提醒大家：走亲访友、春节聚会，不吸烟、不敬烟、不劝烟，“对二手烟说不”，主动做控烟宣传者和倡导者，健健康康过佳节！ #无烟佳节 与爱同行# ,content: #新妹儿提醒# 在春节等重大节日来临之际，新妹儿提醒大家：走亲访友、春节聚会，不吸烟、不敬烟、不劝烟，“对二手烟说不”，主动做控烟宣传者和倡导者，健健康康过佳节！ #无烟佳节 与爱同行#,微博,高新服务,2024-01-09 16:04:40,http://weibo.com/3359245562/NB39xwO84,未知,控烟,中性,未知
20240101750,【营造无烟环境 建设健康成都 控烟人人有责】让无烟成都成为新的城市名片，建设健康成都，一起行动起来吧！ 双流生态环境的微博视频 ,content: 【营造无烟环境 建设健康成都 控烟人人有责】让无烟成都成为新的城市名片，建设健康成都，一起行动起来吧！ 双流生态环境的微博视频,微博,双流生态环境,2024-01-09 15:53:49,http://weibo.com/2883876064/NB358lXxn,未知,控烟,中性,未知
20240101756,#小东跑两会#【2024年工作安排：深化精细治理，建设现代化宜居宜业城区】持续优化环境秩序。加大力度“降尘、查车、控烟”，深入打好蓝天保卫战。启动花园城市建设，完成东单公园、南馆公园改造提升，建成一批特色口袋公园，打造生态都市会客厅。推进特色胡同建设，提升庭院绿化、社区绿化水平，形成更多城市景观“大师小品”。通过优化道路停车、新建“平改立”设施、挖潜错时共享等措施，新增停车位370个、共享停车位500个。,content: #小东跑两会#【2024年工作安排：深化精细治理，建设现代化宜居宜业城区】持续优化环境秩序。加大力度“降尘、查车、控烟”，深入打好蓝天保卫战。启动花园城市建设，完成东单公园、南馆公园改造提升，建成一批特色口袋公园，打造生态都市会客厅。推进特色胡同建设，提升庭院绿化、社区绿化水平，形成更多城市景观“大师小品”。通过优化道路停车、新建“平改立”设施、挖潜错时共享等措施，新增停车位370个、共享停车位500个。,微博,北京东城,2024-01-09 15:00:09,http://weibo.com/2590506110/NB2Jm865o,未知,控烟,正面,未知
20240101768,【动画解读：成都市公共场所控制吸烟条例】营造无烟环境，建设无烟成都，控烟人人有责。 健康成都官微的微博视频 ,content: 【动画解读：成都市公共场所控制吸烟条例】营造无烟环境，建设无烟成都，控烟人人有责。 健康成都官微的微博视频,微博,龙泉驿综合执法,2024-01-09 13:30:09,http://weibo.com/1920040187/NB28P1nqt,未知,控烟,中性,未知
20240101774,【健康科普 | 禁烟控烟知识宣传】 ,content: 【健康科普 | 禁烟控烟知识宣传】,微博,天府服务,2024-01-09 12:16:25,http://weibo.com/3993597995/NB1ETrwWB,未知,控烟,中性,未知
20240101783,👍 //@曹县融媒:【创城进行时】文化旅游管理专项工作组开展省级文明城市创建督导检查 1月5日，县领导、文化旅游管理专项工作组组长孙元涛带队深入到网吧，重点检查网吧门前管理、室内卫生、网吧控烟、消防安全、实名上网等情况。针对检查中发现的问题，孙元涛要求，文化市场执法人员要坚持问题导向，对照文明城市创建标准，对网吧存在的薄弱环节及消防安全集中排查，问题较多、整改不到位的的场所由专人负责跟踪督促，确保整改工作落实、落地，为消费者营造绿色健康上网环境。 （来源：曹县文化和旅游局）,content: 👍 //@曹县融媒:【创城进行时】文化旅游管理专项工作组开展省级文明城市创建督导检查 1月5日，县领导、文化旅游管理专项工作组组长孙元涛带队深入到网吧，重点检查网吧门前管理、室内卫生、网吧控烟、消防安全、实名上网等情况。针对检查中发现的问题，孙元涛要求，文化市场执法人员要坚持问题导向，对照文明城市创建标准，对网吧存在的薄弱环节及消防安全集中排查，问题较多、整改不到位的的场所由专人负责跟踪督促，确保整改工作落实、落地，为消费者营造绿色健康上网环境。 （来源：曹县文化和旅游局）,微博,孙琦Sq123456,2024-01-09 11:46:30,http://weibo.com/3906217825/NB1sKoYZl,未知,控烟,正面,未知
20240101794,戒烟，从今天开始❗❗❗ 尼瑞克戒烟（控烟）保健贴——采用世界卫生组织推荐的科学戒烟法，五层控释渗透不经心肺，零焦油拒绝身体负担更安全，满足不同人群的戒烟、减烟、控烟需求🔸🔶,content: 戒烟，从今天开始❗❗❗ 尼瑞克戒烟（控烟）保健贴——采用世界卫生组织推荐的科学戒烟法，五层控释渗透不经心肺，零焦油拒绝身体负担更安全，满足不同人群的戒烟、减烟、控烟需求🔸🔶,微博,梁向辉,2024-01-09 11:16:02,http://weibo.com/2479844347/NB1go2w3y,未知,戒烟、控烟,正面,未知
20240101798,【建设健康成都，控烟人人有责！】你知道吗？#我国每年有超10万人死于二手烟暴露#。2023年1月1日起，《成都市公共场所控制吸烟条例》施行，让无烟成都成为新的城市名片，建设健康成都，一起行动起来吧！成都发布的微博视频,content: 【建设健康成都，控烟人人有责！】你知道吗？#我国每年有超10万人死于二手烟暴露#。2023年1月1日起，《成都市公共场所控制吸烟条例》施行，让无烟成都成为新的城市名片，建设健康成都，一起行动起来吧！成都发布的微博视频,微博,龙泉驿综合执法,2024-01-09 11:06:02,http://weibo.com/1920040187/NB1cklfEo,未知,控烟,中性,未知
20240101804,冬季控烟 | 共享无烟生活，共创健康北京#冬季控烟# #健康科普# #做自己健康第一责任人# #健康# #健康生活//@北京昌平健康教育:##冬季控烟# 吸烟及二手烟暴露均严重危害健康，即使吸入少量烟草烟雾也会对人体造成危害。二手烟暴露没有安全水平，室内完全禁止吸烟是避免危害的唯一有效方法。在室内设置吸烟区（室）、安装通风换气设施等均不能避免二手烟暴露的危害。,content: 冬季控烟 | 共享无烟生活，共创健康北京#冬季控烟# #健康科普# #做自己健康第一责任人# #健康# #健康生活//@北京昌平健康教育:##冬季控烟# 吸烟及二手烟暴露均严重危害健康，即使吸入少量烟草烟雾也会对人体造成危害。二手烟暴露没有安全水平，室内完全禁止吸烟是避免危害的唯一有效方法。在室内设置吸烟区（室）、安装通风换气设施等均不能避免二手烟暴露的危害。,微博,辣妈梦羽,2024-01-09 09:11:15,http://weibo.com/6020898910/NB0rJAdAj,未知,控烟,正面,未知
20240101808,#健康科普# #健康生活# #做自己健康第一责任人# #冬季控烟# 《冬季控烟 | 共享无烟生活，共创健康北京》//@北京昌平健康教育:#冬季控烟# 不存在无害的烟草制品，只要吸烟即有害健康。“低焦油卷烟”、“中草药卷烟”不能降低吸烟带来的危害，反而容易诱导吸烟，影响吸烟者戒烟。,content: #健康科普# #健康生活# #做自己健康第一责任人# #冬季控烟# 《冬季控烟 | 共享无烟生活，共创健康北京》//@北京昌平健康教育:#冬季控烟# 不存在无害的烟草制品，只要吸烟即有害健康。“低焦油卷烟”、“中草药卷烟”不能降低吸烟带来的危害，反而容易诱导吸烟，影响吸烟者戒烟。,微博,辣妈梦羽,2024-01-09 09:10:31,http://weibo.com/6020898910/NB0rrg1OX,未知,控烟、戒烟,正面,未知
20240101816,冬季控烟 | 共享无烟生活，共创健康北京//@北京市健宫医院:发布了头条文章：《冬季控烟 | 共享无烟生活，共创健康北京》 冬季控烟 | 共享无烟生活，共创健康北京,content: 冬季控烟 | 共享无烟生活，共创健康北京//@北京市健宫医院:发布了头条文章：《冬季控烟 | 共享无烟生活，共创健康北京》 冬季控烟 | 共享无烟生活，共创健康北京,微博,辣妈梦羽,2024-01-09 09:07:16,http://weibo.com/6020898910/NB0q7eZ3u,未知,控烟,中性,未知
20240101822,"惠水县“无烟佳节 与爱同行”控烟倡议书为进一步推动我县“无烟佳节 与爱同行”活动开展，引导群众自觉践行文明健康绿色环保生活方式,共同营造元旦、春节“双节”健康无烟环境，在此，县爱卫办、健康惠水推进办发出如下倡议：一、认识烟草危害。烟草危害是当今世界最严重的公共卫生问题之一。我国吸烟人数超过3亿，每年因吸烟相关疾病所致的死亡人数超过100万，有充分证据表明吸烟可导致呼吸、恶性肿瘤、心脑血管等疾病。 二、公共场所不吸烟。不在公共场所、室内工作场所和公共交通工具内吸烟，是以实际行动践行文明健康绿色环保生活方式的重要体现。全县各级领导干部、公职人员和教师、医务人员要带头示范，自觉遵守公共场所禁烟规定，自觉维护党政机关和领导干部形象。三、坚决抵制二手烟。敢于向二手烟说“不”，拒绝吸烟、二手烟，争当爱国卫生运动志愿者、控烟劝导员和监督员，主动劝阻他人不在禁烟场所吸烟，带动身边人文明劝导、共促健康。四、当好健康第一责任人。青少年不吸第一支烟，主动远离传统烟草制品和电子烟。争做无烟家庭，自觉不吸烟、主动戒烟、劝导亲友早戒烟，共同培育“不送烟、不递烟、拒香烟”的健康文明家风。五、自觉保护环境。烟蒂是不可降解垃圾，应分类处理、不随意丢弃，人人自觉消除消防隐患、保护场所安全，人人参与卫生城镇巩固和创建、健康惠水建设。让我们共同行动起来，从自己做起，从现在做起，带头远离烟草，欢度无烟佳节。 惠水县爱国卫生运动委员会办公室健康惠水行动推进委员会办公室2024年1月5日","content: 惠水县“无烟佳节 与爱同行”控烟倡议书为进一步推动我县“无烟佳节 与爱同行”活动开展，引导群众自觉践行文明健康绿色环保生活方式,共同营造元旦、春节“双节”健康无烟环境，在此，县爱卫办、健康惠水推进办发出如下倡议：一、认识烟草危害。烟草危害是当今世界最严重的公共卫生问题之一。我国吸烟人数超过3亿，每年因吸烟相关疾病所致的死亡人数超过100万，有充分证据表明吸烟可导致呼吸、恶性肿瘤、心脑血管等疾病。 二、公共场所不吸烟。不在公共场所、室内工作场所和公共交通工具内吸烟，是以实际行动践行文明健康绿色环保生活方式的重要体现。全县各级领导干部、公职人员和教师、医务人员要带头示范，自觉遵守公共场所禁烟规定，自觉维护党政机关和领导干部形象。三、坚决抵制二手烟。敢于向二手烟说“不”，拒绝吸烟、二手烟，争当爱国卫生运动志愿者、控烟劝导员和监督员，主动劝阻他人不在禁烟场所吸烟，带动身边人文明劝导、共促健康。四、当好健康第一责任人。青少年不吸第一支烟，主动远离传统烟草制品和电子烟。争做无烟家庭，自觉不吸烟、主动戒烟、劝导亲友早戒烟，共同培育“不送烟、不递烟、拒香烟”的健康文明家风。五、自觉保护环境。烟蒂是不可降解垃圾，应分类处理、不随意丢弃，人人自觉消除消防隐患、保护场所安全，人人参与卫生城镇巩固和创建、健康惠水建设。让我们共同行动起来，从自己做起，从现在做起，带头远离烟草，欢度无烟佳节。 惠水县爱国卫生运动委员会办公室健康惠水行动推进委员会办公室2024年1月5日",微博,好花红惠水,2024-01-09 08:26:20,http://weibo.com/3847859635/NB09vhBcq,未知,控烟、戒烟,正面,未知
20240101634,#特别提醒#【健康科普 | 禁烟控烟知识宣传】,content: #特别提醒#【健康科普 | 禁烟控烟知识宣传】,微博,青春双流,2024-01-08 18:36:00,http://weibo.com/2706299373/NAUItiQXS,未知,控烟,正面,未知
20240101639,打火机掉进火锅爆炸：室内禁烟，齐齐行动，打造健康社区 江苏常熟三名食客在某餐厅就餐时吸烟，不慎把打火机掉进翻滚的火锅里，关火一分钟后，服务员上前打捞打火机，却突然发生爆炸，汤汁溅出将在旁的几人烫伤。 在国内，室内公共场所是禁烟的，但是禁烟多年，收效甚微，就算一些餐厅妥协地将就餐区域分为吸烟和非吸烟区，也有不少人在非吸烟区吸烟。在这个事件当中，倘若这几名食客就餐时严格按照禁烟条例，就不会伤人又伤己了。 一些社区，会开展相关的活动，增强辖区内居民的控烟意识和法规意识，打造无烟社区。如，中兴社区曾开展“抵制吸烟行动•共创健康社区”主题宣传活动，在社区发放宣传单张，在各个室内公共场所粘贴禁烟标识，在辖区幼儿园、超市以及各商铺发放禁止吸烟标识，针对在公共场所吸烟、随手乱扔垃圾、随地吐痰、及大声喧哗等不文明行为加以劝导。 各社区活动的具体开展安排需根据各社工站的年度计划进行，请咨询所在街道的社工服务站。 如对以上介绍的相关资讯，有任何问题，欢迎联系各街道居委、社工站。亦欢迎大家向我们“舜禹学堂”留言咨询，我们会尽力解答。 资料来源： 信息时报 - 危险！打火机掉进火锅，捞取时突然爆炸，汤汁溅出… 危险！打火机掉进火锅，捞取时突然爆炸，汤汁溅出… 搜狐网- 〖社区工作〗中兴社区开展“抵制吸烟行动•共创健康社区”主题宣传活动_禁烟 网页链接 图片来源： 网易 杭州迎来史上最严“控烟令” 公共室内场所全面禁烟 舜禹学堂，一本知识、人生的书 关注我们掌握丰富的社福资源，并欢迎留言提问，我们定会竭尽所能的为您解答。 欢迎移步以下平台阅读更多内容， 有任何问题都可以留言或发邮件给我们哟！ 官网：网页链接 微信公众号：香港舜禹學堂 B站：网页链接 抖音：舜禹学堂 邮箱：info@shunyuacademy.com #舜禹学堂##打火机掉进火锅爆炸烫伤多人##打火机掉翻滚火锅汤1分钟后爆炸##打火机掉进火锅爆炸烫伤数人##室内公共场所禁烟##社区控烟##无烟社区##公益活动##社区活动##广州社工##广州惠民##慈善机构# #公益# #公益团体# #社工# #志工# #义工# #义工团体# #爱心服务# #长者关怀# #弱势关怀# #帮助他人##好文分享# #社区关怀# #社区服务##互相关怀##正能量##励志#,content: 打火机掉进火锅爆炸：室内禁烟，齐齐行动，打造健康社区 江苏常熟三名食客在某餐厅就餐时吸烟，不慎把打火机掉进翻滚的火锅里，关火一分钟后，服务员上前打捞打火机，却突然发生爆炸，汤汁溅出将在旁的几人烫伤。 在国内，室内公共场所是禁烟的，但是禁烟多年，收效甚微，就算一些餐厅妥协地将就餐区域分为吸烟和非吸烟区，也有不少人在非吸烟区吸烟。在这个事件当中，倘若这几名食客就餐时严格按照禁烟条例，就不会伤人又伤己了。 一些社区，会开展相关的活动，增强辖区内居民的控烟意识和法规意识，打造无烟社区。如，中兴社区曾开展“抵制吸烟行动•共创健康社区”主题宣传活动，在社区发放宣传单张，在各个室内公共场所粘贴禁烟标识，在辖区幼儿园、超市以及各商铺发放禁止吸烟标识，针对在公共场所吸烟、随手乱扔垃圾、随地吐痰、及大声喧哗等不文明行为加以劝导。 各社区活动的具体开展安排需根据各社工站的年度计划进行，请咨询所在街道的社工服务站。 如对以上介绍的相关资讯，有任何问题，欢迎联系各街道居委、社工站。亦欢迎大家向我们“舜禹学堂”留言咨询，我们会尽力解答。 资料来源： 信息时报 - 危险！打火机掉进火锅，捞取时突然爆炸，汤汁溅出… 危险！打火机掉进火锅，捞取时突然爆炸，汤汁溅出… 搜狐网- 〖社区工作〗中兴社区开展“抵制吸烟行动•共创健康社区”主题宣传活动_禁烟 网页链接 图片来源： 网易 杭州迎来史上最严“控烟令” 公共室内场所全面禁烟 舜禹学堂，一本知识、人生的书 关注我们掌握丰富的社福资源，并欢迎留言提问，我们定会竭尽所能的为您解答。 欢迎移步以下平台阅读更多内容， 有任何问题都可以留言或发邮件给我们哟！ 官网：网页链接 微信公众号：香港舜禹學堂 B站：网页链接 抖音：舜禹学堂 邮箱：info@shunyuacademy.com #舜禹学堂##打火机掉进火锅爆炸烫伤多人##打火机掉翻滚火锅汤1分钟后爆炸##打火机掉进火锅爆炸烫伤数人##室内公共场所禁烟##社区控烟##无烟社区##公益活动##社区活动##广州社工##广州惠民##慈善机构# #公益# #公益团体# #社工# #志工# #义工# #义工团体# #爱心服务# #长者关怀# #弱势关怀# #帮助他人##好文分享# #社区关怀# #社区服务##互相关怀##正能量##励志#,微博,舜禹学堂,2024-01-08 16:04:28,http://weibo.com/7703279596/NATIXFtpX,未知,控烟,正面,未知
20240101646,【营造无烟环境 建设健康成都 控烟人人有责】（成都市爱卫办 成都市卫健委） 品位锦江的微博视频,content: 【营造无烟环境 建设健康成都 控烟人人有责】（成都市爱卫办 成都市卫健委） 品位锦江的微博视频,微博,品位锦江,2024-01-08 15:02:01,http://weibo.com/1918679231/NATjCh9Bc,未知,控烟,中性,未知
20240101653,为弘扬无烟过节文化，营造良好控烟社会氛围，日前，市城市社区卫生服务中心开展“无烟佳节与爱同行”活动。活动现场，医护人员进行了健康咨询义诊、发放宣 网页链接,content: 为弘扬无烟过节文化，营造良好控烟社会氛围，日前，市城市社区卫生服务中心开展“无烟佳节与爱同行”活动。活动现场，医护人员进行了健康咨询义诊、发放宣 网页链接,微博,莱州融媒,2024-01-08 14:55:55,http://weibo.com/7760052289/NATh8BEbt,未知,控烟,正面,未知
20240101660,转发微博 //@财经网:【#上海将全市推广孕产家庭爸爸戒烟# 降低孕产妇婴幼儿二手烟暴露，戒烟门诊完整名单→】#上海将全市推广十月怀胎爸爸戒烟# 据上观新闻，上海市今年将在16个区全面推广开展“十月怀胎·爸爸戒烟”孕产家庭戒烟干预，完善戒烟服务网络，持续打造无烟城市，推进健康上海建设。上海自2010年实施《上海市公共场所控制吸烟条例》以来，法定禁烟场所的违规吸烟率已从37.5%降至12.3%，公共场所控烟状况持续向好，成人吸烟率也从26.9%下降至19.4%，提前实现“健康中国2030”目标，上海市人民政府获世界卫生组织颁发的“世界无烟日奖”。（上观新闻）,content: 转发微博 //@财经网:【#上海将全市推广孕产家庭爸爸戒烟# 降低孕产妇婴幼儿二手烟暴露，戒烟门诊完整名单→】#上海将全市推广十月怀胎爸爸戒烟# 据上观新闻，上海市今年将在16个区全面推广开展“十月怀胎·爸爸戒烟”孕产家庭戒烟干预，完善戒烟服务网络，持续打造无烟城市，推进健康上海建设。上海自2010年实施《上海市公共场所控制吸烟条例》以来，法定禁烟场所的违规吸烟率已从37.5%降至12.3%，公共场所控烟状况持续向好，成人吸烟率也从26.9%下降至19.4%，提前实现“健康中国2030”目标，上海市人民政府获世界卫生组织颁发的“世界无烟日奖”。（上观新闻）,微博,鱼的泡沫人生,2024-01-08 12:09:43,http://weibo.com/1813162482/NASbGaRpi,未知,戒烟、控烟,正面,未知
20240101667,【#马斯克回应吸毒#：#马斯克称进行了3年随机药物测试#，从未发现任何微量的毒品或酒精】童爸点评：烟草的危害并不比大麻小，我们到现在还没有在公共场合全面控烟！👉 近日，美国《华尔街日报》曝出，特斯拉和太空探索技术公司（SpaceX）的首席执行官马斯克“经常吸毒”，这引发对其公司运营的担忧。1月7日，马斯克在X平台发文称，在与喜剧演员乔·罗根（Joe Rogan）吸了一口（大麻烟）之后，他同意应美国国家航空航天局（NASA）的要求进行为期3年的随机药物测试，未发现任何微量的毒品或酒精。老板联播的微博视频,content: 【#马斯克回应吸毒#：#马斯克称进行了3年随机药物测试#，从未发现任何微量的毒品或酒精】童爸点评：烟草的危害并不比大麻小，我们到现在还没有在公共场合全面控烟！👉 近日，美国《华尔街日报》曝出，特斯拉和太空探索技术公司（SpaceX）的首席执行官马斯克“经常吸毒”，这引发对其公司运营的担忧。1月7日，马斯克在X平台发文称，在与喜剧演员乔·罗根（Joe Rogan）吸了一口（大麻烟）之后，他同意应美国国家航空航天局（NASA）的要求进行为期3年的随机药物测试，未发现任何微量的毒品或酒精。老板联播的微博视频,微博,罗百竹,2024-01-08 11:33:58,http://weibo.com/1990821721/NARXanfSF,未知,控烟,中性,未知
20240101673,【建设健康成都，控烟人人有责！】 //@成都发布:【建设健康成都，控烟人人有责！】你知道吗？#我国每年有超10万人死于二手烟暴露#。2023年1月1日起，《成都市公共场所控制吸烟条例》施行，今天，#2023世界无烟日#，让无烟成都成为新的城市名片，建设健康成都，一起行动起来吧！ http://t.cn/A6pUC5d7 ​​​,content: 【建设健康成都，控烟人人有责！】 //@成都发布:【建设健康成都，控烟人人有责！】你知道吗？#我国每年有超10万人死于二手烟暴露#。2023年1月1日起，《成都市公共场所控制吸烟条例》施行，今天，#2023世界无烟日#，让无烟成都成为新的城市名片，建设健康成都，一起行动起来吧！ http://t.cn/A6pUC5d7 ​​​,微博,成华城市管理,2024-01-08 11:25:36,http://weibo.com/3238303993/NARTM2dcD,未知,控烟,中性,未知
20240101685,健康是人民幸福和社会发展的基础，党和政府高度重视人民健康，大力推进健康中国建设，我们每个人也要肩负起对健康的责任，做自己健康的第一责任人，树立正确的健康观念，践行健康的生活方式。 吸烟是导致心脑血管疾病的主要风险因素，也是慢性非传染性疾病发病的重要诱因，作为慢性非传染性疾病防治的关键措施，控制吸烟能够直接让人们的健康状况得到改善。今年，中国的世界无烟日主题是“无烟 为成长护航”，也是希望全社会高度关注青少年吸烟问题，各地各部门要多措并举共同构建起保护青少年免受烟草危害的防护网。我们特别邀请到控烟领域的三位专家，来为大家进行有关烟草、电子烟、戒烟方法等方面科普。 中国健康教育官方微博的微博视频（来源:中国健康教育）,content: 健康是人民幸福和社会发展的基础，党和政府高度重视人民健康，大力推进健康中国建设，我们每个人也要肩负起对健康的责任，做自己健康的第一责任人，树立正确的健康观念，践行健康的生活方式。 吸烟是导致心脑血管疾病的主要风险因素，也是慢性非传染性疾病发病的重要诱因，作为慢性非传染性疾病防治的关键措施，控制吸烟能够直接让人们的健康状况得到改善。今年，中国的世界无烟日主题是“无烟 为成长护航”，也是希望全社会高度关注青少年吸烟问题，各地各部门要多措并举共同构建起保护青少年免受烟草危害的防护网。我们特别邀请到控烟领域的三位专家，来为大家进行有关烟草、电子烟、戒烟方法等方面科普。 中国健康教育官方微博的微博视频（来源:中国健康教育）,微博,灵武卫生健康,2024-01-08 10:55:45,http://weibo.com/2924035674/NARHEs5DW,未知,控烟、戒烟,正面,未知
20240101691,控烟小常识 “低焦油卷烟”、“中草药卷烟”不能降低吸烟带来的危害，反而容易诱导吸烟，影响吸烟者戒烟。,content: 控烟小常识 “低焦油卷烟”、“中草药卷烟”不能降低吸烟带来的危害，反而容易诱导吸烟，影响吸烟者戒烟。,微博,北京朝阳豆各庄中心健康教育,2024-01-08 10:52:34,http://weibo.com/3279465010/NARGmwdBs,未知,控烟、戒烟,中性,未知
20240101696,控烟小常识 吸烟可以导致多种恶性肿瘤，包括肺癌、口腔癌、鼻咽部恶性肿瘤、喉癌、食管癌、胃癌、肝癌、胰腺癌、肾癌、膀胱癌、宫颈癌、结肠直肠癌、乳腺癌和急性白血病等。 ,content: 控烟小常识 吸烟可以导致多种恶性肿瘤，包括肺癌、口腔癌、鼻咽部恶性肿瘤、喉癌、食管癌、胃癌、肝癌、胰腺癌、肾癌、膀胱癌、宫颈癌、结肠直肠癌、乳腺癌和急性白血病等。,微博,北京朝阳豆各庄中心健康教育,2024-01-08 10:51:46,http://weibo.com/3279465010/NARG2sRcf,未知,控烟,负面,未知
20240101702,戒烟用到阿可韦戒烟贴 太好用了我的天 无比控烟 连着贴这么久 状态越来越好了烟瘾也越来越小 #戒烟打卡#,content: 戒烟用到阿可韦戒烟贴 太好用了我的天 无比控烟 连着贴这么久 状态越来越好了烟瘾也越来越小 #戒烟打卡#,微博,软软糯糯的团仔,2024-01-08 10:17:45,http://weibo.com/7795020748/NARseoeDG,未知,戒烟、控烟,正面,未知
20240101717,发布了头条文章：《冬季控烟 | 共享无烟生活，共创健康北京》 冬季控烟 | 共享无烟生活，共创健康北京,content: 发布了头条文章：《冬季控烟 | 共享无烟生活，共创健康北京》 冬季控烟 | 共享无烟生活，共创健康北京,微博,北京市健宫医院,2024-01-08 08:48:58,http://weibo.com/2623934717/NAQSc2Cda,未知,控烟,中性,未知
20240101723,【#平顶山# 市爱卫办发出倡议】#倡议# 春节来临，为巩固国家卫生城市创建成果，营造干净整洁、优美舒适的城市环境，保障人民群众健康快乐地过节，#平顶山# 市爱卫办日前向全市人民发出“无烟佳节与爱同行”活动倡议，呼吁大家行动起来，支持控烟、参与控烟、积极推进控烟行动，建设无烟环境，树立健康向上的社会风尚，享受无烟佳节。市爱卫办在倡议书中称：第一支烟要拒绝。当好自己健康的第一责任人，对第一支烟坚决说“不”，勇敢捍卫自身健康权利；公共场所不吸烟。吸烟者不在公共场所、室内工作场所和公共交通工具内吸烟，不让别人吸二手烟；无烟家庭多关爱。每个家庭争做无烟家庭，每个家庭成员要做到自己不吸烟、来客不敬烟、走亲访友不送烟、劝导亲友早戒烟，为孩子营造健康温馨的港湾；健康理念及早树。引导每个孩子树立“不吸烟最时尚”的健康理念，主动远离传统烟草产品和电子烟，从小培养健康的生活方式；建设健康中国，共筑无烟屏障。维护清新生态环境，畅享纯净自然气息，践行文明健康绿色环保生活方式，为营造无烟、健康、幸福的春节氛围而努力！在发出无烟过节倡议的同时，市爱卫办向各县（市、区）爱卫办，市爱卫会各成员单位、各机关、团体、企事业单位下发控烟活动通知，要求各有关部门及单位通过开展烟草危害科普宣传、无烟单位建设巩固提升、学校专项控烟、戒烟咨询服务、健康过春节宣传等活动，推动控烟工作取得实效，引导吸烟者主动戒烟，非吸烟者勇于拒绝二手烟，共建共享无烟环境。市爱卫办将在活动期间，对全市无烟单位开展一次抽查，适时通报检查情况。平报融媒记者 王春霞来源：平顶山晚报,content: 【#平顶山# 市爱卫办发出倡议】#倡议# 春节来临，为巩固国家卫生城市创建成果，营造干净整洁、优美舒适的城市环境，保障人民群众健康快乐地过节，#平顶山# 市爱卫办日前向全市人民发出“无烟佳节与爱同行”活动倡议，呼吁大家行动起来，支持控烟、参与控烟、积极推进控烟行动，建设无烟环境，树立健康向上的社会风尚，享受无烟佳节。市爱卫办在倡议书中称：第一支烟要拒绝。当好自己健康的第一责任人，对第一支烟坚决说“不”，勇敢捍卫自身健康权利；公共场所不吸烟。吸烟者不在公共场所、室内工作场所和公共交通工具内吸烟，不让别人吸二手烟；无烟家庭多关爱。每个家庭争做无烟家庭，每个家庭成员要做到自己不吸烟、来客不敬烟、走亲访友不送烟、劝导亲友早戒烟，为孩子营造健康温馨的港湾；健康理念及早树。引导每个孩子树立“不吸烟最时尚”的健康理念，主动远离传统烟草产品和电子烟，从小培养健康的生活方式；建设健康中国，共筑无烟屏障。维护清新生态环境，畅享纯净自然气息，践行文明健康绿色环保生活方式，为营造无烟、健康、幸福的春节氛围而努力！在发出无烟过节倡议的同时，市爱卫办向各县（市、区）爱卫办，市爱卫会各成员单位、各机关、团体、企事业单位下发控烟活动通知，要求各有关部门及单位通过开展烟草危害科普宣传、无烟单位建设巩固提升、学校专项控烟、戒烟咨询服务、健康过春节宣传等活动，推动控烟工作取得实效，引导吸烟者主动戒烟，非吸烟者勇于拒绝二手烟，共建共享无烟环境。市爱卫办将在活动期间，对全市无烟单位开展一次抽查，适时通报检查情况。平报融媒记者 王春霞来源：平顶山晚报,微博,平顶山日报,2024-01-08 08:17:30,http://weibo.com/1978093697/NAQFq7sTJ,未知,控烟、戒烟,正面,未知
20240101728,突然发现控烟标志里面加了电子烟,content: 突然发现控烟标志里面加了电子烟,微博,停停走走UP,2024-01-08 08:15:23,http://weibo.com/6232056272/NAQEz1J3H,未知,控烟,中性,未知
20240101587,#卫健新闻# 【国家卫生健康委：开展“无烟佳节 与爱同行”控烟活动】【卫健新闻】国家卫生健康委：开展“无烟佳节 与爱同行”控烟活动,content: #卫健新闻# 【国家卫生健康委：开展“无烟佳节 与爱同行”控烟活动】【卫健新闻】国家卫生健康委：开展“无烟佳节 与爱同行”控烟活动,微博,健康山东,2024-01-07 23:19:40,http://weibo.com/5601972391/NAN97hEBw,未知,控烟,正面,未知
20240101605,健康县//@多毛酱:#云尚岱山# 近日，浙江省卫生健康委员会公布 2023年健康县区技术评估结果，我县顺利通过省级技术评估成功创建健康县。 全面建成无烟党政机关超市、车站、码头等公共场所，控烟工作落地见效。我县连续三年公共场所控烟工作排名全省前列。#健康生活#,content: 健康县//@多毛酱:#云尚岱山# 近日，浙江省卫生健康委员会公布 2023年健康县区技术评估结果，我县顺利通过省级技术评估成功创建健康县。 全面建成无烟党政机关超市、车站、码头等公共场所，控烟工作落地见效。我县连续三年公共场所控烟工作排名全省前列。#健康生活#,微博,种田不辛苦,2024-01-07 14:40:15,http://weibo.com/6796722394/NAJKhv6kp,未知,控烟,正面,未知
20240101612,健康是人民幸福和社会发展的基础，党和政府高度重视人民健康，大力推进健康中国建设，我们每个人也要负起对健康的责任，做自己健康的第一责任人，树立正确的健康观念，践行健康的生活方式。 吸烟是导致心脑血管疾病的主要风险因素，也是慢性非传染性疾病发病的重要诱因，作为慢性非传染性疾病防治的关键措施，控制吸烟能够直接让人们的健康状况得到改善。今年，中国的世界无烟日主题是“无烟 为成长护航”，也是希望全社会高度关注青少年吸烟问题，各地各部门要多措并举共同构建起保护青少年免受烟草危害的防护网。我们特别邀请到控烟领域的三位专家，来为大家进行有关烟草、电子烟、戒烟方法等方面科普。 中国健康教育官方微博的微博视频,content: 健康是人民幸福和社会发展的基础，党和政府高度重视人民健康，大力推进健康中国建设，我们每个人也要负起对健康的责任，做自己健康的第一责任人，树立正确的健康观念，践行健康的生活方式。 吸烟是导致心脑血管疾病的主要风险因素，也是慢性非传染性疾病发病的重要诱因，作为慢性非传染性疾病防治的关键措施，控制吸烟能够直接让人们的健康状况得到改善。今年，中国的世界无烟日主题是“无烟 为成长护航”，也是希望全社会高度关注青少年吸烟问题，各地各部门要多措并举共同构建起保护青少年免受烟草危害的防护网。我们特别邀请到控烟领域的三位专家，来为大家进行有关烟草、电子烟、戒烟方法等方面科普。 中国健康教育官方微博的微博视频,微博,健康梧州官微,2024-01-07 14:02:28,http://weibo.com/7379536574/NAJuWBsFp,未知,控烟、戒烟,正面,未知
20240101523,#文明昌都# 健康是人民幸福和社会发展的基础，党和政府高度重视人民健康，大力推进健康中国建设，我们每个人也要负起对健康的责任，做自己健康的第一责任人，树立正确的健康观念，践行健康的生活方式。 吸烟是导致心脑血管疾病的主要风险因素，也是慢性非传染性疾病发病的重要诱因，作为慢性非传染性疾病防治的关键措施，控制吸烟能够直接让人们的健康状况得到改善。今年，中国的世界无烟日主题是“无烟 为成长护航”，也是希望全社会高度关注青少年吸烟问题，各地各部门要多措并举共同构建起保护青少年免受烟草危害的防护网。我们特别邀请到控烟领域的三位专家，来为大家进行有关烟草、电子烟、戒烟方法等方面科普。 中国健康教育官方微博的微博视频,content: #文明昌都# 健康是人民幸福和社会发展的基础，党和政府高度重视人民健康，大力推进健康中国建设，我们每个人也要负起对健康的责任，做自己健康的第一责任人，树立正确的健康观念，践行健康的生活方式。 吸烟是导致心脑血管疾病的主要风险因素，也是慢性非传染性疾病发病的重要诱因，作为慢性非传染性疾病防治的关键措施，控制吸烟能够直接让人们的健康状况得到改善。今年，中国的世界无烟日主题是“无烟 为成长护航”，也是希望全社会高度关注青少年吸烟问题，各地各部门要多措并举共同构建起保护青少年免受烟草危害的防护网。我们特别邀请到控烟领域的三位专家，来为大家进行有关烟草、电子烟、戒烟方法等方面科普。 中国健康教育官方微博的微博视频,微博,文明昌都,2024-01-06 22:10:36,http://weibo.com/6502460797/NADgAkv1y,未知,控烟、戒烟,正面,未知
20240101527,[给力][给力][给力] //@多毛酱:#云尚岱山# 近日，浙江省卫生健康委员会公布 2023年健康县区技术评估结果，我县顺利通过省级技术评估成功创建健康县。 全面建成无烟党政机关超市、车站、码头等公共场所，控烟工作落地见效。我县连续三年公共场所控烟工作排名全省前列。#健康生活# ​​​,content: [给力][给力][给力] //@多毛酱:#云尚岱山# 近日，浙江省卫生健康委员会公布 2023年健康县区技术评估结果，我县顺利通过省级技术评估成功创建健康县。 全面建成无烟党政机关超市、车站、码头等公共场所，控烟工作落地见效。我县连续三年公共场所控烟工作排名全省前列。#健康生活# ​​​,微博,蓝大胖爱叮当,2024-01-06 21:57:32,http://weibo.com/1692343264/NADbhsAKm,未知,控烟,正面,未知
20240101532,转发微博//@中国健康教育官方微博:健康是人民幸福和社会发展的基础，党和政府高度重视人民健康，大力推进健康中国建设，我们每个人也要负起对健康的责任，做自己健康的第一责任人，树立正确的健康观念，践行健康的生活方式。 吸烟是导致心脑血管疾病的主要风险因素，也是慢性非传染性疾病发病的重要诱因，作为慢性非传染性疾病防治的关键措施，控制吸烟能够直接让人们的健康状况得到改善。今年，中国的世界无烟日主题是“无烟 为成长护航”，也是希望全社会高度关注青少年吸烟问题，各地各部门要多措并举共同构建起保护青少年免受烟草危害的防护网。我们特别邀请到控烟领域的三位专家，来为大家进行有关烟草、电子烟、戒烟方法等方面科普。 http://t.cn/A6OQp17l,content: 转发微博//@中国健康教育官方微博:健康是人民幸福和社会发展的基础，党和政府高度重视人民健康，大力推进健康中国建设，我们每个人也要负起对健康的责任，做自己健康的第一责任人，树立正确的健康观念，践行健康的生活方式。 吸烟是导致心脑血管疾病的主要风险因素，也是慢性非传染性疾病发病的重要诱因，作为慢性非传染性疾病防治的关键措施，控制吸烟能够直接让人们的健康状况得到改善。今年，中国的世界无烟日主题是“无烟 为成长护航”，也是希望全社会高度关注青少年吸烟问题，各地各部门要多措并举共同构建起保护青少年免受烟草危害的防护网。我们特别邀请到控烟领域的三位专家，来为大家进行有关烟草、电子烟、戒烟方法等方面科普。 http://t.cn/A6OQp17l,微博,中国健康教育官方微博,2024-01-06 20:04:03,http://weibo.com/2775892915/NACrdkBY6,未知,控烟、戒烟,正面,未知
20240101542,转发微博//@爱上吴兴:#吴兴动态# 【禁烟宣传进校园 用心守护助成长】为进一步推动控烟工作开展，引导群众践行文明健康绿色环保生活方式，近日，区疾控中心联合湖州市东风小学教育集团南华路校区开展以“拒吸第一支烟 做不吸烟的新一代”为主题的控烟讲座。网页链接,content: 转发微博//@爱上吴兴:#吴兴动态# 【禁烟宣传进校园 用心守护助成长】为进一步推动控烟工作开展，引导群众践行文明健康绿色环保生活方式，近日，区疾控中心联合湖州市东风小学教育集团南华路校区开展以“拒吸第一支烟 做不吸烟的新一代”为主题的控烟讲座。网页链接,微博,智慧少女不秃头0802,2024-01-06 17:01:52,http://weibo.com/6584021470/NABfgFnKV,未知,控烟,正面,未知
20240101548,【健康科普 | 禁烟控烟知识宣传】健康科普 | 禁烟控烟知识宣传 （来源：东方宣传）,content: 【健康科普 | 禁烟控烟知识宣传】健康科普 | 禁烟控烟知识宣传 （来源：东方宣传）,微博,锦江生态环境,2024-01-06 17:00:00,http://weibo.com/3264051510/NABew0pdK,未知,控烟,中性,未知
20240101560,国家卫生健康委 开展“无烟佳节 与爱同行”控烟活动 点击查看更多 http://t.cn/A6lDNcnu ,content: 国家卫生健康委 开展“无烟佳节 与爱同行”控烟活动 点击查看更多 http://t.cn/A6lDNcnu,微博,薛亚萍13162803862,2024-01-06 09:22:15,http://weibo.com/5874882763/NAyeI2KBD,未知,控烟,正面,未知
20240101567,转发微博//@曹县融媒:【创城进行时】文化旅游管理专项工作组开展省级文明城市创建督导检查 1月5日，县领导、文化旅游管理专项工作组组长孙元涛带队深入到网吧，重点检查网吧门前管理、室内卫生、网吧控烟、消防安全、实名上网等情况。针对检查中发现的问题，孙元涛要求，文化市场执法人员要坚持问题导向，对照文明城市创建标准，对网吧存在的薄弱环节及消防安全集中排查，问题较多、整改不到位的的场所由专人负责跟踪督促，确保整改工作落实、落地，为消费者营造绿色健康上网环境。 （来源：曹县文化和旅游局）,content: 转发微博//@曹县融媒:【创城进行时】文化旅游管理专项工作组开展省级文明城市创建督导检查 1月5日，县领导、文化旅游管理专项工作组组长孙元涛带队深入到网吧，重点检查网吧门前管理、室内卫生、网吧控烟、消防安全、实名上网等情况。针对检查中发现的问题，孙元涛要求，文化市场执法人员要坚持问题导向，对照文明城市创建标准，对网吧存在的薄弱环节及消防安全集中排查，问题较多、整改不到位的的场所由专人负责跟踪督促，确保整改工作落实、落地，为消费者营造绿色健康上网环境。 （来源：曹县文化和旅游局）,微博,曹县融媒,2024-01-06 08:45:49,http://weibo.com/7755950010/NAxZV8055,未知,控烟,正面,未知
20240101384,【北京市控烟协会：本市小学校门口家长吸烟情况明显好转】1月5日，北京市控制吸烟协会发布了2023年本市七个区的控烟工作检查数据，调查发现，学校门口家长吸烟占比降至30.50%，控烟评分超90分的街乡占六成，控烟环境建设总体保持良好。 据了解，2023年年底，北京市控制吸烟协会动员了100名志愿者对本市7个辖区（包括东城区、西城区、朝阳区、海淀区、丰台区、石景山区和大兴区）的160个街道/乡镇进行了控烟工作调查。每个街道抽取了12个公共场所，包括：卫生机构、餐馆、街乡政府办公大厅、写字楼、商店、农贸市场（室内）、宾馆或民宿、网吧或娱乐场所、学校门口家长群和学校周边100米是否有售烟点（含电子烟）等。 调查采取志愿者日常巡查进行抽样，每个单位主要以是否有人吸烟和现场标识等物证材料进行评判，共取得15360个数据，并经由首都医科大学公共卫生学院李星明团队统计分析。调查结果与2020年比较，控烟环境建设总体上保持良好。 本次调查的街乡一共160个，得分超过90分的为97个街乡，占60%以上。得分70-79分为41个，占25%；其中60-69分的街乡有3个，占1.8%。 结果显示，各区的医疗机构和街乡政府办事大厅都取得很好的控烟效果，尤其是丰台和石景山区的医疗机构均为满分，石景山区的室内农贸市场满分，丰台区和朝阳区的网吧娱乐场所得分高于其他区。 本次调查还增加了学校接孩子家长群吸烟情况调查，发现各区差异较大。2023年我国世界无烟日的主题是“无烟为成长护航”，市控烟协会联合相关部门开展了学校接孩子家长群吸烟问题的调查和呼吁；本次调查与2023年上半年调查结果相比：下半年学校门口家长群吸烟情况有很大程度的改善；吸烟家长群从69.44%下降至30.50%。 随着春节假期临近，市控烟协会还将针对餐厅、商超、写字楼等人流密集场所开展控烟专项检查，倡导过节不吸烟、不敬烟、不送烟，“对二手烟说不”，共度无烟健康佳节。文/北京青年报,content: 【北京市控烟协会：本市小学校门口家长吸烟情况明显好转】1月5日，北京市控制吸烟协会发布了2023年本市七个区的控烟工作检查数据，调查发现，学校门口家长吸烟占比降至30.50%，控烟评分超90分的街乡占六成，控烟环境建设总体保持良好。 据了解，2023年年底，北京市控制吸烟协会动员了100名志愿者对本市7个辖区（包括东城区、西城区、朝阳区、海淀区、丰台区、石景山区和大兴区）的160个街道/乡镇进行了控烟工作调查。每个街道抽取了12个公共场所，包括：卫生机构、餐馆、街乡政府办公大厅、写字楼、商店、农贸市场（室内）、宾馆或民宿、网吧或娱乐场所、学校门口家长群和学校周边100米是否有售烟点（含电子烟）等。 调查采取志愿者日常巡查进行抽样，每个单位主要以是否有人吸烟和现场标识等物证材料进行评判，共取得15360个数据，并经由首都医科大学公共卫生学院李星明团队统计分析。调查结果与2020年比较，控烟环境建设总体上保持良好。 本次调查的街乡一共160个，得分超过90分的为97个街乡，占60%以上。得分70-79分为41个，占25%；其中60-69分的街乡有3个，占1.8%。 结果显示，各区的医疗机构和街乡政府办事大厅都取得很好的控烟效果，尤其是丰台和石景山区的医疗机构均为满分，石景山区的室内农贸市场满分，丰台区和朝阳区的网吧娱乐场所得分高于其他区。 本次调查还增加了学校接孩子家长群吸烟情况调查，发现各区差异较大。2023年我国世界无烟日的主题是“无烟为成长护航”，市控烟协会联合相关部门开展了学校接孩子家长群吸烟问题的调查和呼吁；本次调查与2023年上半年调查结果相比：下半年学校门口家长群吸烟情况有很大程度的改善；吸烟家长群从69.44%下降至30.50%。 随着春节假期临近，市控烟协会还将针对餐厅、商超、写字楼等人流密集场所开展控烟专项检查，倡导过节不吸烟、不敬烟、不送烟，“对二手烟说不”，共度无烟健康佳节。文/北京青年报,微博,北京大峰峰,2024-01-05 20:00:20,http://weibo.com/5816161945/NAsZd7cGO,未知,控烟,正面,未知
20240101390,#公务员考试# 24四川选调生《#行测# 》||每日一练【1.5】 【题目】：下列不属于控烟MPOWER战略的是（ ） #行测# 网页链接,content: #公务员考试# 24四川选调生《#行测# 》||每日一练【1.5】 【题目】：下列不属于控烟MPOWER战略的是（ ） #行测# 网页链接,微博,金标尺四川选调生考试,2024-01-05 19:01:00,http://weibo.com/7741952680/NAsB86AgG,未知,控烟,中性,未知
20240101395,#云尚岱山# 近日，浙江省卫生健康委员会公布 2023年健康县区技术评估结果，我县顺利通过省级技术评估成功创建健康县。 全面建成无烟党政机关超市、车站、码头等公共场所，控烟工作落地见效。我县连续三年公共场所控烟工作排名全省前列。#健康生活# ,content: #云尚岱山# 近日，浙江省卫生健康委员会公布 2023年健康县区技术评估结果，我县顺利通过省级技术评估成功创建健康县。 全面建成无烟党政机关超市、车站、码头等公共场所，控烟工作落地见效。我县连续三年公共场所控烟工作排名全省前列。#健康生活#,微博,多毛酱,2024-01-05 18:53:23,http://weibo.com/2630941503/NAsy2drlq,未知,控烟,正面,未知
20240101401,[赞]//@曹县融媒:【创城进行时】文化旅游管理专项工作组开展省级文明城市创建督导检查 1月5日，县领导、文化旅游管理专项工作组组长孙元涛带队深入到网吧，重点检查网吧门前管理、室内卫生、网吧控烟、消防安全、实名上网等情况。针对检查中发现的问题，孙元涛要求，文化市场执法人员要坚持问题导向，对照文明城市创建标准，对网吧存在的薄弱环节及消防安全集中排查，问题较多、整改不到位的的场所由专人负责跟踪督促，确保整改工作落实、落地，为消费者营造绿色健康上网环境。 （来源：曹县文化和旅游局）,content: [赞]//@曹县融媒:【创城进行时】文化旅游管理专项工作组开展省级文明城市创建督导检查 1月5日，县领导、文化旅游管理专项工作组组长孙元涛带队深入到网吧，重点检查网吧门前管理、室内卫生、网吧控烟、消防安全、实名上网等情况。针对检查中发现的问题，孙元涛要求，文化市场执法人员要坚持问题导向，对照文明城市创建标准，对网吧存在的薄弱环节及消防安全集中排查，问题较多、整改不到位的的场所由专人负责跟踪督促，确保整改工作落实、落地，为消费者营造绿色健康上网环境。 （来源：曹县文化和旅游局）,微博,用户7763877045,2024-01-05 17:52:12,http://weibo.com/7763877045/NAs9cvoLg,未知,控烟,正面,未知
20240101405,【控烟 宣传栏】控烟禁烟 从你我开始【控烟 宣传栏】控烟禁烟 从你我开始,content: 【控烟 宣传栏】控烟禁烟 从你我开始【控烟 宣传栏】控烟禁烟 从你我开始,微博,思南微统计,2024-01-05 16:51:33,http://weibo.com/6890794204/NArKAbUZq,未知,控烟,中性,未知
20240101410,转发微博//@北京血管外科医生张望德:国家卫生健康委办公厅关于开展“无烟佳节 与爱同行”活动的通知 为深入贯彻落实中共中央办公厅 国务院办公厅《关于领导干部带头在公共场所禁烟有关事项的通知》和国务院《关于实施健康中国行动的意见》要求，进一步推动控烟工作开展，引导群众践行文明健康绿色环保生活方式，营造元旦、春节“两节”无烟氛围，决定开展“无烟佳节 与爱同行”控烟活动。 http://t.cn/A6lg6K60,content: 转发微博//@北京血管外科医生张望德:国家卫生健康委办公厅关于开展“无烟佳节 与爱同行”活动的通知 为深入贯彻落实中共中央办公厅 国务院办公厅《关于领导干部带头在公共场所禁烟有关事项的通知》和国务院《关于实施健康中国行动的意见》要求，进一步推动控烟工作开展，引导群众践行文明健康绿色环保生活方式，营造元旦、春节“两节”无烟氛围，决定开展“无烟佳节 与爱同行”控烟活动。 http://t.cn/A6lg6K60,微博,大杜社卫生院健康教育,2024-01-05 14:53:08,http://weibo.com/3824993223/NAqYwght6,未知,控烟,正面,未知
20240101414,转发微博//@世界卫生组织:第九份《世界卫生组织全球烟草流行报告》发布：报告显示全球约有七成人口，目前受到至少一项达到最佳做法水平的MPOWER控烟政策的保护。此份报告重点关注保护公众免受二手烟雾伤害。无烟环境为我们提供清洁的空气、保护公众免受致命二手烟雾的伤害、激励人们戒烟、打破吸烟积习，并有助于预防青少年吸烟。目前约40%的国家拥有完全无烟的室内公共场所。#健康是我的权利# 点击阅读，了解更多。 http://t.cn/A60OpSMX,content: 转发微博//@世界卫生组织:第九份《世界卫生组织全球烟草流行报告》发布：报告显示全球约有七成人口，目前受到至少一项达到最佳做法水平的MPOWER控烟政策的保护。此份报告重点关注保护公众免受二手烟雾伤害。无烟环境为我们提供清洁的空气、保护公众免受致命二手烟雾的伤害、激励人们戒烟、打破吸烟积习，并有助于预防青少年吸烟。目前约40%的国家拥有完全无烟的室内公共场所。#健康是我的权利# 点击阅读，了解更多。 http://t.cn/A60OpSMX,微博,大杜社卫生院健康教育,2024-01-05 14:50:43,http://weibo.com/3824993223/NAqXxhlD6,未知,控烟、戒烟,正面,未知
20240101420,【烟草中的有害物质是如何“使坏”的？】#北京12320控烟在行动# 众所周知，烟草中的有害物质很多，每一种都能对人体产生或大或小的不良刺激。在此主要介绍三种最常见的：尼古丁、一氧化碳和氧化物。 1、尼古丁进入人体之后可以激活交感神经，引起呼吸兴奋、血压升高、心肌需氧量增多，这也是为什么“吸烟能提神”的重要原因。经过全天动态监测心率可发现，吸烟者吸烟时心率加快，且尼古丁吸收入血液中的量越高，心率越快。 2、一氧化碳进入人体后能与血红蛋白紧密结合为碳氧血红蛋白，直接导致能携带氧气的血红蛋白减少，因此会阻碍氧气在血液内的释放。研究发现长期吸烟的人血红蛋白携带氧气的能力降低，机体长期处于相对缺氧的状态，刺激产生更多的红细胞，因此血液黏度增高。这些不良变化对于有心血管疾病的人无疑是雪上加霜，特别是冠脉狭窄患者很容易因此而诱发心衰和心律失常。 3、氧化物质主要是指氮氧化物和焦油中的自由基。自由基过多会导致机体组织养化-抗氧化系统失衡，引起氧化应激反应，使细胞膜发生脂质过氧化。研究发现，氧化应激在形成心血管疾病的过程中起了不可忽视的推动作用。,content: 【烟草中的有害物质是如何“使坏”的？】#北京12320控烟在行动# 众所周知，烟草中的有害物质很多，每一种都能对人体产生或大或小的不良刺激。在此主要介绍三种最常见的：尼古丁、一氧化碳和氧化物。 1、尼古丁进入人体之后可以激活交感神经，引起呼吸兴奋、血压升高、心肌需氧量增多，这也是为什么“吸烟能提神”的重要原因。经过全天动态监测心率可发现，吸烟者吸烟时心率加快，且尼古丁吸收入血液中的量越高，心率越快。 2、一氧化碳进入人体后能与血红蛋白紧密结合为碳氧血红蛋白，直接导致能携带氧气的血红蛋白减少，因此会阻碍氧气在血液内的释放。研究发现长期吸烟的人血红蛋白携带氧气的能力降低，机体长期处于相对缺氧的状态，刺激产生更多的红细胞，因此血液黏度增高。这些不良变化对于有心血管疾病的人无疑是雪上加霜，特别是冠脉狭窄患者很容易因此而诱发心衰和心律失常。 3、氧化物质主要是指氮氧化物和焦油中的自由基。自由基过多会导致机体组织养化-抗氧化系统失衡，引起氧化应激反应，使细胞膜发生脂质过氧化。研究发现，氧化应激在形成心血管疾病的过程中起了不可忽视的推动作用。,微博,大杜社卫生院健康教育,2024-01-05 14:50:25,http://weibo.com/3824993223/NAqXq1Zal,未知,控烟,正面,未知
20240101426,转发微博//@罗百竹:#控烟也需要举国之力# 左边是20年烟民患病、患癌的肺，右边是正常人的肺，做个简单的实验看看对比...YouTube精彩视频的微博视频,content: 转发微博//@罗百竹:#控烟也需要举国之力# 左边是20年烟民患病、患癌的肺，右边是正常人的肺，做个简单的实验看看对比...YouTube精彩视频的微博视频,微博,大杜社卫生院健康教育,2024-01-05 14:50:05,http://weibo.com/3824993223/NAqXhqxOo,未知,控烟,正面,未知
20240101432,国家卫健委：引导干部戒烟，鼓励青少年做控烟监督员 #引导干部戒烟##控烟监督员# 1月3日，国家卫生健康委发布关于开展“无烟佳节 与爱同行”活动的通知。活动强调，要引导干部不吸烟、主动戒烟，主动做控烟宣传者和倡导者；鼓励广大青少年成为学校、家庭控烟监督员，促进无烟学校、无烟家庭建设；要组织专家指导基层医务人员开展戒烟服务，提升基层戒烟服务能力。,content: 国家卫健委：引导干部戒烟，鼓励青少年做控烟监督员 #引导干部戒烟##控烟监督员# 1月3日，国家卫生健康委发布关于开展“无烟佳节 与爱同行”活动的通知。活动强调，要引导干部不吸烟、主动戒烟，主动做控烟宣传者和倡导者；鼓励广大青少年成为学校、家庭控烟监督员，促进无烟学校、无烟家庭建设；要组织专家指导基层医务人员开展戒烟服务，提升基层戒烟服务能力。,微博,HRA-惠斯安普,2024-01-05 14:08:32,http://weibo.com/3944098890/NAqGq0LZU,未知,戒烟、控烟,正面,未知
20240101442,【文明临江 共建共享】临江市人民检察院开展“无烟佳节 与爱同行”主题宣传活动 根据《国家卫生健康委办公厅关于开展“无烟佳节 与爱同行”活动的通知》的要求，2024年1月5日，临江市人民检察院开展了“无烟佳节 与爱同行”主题宣传活动，大力弘扬无烟健康过节文化，共度无烟健康佳节。 活动旨在深入贯彻落实中共中央办公厅、国务院办公厅《关于领导干部带头在公共场所禁烟有关事项的通知》和国务院《关于实施健康中国行动的意见》，以及省市关于控烟工作的相关要求，进一步推动控烟工作开展，引导干警践行文明健康绿色环保生活方式，营造元旦、春节“两节”无烟氛围。 活动中，该院通过开展控烟宣传教育，向干警讲解吸烟和二手烟的危害，倡导全体干警过节不吸烟、不敬烟、不送烟，“对二手烟说不”，引导干警养成健康的生活方式和生活习惯，积极做控烟宣传者和倡导者。 活动进一步加强了该院无烟机关建设，加深了干警对烟草危害的认识，提升了吸烟干警的戒烟意愿，营造了积极健康的工作环境。,content: 【文明临江 共建共享】临江市人民检察院开展“无烟佳节 与爱同行”主题宣传活动 根据《国家卫生健康委办公厅关于开展“无烟佳节 与爱同行”活动的通知》的要求，2024年1月5日，临江市人民检察院开展了“无烟佳节 与爱同行”主题宣传活动，大力弘扬无烟健康过节文化，共度无烟健康佳节。 活动旨在深入贯彻落实中共中央办公厅、国务院办公厅《关于领导干部带头在公共场所禁烟有关事项的通知》和国务院《关于实施健康中国行动的意见》，以及省市关于控烟工作的相关要求，进一步推动控烟工作开展，引导干警践行文明健康绿色环保生活方式，营造元旦、春节“两节”无烟氛围。 活动中，该院通过开展控烟宣传教育，向干警讲解吸烟和二手烟的危害，倡导全体干警过节不吸烟、不敬烟、不送烟，“对二手烟说不”，引导干警养成健康的生活方式和生活习惯，积极做控烟宣传者和倡导者。 活动进一步加强了该院无烟机关建设，加深了干警对烟草危害的认识，提升了吸烟干警的戒烟意愿，营造了积极健康的工作环境。,微博,正义临江,2024-01-05 12:31:15,http://weibo.com/6339948850/NAq2VwBX6,未知,控烟、戒烟,正面,未知
20240101448,#冬季控烟# 【个人违反《北京市控制吸烟条例》规定的将受到哪些处罚？】个人在禁止吸烟场所或者排队等候队伍中吸烟的，由市或者区、县卫生计生行政部门责令改正，可以处50元罚款；拒不改正的，处200元罚款。个人乱扔烟头的，由城市管理综合执法部门按照市容环境管理的相关法规予以处罚。,content: #冬季控烟# 【个人违反《北京市控制吸烟条例》规定的将受到哪些处罚？】个人在禁止吸烟场所或者排队等候队伍中吸烟的，由市或者区、县卫生计生行政部门责令改正，可以处50元罚款；拒不改正的，处200元罚款。个人乱扔烟头的，由城市管理综合执法部门按照市容环境管理的相关法规予以处罚。,微博,北京怀柔庙城健康教育,2024-01-05 11:52:10,http://weibo.com/2435044141/NApN43qB8,未知,控烟,正面,未知
20240101455,转发微博//@山水怀柔:#冬季控烟# 【个人应当遵守哪些禁烟规定？】个人应当遵守法律法规的规定，不得在禁止吸烟场所和排队等候队伍中吸烟；在非禁止吸烟场所吸烟的，应当合理避让不吸烟者，不乱弹烟灰，不乱扔烟头。 #创建文明城区# #文明正能量#,content: 转发微博//@山水怀柔:#冬季控烟# 【个人应当遵守哪些禁烟规定？】个人应当遵守法律法规的规定，不得在禁止吸烟场所和排队等候队伍中吸烟；在非禁止吸烟场所吸烟的，应当合理避让不吸烟者，不乱弹烟灰，不乱扔烟头。 #创建文明城区# #文明正能量#,微博,北京怀柔庙城健康教育,2024-01-05 11:50:33,http://weibo.com/2435044141/NApMpm9ST,未知,控烟,正面,未知
20240101462,【冬季控烟 | 无烟环境，健康生活，从说不可以开始】冬季气候寒冷，室内活动增多，公共场所吸烟行为也呈上升趋势，餐饮场所内部、办公楼洗手间和楼梯间、居民楼楼道或楼梯间、甚至烟民自己家中等地方都成为烟民们“一吐为快”的常见地点。这种行为不仅危害着吸烟者自身的健康、还威胁着受二手烟、三手烟影响的其他人的健康与安全。,content: 【冬季控烟 | 无烟环境，健康生活，从说不可以开始】冬季气候寒冷，室内活动增多，公共场所吸烟行为也呈上升趋势，餐饮场所内部、办公楼洗手间和楼梯间、居民楼楼道或楼梯间、甚至烟民自己家中等地方都成为烟民们“一吐为快”的常见地点。这种行为不仅危害着吸烟者自身的健康、还威胁着受二手烟、三手烟影响的其他人的健康与安全。,微博,北京怀柔庙城健康教育,2024-01-05 11:49:42,http://weibo.com/2435044141/NApM45K1H,未知,控烟,中性,未知
20240101468,公卫·控烟| 一起来学习《成都市公共场所控制吸烟条例 》吧~,content: 公卫·控烟| 一起来学习《成都市公共场所控制吸烟条例 》吧~,微博,成都市公卫中心,2024-01-05 11:29:41,http://weibo.com/3280981914/NApDWafbK,未知,控烟,中性,未知
20240101474,#吴兴动态# 【禁烟宣传进校园 用心守护助成长】为进一步推动控烟工作开展，引导群众践行文明健康绿色环保生活方式，近日，区疾控中心联合湖州市东风小学教育集团南华路校区开展以“拒吸第一支烟 做不吸烟的新一代”为主题的控烟讲座。网页链接 ,content: #吴兴动态# 【禁烟宣传进校园 用心守护助成长】为进一步推动控烟工作开展，引导群众践行文明健康绿色环保生活方式，近日，区疾控中心联合湖州市东风小学教育集团南华路校区开展以“拒吸第一支烟 做不吸烟的新一代”为主题的控烟讲座。网页链接,微博,爱上吴兴,2024-01-05 11:15:00,http://weibo.com/2392596980/NApxYFr6Q,未知,控烟,正面,未知
20240101486,【创卫进行时】饶州街道大芝路社区：宣传控烟禁烟 守护百姓健康 为助力创建国家卫生县工作，进一步提升辖区居民禁烟意识，在辖区公共场所营造一个健康、清洁、无烟的环境。近日，饶州街道大芝路社区联合城北派出所开展以“张贴禁烟标识，营造无烟环境”为主题的控烟宣传活动。 活动中，工作人员在社区内餐饮店、药店、理发店、书房等公共场所分别张贴禁止吸烟的标志，并向居民发放有关吸烟危害和如何控烟、戒烟等资料。同时，详细讲解吸烟和被动吸烟的危害、吸烟导致的疾病以吸烟带来的空气污染，引导辖区居民增强控烟戒烟意识，养成健康生活习惯。 此次控烟宣传活动，进一步增强了社区居民对吸烟危害的认识和禁烟意识，为维护广大居民的健康起到了积极的促进作用。下一步，该社区将持续开展控烟宣传活动，共建美丽健康幸福家园。,content: 【创卫进行时】饶州街道大芝路社区：宣传控烟禁烟 守护百姓健康 为助力创建国家卫生县工作，进一步提升辖区居民禁烟意识，在辖区公共场所营造一个健康、清洁、无烟的环境。近日，饶州街道大芝路社区联合城北派出所开展以“张贴禁烟标识，营造无烟环境”为主题的控烟宣传活动。 活动中，工作人员在社区内餐饮店、药店、理发店、书房等公共场所分别张贴禁止吸烟的标志，并向居民发放有关吸烟危害和如何控烟、戒烟等资料。同时，详细讲解吸烟和被动吸烟的危害、吸烟导致的疾病以吸烟带来的空气污染，引导辖区居民增强控烟戒烟意识，养成健康生活习惯。 此次控烟宣传活动，进一步增强了社区居民对吸烟危害的认识和禁烟意识，为维护广大居民的健康起到了积极的促进作用。下一步，该社区将持续开展控烟宣传活动，共建美丽健康幸福家园。,微博,鄱阳发布,2024-01-05 11:11:41,http://weibo.com/5743120946/NApwDkLFQ,未知,控烟、戒烟、控烟戒烟,正面,未知
20240101492,公卫·控烟| 《成都市公共场所控制吸烟条例 》了解一下,content: 公卫·控烟| 《成都市公共场所控制吸烟条例 》了解一下,微博,成都市公卫中心,2024-01-05 11:10:05,http://weibo.com/3280981914/NApvZ6kZX,未知,控烟,正面,未知
20240101496,转发//@财经网:【#上海将全市推广孕产家庭爸爸戒烟# 降低孕产妇婴幼儿二手烟暴露，戒烟门诊完整名单→】#上海将全市推广十月怀胎爸爸戒烟# 据上观新闻，上海市今年将在16个区全面推广开展“十月怀胎·爸爸戒烟”孕产家庭戒烟干预，完善戒烟服务网络，持续打造无烟城市，推进健康上海建设。上海自2010年实施《上海市公共场所控制吸烟条例》以来，法定禁烟场所的违规吸烟率已从37.5%降至12.3%，公共场所控烟状况持续向好，成人吸烟率也从26.9%下降至19.4%，提前实现“健康中国2030”目标，上海市人民政府获世界卫生组织颁发的“世界无烟日奖”。（上观新闻）,content: 转发//@财经网:【#上海将全市推广孕产家庭爸爸戒烟# 降低孕产妇婴幼儿二手烟暴露，戒烟门诊完整名单→】#上海将全市推广十月怀胎爸爸戒烟# 据上观新闻，上海市今年将在16个区全面推广开展“十月怀胎·爸爸戒烟”孕产家庭戒烟干预，完善戒烟服务网络，持续打造无烟城市，推进健康上海建设。上海自2010年实施《上海市公共场所控制吸烟条例》以来，法定禁烟场所的违规吸烟率已从37.5%降至12.3%，公共场所控烟状况持续向好，成人吸烟率也从26.9%下降至19.4%，提前实现“健康中国2030”目标，上海市人民政府获世界卫生组织颁发的“世界无烟日奖”。（上观新闻）,微博,NaCl長大勒,2024-01-05 09:26:11,http://weibo.com/2642024641/NAoPOcbVO,未知,戒烟、控烟,正面,未知
20240101501,河南爱卫，青少年优秀控烟绘画作品展 河南爱卫，青少年优秀控烟绘画作品展,content: 河南爱卫，青少年优秀控烟绘画作品展 河南爱卫，青少年优秀控烟绘画作品展,微博,福贡融媒体,2024-01-05 09:20:19,http://weibo.com/6419777191/NAoNqBdmA,未知,控烟,正面,未知
20240101505,青春很贵，烟草不配！青少年控烟专访，听听专家怎么说青春很贵，烟草不配！青少年控烟专访，听听专家怎么说,content: 青春很贵，烟草不配！青少年控烟专访，听听专家怎么说青春很贵，烟草不配！青少年控烟专访，听听专家怎么说,微博,文57426,2024-01-05 08:46:05,http://weibo.com/5342293528/NAozxbqhf,未知,控烟,负面,未知
20240101517,//@生命的王国:转发微博//@中国绿发会:新年伊始，又一国家推出控烟新政！|#环保协同控烟# 为爱捐赠，请点击：http://t.cn/A6Ne59sc 近日，澳大利亚宣布将自2024年1月1日起禁止进口一次性电子烟，以防止更多儿童对尼古丁上瘾。同时从2024年3月起，政府还将禁止进口所有非治疗性电子烟及个人进口治疗性电子烟。 2023年12月14日，世界卫生组织官网也发布了题为“必须采取紧急行动，保护儿童，防止抽吸电子烟”的新闻。 中国生物多样性保护与绿色发展基金会控烟小组（简称“绿会控烟组”）早在2021年就《电子烟管理办法（征求意见稿）》提出七方面建议，并持续跟进制订和实施进展，呼吁社会各界广泛参与支持共同推进实现《“健康中国2030”规划纲要》控烟目标。 2022年3月11日，国家烟草专卖局制定发布了《电子烟管理办法》，并于5月1日正式施行，规定禁止销售除烟草口味外的调味电子烟和可自行添加雾化物的电子烟，禁止向未成年人出售电子烟产品。文件明确了电子烟定义和监管对象，要求对电子烟生产、批发和零售主体实行许可证管理，对电子烟销售实行渠道管理等等。 相关阅读： 电子烟=戒烟神器？解读来了 http://t.cn/A6lghj8R 不好奇、不尝试、不滥用！吸食“上头电子烟”属违法行为 http://t.cn/A6lghj88 《电子烟管理办法》发布！禁止销售非烟草口味电子烟 | 绿会政研室跟进关注 http://t.cn/A600Q5ys 文：阿西叶 审：Cherry 编：青鸯,content: //@生命的王国:转发微博//@中国绿发会:新年伊始，又一国家推出控烟新政！|#环保协同控烟# 为爱捐赠，请点击：http://t.cn/A6Ne59sc 近日，澳大利亚宣布将自2024年1月1日起禁止进口一次性电子烟，以防止更多儿童对尼古丁上瘾。同时从2024年3月起，政府还将禁止进口所有非治疗性电子烟及个人进口治疗性电子烟。 2023年12月14日，世界卫生组织官网也发布了题为“必须采取紧急行动，保护儿童，防止抽吸电子烟”的新闻。 中国生物多样性保护与绿色发展基金会控烟小组（简称“绿会控烟组”）早在2021年就《电子烟管理办法（征求意见稿）》提出七方面建议，并持续跟进制订和实施进展，呼吁社会各界广泛参与支持共同推进实现《“健康中国2030”规划纲要》控烟目标。 2022年3月11日，国家烟草专卖局制定发布了《电子烟管理办法》，并于5月1日正式施行，规定禁止销售除烟草口味外的调味电子烟和可自行添加雾化物的电子烟，禁止向未成年人出售电子烟产品。文件明确了电子烟定义和监管对象，要求对电子烟生产、批发和零售主体实行许可证管理，对电子烟销售实行渠道管理等等。 相关阅读： 电子烟=戒烟神器？解读来了 http://t.cn/A6lghj8R 不好奇、不尝试、不滥用！吸食“上头电子烟”属违法行为 http://t.cn/A6lghj88 《电子烟管理办法》发布！禁止销售非烟草口味电子烟 | 绿会政研室跟进关注 http://t.cn/A600Q5ys 文：阿西叶 审：Cherry 编：青鸯,微博,还自然以宁静,2024-01-05 08:37:54,http://weibo.com/7404948745/NAowdvwcg,未知,控烟、戒烟,正面,未知
20240101291,国家卫生健康委办公厅关于开展“无烟佳节 与爱同行”活动的通知 为深入贯彻落实中共中央办公厅 国务院办公厅《关于领导干部带头在公共场所禁烟有关事项的通知》和国务院《关于实施健康中国行动的意见》要求，进一步推动控烟工作开展，引导群众践行文明健康绿色环保生活方式，营造元旦、春节“两节”无烟氛围，决定开展“无烟佳节 与爱同行”控烟活动。 http://t.cn/A6lg6K60,content: 国家卫生健康委办公厅关于开展“无烟佳节 与爱同行”活动的通知 为深入贯彻落实中共中央办公厅 国务院办公厅《关于领导干部带头在公共场所禁烟有关事项的通知》和国务院《关于实施健康中国行动的意见》要求，进一步推动控烟工作开展，引导群众践行文明健康绿色环保生活方式，营造元旦、春节“两节”无烟氛围，决定开展“无烟佳节 与爱同行”控烟活动。 http://t.cn/A6lg6K60,微博,北京血管外科医生张望德,2024-01-04 22:31:37,http://weibo.com/1497361375/NAky7znmY,未知,控烟,正面,未知
20240101301,（转）珍爱生命，远离吸烟！！！ #尼瑞克戒烟（控烟）保健贴,content: （转）珍爱生命，远离吸烟！！！ #尼瑞克戒烟（控烟）保健贴,微博,尼瑞克睡眠贴,2024-01-04 19:53:21,http://weibo.com/7741658346/NAjvSD79t,未知,戒烟、控烟,中性,未知
20240101312,"【#男子在列车厕所吸食上头电子烟# 】电子加烟法力无边？揭秘电子烟的健康骗局#微博健康公开课##健闻登顶计划# 小伙伴们有没有觉得生活中电子烟越来越常见了？闹市街头常能看到电子烟商店，便利店的货架上摆上了“棒棒糖”，不少烟民脖子上也多了个“配件”…… 你的感觉没错，电子烟确实日益流行。但是这种打着“健康”幌子的电子烟真的没有危害吗？真相，并不简单。 引起研究者关注的电子烟 其实电子烟不算啥新鲜事物，早在2003年，北京的药剂师韩力便发明了一种尼古丁气雾发生装置。他用丙二醇稀释尼古丁，再用电阻线圈加热稀释液，释放出含有尼古丁的蒸汽，人吸入后，便能达到类似于吸烟的效果，这种装置就是后来的电子烟。2016年韩力接受外媒采访时回忆道，当时发明电子烟是为了帮助自己戒烟。他自己十八岁开始抽烟，戒烟6次不成功，又不想像老烟民父亲那样得上肺癌，于是产生了这种想法。 电子烟最开始打的噱头确实是“帮助戒烟”，“比吸烟更健康”。众所周知，吸烟上瘾其实是尼古丁上瘾，传统卷烟燃烧产生的有害气体、焦油等是副产物，它们对人体的毒害最重。而电子烟产生的则是较为纯净的尼古丁蒸汽，似乎更“健康”，加上它酷炫的造型、多变的口味，电子烟市场成了炙手可热的淘金赛道。 在搜索引擎中检索电子烟的两个英文名“vaping”和“e-cigarette”，可以看到自2010年开始，电子烟的网络热度便直线上升，到现在也没有冷却的迹象。 电子烟也引起了科学家的关注。在生物医学论文网站Pubmed上检索“e-cigarette”，你会发现自2010年以来有关e-cigarette的文献也在快速增长，科学家们还是很紧跟潮流的。 更为有趣的是，与e-cigarette关联的词包括“肺”、“青少年”、“依赖性”等，也隐隐暗示了对电子烟流行忧心忡忡的科学家们究竟在担心什么。 下面，我们就来从科学角度看看电子烟。 电子烟里的“毒门暗器” 电子烟的拥趸常常是基于这样一个逻辑：谈电子烟的安全性，不要跟完全不吸烟的人比，要跟吸卷烟的人比。 诚然，这样的逻辑不无道理，但就像前文提到的，电子烟虽从原理上根除了致癌性巨大的焦油。可仍然会释放多种有害物质。 危害一：重金属毒害 首先就是金属加热线圈。电子烟的蒸汽需要金属线圈通电加热产生，高温下金属线圈本身便很可能释放金属物质。此外，电子烟液中丰富的化学调味剂可能帮助某些金属离子穿过人体的屏障，进入大脑、心脏等关键器官。例如常用的香料物质麦芽酚，很容易和铁离子、铝离子等金属离子结合，增加人体对此类金属物质的吸收能力，而劣质的烟液也可能是这些金属物质的来源。 此前一项涵盖1139名美国烟民的调查分析显示（Environ Pollut. 2019, 251, 970），吸食电子烟、香烟、雪茄或某种组合，并不会显著改变血液中镉（Cadmium）和铅（Lead）的浓度。而在血液中总汞（Total Mercury）含量上，电子烟使用者甚至还略微领先了一些。这反映了吸食电子烟的人无法避免重金属元素的毒害。 危害二：抑制免疫细胞功能 为了迎合年轻人多变的口味，电子烟行业可谓是费尽心思。据研究人员整理，市面上居然有13大类90小类的电子烟口味选择。光“酒精饮料风味”大类中就细分了诸如莫吉托、琴酒、朗姆酒等11种味道，这基本都要“归功于”各种化学香精。 肉桂醛是这些香精中的典型代表。肉桂醛来源于肉桂树皮，带有特殊的芳香，是食品行业常用的香料，如今电子烟行业也用它调配多种口味的烟液。少量食用和吸入肉桂醛理论上不会对人体产生直接的毒性影响。但研究人员也发现，部分电子烟液会抑制人类肺部免疫细胞的功能，极有可能是肉桂醛的影响。 从有机化学的角度，肉桂醛属于芳香 α,β-不饱和醛类化合物。学过高等有机化学的童鞋们都很清楚，这是一类反应活性较强的有机物。根据底物不同，它们可以发生亲电加成、亲核加成和共轭加成，在复杂的生物体系中发生什么反应都不会令人意外。 危害三：引发呼吸道疾病 奶油味的双乙酰则是另一个电子烟调味剂。双乙酰也是一种食品添加剂，尤其常见于爆米花中，但雾化的双乙酰可能让人患上闭塞性细支气管炎等呼吸道疾病。爆米花工人由于需要长时间暴露于双乙酰环境，患闭塞性细支气管炎的概率很高，这种病也由此得名“爆米花肺”。 2019年CMAJ报道了一则疑似电子烟（含双乙酰）导致的闭塞性细支气管炎案例，患者是一名17岁的加拿大小伙子（CMAJ. 2019, 191, E1321）。据文章描述，这名原本身体健康的小伙子在大量吸食调味电子烟和四氢大麻酚后出现顽固性咳嗽、进行性呼吸困难等症状，检查后显示发烧、心动过速、低氧血和肺部杂音，结合胸部CT，最后被确诊为急性细支气管炎。 排除了病原体感染的可能后，医生高度怀疑病因和电子烟及双乙酰有关。随着病情恶化，这名小伙子甚至用上了ECMO，好在使用大量类固醇激素后病情得以控制。患者住院47天后出院回家，但身体运动能力在几个月内都没有完全恢复。 该名加拿大小伙子入院第一天的胸部CT，他的肺部长满了不正常的、细小的、枝杈般的细纹，这是弥漫性细支气管炎的典型特征　图片来源：CMAJ 从活蹦乱跳，到上ECMO抢救，可能就是几口电子烟的事儿。 不但会损伤肺部、口腔，还可能…… 俗话说“明枪易躲，暗箭难防”，相比于已知的危险，未知有时候更令人害怕。 经过科学界和公共卫生部门的共同努力，人们对香烟烟雾的危害性已经有了充分认知和临床证据。香烟烟雾中有7000多种化学物质，其中至少250种是有害物质，69种是已知的致癌物，约有85%的肺癌和50%的膀胱癌由吸烟引起。可见，香烟是一个强大且明确的公共卫生敌人，通过各种风险教育和政策约束，在过去几十年中，全球控烟卓有成效。 然而，电子烟可能是个看似弱小，实则更难防范的敌人。吸食电子烟的人不会受到焦油的危害，因此可以预见相比于吸食香烟的人，这群人死于肺癌的概率会降低。但谁又能保证吸食电子烟几十年后，其他类型的疾病概率不会更高呢？毕竟已经有很多证据表明电子烟气溶胶对肺、口腔、脑、免疫系统、心血管系统等有毒性作用。 上节中提到的加拿大小伙并非个案。CMAJ文章的作者梳理了截至2019年10月底作为“case reports”报道的与电子烟相关的严重肺部疾病，涉及18个病种。能作为case reports一般意味着病情较重，最轻的都是住院，重的直接进ICU。而另外一些更大规模的队列研究中，电子烟相关的肺病多达上千例（MMWR Morb Mortal Wkly Rep. 2019, 68, 860–864.）。 相比于肺，口腔是电子烟气溶胶更早、更直接作用的区域，危害自然也不会少。最近的一项研究表明，不论此前是否吸烟，电子烟使用者的口腔细胞都经历了有害的生物学变化（Sci rep. 2021, 11, 22773）。具体而言，多种RNA表达水平发生改变，其中大部分也在吸香烟人群中被发现。这些改变的基因中相当一部分为线粒体基因，而线粒体功能一旦失调，会诱发多种心血管、呼吸道、代谢疾病以及癌症。 甚至还有研究者给出了更为猎奇的观点：20至65岁之间且没有心血管疾病既往史，但每天使用电子烟的男性报告阳痿的可能性是从不使用电子烟的男性的2.4倍（AJPM. 2022, 62, 26）。这种问题上，应该没人还会去说，“我只跟吸香烟的人比”。 青少年电子烟用户，可能让控烟“控了个寂寞”。 比香烟毒性更低的宣传、酷炫的外表、多变的口味、同辈攀比心理、社交需求……吸引未成年人和年轻人吸食电子烟的理由实在太多了。这些涉世未深，喜欢尝试新鲜事物的孩子可能对父辈钟爱的香烟嗤之以鼻，但很难抵挡电子烟的诱惑。加上在很多国家，电子烟还没有像烟草一样被严格管控销售，甚至还被当作普通消费品销售，未成年人可以轻松购买到。 美国国立卫生研究院NIH的报告显示，2018年有37%的高中生吸食过电子烟，而2017年该比例仅为28%（其实也不是很“仅”……）。全球范围内2018年新增了130万电子烟青少年用户。而高中生吸香烟的比例则从20年前的22%降低到不足4%。 两组数据放到一起看，我们惊讶地发现，20年前吸烟（香烟+电子烟）的美国高中生比例为22%，因为那会还没有电子烟嘛。而2018年，该比例飙升到41%，其中大部分是电子烟的贡献。 没吸香烟的全去吸电子烟了，甚至还更多，这烟控的，控了个寂寞。鉴于情况很严峻，美国疾控中心CDC直接发文指出电子烟对青少年、年轻人的风险： 电子烟对儿童、青少年和年轻人有健康威胁； 大多数电子烟含有尼古丁。尼古丁极易上瘾，会损害青少年大脑发育，危害会持续到20岁； 除了尼古丁，电子烟还有其他有害物质； 使用电子烟的年轻人未来更有可能吸食香烟。 造成这种局面的原因是多方面的，除了前面提到的电子烟本身的诱惑性和青少年的个性影响外，对电子烟危害性认识的不足，决定性的临床研究尚缺乏，各国管控力度整体偏松等情况都为电子烟的流行“大开绿灯”。 结语 当然，情况也在向好的方向转变：在中国，《中国吸烟危害健康报告2020》提出了“电子烟也不健康”的警告，官方禁止电商平台销售电子烟；美国多个州也发布了禁止销售非烟草口味的电子烟，禁止电商平台向未成年人销售电子烟等政策。 这些举措都显示着，电子烟行业经历了近10年的狂飙突击，野蛮生长后，终于要被置于更严格的监管的“牢笼”中。当然，政府严格管是一方面，大家对电子烟能不吸就不吸，能少吸就少吸才最关键。（@共青团中央） http://t.cn/A6lgLpt1","content: 【#男子在列车厕所吸食上头电子烟# 】电子加烟法力无边？揭秘电子烟的健康骗局#微博健康公开课##健闻登顶计划# 小伙伴们有没有觉得生活中电子烟越来越常见了？闹市街头常能看到电子烟商店，便利店的货架上摆上了“棒棒糖”，不少烟民脖子上也多了个“配件”…… 你的感觉没错，电子烟确实日益流行。但是这种打着“健康”幌子的电子烟真的没有危害吗？真相，并不简单。 引起研究者关注的电子烟 其实电子烟不算啥新鲜事物，早在2003年，北京的药剂师韩力便发明了一种尼古丁气雾发生装置。他用丙二醇稀释尼古丁，再用电阻线圈加热稀释液，释放出含有尼古丁的蒸汽，人吸入后，便能达到类似于吸烟的效果，这种装置就是后来的电子烟。2016年韩力接受外媒采访时回忆道，当时发明电子烟是为了帮助自己戒烟。他自己十八岁开始抽烟，戒烟6次不成功，又不想像老烟民父亲那样得上肺癌，于是产生了这种想法。 电子烟最开始打的噱头确实是“帮助戒烟”，“比吸烟更健康”。众所周知，吸烟上瘾其实是尼古丁上瘾，传统卷烟燃烧产生的有害气体、焦油等是副产物，它们对人体的毒害最重。而电子烟产生的则是较为纯净的尼古丁蒸汽，似乎更“健康”，加上它酷炫的造型、多变的口味，电子烟市场成了炙手可热的淘金赛道。 在搜索引擎中检索电子烟的两个英文名“vaping”和“e-cigarette”，可以看到自2010年开始，电子烟的网络热度便直线上升，到现在也没有冷却的迹象。 电子烟也引起了科学家的关注。在生物医学论文网站Pubmed上检索“e-cigarette”，你会发现自2010年以来有关e-cigarette的文献也在快速增长，科学家们还是很紧跟潮流的。 更为有趣的是，与e-cigarette关联的词包括“肺”、“青少年”、“依赖性”等，也隐隐暗示了对电子烟流行忧心忡忡的科学家们究竟在担心什么。 下面，我们就来从科学角度看看电子烟。 电子烟里的“毒门暗器” 电子烟的拥趸常常是基于这样一个逻辑：谈电子烟的安全性，不要跟完全不吸烟的人比，要跟吸卷烟的人比。 诚然，这样的逻辑不无道理，但就像前文提到的，电子烟虽从原理上根除了致癌性巨大的焦油。可仍然会释放多种有害物质。 危害一：重金属毒害 首先就是金属加热线圈。电子烟的蒸汽需要金属线圈通电加热产生，高温下金属线圈本身便很可能释放金属物质。此外，电子烟液中丰富的化学调味剂可能帮助某些金属离子穿过人体的屏障，进入大脑、心脏等关键器官。例如常用的香料物质麦芽酚，很容易和铁离子、铝离子等金属离子结合，增加人体对此类金属物质的吸收能力，而劣质的烟液也可能是这些金属物质的来源。 此前一项涵盖1139名美国烟民的调查分析显示（Environ Pollut. 2019, 251, 970），吸食电子烟、香烟、雪茄或某种组合，并不会显著改变血液中镉（Cadmium）和铅（Lead）的浓度。而在血液中总汞（Total Mercury）含量上，电子烟使用者甚至还略微领先了一些。这反映了吸食电子烟的人无法避免重金属元素的毒害。 危害二：抑制免疫细胞功能 为了迎合年轻人多变的口味，电子烟行业可谓是费尽心思。据研究人员整理，市面上居然有13大类90小类的电子烟口味选择。光“酒精饮料风味”大类中就细分了诸如莫吉托、琴酒、朗姆酒等11种味道，这基本都要“归功于”各种化学香精。 肉桂醛是这些香精中的典型代表。肉桂醛来源于肉桂树皮，带有特殊的芳香，是食品行业常用的香料，如今电子烟行业也用它调配多种口味的烟液。少量食用和吸入肉桂醛理论上不会对人体产生直接的毒性影响。但研究人员也发现，部分电子烟液会抑制人类肺部免疫细胞的功能，极有可能是肉桂醛的影响。 从有机化学的角度，肉桂醛属于芳香 α,β-不饱和醛类化合物。学过高等有机化学的童鞋们都很清楚，这是一类反应活性较强的有机物。根据底物不同，它们可以发生亲电加成、亲核加成和共轭加成，在复杂的生物体系中发生什么反应都不会令人意外。 危害三：引发呼吸道疾病 奶油味的双乙酰则是另一个电子烟调味剂。双乙酰也是一种食品添加剂，尤其常见于爆米花中，但雾化的双乙酰可能让人患上闭塞性细支气管炎等呼吸道疾病。爆米花工人由于需要长时间暴露于双乙酰环境，患闭塞性细支气管炎的概率很高，这种病也由此得名“爆米花肺”。 2019年CMAJ报道了一则疑似电子烟（含双乙酰）导致的闭塞性细支气管炎案例，患者是一名17岁的加拿大小伙子（CMAJ. 2019, 191, E1321）。据文章描述，这名原本身体健康的小伙子在大量吸食调味电子烟和四氢大麻酚后出现顽固性咳嗽、进行性呼吸困难等症状，检查后显示发烧、心动过速、低氧血和肺部杂音，结合胸部CT，最后被确诊为急性细支气管炎。 排除了病原体感染的可能后，医生高度怀疑病因和电子烟及双乙酰有关。随着病情恶化，这名小伙子甚至用上了ECMO，好在使用大量类固醇激素后病情得以控制。患者住院47天后出院回家，但身体运动能力在几个月内都没有完全恢复。 该名加拿大小伙子入院第一天的胸部CT，他的肺部长满了不正常的、细小的、枝杈般的细纹，这是弥漫性细支气管炎的典型特征 图片来源：CMAJ 从活蹦乱跳，到上ECMO抢救，可能就是几口电子烟的事儿。 不但会损伤肺部、口腔，还可能…… 俗话说“明枪易躲，暗箭难防”，相比于已知的危险，未知有时候更令人害怕。 经过科学界和公共卫生部门的共同努力，人们对香烟烟雾的危害性已经有了充分认知和临床证据。香烟烟雾中有7000多种化学物质，其中至少250种是有害物质，69种是已知的致癌物，约有85%的肺癌和50%的膀胱癌由吸烟引起。可见，香烟是一个强大且明确的公共卫生敌人，通过各种风险教育和政策约束，在过去几十年中，全球控烟卓有成效。 然而，电子烟可能是个看似弱小，实则更难防范的敌人。吸食电子烟的人不会受到焦油的危害，因此可以预见相比于吸食香烟的人，这群人死于肺癌的概率会降低。但谁又能保证吸食电子烟几十年后，其他类型的疾病概率不会更高呢？毕竟已经有很多证据表明电子烟气溶胶对肺、口腔、脑、免疫系统、心血管系统等有毒性作用。 上节中提到的加拿大小伙并非个案。CMAJ文章的作者梳理了截至2019年10月底作为“case reports”报道的与电子烟相关的严重肺部疾病，涉及18个病种。能作为case reports一般意味着病情较重，最轻的都是住院，重的直接进ICU。而另外一些更大规模的队列研究中，电子烟相关的肺病多达上千例（MMWR Morb Mortal Wkly Rep. 2019, 68, 860–864.）。 相比于肺，口腔是电子烟气溶胶更早、更直接作用的区域，危害自然也不会少。最近的一项研究表明，不论此前是否吸烟，电子烟使用者的口腔细胞都经历了有害的生物学变化（Sci rep. 2021, 11, 22773）。具体而言，多种RNA表达水平发生改变，其中大部分也在吸香烟人群中被发现。这些改变的基因中相当一部分为线粒体基因，而线粒体功能一旦失调，会诱发多种心血管、呼吸道、代谢疾病以及癌症。 甚至还有研究者给出了更为猎奇的观点：20至65岁之间且没有心血管疾病既往史，但每天使用电子烟的男性报告阳痿的可能性是从不使用电子烟的男性的2.4倍（AJPM. 2022, 62, 26）。这种问题上，应该没人还会去说，“我只跟吸香烟的人比”。 青少年电子烟用户，可能让控烟“控了个寂寞”。 比香烟毒性更低的宣传、酷炫的外表、多变的口味、同辈攀比心理、社交需求……吸引未成年人和年轻人吸食电子烟的理由实在太多了。这些涉世未深，喜欢尝试新鲜事物的孩子可能对父辈钟爱的香烟嗤之以鼻，但很难抵挡电子烟的诱惑。加上在很多国家，电子烟还没有像烟草一样被严格管控销售，甚至还被当作普通消费品销售，未成年人可以轻松购买到。 美国国立卫生研究院NIH的报告显示，2018年有37%的高中生吸食过电子烟，而2017年该比例仅为28%（其实也不是很“仅”……）。全球范围内2018年新增了130万电子烟青少年用户。而高中生吸香烟的比例则从20年前的22%降低到不足4%。 两组数据放到一起看，我们惊讶地发现，20年前吸烟（香烟+电子烟）的美国高中生比例为22%，因为那会还没有电子烟嘛。而2018年，该比例飙升到41%，其中大部分是电子烟的贡献。 没吸香烟的全去吸电子烟了，甚至还更多，这烟控的，控了个寂寞。鉴于情况很严峻，美国疾控中心CDC直接发文指出电子烟对青少年、年轻人的风险： 电子烟对儿童、青少年和年轻人有健康威胁； 大多数电子烟含有尼古丁。尼古丁极易上瘾，会损害青少年大脑发育，危害会持续到20岁； 除了尼古丁，电子烟还有其他有害物质； 使用电子烟的年轻人未来更有可能吸食香烟。 造成这种局面的原因是多方面的，除了前面提到的电子烟本身的诱惑性和青少年的个性影响外，对电子烟危害性认识的不足，决定性的临床研究尚缺乏，各国管控力度整体偏松等情况都为电子烟的流行“大开绿灯”。 结语 当然，情况也在向好的方向转变：在中国，《中国吸烟危害健康报告2020》提出了“电子烟也不健康”的警告，官方禁止电商平台销售电子烟；美国多个州也发布了禁止销售非烟草口味的电子烟，禁止电商平台向未成年人销售电子烟等政策。 这些举措都显示着，电子烟行业经历了近10年的狂飙突击，野蛮生长后，终于要被置于更严格的监管的“牢笼”中。当然，政府严格管是一方面，大家对电子烟能不吸就不吸，能少吸就少吸才最关键。（@共青团中央） http://t.cn/A6lgLpt1",微博,健康名医堂,2024-01-04 18:15:27,http://weibo.com/2054998561/NAiS93UbX,未知,戒烟、控烟,正面,未知
20240101318,新年伊始，又一国家推出控烟新政！|#环保协同控烟# 为爱捐赠，请点击：http://t.cn/A6Ne59sc 近日，澳大利亚宣布将自2024年1月1日起禁止进口一次性电子烟，以防止更多儿童对尼古丁上瘾。同时从2024年3月起，政府还将禁止进口所有非治疗性电子烟及个人进口治疗性电子烟。 2023年12月14日，世界卫生组织官网也发布了题为“必须采取紧急行动，保护儿童，防止抽吸电子烟”的新闻。 中国生物多样性保护与绿色发展基金会控烟小组（简称“绿会控烟组”）早在2021年就《电子烟管理办法（征求意见稿）》提出七方面建议，并持续跟进制订和实施进展，呼吁社会各界广泛参与支持共同推进实现《“健康中国2030”规划纲要》控烟目标。 2022年3月11日，国家烟草专卖局制定发布了《电子烟管理办法》，并于5月1日正式施行，规定禁止销售除烟草口味外的调味电子烟和可自行添加雾化物的电子烟，禁止向未成年人出售电子烟产品。文件明确了电子烟定义和监管对象，要求对电子烟生产、批发和零售主体实行许可证管理，对电子烟销售实行渠道管理等等。 相关阅读： 电子烟=戒烟神器？解读来了 http://t.cn/A6lghj8R 不好奇、不尝试、不滥用！吸食“上头电子烟”属违法行为 http://t.cn/A6lghj88 《电子烟管理办法》发布！禁止销售非烟草口味电子烟 | 绿会政研室跟进关注 http://t.cn/A600Q5ys 文：阿西叶 审：Cherry 编：青鸯  ,content: 新年伊始，又一国家推出控烟新政！|#环保协同控烟# 为爱捐赠，请点击：http://t.cn/A6Ne59sc 近日，澳大利亚宣布将自2024年1月1日起禁止进口一次性电子烟，以防止更多儿童对尼古丁上瘾。同时从2024年3月起，政府还将禁止进口所有非治疗性电子烟及个人进口治疗性电子烟。 2023年12月14日，世界卫生组织官网也发布了题为“必须采取紧急行动，保护儿童，防止抽吸电子烟”的新闻。 中国生物多样性保护与绿色发展基金会控烟小组（简称“绿会控烟组”）早在2021年就《电子烟管理办法（征求意见稿）》提出七方面建议，并持续跟进制订和实施进展，呼吁社会各界广泛参与支持共同推进实现《“健康中国2030”规划纲要》控烟目标。 2022年3月11日，国家烟草专卖局制定发布了《电子烟管理办法》，并于5月1日正式施行，规定禁止销售除烟草口味外的调味电子烟和可自行添加雾化物的电子烟，禁止向未成年人出售电子烟产品。文件明确了电子烟定义和监管对象，要求对电子烟生产、批发和零售主体实行许可证管理，对电子烟销售实行渠道管理等等。 相关阅读： 电子烟=戒烟神器？解读来了 http://t.cn/A6lghj8R 不好奇、不尝试、不滥用！吸食“上头电子烟”属违法行为 http://t.cn/A6lghj88 《电子烟管理办法》发布！禁止销售非烟草口味电子烟 | 绿会政研室跟进关注 http://t.cn/A600Q5ys 文：阿西叶 审：Cherry 编：青鸯,微博,中国绿发会,2024-01-04 16:09:11,http://weibo.com/5327744144/NAi2TcOoG,未知,控烟、戒烟,正面,未知
20240101325,#健康石家庄# 【新年对“烟”说拜拜，无烟健康过佳节】　　为深入贯彻落实中共中央办公厅 国务院办公厅《关于领导干部带头在公共场所禁烟有关事项的通知》和国务院《关于实施健康中国行动的意见》要求，进一步推动控烟工作开展，引导群众践行文明健康绿色环保生活方式，营造元旦、春节“两节”无烟氛围，决定开展“无烟佳节 与爱同行”控烟活动。　　活动要求：（一）各地要认真研究谋划，结合本地实际，联合相关部门，紧抓元旦、春节时间节点，采取多种形式，开展具有地方特色的控烟系列宣传活动。　　（二）请各省份于2024年3月15日前将活动开展情况报送国家卫生健康委，国家卫生健康委将对活动中的典型经验和亮点做法予以宣传推广。（详细活动内容请打开链接查看）网页链接,content: #健康石家庄# 【新年对“烟”说拜拜，无烟健康过佳节】 为深入贯彻落实中共中央办公厅 国务院办公厅《关于领导干部带头在公共场所禁烟有关事项的通知》和国务院《关于实施健康中国行动的意见》要求，进一步推动控烟工作开展，引导群众践行文明健康绿色环保生活方式，营造元旦、春节“两节”无烟氛围，决定开展“无烟佳节 与爱同行”控烟活动。 活动要求：（一）各地要认真研究谋划，结合本地实际，联合相关部门，紧抓元旦、春节时间节点，采取多种形式，开展具有地方特色的控烟系列宣传活动。 （二）请各省份于2024年3月15日前将活动开展情况报送国家卫生健康委，国家卫生健康委将对活动中的典型经验和亮点做法予以宣传推广。（详细活动内容请打开链接查看）网页链接,微博,石家庄卫生健康,2024-01-04 15:30:22,http://weibo.com/6384612274/NAhN8iXme,未知,控烟,正面,未知
20240101342,//@财经网:【#上海将全市推广孕产家庭爸爸戒烟#】活动将延续并优化综合戒烟干预模式，采用线上线下相结合的方式，为孕产家庭提供全流程、个性化、便捷科学的闭环戒烟指导，通过完善“戒烟门诊、戒烟热线、社区戒烟干预和线上新媒体戒烟”等戒烟服务网络资源，不断提升其利用率和戒烟成效。//@财经网:【#上海将全市推广孕产家庭爸爸戒烟# 降低孕产妇婴幼儿二手烟暴露，戒烟门诊完整名单→】#上海将全市推广十月怀胎爸爸戒烟# 据上观新闻，上海市今年将在16个区全面推广开展“十月怀胎·爸爸戒烟”孕产家庭戒烟干预，完善戒烟服务网络，持续打造无烟城市，推进健康上海建设。上海自2010年实施《上海市公共场所控制吸烟条例》以来，法定禁烟场所的违规吸烟率已从37.5%降至12.3%，公共场所控烟状况持续向好，成人吸烟率也从26.9%下降至19.4%，提前实现“健康中国2030”目标，上海市人民政府获世界卫生组织颁发的“世界无烟日奖”。（上观新闻）,content: //@财经网:【#上海将全市推广孕产家庭爸爸戒烟#】活动将延续并优化综合戒烟干预模式，采用线上线下相结合的方式，为孕产家庭提供全流程、个性化、便捷科学的闭环戒烟指导，通过完善“戒烟门诊、戒烟热线、社区戒烟干预和线上新媒体戒烟”等戒烟服务网络资源，不断提升其利用率和戒烟成效。//@财经网:【#上海将全市推广孕产家庭爸爸戒烟# 降低孕产妇婴幼儿二手烟暴露，戒烟门诊完整名单→】#上海将全市推广十月怀胎爸爸戒烟# 据上观新闻，上海市今年将在16个区全面推广开展“十月怀胎·爸爸戒烟”孕产家庭戒烟干预，完善戒烟服务网络，持续打造无烟城市，推进健康上海建设。上海自2010年实施《上海市公共场所控制吸烟条例》以来，法定禁烟场所的违规吸烟率已从37.5%降至12.3%，公共场所控烟状况持续向好，成人吸烟率也从26.9%下降至19.4%，提前实现“健康中国2030”目标，上海市人民政府获世界卫生组织颁发的“世界无烟日奖”。（上观新闻）,微博,用户7319775244,2024-01-04 10:21:10,http://weibo.com/7319775244/NAfLDjBwW,未知,戒烟、控烟,正面,未知
20240101346,#健康冀报# 【国家卫生健康委办公厅关于开展“无烟佳节 与爱同行”活动的通知】为深入贯彻落实中共中央办公厅 国务院办公厅《关于领导干部带头在公共场所禁烟有关事项的通知》和国务院《关于实施健康中国行动的意见》要求，进一步推动控烟工作开展，引导群众践行文明健康绿色环保生活方式，营造元旦、春节“两节”无烟氛围，决定开展“无烟佳节 与爱同行”控烟活动。国家卫生健康委办公厅关于开展“无烟佳节 与爱同行”活动的通知,content: #健康冀报# 【国家卫生健康委办公厅关于开展“无烟佳节 与爱同行”活动的通知】为深入贯彻落实中共中央办公厅 国务院办公厅《关于领导干部带头在公共场所禁烟有关事项的通知》和国务院《关于实施健康中国行动的意见》要求，进一步推动控烟工作开展，引导群众践行文明健康绿色环保生活方式，营造元旦、春节“两节”无烟氛围，决定开展“无烟佳节 与爱同行”控烟活动。国家卫生健康委办公厅关于开展“无烟佳节 与爱同行”活动的通知,微博,健康河北官微,2024-01-04 10:16:32,http://weibo.com/2416042387/NAfJKvV0j,未知,控烟,正面,未知
20240101351,转发微博 //@北京12320在聆听:【烟草中的有害物质是如何“使坏”的？】#北京12320控烟在行动# 众所周知，烟草中的有害物质很多，每一种都能对人体产生或大或小的不良刺激。在此主要介绍三种最常见的：尼古丁、一氧化碳和氧化物。 1、尼古丁进入人体之后可以激活交感神经，引起呼吸兴奋、血压升高、心肌需氧量增多，这也是为什么“吸烟能提神”的重要原因。经过全天动态监测心率可发现，吸烟者吸烟时心率加快，且尼古丁吸收入血液中的量越高，心率越快。 2、一氧化碳进入人体后能与血红蛋白紧密结合为碳氧血红蛋白，直接导致能携带氧气的血红蛋白减少，因此会阻碍氧气在血液内的释放。研究发现长期吸烟的人血红蛋白携带氧气的能力降低，机体长期处于相对缺氧的状态，刺激产生更多的红细胞，因此血液黏度增高。这些不良变化对于有心血管疾病的人无疑是雪上加霜，特别是冠脉狭窄患者很容易因此而诱发心衰和心律失常。 3、氧化物质主要是指氮氧化物和焦油中的自由基。自由基过多会导致机体组织养化-抗氧化系统失衡，引起氧化应激反应，使细胞膜发生脂质过氧化。研究发现，氧化应激在形成心血管疾病的过程中起了不可忽视的推动作用。（来源：北京医院）,content: 转发微博 //@北京12320在聆听:【烟草中的有害物质是如何“使坏”的？】#北京12320控烟在行动# 众所周知，烟草中的有害物质很多，每一种都能对人体产生或大或小的不良刺激。在此主要介绍三种最常见的：尼古丁、一氧化碳和氧化物。 1、尼古丁进入人体之后可以激活交感神经，引起呼吸兴奋、血压升高、心肌需氧量增多，这也是为什么“吸烟能提神”的重要原因。经过全天动态监测心率可发现，吸烟者吸烟时心率加快，且尼古丁吸收入血液中的量越高，心率越快。 2、一氧化碳进入人体后能与血红蛋白紧密结合为碳氧血红蛋白，直接导致能携带氧气的血红蛋白减少，因此会阻碍氧气在血液内的释放。研究发现长期吸烟的人血红蛋白携带氧气的能力降低，机体长期处于相对缺氧的状态，刺激产生更多的红细胞，因此血液黏度增高。这些不良变化对于有心血管疾病的人无疑是雪上加霜，特别是冠脉狭窄患者很容易因此而诱发心衰和心律失常。 3、氧化物质主要是指氮氧化物和焦油中的自由基。自由基过多会导致机体组织养化-抗氧化系统失衡，引起氧化应激反应，使细胞膜发生脂质过氧化。研究发现，氧化应激在形成心血管疾病的过程中起了不可忽视的推动作用。（来源：北京医院）,微博,通州台湖卫生院健康教育,2024-01-04 09:46:24,http://weibo.com/5097839420/NAfxwi3YF,未知,控烟,正面,未知
20240101358,转发微博//@中国控制吸烟协会:为减少吸烟造成的危害，保障公众健康，创造良好的工作和生活环境，提高城市文明水平，11月30日，珠海市第十届人民代表大会常务委员会第十八次会议通过《珠海经济特区公共场所控制吸烟条例》（以下简称《条例》），该《条例》自2024年1月1日起施行。 该《条例》对控烟管理模式、控烟范围、社会参与及法律责任等方面予以规范。同时，《条例》聚焦公共场所的控烟工作，划定控烟范围，强化控烟工作的社会参与和宣传引导，实行个人和场所“双罚制”，一方面明确了吸烟者违法吸烟的法律责任，另一方面，压实公共场所经营者、管理者的责任。 但是，在小编看来，《条例》仍存在一定不足，因为《条例》并没有明确规定涉及海滩等涉海场所的禁烟规定。根据生态环境部最新发布的《2022年中国海洋生态环境状况公报》，在海滩垃圾中，塑料垃圾最多，占84.5%，主要为卷烟过滤嘴、瓶盖、泡沫等。由此看出，烟蒂为主的塑料垃圾已严重破坏海滩风景及海洋生态。因此，珠海作为重要的沿海旅游城市，有必要将海滩禁烟的法律规范予以明确。 我国控烟履约工作需要开启新的视角和路径。现阶段，国家层面的控烟立法缺位，地方性控烟法律法规要科学有效的为全国控烟工作提供更多支持与助益，这也是实现全面无烟城市和无烟中国建设的关键一环。 附：《珠海经济特区公共场所控制吸烟条例》全文链接： http://t.cn/A6l1Eru2 文/子舒 审/Yang 编/angel,content: 转发微博//@中国控制吸烟协会:为减少吸烟造成的危害，保障公众健康，创造良好的工作和生活环境，提高城市文明水平，11月30日，珠海市第十届人民代表大会常务委员会第十八次会议通过《珠海经济特区公共场所控制吸烟条例》（以下简称《条例》），该《条例》自2024年1月1日起施行。 该《条例》对控烟管理模式、控烟范围、社会参与及法律责任等方面予以规范。同时，《条例》聚焦公共场所的控烟工作，划定控烟范围，强化控烟工作的社会参与和宣传引导，实行个人和场所“双罚制”，一方面明确了吸烟者违法吸烟的法律责任，另一方面，压实公共场所经营者、管理者的责任。 但是，在小编看来，《条例》仍存在一定不足，因为《条例》并没有明确规定涉及海滩等涉海场所的禁烟规定。根据生态环境部最新发布的《2022年中国海洋生态环境状况公报》，在海滩垃圾中，塑料垃圾最多，占84.5%，主要为卷烟过滤嘴、瓶盖、泡沫等。由此看出，烟蒂为主的塑料垃圾已严重破坏海滩风景及海洋生态。因此，珠海作为重要的沿海旅游城市，有必要将海滩禁烟的法律规范予以明确。 我国控烟履约工作需要开启新的视角和路径。现阶段，国家层面的控烟立法缺位，地方性控烟法律法规要科学有效的为全国控烟工作提供更多支持与助益，这也是实现全面无烟城市和无烟中国建设的关键一环。 附：《珠海经济特区公共场所控制吸烟条例》全文链接： http://t.cn/A6l1Eru2 文/子舒 审/Yang 编/angel,微博,健康邯郸官微,2024-01-04 08:53:57,http://weibo.com/6242942771/NAfcekgB3,未知,控烟,正面,未知
20240101364,转发微博//@中国控制吸烟协会:上海16个区将全面推广开展“十月怀胎·爸爸戒烟”孕产家庭戒烟干预，完善戒烟服务网络，降低孕产妇和婴幼儿二手烟暴露风险，推进健康上海建设。 1月3日，澎湃新闻（www.thepaper.cn）记者从上海市健康促进委员会办公室获悉上述消息。据上海市健康促进委员会办公室透露，上海自2010年实施《上海市公共场所控制吸烟条例》以来，法定禁烟场所的违规吸烟率已从37.5%降至12.3%，公共场所控烟状况持续向好，成人吸烟率也从26.9%下降至19.4%。但监测数据显示，人群二手烟暴露情况虽有下降，但仍较普遍，尤其是孕产妇和婴幼儿如长期暴露在二手烟环境中，可导致孕期并发症、早产或自然流产等，并可导致胎儿肺部发育减缓和功能下降，增加婴儿出生体重降低等风险。,content: 转发微博//@中国控制吸烟协会:上海16个区将全面推广开展“十月怀胎·爸爸戒烟”孕产家庭戒烟干预，完善戒烟服务网络，降低孕产妇和婴幼儿二手烟暴露风险，推进健康上海建设。 1月3日，澎湃新闻（www.thepaper.cn）记者从上海市健康促进委员会办公室获悉上述消息。据上海市健康促进委员会办公室透露，上海自2010年实施《上海市公共场所控制吸烟条例》以来，法定禁烟场所的违规吸烟率已从37.5%降至12.3%，公共场所控烟状况持续向好，成人吸烟率也从26.9%下降至19.4%。但监测数据显示，人群二手烟暴露情况虽有下降，但仍较普遍，尤其是孕产妇和婴幼儿如长期暴露在二手烟环境中，可导致孕期并发症、早产或自然流产等，并可导致胎儿肺部发育减缓和功能下降，增加婴儿出生体重降低等风险。,微博,健康邯郸官微,2024-01-04 08:53:28,http://weibo.com/6242942771/NAfc2dpgX,未知,戒烟、控烟,正面,未知
20240101370,连日来，武清区黄庄街综合执法大队深入贯彻落实《天津市控制吸烟条例》和《天津市文明行为促进条例》，并组织开展控烟主题宣传及专项执法检查活动。,content: 连日来，武清区黄庄街综合执法大队深入贯彻落实《天津市控制吸烟条例》和《天津市文明行为促进条例》，并组织开展控烟主题宣传及专项执法检查活动。,微博,美丽武清官方号,2024-01-04 08:37:00,http://weibo.com/7317099082/NAf5m01UJ,未知,控烟,正面,未知
20240101377,易烊千玺爱心基金 @TFBOYS-易烊千玺 曾经作为中国优秀青年代表参加雅加达亚运会闭幕式，他还是首位长城守护者，是世界卫生组织健康特使，中国控烟倡导者，17岁设立易烊千玺爱心基金，个人捐款150万资助童伴计划活动覆盖十个项目村，是我们的正能量偶像,content: 易烊千玺爱心基金 @TFBOYS-易烊千玺 曾经作为中国优秀青年代表参加雅加达亚运会闭幕式，他还是首位长城守护者，是世界卫生组织健康特使，中国控烟倡导者，17岁设立易烊千玺爱心基金，个人捐款150万资助童伴计划活动覆盖十个项目村，是我们的正能量偶像,微博,-千玺的小女孩,2024-01-04 00:53:36,http://weibo.com/7724886778/NAc3g2egl,未知,控烟,正面,未知
20240101171,转发微博//@人民网西藏频道:【西藏日喀则市江孜县江孜镇东郊村：无烟村的新追求】“您已进入无烟村，村内所有区域都不能吸烟，请自觉遵守。”走进西藏自治区日喀则市江孜县江孜镇东郊村，一块醒目的标志牌映入眼帘。举目四顾，村里绿草如茵、道路整洁、干净祥和。控烟禁烟是东郊村这个全国文明村镇建设的重要成果之一。#全国文明城市[超话]# 过去村里开会，会议室内烟雾弥漫，村民们没有节制地吸烟，既有损身体健康，也是一笔不小的经济开支。几年前，村里决定开展戒烟控烟行动，党员干部带头戒烟，并召开村民大会推广戒烟控烟行动。通过村两委和村民互相监督，只用了一年时间，全村吸烟现象就基本杜绝了。 如今，村民对文明健康生活的需求越来越强烈，引导大家民主管理村务，逐渐改善村风，又成了东郊村的努力方向。借助新时代文明实践中心，东郊村着力培育文明乡风、良好家风、淳朴民风，有力激发了乡村文化活力。#全国文明村镇创建巡礼西藏篇# http://t.cn/A6l19pFK,content: 转发微博//@人民网西藏频道:【西藏日喀则市江孜县江孜镇东郊村：无烟村的新追求】“您已进入无烟村，村内所有区域都不能吸烟，请自觉遵守。”走进西藏自治区日喀则市江孜县江孜镇东郊村，一块醒目的标志牌映入眼帘。举目四顾，村里绿草如茵、道路整洁、干净祥和。控烟禁烟是东郊村这个全国文明村镇建设的重要成果之一。#全国文明城市[超话]# 过去村里开会，会议室内烟雾弥漫，村民们没有节制地吸烟，既有损身体健康，也是一笔不小的经济开支。几年前，村里决定开展戒烟控烟行动，党员干部带头戒烟，并召开村民大会推广戒烟控烟行动。通过村两委和村民互相监督，只用了一年时间，全村吸烟现象就基本杜绝了。 如今，村民对文明健康生活的需求越来越强烈，引导大家民主管理村务，逐渐改善村风，又成了东郊村的努力方向。借助新时代文明实践中心，东郊村着力培育文明乡风、良好家风、淳朴民风，有力激发了乡村文化活力。#全国文明村镇创建巡礼西藏篇# http://t.cn/A6l19pFK,微博,西安曲江城管,2024-01-03 22:37:59,http://weibo.com/5066630262/NAbad0IIc,未知,控烟、戒烟控烟、戒烟,正面,未知
20240101177,#2024新年plog#控烟控酒➕健身 ,content: #2024新年plog#控烟控酒➕健身,微博,白小伍啊,2024-01-03 22:20:10,http://weibo.com/5189349742/NAb2YC63f,未知,控烟,中性,未知
20240101184,【#上海将全市推广孕产家庭爸爸戒烟# 降低孕产妇婴幼儿二手烟暴露，戒烟门诊完整名单→】#上海将全市推广十月怀胎爸爸戒烟# 据上观新闻，上海市今年将在16个区全面推广开展“十月怀胎·爸爸戒烟”孕产家庭戒烟干预，完善戒烟服务网络，持续打造无烟城市，推进健康上海建设。上海自2010年实施《上海市公共场所控制吸烟条例》以来，法定禁烟场所的违规吸烟率已从37.5%降至12.3%，公共场所控烟状况持续向好，成人吸烟率也从26.9%下降至19.4%，提前实现“健康中国2030”目标，上海市人民政府获世界卫生组织颁发的“世界无烟日奖”。（上观新闻）,content: 【#上海将全市推广孕产家庭爸爸戒烟# 降低孕产妇婴幼儿二手烟暴露，戒烟门诊完整名单→】#上海将全市推广十月怀胎爸爸戒烟# 据上观新闻，上海市今年将在16个区全面推广开展“十月怀胎·爸爸戒烟”孕产家庭戒烟干预，完善戒烟服务网络，持续打造无烟城市，推进健康上海建设。上海自2010年实施《上海市公共场所控制吸烟条例》以来，法定禁烟场所的违规吸烟率已从37.5%降至12.3%，公共场所控烟状况持续向好，成人吸烟率也从26.9%下降至19.4%，提前实现“健康中国2030”目标，上海市人民政府获世界卫生组织颁发的“世界无烟日奖”。（上观新闻）,微博,财经网,2024-01-03 20:30:45,http://weibo.com/1642088277/NAakz2tRB,未知,戒烟、控烟,正面,未知
20240101190,好家伙学生穿这么骚 平常玩的也挺开放吧？真不好说 遇到过学校//@内涵又搞笑:控烟劝导员在吸烟，我要不要举报她？,content: 好家伙学生穿这么骚 平常玩的也挺开放吧？真不好说 遇到过学校//@内涵又搞笑:控烟劝导员在吸烟，我要不要举报她？,微博,狂战士1904,2024-01-03 19:39:04,http://weibo.com/3798651395/NA9ZB3E3Z,未知,控烟,正面,未知
20240101197,上海16个区将全面推广开展“十月怀胎·爸爸戒烟”孕产家庭戒烟干预，完善戒烟服务网络，降低孕产妇和婴幼儿二手烟暴露风险，推进健康上海建设。1月3日，澎湃新闻（www.thepaper.cn）记者从上海市健康促进委员会办公室获悉上述消息。据上海市健康促进委员会办公室透露，上海自2010年实施《上海市公共场所控制吸烟条例》以来，法定禁烟场所的违规吸烟率已从37.5%降至12.3%，公共场所控烟状况持续向好，成人吸烟率也从26.9%下降至19.4%。但监测数据显示，人群二手烟暴露情况虽有下降，但仍较普遍，尤其是孕产妇和婴幼儿如长期暴露在二手烟环境中，可导致孕期并发症、早产或自然流产等，并可导致胎儿肺部发育减缓和功能下降，增加婴儿出生体重降低等风险。,content: 上海16个区将全面推广开展“十月怀胎·爸爸戒烟”孕产家庭戒烟干预，完善戒烟服务网络，降低孕产妇和婴幼儿二手烟暴露风险，推进健康上海建设。1月3日，澎湃新闻（www.thepaper.cn）记者从上海市健康促进委员会办公室获悉上述消息。据上海市健康促进委员会办公室透露，上海自2010年实施《上海市公共场所控制吸烟条例》以来，法定禁烟场所的违规吸烟率已从37.5%降至12.3%，公共场所控烟状况持续向好，成人吸烟率也从26.9%下降至19.4%。但监测数据显示，人群二手烟暴露情况虽有下降，但仍较普遍，尤其是孕产妇和婴幼儿如长期暴露在二手烟环境中，可导致孕期并发症、早产或自然流产等，并可导致胎儿肺部发育减缓和功能下降，增加婴儿出生体重降低等风险。,微博,中国控制吸烟协会,2024-01-03 17:51:48,http://weibo.com/1933705701/NA9i2F0V8,未知,戒烟、控烟,正面,未知
20240101211,#科技万里行# 【佳木斯市富锦市科协开展科普进军营活动】#科技志愿服务# 为弘扬科学精神，普及科学知识，传播科学思想，增进军民鱼水情怀，营造双拥共建的浓厚氛围。近日，富锦市科协走进了市武装部，为官兵们送去了龙江科普挂图和《富锦市公众科学素养简明读本》《控烟知识手册》及《健康龙江行》科普读物，现场还为官兵们简单的讲解了抑郁症诊断依据、治疗方法和科学预防知识。通过此次科普活动进一步增强了官兵对科学知识的了解，提升了官兵的科学素养，在全市范围内营造军爱民民拥军的良好的社会氛围。,content: #科技万里行# 【佳木斯市富锦市科协开展科普进军营活动】#科技志愿服务# 为弘扬科学精神，普及科学知识，传播科学思想，增进军民鱼水情怀，营造双拥共建的浓厚氛围。近日，富锦市科协走进了市武装部，为官兵们送去了龙江科普挂图和《富锦市公众科学素养简明读本》《控烟知识手册》及《健康龙江行》科普读物，现场还为官兵们简单的讲解了抑郁症诊断依据、治疗方法和科学预防知识。通过此次科普活动进一步增强了官兵对科学知识的了解，提升了官兵的科学素养，在全市范围内营造军爱民民拥军的良好的社会氛围。,微博,中国科技志愿,2024-01-03 16:16:00,http://weibo.com/7782831660/NA8Fa3PXy,未知,控烟,正面,未知
20240101218,#禁烟宣传# “禁烟携手同行，健康你我相伴”——友爱社区开展#控烟# 科普知识讲座#烟草对人体的危害#烟草 “为了我和家人的健康，我一定要努力戒烟，相信通过社区工作人员的帮助，我一定会戒烟成功的！”家住在友爱社区居安苑西二区的袁先生说道。 为扎实开展“四强”能力作风建设年活动，增强辖区居民的控烟意识，营造一个健康、清洁、无烟的社区环境。1月2日，富兴街街道友爱社区邀请宁夏英开悟心身健康管理研究中心的张巧娟老师开展控烟科普知识讲座。 “当一个人吸烟的时候，你知道他吸进去的是什么吗？”“戒烟多久身体能够恢复原样？”老师先抛出几个问题，让居民们在集体讨论、思想碰撞、轮流发言中逐渐活跃起气氛。随后，老师从控烟健康教育核心信息、吸烟及二手烟对身体的危害、爱吸烟的原因、戒烟常识和方法、相关法律法规及益处等五个方面，通过运用图片、文字、数据等资料详细讲解了吸烟及被动吸烟的危害、戒烟技巧、劝阻吸烟技巧等内容。引导居民为了自己和家人的健康，不吸或少吸烟，把健康知识转变为健康行为，提高生命质量，营造良好的生活环境，共建无烟社区，共享健康生活。讲座也接近尾声了，老师对于刚开始抛出的问题进行了提问，居民们进行抢答，个个精神饱满，有备而战，都想以最快的速度抢答题目，最终家住在友爱社区安鑫花园的王树军说：“吸烟吸进去的是钋，这些有害物质聚集在肺里，能够引发癌症，真是害人不浅呀，我得好好戒烟！” 禁烟携手同行，健康你我相伴。接下来，友爱社区将持续开展健康教育知识进社区活动，倡导居民养成文明健康的生活方式，不遗余力地为提升社区公共卫生健康水平、维护居民生命健康贡献力量。,content: #禁烟宣传# “禁烟携手同行，健康你我相伴”——友爱社区开展#控烟# 科普知识讲座#烟草对人体的危害#烟草 “为了我和家人的健康，我一定要努力戒烟，相信通过社区工作人员的帮助，我一定会戒烟成功的！”家住在友爱社区居安苑西二区的袁先生说道。 为扎实开展“四强”能力作风建设年活动，增强辖区居民的控烟意识，营造一个健康、清洁、无烟的社区环境。1月2日，富兴街街道友爱社区邀请宁夏英开悟心身健康管理研究中心的张巧娟老师开展控烟科普知识讲座。 “当一个人吸烟的时候，你知道他吸进去的是什么吗？”“戒烟多久身体能够恢复原样？”老师先抛出几个问题，让居民们在集体讨论、思想碰撞、轮流发言中逐渐活跃起气氛。随后，老师从控烟健康教育核心信息、吸烟及二手烟对身体的危害、爱吸烟的原因、戒烟常识和方法、相关法律法规及益处等五个方面，通过运用图片、文字、数据等资料详细讲解了吸烟及被动吸烟的危害、戒烟技巧、劝阻吸烟技巧等内容。引导居民为了自己和家人的健康，不吸或少吸烟，把健康知识转变为健康行为，提高生命质量，营造良好的生活环境，共建无烟社区，共享健康生活。讲座也接近尾声了，老师对于刚开始抛出的问题进行了提问，居民们进行抢答，个个精神饱满，有备而战，都想以最快的速度抢答题目，最终家住在友爱社区安鑫花园的王树军说：“吸烟吸进去的是钋，这些有害物质聚集在肺里，能够引发癌症，真是害人不浅呀，我得好好戒烟！” 禁烟携手同行，健康你我相伴。接下来，友爱社区将持续开展健康教育知识进社区活动，倡导居民养成文明健康的生活方式，不遗余力地为提升社区公共卫生健康水平、维护居民生命健康贡献力量。,微博,贺兰融媒体中心,2024-01-03 15:14:39,http://weibo.com/7457182422/NA8gg5Yd5,未知,控烟、戒烟,正面,未知
20240101225,转发微博//@互联网周刊:发布了头条文章：《世卫组织前高官：WHO控烟政策过时了，承认电子烟减害不丢脸》 世卫组织前高官：WHO控烟政策过时了，承认电子烟减害不丢脸,content: 转发微博//@互联网周刊:发布了头条文章：《世卫组织前高官：WHO控烟政策过时了，承认电子烟减害不丢脸》 世卫组织前高官：WHO控烟政策过时了，承认电子烟减害不丢脸,微博,用户3592145640,2024-01-03 14:38:31,http://weibo.com/3592145640/NA81B17XI,未知,控烟,中性,未知
20240101231,丰台区#公共文明引导员# 刘乃丽正为大家做控烟宣传，路人积极配合着控烟活动，这一行为得到了过往行人的点赞支持，感谢大家的配合和支持！为引导员点赞，更为大家点赞👍 #文明引导行动# 继续进行时 ,content: 丰台区#公共文明引导员# 刘乃丽正为大家做控烟宣传，路人积极配合着控烟活动，这一行为得到了过往行人的点赞支持，感谢大家的配合和支持！为引导员点赞，更为大家点赞👍 #文明引导行动# 继续进行时,微博,文明行动在北京,2024-01-03 13:31:05,http://weibo.com/7262599504/NA7AdEf8u,未知,控烟,正面,未知
20240101244,1人获奖！全国青少年控烟绘画征集活动评选结果出炉 ,content: 1人获奖！全国青少年控烟绘画征集活动评选结果出炉,微博,天津健康,2024-01-03 11:01:27,http://weibo.com/3244253572/NA6Bud7eG,未知,控烟,正面,未知
20240101250,【二手烟对冠心病患者的危害】#北京12320控烟在行动# 吸烟是冠心病发生的主要危险因素，我国流行病学调查显示，大量吸烟与非吸烟患者相比冠心病发生率高26倍以上。吸入二手烟同样有害，二手烟对被动吸烟者的危害一点也不比主动吸烟者轻，特别是对患有心血管疾病的人的危害尤其严重。二手烟烟雾中含有一氧化碳，二手烟烟雾中的一氧化碳能与血红蛋白结合，会大大阻碍血红蛋白与氧气的结合。导致人体缺氧，引发心肌梗塞，这对心脑血管疾病患者来说，无疑是雪上加霜。二手烟雾中尼古丁的危害。二手烟雾中的尼古丁进入人体后，会导致人体血管收缩，会使心跳加快、血压上升，还能导致血液粘稠。患有心肌梗塞，高血脂、高血压等的患者病情更加容易恶化。二手烟中的几种成份能引起严重的心血管中毒，扰乱心脏、血液及血管系统正常功能，增加心血管事件发生的风险。二手烟暴露也能加重心脏病发作的程度，并增加复发和死亡风险。平常要多注意吃富含维生素的蔬菜水果、提供充足的高质量蛋白质，注意适量运动，来抵抗二手烟的危害。同时倡导大家远离吸烟源，给自己营造一个舒适的环境。（来源：首都医科大学附属北京朝阳医院）,content: 【二手烟对冠心病患者的危害】#北京12320控烟在行动# 吸烟是冠心病发生的主要危险因素，我国流行病学调查显示，大量吸烟与非吸烟患者相比冠心病发生率高26倍以上。吸入二手烟同样有害，二手烟对被动吸烟者的危害一点也不比主动吸烟者轻，特别是对患有心血管疾病的人的危害尤其严重。二手烟烟雾中含有一氧化碳，二手烟烟雾中的一氧化碳能与血红蛋白结合，会大大阻碍血红蛋白与氧气的结合。导致人体缺氧，引发心肌梗塞，这对心脑血管疾病患者来说，无疑是雪上加霜。二手烟雾中尼古丁的危害。二手烟雾中的尼古丁进入人体后，会导致人体血管收缩，会使心跳加快、血压上升，还能导致血液粘稠。患有心肌梗塞，高血脂、高血压等的患者病情更加容易恶化。二手烟中的几种成份能引起严重的心血管中毒，扰乱心脏、血液及血管系统正常功能，增加心血管事件发生的风险。二手烟暴露也能加重心脏病发作的程度，并增加复发和死亡风险。平常要多注意吃富含维生素的蔬菜水果、提供充足的高质量蛋白质，注意适量运动，来抵抗二手烟的危害。同时倡导大家远离吸烟源，给自己营造一个舒适的环境。（来源：首都医科大学附属北京朝阳医院）,微博,海淀区八里庄健康教育,2024-01-03 10:58:36,http://weibo.com/2852708971/NA6AkiawN,未知,控烟,正面,未知
20240101256,"无烟佳节，与爱同行。#控烟##无烟家庭,共享健康# ","content: 无烟佳节，与爱同行。#控烟##无烟家庭,共享健康#",微博,宿州埇桥区委统战部,2024-01-03 10:15:49,http://weibo.com/5487385049/NA6iXChwB,未知,控烟,中性,未知
20240101262,"【隔壁老王抽了一辈子烟,都不得肺癌】 肺癌最重要的一个发病原因就是吸烟，所以控烟是非常重要的。 那确实经常有人说，我才不信你说的这些，隔壁老王抽了一辈子烟还活得好好的。那么，如果这种人一直抽烟，有多大可能会在75岁之前得肺癌，并最终死于肺癌呢？ 大约25%。也就是说，如果4个隔壁老王这样的一直抽烟，抽到75岁，就会有1个人死于肺癌。这方面科学家做了很多研究，专家认为，凡抽过烟，持续地抽，即使每天抽一点点，正常情况下，到75岁，患癌的大概就是1/6的概率。就是说你只要沾了烟，你的风险大概就是1/6。 为什么我刚才说是1/4呢？因为世界卫生组织说重度吸烟者持续吸烟的话就会到1/4，什么叫重度吸烟者，每天抽烟超过5支。在中国，但凡抽烟的人大概率都是重度吸烟者为多。 （via 首都医科大学附属北京友谊医院）","content: 【隔壁老王抽了一辈子烟,都不得肺癌】 肺癌最重要的一个发病原因就是吸烟，所以控烟是非常重要的。 那确实经常有人说，我才不信你说的这些，隔壁老王抽了一辈子烟还活得好好的。那么，如果这种人一直抽烟，有多大可能会在75岁之前得肺癌，并最终死于肺癌呢？ 大约25%。也就是说，如果4个隔壁老王这样的一直抽烟，抽到75岁，就会有1个人死于肺癌。这方面科学家做了很多研究，专家认为，凡抽过烟，持续地抽，即使每天抽一点点，正常情况下，到75岁，患癌的大概就是1/6的概率。就是说你只要沾了烟，你的风险大概就是1/6。 为什么我刚才说是1/4呢？因为世界卫生组织说重度吸烟者持续吸烟的话就会到1/4，什么叫重度吸烟者，每天抽烟超过5支。在中国，但凡抽烟的人大概率都是重度吸烟者为多。 （via 首都医科大学附属北京友谊医院）",微博,海淀区八里庄健康教育,2024-01-03 09:31:04,http://weibo.com/2852708971/NA60Nxkqf,未知,控烟,正面,未知
20240101268,【烟草中的有害物质是如何“使坏”的？】//@北京12320在聆听:【烟草中的有害物质是如何“使坏”的？】#北京12320控烟在行动# 众所周知，烟草中的有害物质很多，每一种都能对人体产生或大或小的不良刺激。在此主要介绍三种最常见的：尼古丁、一氧化碳和氧化物。 1、尼古丁进入人体之后可以激活交感神经，引起呼吸兴奋、血压升高、心肌需氧量增多，这也是为什么“吸烟能提神”的重要原因。经过全天动态监测心率可发现，吸烟者吸烟时心率加快，且尼古丁吸收入血液中的量越高，心率越快。 2、一氧化碳进入人体后能与血红蛋白紧密结合为碳氧血红蛋白，直接导致能携带氧气的血红蛋白减少，因此会阻碍氧气在血液内的释放。研究发现长期吸烟的人血红蛋白携带氧气的能力降低，机体长期处于相对缺氧的状态，刺激产生更多的红细胞，因此血液黏度增高。这些不良变化对于有心血管疾病的人无疑是雪上加霜，特别是冠脉狭窄患者很容易因此而诱发心衰和心律失常。 3、氧化物质主要是指氮氧化物和焦油中的自由基。自由基过多会导致机体组织养化-抗氧化系统失衡，引起氧化应激反应，使细胞膜发生脂质过氧化。研究发现，氧化应激在形成心血管疾病的过程中起了不可忽视的推动作用。（来源：北京医院）,content: 【烟草中的有害物质是如何“使坏”的？】//@北京12320在聆听:【烟草中的有害物质是如何“使坏”的？】#北京12320控烟在行动# 众所周知，烟草中的有害物质很多，每一种都能对人体产生或大或小的不良刺激。在此主要介绍三种最常见的：尼古丁、一氧化碳和氧化物。 1、尼古丁进入人体之后可以激活交感神经，引起呼吸兴奋、血压升高、心肌需氧量增多，这也是为什么“吸烟能提神”的重要原因。经过全天动态监测心率可发现，吸烟者吸烟时心率加快，且尼古丁吸收入血液中的量越高，心率越快。 2、一氧化碳进入人体后能与血红蛋白紧密结合为碳氧血红蛋白，直接导致能携带氧气的血红蛋白减少，因此会阻碍氧气在血液内的释放。研究发现长期吸烟的人血红蛋白携带氧气的能力降低，机体长期处于相对缺氧的状态，刺激产生更多的红细胞，因此血液黏度增高。这些不良变化对于有心血管疾病的人无疑是雪上加霜，特别是冠脉狭窄患者很容易因此而诱发心衰和心律失常。 3、氧化物质主要是指氮氧化物和焦油中的自由基。自由基过多会导致机体组织养化-抗氧化系统失衡，引起氧化应激反应，使细胞膜发生脂质过氧化。研究发现，氧化应激在形成心血管疾病的过程中起了不可忽视的推动作用。（来源：北京医院）,微博,八宝山社区卫生服务中心健教,2024-01-03 08:40:46,http://weibo.com/5131218661/NA5Gnwivn,未知,控烟,正面,未知
20240101274,//@环保小羊羊:转发微博 //@中国绿发会:爱尔兰计划全面禁烟！这一步至关重要 | 控烟观察 #环保协同控烟# 为爱捐赠，请点击：http://t.cn/A6Ne59sc 近日，中国生物多样性保护与绿色发展基金会控烟工作组（简称“绿会控烟组”）注意到，爱尔兰卫生部长斯蒂芬·唐纳利（Stephen Donnelly）于日前表示，计划在爱尔兰全国推行禁烟计划。唐纳利表示，计划首先将购买卷烟人群的法定年龄提高到21岁，这是他倡导在爱尔兰全面禁烟的第一步。他向媒体表示，他的计划“将挽救很多人的生命”。 其实早在2020年新修订并于2021年6月1日起施行的《中华人民共和国未成年人保护法》（以下简称《未成年人保护法》）就对控烟部分进行了修改。该法第17条将烟草的定义扩大到包括电子烟。第59条规定“学校、幼儿园周边不得设置烟、酒、彩票销售网点。禁止向未成年人销售烟、酒、彩票或者兑付彩票奖金。烟、酒和彩票经营者应当在显著位置设置不向未成年人销售烟、酒或者彩票的标志；对难以判明是否是未成年人的，应当要求其出示证件。任何人不得在学校、幼儿园和其他未成年人集中活动的公共场所吸烟、饮酒。” 中国是《烟草控制框架公约》缔约方，承担着控烟履约任务，也一直为加强控烟履约而努力。据统计，中国烟民数量超过3亿，7.4亿人受二手烟危害，每年因吸烟导致疾病的死亡人数超过100万。但烟草产业所带来的环境损害，更加严峻和深远。从种植生产到销售、使用，再到废弃物处理，烟草对人类生存环境健康的危害，正成为国际社会和国内有关部门关注的焦点。 中国生物多样性保护与绿色发展基金会（简称“中国绿发会”或“绿会”）控烟小组早在2018年就开始关注烟草对环境的影响，并为此做了大量工作，分别于2019年和2021年就公共场所控制吸烟提起了两起环境公益诉讼。其中包括2019年对以儿童为主题的某大型商场设置吸烟室和吸烟标示，并紧邻母婴室的违法情况提起中国首例室内公共场所控烟公益诉讼。 青少年是国家的未来和民族的希望，保护青少年的身心健康，离不开全社会的共同努力。希望大家能携手同行，为青少年营造一个健康、无烟的学习和成长环境。 文：阿西叶 审：Cherry 编：青鸯,content: //@环保小羊羊:转发微博 //@中国绿发会:爱尔兰计划全面禁烟！这一步至关重要 | 控烟观察 #环保协同控烟# 为爱捐赠，请点击：http://t.cn/A6Ne59sc 近日，中国生物多样性保护与绿色发展基金会控烟工作组（简称“绿会控烟组”）注意到，爱尔兰卫生部长斯蒂芬·唐纳利（Stephen Donnelly）于日前表示，计划在爱尔兰全国推行禁烟计划。唐纳利表示，计划首先将购买卷烟人群的法定年龄提高到21岁，这是他倡导在爱尔兰全面禁烟的第一步。他向媒体表示，他的计划“将挽救很多人的生命”。 其实早在2020年新修订并于2021年6月1日起施行的《中华人民共和国未成年人保护法》（以下简称《未成年人保护法》）就对控烟部分进行了修改。该法第17条将烟草的定义扩大到包括电子烟。第59条规定“学校、幼儿园周边不得设置烟、酒、彩票销售网点。禁止向未成年人销售烟、酒、彩票或者兑付彩票奖金。烟、酒和彩票经营者应当在显著位置设置不向未成年人销售烟、酒或者彩票的标志；对难以判明是否是未成年人的，应当要求其出示证件。任何人不得在学校、幼儿园和其他未成年人集中活动的公共场所吸烟、饮酒。” 中国是《烟草控制框架公约》缔约方，承担着控烟履约任务，也一直为加强控烟履约而努力。据统计，中国烟民数量超过3亿，7.4亿人受二手烟危害，每年因吸烟导致疾病的死亡人数超过100万。但烟草产业所带来的环境损害，更加严峻和深远。从种植生产到销售、使用，再到废弃物处理，烟草对人类生存环境健康的危害，正成为国际社会和国内有关部门关注的焦点。 中国生物多样性保护与绿色发展基金会（简称“中国绿发会”或“绿会”）控烟小组早在2018年就开始关注烟草对环境的影响，并为此做了大量工作，分别于2019年和2021年就公共场所控制吸烟提起了两起环境公益诉讼。其中包括2019年对以儿童为主题的某大型商场设置吸烟室和吸烟标示，并紧邻母婴室的违法情况提起中国首例室内公共场所控烟公益诉讼。 青少年是国家的未来和民族的希望，保护青少年的身心健康，离不开全社会的共同努力。希望大家能携手同行，为青少年营造一个健康、无烟的学习和成长环境。 文：阿西叶 审：Cherry 编：青鸯,微博,还自然以宁静,2024-01-03 08:31:55,http://weibo.com/7404948745/NA5CNaZdr,未知,控烟,正面,未知
2024010150,为减少吸烟造成的危害，保障公众健康，创造良好的工作和生活环境，提高城市文明水平，11月30日，珠海市第十届人民代表大会常务委员会第十八次会议通过《珠海经济特区公共场所控制吸烟条例》（以下简称《条例》），该《条例》自2024年1月1日起施行。 该《条例》对控烟管理模式、控烟范围、社会参与及法律责任等方面予以规范。同时，《条例》聚焦公共场所的控烟工作，划定控烟范围，强化控烟工作的社会参与和宣传引导，实行个人和场所“双罚制”，一方面明确了吸烟者违法吸烟的法律责任，另一方面，压实公共场所经营者、管理者的责任。 但是，在小编看来，《条例》仍存在一定不足，因为《条例》并没有明确规定涉及海滩等涉海场所的禁烟规定。根据生态环境部最新发布的《2022年中国海洋生态环境状况公报》，在海滩垃圾中，塑料垃圾最多，占84.5%，主要为卷烟过滤嘴、瓶盖、泡沫等。由此看出，烟蒂为主的塑料垃圾已严重破坏海滩风景及海洋生态。因此，珠海作为重要的沿海旅游城市，有必要将海滩禁烟的法律规范予以明确。 我国控烟履约工作需要开启新的视角和路径。现阶段，国家层面的控烟立法缺位，地方性控烟法律法规要科学有效的为全国控烟工作提供更多支持与助益，这也是实现全面无烟城市和无烟中国建设的关键一环。 附：《珠海经济特区公共场所控制吸烟条例》全文链接： 网页链接 文/子舒 审/Yang 编/angel,content: 为减少吸烟造成的危害，保障公众健康，创造良好的工作和生活环境，提高城市文明水平，11月30日，珠海市第十届人民代表大会常务委员会第十八次会议通过《珠海经济特区公共场所控制吸烟条例》（以下简称《条例》），该《条例》自2024年1月1日起施行。 该《条例》对控烟管理模式、控烟范围、社会参与及法律责任等方面予以规范。同时，《条例》聚焦公共场所的控烟工作，划定控烟范围，强化控烟工作的社会参与和宣传引导，实行个人和场所“双罚制”，一方面明确了吸烟者违法吸烟的法律责任，另一方面，压实公共场所经营者、管理者的责任。 但是，在小编看来，《条例》仍存在一定不足，因为《条例》并没有明确规定涉及海滩等涉海场所的禁烟规定。根据生态环境部最新发布的《2022年中国海洋生态环境状况公报》，在海滩垃圾中，塑料垃圾最多，占84.5%，主要为卷烟过滤嘴、瓶盖、泡沫等。由此看出，烟蒂为主的塑料垃圾已严重破坏海滩风景及海洋生态。因此，珠海作为重要的沿海旅游城市，有必要将海滩禁烟的法律规范予以明确。 我国控烟履约工作需要开启新的视角和路径。现阶段，国家层面的控烟立法缺位，地方性控烟法律法规要科学有效的为全国控烟工作提供更多支持与助益，这也是实现全面无烟城市和无烟中国建设的关键一环。 附：《珠海经济特区公共场所控制吸烟条例》全文链接： 网页链接 文/子舒 审/Yang 编/angel,微博,中国控制吸烟协会,2024-01-02 21:31:22,http://weibo.com/1933705701/NA1iFCMva,未知,控烟,正面,未知
2024010164,#阳光长城慢病防治# @健康房山 @首都健康 //@北京12320在聆听:【烟草中的有害物质是如何“使坏”的？】#北京12320控烟在行动# 众所周知，烟草中的有害物质很多，每一种都能对人体产生或大或小的不良刺激。在此主要介绍三种最常见的：尼古丁、一氧化碳和氧化物。 1、尼古丁进入人体之后可以激活交感神经，引起呼吸兴奋、血压升高、心肌需氧量增多，这也是为什么“吸烟能提神”的重要原因。经过全天动态监测心率可发现，吸烟者吸烟时心率加快，且尼古丁吸收入血液中的量越高，心率越快。 2、一氧化碳进入人体后能与血红蛋白紧密结合为碳氧血红蛋白，直接导致能携带氧气的血红蛋白减少，因此会阻碍氧气在血液内的释放。研究发现长期吸烟的人血红蛋白携带氧气的能力降低，机体长期处于相对缺氧的状态，刺激产生更多的红细胞，因此血液黏度增高。这些不良变化对于有心血管疾病的人无疑是雪上加霜，特别是冠脉狭窄患者很容易因此而诱发心衰和心律失常。 3、氧化物质主要是指氮氧化物和焦油中的自由基。自由基过多会导致机体组织养化-抗氧化系统失衡，引起氧化应激反应，使细胞膜发生脂质过氧化。研究发现，氧化应激在形成心血管疾病的过程中起了不可忽视的推动作用。（来源：北京医院）,content: #阳光长城慢病防治# @健康房山 @首都健康 //@北京12320在聆听:【烟草中的有害物质是如何“使坏”的？】#北京12320控烟在行动# 众所周知，烟草中的有害物质很多，每一种都能对人体产生或大或小的不良刺激。在此主要介绍三种最常见的：尼古丁、一氧化碳和氧化物。 1、尼古丁进入人体之后可以激活交感神经，引起呼吸兴奋、血压升高、心肌需氧量增多，这也是为什么“吸烟能提神”的重要原因。经过全天动态监测心率可发现，吸烟者吸烟时心率加快，且尼古丁吸收入血液中的量越高，心率越快。 2、一氧化碳进入人体后能与血红蛋白紧密结合为碳氧血红蛋白，直接导致能携带氧气的血红蛋白减少，因此会阻碍氧气在血液内的释放。研究发现长期吸烟的人血红蛋白携带氧气的能力降低，机体长期处于相对缺氧的状态，刺激产生更多的红细胞，因此血液黏度增高。这些不良变化对于有心血管疾病的人无疑是雪上加霜，特别是冠脉狭窄患者很容易因此而诱发心衰和心律失常。 3、氧化物质主要是指氮氧化物和焦油中的自由基。自由基过多会导致机体组织养化-抗氧化系统失衡，引起氧化应激反应，使细胞膜发生脂质过氧化。研究发现，氧化应激在形成心血管疾病的过程中起了不可忽视的推动作用。（来源：北京医院）,微博,房山长沟社区卫生服务中心,2024-01-02 18:58:33,http://weibo.com/3358774434/NA0iEbpqd,未知,控烟,正面,未知
2024010171,【西藏日喀则市江孜县江孜镇东郊村：无烟村的新追求】“您已进入无烟村，村内所有区域都不能吸烟，请自觉遵守。”走进西藏自治区日喀则市江孜县江孜镇东郊村，一块醒目的标志牌映入眼帘。举目四顾，村里绿草如茵、道路整洁、干净祥和。控烟禁烟是东郊村这个全国文明村镇建设的重要成果之一。全国文明城市 过去村里开会，会议室内烟雾弥漫，村民们没有节制地吸烟，既有损身体健康，也是一笔不小的经济开支。几年前，村里决定开展戒烟控烟行动，党员干部带头戒烟，并召开村民大会推广戒烟控烟行动。通过村两委和村民互相监督，只用了一年时间，全村吸烟现象就基本杜绝了。 如今，村民对文明健康生活的需求越来越强烈，引导大家民主管理村务，逐渐改善村风，又成了东郊村的努力方向。借助新时代文明实践中心，东郊村着力培育文明乡风、良好家风、淳朴民风，有力激发了乡村文化活力。#全国文明村镇创建巡礼西藏篇# 人民网西藏频道的微博视频,content: 【西藏日喀则市江孜县江孜镇东郊村：无烟村的新追求】“您已进入无烟村，村内所有区域都不能吸烟，请自觉遵守。”走进西藏自治区日喀则市江孜县江孜镇东郊村，一块醒目的标志牌映入眼帘。举目四顾，村里绿草如茵、道路整洁、干净祥和。控烟禁烟是东郊村这个全国文明村镇建设的重要成果之一。全国文明城市 过去村里开会，会议室内烟雾弥漫，村民们没有节制地吸烟，既有损身体健康，也是一笔不小的经济开支。几年前，村里决定开展戒烟控烟行动，党员干部带头戒烟，并召开村民大会推广戒烟控烟行动。通过村两委和村民互相监督，只用了一年时间，全村吸烟现象就基本杜绝了。 如今，村民对文明健康生活的需求越来越强烈，引导大家民主管理村务，逐渐改善村风，又成了东郊村的努力方向。借助新时代文明实践中心，东郊村着力培育文明乡风、良好家风、淳朴民风，有力激发了乡村文化活力。#全国文明村镇创建巡礼西藏篇# 人民网西藏频道的微博视频,微博,人民网西藏频道,2024-01-02 17:59:31,http://weibo.com/7164636185/NzZUGnWRq,未知,控烟、戒烟控烟、戒烟,正面,未知
2024010185,爱尔兰计划全面禁烟！这一步至关重要 | 控烟观察 #环保协同控烟#  为爱捐赠，请点击：网页链接  近日，中国生物多样性保护与绿色发展基金会控烟工作组（简称“绿会控烟组”）注意到，爱尔兰卫生部长斯蒂芬·唐纳利（Stephen Donnelly）于日前表示，计划在爱尔兰全国推行禁烟计划。唐纳利表示，计划首先将购买卷烟人群的法定年龄提高到21岁，这是他倡导在爱尔兰全面禁烟的第一步。他向媒体表示，他的计划“将挽救很多人的生命”。其实早在2020年新修订并于2021年6月1日起施行的《中华人民共和国未成年人保护法》（以下简称《未成年人保护法》）就对控烟部分进行了修改。该法第17条将烟草的定义扩大到包括电子烟。第59条规定“学校、幼儿园周边不得设置烟、酒、彩票销售网点。禁止向未成年人销售烟、酒、彩票或者兑付彩票奖金。烟、酒和彩票经营者应当在显著位置设置不向未成年人销售烟、酒或者彩票的标志；对难以判明是否是未成年人的，应当要求其出示证件。任何人不得在学校、幼儿园和其他未成年人集中活动的公共场所吸烟、饮酒。”中国是《烟草控制框架公约》缔约方，承担着控烟履约任务，也一直为加强控烟履约而努力。据统计，中国烟民数量超过3亿，7.4亿人受二手烟危害，每年因吸烟导致疾病的死亡人数超过100万。但烟草产业所带来的环境损害，更加严峻和深远。从种植生产到销售、使用，再到废弃物处理，烟草对人类生存环境健康的危害，正成为国际社会和国内有关部门关注的焦点。中国生物多样性保护与绿色发展基金会（简称“中国绿发会”或“绿会”）控烟小组早在2018年就开始关注烟草对环境的影响，并为此做了大量工作，分别于2019年和2021年就公共场所控制吸烟提起了两起环境公益诉讼。其中包括2019年对以儿童为主题的某大型商场设置吸烟室和吸烟标示，并紧邻母婴室的违法情况提起中国首例室内公共场所控烟公益诉讼。青少年是国家的未来和民族的希望，保护青少年的身心健康，离不开全社会的共同努力。希望大家能携手同行，为青少年营造一个健康、无烟的学习和成长环境。文：阿西叶 审：Cherry  编：青鸯,content: 爱尔兰计划全面禁烟！这一步至关重要 | 控烟观察 #环保协同控烟# 为爱捐赠，请点击：网页链接 近日，中国生物多样性保护与绿色发展基金会控烟工作组（简称“绿会控烟组”）注意到，爱尔兰卫生部长斯蒂芬·唐纳利（Stephen Donnelly）于日前表示，计划在爱尔兰全国推行禁烟计划。唐纳利表示，计划首先将购买卷烟人群的法定年龄提高到21岁，这是他倡导在爱尔兰全面禁烟的第一步。他向媒体表示，他的计划“将挽救很多人的生命”。其实早在2020年新修订并于2021年6月1日起施行的《中华人民共和国未成年人保护法》（以下简称《未成年人保护法》）就对控烟部分进行了修改。该法第17条将烟草的定义扩大到包括电子烟。第59条规定“学校、幼儿园周边不得设置烟、酒、彩票销售网点。禁止向未成年人销售烟、酒、彩票或者兑付彩票奖金。烟、酒和彩票经营者应当在显著位置设置不向未成年人销售烟、酒或者彩票的标志；对难以判明是否是未成年人的，应当要求其出示证件。任何人不得在学校、幼儿园和其他未成年人集中活动的公共场所吸烟、饮酒。”中国是《烟草控制框架公约》缔约方，承担着控烟履约任务，也一直为加强控烟履约而努力。据统计，中国烟民数量超过3亿，7.4亿人受二手烟危害，每年因吸烟导致疾病的死亡人数超过100万。但烟草产业所带来的环境损害，更加严峻和深远。从种植生产到销售、使用，再到废弃物处理，烟草对人类生存环境健康的危害，正成为国际社会和国内有关部门关注的焦点。中国生物多样性保护与绿色发展基金会（简称“中国绿发会”或“绿会”）控烟小组早在2018年就开始关注烟草对环境的影响，并为此做了大量工作，分别于2019年和2021年就公共场所控制吸烟提起了两起环境公益诉讼。其中包括2019年对以儿童为主题的某大型商场设置吸烟室和吸烟标示，并紧邻母婴室的违法情况提起中国首例室内公共场所控烟公益诉讼。青少年是国家的未来和民族的希望，保护青少年的身心健康，离不开全社会的共同努力。希望大家能携手同行，为青少年营造一个健康、无烟的学习和成长环境。文：阿西叶 审：Cherry 编：青鸯,微博,中国绿发会,2024-01-02 17:11:18,http://weibo.com/5327744144/NzZB77Loy,未知,控烟,正面,未知
2024010199,【#健康贺兰# 马家寨社区：人人参与控烟 共享健康生活】为进一步加强控烟宣传，普及健康知识，传播健康理念，引导辖区居民形成科学、健康、绿色、文明的生活方式，近日，贺兰县富兴街街道马家寨社区开展“创建无烟环境 共享健康生活”科普知识讲座。 “烟草依赖的原因有社会因素、心理因素和生物学因素……”活动中，工作人员利用PPT，图文并茂地从吸烟为什么会成瘾、戒烟的益处、戒烟的方法、劝阻吸烟的技巧四个方面进行详细讲解，让居民们充分认识到吸烟、二手烟的危害和控烟的意义。居民们纷纷表示自己将会主动承担起劝阻吸烟的责任和义务，为营造良好的无烟环境作出自己的贡献。“原来吸烟的危害这么大，为了我和家人的健康，我一定要努力戒烟，相信通过社区工作人员的帮助，我一定会戒烟成功的。”居民吴建军对自己戒烟的道路充满信心。 自社区全面推行戒烟综合干预工作以来，充分发挥网格员作用、党员志愿者带头、卫生服务站干预的“铁三角”模式，已陆续帮助辖区30名吸烟居民成功戒烟，协助戒烟同时丰富了吸烟居民生活，也带动居民“做健康的第一责任人”，从自己做起，从身边人做起，有3位成功戒烟居民成为社区控烟“演说家”，为周围的烟民们树立榜样并分享戒烟后的健康生活。 “吸烟会给自身和家人的健康带来不可逆的损伤，控烟看起来是一件小事，但这却关系到千家万户的健康。社区希望能通过戒烟‘小切口’撬动全民‘大健康’。”马家寨社区党委书记韩静表示，下一步，社区将继续开展形式多样的控烟宣传活动，为辖区居民打造良好的无烟环境，为居民健康生活奠定坚实的基础。,content: 【#健康贺兰# 马家寨社区：人人参与控烟 共享健康生活】为进一步加强控烟宣传，普及健康知识，传播健康理念，引导辖区居民形成科学、健康、绿色、文明的生活方式，近日，贺兰县富兴街街道马家寨社区开展“创建无烟环境 共享健康生活”科普知识讲座。 “烟草依赖的原因有社会因素、心理因素和生物学因素……”活动中，工作人员利用PPT，图文并茂地从吸烟为什么会成瘾、戒烟的益处、戒烟的方法、劝阻吸烟的技巧四个方面进行详细讲解，让居民们充分认识到吸烟、二手烟的危害和控烟的意义。居民们纷纷表示自己将会主动承担起劝阻吸烟的责任和义务，为营造良好的无烟环境作出自己的贡献。“原来吸烟的危害这么大，为了我和家人的健康，我一定要努力戒烟，相信通过社区工作人员的帮助，我一定会戒烟成功的。”居民吴建军对自己戒烟的道路充满信心。 自社区全面推行戒烟综合干预工作以来，充分发挥网格员作用、党员志愿者带头、卫生服务站干预的“铁三角”模式，已陆续帮助辖区30名吸烟居民成功戒烟，协助戒烟同时丰富了吸烟居民生活，也带动居民“做健康的第一责任人”，从自己做起，从身边人做起，有3位成功戒烟居民成为社区控烟“演说家”，为周围的烟民们树立榜样并分享戒烟后的健康生活。 “吸烟会给自身和家人的健康带来不可逆的损伤，控烟看起来是一件小事，但这却关系到千家万户的健康。社区希望能通过戒烟‘小切口’撬动全民‘大健康’。”马家寨社区党委书记韩静表示，下一步，社区将继续开展形式多样的控烟宣传活动，为辖区居民打造良好的无烟环境，为居民健康生活奠定坚实的基础。,微博,贺兰融媒体中心,2024-01-02 15:59:00,http://weibo.com/7457182422/NzZ7Lvou4,未知,控烟、戒烟,正面,未知
20240101113,转发微博//@长江新区发布:【#长江新区科普时间# | 禁烟控烟知识宣传】烟草危害是当今世界最严重的公共卫生问题之一，关注烟草对健康的危害，努力创造无烟环境，控烟行动从你我开始↓↓↓,content: 转发微博//@长江新区发布:【#长江新区科普时间# | 禁烟控烟知识宣传】烟草危害是当今世界最严重的公共卫生问题之一，关注烟草对健康的危害，努力创造无烟环境，控烟行动从你我开始↓↓↓,微博,北京通州永顺健康教育,2024-01-02 14:47:10,http://weibo.com/5095613086/NzYECdkrf,未知,控烟,正面,未知
20240101119,"转发微博//@北京怀柔怀北健康教育:控烟宣传小知识—吸烟危害大 我们都知道，烟草可导致、加重多种疾病，甚至因此死亡，烟草危害是当今世界最严重的公共卫生问题之一，世界卫生组织已将烟草流行列入重点控制领域。吸烟被世界卫生组织（WHO）称为人类“第五种威胁”（前四种是战争、饥荒、瘟疫、污染）。吸烟对健康有百弊而无一利，而且与多种疾病的发生密切相关。 [吸烟的危害] 1.呼吸系统的影响 吸烟损害肺部结构、肺功能和呼吸道免疫系统功能，引起多种呼吸系统疾病。有充分证据说明，吸烟可以导致慢性阻塞性肺疾病、呼吸系统感染、肺结核、多种间质性肺疾病，吸烟量越大，吸烟年限越长，疾病的发病风险越高。 2.心血管疾病 吸烟会损伤血管内皮功能，导致动脉粥样硬化改变，使血管腔变窄，动脉血流受阻，引发多种心脑血管疾病。 3.恶性肿瘤 烟草烟雾中含有至少69种致癌物，吸烟是肺癌的重要致病因素之一，吸烟还是口腔癌、咽喉癌、食道癌等疾病的诱发因素。 4.消化系统影响 吸烟可引起胃酸分泌增加，并能抑制胰腺分泌碳酸氢钠，致使十二指肠酸负荷增加，诱发溃疡。烟草中烟碱可使幽门括约肌张力降低，使胆汁易于返流，从而削弱胃、十二指肠粘膜的防御因子，促使慢性炎症及溃疡发生，并使原有溃疡延迟愈合。此外，吸烟可降低食管下括约肌的张力，易造成返流性食管炎。 5.生殖系统影响 吸烟女性可引起月经紊乱、受孕困难、宫外孕、雌激素低下，骨质疏松以及更年期提前。妊娠期吸烟可増加胎儿出生前后的死亡率和先天性心脏病的发生率。男性吸烟还可造成睾丸功能的损伤、男子性功能减退和性功能障碍,导致男性不育症。 6.糖尿病 吸烟使拮抗胰岛素的激素分泌增加，影响细胞胰岛素信号转导蛋白的合成，抑制胰岛素的生成；长期吸烟还可引起脂肪组织的再分布，上述因素均可增加胰岛素抵抗，导致2型糖尿病。 7.神经系统影响 长期吸烟损害人的神经系统，导致大脑结构的改变。而且实验证明，吸烟还可以影响人的智力、记忆力，从而降低工作和学习效率。 8.骨骼的影响 吸烟还可引起骨骼脱钙、变形、变脆，容易发生骨折。 [戒烟的益处] 1.味觉改善。戒烟后舌头上的感觉神经恢复了原有的敏感性，能充分品尝到各种食物的风味。 2.口腔异味消除。经常吸烟的人口腔中常会散发烟臭。戒烟后口腔异味便可减轻或消除。 3.牙齿变白。焦黄发黑的牙齿，曾被人们看作是吸烟者象征，停止吸烟后牙齿的烟垢会逐渐退净。同时由于口腔卫生的改善，各种口腔疾病明显减少。 4.咳嗽减轻或停止。烟雾刺激呼吸道，妨碍纤毛的自洁功能，因而吸烟者大多咳嗽、痰多。戒烟后纤毛恢复了正常功能，痰液减少，咳嗽也随之减轻或停止。 5.血压降低。戒烟后由于全身血液循环得到改善，血压可降低，有利于减少动脉硬化、冠心病等心血管病症发病的危险性。 6.睡眠改善。戒烟后尼古丁的作用慢慢消除，人变得易于入睡，而睡得很熟，疲劳容易得到很好的消除，精力充沛。","content: 转发微博//@北京怀柔怀北健康教育:控烟宣传小知识—吸烟危害大 我们都知道，烟草可导致、加重多种疾病，甚至因此死亡，烟草危害是当今世界最严重的公共卫生问题之一，世界卫生组织已将烟草流行列入重点控制领域。吸烟被世界卫生组织（WHO）称为人类“第五种威胁”（前四种是战争、饥荒、瘟疫、污染）。吸烟对健康有百弊而无一利，而且与多种疾病的发生密切相关。 [吸烟的危害] 1.呼吸系统的影响 吸烟损害肺部结构、肺功能和呼吸道免疫系统功能，引起多种呼吸系统疾病。有充分证据说明，吸烟可以导致慢性阻塞性肺疾病、呼吸系统感染、肺结核、多种间质性肺疾病，吸烟量越大，吸烟年限越长，疾病的发病风险越高。 2.心血管疾病 吸烟会损伤血管内皮功能，导致动脉粥样硬化改变，使血管腔变窄，动脉血流受阻，引发多种心脑血管疾病。 3.恶性肿瘤 烟草烟雾中含有至少69种致癌物，吸烟是肺癌的重要致病因素之一，吸烟还是口腔癌、咽喉癌、食道癌等疾病的诱发因素。 4.消化系统影响 吸烟可引起胃酸分泌增加，并能抑制胰腺分泌碳酸氢钠，致使十二指肠酸负荷增加，诱发溃疡。烟草中烟碱可使幽门括约肌张力降低，使胆汁易于返流，从而削弱胃、十二指肠粘膜的防御因子，促使慢性炎症及溃疡发生，并使原有溃疡延迟愈合。此外，吸烟可降低食管下括约肌的张力，易造成返流性食管炎。 5.生殖系统影响 吸烟女性可引起月经紊乱、受孕困难、宫外孕、雌激素低下，骨质疏松以及更年期提前。妊娠期吸烟可増加胎儿出生前后的死亡率和先天性心脏病的发生率。男性吸烟还可造成睾丸功能的损伤、男子性功能减退和性功能障碍,导致男性不育症。 6.糖尿病 吸烟使拮抗胰岛素的激素分泌增加，影响细胞胰岛素信号转导蛋白的合成，抑制胰岛素的生成；长期吸烟还可引起脂肪组织的再分布，上述因素均可增加胰岛素抵抗，导致2型糖尿病。 7.神经系统影响 长期吸烟损害人的神经系统，导致大脑结构的改变。而且实验证明，吸烟还可以影响人的智力、记忆力，从而降低工作和学习效率。 8.骨骼的影响 吸烟还可引起骨骼脱钙、变形、变脆，容易发生骨折。 [戒烟的益处] 1.味觉改善。戒烟后舌头上的感觉神经恢复了原有的敏感性，能充分品尝到各种食物的风味。 2.口腔异味消除。经常吸烟的人口腔中常会散发烟臭。戒烟后口腔异味便可减轻或消除。 3.牙齿变白。焦黄发黑的牙齿，曾被人们看作是吸烟者象征，停止吸烟后牙齿的烟垢会逐渐退净。同时由于口腔卫生的改善，各种口腔疾病明显减少。 4.咳嗽减轻或停止。烟雾刺激呼吸道，妨碍纤毛的自洁功能，因而吸烟者大多咳嗽、痰多。戒烟后纤毛恢复了正常功能，痰液减少，咳嗽也随之减轻或停止。 5.血压降低。戒烟后由于全身血液循环得到改善，血压可降低，有利于减少动脉硬化、冠心病等心血管病症发病的危险性。 6.睡眠改善。戒烟后尼古丁的作用慢慢消除，人变得易于入睡，而睡得很熟，疲劳容易得到很好的消除，精力充沛。",微博,北京通州永顺健康教育,2024-01-02 14:46:28,http://weibo.com/5095613086/NzYEk5fwa,未知,控烟、戒烟,正面,未知
20240101125,转发微博//@北京12320在聆听:【什么是“三手烟”？】#北京12320控烟在行动# “三手烟”是指吸烟者“吞云吐雾”后残留在衣物、墙壁、地毯、窗帘、皮革、家具，甚至头发和皮肤等表面的烟草烟残留物，是目前危害最为广泛的室内空气污染。残留物中含有尼古丁、致癌物、重金属、放射性物质等有害物质。所谓的“烟味”就是由这些烟草残留物散发出来的。 虽然三手烟没有二手烟那么强烈刺鼻，但它同样会影响身体健康。吸烟者留下的烟草残留物往往会与空气中其他常见的污染物继续发生反应，逐步形成多种高度致癌物。 （来源：中国医科大学航空总医院）,content: 转发微博//@北京12320在聆听:【什么是“三手烟”？】#北京12320控烟在行动# “三手烟”是指吸烟者“吞云吐雾”后残留在衣物、墙壁、地毯、窗帘、皮革、家具，甚至头发和皮肤等表面的烟草烟残留物，是目前危害最为广泛的室内空气污染。残留物中含有尼古丁、致癌物、重金属、放射性物质等有害物质。所谓的“烟味”就是由这些烟草残留物散发出来的。 虽然三手烟没有二手烟那么强烈刺鼻，但它同样会影响身体健康。吸烟者留下的烟草残留物往往会与空气中其他常见的污染物继续发生反应，逐步形成多种高度致癌物。 （来源：中国医科大学航空总医院）,微博,北京通州永顺健康教育,2024-01-02 14:45:56,http://weibo.com/5095613086/NzYE6z0k8,未知,控烟,正面,未知
20240101131,【冬云家园社区开展禁烟绘画宣传活动】#西青资讯# 日前，冬云家园社区开展禁烟绘画宣传活动。活动中，社区工作人员为居民发放禁烟宣传册，讲解吸烟的危害、戒烟的方法、二手烟影响等知识，呼吁居民不在公共场所吸烟，不随地乱扔烟头，践行健康、文明的生活方式，共同创建无烟环境。工作人员还组织居民开展禁烟主题绘画活动，居民挥动手中的画笔，把自己对烟草危害的认识和禁烟控烟的决心融入画作，创作出一幅幅主题鲜明、内容简洁生动的禁烟宣传画。,content: 【冬云家园社区开展禁烟绘画宣传活动】#西青资讯# 日前，冬云家园社区开展禁烟绘画宣传活动。活动中，社区工作人员为居民发放禁烟宣传册，讲解吸烟的危害、戒烟的方法、二手烟影响等知识，呼吁居民不在公共场所吸烟，不随地乱扔烟头，践行健康、文明的生活方式，共同创建无烟环境。工作人员还组织居民开展禁烟主题绘画活动，居民挥动手中的画笔，把自己对烟草危害的认识和禁烟控烟的决心融入画作，创作出一幅幅主题鲜明、内容简洁生动的禁烟宣传画。,微博,天津西青,2024-01-02 12:30:00,http://weibo.com/3888882491/NzXKVyMqs,未知,戒烟、控烟,正面,未知
20240101137,2023年12月21日，“无烟更有爱 健康向未来”2023年度健康中国行动控烟行动暨中国烟草控制大众传播活动总结会在京召开。 2023年度健康中国行动控烟行动暨中国烟草控制大众传播活动总结会在京召开,content: 2023年12月21日，“无烟更有爱 健康向未来”2023年度健康中国行动控烟行动暨中国烟草控制大众传播活动总结会在京召开。 2023年度健康中国行动控烟行动暨中国烟草控制大众传播活动总结会在京召开,微博,福贡融媒体,2024-01-02 09:54:09,http://weibo.com/6419777191/NzWJFEKa4,未知,控烟,中性,未知
20240101143,转发微博//@中国控制吸烟协会:烟草危害是当今世界严重的公共卫生问题之一，全球每年因吸烟导致的死亡人数高达600万，超过因艾滋病、结核病、疟疾导致的死亡人数之和。作为世界上最大的烟草生产国和消费国，我国因烟草而受害的人数众多。据统计，我国吸烟人数超过3亿，约有7.4亿不吸烟者正在遭受二手烟暴露的危害，每年因吸烟导致的死亡人数逾100万。 近些年，随着政府及公众对控烟问题的重视，烟草危害相关知识的传播得到了很大程度的加强。公众对烟草危害的认识不断提高，但是对吸烟导致的具体疾病以及二手烟的严重危害等知识仍不甚了解。我国民众对二手烟及危害知晓率偏低，且存在一些误区，如在窗户附近吸烟可以消除二手烟、在关着门的房间里吸烟可以防止二手烟蔓延、使用空调或开窗通风可以消除二手烟、在阳台吸烟可以防止二手烟等。 研究表明，在敞开的窗户附近吸烟或从窗户向外倾斜吸烟，都无法保护家人，还有可能让邻居暴露在二手烟中。即便是特定的吸烟室，也不能有效阻止二手烟蔓延到室外。空调、开窗通风等方法不仅无法消除二手烟，反而可能让其充满整个房屋。 胎儿、婴儿和儿童无法选择他们所处的环境，最容易受到二手烟的影响。严重哮喘、呼吸道感染、耳部感染和婴儿猝死综合征在暴露的儿童中更为常见。幼儿因呼吸比成人更快，且肺部和身体仍在发育中，父母和其他家庭成员吸烟会导致孩子出现呼吸道症状并减缓肺部生长。 越来越多证据表明，儿童时期接触二手烟，不仅在儿童时期有害，且在成年后会继续对其健康产生负面影响，包括冠心病、骨质疏松症等。此外，妊娠期间接触二手烟，会导致死胎风险增加23%，先天畸形风险增加13%。有证据表明，每当无烟法律实施后，二手烟暴露水平几乎立即下降，呼吸系统健康状况显著改善。 二手烟每年导致130万非吸烟者死亡。在成人中，二手烟暴露与中风、冠心病、癌症、慢性阻塞性肺病、呼吸道感染等疾病有关。在认识到二手烟对他人的健康危害后，不少烟民改变了自己的吸烟习惯。然而，研究人员最近公布的研究结果表明，即使是烟民在吸烟时远离了被动吸烟者，吸烟排放的有害物仍会影响其他人的健康。因此，对于吸烟者而言，戒掉手中的香烟是最佳的选择。 （本报记者 朱亚芳 整理） 来源：安阳日报,content: 转发微博//@中国控制吸烟协会:烟草危害是当今世界严重的公共卫生问题之一，全球每年因吸烟导致的死亡人数高达600万，超过因艾滋病、结核病、疟疾导致的死亡人数之和。作为世界上最大的烟草生产国和消费国，我国因烟草而受害的人数众多。据统计，我国吸烟人数超过3亿，约有7.4亿不吸烟者正在遭受二手烟暴露的危害，每年因吸烟导致的死亡人数逾100万。 近些年，随着政府及公众对控烟问题的重视，烟草危害相关知识的传播得到了很大程度的加强。公众对烟草危害的认识不断提高，但是对吸烟导致的具体疾病以及二手烟的严重危害等知识仍不甚了解。我国民众对二手烟及危害知晓率偏低，且存在一些误区，如在窗户附近吸烟可以消除二手烟、在关着门的房间里吸烟可以防止二手烟蔓延、使用空调或开窗通风可以消除二手烟、在阳台吸烟可以防止二手烟等。 研究表明，在敞开的窗户附近吸烟或从窗户向外倾斜吸烟，都无法保护家人，还有可能让邻居暴露在二手烟中。即便是特定的吸烟室，也不能有效阻止二手烟蔓延到室外。空调、开窗通风等方法不仅无法消除二手烟，反而可能让其充满整个房屋。 胎儿、婴儿和儿童无法选择他们所处的环境，最容易受到二手烟的影响。严重哮喘、呼吸道感染、耳部感染和婴儿猝死综合征在暴露的儿童中更为常见。幼儿因呼吸比成人更快，且肺部和身体仍在发育中，父母和其他家庭成员吸烟会导致孩子出现呼吸道症状并减缓肺部生长。 越来越多证据表明，儿童时期接触二手烟，不仅在儿童时期有害，且在成年后会继续对其健康产生负面影响，包括冠心病、骨质疏松症等。此外，妊娠期间接触二手烟，会导致死胎风险增加23%，先天畸形风险增加13%。有证据表明，每当无烟法律实施后，二手烟暴露水平几乎立即下降，呼吸系统健康状况显著改善。 二手烟每年导致130万非吸烟者死亡。在成人中，二手烟暴露与中风、冠心病、癌症、慢性阻塞性肺病、呼吸道感染等疾病有关。在认识到二手烟对他人的健康危害后，不少烟民改变了自己的吸烟习惯。然而，研究人员最近公布的研究结果表明，即使是烟民在吸烟时远离了被动吸烟者，吸烟排放的有害物仍会影响其他人的健康。因此，对于吸烟者而言，戒掉手中的香烟是最佳的选择。 （本报记者 朱亚芳 整理） 来源：安阳日报,微博,健康邯郸官微,2024-01-02 09:11:19,http://weibo.com/6242942771/NzWshxwAK,未知,控烟,正面,未知
20240101148,转发微博//@中国控制吸烟协会:#531世界无烟日# 2023年5月31日是第36个世界无烟日。 中国活动的主题是“无烟 为成长护航！” 无烟，为成长护航！ 无烟，为健康护航！ 感谢@胡大一 @中国控烟协会许桂华 @支修益大夫 @蔡卓音Joyin @张雪菡ZXH @杨迪 @陈昊蓝 @黄翎翰 @郭笑天Tian @李墨之之之 @沈羽洁er @杨舒亦YIYI 感谢各位老师支持健康公益科普活动。 http://t.cn/A6pUjZik,content: 转发微博//@中国控制吸烟协会:#531世界无烟日# 2023年5月31日是第36个世界无烟日。 中国活动的主题是“无烟 为成长护航！” 无烟，为成长护航！ 无烟，为健康护航！ 感谢@胡大一 @中国控烟协会许桂华 @支修益大夫 @蔡卓音Joyin @张雪菡ZXH @杨迪 @陈昊蓝 @黄翎翰 @郭笑天Tian @李墨之之之 @沈羽洁er @杨舒亦YIYI 感谢各位老师支持健康公益科普活动。 http://t.cn/A6pUjZik,微博,健康邯郸官微,2024-01-02 09:11:08,http://weibo.com/6242942771/NzWsddhbH,未知,控烟,正面,未知
20240101154,转发|创文创卫小贴士——关于控烟的这30件事，你不能不知道 关于控烟的这30件事，你不能不知道 烟草危害是当今世界最严重的公共卫生问题之一，全球每年因吸烟导致的死亡人数高达600万，超过因艾滋病、结核、疟疾导致的死亡人数之和。作为世界上最大的烟草生产国和消费国，我国因烟草而受害的人数众多，情况尤为严重。据统计，我国吸烟人数超过3亿，约有7.4亿不吸烟者正在遭受二手烟暴露的危害，每年因吸烟死亡的人数逾100万。 近些年，随着我国政府及公众对控烟问题的重视，烟草危害相关知识的传播得到了很大程度的加强，公众对于烟草危害的认识不断提高，但是对于吸烟导致的具体疾病以及二手烟的严重危害等知识仍不甚了解。 30条控烟健康教育核心信息 警示我国吸烟及二手烟受害者 一、中国吸烟人数超过3亿，约有7.4亿不吸烟者遭受二手烟暴露的危害。 二、中国每年因吸烟死亡的人数逾100万，超过结核病、艾滋病和疟疾导致的死亡人数之和。 三、现在吸烟者中将来会有一半因吸烟而提早死亡，吸烟者的平均寿命比不吸烟者缩短至少10年。 四、烟草烟雾至少含有69种致癌物。 五、烟草制品中的尼古丁可导致烟草依赖，烟草依赖是一种慢性成瘾性疾病。 六、吸烟及二手烟暴露均严重危害健康，即使吸入少量烟草烟雾也会对人体造成危害。 七、二手烟暴露没有安全水平，室内完全禁止吸烟是避免危害的唯一有效方法。 八、在室内设置吸烟区（室）、安装通风换气设施等均不能避免二手烟暴露的危害。 九、不存在无害的烟草制品，只要吸烟即有害健康。 十、“低焦油卷烟”“中草药卷烟”不能降低吸烟带来的危害，反而容易诱导吸烟，影响吸烟者戒烟。 十一、吸烟可以导致多种恶性肿瘤，包括肺癌、口腔癌、鼻咽部恶性肿瘤、喉癌、食管癌、胃癌、肝癌、胰腺癌、肾癌、膀胱癌、宫颈癌、结肠直肠癌、乳腺癌和急性白血病等。 十二、吸烟可以导致慢性阻塞性肺疾病（慢阻肺）、青少年哮喘，增加呼吸道感染的发病风险。 十三、吸烟可以增加肺结核患病和死亡的风险。 十四、吸烟可以导致冠心病、脑卒中和外周动脉疾病。 十五、男性吸烟可以导致勃起功能障碍。 十六、女性吸烟可以导致受孕几率降低、流产、死胎、早产、婴儿低出生体重，增加婴儿猝死综合征的发生风险。 十七、吸烟可以导致2型糖尿病，增加其并发症的发生风险。 十八、吸烟可以导致牙周炎、白内障、手术后伤口愈合不良、皮肤老化、老年痴呆、绝经后女性骨密度降低和消化道溃疡。 十九、二手烟暴露可以导致肺癌、冠心病、脑卒中、乳腺癌、鼻窦癌。 二十、二手烟暴露可以导致成年人急慢性呼吸道症状、肺功能下降、支气管哮喘和慢性阻塞性肺疾病。 二十一、孕妇暴露于二手烟可以导致婴儿出生体重降低、婴儿猝死综合征、早产、新生儿神经管畸形和唇腭裂。 二十二、二手烟暴露可导致儿童支气管哮喘、肺功能下降和中耳炎。 二十三、戒烟是降低吸烟危害的唯一方法，戒烟越早越好，任何年龄戒烟均可获益。 二十四、戒烟可以显著降低吸烟者肺癌、冠心病、慢阻肺等多种疾病的发病和死亡风险，延缓上述疾病的进展，并改善预后。 二十五、吸烟的女性在妊娠前或妊娠早期戒烟，可以降低早产、胎儿生长受限、新生儿低出生体重等多种问题的发生风险。 二十六、吸烟者在戒烟过程中可能出现不适症状，必要时可依靠专业化的戒烟治疗。 二十七、吸烟者应当尊重他人的健康权益，不在室内工作场所、室内公共场所、公共交通工具内和其他禁止吸烟的场所吸烟。 二十八、吸烟者应当积极戒烟，吸烟者本人的戒烟意愿是成功戒烟的基础。 二十九、戒烟门诊可向吸烟者提供专业戒烟治疗。 三十、全国戒烟热线电话为400 888 5531，公共卫生服务热线电话为12320。 来源：安阳融媒 @安阳市教育局,content: 转发|创文创卫小贴士——关于控烟的这30件事，你不能不知道 关于控烟的这30件事，你不能不知道 烟草危害是当今世界最严重的公共卫生问题之一，全球每年因吸烟导致的死亡人数高达600万，超过因艾滋病、结核、疟疾导致的死亡人数之和。作为世界上最大的烟草生产国和消费国，我国因烟草而受害的人数众多，情况尤为严重。据统计，我国吸烟人数超过3亿，约有7.4亿不吸烟者正在遭受二手烟暴露的危害，每年因吸烟死亡的人数逾100万。 近些年，随着我国政府及公众对控烟问题的重视，烟草危害相关知识的传播得到了很大程度的加强，公众对于烟草危害的认识不断提高，但是对于吸烟导致的具体疾病以及二手烟的严重危害等知识仍不甚了解。 30条控烟健康教育核心信息 警示我国吸烟及二手烟受害者 一、中国吸烟人数超过3亿，约有7.4亿不吸烟者遭受二手烟暴露的危害。 二、中国每年因吸烟死亡的人数逾100万，超过结核病、艾滋病和疟疾导致的死亡人数之和。 三、现在吸烟者中将来会有一半因吸烟而提早死亡，吸烟者的平均寿命比不吸烟者缩短至少10年。 四、烟草烟雾至少含有69种致癌物。 五、烟草制品中的尼古丁可导致烟草依赖，烟草依赖是一种慢性成瘾性疾病。 六、吸烟及二手烟暴露均严重危害健康，即使吸入少量烟草烟雾也会对人体造成危害。 七、二手烟暴露没有安全水平，室内完全禁止吸烟是避免危害的唯一有效方法。 八、在室内设置吸烟区（室）、安装通风换气设施等均不能避免二手烟暴露的危害。 九、不存在无害的烟草制品，只要吸烟即有害健康。 十、“低焦油卷烟”“中草药卷烟”不能降低吸烟带来的危害，反而容易诱导吸烟，影响吸烟者戒烟。 十一、吸烟可以导致多种恶性肿瘤，包括肺癌、口腔癌、鼻咽部恶性肿瘤、喉癌、食管癌、胃癌、肝癌、胰腺癌、肾癌、膀胱癌、宫颈癌、结肠直肠癌、乳腺癌和急性白血病等。 十二、吸烟可以导致慢性阻塞性肺疾病（慢阻肺）、青少年哮喘，增加呼吸道感染的发病风险。 十三、吸烟可以增加肺结核患病和死亡的风险。 十四、吸烟可以导致冠心病、脑卒中和外周动脉疾病。 十五、男性吸烟可以导致勃起功能障碍。 十六、女性吸烟可以导致受孕几率降低、流产、死胎、早产、婴儿低出生体重，增加婴儿猝死综合征的发生风险。 十七、吸烟可以导致2型糖尿病，增加其并发症的发生风险。 十八、吸烟可以导致牙周炎、白内障、手术后伤口愈合不良、皮肤老化、老年痴呆、绝经后女性骨密度降低和消化道溃疡。 十九、二手烟暴露可以导致肺癌、冠心病、脑卒中、乳腺癌、鼻窦癌。 二十、二手烟暴露可以导致成年人急慢性呼吸道症状、肺功能下降、支气管哮喘和慢性阻塞性肺疾病。 二十一、孕妇暴露于二手烟可以导致婴儿出生体重降低、婴儿猝死综合征、早产、新生儿神经管畸形和唇腭裂。 二十二、二手烟暴露可导致儿童支气管哮喘、肺功能下降和中耳炎。 二十三、戒烟是降低吸烟危害的唯一方法，戒烟越早越好，任何年龄戒烟均可获益。 二十四、戒烟可以显著降低吸烟者肺癌、冠心病、慢阻肺等多种疾病的发病和死亡风险，延缓上述疾病的进展，并改善预后。 二十五、吸烟的女性在妊娠前或妊娠早期戒烟，可以降低早产、胎儿生长受限、新生儿低出生体重等多种问题的发生风险。 二十六、吸烟者在戒烟过程中可能出现不适症状，必要时可依靠专业化的戒烟治疗。 二十七、吸烟者应当尊重他人的健康权益，不在室内工作场所、室内公共场所、公共交通工具内和其他禁止吸烟的场所吸烟。 二十八、吸烟者应当积极戒烟，吸烟者本人的戒烟意愿是成功戒烟的基础。 二十九、戒烟门诊可向吸烟者提供专业戒烟治疗。 三十、全国戒烟热线电话为400 888 5531，公共卫生服务热线电话为12320。 来源：安阳融媒 @安阳市教育局,微博,安阳市第三十七中学,2024-01-02 08:28:05,http://weibo.com/5098514342/NzWaKhR5Q,未知,控烟、戒烟,正面,未知
20240101159,转发微博//@北京12320在聆听:【烟草中的有害物质是如何“使坏”的？】#北京12320控烟在行动# 众所周知，烟草中的有害物质很多，每一种都能对人体产生或大或小的不良刺激。在此主要介绍三种最常见的：尼古丁、一氧化碳和氧化物。 1、尼古丁进入人体之后可以激活交感神经，引起呼吸兴奋、血压升高、心肌需氧量增多，这也是为什么“吸烟能提神”的重要原因。经过全天动态监测心率可发现，吸烟者吸烟时心率加快，且尼古丁吸收入血液中的量越高，心率越快。 2、一氧化碳进入人体后能与血红蛋白紧密结合为碳氧血红蛋白，直接导致能携带氧气的血红蛋白减少，因此会阻碍氧气在血液内的释放。研究发现长期吸烟的人血红蛋白携带氧气的能力降低，机体长期处于相对缺氧的状态，刺激产生更多的红细胞，因此血液黏度增高。这些不良变化对于有心血管疾病的人无疑是雪上加霜，特别是冠脉狭窄患者很容易因此而诱发心衰和心律失常。 3、氧化物质主要是指氮氧化物和焦油中的自由基。自由基过多会导致机体组织养化-抗氧化系统失衡，引起氧化应激反应，使细胞膜发生脂质过氧化。研究发现，氧化应激在形成心血管疾病的过程中起了不可忽视的推动作用。（来源：北京医院）,content: 转发微博//@北京12320在聆听:【烟草中的有害物质是如何“使坏”的？】#北京12320控烟在行动# 众所周知，烟草中的有害物质很多，每一种都能对人体产生或大或小的不良刺激。在此主要介绍三种最常见的：尼古丁、一氧化碳和氧化物。 1、尼古丁进入人体之后可以激活交感神经，引起呼吸兴奋、血压升高、心肌需氧量增多，这也是为什么“吸烟能提神”的重要原因。经过全天动态监测心率可发现，吸烟者吸烟时心率加快，且尼古丁吸收入血液中的量越高，心率越快。 2、一氧化碳进入人体后能与血红蛋白紧密结合为碳氧血红蛋白，直接导致能携带氧气的血红蛋白减少，因此会阻碍氧气在血液内的释放。研究发现长期吸烟的人血红蛋白携带氧气的能力降低，机体长期处于相对缺氧的状态，刺激产生更多的红细胞，因此血液黏度增高。这些不良变化对于有心血管疾病的人无疑是雪上加霜，特别是冠脉狭窄患者很容易因此而诱发心衰和心律失常。 3、氧化物质主要是指氮氧化物和焦油中的自由基。自由基过多会导致机体组织养化-抗氧化系统失衡，引起氧化应激反应，使细胞膜发生脂质过氧化。研究发现，氧化应激在形成心血管疾病的过程中起了不可忽视的推动作用。（来源：北京医院）,微博,北京市通州区中西医结合医院,2024-01-02 08:27:06,http://weibo.com/2723848363/NzWal8HTT,未知,控烟,正面,未知
20240101164,#冬季控烟##戒烟不再难# 做好控烟工作是展现城市健康文明形态的重要标志，是维护公众健康权益和公共安全环境的必然要求。北京天坛医院开展#戒烟不再难# 宣传活动，让有戒烟意愿的人民群众科学戒烟。@北京12320在聆听 @北京健康教育 @北京丰台健康教育 @北京市疾病预防控制中心 @我是天坛人 @首都健康 @中国健康教育官方微博 北京·北京天坛医院,content: #冬季控烟##戒烟不再难# 做好控烟工作是展现城市健康文明形态的重要标志，是维护公众健康权益和公共安全环境的必然要求。北京天坛医院开展#戒烟不再难# 宣传活动，让有戒烟意愿的人民群众科学戒烟。@北京12320在聆听 @北京健康教育 @北京丰台健康教育 @北京市疾病预防控制中心 @我是天坛人 @首都健康 @中国健康教育官方微博 北京·北京天坛医院,微博,天坛健康科普,2024-01-02 08:05:44,http://weibo.com/1036183454/NzW1FBnhr,未知,控烟、戒烟,正面,未知
2024010129,回复@陈英201912:你真是搞笑，他们是哪个年代的事，我说的是现代社会！那个时代队二手烟认识不足，你查看看如今的美国是不是真正落实了公共场所全面禁烟再说！不说美国，现在的港澳台地区你可以去查查是不是公共场所全面禁烟。 //@中国新闻周刊:【#复旦退休教授讲座时抽烟遭投诉#：所在场所被警告处罚，本人曾说不吸烟思考不顺畅】近日，有网友投诉称，原复旦大学哲学教授王德峰在某讲座时，在台上公然违法吸烟，场所人员并未进行劝阻，主持人与其当面交流时还主动帮忙递烟。记者从深圳市控烟办了解到，所在场所被作出警告的行政处罚。10月10日，王德峰拒绝就此事回应。@七环视频 http://t.cn/A6Wh07KC,content: 回复@陈英201912:你真是搞笑，他们是哪个年代的事，我说的是现代社会！那个时代队二手烟认识不足，你查看看如今的美国是不是真正落实了公共场所全面禁烟再说！不说美国，现在的港澳台地区你可以去查查是不是公共场所全面禁烟。 //@中国新闻周刊:【#复旦退休教授讲座时抽烟遭投诉#：所在场所被警告处罚，本人曾说不吸烟思考不顺畅】近日，有网友投诉称，原复旦大学哲学教授王德峰在某讲座时，在台上公然违法吸烟，场所人员并未进行劝阻，主持人与其当面交流时还主动帮忙递烟。记者从深圳市控烟办了解到，所在场所被作出警告的行政处罚。10月10日，王德峰拒绝就此事回应。@七环视频 http://t.cn/A6Wh07KC,微博,毛毛虫的等3435944214_806,2024-01-01 17:49:28,http://weibo.com/3435944214/NzQq6yd9E,未知,控烟,正面,未知
2024010136,烟草中的有害物质是如何“使坏”的？@宝儿妈-77//@北京12320在聆听:【烟草中的有害物质是如何“使坏”的？】#北京12320控烟在行动# 众所周知，烟草中的有害物质很多，每一种都能对人体产生或大或小的不良刺激。在此主要介绍三种最常见的：尼古丁、一氧化碳和氧化物。 1、尼古丁进入人体之后可以激活交感神经，引起呼吸兴奋、血压升高、心肌需氧量增多，这也是为什么“吸烟能提神”的重要原因。经过全天动态监测心率可发现，吸烟者吸烟时心率加快，且尼古丁吸收入血液中的量越高，心率越快。 2、一氧化碳进入人体后能与血红蛋白紧密结合为碳氧血红蛋白，直接导致能携带氧气的血红蛋白减少，因此会阻碍氧气在血液内的释放。研究发现长期吸烟的人血红蛋白携带氧气的能力降低，机体长期处于相对缺氧的状态，刺激产生更多的红细胞，因此血液黏度增高。这些不良变化对于有心血管疾病的人无疑是雪上加霜，特别是冠脉狭窄患者很容易因此而诱发心衰和心律失常。 3、氧化物质主要是指氮氧化物和焦油中的自由基。自由基过多会导致机体组织养化-抗氧化系统失衡，引起氧化应激反应，使细胞膜发生脂质过氧化。研究发现，氧化应激在形成心血管疾病的过程中起了不可忽视的推动作用。（来源：北京医院）,content: 烟草中的有害物质是如何“使坏”的？@宝儿妈-77//@北京12320在聆听:【烟草中的有害物质是如何“使坏”的？】#北京12320控烟在行动# 众所周知，烟草中的有害物质很多，每一种都能对人体产生或大或小的不良刺激。在此主要介绍三种最常见的：尼古丁、一氧化碳和氧化物。 1、尼古丁进入人体之后可以激活交感神经，引起呼吸兴奋、血压升高、心肌需氧量增多，这也是为什么“吸烟能提神”的重要原因。经过全天动态监测心率可发现，吸烟者吸烟时心率加快，且尼古丁吸收入血液中的量越高，心率越快。 2、一氧化碳进入人体后能与血红蛋白紧密结合为碳氧血红蛋白，直接导致能携带氧气的血红蛋白减少，因此会阻碍氧气在血液内的释放。研究发现长期吸烟的人血红蛋白携带氧气的能力降低，机体长期处于相对缺氧的状态，刺激产生更多的红细胞，因此血液黏度增高。这些不良变化对于有心血管疾病的人无疑是雪上加霜，特别是冠脉狭窄患者很容易因此而诱发心衰和心律失常。 3、氧化物质主要是指氮氧化物和焦油中的自由基。自由基过多会导致机体组织养化-抗氧化系统失衡，引起氧化应激反应，使细胞膜发生脂质过氧化。研究发现，氧化应激在形成心血管疾病的过程中起了不可忽视的推动作用。（来源：北京医院）,微博,若水20151022,2024-01-01 05:56:15,http://weibo.com/3187878450/NzLKBFUPg,未知,控烟,正面,未知
