id,title,contents,platform,author,published_at,url,region,hit_words,polarity,classification
202401011,“听”取未成年人 保护的声音,title: “听”取未成年人 保护的声音 summary: 全媒体记者/贺天鸿）近日，炎陵县人民检察院就关于督促相关部门进一步加强未成年人控烟工作召开听证会，会议邀请人民监督员、听证员以及县烟草专卖局、市场监督管理局、教育局、公安局等单位代表参加。 content: 株洲日报讯（全媒体记者/贺天鸿） 近日，炎陵县人民检察院就关于督促相关部门进一步加强未成年人控烟工作召开听证会，会议邀请人民监督员、听证员以及县烟草专卖局、市场监督管理局、教育局、公安局等单位代表参加。 近期，炎陵县人民检察院通过调研摸底发现，辖区内部分中小学周边的商铺普遍未在显著位置设置禁止向未成年人销售香烟标志，还存在向未成年人出售卷烟、无烟草专卖零售许可证向未成年人出售电子烟等违法行为。在校园周边违规售烟侵害了不特定未成年人的公共利益，相关部门存在监管不到位的问题。为此，炎陵县人民检察院就建议相关部门严厉查处违法向未成年人销售烟草制品的行为、加强各部门协作配合共同履职等听证事项召开听证会。 听证会上，承办检察官介绍了案件基本情况和需要听证的问题，并书面展示了公共利益被侵害的证据，阐述了检察机关召开此次听证的目的。 随后，相关部门结合履职情况对听证问题进行了说明，并就如何加大对烟草零售点和在校学生的宣传教育力度、加强未成年人禁烟和规范电子烟管理等提出了意见建议。另外，参会各方一致认为，各主管部门应齐抓共管，加强对学生、家长的宣传力度，加大违规售卖烟草行为处罚力度。 听证会后，炎陵县人民检察院组织各相关部门召开磋商会，就联合印发《关于建立炎陵县保护未成年人免受烟草侵害工作协作配合机制的实施意见》征求了意见。,株洲日报,未知,2024-01-31 00:00:00,http://zzrb.zznews.gov.cn/content/202401/31/c1656098.html,未知,控烟,中性,未知
2024010125,"提升群众满意度丨改善就医环境,创建无烟医院","title: 提升群众满意度丨改善就医环境,创建无烟医院 summary: 提升群众满意度丨改善就医环境,创建无烟医院为进一步提高医患对烟草危害的认识,改善就医环境和诊疗服务,营造一个无烟、清洁的健康环境,文登区宋村中心卫生院近期开展无烟医院宣传活动。 content: 为进一步提高医患对烟草危害的认识,改善就医环境和诊疗服务,营造一个无烟、清洁的健康环境,文登区宋村中心卫生院近期开展无烟医院宣传活动。 在医院的公共区域均设置了禁烟标识牌、无烟医院标识牌,号召全院职工参与到活动中去。要求大家积极戒烟的同时也劝阻他人吸烟,实现院内全面禁烟,创造干净整洁无烟的医疗环境。同时,医院通过电子屏、微信公众号平台等方式进行广泛宣传,加大无烟环境创建力度,营造人人知晓、人人参与控烟行动的良好氛围,提示大家要认识到烟草对健康和环境的威胁,倡导健康生活。 接下来,文登区宋村中心卫生院将持续开展无烟医院创建活动,把控烟纳入日常工作中,贯穿每一个诊疗过程,努力为大家创造一个“无烟、文明”的医疗环境,不断提升群众的满意度。 (刘青)",齐鲁晚报,未知,2024-01-31 00:00:00,http://epaper.qlwb.com.cn/qlwb/content/20240131/ArticelW02012SA.htm,未知,戒烟、控烟,正面,未知
2024010117,“无烟佳节”广场咨询活动举办,title: “无烟佳节”广场咨询活动举办 summary: 记者王婕妤实习生李东镁通讯员刘晨曦）为提高居民群众控烟意识，共同营造要年味不要烟味的健康佳节氛围，引导群众践行文明健康绿色环保的生活方式，昨天。江苏省健康教育协会、江苏省疾控中心、南京市疾控中心、鼓楼区卫健委、鼓楼区热河南路街道联合开展无烟佳节与爱同行广场咨询活动。 content: 本报讯（记者 王婕妤 实习生 李东镁 通讯员 刘晨曦） 为提高居民群众控烟意识，共同营造“要年味不要烟味”的健康佳节氛围，引导群众践行文明健康绿色环保的生活方式，昨天，江苏省健康教育协会、江苏省疾控中心、南京市疾控中心、鼓楼区卫健委、鼓楼区热河南路街道联合开展“无烟佳节 与爱同行”广场咨询活动。 省健康教育协会烟草危害控制专委会主委、省疾控中心健康教育所副所长曲晨表示：“春节期间、阖家欢乐，老人小孩齐聚一堂，更应该营造无烟、清新的居家环境，这关乎我们自己和身边每一位家人、朋友的健康。” 市疾控中心健康教育科科长陈旭鹏呼吁：“亲朋好友、礼尚往来，往往是我们中国人欢度新春的传统。但礼物应该表达的是心意、是祝福，送出的最好是健康、是祝愿。遏制烟草的流行重要一点就是改变社会风气，过节不送烟、见面不敬烟，不在公共场所吸烟，从你从我、大家一起做起。” 活动现场，南医大二附院、南京市第二医院戒烟门诊专家为居民们提供戒烟咨询，鼓楼区社区卫生服务中心医务人员开展慢性病义诊，免费血压、血糖检测等服务。,南京日报,未知,2024-01-31 00:00:00,http://njrb.njdaily.cn/njrb/html/2024-01/31/content_55_135494.htm,未知,控烟、戒烟,正面,未知
20240101110,学校周边控烟不应有“隐秘角落”,title: 学校周边控烟不应有“隐秘角落” summary: 学校周边控烟不应有隐秘角落北京市控烟协会发布最新调查结果显示，保护未成年人远离烟草危害的相关工作仍有痛点问题需要解决。根据《北京市控制吸烟条例》规定，幼儿园、中小学校、少年宫及其周边一百米内禁止设置烟草制品销售网点。校园周边除了容易监控的售烟点以外，还有很多本不该销售烟草的小抽屉存在。 content: 北京市控烟协会发布最新调查结果显示，保护未成年人远离烟草危害的相关工作仍有痛点问题需要解决。根据《北京市控制吸烟条例》规定，幼儿园、中小学校、少年宫及其周边一百米内禁止设置烟草制品销售网点。但记者在实际调查中发现，目前本市不少学校百米范围内仍有售烟点。校园周边除了容易监控的售烟点以外，还有很多本不该销售烟草的“小抽屉”存在。（1月19日《北京日报》） 烟草制品对未成年人的危害是巨大的。未成年人的身体正处于生长发育阶段，烟草中的有害物质对他们的危害远甚于成年人。长期吸烟不仅会影响未成年人的呼吸系统和循环系统功能，还会增加他们罹患各类疾病的风险，甚至影响他们的智力和心理发育。保护未成年人免受烟草伤害，是我们义不容辞的责任，要实现这一目标，就必须从源头上切断未成年人的烟草来源。校园周边环境的净化工作尤为重要。学校是学生日常活动的主要场所，周边环境的健康与否直接关系到学生的身心健康。禁止未成年人吸烟，校园周边不得设置烟草销售网点，既是保护未成年人的现实需求，也是法律明确规定的刚性要求。未成年人保护法规定，学校、幼儿园周边不得设置烟、酒、彩票销售网点；禁止向未成年人销售烟、酒、彩票或者兑付彩票奖金。烟草专卖法明确，国家和社会加强吸烟危害健康的宣传教育，禁止或者限制在公共交通工具和公共场所吸烟，劝阻青少年吸烟，禁止中小学生吸烟。 然而，现实中却总有一些不法商贩为了谋取私利，置未成年人的健康于不顾，公然或变相地向他们销售烟草制品。在一些地方学校周边，依然能够找到销售烟草的店铺。除了这些显而易见的售烟点外，市面上还隐藏着许多不易被察觉的卖烟“小抽屉”。这些渠道往往更加隐蔽、难以发现，因此也更容易成为未成年人获取烟草的“温床”，时刻诱惑着好奇心强、自控力弱的未成年人。他们的行为不仅违反了相关法律法规，更是对未成年人健康权利的极大侵害。 这些“隐秘角落”的存在，暴露出我们在控烟工作上的诸多漏洞。相关各方必须立即行动起来，采取有效措施，彻底铲除这些校园周边控烟的“隐秘角落”。 各地有关部门应加大执法力度，对校园周边的售烟点进行严格监管。一旦发现违法行为，应立即予以取缔，并对相关责任人进行严厉处罚，以儆效尤。同时，还应完善相关法律法规，提高违法成本，从根本上遏制不法商贩的侥幸心理。 学校和家长要承担起相应的责任。学校应加强对学生的控烟教育，让他们认识到吸烟的危害，提高自我保护意识。家长则应以身作则，身体力行贯彻家庭教育促进法等相关法律法规，为孩子树立良好的榜样，密切关注孩子的行为变化，一旦发现他们有吸烟倾向，应及时进行干预和引导，促进未成年人健康成长。 全社会也应积极参与到控烟行动中来。媒体应充分发挥舆论监督作用，对违法售烟行为进行曝光。志愿者和社区组织可以定期开展控烟宣传活动，提高公众的控烟意识和参与度。只有形成全社会共同参与的控烟氛围，才能真正做到让未成年人远离烟草。,民主与法制时报,王琦,2024-01-30 00:00:00,http://e.mzyfz.com/paper/2172/paper_58227_11976.html,未知,控烟,中性,未知
2024010174,武进区开展“无烟佳节与爱同行”控烟活动,title: 武进区开展“无烟佳节与爱同行”控烟活动 summary: 自1月22日起，武进区卫健局组织各属地医疗卫生机构走进辖区各大校园，利用中小学放假前最后一节课，开展无烟佳节与爱同行控烟活动。共同欢度无烟健康佳节。 content: □本报通讯员 杭云 自1月22日起，武进区卫健局组织各属地医疗卫生机构走进辖区各大校园，利用中小学放假前最后一节课，开展“无烟佳节与爱同行”控烟活动。 武进区湖塘镇马杭社区卫生服务中心的医务人员通过PPT讲解、现场答题互动等寓教于乐的宣传形式，科普烟草烟雾和电子烟危害，引导学生充分认识烟草危害，了解控烟核心知识，帮助青少年树立“拒吸第一支烟，做无烟新一代”的理念，并鼓励广大青少年成为学校、家庭控烟监督员，共同欢度无烟健康佳节。,常州日报,未知,2024-01-30 00:00:00,http://epaper.cz001.com.cn/czrbpaper/pc/con/202401/30/content_110834.html,未知,控烟,正面,未知
2024010183,餐厅控烟怎么做？落实属地管理者主体责任,title: 餐厅控烟怎么做？落实属地管理者主体责任 summary: 餐厅控烟怎么做？烟草危害是当今世界最严重的公共卫生问题之一，吸烟的危害虽然已是老生常谈，可禁烟的理念却未达到深入人心的程度，生活中在公共场所吸烟的现象仍较普遍。每个公民都应当参与到控烟行动中，该劝阻的就劝阻，该举报的就举报。 content: □石榴云/新疆日报记者 郭倩 网友“蔡蔡”在石榴云12345问政平台“两会专区”留言：在餐厅吃饭，不时能碰到在室内抽烟的人，餐厅服务员对此只是简单劝导，一些餐厅里甚至连禁止吸烟的标志也没有在醒目处张贴，希望有关部门加大监督以及处罚力度，真正落实室内公共场所全面禁烟。一个小建议：赋予餐饮场所经营者劝诫权，对二手烟制造者可依规礼送出店。 丁桂凤（自治区政协委员，乌鲁木齐市妇幼保健院院长）：支持“蔡蔡”的观点，赞成赋予劝诫权的建议。我认为不仅仅是在餐厅，只要是在公共场所，对于吸烟的人，属地管理者都应提前告知，如果遇到不配合的，可请对方离开。吸烟，除了对吸烟者本身有伤害，更多伤害到的是不吸烟人群。面对此类情况，大家不妨大胆说“不”。 烟草危害是当今世界最严重的公共卫生问题之一，吸烟的危害虽然已是老生常谈，可禁烟的理念却未达到深入人心的程度，生活中在公共场所吸烟的现象仍较普遍。我一直从事母婴健康领域的工作，每天面对妇女儿童尤其是孕产妇。对于这类人群来说，二手烟的危害更大。解决这一问题，现实层面，需要更具可行性和针对性的制度，动员全社会广泛参与，个人、单位、社会共同治理，落实管理者的主体责任，这是落实控烟的重要举措。同时，政府层面，积极开展控烟宣传教育，提高公众对烟草危害的正确认识，促进形成不吸烟、不敬烟、不劝烟的社会风气等。不在公共场所吸烟，应成为社会高度倡导的公共道德，事关社会文明和国民素养。每个公民都应当参与到控烟行动中，该劝阻的就劝阻，该举报的就举报。,新疆日报,未知,2024-01-30 00:00:00,http://xjrb.ts.cn/xjrb/20240130/220969.html,未知,控烟,正面,未知
20240101143,健康过节，从“无烟”环境开始,title: 健康过节，从“无烟”环境开始 summary: 健康过节，从无烟环境开始1月3日，国家卫生健康委办公厅发布关于开展无烟佳节与爱同行活动的通知，进一步推动控烟工作开展，引导群众践行文明健康绿色环保生活方式，营造元旦、春节两节无烟氛围。与自己签订一份戒烟承诺书，留一份给支持者，更好地获得别人的鼓励和督促。 content: 1月3日，国家卫生健康委办公厅发布关于开展“无烟佳节 与爱同行”活动的通知，进一步推动控烟工作开展，引导群众践行文明健康绿色环保生活方式，营造元旦、春节“两节”无烟氛围。 1月18日，咸宁市爱国卫生运动委员会办公室向广大市民发出《“无烟佳节 与爱同行”倡议书》，呼吁广大市民走亲访友、春节聚会，不吸烟、不敬烟、不劝烟，“对二手烟说不”，主动做控烟宣传者和倡导者，健健康康过佳节！ 1 吸烟对健康有什么影响？ 吸烟成瘾，又称烟草依赖，不是行为习惯，而是一种慢性疾病。世界卫生组织已将其列入国际疾病分类。 烟草中的尼古丁是一种高度成瘾性物质，也是很多“老烟枪”长时间吸烟的重要原因。尼古丁被吸入人体后，会在10秒钟内随血液进入大脑中枢，刺激多巴胺急剧、短期释放。多巴胺能让人产生愉悦感，一旦停止摄入尼古丁，这种作用很快会消失，使吸烟者无法继续体验愉悦感，并出现戒断反应和对吸烟的渴求。 除了尼古丁以外，烟草中还含有4000多种化学成分，目前已知其中至少有 250种是有害物质、50多种是致癌物质。吸烟对健康的影响主要有以下几方面。 首先，吸烟可能致癌。吸烟是肺癌的重要致病因素之一，吸烟者患肺癌的风险是不吸烟者的十倍，甚至更多。 其次，吸烟会导致患心脑血管疾病的概率增加，如冠心病、高血压、脑血管病等都是吸烟者的高发疾病。 第三，吸烟是慢性支气管炎、肺气肿和慢性气道阻塞的主要诱因之一。 第四，吸烟可引起消化系统疾病。烟草中的烟碱可使幽门括约肌张力降低，从而导致胃酸反流，严重时会引起消化系统溃疡。 最后，吸烟对女性的危害甚至高于男性。吸烟可导致女性出现月经失调、雌激素水平低下和骨质疏松等病症，孕妇吸烟还可能会引起自发性流产。 2 如何识别烟草成瘾？ 烟草成瘾是由长期使用尼古丁导致的，主要有以下表现： 首先，吸烟量越来越大。多数吸烟者在首次吸烟时不能适应烟草的味道，故在开始吸烟的一段时间内吸烟量并不大，但随着吸烟时间的增加，尼古丁的耐受程度也增加了，吸烟量逐渐增多，重度吸烟者甚至每天吸烟几十支。 其次，有明显的戒烟后症状。吸烟者减少或停止吸烟，就会出现一些戒烟后症状。这些症状主要有特别想吸烟、精神上焦虑不安、注意力不能集中，有的戒烟者还会出现食欲增加的状况，进而导致体重增加。 最后，自己不能控制吸烟行为，对吸烟有强烈渴望。多数烟草成瘾者知道吸烟的危害，且自身都愿意戒烟，至少是想减少吸烟量的。但很多人在多次尝试后都以失败告终。一些吸烟者在患病后仍不能控制自己的吸烟行为，无法彻底戒烟，还有部分吸烟者在戒烟后会复吸。 烟草依赖分为躯体依赖和心理依赖：躯体依赖，指吸烟者在停止吸烟或减少吸烟量后，出现一系列难以忍受的戒断症状，包括烦躁、焦虑、不安、头痛、注意力不集中、睡眠障碍等。心理依赖又称精神依赖，表现为主观上强烈渴求吸烟。躯体依赖和心理依赖无法完全割裂开，往往同时存在，影响戒烟成功率。 3 怎样应对烟草成瘾？ 吸烟一旦成瘾，就会严重损害健康，建议尽早采取应对措施。 首先，让戒烟者充分认识吸烟的严重危害，清楚戒烟的益处，解除他们的犹豫心理，增强自我戒烟动力。戒烟时间越长，给健康带来的有益变化越明显；戒烟时间越早，对个人的健康越有利。 比如，从30岁开始戒烟，预期寿命能增加约10年；从40岁开始戒烟，预期寿命能增加约9年；从50岁时开始戒烟，预期寿命能增加约6年；从60岁开始戒烟，预期寿命能增加约3年等。戒烟还会减少家庭内儿童对二手烟的吸取，降低相关儿童疾病的发生风险。 其次，选择合适的戒烟方法和步骤。戒烟是一个过程。戒烟前，戒烟者可设定一个具体的戒烟日期，为自己的戒烟行动做好准备，并促进自己采取行动，从开始准备戒烟到设定的戒烟日，建议为4周，最好为2周。 开始戒烟后建议采用逐渐减量戒烟法或立即完全戒烟法。逐渐减量戒烟法是逐渐减少吸烟量直到完全停止吸烟，戒烟过程相对舒适，戒断症状可能较轻。立即完全戒烟法相对干脆，一次性立即戒烟，缩短了戒烟准备时间，戒烟者可以更早成为一个不吸烟者，但突然戒烟可能会导致戒断症状加重。 另外，在戒烟过程中要尽量转移注意力，减少吸烟的吸引力。可以吃一些健康的食物，多喝水或健康果汁；适当增加运动量，做一些放松练习，用深呼吸来增加大脑的氧气量；保持平静的心态等，这些非常有助于戒烟。 第三，使用药物帮助戒烟。戒烟药物主要包括尼古丁透皮贴剂、尼古丁口香糖、尼古丁鼻喷剂等尼古丁替代产品。 使用戒烟药物有三个优势，一是可以使戒烟者在戒烟期间缓解对吸烟的强烈心理渴求，从而避免复吸；二是可以降低戒烟者每次吸烟后的愉悦感，戒烟后吸烟的诱惑降低；三是戒烟药物中的尼古丁替代产品虽然含有尼古丁，但不会成瘾。尼古丁替代产品通过一种安全、不成瘾的方式向戒烟者提供小剂量尼古丁，取代烟草中的尼古丁，从而缓解戒烟后因体内尼古丁缺乏引起的戒断症状。 第四，烟草成瘾比较严重，在不能自己戒烟的情况下，最好去专业机构咨询和接受治疗。 部分吸烟者可依靠毅力戒烟。对烟草依赖患者来说，戒烟门诊有助于提高戒烟成功率。医生会根据临床戒烟指南推荐的方法，制订个性化戒烟治疗方案，包括戒烟劝诫、戒烟药物治疗等多种干预方法。医生还会定期跟踪、随访戒烟情况，帮助解决戒烟过程中遇到的问题。 不要恐惧戒烟药物。吸烟成瘾是一种慢性疾病，使用药物是非常正规的方法。有充足证据表明，戒烟药物可以缓解戒断症状，提高戒烟成功率。不论是“老烟枪”，还是成瘾不久的人，戒烟前都需要做一些准备工作，帮助戒烟取得成功。 链接： 戒烟要做哪些准备？ 1、确定戒烟日，选择一个重要的日子，从这一天开始一口烟也不要再吸。 2、创造一个无烟环境，扔掉烟、打火机、烟灰缸等物品。 3、回顾以往的戒烟经历，找出哪些有助于戒烟，哪些易导致复吸。 4、寻求帮助，告诉家人、朋友、同事自己已决定戒烟，取得他们的理解和支持。 5、与自己签订一份戒烟承诺书，留一份给支持者，更好地获得别人的鼓励和督促。,咸宁日报,本报记者　 李嘉,2024-01-30 00:00:00,http://szb.xnnews.com.cn/xnrb/html/2024-01/30/content_705009.htm,未知,控烟、戒烟,中性,未知
20240101135,77.4%受访者支持电子烟纳入禁烟法规,title: 77.4%受访者支持电子烟纳入禁烟法规 summary: 记者蒋若静）结合近期本市公共场所控烟暗访结果，近日，市爱卫办在全市范围内开启控烟督导检查。针对无烟街区设置问题，北京市民对多项措施持支持态度：87.2%的受访者赞同在办事机构的室外公共区域设置吸烟区，90.2%赞同在各单位的入口处设置灭烟处，78.0%赞同在城市街区广场的开阔位置设置吸烟区。 content: 本报讯（记者 蒋若静）结合近期本市公共场所控烟暗访结果，近日，市爱卫办在全市范围内开启控烟督导检查。昨日，北京青年报记者跟随北京市冬季控烟督导检查组工作人员前往西城区多个点位进行督导检查，检查地点涉及宾馆、写字楼、医疗机构、党政机关、餐馆、KTV、网吧、公交枢纽八类场所。 当日下午，督导检查组工作人员前往位于西城区新文化街的亚朵酒店，重点检查了吸烟标识设置情况、制度设计和管理情况。北青报记者在现场看到，酒店内的前台、餐吧、楼道、电梯间、厕所等位置都张贴了明显的禁止吸烟的标识，上面还有控烟投诉举报电话。在酒店外侧设有专门的吸烟区。 位于复兴门大街的凯晨大厦有6000余名办公人员，控烟工作情况如何？督导检查组对该写字楼的楼道、厕所、办公区、地下停车场等空间均进行了仔细查看，未发现违法吸烟情况。该写字楼南侧、北侧设置了三个吸烟区。 市卫健委相关负责人表示，下一阶段，本市将继续深入推进健康北京行动，严格落实《北京市控制吸烟条例》，加强控烟执法，积极开展戒烟服务，深入推进无烟场所建设，进行更有针对性的控烟宣传，倡导健康文明生活方式，全社会形成合力，共同打造无烟北京。 近期，北京市卫生健康委发布了第五次成人烟草流行调查数据结果，15岁及以上成人吸烟率为19.9%，与2021年持平。对于电子烟，调查结果显示，有77.4%的受访者表示支持将电子烟纳入现有禁烟法规。 调查结果显示，成人吸烟率降速减缓，已到达了平台期，距离健康北京行动提出的“到2030年，成人吸烟率低于17%”目标仍有一定差距。其中男性吸烟率36.6%，比2021年上升了0.6个百分点，女性吸烟率2.2%，比2021年下降了0.5个百分点。 本次调查显示，家庭二手烟暴露率为29.6%，二手烟暴露情况比2021年并无明显改善。除室内工作场所、中小学校、政府大楼的二手烟暴露率有所下降外，餐馆、大学、医疗机构、公共交通工具的二手烟暴露率则与2021年基本持平。 此外，电子烟并未获得北京市居民额外的青睐。调查中，曾经使用过电子烟的比例由2021年的7.4%下降至6.6%，现在使用电子烟的比例则由3.2%下降至2.2%；另有77.4%的受访者表示支持将电子烟纳入现有禁烟法规。 针对无烟街区设置问题，北京市民对多项措施持支持态度：87.2%的受访者赞同在办事机构的室外公共区域设置吸烟区，90.2%赞同在各单位的入口处设置灭烟处，78.0%赞同在城市街区广场的开阔位置设置吸烟区。,北京青年报,未知,2024-01-30 00:00:00,http://epaper.ynet.com/html/2024-01/30/content_430509.htm,未知,控烟、戒烟,中性,未知
20240101118,东城区持续开展室内控烟执法检查工作,title: 东城区持续开展室内控烟执法检查工作 summary: 东城区持续开展室内控烟执法检查工作春节将至，亲朋好友聚会增多。为进一步推动控烟工作，东城区持续加大对商务楼宇、商场超市、餐饮单位等室内公共场所的控烟执法检查力度，确保公共场所无烟环境得到有效维护，守护市民群众的身体健康和财产安全。 content: 春节将至，亲朋好友聚会增多。为进一步推动控烟工作，东城区持续加大对商务楼宇、商场超市、餐饮单位等室内公共场所的控烟执法检查力度，确保公共场所无烟环境得到有效维护，守护市民群众的身体健康和财产安全。 近日，记者跟随建国门街道综合行政执法队的队员们来到中粮大厦，对大厦的控烟工作进行突击检查。在检查中，执法队员分别对逃生通道、楼道、卫生间、电梯间等区域进行逐一检查，未发现吸烟人员。“大家现在都有不在公共场所吸烟的观念了，生怕‘二手烟’影响他人。”大厦物业管理工作人员介绍，近年来，通过全社会的持续努力，室内公共场所的无烟环境得到了显著改善，市民对控烟工作的支持度不断提高，吸烟行为明显减少。 在簋街，执法人员在对一家因控烟工作不力而被处罚的餐饮单位进行复查时发现，该餐饮单位已整改到位，只要发现顾客吸烟现象，店员就会第一时间上前劝阻。对于个别不听劝阻的人员，餐饮单位将及时向执法部门报告。 在对宾馆酒店经营单位控烟情况进行检查时，安定门街道综合行政执法队队员将提示“挂在嘴边”，要求经营者在旅客办理登记入住过程中明确室内禁止吸烟。据执法人员介绍，严格室内公共场所控烟工作，一是防止“二手烟”影响其他人员身体健康，二是防止因疏忽大意酿成火灾。 据了解，东城区各街道综合行政执法队利用微信公众号、商户管理群等媒介，结合“城管进社区”“城管开放日”等活动，大力开展控烟宣传工作。执法部门提示广大市民，吸烟有害健康，请勿在室内公共场所尤其是幼儿园、中小学、少年宫、儿童福利机构等以未成年人为主要活动人群的场所吸烟，努力创造一个无烟、健康的环境。 □本报记者 边磊 通讯员 刘满清,劳动午报,未知,2024-01-30 00:00:00,http://ldwb.workerbj.cn/content/2024-01/30/content_138003.htm,未知,控烟,中性,未知
20240101126,乐亭邀您一起过无烟佳节,title: 乐亭邀您一起过无烟佳节 summary: 乐亭邀您一起过无烟佳节本报讯据乐亭发布消息，唐山乐亭县爱国卫生运动委员会办公室发出无烟佳节与爱同行控烟倡议称，为进一步推动全县无烟佳节与爱同行活动开展，巩固提升创卫成果，引导群众自觉践行文明健康绿色环保生活方式。 content: 本报讯 据乐亭发布消息，唐山乐亭县爱国卫生运动委员会办公室发出“无烟佳节 与爱同行”控烟倡议称，为进一步推动全县“无烟佳节 与爱同行”活动开展，巩固提升创卫成果，引导群众自觉践行文明健康绿色环保生活方式，给节日期间营造一个无烟、清洁、健康的生活环境，乐亭县爱卫办发出如下倡议： 做好自己健康的第一责任人。认识到吸烟对自己的健康和对他人的影响，增强禁烟意识，提高自我控制能力，共同营造一个远离烟草的环境。 树立无烟党政机关健康形象。领导干部和公职人员应以身作则，支持无烟党政机关的建设，遵守公共场所的行为规范，不在公共场所吸烟，并主动劝阻他人吸烟。 倡导无烟春节新风尚。在节假日期间，不送烟、不敬烟、不劝烟，以健康的方式过大年。如果遇到他人吸烟，应友好地提醒和劝诫对方，共同推进无烟健康文化的普及。 争做无烟新一代。广大青年和学生要成为禁烟的表率，学习和传播禁烟知识，让家人和同学了解吸烟的危害，并鼓励他们远离烟草。 尽早科学戒烟莫迟疑。利用各种平台和载体推广戒烟知识，增强自我保健意识，主动寻求戒烟的帮助，并成功戒除。 让我们共同行动起来，从自身做起，从现在做起，倡导文明健康生活方式，拒绝烟草危害，欢度无烟佳节。请大家积极参加扫码签字支持倡导！,燕赵都市报,未知,2024-01-30 00:00:00,http://yzdsb.hebnews.cn/pc/paper/c/202401/30/content_216652.html,未知,控烟、戒烟,中性,未知
20240101159,返乡大学生服务“网格”,title: 返乡大学生服务“网格” summary: 梅锁兰张雯沈永红）连日来，东台市三仓镇引导寒假返乡大学生积极参与三仓镇网格化志愿服务活动，为基层治理注入青春活力，并在服务他人、奉献社会中提高实践能力。到镇南村、官苴村等地开展无烟佳节·与爱同行控烟活动，引导群众践行文明健康绿色环保生活方式。 content: 本报讯 （梅锁兰 张雯 沈永红）连日来，东台市三仓镇引导寒假返乡大学生积极参与三仓镇网格化志愿服务活动，为基层治理注入青春活力，并在服务他人、奉献社会中提高实践能力。 为农服务下基层，服务发展促振兴。江苏大学物理与电子工程学院施王锦等14名返乡学子加入镇网格志愿服务队，他们身穿红马甲，头戴小红帽，深入国家农业园区西瓜小课堂、仓胜村瓜果蔬菜合作社等，了解东台西瓜发展历程，帮助村民清洗、包装、搬运胡萝卜，向农民经纪人辅导瓜菜网络直播售货知识。 关爱老人送温暖，大爱善举见真情。困难老人生活过得怎么样牵动着学子们的心，施王锦等5名同学自发成立“情暖夕阳”志愿服务团队，他们首先来到新元居委会孤寡老人苏某家中，为老人送来牛奶、饼干等慰问品，帮助老人整理屋内外环境，和老人谈心，询问饮食起居情况和身体状况，老人深受感动。接着，志愿服务团队来到三仓镇敬老院，帮助老人修剪指甲，为老人表演节目、读报，施王锦还将打零工所获得的600元工资捐赠给敬老院。 乡村治理当先锋，和谐社会作贡献。大学生们在镇网格志愿服务队带领下，深入新元居委会、好润多超市等场所，发放宣传单，宣传防骗知识，提高群众识骗防骗能力；到镇南村、官苴村等地开展“无烟佳节·与爱同行”控烟活动，引导群众践行文明健康绿色环保生活方式。,盐阜大众报,未知,2024-01-29 00:00:00,http://paper.ycnews.cn/rb/pc/content/202401/29/content_163299.html,未知,控烟,中性,未知
20240101151,“无烟佳节 与爱同行”活动进校园,title: “无烟佳节 与爱同行”活动进校园 summary: 记者刁品杰）1月26日上午，县卫健委、教育局在氾水镇中心初中联合开展无烟佳节与爱同行进校园活动，呼吁广大师生树牢健康第一责任人的意识，践行文明健康绿色环保生活方式，拒绝烟草、预防疾病，拥抱健康、享受快乐。通过小手牵大手活动，引导家长不吸烟，主动戒烟，为学生健康成长作表率。 content: 本报讯（记者 刁品杰） 1月26日上午，县卫健委、教育局在氾水镇中心初中联合开展“无烟佳节 与爱同行”进校园活动，呼吁广大师生树牢健康第一责任人的意识，践行文明健康绿色环保生活方式，拒绝烟草、预防疾病，拥抱健康、享受快乐。 在放假前最后一堂课上，县卫健委、县疾控中心的相关工作人员带来了《青少年控烟》《冬春季呼吸道传染病防控》等专题讲座，让学生们进一步树牢健康第一责任人的意识。 据了解，主办方希望通过此次活动，让广大青少年学生了解健康生活理念，拒吸每一支烟，做无烟新一代。同时，鼓励大家成为学校、家庭的控烟监督员，促进无烟学校、无烟家庭建设。通过“小手牵大手”活动，引导家长不吸烟，主动戒烟，为学生健康成长作表率。,宝应日报,未知,2024-01-29 00:00:00,http://byrb.yunpaper.cn/Article/index/aid/8179261.html,未知,控烟、戒烟,中性,未知
20240101167,甘园社区开展“无烟佳节”宣传活动,title: 甘园社区开展“无烟佳节”宣传活动 summary: 赵妍半岛晨报、39度视频记者王钟俊）近日，甘园社区开展无烟佳节与爱同行控烟宣传活动，工作人员通过图片、视频、PPT等多种形式向辖区居民介绍吸烟和二手烟的危害。 content: 晨报讯（赵妍 半岛晨报、39度视频记者王钟俊） 近日，甘园社区开展“无烟佳节 与爱同行”控烟宣传活动，工作人员通过图片、视频、PPT等多种形式向辖区居民介绍吸烟和二手烟的危害。,半岛晨报,未知,2024-01-28 00:00:00,http://ep.bdcb.cn/shtml/bdcb/20240128/20240128A0713.html,未知,控烟,正面,未知
20240101207,远离吸烟伤害 倡导无烟佳节,title: 远离吸烟伤害 倡导无烟佳节 summary: 远离吸烟伤害倡导无烟佳节中国的传统佳节——春节即将来到，临近佳节走亲访友，当然少不了要给家人、朋友送上一份新春贺礼表达心意，当你决定要给他人送烟、敬烟时，你是否想到你送给他人的是美好的心意还是健康隐患。 content: 中国的传统佳节——春节即将来到，临近佳节走亲访友，当然少不了要给家人、朋友送上一份新春贺礼表达心意，当你决定要给他人送烟、敬烟时，你是否想到你送给他人的是美好的心意还是健康隐患。当你聚餐、娱乐时想要当众吸烟时，你是否想到给他人带来身心上的伤害。 烟草危害在当今世界早已达成共识，它也是现阶段最严重的公共卫生问题之一，是人类健康面临的最大的、然而又是可以预防的危险因素。我国有3.5亿烟民，还有5.4亿人口受到被动吸烟危害，每年约有100万人死于与吸烟相关的疾病，占我国全部死死亡人数的12%，比全国甲、乙类传染病的死亡总数高六到七倍，这是值得我们每个人关注的问题。 当您吸烟或处在二手烟、三手烟环境的时候，您知道吸进去的是什么吗？是7000多种化学物质，其中至少有69种致癌物，严重影响我们的健康，导致我们患呼吸疾病、恶性肿瘤、心脑血管疾病、生殖障碍甚至影响女性美容等等。 我国政府高度重视控烟工作，为了遏制烟草流行，国家参与起草并正式签署了世界卫生组织《烟草控制框架公约》。党中央、国务院颁布实施《“健康中国2030”规划纲要》中明确提出“全面推进控烟履约，加大控烟力度”。国务院出台《关于实施健康中国行动的意见》提出以疾病防控和健康促进为核心，实施包括控烟行动在内的15个转型行动，要求到2030年，全面无烟法规保护的人口不低于80%。 在此佳节来临之际，承德市疾病预防控制中心倡导广大市民朋友接受“无烟佳节”“送烟等于送危害”的健康生活理念，倡导过节不吸烟，不敬烟，不送烟，远离烟草危害，过个清新健康，亲情、友情满满的中国年。,承德日报,□ 王敬乔,2024-01-26 00:00:00,http://paper.hehechengde.cn/cdrb/pc/content/202401/26/content_73910.html,未知,控烟,中性,未知
20240101215,获评全国控烟绘画优秀作品,title: 获评全国控烟绘画优秀作品 summary: 记者近日从市教育局了解到，在国家卫生健康委办公厅和教育部办公厅联合组织开展的青少年控烟绘画征集活动中，湛江市第二中学高二。 content: 本报讯 记者文秋华 通讯员支宏超报道：记者近日从市教育局了解到，在国家卫生健康委办公厅和教育部办公厅联合组织开展的青少年控烟绘画征集活动中，湛江市第二中学高二（5）班吴静萱同学的控烟漫画作品《嗜与噬》，经层层筛选，获评全国控烟绘画优秀作品（指导教师：黎明），广东省有4幅作品（全国50幅）获全国中学组控烟绘画优秀作品奖。,湛江晚报,文秋华 支宏超,2024-01-26 00:00:00,http://paper.gdzjdaily.com.cn/zjwb/html/2024-01/26/content_146383_308563.htm,未知,控烟,正面,未知
20240101231,垣曲县长直乡：控烟讲座进机关进农村进学校,title: 垣曲县长直乡：控烟讲座进机关进农村进学校 summary: 垣曲县长直乡：控烟讲座进机关进农村进学校本报讯为引导群众践行文明健康绿色环保生活方式，在新春佳节营造无烟健康氛围，近日，垣曲县长直乡开展无烟佳节与爱同行主题宣传教育活动，进机关、进农村、进校园举办控烟健康知识讲座，让广大群众和学生充分认识吸烟的危害。 content: 本报讯 为引导群众践行文明健康绿色环保生活方式，在新春佳节营造无烟健康氛围，近日，垣曲县长直乡开展“无烟佳节 与爱同行”主题宣传教育活动，进机关、进农村、进校园举办控烟健康知识讲座，让广大群众和学生充分认识吸烟的危害。 活动中，长直乡卫生院工作人员重点围绕烟草烟雾对健康的危害、戒烟的益处和方法等方面，结合图文，作了生动、细致的讲解，并发放控烟宣传材料800余份。活动还通过有奖问答的形式与参与讲座者互动，提升大家学习控烟知识的积极性。 （张 玥）,运城日报,未知,2024-01-26 00:00:00,http://epaper.sxycrb.com/rbpaper/pc/content/202401/26/content_219278.html,未知,控烟、戒烟,中性,未知
20240101247,小海镇推进控烟宣传工作,title: 小海镇推进控烟宣传工作 summary: 通讯员王红丽）近日，小海镇组织村开展控烟健康知识讲座，积极推进控烟工作，普及健康知识，传播健康理念，进一步引导群众践行文明健康、绿色环保的生活方式，营造无烟春节良好氛围。 content: 本报讯 （通讯员 王红丽） 近日，小海镇组织村（居）开展控烟健康知识讲座，积极推进控烟工作，普及健康知识，传播健康理念，进一步引导群众践行文明健康、绿色环保的生活方式，营造无烟春节良好氛围。 “请问谁知道每年5月31日是什么日子？”该镇江北村新时代文明实践站内，“无烟，为成长护航”为主题的控烟讲座在如火如荼开展。控烟宣传员以图文并茂的方式，为大家讲解烟草中的有害成分、吸烟对人体的危害、戒烟的益处等内容，引导村民自觉成为控烟宣讲员，号召吸烟者从自我做起尽早戒烟，为青少年健康成长保驾护航。唐中村结合党员活动日，邀请村卫生室负责人为党员群众开展“携手控烟，共享无烟环境”主题健康知识讲座。讲座结束后，村民们纷纷表示，自己是健康的第一责任人，将主动劝导家人少抽烟、不抽烟。该镇将持之以恒推进控烟工作，牢固树立“大卫生、大健康”理念，坚持爱国卫生运动，持续提高群众健康素养，提高村民自我健康管理能力和健康水平。,大丰日报,未知,2024-01-26 00:00:00,http://www.dfrb.cn/Article/index/aid/8177319.html,未知,控烟、戒烟,正面,未知
20240101263,以“小切口”立法护航高质量发展,title: 以“小切口”立法护航高质量发展 summary: 市十届人大四次会议将于1月30日开幕，珠海即将进入两会时间。过去一年，珠海的立法工作交出了怎样的成绩单？今年1月1日起施行的《珠海经济特区公共场所控制吸烟条例》，立足珠海实际明确控烟管理体制，将公共场所控烟监督管理工作纳入规范化、法治化轨道，推动形成健康文明的生活方式，保障公众健康。 content: □本报记者 陈雁南 市十届人大四次会议将于1月30日开幕，珠海即将进入“两会时间”。过去一年，珠海的立法工作交出了怎样的“成绩单”？ 近日，记者从市人大常委会法工委获悉，2023年，市人大及其常委会紧紧围绕党中央决策部署和省委“1310”具体部署、市委高质量发展工作部署，主动担当作为，坚持立法先行，加快推进重点领域和新兴领域立法，新制定法规9件、修正法规4件，为我市经济社会高质量发展提供坚实法治保障。 以立法保障国家重大战略实施 建设横琴粤澳深度合作区是习近平总书记亲自谋划、亲自部署、亲自推动的重大决策，是深入实施《粤港澳大湾区发展规划纲要》的重点举措，是丰富“一国两制”实践的重大部署。过去一年，市人大及其常委会立足合作区发展改革创新实践需要，用好“立法直通车”制度，为合作区建设提供坚实法治保障。 作为市人大常委会为合作区“量身打造”的两部“小切口”立法，《澳门特别行政区医疗人员在横琴粤澳深度合作区执业管理规定》和《澳门特别行政区药学技术人员在横琴粤澳深度合作区药品零售单位执业备案管理规定》扩展了短期执业类别，放宽了执业条件，还为澳门人士多医疗机构执业、设立中医诊所提供支持，进一步便利澳门专业人士到合作区跨境执业，推动了合作区与澳门规则衔接、机制对接。 将《珠海经济特区横琴新区港澳建筑及相关工程咨询企业资质和专业人士执业资格认可规定》《珠海经济特区港澳旅游从业人员在横琴新区执业规定》修改为合作区法规，推动横琴新区法规转换成合作区法规；《珠海经济特区反走私综合治理条例》适应合作区反走私立法需求，设置“横琴粤澳深度合作区特别规定”专章，为合作区反走私综合治理奠定法治基础。 此外，市人大常委会还积极与港澳有关方面开展工作交流，了解港澳立法工作情况及对珠港澳规则衔接的立法需求；并增加1名澳门专家作为常委会立法顾问，依托珠海经济特区立法研究中心加强与澳门大学法学院的战略合作，拓展境外专家立法参与。 以立法护航高质量发展 过去一年，市人大常委会贯彻落实省委提出的“以实体经济为本、坚持制造业当家”的部署要求，加强产业发展法治保障，助力打造法治化、国际化营商环境。 在加快产业发展方面，制定《珠海经济特区国家高新技术产业开发区条例》，条例总结提升高新区成立三十余年来的改革创新经验，加大“一区多园”统筹力度，推动高新区成为珠海培育、壮大、应用新质生产力的“主阵地”和高质量发展的核心引擎；制定《珠海经济特区审计条例》，全面贯彻落实习近平总书记关于审计工作的最新指示批示精神，就审计监督权限、审计行为规范、审计查出问题整改等方面进行重点规范，保障我市审计机关依法全面履行经济监督职责；修改《珠海经济特区土地管理条例》，依法保护和合理利用土地资源。 在打造法治化、国际化营商环境方面，制定《珠海经济特区反走私综合治理条例》，围绕反走私综合治理体制和工作机制，进行制度创新，维护国家安全和社会经济秩序；制定《珠海经济特区律师执业条例》，坚持保障和规范并重的立法理念，优化法律服务供给环境。 以立法增进民生福祉 民生无小事，枝叶总关情。过去一年，市人大常委会着眼社会治理和民生急需，坚持民有所呼、我有所应，围绕群众“小事”做好立法“大事”。 其中，《珠海经济特区加强住宅小区治理若干规定》聚焦突出问题，精准施策“靶向治疗”，补齐短板“对症下药”，注重解决实际问题，积极借鉴外地创新实践，升华提炼我市实践经验，为构建治理精细、管理有序的住宅小区治理体制提供立法保障。 今年1月1日起施行的《珠海经济特区公共场所控制吸烟条例》，立足珠海实际明确控烟管理体制，将公共场所控烟监督管理工作纳入规范化、法治化轨道，推动形成健康文明的生活方式，保障公众健康。,珠海特区报,未知,2024-01-25 00:00:00,http://zhuhaidaily.hizh.cn/html/2024-01/25/content_74964_298860.htm,未知,控烟,正面,未知
20240101288,为全民健康和做好病媒生物防制工作奠定坚实基础,title: 为全民健康和做好病媒生物防制工作奠定坚实基础 summary: 本报讯全媒体记者吴潇涵报道1月23日下午，龙亭区爱卫办、区计生协及河大一附院联合召开呼吸系统疾病及病媒生物防治、控烟健康知识培训工作会议。此次会议进一步提升了大家防病治病的能力，为全民健康和做好全区病媒生物防制工作奠定了坚实基础。 content: 会议现场。 全媒体记者 吴潇涵 摄 本报讯全媒体记者吴潇涵报道1月23日下午，龙亭区爱卫办、区计生协及河大一附院联合召开呼吸系统疾病及病媒生物防治、控烟健康知识培训工作会议。市全民健康与爱国卫生促进中心主任顾万军，龙亭区党组成员、副区长孙文超，河南省病媒生物防制专家、河大一附院副院长张宏雨，龙亭区卫健委党组书记祁峰，省级病媒生物防制专家李卫彬，河大一附院呼吸科主任黄志昂出席会议。会议由龙亭区卫健委主任科员卜红利主持。该区“两乡”“四办”及区爱卫会各成员单位等90多人参会。 据了解，此次会议旨在进一步打造干净整洁、文明有序的生产生活环境，根据市爱卫办《关于开展元旦春节“双节”爱国卫生专项活动的通知》《关于开展全市“无烟佳节 与爱同行”活动的通知》等文件的相关要求，结合春节开展“大扫除”的传统，以保障人民群众身体健康为重点，围绕“无烟佳节 与爱同行”活动，不断增强辖区群众的自我保护和卫生防病意识，进一步提高防病能力，让广大群众度过一个欢乐祥和、健康舒适的新春佳节。 会上，顾万军对龙亭区2023年度爱国卫生工作和巩卫工作成绩进行肯定并提出指导意见和要求。李卫彬、黄志昂分别围绕病媒生物防制和呼吸系统疾病、控烟健康知识进行培训。此次会议进一步提升了大家防病治病的能力，为全民健康和做好全区病媒生物防制工作奠定了坚实基础。,汴梁晚报,未知,2024-01-25 00:00:00,http://epaper.kf.cn/paper/blwb/2024-01-25/details.html?details=4&edition=10,未知,控烟,正面,未知
20240101319,开展知识竞赛 普及卫生知识,title: 开展知识竞赛 普及卫生知识 summary: 近日，东丽区冬春季传染病防控暨控烟百题知识竞赛，在东丽区少年宫举办，普及卫生知识，提高孩子们自我防范意识和保护能力。通讯员翟鑫彬本报记者尉迟健平摄。 content: 近日，东丽区冬春季传染病防控暨控烟百题知识竞赛，在东丽区少年宫举办，普及卫生知识，提高孩子们自我防范意识和保护能力。 华新小学、鉴开中学等16支代表队进入决赛。题目内容涵盖烟草烟雾有害物质、被动吸烟危害、常见传染病种类、传染病传播及防控等知识。最终滨瑕实验中学、新源小学分别荣获中、小学组冠军。 通讯员 翟鑫彬 本报记者 尉迟健平摄,今晚报,未知,2024-01-25 00:00:00,http://jinwanbaoepaper.enorth.com.cn/jwb/html/2024-01/25/content_87655_298332.htm,未知,控烟,正面,未知
20240101327,市税务局获评“省级无烟党政机关”,title: 市税务局获评“省级无烟党政机关” summary: 通讯员杨继忠）省卫生健康委、省文明办、省爱卫办日前评出2021—2022年度省级无烟党政机关，全省税务系统有3家单位获此称号，丽江市税务局榜上有名。 content: 本报讯（通讯员 杨继忠） 省卫生健康委、省文明办、省爱卫办日前评出“2021—2022年度省级无烟党政机关”，全省税务系统有3家单位获此称号，丽江市税务局榜上有名。 市税务局以2021年7月被列为“省级无烟党政机关示范点创建单位”为契机，把“无烟党政机关”创建工作当作提升机关综合治理水平和落实“健康税务”“绿色税务”的重要抓手，并作为一项制度性安排长期实施。同时，利用干部职工学习日、健康教育课、宣传专栏、横幅标语、挂屏展板、宣传海报，以及微信公众号等平台渠道，进行控烟宣传，营造了人人参与控烟的良好氛围，让全体干部职工认识烟草对身体的危害，并劝说家人控烟、戒烟，为促进社会文明建设作出积极努力。,丽江日报,未知,2024-01-25 00:00:00,http://szb.ljrbw.com/pc/concent/202401/25/c112692.html,未知,控烟、戒烟,中性,未知
20240101359,多举措共建无烟环境   助力国家卫生城市创建,title: 多举措共建无烟环境 助力国家卫生城市创建 summary: 记者李严）1月22日，淮河早报、淮南网记者从田家庵区公路运输管理所了解到，为进一步加强控烟科普宣传，助力健康素养水平提升，按照相关工作部署，结合行业实际，该所多措并举开展活动，助力国家卫生城市创建。 content: 本报讯（记者 李严）1月22日，淮河早报、淮南网记者从田家庵区公路运输管理所了解到，为进一步加强控烟科普宣传，助力健康素养水平提升，按照相关工作部署，结合行业实际，该所多措并举开展活动，助力国家卫生城市创建。 据介绍，为动员全体干部职工进一步落实控烟履约工作，共建享无烟办公环境，田家庵区公路运输管理所积极组织开展科普宣讲。同时，要求单位室内全面禁烟，对吸烟行为及时制止，对来访人员递烟婉言谢绝，全力巩固无烟单位建设成果，树立文明办公的模范形象。该所还深入行业企业，通过在办公楼、车站等场所各类电子显示屏滚动播放标语、生活常识和公益广告等宣传渠道，营造全社会参与的“无烟佳节 与爱同行”活动氛围。另外，该所还组织所有干部职工深入辖区街巷开展了“捡烟头 净环境”专项行动。,淮河早报,未知,2024-01-24 00:00:00,http://hhzb.huainannet.com/content/202401/24/content_151520.html,未知,控烟,正面,未知
20240101367,控烟戒烟宣传进社区,title: 控烟戒烟宣传进社区 summary: 当天，吴忠市利通区胜利镇富荣社区开展控烟戒烟宣传活动，组织社区网格员、志愿者走进辖区商网、居民家中，引导大家把健康知识转变为健康行为，共同打造清洁环保的无烟社区，共享健康绿色的生活环境。 content: 1月22日，志愿者向辖区居民发放控烟戒烟宣传彩页。当天，吴忠市利通区胜利镇富荣社区开展控烟戒烟宣传活动，组织社区网格员、志愿者走进辖区商网、居民家中，引导大家把健康知识转变为健康行为，共同打造清洁环保的无烟社区，共享健康绿色的生活环境。铁琴摄,吴忠日报,未知,2024-01-24 00:00:00,http://dzb.kanwz.net/wzrb/20240124/mhtml/page_03_content_20240124004007.htm,未知,控烟戒烟,中性,未知
20240101343,全椒开展系列控烟主题宣传活动,title: 全椒开展系列控烟主题宣传活动 summary: 全椒开展系列控烟主题宣传活动本报讯近日，全椒县卫健委、襄河镇政府、全椒县疾控中心、全椒县人民医院联合开展以无烟佳节与爱同行为主题的控烟宣传活动。据统计，本次活动共摆放宣传展板2块，悬挂横幅2条，发放控烟宣传资料折页600余份、控烟春联100副、控烟无纺布袋子200个。 content: 本报讯 近日，全椒县卫健委、襄河镇政府、全椒县疾控中心、全椒县人民医院联合开展以“无烟佳节 与爱同行”为主题的控烟宣传活动。 当日下午，全椒县人民医院呼吸内科专家在江海小学举办控烟知识大讲堂，吸引该校200多位师生前来听课，专家通过PPT向同学们详细讲述了吸烟对身体的危害性、吸烟危害身体的途径以及戒烟的好处等知识，现场的同学们深受启发，立志远离烟草，做不吸烟的新一代，并且要当好家庭控烟督察员，让控烟知识传播到每一个家庭。全椒县疾控中心、襄河镇政府多名志愿者现场发放《和烟瘾做个了断宣传》折页、《控烟与戒烟》宣传册、《中国居民健康素养66条》宣传册、《公共健康科普知识宣教百宝箱》宣传册等宣传资料，以及控烟春联、控烟无纺布袋、控烟抽纸等宣传用品，向师生们宣传吸烟及二手烟暴露危害，健康提示“走亲访友不送烟，‘送烟等于送危害’”。 据统计，本次活动共摆放宣传展板2块，悬挂横幅2条，发放控烟宣传资料折页600余份、控烟春联100副、控烟无纺布袋子200个。 （余建伟）,滁州日报,未知,2024-01-24 00:00:00,http://szbk.chuzhou.cn/czrb/pc/content/202401/24/content_107645.html,未知,控烟、戒烟,正面,未知
20240101335,我市开展“无烟佳节 与爱同行”控烟专项行动,title: 我市开展“无烟佳节 与爱同行”控烟专项行动 summary: 半岛晨报、39度视频首席记者黄凤桐）为进一步推动控烟工作深入开展，引导群众践行文明健康绿色环保生活方式，营造新春佳节无烟氛围，近日，市爱卫办在全市组织开展无烟佳节与爱同行专项行动，为市民欢度佳节提供健康环境。 content: 晨报讯（半岛晨报、39度视频首席记者黄凤桐） 为进一步推动控烟工作深入开展，引导群众践行文明健康绿色环保生活方式，营造新春佳节无烟氛围，近日，市爱卫办在全市组织开展“无烟佳节 与爱同行”专项行动，为市民欢度佳节提供健康环境。 市爱卫办要求各级党政机关按照《无烟党政机关建设指南》要求，认真开展无烟机关建设自查自纠，开展全方位、多角度的控烟宣传教育，引导干部不吸烟、主动戒烟，主动做控烟宣传者和倡导者，巩固无烟党政机构建设成果。各级各类学校要将无烟健康过节文化，共度无烟健康佳节作为“健康教育进校园”活动重要内容，引导学生认识烟草危害，了解控烟核心知识，帮助青少年树立“拒吸第一支烟，做无烟新一代”的理念，做学校、家庭控烟监督员，开展“小手拉大手”活动，劝导家长不吸烟，主动戒烟，为青少年健康成长作表率，促进无烟学校、无烟家庭建设。医疗机构要发挥戒烟门诊作用，向患者讲解宣传吸烟及二手烟危害，提升吸烟患者的戒烟意愿，提供免费戒烟咨询，提高戒烟成功率。劝导吸烟者为了自身健康和亲人健康主动戒烟，可使用“中国戒烟平台”微信小程序，学习安全有效的网络戒烟服务信息。,半岛晨报,未知,2024-01-24 00:00:00,http://ep.bdcb.cn/shtml/bdcb/20240124/20240124A034.html,未知,控烟、戒烟,中性,未知
20240101375,临江市闹枝镇 加强禁烟戒烟宣传,title: 临江市闹枝镇 加强禁烟戒烟宣传 summary: 林轩）近日，临江市闹枝镇开展主题为为生命呼吸，为明天控烟的控烟活动，进一步提高居民对吸烟危害的认识，鼓励大家积极戒烟，共同营造一个无烟的生活环境。图为志愿者发放宣传资料。 content: 本报讯（林轩）近日，临江市闹枝镇开展主题为“为生命呼吸，为明天控烟”的控烟活动，进一步提高居民对吸烟危害的认识，鼓励大家积极戒烟，共同营造一个无烟的生活环境。 活动中，工作人员与志愿者通过发放宣传资料、解读相关法律法规等方式大力宣传控烟知识，提高群众对吸烟以及二手烟危害的重视程度，呼吁吸烟者主动戒烟，共计发放戒烟宣传资料50余份。 通过此次活动，提高了居民对烟草危害的认识，促进全民积极参与控烟，同时也为创建良好卫生环境，培育健康生活营造了浓厚的氛围。 图为志愿者发放宣传资料。,长白山日报,未知,2024-01-23 00:00:00,http://szb.cbsxw.cn/pc/content/202401/23/content_61422.html,未知,戒烟、控烟,中性,未知
20240101383,美国癌症死亡率逐年下降,title: 美国癌症死亡率逐年下降 summary: 美国癌症死亡率逐年下降1月18日，由美国癌症协会编制的2024美国癌症报告显示，预计2024年美国将新增癌症患者超200万例，死亡61万例。在全人群中，致死率最高的分别是肺癌、结直肠癌和胰腺癌。 content: 1月18日，由美国癌症协会编制的2024美国癌症报告显示，预计2024年美国将新增癌症患者超200万例，死亡61万例。在全人群中，致死率最高的分别是肺癌、结直肠癌和胰腺癌。 总体来看，美国癌症死亡率呈逐年下降趋势，自1991年以来，死亡人数预估减少了400万。然而，癌症发病率仍在上升，在10种主要癌症中，有6种癌症的患病率仍在不断上升。在新发癌症病例中，男性约103万人，女性约97万人。 数据显示，在预估的男性新发病例中，前列腺癌、肺癌和结直肠癌最高，占男性所有发病病例的48%，女性新发病例中，乳腺癌、肺癌、结直肠癌最高，占51%。 在癌症死亡的人数方面，据估计2024年美国将有611720人死于癌症。在全人群中，致死率最高的是肺癌、结直肠癌和胰腺癌。其中，肺癌是引起男性、女性死亡的第一因素，有81%的肺癌死亡患者是直接由吸烟引起的。此外，结直肠癌发病率上升迅速，成为50岁以下年轻男性的第一位癌症死亡原因，女性的第二位死因。 美国癌症死亡率降低的原因，首先在于美国控烟行动使肺癌发病率与死亡率在逐年下降；其次，近年来随着靶向治疗、免疫疗法等新疗法的出现，美国在癌症的诊治技术上的创新，为癌症治疗提供了新的可能性；美国运用筛查技术和广泛的筛查计划早期发现和治疗，其中结肠癌和宫颈癌的早期筛查已显著降低了死亡率；此外，基因编辑技术也为癌症治疗带来了革命性的突破。,健康时报,健康时报记者  王 卓,2024-01-23 00:00:00,http://paper.people.com.cn/jksb/html/2024-01/23/content_26038860.htm,未知,控烟,负面,未知
20240101391,嘉鱼控烟宣传活动进校园,title: 嘉鱼控烟宣传活动进校园 summary: 记者叶子通讯员张晓华曾晶）新春佳节即将到来，为引导学生认识烟草危害，了解控烟核心知识，鼓励广大青少年成为学校、家庭控烟监督员，促进无烟学校无烟家庭建设，1月21日，嘉鱼县疾控中心健康教育宣传员走进实验小学北街校区开展了主题为无烟佳节。 content: 本报讯（记者 叶子 通讯员 张晓华 曾晶）新春佳节即将到来，为引导学生认识烟草危害，了解控烟核心知识，鼓励广大青少年成为学校、家庭控烟监督员，促进“无烟学校”“无烟家庭”建设，1月21日，嘉鱼县疾控中心健康教育宣传员走进实验小学北街校区开展了主题为“无烟佳节，与爱同行”的控烟宣传活动。 活动在该校阶梯教室进行，县疾控中心工作人员向师生发放了宣传折页，给学生们上了一堂深刻的控烟宣传教育课。 讲课从“无烟日”的由来、烟草特别是二手烟的危害引入，着重强化青少年对控烟理念的理解和控烟知识认同点，以促进其养成良好的健康生活方式。随后，学生代表宣读了控烟倡议书，向全校师生和家长发出控烟倡议：要做戒烟先锋，主动参与禁烟控烟活动，做“无烟校园”的小卫士，为建立无烟的美丽校园贡献力量。最后，同学们在“无烟佳节，与爱同行”的控烟主题横幅上郑重的签上了自己的名字。 此次控烟健康教育活动的开展，让同学们对烟草的危害有了更深刻地认识，大家纷纷表示要从自我做起，从现在做起，远离烟草，珍爱生命。 “同学们不但要远离烟草、拒绝烟草，养成健康的生活习惯，还要踊跃投入到控烟宣传活动中，在学校劝阻老师和同学吸烟，在家里劝阻家人吸烟，人人当好一名‘无烟学校’‘无烟家庭’宣传员！”该校教导主任王炜表示，今后将继续加大控烟健康教育的力度，通过多种形式、多种渠道，让更多的青少年认识到烟草的危害，为青少年的健康成长保驾护航。,香城都市报,未知,2024-01-23 00:00:00,http://szb.xnnews.com.cn/newb/html/2024-01/23/content_704188.htm,未知,控烟、戒烟,中性,未知
20240101415,倡导无烟健康生活方式,title: 倡导无烟健康生活方式 summary: 倡导无烟健康生活方式本报讯1月16日上午，简阳市爱国卫生运动委员会办公室开展创建无烟环境·共享健康生活宣传活动。 content: 本报讯 1月16日上午，简阳市爱国卫生运动委员会办公室开展“创建无烟环境·共享健康生活”宣传活动。活动现场，简阳市市场监管局执法人员，镇街志愿者和各医疗卫生单位医务工作者紧紧围绕“无烟佳节，与爱同行”主题，通过悬挂横幅，展出宣传板，发放控烟宣传资料及宣传品，开展义诊服务、健康教育及戒烟咨询，联合执法宣传教育等多种形式，向群众宣传吸烟及二手烟的危害，警示烟草带来的健康风险，倡导无烟健康生活方式，创造无烟生活环境，提倡过节“不吸烟、不敬烟、不送烟”。 此次活动共发放宣传资料2500余份，宣传品300余份，义诊265人次，健康咨询310人次，进一步提升了群众对吸烟危害和《条例》的知晓度，营造了全社会共同参与控烟的浓厚氛围。（黄璐）,大众健康报,未知,2024-01-23 00:00:00,http://paper.dzjkb.org.cn/article/27474/17484.html,未知,控烟、戒烟,中性,未知
20240101431,与爱同行共同控烟,title: 与爱同行共同控烟 summary: 记者卫冬通讯员徐金铭徐亮）过年不抽烟、健康迎新春。1月18日，安陆市洑水镇中心卫生院联合镇中心小学开展无烟佳节与爱同行控烟活动，进一步推动控烟工作的开展，引导群众践行文明健康绿色环保生活方式，营造春节无烟氛围。 content: 本报讯（记者卫冬 通讯员徐金铭 徐亮）“过年不抽烟、健康迎新春。”1月18日，安陆市洑水镇中心卫生院联合镇中心小学开展“无烟佳节与爱同行”控烟活动，进一步推动控烟工作的开展，引导群众践行文明健康绿色环保生活方式，营造春节无烟氛围。 活动现场，医务人员以年级为单位，开展“无烟佳节与爱同行”的主题宣教活动，通过PPT课件，详细讲解了吸烟的危害，引导孩子们充分认识烟草危害，多了解控烟知识，牢固树立“拒吸第一支烟，做无烟新一代”的理念。同时，鼓励他们成为学校、家庭控烟监督员，通过“小手牵大手”活动，引导家长不吸烟，主动戒烟，促进无烟学校、无烟家庭建设。,孝感晚报,记者卫冬 通讯员徐金铭 徐亮,2024-01-23 00:00:00,http://szb.xgrb.cn:9999/epaper/xgwb/html/2024/01/23/05/05_36.htm,未知,控烟、戒烟,中性,未知
20240101439,我市开展“送烟=送危害”集中宣传活动,title: 我市开展“送烟=送危害”集中宣传活动 summary: 我市开展送烟=送危害集中宣传活动本报讯为进一步推动控烟工作开展，引导群众践行文明健康生活方式，维护人民群众健康。近日，市卫健委、市疾控中心联合市一院、市二院、市中西医院、南谯区卫健委、南谯区疾控中心开展2024年送烟=送危害集中宣传活动，活动主题为无烟佳节与爱同行。 content: 本报讯 为进一步推动控烟工作开展，引导群众践行文明健康生活方式，维护人民群众健康。近日，市卫健委、市疾控中心联合市一院、市二院、市中西医院、南谯区卫健委、南谯区疾控中心开展2024年“送烟=送危害”集中宣传活动，活动主题为“无烟佳节 与爱同行”。 活动现场通过设置控烟宣传拱门、摆放控烟宣传展板、搭设义诊咨询台等，向过往市民宣传烟草及二手烟危害、爱国卫生、居民健康素养知识，以及提供戒烟指导。医疗机构的志愿者还为居民现场提供了测量血压、义诊等服务。 据统计，本次活动向市民发放《您戒烟了吗》《控烟与戒烟》等控烟宣传资料800余份、控烟宣传品300余份，测量血压260余人次，提供义诊咨询180余人次。通过此次活动的开展，提高了广大群众对烟草危害的认识，引导市民自觉参与到控烟行动中，为倡导“无烟佳节 与爱同行”奠定良好的基础。 （刘大庆）,滁州日报,未知,2024-01-23 00:00:00,http://szbk.chuzhou.cn/czrb/pc/content/202401/23/content_107566.html,未知,控烟、戒烟,正面,未知
20240101470,市卫监部门就控烟不力问题对某三甲医院进行约谈,title: 市卫监部门就控烟不力问题对某三甲医院进行约谈 summary: 记者胡程利通讯员杨天郁王宇星）日前，市卫计委综合监督执法局针对市内某三甲医院控烟不力问题对其进行了行政约谈。这是《张家口市公共场所控制吸烟条例》正式实施以来，行政执法单位首次约谈责任单位。 content: 本报讯（记者 胡程利 通讯员 杨天郁 王宇星）日前，市卫计委综合监督执法局针对市内某三甲医院控烟不力问题对其进行了行政约谈。这是《张家口市公共场所控制吸烟条例》正式实施以来，行政执法单位首次约谈责任单位。 2023年以来，12345政务服务平台多次收到群众对该医院因病区走廊有陪护、保安、医务人员吸烟问题而进行的投诉。为进一步强化该院控烟主体责任，督促该院切实有效落实控烟措施，市卫计委综合监督执法局依据相关法律法规对该院主管控烟工作主管领导等进行行政指导和警示谈话，现场对《张家口市公共场所控烟吸烟条例》有关条款进行解读，并就在前期询问和走访调查中发现的问题进行了通报，分别指出了该院在控烟法律法规宣传、人员控烟知识培训、禁烟标识张贴、室外吸烟区设置、吸烟劝阻方式、管理制度落实等方面存在的问题与不足，要求该院严格做好控烟工作的第一责任人，认真开展自查自纠，多渠道继续推广控烟宣传，共同打造文明清新的无烟环境。目前，该院已对所涉及的相关控烟投诉问题进行了全院通报，对涉事人员进行了处罚，并制定了可行、有效的控烟管理制度。该局将继续以明察暗访等形式对该医院的控烟效果进行巡查，同时加强全市医疗机构的控烟工作督察力度，认真推动《张家口市公共场所控制吸烟条例》有效贯彻落实。,张家口日报,未知,2024-01-22 00:00:00,http://szbk.zjknews.com/zjkrb/2024/01/22/359426.html,未知,控烟,中性,未知
20240101477,无烟更健康,title: 无烟更健康 summary: 近日，海州区路南街道葵花社区工作人员与江苏海洋大学的大学生控烟志愿者一起来到钟声亲亲宝贝园，开展无烟佳节，与爱童行——小手牵大手，无烟更健康活动，鼓励孩子们成为学校和家庭的控烟监督员，促进无烟学校、无烟家庭建设。 content: 近日，海州区路南街道葵花社区工作人员与江苏海洋大学的大学生控烟志愿者一起来到钟声亲亲宝贝园，开展“无烟佳节，与爱童行——小手牵大手，无烟更健康”活动，鼓励孩子们成为学校和家庭的控烟监督员，促进无烟学校、无烟家庭建设。 记者 张灿 通讯员 陈秋玲 伏婧源 摄影报道,连云港日报,未知,2024-01-22 00:00:00,http://lygrbepaper.lygfb.cn/Article/index/aid/8169193.html,未知,控烟,中性,未知
20240101491,别让“烟火气”伤了女性,title: 别让“烟火气”伤了女性 summary: 一年四季，一日三餐，家家户户灶头间升腾起的袅袅炊烟，构成了生活中最浓烈的烟火气。但正是这些炝锅、爆炒、油炸时产生的油烟，让掌勺人在不知不觉中付出健康代价。近日，《中华流行病学杂志》刊发的一篇新研究显示，2019年我国40岁及以上女性中，有83.9%每天做饭，女性自报烹饪油烟暴露率为81%。 content: 一年四季，一日三餐，家家户户灶头间升腾起的袅袅炊烟，构成了生活中最浓烈的烟火气。但正是这些炝锅、爆炒、油炸时产生的油烟，让掌勺人在不知不觉中付出健康代价。近日，《中华流行病学杂志》刊发的一篇新研究显示，2019年我国40岁及以上女性中，有83.9%每天做饭，女性自报烹饪油烟暴露率为81%。 1 日均花费1.8小时烹饪 王女士今年52岁，从20多岁成家起，她就包揽家中一日三餐的烹饪。年轻时，夫妻俩住单位筒子楼，一到饭点，整栋楼都弥漫着油烟味。王女士家没装通风装置，散油烟全靠开窗。每到节假日回农村老家，她跟婆婆要做一大家子人的饭菜，往往一忙就是两三个小时。做完饭，头发、脸上全是油烟味，常常连饭也不想吃。后来，生活条件好了，家里装了抽油烟机，王女士对此很满意：“虽然免不了有油烟，但饭店大厨还不是每天都接触，家里做饭油烟对健康的影响应该很小吧！” 今年40岁的李女士比较注意防油烟，她说：“我在网上了解到油烟会伤害肺，所以炒菜前后会多开一会儿抽油烟机。”平时，李女士家的早餐采取水煮、蒸的烹饪方法；午餐时，孩子和大人各自在学校或单位解决；晚餐夫妻俩换着做。周末，她会在家做一日三餐，为家人改善伙食：“做完饭常常一身油烟，孩子都不愿跟我亲近。” 《中华流行病学杂志》刊发的这项研究纳入2019～2020年中国居民慢性阻塞性肺疾病监测中37164名女性数据，结果显示，2019年我国40岁及以上女性中，每天做饭的女性日均花1.8小时烹饪，花费超2小时者占31.1%；在华南和西北地区，厨房与起居室未分开的比例分别为8.9%和7.2%，高于其他地区；居住在乡村、年龄较大、文化程度较低、职业为农林牧渔水利业的女性，每天做饭比例、日均做饭时长、厨房与起居室未分开比例及自报烹饪油烟暴露率均较高。 “国人烹饪素来喜欢煎炒烹炸，用油较多，尤其北方不少地区习惯爆锅、炝炒，油烟对烹饪者的伤害相对更严重。”北京朝阳医院全科医学科、保健办主任王晓娟说。我国女性近年来患肺癌比例上升，从全球来看都较高。肺癌与吸烟关联性较强，但我国女性吸烟率在全球来说较低，学界普遍判断这与很多女性承担烹饪家务较多相关。部分学者认为，女性比男性更易被油烟伤害，但王晓娟认为：“这与生理差异关联不大，与女性更多承担家庭烹饪任务更相关。” 2 油烟全面威胁健康 “关注油烟给女性带来的伤害，已不可忽视。”北京营养师协会理事、注册营养师于仁文说，烹饪时，油温越高，油烟越大，其中含有的有害成分就越多，给人体带来的健康危害也就越大，主要会引发以下几种疾病。 诱发呼吸疾病 “油烟中含大量细颗粒物（PM2.5）。”于仁文说，四川大学华西医院呼吸病学研究室进行的一项实验显示，做饭前，开放式厨房的PM2.5最高为18，炒菜过程中最高可飙升到999。王晓娟称：“PM2.5颗粒很小，易进入肺部，可对鼻、眼、咽喉黏膜产生强刺激，引起鼻炎、咽喉炎、气管炎等呼吸道疾病，长期吸入还可能导致慢性阻塞性肺病。如果掌勺人原本就有哮喘，呼吸道特别敏感，在闻到油烟味后易引发哮喘急性发作。” 增加患癌风险 王晓娟表示，食用油会随加热升温产生有害成分，如多环芳香烃、杂环胺、苯并芘、丙烯酰胺等，前三者均属世界卫生组织癌症研究机构公布的“1类致癌物”，即目前有足够科学证据证明，该物质对人体有致癌作用；丙烯酰胺被列为“2A类致癌物”，即对实验动物致癌性证据充分、对人类致癌性证据有限的疑似致癌物。有研究显示，烹饪油烟让女性非吸烟者肺癌发生风险升高3.79倍。 损害心脑血管 “油经过度加热会产生多种脂肪氧化物，已有研究证实，这些氧化物可引发心脑血管疾病。”王晓娟说，特别是中老年人，他们本身就因年龄增长等因素，血管里可能有动脉粥样硬化斑块，如果再长年累月地受油烟刺激，会加速血管疾病进展，更易出现心梗、脑卒中等。 加速皮肤老化 王晓娟说，烹饪油烟会附着于烹饪者皮肤上，久而久之使皮肤变得松弛、粗糙、失去弹性。 导致油烟综合征 厨房油烟会使烹饪者出现食欲减退、心烦、精神不振、嗜睡、疲乏无力等症状。 3 控油控烟双管齐下 日常生活中，家庭烹饪不可避免，于仁文建议可采取以下措施尽量减少烹饪油烟。 丰富烹饪方式 于仁文表示，做饭可减少对油的依赖，首选水和蒸气作为主要传热媒介，采用蒸、煮、焖、炖、焯、烫、汆等方法。油温七八成热时约210～240摄氏度，而水温最高为100摄氏度，相对而言短时、低温烹调对食材营养成分的破坏更少。若一定要用油，可尽量减少用油量，比如可选择水煎方法，先用油将食物微煎、增加香味，接着加入热水并盖上锅盖，用蒸气导热，将食物烹熟；若要油炸食物，可选用软炸方式，先把水粉糊或蛋粉糊挂在食材表面，将其放入150～180摄氏度油锅中，此时淀粉在油中快速凝固，形成保护层，使被包裹的食材丢失水分较少，待食物外壳上色定型，里面的食材就熟了，营养损失也少。这两种用油烹饪方式产生的油烟都有限。 控好炒菜油温 王晓娟说，做菜时，若锅中的油还未加热至冒烟，则温度不超过200摄氏度，此时放入菜，油烟少且能减少高温对食材营养成分的破坏。于仁文补充说，如果锅中油温过高，可先熄火降温，稍后再炒。一些人觉得油温不高炒不熟或杀灭不了细菌，其实腐败微生物在温度超50摄氏度时就停止生长，超60摄氏度逐渐死亡，100摄氏度时1分钟就会被杀死。 选烟点高的油 “不同种类的食用油烟点（即食用油开始冒烟的温度）各异，产生油烟多少也不同。”于仁文说，如今人们的生活条件比四五十年前有很大改善，肉类摄入充足，一般不建议再食用动物油，日常炒菜主要有两种选择：一是选择烟点高的油，如大豆油（烟点约238摄氏度）、精炼菜籽油（烟点约252度）；二是选用油酸含量高的油，油酸化学性质稳定，耐煎炸、不易氧化变质，如高油酸的花生油等。此外，应避免使用存放时间较长、过期或反复油炸过食物的油，这种油因其中的杂质增多，更易产生油烟。特别是反复使用的油中含较多有害物质，继续烹饪食物更不健康。 善用各类工具 王晓娟表示，用好各类工具也能尽量减少油烟。第一，可以选用功率合适的抽油烟机，安装时需靠近灶台，不能过高；使用时，最好在炒菜前后多开10分钟；平常要定时清洗，保证排烟顺畅。第二，烹调可多用微波炉、电饭煲、电烤箱等工具，减少油烟产生。第三，佩戴口罩炒菜，如可选择KP95型口罩，阻挡PM2.5通过呼吸进入体内。第四，保证通风，尽量避免在密闭空间炒菜。第五，勤刷锅，以免重复用锅时，附着在锅表面的油脂和食物残渣因再次加热产生大量油烟。 牛雨蕾,衡水晚报,未知,2024-01-22 00:00:00,http://szb.yiitai.com/api/tableNewsController/getTableNews?accessName=hengswb&count=1&id=10AACA8FE8574C8095EEE9FAFEA24316,未知,控烟,中性,未知
20240101519,跑马吸烟被禁赛的处罚应推广到所有体育赛事,title: 跑马吸烟被禁赛的处罚应推广到所有体育赛事 summary: 近日，在厦门马拉松比赛中，有选手在跑步时抽烟。对此，厦门马拉松赛组委会竞赛部1月12日晚发布通报，称该名选手的行为违反了《2024建发厦门马拉松赛竞赛规程》中的相关规定，因此组委会决定取消这名选手的成绩和排名，并禁止其参加厦门马拉松赛组委会举办的各项赛事两年，并报请中国田径协会追加处罚。 content: 张田勘 近日，在厦门马拉松比赛中，有选手在跑步时抽烟。对此，厦门马拉松赛组委会竞赛部1月12日晚发布通报，称该名选手的行为违反了《2024建发厦门马拉松赛竞赛规程》中的相关规定，因此组委会决定取消这名选手的成绩和排名，并禁止其参加厦门马拉松赛组委会举办的各项赛事两年，并报请中国田径协会追加处罚。 吸烟有害自己和他人的健康，这是常识。马拉松选手在赛道吸烟不只是影响他自己和旁边的运动员，而且对于全国观众而言也是一个不良宣传，尤其让不少青少年误以为在公众场合吸烟无伤大雅。从这个角度而言，厦门马拉松赛组委会的处罚决定非常及时，也值得推广到全国所有体育赛事。 全球性的禁烟始于2003年，当时通过了《世界卫生组织烟草控制框架公约》，从那时起，全球在打造“无烟社会”的征途上已经走过二十载。自公约公布以来，现在已经有168个缔约方，成为联合国历史上接受最为广泛的条约之一。 2007年，世界卫生组织又推出了被命名为MPOWER的烟草控制系列措施。这些年来，由于各国纷纷参与控烟行动，全球控烟取得了显著成果。根据世界卫生组织发布的报告数据显示，2022年全球烟草使用率继续下降，全世界约有1/5的成年人吸烟，在2000年时这一比例为1/3。报告预测，如果继续目前的控烟政策和行动，全球成年烟草使用者数量预计到2025年下降至12亿。 MPOWER是全球控烟的系统性政策和行为，代表了6大控烟战略，其中的每一个字母都代表了控烟的一项战略，包括：监测烟草使用和预防政策；保护人们不受二手烟危害；为希望戒烟者提供帮助；警示所有人烟草的危害；确保禁止烟草广告、促销和赞助；提高烟税。由于很多国家的共同努力，目前全球有56亿人受到至少一项MPOWER烟草控制措施的保护，占世界人口的71%。而在2007年，这一人数仅为11亿。 中国在控烟方面的主要做法是，创造无烟环境。从2014年起，中国要求所有室内公共场所一律禁止吸烟。同时，以未成年人为主要活动人群的公共场所的室外区域，高等学校的室外教学区域，妇幼保健机构、儿童医院、妇产医院的室外区域，体育、健身场馆的室外观众坐席、赛场区域，公共交通工具的室外等候区域等也全面禁止吸烟。个人在禁止吸烟场所（区域）吸烟的，可处以50元以上500元以下的罚款。 但是，这些规定在不同省份、城市和地方有不同的政策和做法，有些地方仅规定禁止室内吸烟，而且即便是室内禁止吸烟，有的地方也执行不到位。同时，还有一些人认为，室外吸烟危害不大，烟雾马上就会扩散，不会危害他人。在这种情况下，室外环境，包括马拉松在内的室外运动会、演艺会等，还有不少人吸烟，这也对控烟行动产生了逆向效应。 事实上，即便在空旷处吸烟，散发的烟雾也会让旁边的人被动吸二手烟，烟雾中的有害物质也会黏附在旁边人和吸烟者的衣物上，成为三手烟的来源，危害家人和孩子。 现在，厦门马拉松赛组委会对吸烟选手的处罚是在用行动响应并支持全球的禁烟运动，也是对中国公众提出警示和示范。对此，相关部门应当学习厦门马拉松赛组委会竞赛部的做法，在所有的体育赛事和演艺场所禁烟，共创无烟环境，维护好来之不易的控烟成果。,北京青年报,未知,2024-01-19 00:00:00,http://epaper.ynet.com/html/2024-01/19/content_429986.htm,未知,控烟、戒烟,负面,未知
20240101533,多方联动 北京儿童医院控烟力度加大,title: 多方联动 北京儿童医院控烟力度加大 summary: 安检通道塑料筐里放满了患儿家长弃置的打火机。针对这样的情况，医院相关职能科室加大了劝导和宣传的力度，在医院容易出现吸烟问题的区域增设了宣传板，同时加大了人员提醒力度。针对此前报道中专家建议推广缓解烟瘾的替代办法，市卫健委工作人员告诉记者，目前北京很多医院都设置了戒烟门诊，为吸烟者戒烟提供帮助。 content: 安检通道塑料筐里放满了患儿家长弃置的打火机。 1月12日，本报报道了本市多家医院的控烟难题，其中不乏儿童、孕产妇集中就诊的专科医院。如何严格遵守《北京市控制吸烟条例》的规定，让患者远离烟草危害引起相关各方的关注。在报道发出当日，北京市卫健委、各家医院以及医院所在的辖区街道联合行动，发挥各自职能，就控烟问题进行了针对性的检查整改。1月15日记者再访首都医科大学附属北京儿童医院，发现烟头明显减少了，院内吸烟问题已有改善。 1月15日上午，记者来到首都医科大学附属北京儿童医院，对比首次探访，刚到院门就感觉到了明显变化。进入安检通道，不仅能看到劝导患儿家长主动放弃打火机的提示，语音广播也增加了频次，安检人员的手检也更细致了。记者注意到，一位患儿家长进入通道前，见此阵仗忙把打火机从裤兜里“调整”到了上衣兜里，但羽绒服的厚度并没让打火机“蒙混过关”，在安检过程中，很快被安检人员发现了。而更多患儿家长能够配合控烟工作，主动掏出了打火机。在收集弃置打火机的塑料筐里，打火机摞成了小山。 “您好，这里仍然是禁烟区，请您不要在这里吸烟。”安保人员正在提醒离院的患儿家长。首次探访过程中，门诊楼前区域是吸烟者最密集的地方，很多吸烟者出了院门便迫不及待地点起了烟。安保人员指着门前地面上禁止吸烟的标线标识告诉记者，医院门前区域实际上也属禁烟区。 按照首次探访路线，记者把医院的门诊楼前、超市门前以及楼内的卫生间等易出现烟头的点位重新走了一遍，发现安保人员的提醒和保洁人员的清理都更频繁了。记者还注意到，连超市的员工都加入了监督控烟的行列，他们说因为超市有“门前三包”的职责，“要是管不住吸烟的人，那我们‘门前三包’范围内的烟头就清不干净。” 记者从首都医科大学附属北京儿童医院了解到，根据统计，每天来到医院的患儿家长达2万至3万人，其中超过40%来自于外省市，不同省市控烟程度有差别，很多人不知道《北京市控制吸烟条例》对于妇幼保健机构和儿童医院室内外区域都禁烟的规定。针对这样的情况，医院相关职能科室加大了劝导和宣传的力度，在医院容易出现吸烟问题的区域增设了宣传板，同时加大了人员提醒力度。 为了帮助医院更好地展开控烟工作，属地月坛街道工作人员也来到了医院。工作人员说，属地会尽最大力量支持医院控烟，增加宣传活动的频次。如果遇到吸烟者不听劝阻的情况，也会快速协调执法力量，保障控烟工作的力度。 据北京市卫健委工作人员介绍，本报报道发出当日，市卫健委联合各大医院全面展开了检查工作。正在改善的医院不仅包括报道中提到的各家妇幼医院，还扩大到了全市医疗系统，进一步强化医院的控烟工作。 针对此前报道中专家建议推广缓解烟瘾的替代办法，市卫健委工作人员告诉记者，目前北京很多医院都设置了戒烟门诊，为吸烟者戒烟提供帮助。“现在国内生产的戒烟药物在这些医院的戒烟门诊都已经到位了，以方便患者诊疗、开药。”本报记者 景一鸣 文并摄,北京日报,北京日报,2024-01-19 00:00:00,http://bjrbdzb.bjd.com.cn/bjrb/mobile/2024/20240119/20240119_007/content_20240119_007_2.htm,未知,控烟、戒烟,中性,未知
20240101551,龙华山街道组织开展控烟主题活动,title: 龙华山街道组织开展控烟主题活动 summary: 记者周彬实习生刘立佳）1月17日，在龙华山街道和合社区新时代文明实践站，一场无烟佳节与爱同行控烟宣讲会正在进行。听完宣讲，市民杨先生表示，我们要健康过大年！龙华山街道相关负责人表示，后续将加大宣传力度，营造浓厚的控烟氛围，倡导广大市民积极共建无烟环境。 content: 本报讯 （记者 周彬 实习生 刘立佳） 1月17日，在龙华山街道和合社区新时代文明实践站，一场“无烟佳节 与爱同行”控烟宣讲会正在进行。工作人员细致讲解吸烟的危害和控烟的重要性。听完宣讲，市民杨先生表示，“我们要健康过大年！” 此次活动旨在提高居民对烟草危害的认识，倡导健康生活方式，将持续到2月底。 活动现场，通过设立咨询台、悬挂宣传横幅、发放宣传资料、开展控烟讲座等多种形式，全方位向居民普及烟草对健康的危害。 龙华山街道相关负责人表示，后续将加大宣传力度，营造浓厚的控烟氛围，倡导广大市民积极共建无烟环境。,仙桃日报,未知,2024-01-18 00:00:00,http://www.xiantaoribao.com/html/2024-01/18/content_11958_16983083.htm,未知,控烟,正面,未知
20240101545,鴕鳥控煙  因加得減,title: 鴕鳥控煙 因加得減 summary: 不過，正所謂「牽一髮動全身」，表面上加稅是增加政府收入最直接的方法，但實際可能引起意想不到反效果，必須審慎行事。私煙 屢禁不止，也反映現行控煙政策有漏洞。若現 時在私煙 氾 濫情況之下，建議再加煙稅似乎是完全脫離現 實的「鴕 鳥思維」，當局作出任何決定之前，必須認真地審 時度勢，三思而後行。 content: 劉韋瑋 資深傳媒人 踏入新一年，財爺現正就新擬的財政預算案徵詢意見。坊間同時亦流傳不少消息，其中加稅更成為廣泛關注的議題。不過，正所謂「牽一髮動全身」，表面上加稅是增加政府收入最直接的方法，但實際可能引起意想不到反效果，必須審慎行事。 趁着政府要增加收入幫助庫房之時，禁煙團體提出再一次加煙草稅建議。不過，這建議其實沒能幫助財爺解困。政府數據顯示，自從2023年頭增加煙草稅之後，政府煙草稅的稅收不升反跌。 煙草稅的稅收下跌，是加稅成功令煙民戒煙嗎？恰恰相反，事實是「你有張良計、我有過牆梯」。在本港經濟大環境仍然未轉好之下，市民都在勒緊褲頭，煙民更加會量入為出。基層煙民索性轉食私煙。有留意新聞都知道，自從去年增加煙稅之後，海關檢獲的非法私煙數量龐大，創下有史以來新高，相信這些檢獲私煙數量只是冰山一角。 除了海關檢獲私煙之外，有傳媒發現私煙活躍程度與日俱增，更發展至「地面化」和「普及化」趨勢。有報道發現，市面上大量士多、辦館都湧現平至30元的非法香煙。加上北上消費潮流，關口煙的價錢是香港合法煙的價錢一半。現時香煙已經很貴，再加稅之後，基層煙民更加負擔不起。據推斷，將令部分煙民購買私煙或「北上食煙」 變成常態。 事實上，在去年加煙稅之前，社會上已經有不同團體、立法會議員、商會等向局方表達過「加稅會催旺私煙問題」的憂慮，沒想到竟如此快應驗。私煙屢禁不止，也反映現行控煙政策有漏洞。若現時在私煙氾濫情況之下，建議再加煙稅似乎是完全脫離現實的「鴕鳥思維」，當局作出任何決定之前，必須認真地審時度勢，三思而後行。,香港仔,未知,2024-01-18 00:00:00,http://www.lionrockdaily.com/epaper/view/newsDetail/1747663864868245504.html,未知,控煙、戒煙,中性,未知
20240101575,室内公共场所抽烟惹人厌,title: 室内公共场所抽烟惹人厌 summary: 室内公共场所抽烟惹人厌本报讯全媒体记者康冀楠报道吸烟有害健康，这是人人都知道的事。然而，记者近日走访我市车站、医院、饭店等公共场所发现，部分公共场所依然是控烟的死角，控烟工作任重而道远。正在晋安路一家饭店就餐的胡女士气愤地说。 content: 本报讯全媒体记者康冀楠报道 吸烟有害健康，这是人人都知道的事。然而，记者近日走访我市车站、医院、饭店等公共场所发现，部分公共场所依然是控烟的死角，控烟工作任重而道远。 1月14日下午，记者在我市部分商场看到，随着人们禁烟意识的增强，在商场公共区域吸烟的现象难觅。不过，记者在商场卫生间门口的垃圾桶内依旧能看到散落的烟头。随后，记者来到我市一所三甲医院的住院部，尽管墙上有禁止吸烟的标识，但在一些楼层的电梯口和卫生间门口，仍聚集着不少烟民。 除了上述的公共场所，我市一些饭店也是烟雾缭绕。1月14日晚，记者走访了市区部分餐馆饭店，许多饭店大厅内有顾客在“吞云吐雾”，并不顾及周围的食客。“在饭店吃饭，就怕遇到抽烟的，呛得人受不了，衣服上还都是烟味，很难闻。”正在晋安路一家饭店就餐的胡女士气愤地说。,开封日报,未知,2024-01-17 00:00:00,http://epaper.kf.cn/paper/kfrb/2024-01-17/details.html?details=6&edition=1,未知,控烟,负面,未知
20240101569,我市健康内蒙古行动考核位列自治区第一,title: 我市健康内蒙古行动考核位列自治区第一 summary: 我市健康内蒙古行动考核位列自治区第一本报讯在日前结束的2022年度健康内蒙古行动考核中，我市以综合得分91.2分取得自治区第一名的好成绩。 content: 本报讯 在日前结束的2022年度健康内蒙古行动考核中，我市以综合得分91.2分取得自治区第一名的好成绩。 近年来，我市严格按照健康内蒙古行动各项部署要求，始终高度重视推进实施健康乌海行动，不断加大支持力度，强化保障措施，丰富行动内容，针对影响健康的主要因素，聚焦重点人群，坚持预防为主，实施综合防控，将主要健康指标纳入全市卫生健康事业高质量发展考核指标体系，推动健康融入所有政策，不断增强健康在经济社会发展中的地位和作用，努力打造共建、共治、共享的社会健康治理新格局。 我市紧紧围绕“全方位干预健康影响因素”，深入实施健康知识普及、全民健身、控烟、合理膳食、心理健康促进、健康环境促进等6个专项行动；围绕“维护全生命周期健康”，深入实施妇幼健康促进、中小学健康促进、职业健康促进、老年健康促进等4个专项行动；围绕“重大疾病防控”，深入实施心脑血管疾病防治、癌症防治、慢性呼吸系统疾病防治、糖尿病防治、传染病及地方病防控等5个专项行动；围绕“地域文化创新”，深入实施中医药（蒙医药）振兴、全民健康信息化推进2个专项行动。 为切实提高居民健康素养水平，我市下足功夫，全方位、全周期维护和保障人民健康，全面推进健康乌海建设。我市居民健康素养水平达30.6%，提前达到自治区2030年预期目标。健康乌海17项专项行动稳步推进，健康城市建设遥遥领先，2021年被确定为自治区健康影响评价评估制度建设首个国家试点城市，在全国健康城市评价中位列自治区第一名，获评自治区健康城市建设样板市。积极发展中蒙医预防保健服务，发挥中蒙医药在“保健康、防重症”中的独特优势和作用，中医和蒙医医院设置“治未病”科、康复科比例达100%。不断完善全民健康信息平台，全民健康信息化建设基本实现全市医疗卫生机构的全覆盖。现已建成涉及公共卫生、医疗服务、药品监管、综合管理等方面的全民健康信息平台，率先在自治区启动影像云中心建设，持续提高全民健康水平，不断满足群众对健康生活的新要求。 （王耀立）,乌海日报,未知,2024-01-17 00:00:00,http://szb.wuhainews.org.cn/paper/pc/content/202401/17/content_44551.html,未知,控烟,中性,未知
20240101563,立法控烟势在必行,title: 立法控烟势在必行 summary: 控烟令禁烟令在我国并不是一个新鲜概念。近年，城市控烟有法可依不断加速，国内多地陆续修订或出台控烟政策，城市控烟立法步伐明显加快。目前，国家层面的立法正在积极推动，同时也要求各个地方结合地方的实际情况出台控烟的法律法规。 content: 全媒体记者康冀楠 “控烟令”“禁烟令”在我国并不是一个新鲜概念。近年，城市控烟“有法可依”不断加速，国内多地陆续修订或出台控烟政策，城市控烟立法步伐明显加快。目前，国家层面的立法正在积极推动，同时也要求各个地方结合地方的实际情况出台控烟的法律法规。 立法控烟，势在必行。这意味着将控烟提升到了法律层面，因而使控烟实现有法必依、违法必究。从不少城市实现室内公共场所全面禁烟来看，目前整体执行效果良好。 当前，健康中国行动、健康中原行动和健康开封行动都把控烟工作列入了专项行动之一。只有尽快推进无烟环境建设、加快对控烟行动的立法进程，才能让控烟工作有法可依，人民健康得到保障。此外，政府部门还可设立违反控烟条例行为的举报电话，受理来自个人、单位举报的控烟投诉事项，建立专业的监督检查队伍，制定严格的监督检查措施和具体的惩处细则，确保公众严格遵守禁止在公众场合吸烟的法规和规定。,开封日报,未知,2024-01-17 00:00:00,http://epaper.kf.cn/paper/kfrb/2024-01-17/details.html?details=13&edition=1,未知,控烟,中性,未知
20240101605,控烟不能仅靠倡议和宣传,title: 控烟不能仅靠倡议和宣传 summary: 控烟不能仅靠倡议和宣传本报讯全媒体记者康冀楠报道据了解，我国自2011年起，在所有室内公共场所、室内工作场所、公共交通工具和其他可能的室外工作场所全面禁止吸烟。 content: 本报讯全媒体记者康冀楠报道 据了解，我国自2011年起，在所有室内公共场所、室内工作场所、公共交通工具和其他可能的室外工作场所全面禁止吸烟。但是，很多市民表示，杜绝这些场所的“吞云吐雾”，光靠倡议和宣传不行，如果没有强制手段，很难落到实处。 吸烟除了给自己和他人的身体健康造成危害外，在公共场所吸烟，还会带来火灾等其他社会问题。记者了解到，目前按照规定，几乎所有室内公共场所都张贴了禁止吸烟的标志，但这些规定仅仅是对公共场所经营者的原则性要求，约束的只是经营者，无法对吸烟者进行处罚，也没有对执法主体的执法范围提出明确要求，操作性不强，控烟效果不好。在我国，烟民基数偏大，部分烟民的法律意识欠缺，绝大多数人还把吸烟当作是正当的生活消遣，对控烟执法不理解、不支持。对这种行为，仅仅靠公众的谴责并没有真正的约束力。,开封日报,未知,2024-01-17 00:00:00,http://epaper.kf.cn/paper/kfrb/2024-01-17/details.html?details=8&edition=1,未知,控烟,中性,未知
20240101599,银川社区控烟给全国“打样”,title: 银川社区控烟给全国“打样” summary: 银川社区控烟给全国打样。同时，引入第三方心理咨询团队为戒烟者疏导内心对烟草的依赖，每周开展健康讲座讲解戒烟知识，再通过‘钉钉’打卡群，由专家推送戒烟技巧和鼓励信息，烟友们分享戒烟经验，让戒烟者增强戒烟信心。 content: 恩和社区二楼专门设立了心理宣泄区，帮助“烟民”释放戒烟过程中的不良情绪。 “烟民”分享戒烟经历，万宝娟做记录。 恩和社区工作人员为蒋桂林量血压。 由吸烟带来的健康危险是可预防的，其预防之本，便是厉行控烟。2021年底，在国家和自治区卫生健康委员会的关心支持下，银川市正式启动国家社区戒烟综合干预试点项目。两年来，银川市通过探索实践，蹚出了一条以社区戒烟小切口撬动健康宁夏大治理的新路子，银川也因此成为国内唯一入选世卫组织“社区戒烟综合干预模式的多中心临床研究项目”的城市。 “宁夏银川控烟工作经验值得学习，也带动了整个健康中国建设工作的新局面。”去年，国家卫生健康委员会副主任于学军对银川控烟工作给出如上评价。 银川何以能在控烟工作方面为全国“打样”？ 一个42年烟龄 一个20年烟龄 两位老“烟民”成功戒烟 1月9日上午，在银川市西夏区朔方路街道恩和社区二楼戒烟门诊咨询室，梧桐花园社区卫生服务站主管护师万宝娟听取3位纳入社区戒烟心理干预项目的“烟民”分享戒烟经验，评估他们的健康状况。 “以前烟瘾重的时候一天两包烟，一个月最少得3条烟。”从1982年一盒烟3毛5分钱到现在一盒烟十几块，68岁的蒋桂林抽了42年的烟，尽管明白吸烟有害，但就是下不了决心。 “2022年4月，社区卫生专干上门宣传银川市社区戒烟综合干预试点项目，既然能帮助戒烟，就想先加入看看，能戒掉当然最好。”自此，每个月蒋桂林都会和其他“烟民”一起到社区报到，听健康讲座，还有心理咨询师帮他们疏导戒烟带来的焦虑、心烦意乱、抑郁等情绪变化。 42年的烟龄，说戒就戒，真没那么容易。 “第一天戒烟还挺新鲜，感觉什么事都没有，之后几天喉咙发干，早上起来有轻微的咳嗽，看到别人抽烟，真的就像几天没吃饭的人，突然看到了山珍海味一样。”蒋桂林说，当时的感受只有戒过烟的人才知道有多么强烈多么难受，“平常养成了起床后抽一根烟的习惯，所以每天到那个点，身体就会提示你该抽烟了！”蒋桂林坦诚地说，他坚持了一周后，还是没忍住，又抽上了。 不过，“自从加入戒烟项目，老伴就成了监督员，在家不敢抽，出门碰上社区工作人员，他们就劝导我，想着大家都是为了我们的身体健康着想，就下狠心要彻底戒掉。”蒋桂林通过嗑瓜子、吃糖、散步等方式转移注意力，“反正就不让自己闲着”。 就这样过了两三个月，“想抽烟的感觉慢慢变淡了，现在别人抽烟，我自己闻着都难受。”蒋桂林笑着跟万宝娟开玩笑说，“万大夫，你看我的脸色是不是好多了，以前抽烟，肤色黑青。”万宝娟笑着回应，“不仅脸色好，还看着年轻有活力了。” “很多‘烟民’说烟瘾难戒，其实，只要自己的意志力够强大，戒烟，并没有什么困难的。只要熬过了前10天，戒烟的效果就出来了，有时候看见别人抽烟，虽然身体会难受，但最起码能控制自己不再吸烟了。” 说这话的是53岁的江历，烟龄20年，自从去年夏天承包了恩和社区的幸福食堂后，在社区工作人员的监督下成功戒烟。 “之前干过工程，一天两包中华，不管干啥都在抽烟，不仅自己抽，还用来男人之间的交际，你来我往互相递烟，一个月下来光烟钱就得3000多元。”当健康遇到人情世故，江历最终选择了健康。 去年7月，江历承包的幸福食堂开业，“社区工作人员建议我打造无烟食堂，首先自己得身体力行。” 因食堂紧挨着恩和社区，江历和社区工作人员低头不见抬头见，“只要他们碰见我抽烟就来劝导，后来，我见到社区工作人员都成条件反射了，立马把烟掐掉。”也正是在社区工作人员耐心的劝导下，江历吸烟的量从一盒减到半盒，再到15根、10根、3根、1根，直到半个月后彻底戒断。 “小半年不抽烟了，不咳不喘，感觉肺活量明显提高了，嗓子也比以前更清爽。”江历用自己的经历认定，“没有戒不了的烟，关键得看你自己想不想戒，内心的动力足不足。” “一人戒”反复戒反复吸 “众人帮”不受罪戒得快 社区戒烟试点项目让烟头越来越少 对于吸烟者来说，戒烟是一件非常困难的事情，很少有人能轻松成功戒烟。 为了将“一人戒”，没方法、没人帮、反复戒、反复吸，变成“众人帮”，不花钱、不受罪、戒得快，戒彻底，2021年底，银川市在国家和自治区卫健委的关心支持下，正式启动国家社区戒烟综合干预试点项目。 凡纳入银川市社区戒烟综合干预试点项目的社区，在项目扶持下设立社区控烟工作站、戒烟门诊咨询室、心理干预辅导室，目的是让“烟民”近距离认识烟草成分，让他们对吸烟造成的身体损害和对他人健康造成的威胁，认识更加清晰，让他们彻底戒断烟草的决心更加强烈。同时，为戒烟对象提供定期随访、简短戒烟咨询指导、心理干预、健康体检等服务。 恩和社区是银川市开展社区戒烟综合干预工作的试点之一。 “我们从2021年12月开始这项工作，共摸排有吸烟史的居民398人，其中138人愿意戒烟。”该社区党委书记高淑琴介绍，这138人有戒烟意愿的居民年龄从24岁到79岁不等，烟龄最长的达50多年。 “这138人纳入社区戒烟综合干预试点项目，建档统一管理，并通过体检评估他们的身体水平和肺功能状态。其亲友作为监督者，再由社区卫生专干每周定期跟踪随访。同时，引入第三方心理咨询团队为戒烟者疏导内心对烟草的依赖，每周开展健康讲座讲解戒烟知识，再通过‘钉钉’打卡群，由专家推送戒烟技巧和鼓励信息，烟友们分享戒烟经验，让戒烟者增强戒烟信心。”高淑琴表示，通过该项目科学的戒烟方式，社区目前减烟人数达98人，戒烟人数达28人。 随着社区戒烟综合干预试点项目的推进，小区居民控烟、戒烟意识明显提升，地上的烟头越来越少。“以前小区每个月捡5斤左右的烟头，通过现在的戒烟活动，两三个月能捡5斤左右。捡回来的烟头有时候掰开，放在水里浸泡，用来浇花，大部分直接送到垃圾分类房处置。”高淑琴说。 作为银川市社区戒烟综合干预试点县区，西夏区卫健局相关负责人表示，2023年以来，西夏区在28家基层医疗卫生服务机构成立戒烟服务团队64支。在社区居委会、社区卫生服务机构设置社区控烟工作站59个、戒烟咨询点19个、心理干预辅导室57个、健康教育（控烟）宣传阵地64个，成立社区控烟服务团队223支，实现了阵地全覆盖。还推出中医特色疗法，运用耳穴疗法、穴位按摩、中草药茶饮、针灸疗法等中医药特色戒烟干预，帮助戒烟对象减轻戒断症状，提高戒烟效果。 同时，倡导妇女做家庭控烟的“宣传员”“监督员”，对持续戒烟的居民给予奖励，并通过示范带动等方式持续推进无烟环境建设。 （下转04版） 本报记者 安小霞/文 韩胜利/图,新消息报,未知,2024-01-17 00:00:00,http://szb.nxrb.cn/xxxb/pc/con/202401/17/content_106378.html,未知,控烟、戒烟,中性,未知
20240101593,三伏潭镇爱卫运动齐参与,title: 三伏潭镇爱卫运动齐参与 summary: 记者张钰通讯员熊端）1月8日一大早，在三伏潭镇各村居随处可见红马甲忙碌的身影，他们沿着村部、公路打扫卫生，捡拾垃圾杂物，营造干净、整洁、有序的城乡环境。积极开展控烟工作，广泛张贴禁烟标志，张贴爱国卫生宣传海报标语36处，创建人人关心环境卫生的氛围。 content: 本报讯 （记者 张钰 通讯员 熊端） 1月8日一大早，在三伏潭镇各村居随处可见“红马甲”忙碌的身影，他们沿着村部、公路打扫卫生，捡拾垃圾杂物，营造干净、整洁、有序的城乡环境。 三伏潭镇持续推进爱国卫生运动，巩固国家卫生镇创建成果，运用共同缔造理念，将全镇主次干道、背街小巷、公园广场等进行网格划分，组织党员干部、志愿者包保到片、责任到人，已清障除杂62公里，清除乱堆乱放20余处，清捡打捞垃圾1吨。 镇爱卫办联合市场监管所、卫生院等职能部门对餐饮门店环境卫生、经营证照情况、“三防”设施及操作间规范等开展大摸排，督促不合格的门店按要求办理相关证照，确保食品经营环境卫生整洁。积极开展控烟工作，广泛张贴禁烟标志，张贴爱国卫生宣传海报标语36处，创建人人关心环境卫生的氛围。,仙桃日报,未知,2024-01-17 00:00:00,http://www.xiantaoribao.com/html/2024-01/17/content_11958_16978677.htm,未知,控烟,中性,未知
20240101587,推动两部法规有力有效贯彻实施,title: 推动两部法规有力有效贯彻实施 summary: 1月16日上午，市人大常委会召开《珠海经济特区审计条例》《珠海经济特区公共场所控制吸烟条例》实施座谈会，深入学习贯彻习近平总书记关于审计工作的重要论述、关于健康中国建设的重要论述，推动两部法规有力有效贯彻实施。市人大常委会领导闫昊波、武林出席会议。 content: 本报讯 记者陈雁南报道：1月16日上午，市人大常委会召开《珠海经济特区审计条例》（以下简称《审计条例》）《珠海经济特区公共场所控制吸烟条例》（以下简称《控烟条例》）实施座谈会，深入学习贯彻习近平总书记关于审计工作的重要论述、关于健康中国建设的重要论述，推动两部法规有力有效贯彻实施。 据了解，《审计条例》《控烟条例》由市十届人大常委会第十八次会议表决通过，于今年1月1日起施行。 会上，市人大常委会法工委负责同志介绍了《审计条例》《控烟条例》的主要内容。 市审计局负责同志表示，将深入推进《审计条例》落到实处，全面贯彻落实“谁执法谁普法”普法责任，加强审计机关学习运用《审计条例》能力建设，全力推动我市审计工作高质量发展。市财政局负责同志表示，将在财审联动上下功夫，在监督计划互通、信息共享、线索移交和成果利用等方面加大力度，增强工作合力。市国资委负责同志表示，将坚决贯彻执行《审计条例》相关要求，加快建立健全以管资本为主的监管体系，助推市属国有企业行稳致远。 市爱卫办、市卫生健康局负责同志表示，将继续深入开展省级无烟单位创建活动，在全社会控烟方面起到引导和示范作用，不断推进戒烟门诊建设，为烟民提供科学戒烟咨询服务。市教育局负责同志表示，将定期开展对各区各校的实地检查与督查工作，将禁烟控烟工作纳入各区各校年度考核内容，纳入各区文明学校、健康学校创建考核范围。市城市管理综合执法局负责同志表示，将严格开展控烟执法，督促公共场所经营者、管理者规范设置禁止吸烟标识，对各类违法行为坚决予以处罚，开展专项整治行动，有效打击相关违法行为。市烟草专卖局负责同志表示，将加大对涉烟违法行为的打击力度，依法对违法生产、销售烟草制品及电子烟等情况进行监督执法，加大对未成年人的保护力度，严厉查处向未成年人销售烟草制品等行为。 市政府负责同志表示，要坚持党对审计工作的集中统一领导，完善党领导审计工作的运行机制。要健全审计工作报告机制，更好推动人大监督与审计监督的衔接贯通。要构建审计整改总体格局，充分利用审计整改成效提升政府治理效能。要规范审计监督权力运行，持续推进全市审计队伍能力与作风协同进步。要坚持法治引领，增强控烟工作的紧迫感和责任感。要广泛开展宣传，使广大群众了解、关注、支持、参与《控烟条例》的实施，营造良好氛围。要明确分工，加强监督执法力度，建立健全投诉举报协调机制，积极提供戒烟门诊服务，动员群众广泛参与，共同推进无烟珠海建设。 会议强调，要统一思想，提高认识，准确把握两部法规颁布实施的重要意义，切实履行法定职责，形成工作合力，抓紧抓实抓好贯彻落实工作。要加大执行力度，加强对两部法规贯彻落实的组织领导，细化分工、明确项目、抓好落实，确保两部法规有实效、不走样。要加强宣传解读工作，创新宣传方法，不断扩大社会宣传效果，为两部法规全面贯彻实施营造良好氛围。要加强人大监督，综合运用听取专项报告、执法检查、专题调研等监督形式，充分发挥人大代表作用，确保两部法规全面落实。 市人大常委会领导闫昊波、武林出席会议。,珠海特区报,未知,2024-01-17 00:00:00,http://zhuhaidaily.hizh.cn/html/2024-01/17/content_74963_261227.htm,未知,控烟、戒烟,正面,未知
20240101581,建设无烟医院  为健康护航,title: 建设无烟医院 为健康护航 summary: 记者李严）同志，‘这里是无烟医院’，请不要吸烟。1月16日，在安徽理工大学第一附属医院住院部卫生间处，一名患者家属正准备将烟点上，马上被禁烟劝导员看到后制止。另外，还定期对医院内超市、小卖部巡查巡视，签订不销售烟草协议，确保院内无烟草广告、促销和赞助行为，为患者及医务人员保证无烟清新的环境。 content: 本报讯（记者 李严）“同志，‘这里是无烟医院’，请不要吸烟……”1月16日，在安徽理工大学第一附属医院住院部卫生间处，一名患者家属正准备将烟点上，马上被禁烟劝导员看到后制止。 据介绍，安徽理工大学第一附属医院（淮南市第一人民医院）深入实施关于健康促进医院建设的统一部署和要求，充分发挥医疗卫生机构及医务人员的控烟戒烟示范引领作用，切实保护医务人员和广大人民群众身体健康，无烟医院建设成绩斐然。 自2016年建设无烟医院以来，该医院通过门户官网、每月宣传栏、悬挂宣传横幅、控烟环保袋、进社区宣讲等20余种宣传形式，组织戒烟专家多次深入周边社区，宣传控烟知识。截至2023年底，医院共发放宣传材料10万余份，电视、电子屏宣传次数共计5.2万余次；微信推送2400余次，医务人员培训达4000余人次。另外，医院利用孕妇学校进行线上、线下控烟知识宣传，受益人群达4.2万余人次，有力地推动无烟环境的宣传，营造“全民参与控烟、人人享有健康”的良好氛围。 在安徽理工大学第一附属医院大门口、院内建筑物入口、厕所走廊等处，淮河早报、淮南网记者均看到了张贴有“禁止吸烟”的标识。据介绍，按照无烟卫生机构标准，该医院室内全面禁烟，所有场所无烟头。各区域、各科室控烟督导员、禁烟劝导员，在院内随时巡视巡查，发现吸烟者及时劝阻。另外，还定期对医院内超市、小卖部巡查巡视，签订不销售烟草协议，确保院内无烟草广告、促销和赞助行为，为患者及医务人员保证无烟清新的环境。,淮河早报,未知,2024-01-17 00:00:00,http://hhzb.huainannet.com/content/202401/17/content_150919.html,未知,控烟戒烟、控烟、戒烟,中性,未知
20240101648,"无烟宣传进校园
  撑起健康“保护伞”",title: 无烟宣传进校园 撑起健康“保护伞” summary: 撑起健康保护伞。下一步，景区社会事业局将通过各类宣传活动将无烟校园、无烟党政机关、无烟家庭等无烟环境建设工作引向深入，提升群众对烟草危害的认识和健康素养，营造浓厚的宣传教育氛围，引导大家养成文明健康生活方式，共建共享无烟环境。 content: 云台山景区社会事业局 无烟宣传进校园 撑起健康“保护伞” 为普及吸烟的危害性，倡导广大青少年远离香烟，崇尚健康文明的生活方式，1月11日下午，云台山景区社会事业局在云台中学组织开展“无烟佳节 与爱同行”主题宣传活动，200余名学生聆听了主题讲座，充分认识了烟草危害，了解了更多控烟核心知识。 主题讲座系统科普了烟草烟雾和电子烟的危害，帮助青少年树立“拒吸第一支烟，做无烟新一代”的理念，倡导广大青少年远离香烟，崇尚健康文明的生活方式。并鼓励广大青少年成为学校、家庭控烟监督员，促进无烟学校、无烟家庭建设。通过“小手牵大手”活动，引导家长不吸烟，主动戒烟，为青少年健康成长作表率。 本次活动提升了学生对烟草危害的认知，号召大家通过“小手牵大手”活动，引导家长不吸烟，主动戒烟，为青少年健康成长作表率。同学们纷纷表示，将主动远离传统烟草制品和电子烟，坚决不吸第一支烟，并劝导亲友早戒烟，培育“不送烟、不递烟、拒香烟”的健康文明家风。 下一步，景区社会事业局将通过各类宣传活动将无烟校园、无烟党政机关、无烟家庭等无烟环境建设工作引向深入，提升群众对烟草危害的认识和健康素养，营造浓厚的宣传教育氛围，引导大家养成文明健康生活方式，共建共享无烟环境。（金立江）,连云港日报,未知,2024-01-16 00:00:00,http://lygrbepaper.lygfb.cn/Article/index/aid/8159186.html,未知,控烟、戒烟,中性,未知
20240101661,万福镇卫生院开展 “无烟佳节与爱同行”控烟宣传,title: 万福镇卫生院开展 “无烟佳节与爱同行”控烟宣传 summary: 通讯员彭晓东）每到佳节，敬烟、送烟几乎成了必不可少的礼节。同时，许多人也表示会积极倡导无烟家庭无烟佳节等理念，希望能在社区内形成一股新的健康生活风尚。 content: 随州日报讯（通讯员彭晓东）每到佳节，敬烟、送烟几乎成了必不可少的礼节。然而，今年随县万福镇卫生院发起了一项健康倡议——“无烟佳节与爱同行”，倡导大家过节不吸烟、不敬烟、不送烟，推动公众对健康生活方式的认知，减少烟草对人们健康的危害。 作为“无烟佳节与爱同行”宣传活动的一部分，万福镇卫生院医务人员和蒲公英万福店社工来到街道开展健康宣传，详细介绍了烟草对健康的危害，以及如何建立和维护无烟环境。活动还针对社区儿童和青少年开展健康教育，希望从下一代开始培养无烟的生活习惯。 “烟草是全球最大的公共卫生威胁之一。每年，烟草使用导致近800万人死亡。”该院负责人表示，“我们的目标是帮助人们了解烟草的危害，让更多的人加入无烟行列，共同创造一个更健康、更美好的社会。” 此次活动得到了社区居民的热烈响应。许多居民表示，他们将积极响应这一倡议，从自身做起，远离烟草，为自己和家人创造一个更加健康的生活环境。同时，许多人也表示会积极倡导“无烟家庭”“无烟佳节”等理念，希望能在社区内形成一股新的健康生活风尚。,随州日报,未知,2024-01-16 00:00:00,http://szrb.sz-news.com.cn/szrb/20240116/html/content_20240116004007.htm,未知,控烟,正面,未知
20240101667,  控烟宣传义诊活动进工地$$2,title: 控烟宣传义诊活动进工地$$2 summary: 1月10日，确山县人民医院联合中建投工程技术有限公司前往新区医院项目工地开展控烟宣传义诊活动。义诊现场，医护人员为工人们测血压、测血糖，耐心细致地解答他们提出的问题，并为他们提出合理的治疗方案。 content: 1月10日，确山县人民医院联合中建投工程技术有限公司前往新区医院项目工地开展控烟宣传义诊活动。 义诊现场，医护人员为工人们测血压、测血糖，耐心细致地解答他们提出的问题，并为他们提出合理的治疗方案。 此次活动是践行“健康天中行·大医献爱心”乡村振兴志愿服务专项行动和健康促进“三进两建一帮扶”行动的有效举措，充分展现了党员干部的先锋模范作用。该院将以此次活动契机，广泛开展志愿服务活动，不断提高人民群众看病就医的幸福感、获得感。 （全媒体记者 杨丽 通讯员 刘丽君）,天中晚报,未知,2024-01-16 00:00:00,http://tzwb.zmdnews.cn/tzwb/20240116/html/content_20240116014002.htm,未知,控烟,中性,未知
20240101690,让我们一起向香烟说“不”,title: 让我们一起向香烟说“不” summary: 让我们一起向香烟说不。世界卫生组织的统计数字显示，全世界每年因吸烟死亡的人数高达600万，每6秒即有1人死于吸烟相关疾病。因此，吸烟不仅会诱发基因恶性突变，更可怕的是，烟草烟雾中的化合物和有害物质还会加速基因的损伤和阻止基因的修复，从而诱发癌症。 content: “吸烟有害健康”都成了老生常谈，甚至被印在了烟盒上，烟民依旧没能放下手里的烟。据世界卫生组织的数据显示：中国人口占世界人口的比例不到五分之一，但烟草的消费却占全世界的三分之一，居全世界第一位，比第二到第五位（印度尼西亚、日本、俄罗斯和美国）加起来都多。 手里的烟不仅在害你自己，还在害越来越多的人！禁烟控烟，从你我做起，让我们一起向香烟说“不”！ 一手烟害自己 世界卫生组织的统计数字显示，全世界每年因吸烟死亡的人数高达600万，每6秒即有1人死于吸烟相关疾病。在所有经常吸烟者中，约有一半的人因吸烟而死亡，其中一半人在35~69岁去世。 吸烟致病具有潜伏性，无论何时戒烟，戒烟者的寿命都会长于继续吸烟者。 很多人都知道，吸烟与肺癌有着密不可分的关系，许多研究以及临床也验证了这一点。烟草烟雾中含有超过7000种化合物，数百种有害物质，其中既有致癌剂，又有促癌剂。因此，吸烟不仅会诱发基因恶性突变，更可怕的是，烟草烟雾中的化合物和有害物质还会加速基因的损伤和阻止基因的修复，从而诱发癌症。 实际上，除了肺癌，几乎所有常见癌症都和吸烟有一定关系。吸烟还可以导致口腔和鼻咽部恶性肿瘤、喉癌、食管癌、胃癌、肝癌、胰腺癌、肾癌、膀胱癌和宫颈癌等癌症。吸烟者的吸烟量越大、吸烟年限越长，罹患恶性肿瘤的风险就越高。 所以，吸烟首先会严重伤害你自己的身体健康。 二手烟害身边人 如果说一手烟伤害的是自己，那二手烟伤害的就是身边最亲近的人。 世界卫生组织和中国疾控中心联合发布《中国无烟政策，效果评估及政策建议》报告指出中国有将近7.4亿人每天暴露在二手烟雾的危害之下，在中国，每年约有十万人死于二手烟的环境。 同时二手烟暴露也是导致冠心病的重要因素。相关数据显示，全球有估计38.2万人由于二手烟暴露而引发冠心病死亡，占冠心病总死亡人数的4.3%，是死于二手烟总人数的三分之一。所以，你的二手烟正在伤害着离你最近的人。 三手烟害他人 而最容易被人忽视的三手烟同样值得警惕。 “三手烟”是指附着在衣服、墙壁、地毯、家具甚至头发和皮肤等表面的残留烟草烟雾，所含的有毒成分包括氢氰酸、丁烷、甲苯、砷、铅、一氧化碳以及超过十种高度致癌的化合物。 研究发现，三手烟的危害同样适用于人类，尤其是婴幼儿。婴幼儿躺着或爬行，特别容易触摸地板、地毯以及墙壁、窗帘和家具等。他们比成人更易接触物体表面，是三手烟的高危人群。儿童是一个特别脆弱的人群，他们通过吸入、摄入和皮肤接触暴露于三手烟毒物。 不仅如此，三手烟在室内停留的时间相当长，香烟熄灭后6小时它们依然存在，三手烟污染持续时间也比一手烟和二手烟更长，甚至几个月都不消失。这些残留物可能会与室内的其它污染物产生反应然后形成一种有毒的混合物。在该环境的人可以通过呼吸道吸入、消化道吸收和皮肤接触这3种途径接触到三手烟。 而其最直接的后果就是引起接触者的呼吸系统问题，如急性支气管炎、哮喘等。另外，环境中的烟草残留物，包含铅和砷等有毒物质，对神经系统、循环系统等造成危害。 （健康时报）,茂名日报,未知,2024-01-15 00:00:00,http://www.mm111.net/mpaper/2024-01/15/content_991381501.html,未知,控烟、戒烟,中性,未知
20240101705,提升健康素养水平 共建共享“健康淮南”,title: 提升健康素养水平 共建共享“健康淮南” summary: 没有全民健康，就没有全民小康。近年来，市疾控中心坚持以人民健康为中心，多举并措扎实推进健康教育与健康促进各项工作，助力我市国家卫生城市创建，为人民群众创造优美舒适、卫生健康的良好环境，提升人民群众的幸福指数。截至2023年底，我市已实现无烟党政机关建设100%、无烟医院建设100%、无烟学校建设100%。 content: 本报通讯员 肖 燕 本报记者 何婷婷 “没有全民健康，就没有全民小康。”近年来，市疾控中心坚持以人民健康为中心，多举并措扎实推进健康教育与健康促进各项工作，助力我市国家卫生城市创建，为人民群众创造优美舒适、卫生健康的良好环境，提升人民群众的幸福指数。 构建横向到边纵向到底的健康教育网络 市疾控中心在市创卫办的安排及各级部门的大力支持下，牵头创建了横向到边、纵向到底，涵盖党政机关、医疗机构、中小学校、街道社区等七个类别的市区两级健康教育工作网络，为全市健康教育工作的有效开展提供了组织保障。 同时，结合《国家卫生城市和国家卫生县标准》及《安徽省健康县区评估细则》，制定并下发了《淮南市创建国家卫生城市工作实施方案》及《创建国家卫生城市健康教育与健康促进工作细则》，将健康教育与健康促进各项工作要求落到实处，做到县区部门有抓手，基层单位有参照，营造全社会共同参与的良好氛围。 为进一步提升健康教育网络成员单位及县区健康教育工作人员能力，2023年以来，市疾控中心在市创卫办组织下多次举办市区两级面向基层的《健康教育与健康促进》业务培训，参会人员近400人，涵盖学校、医院、党政机关、企业等多类别部门，有效推动了健康教育与健康促进工作的全面开展。中心健康教育专家多次深入企事业单位、医院、学校、街道社区等近80个健康教育网络单位进行现场督导，结合相关标准手把手、面对面指导，针对督导中发现的问题及时提出整改意见和建议，有效推进了创卫工作的规范开展。 推动健康科普宣传教育走进大众深入人心 在淮南日报、淮南广播电视台开设科普知识专栏，刊发或刊播关于预防常见传染病、健康生活方式、控烟等相关内容及公益广告；市卫健委网站设健康科普知识专栏，市疾控中心、各医院通过网站、微信公众号等广泛开展科普宣传；市疾控中心组织计划免疫、流行病学、慢性病防治专家走进电视台、广播电台，以多形式宣传疫苗接种、传染病防控及健康生活方式等内容......健康科普走进大众、深入人心，提升了群众健康素养水平。 同时，紧密围绕群众健康需求和卫生防病工作重点，市疾控中心开展多种形式的健康教育活动。在“世界卫生日”“3.24防治结核病日”等卫生健康宣传日，组织全市医疗卫生机构广泛开展宣传活动，围绕《健康素养66条》、“三减三健”等内容，以悬挂横幅、设立咨询台、发放宣传资料、健康教育讲座及咨询活动等形式，大力宣传每个人都是自己健康第一责任人的理念，积极引导公众主动学习健康知识、掌握自我防护技能。健康素养调查结果显示我市居民健康素养水平呈现逐年提升的良好态势，并且高于安徽省平均水平。 健康县区建设是推进健康中国建设，落实健康中国行动的重要抓手之一。截至2023年底，我市已经实现省级健康县区建设全覆盖。寿县、田家庵区正在积极打造建设亮点，力争达到国家健康县区建设标准。目前已经完成创建的县区继续推进健康县区各项工作建设、健康细胞建设，加大健康社区、健康家庭及健康医院的创建力度。 营造全社会共同参与控烟行动的良好氛围 在2023年“5.31世界无烟日”期间，市卫健委、市疾控中心牵头组织各县区开展了形式多样的宣传活动，积极营造全社会共同参与控烟行动的良好氛围。市卫健委、市疾控中心、田家庵区疾控中心联合田家庵区教体局、田家庵区卫健委在全区中小学校举办青少年“绘少年力量 画无烟未来”绘画征集比赛。本次征集活动得到田家庵区各中小学校的大力支持和中小学生的积极参与，共征集到189幅绘画作品，增强了学生们珍爱生命、远离烟草的意识。 我市将控烟内容纳入地方立法，制定了《淮南市爱国卫生条例》，此条例已自2023年1月1日起施行。截至2023年底，我市已实现无烟党政机关建设100%、无烟医院建设100%、无烟学校建设100%。,淮南日报,未知,2024-01-13 00:00:00,http://hnrb.huainannet.com/content/202401/13/content_150603.html,未知,控烟,正面,未知
20240101711,健康儋州行动暨人均预期寿命提升行动宣传活动举行,title: 健康儋州行动暨人均预期寿命提升行动宣传活动举行 summary: 健康儋州行动暨人均预期寿命提升行动宣传活动举行1月11日。健康儋州行动推进委员会办公室组织市卫健委、市健康教育所、海南西部中心医院、市人民医院、市中医医院、市妇幼保健院在市新时代文明实践中心西边广场开展以家庭齐行动共享健康新生活为主题的健康儋州行动暨人均预期寿命提升行动宣传活动。 content: 1月11日，健康儋州行动推进委员会办公室组织市卫健委、市健康教育所、海南西部中心医院、市人民医院、市中医医院、市妇幼保健院在市新时代文明实践中心西边广场开展以“家庭齐行动 共享健康新生活”为主题的健康儋州行动暨人均预期寿命提升行动宣传活动。 活动通过悬挂横幅、免费义诊咨询、发放宣传资料与宣传礼品相结合等形式宣传健康儋州暨人均预期寿命提升行动政策和健康科普知识，重点向群众普及合理膳食、科学运动、控烟限酒、心理健康、三减三健、优生优育、传染病防治等知识，倡导群众养成健康文明的生活方式，加强家庭成员健康管理，营造健康和谐的健康家庭。据统计，此次活动共计200名群众参加，发放宣传资料和宣传品约1000份。 记者了解到，在宣传月期间，我市各单位通过张贴宣传海报、发放宣传折页、播放视频等方式强化家庭健康教育宣传，深化“每个人是自己健康的第一责任人”的健康理念。同时，各单位结合工作职能和实际通过“家庭健康讲堂”“心理健康沙龙”“急救知识培训”等形式普及健康知识，组织“健康营养餐”“无烟家庭”“最美庭院”等评比评选活动，引导家庭成员积极参与爱国卫生运动，以实际行动践行文明健康绿色环保生活方式，持续营造家庭健康社会环境。 据相关负责人介绍，此次活动旨在贯彻落实健康中国战略，深入推进健康海南行动暨人均预期寿命提升行动，引导家庭成员树立健康理念、改善健康环境、提升健康素质、培养健康行为、践行健康行动、崇尚健康生活。 （儋州融媒全媒体记者符武月）,今日儋州,未知,2024-01-13 00:00:00,http://jrdz.danzhoudaily.com/html/2024-01/13/content_49857_16968960.htm,未知,控烟,正面,未知
20240101716,多元識煙害為青少年健康成長保駕護航,title: 多元識煙害為青少年健康成長保駕護航 summary: 世界衛生組織將 煙草定義為繼戰 爭、饑荒、瘟疫、污染之後的人類第五種威脅，並 將去年5.31世界無 煙日主題設為種植糧食，而非煙草。至此，協 會 為 恆常性的煙害宣教工作坊畫上了豐富色彩，工作坊現 時有四個版本，形式包括卡通故事、劇本殺、通關遊戲、團體競賽等，適合初小、高小、中學不同年齡段的同學。 content: 世界衛生組織將煙草定義為繼戰爭、饑荒、瘟疫、污染之後的人類“第五種威脅”，並將去年5.31“世界無煙日”主題設為“種植糧食，而非煙草”。近年隨著電子煙等新型煙草製品興起，對自然環境與資源的破壞，對全人類生活水準的影響，對人類健康與生命的侵害日益嚴峻。 在澳門衛生局、澳門教育及青年發展局的支持下，無煙澳門健康生活協會於去年持續加強青少年的煙害宣傳教育，舉辦豐富多元的活動，助力青少年形成遠離煙草的良好習慣，推動無煙健康文化成為社會主流。 協會去年與37間學校合作走入課堂，舉辦了超過150場“無煙校園工作坊”，並參照時下青少年喜愛的活動形式，將“劇本殺”元素與煙草危害的知識相融合，編排了全新的高小版本電子煙主題工作坊。課堂上，同學們化身小偵探，通過查探現場的蛛絲馬跡，一步步偵破小狗死亡的真相，亦瞭解到煙草對健康對環境的諸多危害。至此，協會為恆常性的煙害宣教工作坊畫上了豐富色彩，工作坊現時有四個版本，形式包括卡通故事、劇本殺、通關遊戲、團體競賽等，適合初小、高小、中學不同年齡段的同學。 協會又響應“融入大灣區”的發展策略，為青少年創造機會與平台進行人文交流，在疫情過後，再次邀得大灣區廣州、深圳和珠海組隊來澳參加第11屆“控煙與健康校際問答比賽”，與22所澳門中學的57支隊伍同場切磋。廣東第二師範學院教授袁學文表示，通過該活動平台，培養控煙與健康意識，大灣區的同學們相互交流學習，開拓視野，參賽同學成為控煙的生力軍，我們借鑒澳門青少年控煙活動經驗，開展健康校園活動，同學們將會受益終生。 而新一輪的“無煙校園”互動劇場“牛柏葉，你好嘢！”在去年5月啟動，歷時半年巡迴22所學校演出30場，近7千人次觀演。劇目講述青年Albert Yip在sales引誘下購買電子煙，穿越至尼古尼古部落，經歷酋長暴斃、族人追殺、村民中毒一系列意外，認識到電子煙危害和煙草種植對環境的破壞，進行救贖的故事。並根據2021年劇目巡演師生反饋的建議，增強互動元素，即場邀請同學扮演劇中角色，與演員即興創作台詞與表演，令同學們觀演體驗耳目一新，對煙草危害留下深刻印象。活動負責同事阿Ming表示，看到同學們捧腹大笑，又透過隨機派發的成效調研問卷結果顯示師生們通過劇場瞭解到電子煙的危害、更加堅定拒絕煙草，真切感受到自身工作的意義。 在無煙協會舉辦的各類精彩紛呈的活動之中，每年暑假兩日一夜的“控煙先鋒好友營”活動，亦深受同學期待。在“好友營”裡，同學們需要自行照顧飲食起居，鍛煉獨立自主能力，來自不同學校的30多位同學通過歷奇遊戲，很快熟絡並結交到新朋友；在戶外定向闖關遊戲，則考驗大家團隊合作精神與溝通表達能力。控煙督查亦會來到好友營，分享工作的經歷，同學們對執法充滿好奇，亦瞭解到控煙的重要性與難點。而WarGame環節則帶給同學們全新體驗，定靶射擊考驗眼力和定力，分組對抗實戰則磨煉意志力與勇氣，提升個人領導力與團隊凝聚力。好友營還特別邀請了專業教練團指導帶領同學們開展有氧運動和抗阻運動，同學們體驗到揮汗之後的神清氣爽，瞭解運動不僅強身健體，還是非常好的減壓方式。 同學們經過好友營的鍛煉，其後學以致用，透過申請協會資助，開展“無煙新世代”延伸活動，運用創意於各自校園內自行策劃組織各種類型活動，實踐在好友營所習知識與技能，將無煙健康生活的資訊傳遞至朋輩，以點帶面推動校園無煙理念的普及。 參予延伸活動的4所學校同學各展所長，於去年10月至12月初開展的一系列校園小型煙害宣傳活動豐富而多彩：設置攤位遊戲和打卡影相框，將煙害信息巧妙融入遊戲項目中，寓教於樂；自導自演拍攝視頻，並自行後期剪輯製作成控煙宣傳短片，於校內滾動播放；設計搭建煙害資訊網站；編寫煙害分析簡報並到各班進行分享交流；開展線上有獎問答遊戲和四格漫畫比賽等等。 菜農子弟中學指導老師表示，“無煙新世代”活動提供活動統籌組織的全流程指引，讓同學們全程參與：包括前期寫活動計劃書、設置收支預算、訂立活動籌備時間表，到活動推進與開展，最後財務結算、活動效果評估與報告。對於同學而言，不僅是宣傳煙害，亦是一次創意實施、組織策劃能力、團隊溝通合作、分析解決問題能力的良好實踐，對於同學日後的發展大有裨益。協會幹事Carina說，看到同學們完成的細緻詳盡的計劃書，所開展的各項多姿多彩活動，以及內容滿滿的經驗總結報告書，都感受到同學們之用心，亦感歎新世代青少年的創意、學習能力和行動力，同學們蓬勃的朝氣深深感染了自己。 無煙澳門健康生活協會理事長蔡田田總結指出，健康環境的建造與維護，離不開社會各界乃至每一位市民的支持與努力，青少年的健康成長關乎社會發展。協會將傾聽青少年的心聲，設計開展更貼近其喜好的多元活動，助力青少樹立無煙控酒理念，與各界同仁一道合力構築一張青少年健康防護網，為澳門青少年的健康成長保駕護航。 編者語: 貼近青少年興趣 打贏健康捍衛戰 在去年5月31日衛生局舉行的“2023控煙座談會”上，衛生局局長羅奕龍發言時表示，根據2022年《澳門人口煙草使用調查》結果顯示，電子煙等新型煙草製品的挑戰日益增大，2021年青少年電子煙調查結果顯示，13至15歲中學生人群的電子煙使用率由2015年的2.6%上升至2021年的4.0%，高於捲煙使用率2.1%，可見青少年的電子煙使用率有上升趨勢，且已明顯高於捲煙使用率。足以反映出，近年電子煙吸食人數持續上升，值得關注。 有煙草商曾妄言：“打敗電子煙的從來不是政策，而是另外一種更好的電子煙。”不得不承認，電子煙的確是以“百變”的進化型態，來誘使青少年成為用家。就以現時成為話題的一次性電子煙為例，因其外觀時尚、口味多元化、價格低廉，在未有禁止電子煙的國家迅速普及，其蓬勃發展足以反映了煙草商如何適應法規及削弱法規的效用。 這場與狡猾“煙魔”的健康捍衛戰，在年青人控煙宣傳教育上，如果做不到與時並進、深入淺出，那麼恐怕將難以抵擋對方咄咄逼人的攻勢。幸然，回顧去年無煙澳門健康生活協會的工作，其多元化的活動，有效靈活地成功宣傳煙害與健康知識。或許這只是小小的一步，但在一路累積、以及社會各界共同努力下，要勝出這場健康捍衛戰，亦非天方夜譚。 秋實,澳门时报,未知,2024-01-12 01:18:05,http://www.jornalsisi.com/news-cd.asp?id=69257,未知,控煙,中性,未知
20240101747,轻烟袅袅忆双亲,title: 轻烟袅袅忆双亲 summary: 时下生活中，吸烟被视为重要的不良嗜好。现代医学也告诉世人吸烟是多种疾病的诱因。社会各界控烟宣传一浪高过一浪。尽管如此，我身边友人仍有众多迷恋此物者，令人有点奈何不得的味道。点燃一支烟，轻烟洇染书房，也弥漫心灵，父母亲切的面容时隐时现，还是那熟悉的乡音：记住少抽点烟，多注意身体。 content: □ 魏琪 时下生活中，吸烟被视为重要的不良嗜好。现代医学也告诉世人吸烟是多种疾病的诱因。社会各界控烟宣传一浪高过一浪。尽管如此，我身边友人仍有众多迷恋此物者，令人有点奈何不得的味道。 提起吸烟这个话题，我总是忆起那些遥远的往事，烟雾袅袅之中，父母清晰慈祥的面容在我双眸中闪现。多少回在梦境中，父母双亲倚坐在舒适的沙发上，每人手中夹着一根香烟，悠闲地吸一口，然后吐出一团团乳白色的烟雾，微笑着与我聊着欣愉的话题。每当此时，我想他们一定在品味着温馨的天伦之乐吧！ 说来别人也许不信，在我与父亲一起度过的几十年的岁月中，我从未见他沾过一滴酒，直至他离去。我长大后曾多次不解地询问他，你担任领导工作多年，总会有一些应酬，难道也是一点酒不喝？他十分干脆地回答我：是的，年轻时试过，或是与酒天生无缘，喝一点便全身过敏，咳嗽不停，总之很不舒服，再也不喝了；时间久了，大家也都知道，应酬时也就以茶代酒了。 说来也挺有趣，我母亲却又是天生的大酒量。她平时很少喝酒，可真要是喝起来，那豪爽劲不输男性，我从未见她醉过。有一次，两位大酒量的朋友到我家做客，母亲见我败下阵来，端起酒杯说，我来陪你们喝几杯。于是，就这样一对二，一杯又一杯，直喝得两位老兄头重脚轻，连连告饶。母亲却一脸云淡风轻，悄声劝慰：不再喝了，我们一起吃饭吧。许多年以后，两位友人对母亲的海量依然记忆犹新，惊叹不已。 或许是我传承了父亲不善饮的基因，尽管我很年轻时便走上领导岗位，难免有些应酬，然我酒量甚小，喝一小杯便满面酡红，心跳加速，颇感不适。其他姊妹酒量大概随了母亲，曾任市妇联主席的妹妹亦是耐酒性颇强，每逢家中聚餐，她与母亲真的好有一拼。她不止一次地调侃我，其他方面我学你，酒量你学我。 不饮酒的父亲也有爱好，那便是吸烟了，他吸了一辈子，直到去了遥远的天国。每逢去给老人家祭奠扫墓，我一定会带着上好的香烟，一支一支地默默点燃，告慰我的至亲至爱，在另一个世界也能惬意地吐出淡淡的烟雾…… 父亲吸烟的历史很悠久。那是在抗日战争最艰苦的年代，父亲投身革命，担任家乡八路军的游击队长，后任几个区的区委书记兼区长。在当时敌强我弱的形势下，对敌斗争多是昼伏夜动，埋伏起来整夜不睡觉是常态，大家便会拿烟卷提神。有一次，他用计端掉了鬼子的一座炮楼，受到滨海军区的通令嘉奖，奖品中就有几条日本产的香烟。父亲说这是当时他吸过的最好的香烟了。 有次鬼子疯狂扫荡，他与几名队员隐蔽在一个地主家的地窖里。潜伏到第二天的时候，父亲特别想抽烟，可到哪儿找呵！一个队员便找了几片枯树叶，搓碎了用纸卷起来递给父亲。几十年过去，父亲依然记得，那种呛人的味道直冲肺腑，但总聊胜于无吧！ 吸烟的人大概总有缘由，母亲也曾告诉我，她家兄弟姐妹六人，她是老大，加上几位老人，一大家子要生活。于是，十六七岁的她便走上社会，开始了教书育人的生涯。那时学校用人一学期一聘，课时很重，母亲又是个特别认真严谨的人，白天在课堂授课，夜晚批改作业与备课。有时困得不行，姥爷便会递上一支香烟让她提提神。她说开始很不习惯，吸一口便呛得流眼泪，发誓再也不吸。后来熬夜实在难忍，又想着吸几口了。就这样断断续续，不觉间夜晚也能吸几支了。到后来，疲劳时吸几支的习惯就一直延续下来。 从我记事时起，父亲好像一直都吸一种上海出的“大前门”牌香烟，里边包着锡纸，我常把锡纸抽出来折叠成各种小玩具；有时也吸一种“飞马”牌香烟，烟盒上是一匹飞跃奔腾的骏马。逢年过节的时候，他也会拿出一种听装的“中华”牌香烟招待客人。那时烟的价格都不高，最好的品牌也就几角钱一盒，以父亲的工资水准完全消费得起。 母亲常吸的相对档次要低一些，记得是青岛出的“玉叶”牌香烟，一大片碧绿的树叶占满烟盒。那时我和大院的小伙伴建军热衷于收集烟花，身边的远远不够，我们便经常跑到火车站、汽车站旅客聚集的地方，四面八方五光十色的烟花尽收眼底。回来后小心翼翼地将到手的铺展开，夹在厚厚的一本大书里，时常拿出来欣赏，一直保存了好多年。 我从小就是在袅袅烟雾中成长的。那时候家居都不大，父母一吸烟便弥漫开来，所以我对烟雾很不敏感，甚至还感觉到有一种淡淡的烟草香味。在那遥远的年代里，并未听说过二手烟也有害，因此倒习惯了这种环境，仿佛缺少烟雾，便不再是我那个熟悉亲切的家了。 我工作后经常外出，每到一地，便会情不自禁地走进商场，选择一些当地的名烟，带回来送给父母。每当这时，他们都会欣然地拆包、点燃，吐出烟雾，品尝着儿子的孝意，那情景总也忘不掉。 记得有一回，我到西安去见陕西省作家协会主席、著名作家陈忠实，见他总是抽一种名为“巴山”牌的雪茄烟，氤氲升腾的烟雾，笼罩着他皱褶纵横的黧黑脸膛，真像一座“思想者”的雕塑。我问他为什么不抽普通烟卷，他说那烟太清淡，抽起来没味道，雪茄劲头大，香得很哩。 返程时我专门买了几盒“巴山”雪茄，回来送给老人。他们新奇地吸了几口，连声说，这烟味道浓烈，有一种特殊的口感，不错！ 或许是长久的烟雾浸润了我的行为感知，加之我一直在宣传文化系统工作，又喜好文学创作，夜深人静之时奋笔疾书已成惯常。不知从何时起，困倦袭来，便悄然从茶几上抽出父母的几根烟，点燃吸几口，精神便振奋起来，又开始执着地写下去。久而久之，竟形成了一种习惯：点起一支烟，有时吸不了几口，只是要那白雾缓缓升起，渐在身旁萦绕，仿佛只有这时，我的灵感才会飞扬，文字如清泉般流淌…… 父母离世时都很平静安详，之前似乎看不到什么征兆，并未在病榻上久留，只是在一瞬间便永远合上了双眸，不想给儿女留下任何负担。 我又在文海间开始遨游了。点燃一支烟，轻烟洇染书房，也弥漫心灵，父母亲切的面容时隐时现，还是那熟悉的乡音：记住少抽点烟，多注意身体……,连云港日报,未知,2024-01-12 00:00:00,http://lygrbepaper.lygfb.cn/Article/index/aid/8153778.html,未知,控烟,中性,未知
20240101726,有人在妇幼医院“喷云吐雾”,title: 有人在妇幼医院“喷云吐雾” summary: 有人在妇幼医院喷云吐雾生病的孩子、复查的孕产妇，一进医院大门就被烟味熏得直咳嗽，这样的一幕让人揪心。一周以来，根据市民投诉，记者走访了本市多家儿童专科医院及妇幼保健医院，发现吸烟问题比较严重，满眼的禁烟提示标识、四处都能听到的禁烟提示广播难以起到提醒作用。 content: 生病的孩子、复查的孕产妇，一进医院大门就被烟味熏得直咳嗽，这样的一幕让人揪心。一周以来，根据市民投诉，记者走访了本市多家儿童专科医院及妇幼保健医院，发现吸烟问题比较严重，满眼的禁烟提示标识、四处都能听到的禁烟提示广播难以起到提醒作用。 大约一个半月前，北京市卫健委、市爱卫办曾专门就全市冬季控烟工作进行部署。据统计，《北京市控制吸烟条例》实施8年以来，本市已打造2443家控烟示范单位、26条控烟示范街区，实现无烟中小学校和无烟医疗机构全覆盖。广大市民呼吁，儿童医院、妇幼医院更该与烟草“绝缘”，希望相关部门采取切实措施，把好医院的禁烟关。 朝阳区妇幼保健院楼门前吸烟的人不在少数。 首都医科大学附属北京儿童医院的楼院里烟头满地。 在北京大学第一医院禁烟区吸烟的人群当中，也包括安保人员。 首都医科大学附属北京儿童医院多个男卫生间里都可以看到烟头。 目击 医院控烟措施难奏效 首都医科大学附属北京儿童医院的门前，无论是树丛里还是垃圾桶旁，放眼望去皆有烟头，医院大门附近烟味浓烈。只见很多患儿家属刚走出医院，就迫不及待地点起了烟。走进医院的楼院里以及楼内，记者发现吸烟者也不在少数，他们甚至毫不顾忌眼前来来往往的患儿。很多家长反映，孩子本来就是因为感冒发烧才到医院看病的，烟民在医院里“喷云吐雾”，孩子咳嗽得更厉害了。 进医院要安检，通道的广播里明确要求不得将打火机带入医院。1月9日下午记者现场探访时，安检口用于弃置打火机的塑料筐内几乎是空的，愿意主动交出打火机的人甚少。在安检通道，不仅有检查箱包的设备，也有人工手检环节，检测仪扫过受检人的衣物时滴滴作响，安检人员也会摸摸受检人的裤兜，但还是有大量打火机被带进了医院。以至于在医院楼院里吸烟的人甚至没有“借火儿”的烦恼，堂而皇之掏出打火机点上一支烟。 门诊楼前、楼院的长椅旁、医院超市门前，不仅是患儿集中的地方，同样也是吸烟者聚集的地方，地上的烟头随处可见。记者面前走过一位保洁师傅，他的垃圾篓里已有不少烟头，他说每天至少扫出数百个烟头。 “扫不过来，他们都是在院里抽烟，楼里面应该没有。”虽然保洁师傅这样说，但记者进入楼内发现，烟味仍然挥之不去，而且越是靠近卫生间的区域，烟味越浓，各楼层的男卫生间里多多少少都有烟头。 除了儿童专科医院，本周记者还探访了多个区的妇幼保健医院，同样存着吸烟问题。在朝阳区妇幼保健院，无论是保安岗亭还是医院门诊楼内外，“禁止吸烟”及“您已进入无烟医院，所有区域不能吸烟”的提示语都贴在了醒目位置，但在医院门诊楼外，选择无视的大有人在。医院楼院的一块小空地上，一边是禁烟提示标识，另一边是贴有科学戒烟科普海报的宣传栏，就在这个“夹缝”里头，吸烟的人扎了堆儿。 调查 吸烟人群并非只有患者家属 “带家人看病，每次都能看到医院里有人吸烟。这些人在禁止吸烟提示牌旁吸烟，让保安去劝阻却被告知管不了。”近日，市民吕先生向市民热线12345反映了相关问题，希望院方能加强管理。记者实地探访发现，“管不了”的原因，不仅有不听劝的难题，其实安保人员本身也是吸烟者，自身尚不能遵守规定，指责他人吸烟“腰杆儿”自然也没那么硬。 1月8日记者现场探访时看到，北京大学第一医院门诊楼出入口外的露天空地是吸烟者最集中的地方，这里虽然设有“院内禁止吸烟”的提示标识，但几乎形同虚设。从医院门诊楼出来，一边点烟一边往这个区域走的人不少，这里几乎成了约定俗成的“吸烟区”。在吸烟人群当中，不仅有患者家属，也包括医院的安保人员。下午4点半，两名安保人员来到这里，其中一人点起了烟。在诸多患者家属当中，这身儿保安服很是显眼，大伙儿瞧着他们更确信这个地方可以吸烟。“这保安刚才还是烟友呢，掐了烟头一抹嘴儿就告诉我禁止吸烟了，那能管得住吗？”现场一位患者家属半开玩笑地说。 记者走访中发现，在很多医院除了患者家属，医院安保人员、保洁人员、超市的服务人员都有吸烟的行为。记者在和各相关部门交流医院禁烟难题时得知，部分医护人员也有吸烟习惯，尤其在外科男医生当中，由于工作压力较大，吸烟有一定普遍性，某医院外科男医生的吸烟比例高达40%。 《北京市控制吸烟条例》明确规定，妇幼保健机构、儿童医院的室内外区域都禁止吸烟。吸烟者大多知道室内公共场所禁止吸烟的规定，但对于室外区域禁烟的规定仍无意识。 专家建议 可推广缓解烟瘾的替代办法 记者注意到，医院楼院里的烟头跟医院门口垃圾桶旁的对比，有个明显的区别，医院里能找见的烟头明显要长，有的甚至只吸了一两口，这么浪费在烟民眼里是“大忌”。可见不少在医院里吸烟的人或许只是为了暂时缓解烟瘾带来的焦虑，在没有任何替代品的情况下，只能靠吸一口来缓解。 采访过程中，很多吸烟者也坦言烟瘾犯了的痛苦。一位患儿的家属告诉记者，孩子高烧不退，他非常着急，在医院里带着孩子挂号、缴费做各种检查，跑东跑西的，因为很少来医院，好多环节不熟悉还跑错了科室……所有事情赶在一起，焦虑无处排解，就想找个地方抽一口，又不能离得太远，马上还得回输液室看孩子。“这个理我可能也就是跟抽烟的人讲得通，换旁人一定会说咋别人焦虑就不用抽烟呢，不让抽烟是为了你好，诸如此类。”他突然反问记者，“你抽烟么，烟瘾往头皮里扎的那个抓耳挠腮的劲儿，你理解得了吗？” 不少吸烟者说，他们也知道在医院吸烟不对，但凡有暂时缓解烟瘾的办法，就不会明知故犯。 如何正确看待烟瘾这件事？首都医科大学公共卫生学院教授崔小波告诉记者，烟瘾实际上是一种疾病。烟草依赖已被世界卫生组织作为慢性病列入了国际疾病分类编码（ICD—10 F17.251），戒烟药物也被纳入世界卫生组织基本药物清单。科学证明，医学戒烟可以减轻戒烟的痛苦并提高戒断率，同时可以减轻医疗保健系统和社会的经济负担。 崔小波说，公共场所控制吸烟，尤其是医院的全面禁烟不仅需要全社会的共识、相关各方管理的加强，同样也需要对烟草依赖有更科学的认识。吸烟者需要更多在公共场所缓解烟瘾的替代办法，以及彻底戒断烟草依赖的有效办法。 在医院等明令禁烟的地方突然犯了烟瘾，在不吸烟的前提下能有缓解的办法吗？崔小波说目前替代的办法因人而异，比较普遍的共识是嚼口香糖，通过咀嚼动作一定程度上是可以缓解焦虑的。“也有其他国家的做法可以作为参考，比如一些国家研发了尼古丁口香糖或贴片等替代物，这些替代物对于吸烟人群暂时克服烟草依赖更有针对性。” 对此，北京市控烟协会建议相关单位加大研发力度，开发出更多戒烟、控瘾的药物或功能性食品。在积极鼓励引导吸烟者彻底摆脱烟草依赖的同时，也关注到这一人群有临时需要克服烟瘾的需求，通过技术手段，找到适合国人的替代办法，让他们戒烟更有效，也让公共环境控烟工作更容易开展。本报记者 景一鸣 陈圣禹 文并摄,北京日报,北京日报,2024-01-12 00:00:00,http://bjrbdzb.bjd.com.cn/bjrb/mobile/2024/20240112/20240112_008/content_20240112_008_1.htm,未知,控烟、戒烟,中性,未知
20240101767,开展专项整治行动,title: 开展专项整治行动 summary: 鼓楼区卫生监督所表示，下一步将继续按照相关标准，加大巡查工作力度，强化督查问效，补齐短板弱项，督促公共场所三小门店经营单位做好巩卫工作，全力打好巩卫攻坚战。 content: 本报讯 全媒体记者吴潇涵 通讯员李国梅报道 近日，鼓楼区卫生监督所联合区巩卫办工作人员对辖区内公共场所“三小门店”经营单位巩卫工作的开展情况进行督导检查。 此次专项整治行动，主要针对辖区内“三小门店”经营单位的卫生许可证、从业人员健康证明、从业人员培训证明、卫生信誉度等级标识、灭蝇灯、卫生检测报告等亮证经营公示情况以及消毒制度和控烟制度等进行督导检查，对能够及时整改的问题进行现场指导，督促商户立行立改。 鼓楼区卫生监督所表示，下一步将继续按照相关标准，加大巡查工作力度，强化督查问效，补齐短板弱项，督促公共场所“三小门店”经营单位做好巩卫工作，全力打好巩卫攻坚战。,汴梁晚报,未知,2024-01-11 00:00:00,http://epaper.kf.cn/paper/blwb/2024-01-11/details.html?details=2&edition=9,未知,控烟,中性,未知
20240101782,突然戒烟等于“找病”？假的!,title: 突然戒烟等于“找病”？假的! summary: 突然戒烟等于找病？一般情况下，尼古丁低度依赖的吸烟者较容易戒烟，而高度依赖者则需要多次尝试才能戒烟成功，也需要得到更多专业的戒烟帮助。如果不能直接戒断，应通过延长吸烟间隔时间、限定吸烟的地点场合、减少购买香烟数量等逐步戒烟。 content: YMG全媒体记者 黄钰峰 通讯员 李成修 抽电子烟很安全？突然戒烟等于“找病”？这些民间流传的说法是否靠谱？如何戒烟更科学？近日，记者对烟台毓璜顶医院呼吸与危重症医学科副主任医师徐建锋进行了采访。 电子烟损害身体健康 很多人觉得电子烟无害，将电子烟作为戒掉传统卷烟时的替代品。真是这样吗？ 徐建锋说，电子烟不光对戒烟没有明确帮助，而且有充分证据表明电子烟是不安全的，会对健康产生危害。很多商家以电子烟不含焦油、悬浮微粒等有害成分为卖点大肆推广。其实，电子烟是一种特殊的烟草产品，一般由烟油和烟具组成。烟油主要由烟碱（尼古丁）制成，并通过电子烟具将尼古丁及各类添加剂雾化后供消费者吸用。 不论是电子烟的烟液成分，还是其加热以后产生的气溶胶，都存在着健康风险，有害身体健康。电子烟烟液中含有的甲醛、乙醛分别被国际癌症研究机构列为1类、2B类致癌物。人们吸电子烟时，吸入的不光是尼古丁，还有其他未被发现的有毒化合物。 不适症状是戒断反应 很多“老烟民”认为，突然戒烟，身体容易出问题，是“找病”。其实不然。 徐建锋说，对于长期吸烟的人来说，在戒烟早期可能会产生焦虑、抑郁、唾液腺分泌增加、注意力不集中、睡眠障碍等不适症状，甚至有部分戒烟者还会出现体重增加。这些让烟民误以为是生病的表现其实是戒断反应。所有成瘾性物质的戒除过程中都会出现戒断反应，最为典型和为人熟知的就是戒毒。戒断反应不会一直存在，大部分戒断反应在戒烟第一、二周后就会逐步减轻。坚持三个星期以上，身体的尼古丁完全被清除干净，生理上不再依赖烟瘾，戒烟也就“胜利在望”了。 吸烟百害无一利 香烟是世界卫生组织公布的一类致癌物，烟草烟雾中含有至少69种致癌物。有充分证据说明，吸烟可导致肺癌、喉癌、膀胱癌等多种癌症，还会引起多种呼吸系统疾病、心脑血管疾病等，甚至威胁生命。 有报告显示，烟草每年使我国100多万人失去生命，如不采取有效行动，预计到2030年将增至每年200万人，到2050年增至每年300万人。 徐建锋说，控烟是预防恶性肿瘤等非传染性疾病最重要的措施之一，也是公认的最经济有效的手段。在影响人类健康的重大危险因素中，最可预防的就是吸烟问题。任何年龄戒烟均会获益。早戒比晚戒好，戒比不戒好。 直接戒断法复发比例低 烟草依赖是一种慢性病，是药物依赖性疾病的一种。一般情况下，尼古丁低度依赖的吸烟者较容易戒烟，而高度依赖者则需要多次尝试才能戒烟成功，也需要得到更多专业的戒烟帮助。 徐建锋曾接诊过一位45岁男性，他虽有很强的戒烟意愿，却因自制力差、应酬多造成复吸，最后通过药物辅助戒烟。 戒烟不要藕断丝连，直接戒断法复发的比例较其他方法低。如果不能直接戒断，应通过延长吸烟间隔时间、限定吸烟的地点场合、减少购买香烟数量等逐步戒烟。,烟台晚报,未知,2024-01-10 00:00:00,http://www.shm.com.cn/szb/ytwb/paper/pc/content/202401/10/content_168816.html,未知,戒烟、控烟,中性,未知
20240101805,公共场所吸烟不劝阻？ 经营者将面临罚款,title: 公共场所吸烟不劝阻？ 经营者将面临罚款 summary: 公共场所吸烟不劝阻？全媒体记者何家欢）近日，区卫生监督所开展多次禁烟宣传劝导行动，对全区5家KTV、1家歌舞厅、2家星级宾馆及400多家美容、美发、足浴、住宿场所开展禁烟宣传劝导，发放禁烟标识300余张，并对1家星级宾馆未劝阻吸烟行为的违法行为立案查处。 content: 本报讯（全媒体记者 何家欢）近日，区卫生监督所开展多次禁烟宣传劝导行动，对全区5家KTV、1家歌舞厅、2家星级宾馆及400多家美容、美发、足浴、住宿场所开展禁烟宣传劝导，发放禁烟标识300余张，并对1家星级宾馆未劝阻吸烟行为的违法行为立案查处。 在路桥多家KTV，区卫生监督所工作人员对经营者宣传禁烟重要性，要求设置禁烟劝导员，对广大群众宣传二手烟的危害，及时劝阻吸烟现象，鼓励群众积极举报公共场所吸烟行为，发动群众共同监督。在歌舞厅，区卫生监督所工作人员建议设置室外吸烟区，引导烟民文明吸烟，严禁在有明确禁烟标识的公共场所抽烟。 国家卫生健康委发布的《中国吸烟危害健康报告2020》中显示：吸烟与呼吸系统疾病、心脑血管疾病、糖尿病、恶性肿瘤等疾病都有着密切关系，戒烟将明显降低上述疾病的发病风险。 “我们对公共场所出现室内吸烟痕迹、控烟管理记录不完善、控烟标识不醒目等问题及时反馈经营主体负责人，并指导改进。”区卫生监督所工作人员表示，他们还向经营者宣传普及了《公共场所卫生管理条例实施细则》《台州市文明行为促进条例》和吸烟有害健康等健康知识，并要求责任人及时整改。 2017年卫生部修订的《公共场所卫生管理条例实施细则》及2020年公布的《台州市文明行为促进条例》中对公共场所吸烟及公共场所经营者劝阻吸烟行为有相应明确规定。公共场所不文明行为的存在不仅危害自身，也危害同处一个空间的他人。单凭执法人员的约束，无法覆盖所有的公共场所，作为公共场所的经营者，应该担负起劝导责任，个人也应当对自己及他人负责。 区卫生监督所工作人员表示，接下来，他们将不断加强公共场所控烟联合巡查力度，加大公共场所禁止吸烟与危害等科普知识的宣传普及，并呼吁广大市民创造无烟环境，为创造绿色环保健康的生活环境贡献自己的力量。,今日路桥,未知,2024-01-09 00:00:00,http://paper.lqnews.cn/html/2024-01/09/content_9148_16946827.htm,未知,戒烟、控烟,负面,未知
20240101813,“控烟采风行”走进德州聊城,title: “控烟采风行”走进德州聊城 summary: “控烟采风行”走进德州聊城4版 content: 4版,人口健康报,未知,2024-01-08 00:00:00,http://rkb.e23.cn/rkjkb/html/2024/20240108/20240108_A01/rkjkb_20240108_20240108_A01_1744261425501122574.html,未知,控烟,中性,未知
20240101821,市爱卫办向市民发出无烟过春节倡议,title: 市爱卫办向市民发出无烟过春节倡议 summary: 本报讯春节来临，为巩固国家卫生城市创建成果，营造干净整洁、优美舒适的城市环境，保障人民群众健康快乐地过节，市爱卫办日前向全市人民发出无烟佳节与爱同行活动倡议，呼吁大家行动起来，支持控烟、参与控烟、积极推进控烟行动，建设无烟环境。树立健康向上的社会风尚，享受无烟佳节。 content: □记者 王春霞 本报讯 春节来临，为巩固国家卫生城市创建成果，营造干净整洁、优美舒适的城市环境，保障人民群众健康快乐地过节，市爱卫办日前向全市人民发出“无烟佳节与爱同行”活动倡议，呼吁大家行动起来，支持控烟、参与控烟、积极推进控烟行动，建设无烟环境，树立健康向上的社会风尚，享受无烟佳节。 市爱卫办在倡议书中称：第一支烟要拒绝。当好自己健康的第一责任人，对第一支烟坚决说“不”，勇敢捍卫自身健康权利；公共场所不吸烟。吸烟者不在公共场所、室内工作场所和公共交通工具内吸烟，不让别人吸二手烟；无烟家庭多关爱。每个家庭争做无烟家庭，每个家庭成员要做到自己不吸烟、来客不敬烟、走亲访友不送烟、劝导亲友早戒烟，为孩子营造健康温馨的港湾；健康理念及早树。引导每个孩子树立“不吸烟最时尚”的健康理念，主动远离传统烟草产品和电子烟，从小培养健康的生活方式；建设健康中国，共筑无烟屏障。维护清新生态环境，畅享纯净自然气息，践行文明健康绿色环保生活方式，为营造无烟、健康、幸福的春节氛围而努力！ 在发出无烟过节倡议的同时，市爱卫办向各县（市、区）爱卫办，市爱卫会各成员单位、各机关、团体、企事业单位下发控烟活动通知，要求各有关部门及单位通过开展烟草危害科普宣传、无烟单位建设巩固提升、学校专项控烟、戒烟咨询服务、健康过春节宣传等活动，推动控烟工作取得实效，引导吸烟者主动戒烟，非吸烟者勇于拒绝二手烟，共建共享无烟环境。市爱卫办将在活动期间，对全市无烟单位开展一次抽查，适时通报检查情况。,平顶山晚报,未知,2024-01-08 00:00:00,http://epaper.pdsxww.com/pdswb/html/2024-01/08/content_416638.htm,未知,控烟、戒烟,中性,未知
20240101825,让控烟工作走深走实,title: 让控烟工作走深走实 summary: 近年来，山东省控烟行动持续落实推进，在实际工作中充分与健康促进工作融合，利用党政机关、医疗卫生机构、学校、公共场所等重点场所，充分调动机关、企事业领导、党员及干部、医务人员、市民等不同人群广泛参与控烟行动，不断积极探索控烟立法的可行性方案。 content: 近年来，山东省控烟行动持续落实推进，在实际工作中充分与健康促进工作融合，利用党政机关、医疗卫生机构、学校、公共场所等重点场所，充分调动机关、企事业领导、党员及干部、医务人员、市民等不同人群广泛参与控烟行动，不断积极探索控烟立法的可行性方案，为全省控烟工作营造了良好氛围，打下了坚实基础。2023年12月，山东省疾控中心健康教育与促进所牵头组织了采风活动，一行先后赴德州、聊城实地考察调研控烟工作开展情况，并实地参观了山东禹王生态食业有限公司、德州市立医院、德州市第十中学、德州市疾控中心、聊城市东阿县东阿阿胶世界、东阿县人民医院以及东阿县第一中学等具有代表性的单位，进一步推动控烟行动落实做细。 德州禹城市控烟宣传常态化让自己成为控烟第一责任人 “以前偷偷吸烟，现在带头戒烟！”在山东禹王生态食业有限公司，一位参与了该公司移动戒烟干预项目的职员发出这样的感慨。 该公司参与戒烟项目的共53人，通过“在线戒烟”微信公众号每天给吸烟者发送吸烟危害知识和戒烟技巧，使吸烟员工获得个性化戒烟提醒，同时开通“在线戒烟”微信小程序里的“我要戒烟”“新闻资讯”“科普材料”三大模块，发动员工积极参加“我要戒烟”，参与戒烟打卡任务，项目结束后共成功戒烟42人。 在这家年加工非转基因大豆60万吨，年产低温豆粕40万吨的大型食品企业中，控烟不仅仅是对健康的影响，更对安全生产有着举足轻重的关系。为此公司特制定并下发控烟工作考评奖惩制度，把控烟工作纳入部门及个人目标考评标准，将控烟工作与部门、员工个人目标考核相结合，并与经济利益挂钩，严格实施奖惩确保控烟工作行之有效地开展。让每个员工都成为控烟行动的第一责任人。 在禹城市新时代购物广场，人流量大，人员不固定，存在着和其他相似商业综合体相似的控烟“痛点”。为此，该广场在禹城市卫生健康委的指导下，充分利用无烟日、LED大屏显示、主题活动等自身优势，开展常态化的控烟宣传，让进入商场的顾客产生控烟意识，自觉维护商场控烟秩序。 据了解，通过一系列举措，禹城市自2021年开始，连续3年开展15岁以上人群吸烟率调查工作，参与调查人数1万余人，吸烟率从2021 年 的 19.26% 下 降 至 2023 年 的17.09%。他们还积极开展线上戒烟宣传引领行动，2022年该市开展了线上控烟有奖竞答活动，仅在5月31日当天，答题人数就达到12259人。 德州市 控烟从管理层开始做起 将控烟融入美育教育 在德州市立医院，从入院停车场到门诊楼再到住院楼，随处可见醒目的控烟警示标语或者图示。 医院成立了由院长任组长的控烟工作领导小组，全面负责全院的控烟工作。各科室也成立了控烟组织，做到了控烟工作一把手负责，分管领导抓具体，层层落实工作责任制，进一步明确了该院控烟工作目标、任务、责任、具体要求和实施步骤，确保控烟工作落到实处。该院还建立了控烟考评奖惩制度，将控烟工作与日常卫生评比工作相结合，并纳入医院每月的三级三等考核机制，对控烟工作较好的科室给予加分和奖励。 在德州市第十中学，学校成立了以朱琳校长为组长的控烟领导小组，建立严格的禁烟规章制度，确保控烟工作行之有效地开展。同时，学校将控烟行动与美育相结合，利用黑板报、墙报、走廊文化进行控烟宣传教育，并在醒目位置张贴禁烟标识和标语，引导学生远离烟草和毒品。 坚持每年至少开展2次有关吸烟危害健康的教育活动，向教职工、学生及其家长进行广泛宣传，每学期利用健康教育课，就控烟有关知识进行专题讲授。利用世界无烟日，组织全校师生，以“拒吸第一支烟，做不吸烟的新一代”为主题的教育活动。 2019年以来，德州市卫健委先后联合市文明办、市直机关工委、市教育体育局、市计划生育协会等部门开展无烟机关、无烟学校、无烟卫生健康机构、无烟家庭等评选活动。并邀请国家和省级专家组织召开了“德州市‘无烟环境建设’交流研讨会暨专题培训班”，培训采取网络直播方式，同步在线学习人数达到3000余人。还举办了戒烟门诊能力建设培训班，并对全市戒烟门诊信息进行公示，征集戒烟服务优秀案例，通过媒体进行宣传报道，制作《让戒烟更科学》专题视频。截至2022年底，无烟党政机关、无烟学校、无烟医疗机构建设达到100%。 聊城东阿县发挥龙头企业带动作用推动全社会控烟工作开展 聊城东阿县在全县范围内开展“小手拉大手控烟校园行”活动，在校园通过举办“拒吸第一支烟，做不吸烟的新一代”签名活动、控烟知识巡讲等形式，提升中小学生对烟草危害的认知，进而影响家庭，推动全社会控烟工作的开展。2017年在“拒吸第一支烟，做不吸烟的新一代”控烟活动中，东阿县疾控中心荣获中国控制吸烟协会“拒吸第一支烟”优秀组织奖。 同时，聊城市东阿县在学校积极开设健康教育课、举办健康教育讲座、办健康教育专栏、利用黑板报、“校园之声”广播宣传禁烟法规，通报吸烟情况，介绍吸烟对健康的危害。并抓住“5·31”世界无烟日活动契机，开展形式多样的“健康生活与你同行”控烟宣传和控烟活动。建立学校、家庭、社会三结合的控烟网络，学校在净化校园环境的同时，将控烟活动逐步延伸到家庭、社会，形成携手控烟的合力。另外，该县还推荐东阿阿胶集团参与中美控烟合作项目，将全县禁烟行动持续推向深入。 控烟采风一行还实地调研了东阿阿胶集团的控烟工作，该集团已参与中美控烟合作项目，将持续利用品牌影响力和企业责任担当，助力全县禁烟行动推向深入。 接下来，山东省疾控中心计划继续在省内多地开展“小手拉大手”间接戒烟干预试点，通过“老师在线教育学生，学生回家干预亲属”的方式，进一步强化学生主动拒吸第一支烟并远离二手烟和三手烟的控烟意识，积极倡导学生家长戒烟，探索学生在干预家庭成员戒烟活动中的作用和模式，持续将控烟工作走深走实。 （本报记者 王小飞 苏萍通讯员 刘祥征）,人口健康报,未知,2024-01-08 00:00:00,http://rkb.e23.cn/rkjkb/html/2024/20240108/20240108_A04/rkjkb_20240108_20240108_A04_1744261425501122604.html,未知,控烟、戒烟,中性,未知
20240101831,打造健康文化 建设文明企业,title: 打造健康文化 建设文明企业 summary: ▼开展幸福1+1线上健跑活动。通过公司一系列控烟举措，让员工深刻认识到吸烟有害健康，控烟就是关爱自己，禁烟控烟要从身边小事做起，为营造无烟健康环境共同努力。公司员工何春颖说。 content: ▼开展“幸福1+1”线上健跑活动。 ◀开展控烟知识讲座。 ●本报记者杨月波 通讯员谷峻 文/图 2023年以来，中国移动云南公司文山分公司广开渠道，在落实责任和工作目标的同时，把健康教育与各项工作有机结合，扎实推进健康教育和健康促进工作，保障员工健康权益。 加强领导，为健康教育提供保障 为扎实开展健康教育工作，该公司结合实际加强对健康教育工作的统一领导和安排部署。制定工作制度，为健康教育和健康促进工作提供制度保障，同时保障健康教育与健康促进工作经费。公司负责人邓楠介绍：“健康教育是促进公司全面进步、提高员工幸福指数的重要举措。公司根据员工多元化健康需求，全面创新工作模式，把健康理念融入公司文化建设。” 加强宣传，健康知识深入人心 加强健康教育阵地建设。公司增设了宣传栏，针对不同的节日和活动开展健康知识宣传，提升员工健康意识。利用公司员工书屋，专门设立健康生活方式阅读专区。2023年，公司组织开展“玫瑰书香 悦读悦美”读书分享视频征集活动。定期组织员工开展体检，并根据员工体检报告中主要异常情况开展健康知识系列讲座。开展“EAP·联心基层”线上测评，切实加强专业帮扶和心理疏导。与此同时，创建健康自助检测点，让员工随时随地了解自己的健康状况。 创新方式，健康教育形式多样 身心健康是健康生活的基础。公司因地制宜组织开展特色健康活动，以“幸福1+1”活动为依托，引导每位员工开展一项体育运动，培养一项兴趣爱好，形成健康文明的生活方式，养成积极向上的生活态度。2023年，公司组织开展了亲近自然“靓丽之美”三八国际妇女节女职工徒步等系列活动，组建了气排球、足球、瑜伽等有益员工身心健康的兴趣小组，定期开展兴趣活动，增强员工健康意识和自我保健能力。 “公司工会以丰富员工生活为主题，组织员工开展喜闻乐见、寓教于乐的文体活动，将健康与快乐送到广大员工身边。”公司工会主席高倪表示。 深入控烟，积极营造无烟环境 根据创建国家卫生城市测评要求，为保障公司员工身体健康，营造良好的办公环境，公司结合实际扎实开展办公区域控烟工作。充分利用健康教育、宣传栏、微信提醒等多种形式，开展吸烟有害健康的宣传教育。组织全体员工签订控烟承诺书，自觉接受监督检查，同时组织专人负责控烟监督和巡查工作。如今，走进公司办公区域，入口处、走廊、卫生间、会议室，随处可见戒烟控烟标识，无烟办公区域创建深入人心。 “通过公司一系列控烟举措，让员工深刻认识到吸烟有害健康，控烟就是关爱自己，禁烟控烟要从身边小事做起，为营造无烟健康环境共同努力。”公司员工何春颖说。,文山日报,未知,2024-01-08 00:00:00,http://szb.wsnews.com.cn/wsrb/html/2024-01/08/content_483220.htm,未知,控烟、戒烟控烟,中性,未知
20240101834,和平路街道办事处开展控烟系列宣传活动,title: 和平路街道办事处开展控烟系列宣传活动 summary: 记者张延）为进一步推动辖区控烟工作的开展，1月5日，牧野区和平路街道办事处开展了控烟系列宣传活动，积极营造无烟宣传氛围，扎实推进无烟佳节，与爱同行主题活动。 content: 本报讯（记者 张延）为进一步推动辖区控烟工作的开展，1月5日，牧野区和平路街道办事处开展了控烟系列宣传活动，积极营造无烟宣传氛围，扎实推进“无烟佳节，与爱同行”主题活动。 据介绍，在和平路街道办事处的督导下，25个村（社区）联合辖区的中小学校广泛科普烟草烟雾和电子烟的危害，鼓励广大青少年成为学校、家庭控烟监督员，促进无烟学校、无烟家庭建设。辖区的各中小学校通过开展“小手拉大手”活动，劝导家长不吸烟、主动戒烟，为青少年健康成长作表率。 除此之外，和平路街道办事处还大力传播吸烟有害健康和公共场所不吸烟的理念，在机关办公场所认真开展禁烟自查自纠活动，发现问题及时整改。街道党工委书记马超峰、办事处主任王存士带头在控烟倡议书上签名，通过全方位、多角度控烟宣传教育，巩固无烟党政机关建设成果，引导干部职工不吸烟、主动戒烟，自觉做控烟宣传者和倡导者。,平原晚报,未知,2024-01-08 00:00:00,http://wb.xxrb.com.cn/pywb/2024-01/08/content_9917702.html,未知,控烟、戒烟,正面,未知
20240101840,校门口销售烟草问题仍突出,title: 校门口销售烟草问题仍突出 summary: 记者王瑶琦柴嵘）昨天，市控烟协会发布2023年控烟工作成绩单：学校门口家长吸烟占比降至30.50%，控烟评分超90分的街乡占六成，控烟环境建设总体保持良好。不过，学校周边100米内存在烟草销售点的问题依然突出。与近3年相比，2023年控烟环境建设总体保持良好。 content: 本报讯（记者 王瑶琦 柴嵘）昨天，市控烟协会发布2023年控烟工作成绩单：学校门口家长吸烟占比降至30.50%，控烟评分超90分的街乡占六成，控烟环境建设总体保持良好。不过，学校周边100米内存在烟草销售点的问题依然突出。 2023年下半年，学校门口家长吸烟情况有了很大程度的改善，与2023年上半年调查结果相比，吸烟家长占比从69.44%降至30.50%。但大兴、海淀、朝阳、石景山等区学校周边100米内有烟草销售点，且仍存在新开销售点，违反《北京市控制吸烟条例》。 2023年年底，市控烟协会对7个区的160个街乡开展控烟工作调查。每个街乡抽取12个公共场所，共取得15360项数据。结果显示，得分超过90分的街乡达97个，占60%以上。与近3年相比，2023年控烟环境建设总体保持良好。,北京日报,北京日报,2024-01-06 00:00:00,http://bjrbdzb.bjd.com.cn/bjrb/mobile/2024/20240106/20240106_005/content_20240106_005_6.htm,未知,控烟,正面,未知
20240101859,梁垛镇开展“无烟佳节、与爱同行”活动,title: 梁垛镇开展“无烟佳节、与爱同行”活动 summary: 方桂生朱霆）为引导群众践行文明健康绿色环保生活方式，营造新春佳节无烟氛围，连日来，梁垛镇镇村新时代文明实践所开展无烟佳节、与爱同行活动。 content: 本报讯（方桂生 朱霆）为引导群众践行文明健康绿色环保生活方式，营造新春佳节无烟氛围，连日来，梁垛镇镇村新时代文明实践所（站）开展“无烟佳节、与爱同行”活动。 镇村新时代文明实践所（站）举办控烟讲座，组织志愿者到街头、村庄向群众发放宣传资料，引导群众珍爱生命、远离烟草、共享健康。,东台日报,未知,2024-01-05 00:00:00,http://digital.dtxww.com/Article/index/aid/8138209.html,未知,控烟,正面,未知
20240101865,减少槟榔消费应借鉴烟草管理经验,title: 减少槟榔消费应借鉴烟草管理经验 summary: 记者张晴丹）近日，中国热带农业科学院科技信息研究所热带农业产业经济研究团队在《科学》发表了一篇快报，探讨了借鉴烟草管理经验管控槟榔消费的问题。针对全球槟榔消费在纳入公约监管后消费量不降反增的现实情况，热带农业产业经济研究团队提出了借鉴烟草管理经验减少槟榔消费的系列政策建议：制订国家槟榔控制计划。 content: 本报讯（记者张晴丹）近日，中国热带农业科学院科技信息研究所热带农业产业经济研究团队在《科学》发表了一篇快报，探讨了借鉴烟草管理经验管控槟榔消费的问题。 据悉，全球约有6亿人咀嚼槟榔。2005年，世界卫生组织将无烟烟草（含槟榔）纳入《烟草控制框架公约》进行监管。相比槟榔消费监管，烟草监管更为广泛和有效。根据2023年世界卫生组织发布的第九份《全球烟草流行报告》，全球烟草管控系列措施取得了很好的控烟效果，吸烟人数逐渐减少。与之相比，无烟烟草（含槟榔）消费控制却没有取得明显成效，嚼食槟榔的人数持续增加。全球有183个公约国实施了烟草控制措施，相比之下，只有57个国家制定了无烟烟草（含槟榔）的控制政策。 针对全球槟榔消费在纳入公约监管后消费量不降反增的现实情况，热带农业产业经济研究团队提出了借鉴烟草管理经验减少槟榔消费的系列政策建议：制订国家槟榔控制计划；禁止向未成年人销售槟榔；更好地向年轻人群宣讲与槟榔相关的健康风险；槟榔包装上准确、突出和严正的警告语有助于增强用户的风险意识；除了实施在烟草方面取得成功的策略外，各国政府还应提高贸易关税、购买槟榔的消费税；科学界应加强对槟榔生产和使用的监测预警。 相关论文信息： https://doi.org/10.1126/science.adk7903,中国科学报,未知,2024-01-04 00:00:00,http://news.sciencenet.cn/sbhtmlnews/2024/1/377813.shtm,未知,控烟,正面,未知
20240101868,营造春节无烟氛围 引导健康生活方式,"title: 营造春节无烟氛围 引导健康生活方式 summary: 记者李严）1月2日，淮河早报、淮南网记者从市爱卫办了解到，为进一步推动控烟工作开展，引导群众践行文明健康绿色环保生活方式，营造春节无烟氛围，大力推进国家卫生城市创建，该办发布通知，在全市开展主题为无烟佳节与爱同行控烟活动。 content: 本报讯（记者 李严）1月2日，淮河早报、淮南网记者从市爱卫办了解到，为进一步推动控烟工作开展，引导群众践行文明健康绿色环保生活方式，营造春节无烟氛围，大力推进国家卫生城市创建，该办发布通知，在全市开展主题为“无烟佳节 与爱同行”控烟活动。 据介绍，本次活动以无烟环境建设为宗旨，将大力开展无烟党政机关建设巩固提升活动，要求各县区、各单位要按照《无烟党政机关建设指南》要求，认真开展自查自纠，发现问题及时整改，巩固建设成果。各党政机关(单位)要在内部开展全方位、多角度的控烟宣传教育，引导干部不吸烟、主动戒烟，主动做控烟宣传者和倡导者。 活动以“小手拉大手”为抓手，广泛开展控烟健康教育活动。要求各县区要会同教育部门利用好中小学放假前最后一节课、假期教育等，引导学生充分认识烟草危害，了解控烟核心知识，帮助青少年树立“拒吸第一支烟，做无烟新一代”的理念。鼓励广大青少年成为学校、家庭控烟监督员，促进无烟学校、无烟家庭建设。 以健康科普宣传为依托，深入开展戒烟咨询服务活动。要求各县区用好本地戒烟门诊资源，组织医疗机构戒烟服务专家走进基层社区和单位，通过发放戒烟科普宣传手册，讲解吸烟和二手烟的危害，提升居民戒烟意愿，引导居民养成健康的生活方式和生活习惯。 另外，通知还要求，各县区、各单位、各医疗机构要以春节为契机，全面开展健康过佳节宣传活动，通过宣传标语、宣传栏、海报、视频、公益宣传等群众喜闻乐见的方式，大力弘扬无烟健康过节文化，倡导过节不吸烟、不敬烟、不送烟，“对二手烟说不”,共度无烟健康佳节。",淮河早报,未知,2024-01-04 00:00:00,http://hhzb.huainannet.com/content/202401/04/content_149955.html,未知,控烟、戒烟,中性,未知
20240101871,满春园社区戒烟达人分享戒烟经验,title: 满春园社区戒烟达人分享戒烟经验 summary: 满春园社区戒烟达人分享戒烟经验我曾经多次尝试戒烟，但都以失败告终，在咱们社区和辖区卫生服务中心的帮助引导下，现在逐渐减少吸烟量，终于成功地戒掉了烟瘾。1月2日，在金凤区满城北街街道满春园社区举办的戒烟达人经验分享会上，戒烟达人吴耘说。 content: “我曾经多次尝试戒烟，但都以失败告终，在咱们社区和辖区卫生服务中心的帮助引导下，现在逐渐减少吸烟量，终于成功地戒掉了烟瘾。”1月2日，在金凤区满城北街街道满春园社区举办的戒烟达人经验分享会上，戒烟达人吴耘说。 为进一步强化控烟宣传，打造无烟环境，当天，满春园社区联合辖区卫生服务中心举办了戒烟达人经验分享会，辖区20余名戒烟达人、家属及有戒烟意愿的居民参与了活动。 活动中，银川市第二人民医院呼吸科主任杨桦讲述了烟草的危害和科学戒烟的重要性，鼓励大家为了自己和家人身体健康，积极科学戒烟。随后，戒烟达人们相继分享了自己成功戒烟的小妙招，并从身体变化、精神状态、睡眠质量、运动体能、饮食变化等多方面交流了戒烟感受。活动还通过举办有奖竞答、发放戒烟大礼包等形式宣传了控烟戒烟知识。 去年，满春园社区构建了“社区党委+小区党支部+楼栋党小组+党员中心户+网格员+志愿者+家庭医生”的戒烟综合干预组织体系，通过在小区设置宣传展板、张贴海报、发放宣传折页，动员居民积极支持参与戒烟控烟干预项目。截至目前，社区已开展各类戒烟控烟宣传活动15场次，评选出了50户无烟家庭和10余名戒烟达人。 “我们将充分发挥网格作用，多种形式开展宣传，让更多家庭参与到控烟戒烟行动中来，培育文明健康新风尚。”满春园社区党委书记赵英说。 本报记者 吴春霖,银川日报,吴春霖,2024-01-03 00:00:00,http://szb.ycfbapp.com/ycrb/pc/con/202401/03/content_42674.html,未知,戒烟、控烟、控烟戒烟,中性,未知
20240101874,淮北市爱国卫生条例（草案征求意见稿）,title: 淮北市爱国卫生条例（草案征求意见稿） summary: 淮北市爱国卫生条例《淮北市爱国卫生条例》已经市人大常委会会议第一次审议，修改后形成了《淮北市爱国卫生条例》。为推进科学立法、民主立法，提高立法质量，现将《淮北市爱国卫生条例》予以公布。欢迎社会各界围绕草案征求意见稿提出意见和建议。 content: 《淮北市爱国卫生条例（草案）》已经市人大常委会会议第一次审议，修改后形成了《淮北市爱国卫生条例(草案征求意见稿)》。为推进科学立法、民主立法，提高立法质量，现将《淮北市爱国卫生条例(草案征求意见稿)》予以公布。欢迎社会各界围绕草案征求意见稿提出意见和建议。征求意见的截止日期为2024年1月31日。 信函地址：淮北市人大常委会法制工作委员会(人民中路208号) 邮政编码：235000 电话（传真）: 3010186 电子邮箱：526775662@qq.com 淮北市人大常委会办公室 2023年12月27日 第一条【目的和依据】 为了加强爱国卫生工作，提高人民健康水平，推进健康淮北建设，根据《中华人民共和国基本医疗卫生与健康促进法》和有关法律、行政法规，结合本市实际，制定本条例。 第二条【适用范围】 本条例适用于本市行政区域内的爱国卫生工作以及相关监督管理活动。 本条例所称的爱国卫生工作，是指以改善城乡卫生环境，倡导文明健康绿色环保的生活方式，控制和消除健康危害因素，增强公共卫生意识，提高城乡居民健康素养水平为目的的社会性、群众性卫生活动，包括公共场所卫生治理、生产生活卫生治理、病媒生物预防控制、吸烟危害控制等工作。 第三条【政府职责】 各级人民政府应当加强对爱国卫生工作的领导，将爱国卫生工作列入重要议事日程，纳入本级国民经济和社会发展规划及目标管理绩效考核体系，将爱国卫生工作经费列入同级财政预算，使爱国卫生工作与经济发展和社会进步相适应。 开发园区管理机构、街道办事处按照职责做好本辖区爱国卫生工作。 第四条【表彰奖励】 各级人民政府应当动员辖区内的单位和个人参与爱国卫生工作，对在爱国卫生、卫生创建和健康建设工作中做出突出贡献的单位和个人，按照规定予以表彰、奖励。 第五条【爱国卫生组织】 市、县（区）爱国卫生运动委员会（以下简称爱卫会）在本级人民政府领导下，负责组织协调本行政区域内的爱国卫生工作。 市、县（区）爱国卫生运动委员会办公室（以下简称爱卫办）是同级爱卫会的办事机构，设在同级卫生健康主管部门，承担爱卫会的日常工作。 爱卫会实行成员单位分工负责制，各成员单位应当根据法律、法规规定，按照各自职责分工做好爱国卫生工作。 镇人民政府、街道办事处应当设立爱国卫生组织，明确专（兼）职人员，负责本辖区爱国卫生工作。 村（居）民委员会依法设立公共卫生委员会，确定工作人员，办理爱国卫生事务。 第六条【单位和个人责任】 国家机关、社会团体、企业事业单位和其他组织应当建立健全爱国卫生工作管理制度，明确工作职责，确定责任人员，配备相应卫生设施，保持室内外环境卫生，组织本单位职工参加爱国卫生活动，接受所在地爱卫会的监督指导。 个人应当树立和践行对自己健康负责的健康管理理念，提高健康素养水平，保持个人和家庭卫生，自觉参加爱国卫生活动，遵守公共环境卫生规定，爱护公共卫生基础设施，养成文明健康的生活习惯。 第七条【环境卫生治理】 各级人民政府应当按照城乡统筹的要求，建立健全环境卫生管理长效机制。加强公共厕所、农村厕所、生活垃圾分类及处理、污水处理、病媒生物预防控制等公共卫生基础设施建设。重点治理城乡结合部、城中村、集贸市场、校园周边、小餐饮店等区域和场所的环境卫生。 第八条【集贸市场卫生】 集贸市场应当建立健全环境卫生管理制度，责任落实到人，实施市场标准化建设，做好功能分区和市场布局，设置符合卫生要求的公共厕所、垃圾收集容器和供排水等公共卫生设施，保持市场环境整洁有序。 集贸市场内经营畜禽、水产的，要建立健全活禽管理制度，规范分区管理，经营者应当做好清洁消毒。 第九条【学校、托幼（育）机构卫生】 学校、托幼（育）机构应当定期组织开展爱国卫生运动，保证学习、生活和活动场所的环境卫生。 学校、托幼（育）机构向师生提供的膳食、饮用水、餐饮用具以及卫生设施应当符合国家安全卫生标准。 学校、托幼（育）机构应当开展健康教育宣传和心理健康服务等活动，促进未成年人身心健康发展。 学校应当按照相关规定设立卫生室（保健室），配备专（兼）职人员，负责学校卫生保健工作；加强本单位内传染病疫情等突发公共卫生事件、因病缺勤等健康信息的收集、汇总与报告工作。 第十条【全民健身服务】 市、县（区）人民政府体育主管部门应当健全全民健身公共服务体系，完善健身场馆、健身步道、体育公园等体育场地设施，组织开展全民健身运动，加强科学健身指导服务，提升全民健康水平。 第十一条【自动体外除颤器配置】 市、县（区）人民政府应当根据辖区人口数量及密度、辖区面积、公共场所数量及类别等因素，科学规划、合理配置辖区内重点公共场所自动体外除颤器（AED）。 第十二条【病媒生物预防】 各级人民政府应当制定病媒生物预防控制工作计划，适时组织开展病媒生物监测、消杀、治理孳生地等活动。 人员聚集以及易孳生病媒生物的单位和场所应当建立健全病媒生物预防控制制度，配备预防控制设施，开展预防控制活动，采取综合防控措施，将病媒生物密度控制在国家规定的标准范围内。 个人应当自觉参加病媒生物预防控制活动，做好居住场所的病媒生物预防控制工作。 第十三条【病媒生物预防指导】 各级爱国卫生组织应当根据本区域病媒生物活动规律，组织指导病媒生物预防控制工作，防止病媒生物传播疾病的发生和流行。 从事病媒生物预防控制的社会服务机构和个人应当依法提供科学规范有效的社会化服务，并接受辖区内爱国卫生组织的监督管理。 第十四条【控烟规定】 各级人民政府应当加强对控烟工作的领导。爱卫会成员单位应当组织开展多种形式的控制吸烟宣传教育，依法履行相关监督管理职责，增强全社会营造无烟环境的意识。 推行无烟党政机关建设。 第十五条【重点区域控烟】 中小学校、托幼（育）机构和其他未成年人集中活动的场所，禁止吸烟。 室内公共场所、公共交通工具、电梯轿厢内以及法律、法规规定禁止吸烟的其他场所，禁止吸烟。 第十六条【健康教育宣传】 各级人民政府应当组织开展健康教育和健康促进活动，建立健全健康教育工作网络。 卫生健康主管部门应当加强健康教育与促进相关知识的宣传，普及健康知识，传播健康文化，加强对公众健康素养的监测评价，及时向社会发布疾病相关防治信息。 医疗卫生机构应当加强对职业病、传染病、慢性非传染性疾病等疾病的防治知识宣传。鼓励医疗卫生机构在提供医疗卫生服务时对患者开展健康指导。 第十七条【信息化建设】 市、县（区）人民政府应当加强爱国卫生管理工作信息化建设，提高爱国卫生工作科学决策和精细化管理能力。 第十八条【督查考核制度】 爱卫会应当建立委员会会议、工作报告、重大事项协调、分级督查考核等制度，通过定期组织开展检查、随机抽查、社会监督等方式，对卫生创建情况和健康城市的建设、评价进行动态管理，并向社会公布。 第十九条【投诉举报制度】 爱卫会应当健全投诉、举报制度，公开举报电话、信箱或者电子邮箱；对投诉、举报事项应当及时处理并反馈。 任何单位和个人有权对违反本条例的行为依法向爱卫会进行投诉、举报。 第二十条【违规处理】 爱卫会对违反本条例规定的单位，应当督促其改正；拒不改正的，予以通报批评，并建议本级人民政府或者有关部门对其直接责任人给予处分。 第二十一条【法律责任】 违反本条例规定的行为，法律、法规已有处罚规定的，从其规定；构成犯罪的，依法追究刑事责任。 第二十二条【施行日期】 本条例自 年 月 日起施行。,淮北日报,未知,2024-01-03 00:00:00,http://epaper.hbnews.net/epaper/hbrb/pc/content/202401/03/content_153887.html,未知,控烟,正面,未知
20240101880,创建无烟环境，从你我做起,title: 创建无烟环境，从你我做起 summary: 创建无烟环境，从你我做起冬季气候寒冷，餐饮场所内部、办公楼洗手间和楼梯间等地方都成为烟民们一吐为快的常见地点。这种行为不仅危害吸烟者自身健康，还影响周围人的健康与安全。 content: 冬季气候寒冷，餐饮场所内部、办公楼洗手间和楼梯间等地方都成为烟民们“一吐为快”的常见地点。这种行为不仅危害吸烟者自身健康，还影响周围人的健康与安全。 烟草燃烧的烟雾中含有4000多种已知的化学物质，它们是造成吸烟者成瘾和健康损害的罪魁祸首。这些化学物质中有害物质有，尼古丁、焦油、一氧化碳等。尼古丁可引起血管收缩，使心跳加快、血压升高、血管内膜受损，加重动脉硬化，引起冠状动脉痉挛，诱发心绞痛和心肌梗死。焦油是引起肺癌和喉癌的主要原因，也会加重哮喘和其他肺部疾病的症状。一氧化碳会迫使氧气脱离红血球，从而造成缺氧，还会使胆固醇增多，加速动脉粥样硬化。 吸烟与心脑血管疾病、肺癌等多种疾病存在密切关系。经常吸烟的人血液黏度会发生改变，其体内二氧化碳等酸性物质也会增加，从而影响红细胞膜的通透性和红细胞的变形能力，促使血液中的红细胞、血小板等大量聚集，使全血黏度增高，形成血栓。血栓如果发生在心脏，就是心梗；如果发生在脑部，就是中风。吸烟可以导致心脏损伤，增加患冠心病的风险。吸烟可以导致脑血管和颈部动脉损害，增加中风的风险。吸烟量越大，吸烟年限越长，冠心病和中风的发病及死亡风险越高。 吸烟时间越长、量越大，患肺癌的危险性越高。吸烟还易患慢性支气管炎、肺气肿、肺心病、慢性阻塞性肺病。吸烟与口腔癌、咽喉癌、乳腺癌、胰腺癌、肾癌、白血病、宫颈癌等多种癌症有关。吸烟还可导致男性性功能障碍和男性不育症。 控烟关乎我们每一个人的健康，创造无烟环境，享受健康生活，让我们一起行动。 （市卫健委、市卫生健康事业发展中心供稿）,巴彦淖尔日报,未知,2024-01-01 00:00:00,http://szb.yiitai.com/api/tableNewsController/getTableNews?accessName=bynerb&count=3&id=C73617B63C454B0EADBF0FCABE281AE9,未知,控烟,中性,未知
202401011,金马社区：无烟佳节 与爱同行,title: 金马社区：无烟佳节 与爱同行 content: 金马社区：无烟佳节 与爱同行 湖北日报客户端讯（通讯员李灿灿）新春佳节来临之际，为营造新春佳节无烟氛围，引导群众践行文明、健康、绿色环境价值观，进一步推动控烟工作，1月31日，金马社区新时代文明实践站志愿者到辖区进行“无烟佳节 与爱同行”为主题的系列控烟活动。 活动中，志愿者走进辖区商铺、小区，向居民发放禁烟倡议书，介绍了传统香烟、电子烟及二手烟的危害，呼吁广大居民为了自己及家人的健康，远离烟草，不要在室内、公共场所吸烟，拒绝吸二手烟。倡导走亲访友不送烟、不敬烟、不劝烟，选择健康、文明的生活方式，呼吁大家行动起来，支持控烟、参与控烟，树立健康向上的社会风尚，共同创建无烟环境。 通过此次无烟宣传，进一步增强了居民的禁烟意识，营造了温馨和谐的节日氛围，切实增强群众的安全感、幸福感。下一步，金马社区将持续开展控烟宣传活动，共同营造无烟、清洁、健康的工作和生活环境，共建美丽健康幸福家园。,湖北日报客户端,未知,2024-01-31 20:32:49,http://news.hubeidaily.net/hbrbsharenew/index_share/5/2218169/1993724/0/0,未知,控烟,中性,未知
202401015,广安区浓洄社区卫生服务中心进社区开展控烟宣传活动,title: 广安区浓洄社区卫生服务中心进社区开展控烟宣传活动 content: 广安区浓洄社区卫生服务中心进社区开展控烟宣传活动 为进一步推动控烟工作开展，引导群众践行文明健康绿色环保生活方式，提高辖区群众对吸烟危害健康的认识，主动参与禁烟控烟，1月30日上午，广安区浓洄社区卫生服务中心走进果丰社区居委会开展“无烟佳节 与爱同行”控烟宣传活动，营造春节期间无烟氛围。 活动现场，医务人员围绕活动主题，通过悬挂横幅、发放控烟宣传材料等形式，积极倡导文明健康的生活方式，并向居民详细讲解了戒烟的好处，介绍了戒烟方法，引导和鼓励居民积极参与控烟、主动戒烟，倡导大家为了自己和家人的健康，抵制烟草诱惑，远离香烟制品，养成健康的生活方式和生活习惯。同时为前来咨询的群众免费测量血压并进行健康知识宣教，共发放宣传资料80余份。 通过开展此次禁烟控烟宣传活动，提升了辖区居民的戒烟意愿，许多居民表示要主动做控烟的宣传者和倡导者，养成健康的生活方式和生活习惯。下一步，广安区浓洄社区卫生服务中心将继续加大禁烟控烟宣传力度，创新宣传方式，拓宽宣传渠道，让更多人远离烟草，文明健康生活。 供稿|浓洄社区卫生服务中心 来源|广安区卫生健康局,今日广安客户端,未知,2024-01-31 16:41:03,http://jrga.gaqrm.com/application/fcinformation/mobile/#/ArticleDetail/46187,未知,控烟、戒烟,正面,未知
202401017,威海市文登区龙山街道杏坛社区开展“无烟佳节 与爱同行”控烟活动,title: 威海市文登区龙山街道杏坛社区开展“无烟佳节 与爱同行”控烟活动 content: 威海市文登区龙山街道杏坛社区开展“无烟佳节 与爱同行”控烟活动 齐鲁网·闪电新闻1月31日讯 近日，文登区龙山街道杏坛社区党委在新时代文明实践站开展了“无烟佳节 与爱同行”控烟宣传活动。工作人员通过PPT课件，对烟民数量、吸烟现状、烟民向低龄化发展趋势以及二手烟对人体的危害等方面进行了讲述，引导社区居民不吸烟、主动戒烟，主动做控烟的宣传者和倡导者。工作人员还通过到辖区发放戒烟科普宣传页，讲解吸烟和二手烟的危害，引导居民养成健康的生活习惯，共度无烟健康佳节。 文登区融媒体中心 孙涛 邢梦昊 报道 通讯员 迟晓青 于双,闪电新闻客户端,未知,2024-01-31 16:37:34,http://sdxw.iqilu.com/share/YS0yMS0xNTM1NTQ3OA.html,未知,控烟、戒烟,正面,未知
202401018,无烟校园，一起行动！运河幼儿园开展禁烟控烟宣传活动,title: 无烟校园，一起行动！运河幼儿园开展禁烟控烟宣传活动 content: 无烟校园，一起行动！运河幼儿园开展禁烟控烟宣传活动 幼儿园是孩子们健康成长的摇篮，为了在孩子们幼小的心灵里播下“吸烟危害健康”的意识，杭州市运河幼儿园开展禁烟控烟宣传活动。倡议全体职工、家长朋友摒弃吸烟这一不良行为习惯，追求一种健康、文明的生活方式。 无烟倡议书 亲爱的家长朋友们: 吸烟严重危害生命，二手烟同样如此。让我们珍爱生命，远离烟草!为了大家的身心健康，拥有一个文明、洁净、优美的生活环境，杭州市运河幼儿园在此发出倡议: 1.自觉遵守《公共场所吸烟管理条例》的相关规定，自觉从自身做起，倡导文明健康的生活习惯。在各类公共场所不吸烟，做一个健康文明的公民。 2.主动参与禁烟，在孩子面前不吸烟，在家中尽可能少吸烟、不吸烟，来到我们幼儿园一定不吸烟，给身边的人创造一个健康的学习、生活和工作环境。 3.吸烟时要避开不吸烟者，以防他人吸食“二手烟”。 4.同事、朋友之间不敬烟、不送烟。看到他人吸烟，请对其进行友好的提醒和劝诫。 5.积极参与宣传吸烟的危害，自觉远离烟草。树立控烟意识，互相监督提醒。 拥有健康幸福的生活，是我们每个人的心愿，我们相信，为了您和您家人的健康，为了我们的绿色地球，您一定要远离烟草，为全社会营造一个健康的生活环境。让我们共同行动吧! 各班教师通过多媒体动画、图片、视频等多种形式，向幼儿宣传吸烟对人体的危害，引导幼儿认识禁烟标志，帮助幼儿真切地认识到烟草带来的危害，坚决拒绝二手烟，让幼儿告诉父母：幼儿园是无烟校园，来园禁止吸烟，也教育自己身边的人禁烟。 幼儿在了解吸烟的危害后，化身禁烟小卫士，寻找幼儿园里的禁烟标识。 在认识了禁烟标识的基础上设计了“禁止吸烟”的创意标识，幼儿化身禁烟宣传员，用自己的一言一行影响身边的人。 控烟行动，是每个人的义务，教职工们通过培训活动，了解了科学直观的数据，对烟中所含的有害物质、吸烟对人体的危害、二手烟暴露的危害、戒烟的好处等方面作了详细的讲解，大家清楚地认识到禁烟的必要性。,潮新闻客户端,通讯员 龚丹阳,2024-01-31 16:21:56,http://tidenews.com.cn/news.html?id=2703210,未知,控烟、戒烟,正面,未知
202401019,临江市：四道沟镇开展“无烟佳节 与爱同行”宣传活动,title: 临江市：四道沟镇开展“无烟佳节 与爱同行”宣传活动 content: 临江市：四道沟镇开展“无烟佳节 与爱同行”宣传活动 近日，临江市四道沟镇开展了“无烟佳节 与爱同行”控烟活动。 该镇在机关内开展全方位、多角度的控烟宣传教育，引导干部不吸烟、主动戒烟，主动做控烟宣传者和倡导者。开展四道沟镇“无烟佳节 与爱同行”控烟活动，控烟监督员围绕烟草简介、吸烟的危害、戒烟的好处三个方面为大家进行生动细致的讲解。深入分析四个阶段男女吸烟行为分布及其对死亡率的影响，讲解了我国烟草使用导致死亡的趋势、烟草烟雾中的致癌化学成分和有毒金属元素，带领大家认识一手烟、二手烟、三手烟并了解其中危害，引导参会干部、群众主动践行文明、健康、绿色的生活方式，早日戒烟，早日获利。 该镇通过宣传标语、宣传栏、发宣传单、居民微信群等群众喜闻乐见的方式，弘扬无烟健康过节文化，倡导公众要年味不要烟味，无烟健康过大年。特别注重“无烟家庭”建设，以小家庭带动大环境，从自身做起，从对家人的爱做起，主动对二手烟说”不”，全家共度无烟健康佳节。 四道沟镇将持续营造“人人关注控烟、人人参与控烟、人人享有健康”的良好氛围，积极引导社会各界参与到控烟工作中来，享身心健康，过无烟新年。 来源：临江融媒,白山发布客户端,未知,2024-01-31 16:13:41,http://li1v-share.plus.jlntv.cn/folder9921/folder9923/folder9925/folder9933/2024-01-31/1aX1cQyJbqWrPQqU.html,未知,控烟、戒烟,正面,未知
2024010110,守护健康，过“无烟佳节”,title: 守护健康，过“无烟佳节” content: 守护健康，过“无烟佳节” 新春佳节来临之际，为提高居民群众控烟意识，共同营造“要年味不要烟味”的健康佳节氛围，引导群众践行文明健康绿色环保的生活方式，江苏省健康教育协会、江苏省疾控中心、南京市疾控中心、鼓楼区卫健委、鼓楼区热河南路街道联合开展“无烟佳节 与爱同行”广场咨询活动。 1月30日上午，活动在鼓楼区热河南路街道世外桃源市民广场举行，南京健康教育协会副秘书长、南京市疾控中心健康教育科科长陈旭鹏主持活动。首先，社区运动舞蹈队用热情的开场舞蹈欢迎居民们的到来。南京市疾控中心党委副书记陈敏在致辞中呼吁公众过节送礼不送烟：“亲朋好友、礼尚往来，往往是我们中国人欢度新春的传统。但礼物，应该表达的是心意、是祝福；送出的最好是健康、是祝愿。所以无论如何，作为“百害而无一利”的香烟绝不是一个很好的礼物。” 南京市卫健委健康促进处四级调研员钱祥明宣布活动开始。江苏省卫健委健康促进处张璇副处长、江苏省健康教育协会烟草危害控制专委会主委、江苏省疾控中心健康教育所曲晨副所长、南京健康教育协会谢国祥会长、鼓楼区卫健委、鼓楼区疾控中心和鼓楼区热河南路街道等有关单位专家、社区医护专业技术人员、社区工作志愿者等当地社区居民参加了当天上午的广场咨询活动。 南京市疾控中心、南京健康教育协会专家向居民们进行控烟健康教育：“吸烟不仅是肺癌的重要致病因素之一，也是其他各种癌症、心血管疾病、呼吸道疾病的主要危险因素之一。除此之外，吸烟者产生的绝大部分烟草烟雾扩散到空气中形成二手烟，二手烟暴露同样会对人体健康造成极大伤害。春节期间、阖家欢乐。老人小孩齐聚一堂，更应该营造无烟、清新的居家环境，是关乎我们自己，也是关乎我们身边的每一位家人、朋友的健康。”活动现场，南医大二附院、南京市第二医院戒烟门诊专家为居民们提供戒烟咨询，鼓楼区社区卫生服务中心医务人员开展慢性病义诊、免费血压、血糖检测等服务。 中国国际控烟政策研究（ITC）报告显示，54.1%的吸烟者身上带着两包烟，其中一包是自己用的，另外一包是用来社交的。南京市疾控中心健康教育科陈旭鹏科长指出，不敬烟、不送烟、不吸烟的社交风尚未形成。遏制烟草在中国的流行重要一点就是改变社会风气，过节不送烟、见面不敬烟，不在公共场所吸烟，需要从你从我，大家一起做起。 通讯员刘晨曦 陈旭鹏 南京晨报/爱南京记者钱鸣 编辑：钱鸣,爱南京客户端,未知,2024-01-31 16:01:55,http://cms.injcb.com/dist/newsDetail/112374,未知,控烟、戒烟,中性,未知
2024010111,滑县城市管理局召开“无烟佳节 与爱同行”工作部署会,title: 滑县城市管理局召开“无烟佳节 与爱同行”工作部署会 content: 滑县城市管理局召开“无烟佳节 与爱同行”工作部署会 为进一步推动“无烟佳节 与爱同行”工作开展，引导广大干部职工践行“文明、健康、绿色、环保”的生活方式，营造春节期间无烟氛围，共度无烟健康佳节。1月31日，滑县城市管理局召开“无烟佳节 与爱同行”宣传活动工作部署会。 会议强调，要进一步推进无烟党政机关建设，充分发挥领导干部在控烟工作中的示范引领作为，从自身做起，主动戒烟、不吸烟，切实将控烟工作深入人心，付诸实践、取得成效，营造一个“文明、健康、绿色、无烟、环保”的工作环境。 要在单位内部显眼处张贴禁烟标识，室内区域全面禁止吸烟，开展内部抽烟人员教育工作，介绍吸烟的危害，学习禁烟的相关规定，科普健康知识，主动做控烟宣传者和倡导者，坚决对“对二手烟说不”，养成健康的生活方式和生活习惯，共度无烟健康佳节。 要通过线上+线下共同宣传的方式，营造浓厚控烟氛围。线上，通过微信群转发宣传控烟科普知识宣传片及小视频，宣传烟草对人体带来的危害，烟草中含有哪些致癌物质、有毒物质等；线下，开展志愿服务活动，张贴禁烟标识、发放宣传彩页、普及健康知识，倡导大家共同创建无烟家庭，营造积极健康的生活理念。 要开展督导检查和自查自纠，带班领导要会同纪检人员开展机关办公场所和局属各部门办公点的督导检查工作，将各办公点的禁烟工作纳入督查重点，形成材料实时通报，在检查中发现的问题要及时督促进行整改，切实增强控烟的自觉性和主动性。 撰稿：张肖明,云上滑州客户端,未知,2024-01-31 15:36:19,http://huaxian.dxhmt.cn/api/page/goPage?type=4&objectId=1cfcd2f5fe6746679cebb1f69512e100,未知,控烟、戒烟,正面,未知
2024010114,夹皮沟镇开展控烟宣传活动,title: 夹皮沟镇开展控烟宣传活动 content: 夹皮沟镇开展控烟宣传活动 近日，夹皮沟镇组织开展“无烟佳节 与爱同行”控烟宣传活动。 活动中，工作人员向群众讲解吸烟和二手烟的危害以及健康生活方式等知识，倡导群众走亲访友聚会时，不送烟，不敬烟，不劝烟，树立健康新风尚，创建“无烟家庭”“无烟佳节”。同时还通过发放控烟主题福字与海报等形式，让更多群众认识到吸烟的危害，不断提升控烟戒烟意识，共享健康美好生活。 供稿：蔡莹 编辑：董旭 责编：杨雪冰 监制：曹铁权,桦甸融媒客户端,未知,2024-01-31 13:56:51,http://0pa2-share.plus.jlntv.cn/folder6824/folder6826/folder8473/2024-01-31/qtjKyRln3wnnj0uG.html,未知,控烟、控烟戒烟,正面,未知
2024010115,和龙市文化街道文慧社区举办健康素养宣传活动,title: 和龙市文化街道文慧社区举办健康素养宣传活动 content: 和龙市文化街道文慧社区举办健康素养宣传活动 1月29日，和龙市文化街道文慧社区举办健康素养宣传活动，引导辖区群众树立健康理念改善健康环境、提升健康素质、培养健康行为、践行健康行动、崇尚健康生活。 活动中，文慧社区共建单位文化社区医院李医生通过向居民发放《中国公民健康素养手册》，现场讲解中国公民健康素养66条，普及合理膳食、科学运动、控烟限酒、心理健康、“三减三健”、伤害预防、慢性病管理、传染病防治、优生优育等健康知识，加强家庭成员健康管理，促进群众养成健康行为习惯，提升家庭健康素养。 此次活动，共发放宣传折页100余份，健康皂盒100余个，张贴宣传画20余张。进一步提高了群众的健康意识，增强了居民管理健康的能力，为打造健康社区起到了很好的指导作用。 END 扫码关注我们下载和龙金达莱APP了解更多和龙资讯,和龙金达莱,未知,2024-01-31 13:10:15,http://6he6-share.plus.jlntv.cn/folder5956//folder5958//folder5978//2024-01-31//i4qpmUU92GFjVgmL.html,未知,控烟,中性,未知
2024010116,泊头市疾控中心开展“无烟佳节 与爱同行”进校园活动,title: 泊头市疾控中心开展“无烟佳节 与爱同行”进校园活动 content: 泊头市疾控中心开展“无烟佳节 与爱同行”进校园活动 为进一步做好我市控烟工作，引导群众践行文明健康绿色环保生活方式，营造节日无烟氛围。2024年1月29日，疾控中心来到泊头市第二中学，组织开展以“无烟佳节 与爱同行”和“拒吸第一支烟 做无烟新一代”为主题的控烟宣传活动。鼓励广大青少年成为学校、家庭控烟监督员，更好促进了我市无烟学校、无烟家庭的建设。 通过组织开展本次健康过佳节活动，大力弘扬了无烟健康过佳节文化，倡导过节不吸烟、不敬烟，“对二手烟说不”“拒吸第一支烟 做无烟新一代”，共度无烟健康佳节。 来 源：泊头市疾控中心 编 辑：张 昊 陈莉娜 编 审：勾建华 杨金成,冀云泊头客户端,未知,2024-01-31 12:03:24,http://jiyunbotou.hebyun.com.cn/pages/2024/01/31/169bcafff26c4a1fb13051fb106d2879.html,未知,控烟,正面,未知
2024010117,阿拉山口市开展“无烟佳节 与爱同行”宣传活动,title: 阿拉山口市开展“无烟佳节 与爱同行”宣传活动 content: 阿拉山口市开展“无烟佳节 与爱同行”宣传活动 为进一步推动阿拉山口市无烟环境创建，引导群众践行文明健康绿色环保生活方式，共度无烟健康佳节，近日，阿拉山口市卫健委联合市人民医院、市疾控中心在阿拉山口市友好广场组织开展了“无烟佳节 与爱同行”宣传活动。 活动中，工作人员通过悬挂横幅、摆放宣传版面、发放宣传资料和现场开展健康教育咨询等多种形式，向大家详细介绍了烟草中的有害物质、吸烟的危害、二手烟的危害、戒烟的多种方法，让大家走出吸烟认识的误区，并深入讲解了《控烟条例》中禁烟场所所涉及的范围、违反条例的处罚力度等方面内容。 随后，还开展了“无烟佳节 与爱同行”签字承诺活动，引导职工群众做好自己的“健康第一责任人”，共建无烟环境，共享无烟佳节。 阿拉山口市民王万奇说：“通过今天的宣传，我知道了二手烟的危害，我将从自身做起，倡导身边人过节不抽烟、不送烟，对二手烟说‘不’，共度无烟健康佳节。” 通过此次活动，加强了广大群众对控烟理念的理解和认同，提高了居民对吸烟及被动吸烟危害性的认识，远离烟草烟雾，自觉树立控烟意识，主动拒绝香烟，营造了动员全社会参与控烟的良好氛围，为养成良好的健康生活方式、创建健康生活环境奠定了基础。 阿拉山口市卫健委干部胥峰说：“今天通过发放健康宣传手册，提高干部职工群众自觉抵制吸烟与被动吸烟意识，树立从被动接受到主动参与控烟的健康理念，形成人人参与控烟活动、共创健康无烟环境的良好氛围。” 责任编辑：纪·菊花,阿拉山口好地方客户端,未知,2024-01-31 11:45:55,http://tnews.xjmty.com/app/alsk/ccjj/202401/t20240131_18923579.html,未知,戒烟、控烟,正面,未知
2024010120,无烟佳节，与爱同行！这场控烟教育宣传活动节前开展,title: 无烟佳节，与爱同行！这场控烟教育宣传活动节前开展 content: 无烟佳节，与爱同行！这场控烟教育宣传活动节前开展 为提高居民群众控烟意识，共同营造“要年味不要烟味”的健康佳节氛围，引导群众践行文明健康绿色环保的生活方式，1月30日上午，江苏省健康教育协会、江苏省疾控中心、南京市疾控中心等单位在鼓楼区世外桃源市民广场联合开展“无烟佳节，与爱同行”广场咨询活动。 活动首先由南京市疾控中心党委副书记陈敏致辞，呼吁公众过节送礼不送烟：“亲朋好友之间礼尚往来，这往往是我们中国人欢度新春的传统。但礼物应该表达的是心意、是祝福，送出的最好是健康、是祝愿，所以作为‘百害而无一利’的香烟绝不是一个很好的礼物。” 活动通过布置戒烟宣传展板，发放健康知识小册子以及宣讲控烟知识教育的方式，向居民们讲解吸烟的危害，呼吁公众摈弃送烟陋习，共度无烟健康佳节，共创无烟生活环境。 “我们非常担心在节日时候赠送喜烟喜酒这样的文化习俗会对青少年对我们的下一代造成不好的影响，我们结合这几年元旦春节这些中国人比较关注的节假日期间倡导无烟佳节、无烟家庭、无烟生活的行动，最终目的就是改变大家以烟为礼的习俗，倡导更加健康的生活方式。”江苏省健康教育协会烟草危害控制专委会主委、江苏省疾控中心健康教育所副所长曲晨向公众介绍控烟健康教育的意义，阐述吸烟对人体的危害，倡导公众营造无烟健康的家庭环境。“过年的时候家庭团聚可以一起去做一些健康的活动，例如一起去户外一起去徒步，促成这样的家庭亲子环境我觉得会比在家一起抽烟要健康得多，到最后我们会发现家人的健康会比什么都重要。不管是烟草还是二手烟，它们会导致呼吸系统疾病以及诱发其他相关疾病这已经成为不争的事实。在家里这样封闭的环境，甚至还有可能导致三手烟的残留。” 活动现场还开展免费咨询义诊服务，南京市鼓楼区社区卫生服务中心为居民们提供免费血压、血糖检测、慢性病义诊服务，南京医科大学附属第二医院、南京市第二医院戒烟门诊专家为居民们提供戒烟咨询。 “在年前给市民宣传戒烟这种健康知识我觉得很好，刚刚我还测了血压，医生提醒有点偏高平时要注意多观察，非常感谢政府的这些服务活动。”社区居民夏小平表示。 实习生 陈潇 新华日报·交汇点记者 王甜,交汇点新闻客户端,未知,2024-01-31 10:29:39,http://jhdapi.xhby.net/content/s65b9b094e4b0c06b96f77667.html,未知,控烟、戒烟,正面,未知
2024010122,江陵县开展“无烟佳节 与爱同行”主题宣传活动,"title: 江陵县开展“无烟佳节 与爱同行”主题宣传活动 content: 江陵县开展“无烟佳节 与爱同行”主题宣传活动 为进一步推动辖区内“无烟佳节·与爱同行”控烟活动开展,持续巩固创卫成果,引导群众践行文明健康绿色环保生活方式,共同营造元旦、春节“双节”无烟氛围,共度无烟健康佳节,江陵县疾控中心联合郝穴镇人民政府于1月30日在县全民健身中心承办了“无烟佳节与爱同行”主题宣传活动。 活动中,主持人宣读“新年对“烟”说拜拜,健康过佳节”倡议书,通过播放“要年味不要烟味,控烟行动在路上,健康中国”短视频展示,围绕我国烟民数量、吸烟现状、烟民低龄化发展趋势以及二手烟对人体的危害等方面向居民朋友们进行了宣传讲解,鲜明的主题、活泼的形式和丰富的内容让居民们了解了控烟知识,意识到吸烟不仅是对环境的破坏,还是对身边人的一种伤害,使他们懂得吸烟的害处并主动规劝亲人戒烟、禁烟,共同营造健康良好的无烟环境。现场工作人员还发放了控烟、戒烟等科普知识宣传折页12种8500余份、围裙200件、抽纸600提,倡导“不送烟、不敬烟、不劝烟、不吸烟、和烟草说拜拜、对健康说HiHi”。号召广大居民朋友们行动起来,共度无烟健康佳节,引导居民养成健康的生活方式和生活习惯。本次“无烟佳节与爱同行”宣传活动共开展健康知识讲座12场次,受教育人次达620余人。公众健康咨询活动1场次,参与群众达600多人次。通过活动,不仅提高了辖区居民控烟意识,也让大家认识到吸烟对人体的危害,纷纷表示都要参加到控烟宣传活动中来,从身边的小事做起,为创建无烟环境和巩固创卫成果贡献力量。",企业预警通客户端,未知,2024-01-31 10:08:00,http://app.finchina.com/finchinaAPP/newsDetail/isNews.html?isNewsDetail=1&type=news&id=256C52F013CD355F6BE7C53EA494B50E,未知,控烟、戒烟,正面,未知
2024010123,沧州市新华区：护航健康生活 打造无烟佳节,title: 沧州市新华区：护航健康生活 打造无烟佳节 content: 沧州市新华区：护航健康生活 打造无烟佳节本文转自：人民网-河北频道在沧州市新华区一大型商超，医务人员为市民群众提供健康义诊。杨晨摄近日，走进沧州市新华区一大型商超，一场“无烟佳节 健康同行”主题义诊宣传活动吸引了众多市民参与。辖区卫生服务中心工作人员通过现场义诊帮助市民了解身体状况，发放全民禁烟倡议书和禁烟宣传单，提高市民群众的健康意识，促进身体健康。春节临近，为进一步营造健康文明和谐的社会环境，推动控烟工作开展，沧州市新华区持续深入各个公共场所开展常态化宣教活动，持续强化“无烟商场”“无烟医院”“无烟学校”建设成果，引导市民群众认识吸烟的危害、戒烟的好处以及如何科学戒烟、戒烟期间出现不良症状如何解决等，共建共享无烟环境，共度无烟佳节。（刘冲、杨晨）在沧州市人民医院，戒烟门诊医生为前来问诊的市民提供科学戒烟方案。杨晨摄沧州市新华区各企事业单位，纷纷组织开展了禁烟知识讲座和宣传教育活动。杨晨摄在沧州市新华区某机关单位，市中西医结合医院的医生开展上门禁烟讲座。杨晨摄,网易新闻客户端,人民资讯,2024-01-31 09:46:00,http://3g.163.com/all/article/IPP7HJ790530QRMB.html,未知,控烟、戒烟,中性,未知
2024010124,朝阳路社区：无烟佳节 与爱同行,title: 朝阳路社区：无烟佳节 与爱同行 content: 朝阳路社区：无烟佳节 与爱同行 本网讯（通讯员 程薇）1月25日上午，窑湾街道朝阳路社区公共卫生委员会成员集中入户开展无烟佳节、与爱同行控烟科普宣传活动，引导群众践行健康文明、绿色环保的生活方式。 通过发放控烟宣传单，详细讲解吸烟和被动吸烟对人身体和环境的危害、烟草引起肺部疾病和戒烟对健康有益等知识，提醒辖区居民增强控烟戒烟意识，倡导居民“做自己健康的第一责任人”。 通过开展无烟佳节，与爱同行等宣传活动，提高了居民对烟草危害的认识，共同营造健康的生活环境，共度无烟佳节。 审核人：王泽华,三峡云客户端,胡昌娥,2024-01-31 09:30:58,http://site.ycrmt.cn/zj/web/Details?id=986709,未知,控烟、戒烟、控烟戒烟,中性,未知
2024010126,创建国家卫生城市丨长白县长白镇长松社区：无烟佳节 与爱同行,title: 创建国家卫生城市丨长白县长白镇长松社区：无烟佳节 与爱同行 content: 创建国家卫生城市丨长白县长白镇长松社区：无烟佳节 与爱同行 新春佳节将至，为保障居民身体健康，倡导文明健康新风尚，弘扬无烟健康过节文化，共度无烟健康佳节。1月30日，长白县长白镇长松社区新时代文明实践站开展“无烟佳节 与爱同行”文明实践控烟宣传活动。 活动通过讲座的形式开展，针对如何戒烟、预防二手烟危害、烟草危害等知识进行普及，大力倡导自己是健康的第一责任人及共同创建无烟家庭，营造积极健康的生活理念，提高公众健康意识。同时，大力弘扬无烟健康过节文化，倡导过节不吸烟、不敬烟、不送烟，“对二手烟说不”，共度无烟健康佳节。 此次活动的开展不仅能够提高了广大群众的自我保健能力，还营造“人人懂、人人动”的爱国卫生运动氛围。下一步，长白县长松社区将继续丰富宣传方式，整合辖区内有效资源，创新活动载体，持续做好控烟知识宣传，把禁烟宣传纳入群众生活的方方面面。 编 辑：刘文文 责 编：周 晶 审 核：王 赫 通讯员：杨丽娜,灵秀长白客户端,未知,2024-01-31 09:00:35,http://5wxo-share.plus.jlntv.cn/folder6794/folder6796/folder8946/2024-01-31/Kuip8m3LsoBtslIK.html,未知,控烟、戒烟,正面,未知
2024010128,望留街道开展“无烟佳节 与爱同行”活动,title: 望留街道开展“无烟佳节 与爱同行”活动 content: 望留街道开展“无烟佳节 与爱同行”活动 潍城区融媒体中心讯 为宣传无烟健康过节理念，引导广大居民群众养成文明健康、绿色环保的生活方式，望留街道积极开展“无烟佳节，与爱同行”活动，营造健康过节氛围。 通过张贴宣传条幅、村大喇叭广播、微信群宣传等形式，大力倡导过节不吸烟、不敬烟、不送烟，对二手烟说“不”，引导辖区居民践行文明健康绿色环保的生活方式，共度无烟健康佳节。 组织工作人员进行入户宣传，详细讲解吸烟对健康和环境的危害，提高广大居民群众的认识，增强居民控烟意识，同时，向居民发放如何控烟、戒烟的资料，提供戒烟咨询服务，呼吁广大居民不要在公共场合、室内等环境吸烟，共同维护公共健康环境，共享无烟生活。 下步，望留街道将进一步加强组织领导，认真研究谋划，多角度、多样化开展控烟系列教育行动，引导辖区内居民养成良好的生活方式，营造文明健康的社会风尚。,爱潍城客户端,张晓敏,2024-01-31 08:30:50,http://iapp.wcrmawckhd.cn/share/YS0xNS0zMTAwNDQ2NA.html,未知,控烟、戒烟,正面,未知
2024010129,区卫健局综合监督执法所开展公共场所专项监督,title: 区卫健局综合监督执法所开展公共场所专项监督 content: 区卫健局综合监督执法所开展公共场所专项监督 春节假期将至，为做好节日期间公共卫生监管工作，保障节日期间辖区居民及外来游客的健康权益，营造安全舒适的公共卫生环境。近日，城关区卫健局综合监督执法所对辖区内的住宿场所、美容美发、洗浴场所、影剧院、歌舞厅、商场等人群聚集场所开展节前专项检查。 执法人员重点检查了公共场所是否亮证经营，从业人员是否持有有效健康体检合格证明；公共用品用具是否按规定配备清洗、消毒、保洁是否做到一客一换一消毒，相应记录是否齐全；公共场所的空气质量、微小气候、顾客用品用具、集中空调通风系统等是否进行卫生检测、公示；场所内是否建立控制吸烟管理制度，是否设置控烟劝导员等。检查后发现经营单位都能按要求规范经营，但有个别单位存在对公共用品用具消毒不规范以及通风口未按规定清洗消毒等问题，针对发现的问题，监督员现场规范指导，制作《现场笔录》，下达《卫生监督意见书》，责令相关单位立即整改。 下一步，城关区卫健局综合监督执法所将持续开展节日期间的公共场所监督检查，在执法行动中坚持目标导向、问题导向，着力消除卫生健康安全隐患，全力守护市民和游客度过一个健康、平安、祥和的新春佳节。 编辑：王雅琴 摄影：王雅琴 责编：宋 蓉 审核：杨晟途,今城观客户端,未知,2024-01-31 07:00:04,http://jinchengguann.newgscloud.com/pages/2024/01/30/7e03afabccca4a10b2c4de250c80da63.html,未知,控烟,中性,未知
2024010131,北京成年男性吸烟率比2021年上升,title: 北京成年男性吸烟率比2021年上升 content: 北京成年男性吸烟率比2021年上升 近日，北京市卫生健康委发布了第五次成人烟草流行调查数据结果，15岁及以上成人吸烟率为19.9%，与2021年持平。 第五次成人烟草调查覆盖北京市16个区（除经开区）、50个街道（乡镇）、100个居（村）委会的13033个家庭户，共完成有效问卷10727份。 调查结果显示，成人吸烟率降速减缓，已到达平台期，距离健康北京行动提出的“到2030年，成人吸烟率低于17%”目标仍有一定差距。其中男性吸烟率36.6%，比2021年上升0.6个百分点；女性吸烟率2.2%，比2021年下降0.5个百分点。家庭二手烟暴露率为29.6%，二手烟暴露情况比2021年并无明显改善。除室内工作场所、中小学校、政府大楼的二手烟暴露率有所下降外，餐馆、大学、医疗机构、公共交通工具的二手烟暴露率则与2021年基本持平。 在所有曾经和现在吸烟人群中，戒烟率达到29.6%，比2021年提高2.6个百分点。现在吸烟者的尝试戒烟率由2021年的38.2%提高至41.8%，有戒烟计划的比例由2021年的19.2%提高至23.7%。这些数据表明，北京市吸烟者在无烟文化的熏陶下，有较强的戒烟动机和戒烟需求，是开展戒烟服务的可干预对象。 电子烟并未获得北京市居民额外的青睐。调查中，曾经使用过电子烟的比例由2021年的7.4%下降至6.6%，现在使用电子烟的比例则由3.2%下降至2.2%；77.4%的受访者表示支持将电子烟纳入现有禁烟法规。 针对无烟街区设置问题，北京市民对多项措施持支持态度。87.2%的受访者赞同在办事机构的室外公共区域设置吸烟区，90.2%赞同在各单位的入口处设置灭烟处，78%赞同在城市街区广场的开阔位置设置吸烟区。 接下来，北京市将继续深入推进健康北京行动，严格落实《北京市控制吸烟条例》，加强控烟执法，积极开展戒烟服务，深入推进无烟场所建设，进行更有针对性的控烟宣传，倡导健康文明生活方式，全社会形成合力，共同打造无烟北京。（经济日报记者 吴佳佳）,经济日报客户端,吴佳佳,2024-01-30 23:32:00,http://share.jingjiribao.cn/detail/newsDetailShare.html?docid=504956,未知,戒烟、控烟,中性,未知
2024010135,蒲城县总工会开展“无烟佳节 与爱同行”宣传活动,title: 蒲城县总工会开展“无烟佳节 与爱同行”宣传活动 content: 蒲城县总工会开展“无烟佳节 与爱同行”宣传活动无烟佳节与爱同行携手推进控烟行动1月30日，为进一步增强干部职工和人民群众的环保意识和控烟意识，创建良好的工作和生活环境，结合县爱卫会工作要求，县总工会积极开展“无烟佳节 与爱同行”宣传活动。活动中，工会领导干部充分发挥示范带头作用，深入县健康管理中心及有关单位和企业开展控烟宣传。积极倡导要带头自觉遵守公共场所禁止吸烟的规定，节假日期间走亲访友、亲朋聚会自觉做到不吸烟、不送烟、不敬烟，营造文明、健康的节日气氛。【郝英】,网易新闻客户端,陕西文化传媒,2024-01-30 19:00:00,http://3g.163.com/all/article/IPNKQ3FE0552QNPA.html,未知,控烟,正面,未知
2024010136,海州区卫健委：浦西社区卫生服务中心举办控烟咨询活动,title: 海州区卫健委：浦西社区卫生服务中心举办控烟咨询活动 content: 海州区卫健委：浦西社区卫生服务中心举办控烟咨询活动为维护人民群众的身心健康，倡导健康生活方式，共建共享无烟环境，1月25日上午，海州区疾病预防控制中心联合浦西社区卫生服务中心在浦西社区卫生服务中心门诊大厅举行了控烟健康教育宣传咨询活动。为烘托活动氛围，咨询现场通过悬挂“度无烟佳节 建无烟家庭 享健康生活”横幅及标语，播放控烟视频、设立宣传台、发放《吸烟与肺癌》、《烟草威胁环境》等宣传手册等形式，引导教育大家吸烟者主动戒烟、非吸烟者勇于拒绝二手烟，共建共享无烟环境。共计发放宣传册、单页300余份。此次戒烟健康教育咨询活动，受到群众的热烈欢迎，咨询人次达80余人次。现场通过向居民讲解吸烟的危害、戒烟对健康的益处、健康的生活方式等相关知识，倡导并形成人人主动规劝家人、朋友戒烟、禁烟的良好的氛围，号召广大市民为了自己和家人的健康，远离烟草的侵害，积极营造全社会支持控烟的良好氛围，为共建无烟环境、共享健康生活环境打下良好的基础。,网易新闻客户端,信息新报,2024-01-30 18:52:00,http://3g.163.com/all/article/IPNKBGE10552ADWT.html,未知,控烟、戒烟,正面,未知
2024010139,【无烟佳节 与爱同行】王庄镇卫生院进集市开展控烟宣传活动,title: 【无烟佳节 与爱同行】王庄镇卫生院进集市开展控烟宣传活动 content: 【无烟佳节 与爱同行】王庄镇卫生院进集市开展控烟宣传活动为进一步引导群众践行文明健康绿色环保生活方式，提高辖区群众对吸烟危害健康的认识，主动参与禁烟控烟，1月24日上午，王庄镇卫生院走进王庄镇集市开展“无烟佳节 与爱同行”控烟宣传活动，营造春节期间健康、清洁、宜居的无烟环境。活动中，医务人员向居民发放戒烟科普宣传手册，普及吸烟和二手烟对健康以及环境的危害、吸烟可能引发的疾病等健康知识。并向居民详细讲解了戒烟的好处，介绍了戒烟方法，引导和鼓励居民积极参与控烟、主动戒烟，同时倡导大家为了自己和家人的健康，抵制烟草诱惑，远离香烟制品，养成健康的生活方式和生活习惯。通过开展此次禁烟控烟宣传活动，辖区居民深刻认识到吸烟对身体健康的危害，纷纷表示，要用实际行动带动身边的家人朋友禁烟控烟，为营造健康的居住环境出一份力。下一步，王庄镇卫生院将继续加大禁烟控烟宣传力度，创新宣传方式，拓宽宣传渠道，让更多人远离烟草，文明健康生活。（王庄镇卫生院）投稿地址：fcjsx04@163.com编辑审核： 肥城市卫生健康宣教中心,网易新闻客户端,健康肥城,2024-01-30 17:49:00,http://3g.163.com/all/article/IPNGO1E10514S2IS.html,未知,控烟、戒烟,正面,未知
2024010140,南京鼓楼区开展“无烟佳节 与爱同行”广场咨询活动,title: 南京鼓楼区开展“无烟佳节 与爱同行”广场咨询活动 content: 南京鼓楼区开展“无烟佳节 与爱同行”广场咨询活动 践行文明健康绿色环保的生活方式，倡导不吸烟、不敬烟、不送烟，“拒绝二手烟”，营造“无烟佳节”的氛围。1月30日上午，南京鼓楼区疾控中心在热河南路街道小桃园-世外桃源市民广场，承办了“无烟佳节，与爱同行”广场咨询活动。 江苏省爱卫办、南京市爱卫办、鼓楼区爱卫办、鼓楼区热河南路街道办事处等相关单位和领导参加活动。 江苏省疾控中心、江苏省健康教育协会、南京市疾控中心、南京健康教育协会、南医大二附院、南京市第二医院、鼓楼区疾控中心、鼓楼区阅江楼社区卫生服务中心等专家、医务人员现场为居民提供咨询、义诊、测量血压血糖等服务。社区健身舞蹈队用热情的舞蹈欢迎居民朋友前来参加活动。 南京市疾控中心党委副书记陈敏表示，亲朋好友之间的礼尚往来是过年的传统，礼物，应该表达的是心意、是祝福，送出的最好是健康、是祝愿，但绝不是香烟。” 活动中，南医大二附院、南京市第二医院戒烟门诊的专家为居民们提供戒烟咨询；江苏省疾控中心健康教育所、江苏省健康教育协会的专家们现场为吸烟的居民检测体内一氧化碳的浓度，提示健康风险；南京市疾控中心、南京健康教育协会的专家现场向居民讲解吸烟的危害，特别提示居民，吸烟危害身体健康，二手烟同样会对健康造成极大伤害；鼓楼区疾控中心、鼓楼区阅江楼社区卫生服务中心的医务人员开展慢性病义诊、免费血压、血糖检测等服务。 此外，南京市疾控中心的专家还向现场的控烟宣传小学生志愿者们讲解了吸烟的危害，特别强调了烟草对青少年的危害。志愿者们表示要规劝周围的亲戚长辈戒烟、禁烟，共同营造无烟佳节、绿色健康环境。 南京市疾控中心健康教育科科长陈旭鹏建议：过节不送烟、见面不敬烟，不在公共场所吸烟，需要从你从我，大家一起做起。,交汇点新闻客户端,未知,2024-01-30 17:09:25,http://jhdapi.xhby.net/content/s65b8bcc5e4b047510178d193.html,未知,戒烟、控烟,正面,未知
2024010142,双墩镇：无烟佳节 与爱同行,"title: 双墩镇：无烟佳节 与爱同行 content: 双墩镇：无烟佳节 与爱同行 新春佳节将至，为保障居民身体健康，倡导文明健康新风尚，弘扬无烟健康过节文化，共度无烟健康佳节。1月29日上午,合肥市疾控中心、长丰县卫健委、长丰县疾控中心、双墩镇卫健办、双墩医院、双墩镇双丰社区齐聚在丰湖苑小区广场，共同开展“无烟佳节，与爱同行”系列控烟宣传活动。 为了扩大宣传范围，让更多居民了解控烟知识，活动通过宣传展板、健康义诊、免费发放控烟知识春联等形式展开。活动现场，医护人员耐心解答群众提出的疾病防治问题，针对如何戒烟、预防二手烟危害等知识进行普及，现场还专门开设了测血糖、量血压的健康义诊服务，让居民不出小区就可以享受就医问询的便利，深受广大居民朋友的喜爱和欢迎，同时为老年人建立健康档案，对老年人后期的健康管理进行长期跟进问诊服务。 随后工作人员为前来参加宣传活动的居民免费发放控烟知识春联，控烟福字、红包皮以及宣传手册等，为广大居民送上“健康”大礼，并为居民讲解吸烟对健康的危害，倡导居民过节不吸烟、不敬烟、不送烟。在浓浓年味的包裹下，大力弘扬无烟健康过节文化，提高自我保健和防护意识，远离烟草危害。 下一步，双丰社区将继续丰富宣传方式，整合辖区内有效资源，创新活动载体，持续做好控烟知识宣传，把禁烟宣传纳入群众生活的方方面面。（马景芝）",合肥365客户端,未知,2024-01-30 17:01:00,http://m.hf365.com/article/340524,未知,控烟、戒烟,中性,未知
2024010143,光山县人民医院开展“今冬明春”消防安全知识培训、消防安全疏散演练暨控烟知识培训,title: 光山县人民医院开展“今冬明春”消防安全知识培训、消防安全疏散演练暨控烟知识培训 content: 光山县人民医院开展“今冬明春”消防安全知识培训、消防安全疏散演练暨控烟知识培训1月29日下午，光山县人民医院特邀南阳市消防技术协会曾凡义老师来院，在行政楼三楼报告厅开展了消防安全培训演练活动。光山县人民医院领导、中层干部、重点科室人员以及规培学员参加培训和演练，旨在提高医院干部职工的消防安全知识及逃生灭火技能，保证患者在医院的生命安全。培训会由医院党委委员、工会主席胡海燕主持。曾凡义老师以医院消防特点讲解医院日常火灾预防措施、医院发生火灾时如何处理、医院消防安全常识、法律法规等。结合近期消防火灾案例，先以大量实例火灾的危害性，展示火灾严重危害带来的后果。结合实际，对火灾特点、预防火灾的基本常识，火灾发生、发展等基本规律和特点等方面知识进行了讲解。对医院的消防管理、设施设备检查进行经验传授。呼吸内科主任陈远山以PPT的形式，详细讲解了烟草知识、吸烟的危害、戒烟的益处、劝阻吸烟的技巧、医务人员控烟知识培训等内容。培训会后，在行政楼后广场实施消防逃生演练，曾凡义老师对灭火器的使用方法进行了详细讲解、演示，介绍了“什么是上风位置及最佳喷射位置”和灭火器使用过程中的注意事项以及使用灭火器的技巧等。通过培训，全院医护人员进一步加强了消防安全意识，明确了岗位消防责任，提高了突发火灾、地震应急处置能力。光山县人民医院高度重视安全生产，每年都有计划地组织消防相关培训与演练，邀请消防专家来院授课，提升职工的安全意识和应急疏散、转移救护病人及自防自救的能力，维护医院安全、稳定、和谐的工作秩序和就医环境。（张宇扬）,网易新闻客户端,时代报告,2024-01-30 16:56:00,http://3g.163.com/all/article/IPNDG3UK0530TV08.html,未知,控烟、戒烟,中性,未知
2024010144,引领健康过节新风尚：倡导“无烟佳节 与爱同行”,title: 引领健康过节新风尚：倡导“无烟佳节 与爱同行” content: 引领健康过节新风尚：倡导“无烟佳节 与爱同行” 为深入推动我县控烟工作，营造节日期间无烟氛围，引导群众践行文明健康绿色环保生活方式，1月30日元谋县爱国卫生运动委员会办公室组织各乡镇、各成员单位在县城凤凰湖公园开展“无烟佳节 与爱同行”宣传活动。 活动采取设立咨询宣传台、悬挂横幅、发放宣传资料、现场咨询、免费测量血压等形式广泛宣传“控烟健康教育”核心内容，让群众了解到吸烟、吸二手烟对环境和家庭的危害，引导群众增强控烟戒烟意识，养成健康的生活习惯。 元谋县卫生健康局思友丽说:“我们组织这次‘无烟佳节 与爱同行’为主题的宣传活动，主要是为了告诉广大群众，吸烟危害健康，会引发多种疾病。我们提倡健康的生活方式，比如控烟戒酒、适量运动，提高居民健康素养水平，增强国民体质。接下来，我们要加大控烟宣传力度，做好无烟环境建设。” 通过此次活动，进一步提高了公众对健康知识的认知，倡导健康生活方式，共筑美丽健康家园。 “通过这次活动，我觉得吸烟对身体有危害，二手烟可以导致肺癌、冠心病、脑卒中，孕妇吸了二手烟也会导致新生儿体重下降、畸形、唇腭裂这些病，公共场所吸烟也会影响大家。所以，吸烟对身体不好，回到家中我也把这些知识告诉我家里面的人，让我父亲和我老公就是少抽烟，尽量不抽烟，然后也把这些知识，告诉我身边的人，让他们向他们身边的人宣传，就是少抽烟，因为吸烟对身体不好。”群众张丽梅说。 来源：元谋县融媒体中心 元谋县卫生健康局 作者：李明霏 编辑｜运营:任天华 责编｜一审: 陈德红 马宇 马林飞 二审:李存有 终审:米立江 ©元谋县融媒体中心,七彩云端客户端,李明霏,2024-01-30 16:48:35,http://mtydazzle.yunshicloud.com/pages/details/details.html?productId=320D3AAAE13D4813B3B256FE4B9E8C56&docid=27C6341092AF41389E3AF1A7A3D788DD&downloadTips=true&jumpCode=QCYD,未知,控烟、控烟戒烟,正面,未知
2024010145,“拒绝烟草，珍爱生命”—槐子村开展控烟、禁烟主题宣传活动,title: “拒绝烟草，珍爱生命”—槐子村开展控烟、禁烟主题宣传活动 content: “拒绝烟草，珍爱生命”—槐子村开展控烟、禁烟主题宣传活动 为提升村民对烟草危害的认识，树立健康生活理念。近期，槐子村开展“拒绝烟草 珍爱生命”控烟禁烟主题宣传活动，提高辖区村民对吸烟危害的认识和了解，保障村民身体健康。 网格员走进网格向村民讲解香烟对人体的危害以及戒烟的方法，用科学的数据提醒村民烟草对自己和家人的危害。让群众充分了解吸烟、二手烟、三手烟、电子烟的危害以及拒吸戒烟方法等，提示青少年一定要洁身自律、远离烟草，养成健康的生活方式和卫生习惯，切实增强辖区村民禁烟控烟的责任感。 通过这次控烟禁烟宣传活动，让辖区村民进一步了解了吸烟的危害，引领更多的村民主动加入戒烟、控烟的行列，下一步，槐子村将持续广泛宣传控烟知识，倡导村民把更多的健康知识转变为健康行为，提高生命质量，营造出良好的生活环境，为推动形成“控烟戒烟全民参与”的良好氛围贡献力量。 编辑：万园艳,扬帆客户端,万园艳,2024-01-30 16:19:51,http://news.96189.com/w/2401/adf3be2990ae427a9ab9fdbf463e4826.html,未知,控烟、戒烟、控烟戒烟,正面,未知
2024010147,创建国家卫生城市丨长白县长白镇绿江社区：无烟佳节 与爱同行,title: 创建国家卫生城市丨长白县长白镇绿江社区：无烟佳节 与爱同行 content: 创建国家卫生城市丨长白县长白镇绿江社区：无烟佳节 与爱同行 为倡导健康的生活方式，提高居民对吸烟危害的认识，创造良好的无烟环境，1月30日，在新春佳节来临之际，长白县长白镇绿江社区开展“无烟佳节 与爱同行”宣传活动。 活动现场，社区工作人员向居民发放了戒烟宣传单，宣传吸烟对身体健康的危害，以及戒烟的重要性和方法，帮助他们更好地了解戒烟的过程和注意事项。并向他们详细讲解了戒烟的好处，号召居民为了自己和家人的健康不吸或少吸烟，共建无烟社区，共享健康生活。 此次活动推动了社区的控烟工作，对创造无烟、洁净、健康的生活环境和居住环境，维护广大居民的身体健康起到了促进作用。下一步，绿江社区将继续加大无烟工作的宣传力度，努力做好控烟工作，动员社会力量，维护居民健康。 编 辑：王丽栋 责 编：周 晶 审 核：王 赫 通讯员：彭 莉 薛玉,灵秀长白客户端,未知,2024-01-30 15:52:47,http://5wxo-share.plus.jlntv.cn/folder6794/folder6796/folder8946/2024-01-30/9kph19DopzdoRS5Y.html,未知,戒烟、控烟,正面,未知
2024010149,会泽县开展“无烟佳节 与爱同行”宣传活动,title: 会泽县开展“无烟佳节 与爱同行”宣传活动 content: 会泽县开展“无烟佳节 与爱同行”宣传活动 1月30日，会泽县爱卫办组织县卫健局、以礼街道、县疾控中心、以礼卫生院在以礼街道河滨社区开展“无烟佳节 与爱同行”为主题的宣传活动。 活动现场，医务工作人员为居民群众测量血压，并详细讲解高血压慢性病防治知识，控烟知识、健康素养66条等健康知识，号召居民们群众为了自己和家人的健康要积极行动起来，不吸烟，广泛参与到无烟控烟工作中，同时要提高环保意识，倡导绿色健康环保生活方式，共享健康生活。 活动共发放《远离烟草危害》、《高血压病防治》、《健康素养66条》等宣传折页1000余份，发放毛巾、袖套等小礼品750余份，免费监测血压80余人，健康咨询居民100余人次。 通讯员：朱知梅 高红梅 编辑：孟倚帆 校对：李炳昌 审核：李勇达,七彩云端客户端,孟倚帆,2024-01-30 15:49:27,http://mtydazzle.yunshicloud.com/pages/details/details.html?productId=320D3AAAE13D4813B3B256FE4B9E8C56&docid=F54FF879FF7E42908EF3C2256D89E723&downloadTips=true&jumpCode=QCYD,未知,控烟,正面,未知
2024010151,新时代文明实践｜区统计局组织开展“无烟佳节 与爱同行”无烟健康过节宣传,title: 新时代文明实践｜区统计局组织开展“无烟佳节 与爱同行”无烟健康过节宣传 content: 新时代文明实践｜区统计局组织开展“无烟佳节 与爱同行”无烟健康过节宣传 为进一步推动控烟工作深入开展，引导干部职工践行文明、健康、绿色、环保的生活方式，营造新春佳节无烟氛围，1月29日上午，区统计局利用周一例会组织开展了以“无烟佳节 与爱同行”为主题的无烟健康过节宣传活动。 一是以欢度新春佳节、关爱家人健康为契机，通过张贴禁烟标识、宣传资料，向干部职工讲解了吸烟及二手烟的危害、戒烟的好处等常识，宣读《人人参与控烟活动 共创健康无烟环境倡议书》，呼吁大家不要在室内、公共场所、工作场所和交通工具内吸烟，倡导从自身做起，树立“远离烟害，人人有责”的观念，养成良好的健康卫生习惯和文明生活方式。 二是通过“盘龙统计”微信公众号向社会积极传播无烟健康过节文化，引导和鼓励广大群众积极参与到控烟活动中，倡导“要年味不要烟味，无烟健康过大年”。 供稿：区统计局,云融盘龙客户端,未知,2024-01-30 15:03:35,http://yun.rmt.kmzscc.com/art-917321.html,未知,控烟、戒烟,中性,未知
2024010152,【新时代文明实践】我市开展“烟头不落地”宣传倡导文明实践活动,title: 【新时代文明实践】我市开展“烟头不落地”宣传倡导文明实践活动 content: 【新时代文明实践】我市开展“烟头不落地”宣传倡导文明实践活动 “小烟头折射大环境，小举动体现大文明”。为更好地营造健康、文明、整洁的城市风貌，让市民拥有更舒心、干净的生活环境，市新时代文明实践中心组织各乡镇（街道）开展“烟头不落地”文明实践活动。 启新街道南环社区工作人员、志愿者到辖区公共场所、服务场所发放灭烟袋和垃圾袋，引导群 众摒弃烟头的陋习，树立“烟头虽小，影响的却是整个城市的形象，更与市民的身体健康息息相关”的意识。志愿者还向居民讲解学校、公园景区等公共场所“烟头不落地”的文明礼仪知识，并发放“烟头不落地”等文明宣传资料。 新华街道幸福社区网格员、志愿者、居民主动走上街头捡拾烟头，发放活动倡议书，号召大家从现在做起，在公共场所文明吸烟，让烟头不落地成为一种常态。 胜利街道东胜社区志愿者拿着垃圾夹、垃圾袋等工具清理烟头，向过往行人、社区居民发放禁烟宣传材料，倡导珍爱生命，积极戒烟，保护环境，从我做起，进一步提高了居民的控烟意识，营造了舒适整洁的生活环境。 永吉街道永吉社区志愿者开展文明吸烟劝导，引导居民少吸烟、文明吸烟、不随手乱丢烟头，号召居民自觉遵守、维护文明行为规范，鼓励大家共同维护美好家园。志愿者还对小区楼道、门口开展了“地毯式”清理，让烟头和散落垃圾无处遁形。 桦郊乡工作人员及志愿者在村部为村民宣传“烟头不落地”理念，号召村民从自己做起，从身边做起，以自身行动带动身边的家人和朋友不吸或减少吸烟，不乱扔烟头杂物，共同维护居住环境，让“烟头不落地”成为常态。 夹皮沟镇志愿者向辖区居民发放“烟头不落地”倡议书，宣传健康、卫生、文明等方面的理念和行为规范，详细讲解烟蒂是有害垃圾，以此倡导人人知晓、共同参与，不乱扔烟头、纸屑等杂物，自觉将烟头垃圾扔进垃圾桶，争做讲文明、讲卫生、爱环境、守规矩的好居民，为打造洁净乡镇做贡献。 二道甸子镇志愿者通过发放宣传单、播放宣传片等多样方式引导居民摒弃随意丢烟头的陋习，倡导大家弯腰参与捡拾烟头改善环境中来，争做禁烟控烟带头人、争做健康文明宣传员、专做环境卫生监督员，以“小举动”呼唤“大文明”。 供稿：孟洋 刘鑫禹 编辑：任思超 责编：杨雪冰 监制：曹铁权,桦甸融媒客户端,未知,2024-01-30 14:40:00,http://0pa2-share.plus.jlntv.cn/folder6824/folder6826/folder8121/2024-01-30/C4vbgRhVSyewGZBF.html,未知,戒烟、控烟,正面,未知
2024010154,松山社区开展吸烟危害和戒烟方法健康知识讲座活动,title: 松山社区开展吸烟危害和戒烟方法健康知识讲座活动 content: 松山社区开展吸烟危害和戒烟方法健康知识讲座活动 为进一步增强辖区群众的健康意识，普及健康知识，传播健康理念，提高居民对吸烟危害的认识，引导居民形成科学、健康的生活方式，营造一个健康、清洁、无烟的社区环境和氛围，近日，松山社区联合健康社区卫生服务中心共同开展吸烟危害和戒烟方法健康知识讲座。 活动现场，为了让更多居民了解控烟禁烟的重要性，社区医护人员用生动的语言、翔实的案例详细讲解了吸烟对健康所造成的危害，劝诫广大吸烟居民应尽量尽早戒烟，用真实的案例和数据向大家深入阐述了吸烟对人体健康的危害，包括影响睡眠质量、导致肺部疾病、诱发心血管疾病及增加恶性肿瘤患病风险等。最后，医护人员还向居民们介绍了创建无烟环境的好处等相关健康知识，并号召居民们为了自己和家人的健康，不吸或少吸烟，倡导居民把更多的健康知识转变为健康行为，提高生命质量，营造良好的生活环境。 通过此次活动，使广大社区群众提高了对烟草危害的认识，营造了全社会支持控烟的良好氛围，为共建无烟环境，共享健康生活打下了良好基础。下一步，松山社区还将持续开展健康教育知识进社区活动，倡导居民养成文明健康的生活方式。,全景海拉尔客户端,未知,2024-01-30 11:33:46,http://hlequ.nmgcyy.com.cn:80/application/fcinformation/mobile/#/ArticleDetail/24906,未知,戒烟、控烟,正面,未知
2024010155,陵城区疾控中心积极开展“无烟佳节 与爱同行”系列宣传活动,title: 陵城区疾控中心积极开展“无烟佳节 与爱同行”系列宣传活动 content: 陵城区疾控中心积极开展“无烟佳节 与爱同行”系列宣传活动 春节来临之际，为提高居民对烟草危害的认识，引导公众践行文明健康的生活方式，营造春节无烟氛围，共度无烟健康佳节。陵城区疾控中心工作人员于1月18日-27日开展“无烟佳节 与爱同行”系列宣传活动。 走进学校 为普及烟草对健康的危害，1月18-20日陵城区疾控中心工作人员走进第五中学、第三中学、职业中专，开展 “不敬烟、不吸烟、与爱同行共度无烟佳节”宣传活动。现场通过视频、控烟知识宣讲，让学生充分认识烟草烟雾和电子烟危害等控烟核心知识，帮助青少年树立“拒吸第一支烟，做无烟新一代”的理念。通过“小手牵大手”形成以学生带动家长的浓厚氛围，为每一位孩子营造一个清新、健康的学习和生活环境。 老年大学 为进一步推动控烟工作开展，1月29日疾控中心工作人员走进老年大学开展“无烟佳节 与爱同行”健健康康过大年宣传活动。通过宣传标语、宣传栏、海报、视频等喜闻乐见的方式，大力弘扬无烟健康过节文化，倡导过节不吸烟、不敬烟、不送烟，“对二手烟说不”，共度无烟健康佳节。 深入社区 1月27日疾控中心工作人员深入社区开展“无烟佳节 与爱同行”健健康康过大年宣传活动。活动中，围绕我国烟民数量、吸烟现状、烟民低龄化发展趋势以及二手烟对人体的危害等方面向居民朋友们进行了详细讲解；鲜明的主题、活泼的形式和丰富的内容让居民们了解了控烟知识，意识到吸烟不仅是对环境的破坏，还是对身边人的一种伤害，使他们懂得吸烟的害处并主动规劝亲人戒烟、禁烟，共同营造良好的无烟环境。 赶大集 为打造无烟佳节的良好氛围，1月24日疾控中心工作人员走进同乐市场开展“无烟佳节 与爱同行”健健康康过大年宣传活动。活动现场，工作人员发放控烟福字、控烟海报、红包及控烟宣传手册等，向大家讲解吸烟对健康的危害、分享戒烟的方法和技巧等，倡导春节期间在家里不抽烟、亲友相互不送烟、不收烟等，共同营造良好的无烟佳节氛围。 通过此次活动，提高了辖区居民控烟的意识，大家认识到吸烟对人体的危害，纷纷表示都要参加到控烟活动中来，从身边的小事做起，为创建无烟环境贡献自己的力量。,德州云客户端,未知,2024-01-30 10:35:54,http://h5.newaircloud.com/news_detail?newsid=23420222_dzy,未知,控烟、戒烟,正面,未知
2024010156,李旗庄镇开展“无烟佳节 与爱同行”控烟知识宣传活动,title: 李旗庄镇开展“无烟佳节 与爱同行”控烟知识宣传活动 content: 李旗庄镇开展“无烟佳节 与爱同行”控烟知识宣传活动 为进一步推动控烟工作开展，引导群众践行文明健康绿色环保的生活方式，1月30日，李旗庄镇卫健办联合镇妇联到查马坊村开展以“无烟佳节 与爱同行”为主题的控烟知识宣传活动。 活动中，镇村两级工作人员先向参加活动的村民发放控烟宣传资料。随后，卫健办工作人员为村民重点讲解了吸烟和二手烟的危害以及吸烟会引发高血压、冠心病等多种疾病，呼吁大家远离烟草，积极参与到控烟宣传中，营造一个无烟的健康环境，共度健康佳节。 在宣传活动中，镇村两级干部向村民发放宣传资料90余张，宣传品100余份。此次活动受到村民的一致好评，切实提升了村民的戒烟意愿，引导了村民养成健康的生活方式和生活习惯。（通讯员：米晓凤）,冀云三河客户端,未知,2024-01-30 10:32:32,http://jiyunsanhe.hebyun.com.cn/pages/2024/01/30/57a022e49c914ab78a8f716c7596eebf.html,未知,控烟、戒烟,正面,未知
2024010157,临江市：总工会开展“无烟佳节 与爱同行”宣传活动,title: 临江市：总工会开展“无烟佳节 与爱同行”宣传活动 content: 临江市：总工会开展“无烟佳节 与爱同行”宣传活动 近日，临江市总工会开展了“无烟佳节 与爱同行”系列控烟宣传活动。 活动以“欢度新春佳节、关爱家人健康”为控烟宣传契机，组织单位干部职工观看《无烟环境 共同守护》《无烟家庭》等公益宣传视频，引导干部职工关爱自身健康，尊重他人健康权利，做到不吸烟、主动戒烟，自觉成为控烟宣传者和倡导者。在单位内部开展学习《建设无烟政党机关做人民的表率》宣传手册，通过在公开栏上张贴控烟海报，进一步筑牢干部职工的禁烟控烟思想防线，持续巩固提升无烟党政机关建设工作。结合新媒体传播方式，利用单位微信公众号倡导，过节不吸烟、不敬烟、不送烟，严格控烟，“对二手烟说不”，着力打造无烟健康佳节，让年味儿变得更加“清新”。 通过此次系列宣传活动，不仅提高了干部职工群众对烟草危害的认识，还引导吸烟者主动戒烟，非吸烟者拒绝二手烟，营造全社会支持控烟的良好氛围，为共建无烟环境，共享健康生活打下了良好基础。 来源：临江融媒,白山发布客户端,未知,2024-01-30 09:57:25,http://li1v-share.plus.jlntv.cn/folder9921/folder9923/folder9925/folder9933/2024-01-30/OuZSKdrRu4I6ddqX.html,未知,控烟、戒烟,正面,未知
2024010158,世卫组织明确肺癌“助攻手”，不是香烟与空气污染，你家一定也有   1. 引言：肺癌的新认知  肺癌，作为全球范围内发病率和死亡率极高的癌症之一，长期以来一直是公共健康领域的重要关注点。  过去，公众普遍认为吸烟和空气污染是导致肺癌的主要原因，而近年来的研究和观点却在逐步改变这种传统认知。 ...,title: 世卫组织明确肺癌“助攻手”，不是香烟与空气污染，你家一定也有 1. 引言：肺癌的新认知 肺癌，作为全球范围内发病率和死亡率极高的癌症之一，长期以来一直是公共健康领域的重要关注点。 过去，公众普遍认为吸烟和空气污染是导致肺癌的主要原因，而近年来的研究和观点却在逐步改变这种传统认知。 ... content: 世卫组织明确肺癌“助攻手”，不是香烟与空气污染，你家一定也有 1. 引言：肺癌的新认知 肺癌，作为全球范围内发病率和死亡率极高的癌症之一，长期以来一直是公共健康领域的重要关注点。 过去，公众普遍认为吸烟和空气污染是导致肺癌的主要原因，而近年来的研究和观点却在逐步改变这种传统认知。 ...世卫组织明确肺癌“助攻手”，不是香烟与空气污染，你家一定也有&lt;br / &lt;br / 1. 引言：肺癌的新认知&lt;br / &lt;br / 肺癌，作为全球范围内发病率和死亡率极高的癌症之一，长期以来一直是公共健康领域的重要关注点。&lt;br / &lt;br / 过去，公众普遍认为吸烟和空气污染是导致肺癌的主要原因，而近年来的研究和观点却在逐步改变这种传统认知。&lt;br / &lt;br / 世界卫生组织的最新研究表明，除了吸烟和空气污染外，日常生活中的许多因素也可能成为肺癌的“助攻手”。&lt;br / &lt;br / 这一新发现不仅拓宽了我们对肺癌成因的理解，也为肺癌的预防和治疗提供了新的视角。&lt;br / &lt;br / 2. 传统观念：香烟与空气污染的角色&lt;br / &lt;br / 长期以来，吸烟被公认为肺癌的首要风险因素。据世界卫生组织的统计，吸烟是全球约85%肺癌病例的主要原因。&lt;br / &lt;br / 吸烟过程中释放的尼古丁和其他有害化学物质，如焦油和一氧化碳，不仅对肺部造成直接伤害，还能在体内产生多种致癌物质。&lt;br / &lt;br / 此外，长期生活在空气污染严重的环境中，也被证实与肺癌的发生有密切关联。&lt;br / &lt;br / 空气中的PM2.5微粒、重金属、汽车尾气中的一氧化碳和二氧化硫等污染物，都可能增加肺部疾病和肺癌的风险。&lt;br / &lt;br / 然而，最近的研究显示，除了这些传统的风险因素，我们日常生活环境中还隐藏着其他可能导致肺癌的因素。&lt;br / &lt;br / 这一发现促使医学研究人员和公众开始重新审视和认识肺癌的成因，强调了除了控烟和改善空气质量之外，更为全面的预防策略的重要性。&lt;br / &lt;br / 3. 室内隐患：日常生活中的肺癌“助攻手”&lt;br / &lt;br / 在我们的日常生活中，一些看似无害的家庭环境因素，实际上可能成为引发肺癌的潜在威胁。最为人所熟知的是室内甲醛污染。&lt;br / &lt;br / 甲醛，这种常见的挥发性有机化合物，广泛存在于家具、地板、壁纸、涂料等装修材料中。&lt;br / &lt;br / 长期暴露于高浓度甲醛环境中，不仅会引起眼睛、鼻子和喉咙的刺激症状，还可能导致严重的呼吸系统问题，甚至肺癌。&lt;br / &lt;br / 除此之外，厨房油烟也是一个不容忽视的因素。在烹饪过程中，油烟中含有的多种化学物质，如丙烯酰胺、苯并芘等，均有可能对呼吸道造成损害，并增加患肺癌的风险。&lt;br / &lt;br / 特别是在中式烹饪中，高温煎炒产生的油烟尤其浓重，长期吸入这样的油烟，对肺部健康构成了潜在威胁。&lt;br / &lt;br / 家用清洁产品的化学成分，也是一个值得关注的问题。&lt;br / &lt;br / 清洁剂、空气清新剂中常含有挥发性有机化合物和其他有害化学物质，这些物质在室内空间中挥发后，可能对居住者的呼吸健康造成影响。&lt;br / &lt;br / 长期接触这些化学物质，可能增加肺部疾病和肺癌的风险。&lt;br / &lt;br / 这些日常生活中的隐患，再次提醒我们在关注室外环境的同时，也不应忽视家庭室内环境对健康的潜在影响。&lt;br / &lt;br / 通过改善居住环境和生活习惯，我们可以有效降低肺癌的风险，保护自己和家人的健康。&lt;br / &lt;br / 4. 职业暴露：工作环境中的肺癌威胁&lt;br / &lt;br / 职业环境是肺癌风险因素中不可忽视的一环。&lt;br / &lt;br / 特定的工作场所可能暴露工人于各种致癌物质，如石棉、硅尘、重金属（铅、镍、铬）和有机化学物质。这些物质对呼吸系统的长期影响可能导致肺癌。&lt;br / &lt;br / 矿工、建筑工人、化工厂工人等职业群体特别容易受到这些危害物的影响。例如，石棉曾被广泛用作建筑材料，但其纤维吸入后会导致严重的肺部疾病，包括肺癌。&lt;br / &lt;br / 对于这类职业工人而言，职业健康安全措施的执行至关重要。正确的防护设备、定期的健康检查和工作环境的改善，是预防职业性肺癌的关键。&lt;br / &lt;br / 此外，农药、染料、橡胶和塑料等行业中使用的化学物质也可能增加肺癌风险。&lt;br / &lt;br / 因此，政府和相关机构需制定严格的职业安全标准，并且对这些危险因素进行有效监管，以保障工作人员的健康安全。&lt;br / &lt;br / 5. 生活方式的影响：饮食与运动的角色&lt;br / &lt;br / 除了环境因素，生活方式选择也在肺癌预防中扮演着重要角色。均衡的饮食和规律的体育锻炼被证明能够降低多种类型癌症的风险，包括肺癌。&lt;br / &lt;br / 饮食方面，丰富的水果和蔬菜摄入与较低的肺癌风险相关。这些食物富含抗氧化剂、维生素和矿物质，能够帮助身体对抗致癌物质。&lt;br / &lt;br / 同时，减少加工肉类和红肉的摄入也是预防肺癌的重要措施。而定期体育锻炼不仅可以增强肺部功能，还能提高身体的整体免疫力，帮助防御癌症。&lt;br / &lt;br / 在生活方式的选择上，避免过度饮酒也是重要的。&lt;br / &lt;br / 酒精的摄入可能会增加多种癌症的风险，包括肺癌。因此，保持健康的生活习惯，对于预防肺癌具有重要意义。&lt;br / &lt;br / 6. 结论：全方位防护，共同防范肺癌&lt;br / &lt;br / 肺癌的预防是一个多方面的任务，需要我们从日常生活环境、职业暴露、生活方式等多个角度出发。&lt;br / &lt;br / 虽然某些风险因素无法完全避免，如遗传因素，但通过改善居住和工作环境、调整生活方式、定期进行健康检查，我们可以显著降低肺癌的风险。&lt;br / &lt;br / 此外，公众健康教育和意识提升同样重要。人们需要了解肺癌的各种风险因素，并采取实际行动来减少这些风险。,百度新闻客户端,呵护健康卞医生,2024-01-30 09:39:17,http://mbd.baidu.com/newspage/data/dtlandingsuper?nid=dt_3480022425199531182&sourceFrom=homepage,未知,控烟,负面,未知
2024010161,北京成人烟草调查：戒烟率提高，二手烟暴露无改善,title: 北京成人烟草调查：戒烟率提高，二手烟暴露无改善 content: 北京成人烟草调查：戒烟率提高，二手烟暴露无改善 北京市第五次成人烟草流行调查数据结果发布 自2015年《北京市控制吸烟条例》出台以来，本市控烟工作成效显著，成人吸烟率连续下降，并于2021年提前达到了健康北京行动提出的“到2022年，15岁及以上成人吸烟率低于20%”的目标。 近日，北京市卫生健康委发布了第五次成人烟草流行调查数据结果，15岁及以上成人吸烟率为19.9%，与2021年持平。 第五次成人烟草调查覆盖全市16个区（除经开区）、50个街道（乡镇）、100个居（村）委会的13033个家庭户，共完成有效问卷10727份。调查结果显示，成人吸烟率降速减缓，已到达了平台期，距离健康北京行动提出的“到2030年，成人吸烟率低于17%”目标仍有一定差距。其中男性吸烟率36.6%，比2021年上升了0.6个百分点，女性吸烟率2.2%，比2021年下降了0.5个百分点。此外，家庭二手烟暴露率为29.6%，二手烟暴露情况比2021年并无明显改善。除室内工作场所、中小学校、政府大楼的二手烟暴露率有所下降外，餐馆、大学、医疗机构、公共交通工具的二手烟暴露率则与2021年基本持平。 在所有曾经和现在吸烟人群中，戒烟率达到了29.6%，比2021年提高了2.6个百分点。现在吸烟者的尝试戒烟率由2021年的38.2%提高至41.8%，有戒烟计划的比例由2021年的19.2%提高至23.7%。这些数据表明，北京市吸烟者在无烟文化的熏陶下，有较强的戒烟动机和戒烟需求，是开展戒烟服务的可干预对象。此外，电子烟并未获得北京市居民额外的青睐。调查中，曾经使用过电子烟的比例由2021年的7.4%下降至6.6%，现在使用电子烟的比例则由3.2%下降至2.2%；另有77.4%的受访者表示支持将电子烟纳入现有禁烟法规。 针对无烟街区设置问题，北京市民对多项措施持支持态度：87.2%的受访者赞同在办事机构的室外公共区域设置吸烟区，90.2%赞同在各单位的入口处设置灭烟处，78.0%赞同在城市街区广场的开阔位置设置吸烟区。 下一阶段，本市将继续深入推进健康北京行动，严格落实《北京市控制吸烟条例》，加强控烟执法，积极开展戒烟服务，深入推进无烟场所建设，进行更有针对性的控烟宣传，倡导健康文明生活方式，全社会形成合力，共同打造无烟北京。,北京日报客户端,未知,2024-01-30 08:15:00,http://bj.bjd.com.cn/5b165687a010550e5ddc0e6a/contentShare/5b1a1310e4b03aa54d764015/AP65b83fbae4b0641781561414.html,未知,戒烟、控烟,正面,未知
2024010162,调查数据：北京77.4%受访者支持电子烟纳入禁烟法规,title: 调查数据：北京77.4%受访者支持电子烟纳入禁烟法规 content: 调查数据：北京77.4%受访者支持电子烟纳入禁烟法规 结合近期本市公共场所控烟暗访结果，近日，市爱卫办在全市范围内开启控烟督导检查。昨日，北京青年报记者跟随北京市冬季控烟督导检查组工作人员前往西城区多个点位进行督导检查，检查地点涉及宾馆、写字楼、医疗机构、党政机关、餐馆、KTV、网吧、公交枢纽八类场所。 当日下午，督导检查组工作人员前往位于西城区新文化街的亚朵酒店，重点检查了吸烟标识设置情况、制度设计和管理情况。北青报记者在现场看到，酒店内的前台、餐吧、楼道、电梯间、厕所等位置都张贴了明显的禁止吸烟的标识，上面还有控烟投诉举报电话。在酒店外侧设有专门的吸烟区。 位于复兴门大街的凯晨大厦有6000余名办公人员，控烟工作情况如何？督导检查组对该写字楼的楼道、厕所、办公区、地下停车场等空间均进行了仔细查看，未发现违法吸烟情况。该写字楼南侧、北侧设置了三个吸烟区。 市卫健委相关负责人表示，下一阶段，本市将继续深入推进健康北京行动，严格落实《北京市控制吸烟条例》，加强控烟执法，积极开展戒烟服务，深入推进无烟场所建设，进行更有针对性的控烟宣传，倡导健康文明生活方式，全社会形成合力，共同打造无烟北京。 近期，北京市卫生健康委发布了第五次成人烟草流行调查数据结果，15岁及以上成人吸烟率为19.9%，与2021年持平。对于电子烟，调查结果显示，有77.4%的受访者表示支持将电子烟纳入现有禁烟法规。 调查结果显示，成人吸烟率降速减缓，已到达了平台期，距离健康北京行动提出的“到2030年，成人吸烟率低于17%”目标仍有一定差距。其中男性吸烟率36.6%，比2021年上升了0.6个百分点，女性吸烟率2.2%，比2021年下降了0.5个百分点。 本次调查显示，家庭二手烟暴露率为29.6%，二手烟暴露情况比2021年并无明显改善。除室内工作场所、中小学校、政府大楼的二手烟暴露率有所下降外，餐馆、大学、医疗机构、公共交通工具的二手烟暴露率则与2021年基本持平。 此外，电子烟并未获得北京市居民额外的青睐。调查中，曾经使用过电子烟的比例由2021年的7.4%下降至6.6%，现在使用电子烟的比例则由3.2%下降至2.2%；另有77.4%的受访者表示支持将电子烟纳入现有禁烟法规。 针对无烟街区设置问题，北京市民对多项措施持支持态度：87.2%的受访者赞同在办事机构的室外公共区域设置吸烟区，90.2%赞同在各单位的入口处设置灭烟处，78.0%赞同在城市街区广场的开阔位置设置吸烟区。,北京日报客户端,蒋若静,2024-01-30 06:40:00,http://bj.bjd.com.cn/5b165687a010550e5ddc0e6a/contentShare/5b16573ae4b02a9fe2d558f9/AP65b82951e4b0f6c5abd55c77.html,未知,控烟、戒烟,中性,未知
2024010163,致湘潭市民的倡议书：无烟佳节  与爱同行,title: 致湘潭市民的倡议书：无烟佳节 与爱同行 content: 致湘潭市民的倡议书：无烟佳节 与爱同行广大市民朋友：吸烟是导致心脑血管疾病、癌症、慢性阻塞性肺病等多种疾病的根本因素，已成为继高血压之后的第二号健康杀手。为深入开展“无烟佳节 与爱同行”活动，营造良好无烟环境，推进控烟宣传常态化、无烟环境建设长效化、戒烟干预规范化，市创卫办、市爱卫办向广大市民朋友发出如下倡议：争做文明行为的引领者严格遵守有关规定，不在室内工作场所和公共场所、公共交通工具内、电梯内等禁烟场所吸烟(含电子烟)，人人自觉、相互监督，争做文明行为的引领者。争当控烟工作的劝导者主动劝阻他人不在禁烟场所吸烟，带动身边人文明劝导、共促健康，形成全社会支持控烟的良好氛围，争当控烟工作的劝导者。争做健康生活的宣传者主动宣传控烟健康知识，提醒亲友自觉远离烟草、早戒烟，青少年不吸第一支烟，主动远离传统烟草制品和电子烟，共同培育“不吸烟、不送烟、不敬烟、拒香烟”的健康文明家风，践行健康生活理念，争做健康生活的宣传者。争做环境卫生的守护者发扬主人翁精神，养成文明卫生的生活习惯，不乱扔烟头，主动消除消防安全隐患，全员参与国家卫生城市建设，争做环境卫生的守护者。让我们携起手来，积极追求文明健康绿色环保的生活方式，从自身做起、从现在做起，拒绝烟草、珍爱生命，齐心共筑无烟环境，共度无烟健康佳节!湘潭市创建国家卫生城市工作领导小组办公室湘潭市爱国卫生运动委员会办公室2024年1月29日,腾讯新闻客户端,红网,2024-01-29 21:26:41,http://view.inews.qq.com/a/20240129A08W6I00,未知,控烟、戒烟,中性,未知
2024010164,北京开启冬季控烟督导检查,title: 北京开启冬季控烟督导检查 content: 北京开启冬季控烟督导检查 结合近期本市公共场所控烟暗访结果，近日，市爱卫办在全市范围内开启控烟督导检查。1月29日，北京青年报记者跟随北京市冬季控烟督导检查组工作人员前往西城区多个点位进行督导检查，检查地点涉及宾馆、写字楼、医疗机构、党政机关、餐馆、KTV、网吧、公交枢纽八类场所。 据了解，本次督导检查的内容包括四项，一是部门责任落实情况，即各区在控烟工作中组织领导、体系建设、宣传培训、监督执法、投入保障等方面的落实情况，以及各相关部门对本行业或本领域内控烟工作宣传培训、监督检查等情况。 二是禁止吸烟场所控烟工作落实情况，即餐饮、写字楼、宾馆、网吧、KTV 等重点公共场控烟工作落实情况，包括场所内宣传、检查、劝阻等情况。 三是对未成年人保护落实情况，即烟草制品销售者不向未成年人出售烟草制品情况，在幼儿园、中小学校、少年宫及其周边100米内禁止销售烟草制品等规定的落实情况。 四是无烟环境建设落实情况，即无烟医疗卫生机构、无烟学校、无烟党政机关、控烟示范单位、控烟示范街区等无烟环境建设情况。 当日下午，督导检查组工作人员前往位于西城区新文化街的亚朵酒店，重点检查了吸烟标识设置情况、制度设计和管理情况。北京青年报记者在现场看到，酒店内的前台、餐吧、楼道、电梯间、厕所等位置都张贴了明显的禁止吸烟标识，上面还有控烟投诉举报电话。在酒店外侧设有专门的吸烟区。 位于复兴门大街的凯晨大厦有6000余名办公人员，控烟工作情况如何？督导检查组对该写字楼的楼道、厕所、办公区、地下停车场等空间均进行了仔细查看，未发现违法吸烟情况。该写字楼南侧、北侧设置了三个吸烟区。 市卫健委相关负责人表示，下一阶段，本市将继续深入推进健康北京行动，严格落实《北京市控制吸烟条例》，加强控烟执法，积极开展戒烟服务，深入推进无烟场所建设，进行更有针对性的控烟宣传，倡导健康文明生活方式，全社会形成合力，共同打造无烟北京。 文/北京青年报记者 蒋若静 编辑/高艳,北京青年报客户端,未知,2024-01-29 20:35:00,http://app.bjtitle.com/8816/newshow.php?newsid=6475097&src=stream&typeid=68,未知,控烟、戒烟,中性,未知
2024010165,北京：77.4%的受访者支持将电子烟纳入禁烟法规,title: 北京：77.4%的受访者支持将电子烟纳入禁烟法规 content: 北京：77.4%的受访者支持将电子烟纳入禁烟法规近期，北京市卫生健康委发布了第五次成人烟草流行调查数据结果，15岁及以上成人吸烟率为19.9%，与2021年持平。对于电子烟，调查结果显示，有77.4%的受访者表示支持将电子烟纳入现有禁烟法规。据了解，第五次成人烟草调查覆盖全市16个区（除经开区）、50个街道（乡镇）、100个居（村）委会的13033个家庭户，共完成有效问卷10727份。调查结果显示，成人吸烟率降速减缓，已到达了平台期，距离健康北京行动提出的“到2030年，成人吸烟率低于17%”目标仍有一定差距。其中男性吸烟率36.6%，比2021年上升了0.6个百分点，女性吸烟率2.2%，比2021年下降了0.5个百分点。本次调查显示，家庭二手烟暴露率为29.6%，二手烟暴露情况比2021年并无明显改善。除室内工作场所、中小学校、政府大楼的二手烟暴露率有所下降外，餐馆、大学、医疗机构、公共交通工具的二手烟暴露率则与2021年基本持平。在所有曾经和现在吸烟人群中，戒烟率达到了29.6%，比2021年提高了2.6个百分点。现在吸烟者的尝试戒烟率由2021年的38.2%提高至41.8%，有戒烟计划的比例由2021年的19.2%提高至23.7%。这些数据表明，北京市吸烟者在无烟文化的熏陶下，有较强的戒烟动机和戒烟需求，是开展戒烟服务的可干预对象。此外，电子烟并未获得北京市居民额外的青睐。调查中，曾经使用过电子烟的比例由2021年的7.4%下降至6.6%，现在使用电子烟的比例则由3.2%下降至2.2%；另有77.4%的受访者表示支持将电子烟纳入现有禁烟法规。针对无烟街区设置问题，北京市民对多项措施持支持态度：87.2%的受访者赞同在办事机构的室外公共区域设置吸烟区，90.2%赞同在各单位的入口处设置灭烟处，78.0%赞同在城市街区广场的开阔位置设置吸烟区。市卫健委表示，下一阶段，本市将继续深入推进健康北京行动，严格落实《北京市控制吸烟条例》，加强控烟执法，积极开展戒烟服务，深入推进无烟场所建设，进行更有针对性的控烟宣传，倡导健康文明生活方式，全社会形成合力，共同打造无烟北京。文/北京青年报记者 蒋若静编辑/高艳,看点快报客户端,北青都市,2024-01-29 20:35:00,http://kuaibao.qq.com/s/20240129A05NTL00,未知,戒烟、控烟,中性,未知
2024010167,"北京冬季控烟督导检查来啦！个人或单位违规，罚你没商量！🤬

冬天到了，北京的街头巷尾都弥漫着烟味。为了保护大家的健康，控烟督导检查也进入了最严格的阶段。这不，最近就有不少个人和单位因为违规吸烟被罚款了。

控烟不是玩笑，北京可是有明确的法规规定的。不论是公共场所还是工作场所，都不得吸烟。违...",title: 北京冬季控烟督导检查来啦！个人或单位违规，罚你没商量！🤬 冬天到了，北京的街头巷尾都弥漫着烟味。为了保护大家的健康，控烟督导检查也进入了最严格的阶段。这不，最近就有不少个人和单位因为违规吸烟被罚款了。 控烟不是玩笑，北京可是有明确的法规规定的。不论是公共场所还是工作场所，都不得吸烟。违... content: 北京冬季控烟督导检查来啦！个人或单位违规，罚你没商量！🤬 冬天到了，北京的街头巷尾都弥漫着烟味。为了保护大家的健康，控烟督导检查也进入了最严格的阶段。这不，最近就有不少个人和单位因为违规吸烟被罚款了。 控烟不是玩笑，北京可是有明确的法规规定的。不论是公共场所还是工作场所，都不得吸烟。违...北京冬季控烟督导检查来啦！个人或单位违规，罚你没商量！🤬&lt;br / &lt;br / 冬天到了，北京的街头巷尾都弥漫着烟味。为了保护大家的健康，控烟督导检查也进入了最严格的阶段。这不，最近就有不少个人和单位因为违规吸烟被罚款了。&lt;br / &lt;br / 控烟不是玩笑，北京可是有明确的法规规定的。不论是公共场所还是工作场所，都不得吸烟。违规者轻则警告，重则罚款，严重的还会被拘留。所以，那些喜欢吞云吐雾的朋友们，可得悠着点儿了。&lt;br / &lt;br / 有人说，吸烟是个人的自由。没错，但自由的前提是不侵犯他人的权益。二手烟对别人的危害可不容小觑。尤其在密闭的室内环境中，烟味儿久久不散，让人苦不堪言。&lt;br / &lt;br / 当然，也有不少地方设置了吸烟区，为大家提供了方便。但有些人就是喜欢明知故犯，好像跟罚款较劲似的。结果呢？钱包大出血，真是得不偿失啊！&lt;br / &lt;br / 北京作为中国的首都，控烟工作更应该走在前列。这不仅是为了提升城市形象，更是为了市民的健康着想。让我们一起行动起来，拒绝烟草的侵害，为自己和他人创造一个清新、健康的环境吧！,百度新闻客户端,瑞视觉,2024-01-29 19:29:30,http://mbd.baidu.com/newspage/data/dtlandingsuper?nid=dt_4435959648486887039&sourceFrom=homepage,未知,控烟,中性,未知
2024010169,平原县开展“迎新春 送万福 进万家”控烟宣传活动,title: 平原县开展“迎新春 送万福 进万家”控烟宣传活动 content: 平原县开展“迎新春 送万福 进万家”控烟宣传活动 春节即将来临，为进一步营造无烟佳节氛围，提高居民对烟草危害的认识，引导公众践行文明健康的生活方式，近期，平原县卫健局、平原县疾控中心联合开展了“无烟佳节 与爱同行”一系列控烟宣传活动。 进学校 为了培养学生们的控烟意识，1月11日，平原县疾控中心及各医疗机构走进学校，开展以“无烟佳节 与爱同行”为主题的活动。活动现场，疾控工作人员通过生动有趣的视频讲解，引导学生们认识到吸烟的危害，树立正确的价值观和保持健康的生活方式，号召学生“拒吸第一支烟，做无烟新一代”。 进单位 1月26日，平原县疾控中心走进平原县老年大学开展“无烟佳节 与爱同行”控烟宣传活动。 进两会 为营造健康文明的“两会”环境，1月8日，平原县疾控中心走进“两会”现场，组织开展“无烟两会”宣传倡议活动。活动现场，疾控工作人员摆放控烟展板、放置宣传资料，向参加“两会”的人大代表和政协委员及工作人员广泛宣传禁烟知识、传播戒烟健康理念；并呼吁全体参会人员以实际行动，践行“人人参与控烟活动，共建健康无烟环境”新风尚。 赶大集 新春即将来临，为打造无烟佳节的良好氛围，1月25日，县疾控中心工作人员走进新城市场开展“无烟佳节 与爱同行”控烟宣传活动。活动现场，工作人员发放控烟福字、红包及控烟宣传手册等，向大家讲解吸烟对健康的危害、分享戒烟的方法和技巧等，让更多的人了解到吸烟对自身和家人的危害，守护家人健康。 进商超 为进一步深化公众对烟草危害的认识，营造一个无烟、健康的公共环境，1月25日，疾控中心走进平原德百，现场悬挂宣传条幅、发放控烟读本，工作人员向过往居民普及烟草对健康的危害以及如何科学戒烟等常识，发放控烟福字及红包，倡导过节不吸烟，共度无烟健康佳节。 进社区 1月25日，县疾控中心工作人员走进新城福居开展“无烟佳节 与爱同行”控烟宣传活动。活动现场，工作人员发放控烟福字、红包及控烟宣传手册等，向大家讲解吸烟对健康的危害、分享戒烟的好处和方法。 通过开展全方位、多角度的“无烟佳节 与爱同行”系列宣传活动，提高了公众对烟草危害的知晓率，增强了控烟意识，营造了共创共享无烟环境的良好社会氛围，为迎接一个清新、健康、快乐的春节蓄积了疾控力量！ 平原县融媒体中心出品 来源丨平原县疾病预防控制中心 编辑丨梁传婕 初审丨董 娟 审核丨张德超 审发丨刘志东,平原欣闻客户端,梁传婕,2024-01-29 19:24:37,http://iapp.pyxwapp.com/share/YS0xOS0zMDk2ODY4Nw.html,未知,控烟、戒烟,正面,未知
2024010170,北京市15岁及以上成人吸烟率为19.9%,title: 北京市15岁及以上成人吸烟率为19.9% content: 北京市15岁及以上成人吸烟率为19.9% （记者贾湧强）自2015年《北京市控制吸烟条例》出台以来，本市控烟工作成效显著，成人吸烟率连续下降，并于2021年提前达到了健康北京行动提出的“到2022年，15岁及以上成人吸烟率低于20%”的目标。近日，北京市卫生健康委发布了第五次成人烟草流行调查数据结果，15岁及以上成人吸烟率为19.9%，与2021年持平。 第五次成人烟草调查覆盖全市16个区（除经开区）、50个街道（乡镇）、100个居（村）委会的13033个家庭户，共完成有效问卷10727份。调查结果显示，成人吸烟率降速减缓，已到达了平台期，距离健康北京行动提出的“到2030年，成人吸烟率低于17%”目标仍有一定差距。其中男性吸烟率36.6%，比2021年上升了0.6个百分点，女性吸烟率2.2%，比2021年下降了0.5个百分点。此外，家庭二手烟暴露率为29.6%，二手烟暴露情况比2021年并无明显改善。除室内工作场所、中小学校、政府大楼的二手烟暴露率有所下降外，餐馆、大学、医疗机构、公共交通工具的二手烟暴露率则与2021年基本持平。 在所有曾经和现在吸烟人群中，戒烟率达到了29.6%，比2021年提高了2.6个百分点。现在吸烟者的尝试戒烟率由2021年的38.2%提高至41.8%，有戒烟计划的比例由2021年的19.2%提高至23.7%。这些数据表明，北京市吸烟者在无烟文化的熏陶下，有较强的戒烟动机和戒烟需求，是开展戒烟服务的可干预对象。此外，电子烟并未获得北京市居民额外的青睐。调查中，曾经使用过电子烟的比例由2021年的7.4%下降至6.6%，现在使用电子烟的比例则由3.2%下降至2.2%；另有77.4%的受访者表示支持将电子烟纳入现有禁烟法规。 针对无烟街区设置问题，北京市民对多项措施持支持态度：87.2%的受访者赞同在办事机构的室外公共区域设置吸烟区，90.2%赞同在各单位的入口处设置灭烟处，78.0%赞同在城市街区广场的开阔位置设置吸烟区。 下一阶段，本市将继续深入推进健康北京行动，严格落实《北京市控制吸烟条例》，加强控烟执法，积极开展戒烟服务，深入推进无烟场所建设，进行更有针对性的控烟宣传，倡导健康文明生活方式，全社会形成合力，共同打造无烟北京。,360新闻客户端,未知,2024-01-29 18:36:51,http://item.btime.com/41qsl5q650i8q3a26110ahq1esg,未知,控烟、戒烟,中性,未知
2024010171,张湾区开展“迎新春送健康”控烟系列宣传活动,title: 张湾区开展“迎新春送健康”控烟系列宣传活动 content: 张湾区开展“迎新春送健康”控烟系列宣传活动 湖北日报客户端讯（通讯员张红霞唐淳淳）正值年末，为进一步推动控烟工作，营造春节期间良好的无烟环境，十堰市张湾区疾病预防控制中心组织开展了一系列控烟活动，倡导文明健康的生活方式。 该中心一是在政府主流媒体“张湾发布”微信公众号上发布了《“无烟佳节 与爱同行”倡议书》，号召全区机关企事业单位带头控烟，杜绝公共场所吸烟现象，并主动劝说他人灭烟，努力争当控烟劝导员和监督员。通过主动参与宣传控烟禁烟，养成“不送烟、不递烟、不接烟”的良好禁烟风尚，营造无烟婚礼、无烟家宴的良好禁烟环境。二是在各党政机关、企事业单位开展“无烟单位”“无烟家庭”等创建活动。通过组织控烟讲座，播放公益宣传片等，倡导机关工作人员、医务人员、教师等要率先垂范，为全面营造健康清新的工作生活环境作出贡献。截至目前，共开展控烟讲座5次，播放宣传视频50余次。三是在全区45所中小学校开展控烟健康教育活动。通过播放控烟宣传片，组织开展控烟主题班会等形式，让广大未成年人认识到吸烟的危害，争做学校、家庭控烟监督员，通过“小手牵大手”，以孩子带动家庭，营造健康的生活环境和全社会无烟的节日氛围。四是深入全区100余个社区、村开展控烟宣传活动。通过张贴控烟宣传海报、悬挂宣传横幅、发放健康知识折页、一对一宣传控烟知识和建立戒烟档案等，向群众传播控烟知识和提供戒烟帮助。 通过一系列控烟宣传活动的开展，辖区群众进一步了解了吸烟的危害，提高了禁烟意识，纷纷表示不在公共场所吸烟，过年走亲访友不送烟、不敬烟，过一个健康的无烟佳节，为践行文明健康绿色环保的生活方式贡献力量。,湖北日报客户端,未知,2024-01-29 18:17:50,http://news.hubeidaily.net/hbrbsharenew/index_share/5/2208841/1985053/0/0,未知,控烟、戒烟,正面,未知
2024010172,平阴县人民医院开展控烟活动,title: 平阴县人民医院开展控烟活动 content: 平阴县人民医院开展控烟活动 近日，平阴县人民医院开展“无烟佳节，与爱同行”控烟活动。活动旨在加强儿童青少年对控烟理念的理解和认同，自觉树立控烟意识，引导广大干部职工不吸烟、主动戒烟，做好控烟宣传者，巩固无烟医院建设成果，发挥好控烟引领作用。 该医院通过在门诊大厅轮播控烟活动主题标语，提醒患者和家属关注烟草危害；门诊志愿者发放戒烟倡议书及控烟宣传资料，提高公众的控烟知识，认识到吸烟对身体的危害性、吸烟危害身体的途径、戒烟的好处；戒烟门诊对来访的患者提高戒烟咨询服务，指导吸烟者科学戒烟和药物戒烟。 通过此次活动，营造了良好的控烟氛围，在今后的工作中，平阴县人民医院将继续加大控烟宣传力度，为全民健康贡献力量。,济南发布客户端,未知,2024-01-29 18:04:00,http://jinan.e23.cn/index.php?m=content&c=index&a=show&catid=86&id=395413,未知,控烟、戒烟,正面,未知
2024010173,北京开展全市范围冬季控烟督导检查,title: 北京开展全市范围冬季控烟督导检查 content: 北京开展全市范围冬季控烟督导检查新京报讯（记者戴轩）记者从北京市爱国卫生运动委员会办公室了解到，为强化实施《北京市控制吸烟条例》，结合近期北京市公共场所控烟暗访结果，市爱卫办于2024年1月中旬开始，在北京全市开展控烟督导检查。1月29日下午，北京市爱卫办、北京市城管执法局、西城区卫健委等部门在西城区选择了餐馆、写字楼、医疗机构、餐厅等多个点位进行控烟督导。冬季是室内吸烟高发季。北京市爱卫办相关负责人介绍，督导内容主要有以下几个方面。首先是部门责任落实情况，包括各区在控烟工作中组织领导、 体系建设、宣传培训、监督执法、投入保障等方面的落实情况，各相关部门对本行业或本领域内控烟工作宣传培训、监督检查等有关情况。其次是禁止吸烟场所控烟工作落实情况，如餐饮、写字楼、 宾馆、网吧、KTV等重点公共场所控烟工作落实情况，包括场所内宣传、检查、劝阻等情况。第三是对未成年人保护落实情况。如烟草制品销售者不向未成年人出售烟草制品情况，在幼儿园、中小学校、少年宫及其周边100米内禁止销售烟草制品等规定的落实情况。此外还包括无烟环境建设落实情况。如无烟医疗卫生机构、无烟学校、无烟党政机关、控烟示范单位、控烟示范街区等无烟环境建设情况。督导检查采取现场查看公共场所控烟工作落实情况和听取区级汇报两种方式。随机抽查餐饮、写字楼、宾馆、网吧、KTV、公共汽车站等重点公共场所，现场查看场所控烟工作落实情况。编辑 刘梦婕校对 李立军,腾讯新闻客户端,新京报,2024-01-29 17:47:32,http://view.inews.qq.com/a/20240129A06LWU00,未知,控烟,中性,未知
2024010174,三提三争 提效争先丨商城社区开展“无烟佳节 与爱同行”主题宣传活动,title: 三提三争 提效争先丨商城社区开展“无烟佳节 与爱同行”主题宣传活动 content: 三提三争 提效争先丨商城社区开展“无烟佳节 与爱同行”主题宣传活动 桓台融媒讯 春节将至，为提倡文明过节，全力营造无烟节假日氛围。1月29日下午，少海街道商城社区开展“无烟佳节 与爱同行”主题宣传活动。引导大家自觉践行文明健康绿色环保生活方式，共同营造春节健康无烟环境。 活动中，社区工作人员通过视频动画、控烟知识讲座、发放宣传材料、设置LED标语等方式积极开展多形式控烟宣传活动，让居民更直观地看到吸烟的危害，详细讲解烟草的危害和戒烟的重要性、控烟核心知识，大力弘扬无烟健康过节文化。同时，工作人员广泛呼吁经营业户、居民群众主动成为家庭控烟监督员，带动家庭成员投身于无烟家庭创建活动，养成良好的健康生活习惯，做到人人皆知、积极参与，让控烟理念深入人心。 下一步，少海街道商城社区将常态化开展禁烟健康知识宣传教育活动，普及健康知识，养成健康文明绿色环保的生活方式，营造健康、清洁、无烟的居住环境，共度健康佳节，共建无烟社区，共享健康生活。 （桓台融媒记者石龙迪 报道） 版权归桓台县融媒体中心所有，欢迎转载，请注明出处。,i桓台客户端,孙佳,2024-01-29 17:26:10,http://iapp.htxw.cn/share/YS0yMy0zMDk2NTgzMQ.html,未知,控烟、戒烟,正面,未知
2024010176,北京启动冬季控烟督导检查，重点查这些——,title: 北京启动冬季控烟督导检查，重点查这些—— content: 北京启动冬季控烟督导检查，重点查这些——北京日报客户端 | 记者 孙乐琪北京市日前启动控烟督导检查专项行动。29日，记者随市爱卫办、市城管执法局等部门相关负责人来到宾馆、写字楼等重点公共场所检查控烟工作落实情况。据悉，目前相关部门已组建8个市级控烟督导组，分赴全市各区进行督导检查。15时许，控烟督导组来到位于西城区新文化街的亚朵酒店，该酒店大堂张贴着展示了12345举报投诉电话和12320戒烟服务热线的“无烟北京”宣传海报。在电梯、楼梯间、卫生间等重点部位都张贴着“禁止吸烟”的标识。随后，督导人员又来到位于复兴门大街的凯晨大厦。为达到“疏堵结合”的控烟效果，这座办公人员超6000人的写字楼，分别在南侧、北侧设置了3处室外吸烟点。16时许，有数名吸烟者聚集在露天的吸烟点吸烟。督导人员又对该写字楼的办公区域、楼梯间、卫生间等重点部位进行检查。在写字楼地下停车场内，每隔规定距离就设置了烟感报警器、温感报警器等设备。“我们采取‘人技结合’的方式控烟，除了设置报警器外，还安排专人每两小时进行一次控烟巡逻。”西城区卫健委副主任李冬梅介绍，仅去年，西城区控烟执法2.164万户次。“我们采取错时执法、联合执法的方式形成合力，督促各单位落实控烟主体责任。”据悉，本次专项行动采取现场查看、工作汇报等方式，对责任部门以及餐饮、写字楼、宾馆、网吧、KTV等重点公共场所控烟工作落实情况和无烟环境建设情况进行督导检查。另外，专项行动还将重点织密未成年人“保护网”，监督检查烟草制品销售者不向未成年人出售烟草制品情况，即在幼儿园、中小学校、少年宫及其周边100米内禁止销售烟草制品等规定的落实情况。,腾讯新闻客户端,北京日报客户端,2024-01-29 16:55:20,http://view.inews.qq.com/a/20240129A05WLL00,未知,控烟、戒烟,中性,未知
2024010180,昆明餐饮业开启“无烟”年夜饭,title: 昆明餐饮业开启“无烟”年夜饭 content: 昆明餐饮业开启“无烟”年夜饭 掌上春城讯 1月29日，记者从昆明餐饮市场了解到，随着年夜饭预订持续升温，昆明部分餐厅、酒店开打禁止吸烟的“无烟年夜饭”健康牌。 “外婆说不要砸烟喽。”“谢谢您把无烟环境留给我们可爱的孩子。”“公共场所，禁止吸烟”……走进位于悦云天地购物公园的外婆味道、纳禾春等餐厅，随处可以禁烟温馨提示。外婆味道悦云天地购物公园店店长陈永贵说：“餐厅大堂是公共场所，经常有孕妇、孩子、老人等消费者就餐，禁止公共场所吸烟，也是保护大家的健康。” 现在人们生活水平提高了，加上今年除夕不放假，到饭店吃年夜饭已成为不少家庭的高兴事儿。纳禾春餐厅副总经理黄双云介绍， 纳禾春在昆明有10家门店，现在离春节只有10天左右，年夜饭预订早已热火朝天，为相应昆明市“无烟佳节 与爱同行”活动，今年接受年夜饭预订的7家门店，均倡导消费者参与无烟年夜饭活动。 吸烟危害健康，这是每个人都知道的事情。为深入推动昆明市控烟工作，营造节日期间无烟氛围，引导群众践行文明健康绿色环保生活方式，针对春节假期期间餐饮场所聚会增多、人员密集、吸烟现象容易反弹等特点，昆明正在开展“无烟佳节 与爱同行”活动，昆明将以欢度新春佳节、关爱家人健康为契机，开展多种形式的无烟健康过佳节宣传活动。 在走访的翠湖、南屏街、大悦城等片区，也有不少餐厅进入“控烟模式”。市民黎女士说：“有支气管炎，每次到餐馆就餐，最怕的就是同桌或临桌有人抽烟，如果餐馆禁止吸烟，我是很赞成的。” 昆明日报全媒体记者：杨官荣 责编：李林芮 编审：符亚丽 终审：周健军,掌上春城客户端,掌上春城,2024-01-29 15:57:40,http://m.kmzscc.com/zsccv8/art-487016.html?obj_id=487016&open_type=40,未知,控烟,中性,未知
2024010182,建行阳泉分行开展“无烟春节”主题活动,title: 建行阳泉分行开展“无烟春节”主题活动 content: 建行阳泉分行开展“无烟春节”主题活动为倡导无烟春节，努力营造无烟氛围，值此新春佳节来临之际，建行阳泉分行按照通知要求，进一步推动控烟工作，多举措开展“无烟佳节 与爱同行”为主题的控烟活动。通过张贴海报 、LED屏、宣传折页等多种形式，对职工开展吸烟有害健康的宣传教育，提高职工的控烟知识，培养职工不吸烟行为的好习惯，增强干部职工自我保健意识和能力。领导带头，人人参与控烟活动。有力提高职工的控烟责任感，增强了控烟能力。单位的办公室、会议室等公共场所，禁止吸烟，并设醒目标志。通过此次活动提高了职工对烟草危害的认识，改变了大家以“烟”为“礼”的传统观念，共度无烟健康佳节。该行将以“无烟佳节 与爱同行”活动为契机，继续作好控烟工作。,网易新闻客户端,智慧生活报,2024-01-29 15:20:00,http://3g.163.com/all/article/IPKLR5E60534GDXW.html,未知,控烟,正面,未知
2024010185,合肥市席井村：无烟佳节 与爱同行,title: 合肥市席井村：无烟佳节 与爱同行 content: 合肥市席井村：无烟佳节 与爱同行 春节临近，为响应国家爱国卫生运动的号召，同时给节日期间营造一个无烟、清洁、健康的环境，以“小举动”呼唤“大文明”，1月28日，合肥市席井村卫健办联合新时代文明实践站在川海花园开展了以“无烟佳节 与爱同行”为主题的控烟活动。 活动中，席井村工作人员和志愿者们向广大居民群众讲解了吸烟和二手烟带来的危害，并告知居民烟草制品容易使人上瘾，会导致肺病、心脏病等一些列的疾病，要远离烟草，尽早戒烟，提醒居民群众不要在室内、公共场所吸烟。并且让各位家长也要关注青少年吸烟的情况，呼吁家长要少吸烟、主动戒烟，为青少年做出榜样。此次活动主要以赠送红包的方式倡导大家过节不吸烟、不敬烟、不送烟。拿到红包的梁爷爷说道：“为了孩子们的健康，我以后一定不会在室内抽烟了，我也会尽早戒烟”。此次活动大力弘扬了无烟健康过节的文化，引导居民养成健康的生活方式和生活习惯。 此次活动让广大群众对烟草的危害有了更深入的了解，纷纷表示将会积极参与到戒烟行动中，使控烟工作进一步得到了实效。让我们共同携手，积极追求文明健康绿色环保的生活方式，从自身做起、从现在做起，拒绝烟草、珍爱生命，齐心共筑无烟环境，共度无烟健康佳节！（赵子晗） 社区融编辑：余蕾,安徽日报客户端,未知,2024-01-29 11:10:08,http://app.ahnews.com.cn/displayTemplate/news/newsDetail/1547/1044729.html?isShare=true,未知,控烟、戒烟,中性,未知
2024010186,五堰街道滨河社区开展“无烟佳节，与爱同行”禁烟宣传活动,title: 五堰街道滨河社区开展“无烟佳节，与爱同行”禁烟宣传活动 content: 五堰街道滨河社区开展“无烟佳节，与爱同行”禁烟宣传活动 湖北日报客户端讯（通讯员刘彦）1月26日下午，茅箭区五堰街道滨河社区工会联合会联合老虎沟社区卫生服务中心开展“无烟佳节，与爱同行”为主题的禁烟宣传活动。 活动中，社区卫生服务中心的医生向居民们详细讲解了烟草对健康以及环境的危害，吸烟可能引发的疾病和二手烟的危害等健康知识。同时，向居民详细讲解了戒烟的好处，介绍了戒烟方法，引导和鼓励居民积极参与控烟、主动戒烟，对自己对身边的人的健康负责。同时，呼吁居民不要在室内、公共场所、工作场所和交通工具内吸烟，共同创建无烟环境，共享健康绿色生活。 通过此次活动的开展，使社区居民充分认识到吸烟的危害，进一步提高了居民对禁烟的认识。下一步，滨河社区将继续做好宣传工作，普及控烟禁烟重要性，增强居民的健康意识，共建清洁环保的无烟社区。,湖北日报客户端,未知,2024-01-29 10:59:11,http://news.hubeidaily.net/hbrbsharenew/index_share/5/2205102/1981553/0/0,未知,戒烟、控烟,正面,未知
2024010188,济宁高新区王因街道商住社区开展“拒绝香烟 从我做起”禁烟、控烟宣传活动,title: 济宁高新区王因街道商住社区开展“拒绝香烟 从我做起”禁烟、控烟宣传活动 summary: 1月24日，济宁高新区王因街道商住社区开展了“拒绝香烟从我做起”禁烟、控烟宣传活动，营造健康、清洁的良好社区环境，宣传吸烟危害和禁烟知识。 content: 济宁高新区王因街道商住社区开展“拒绝香烟 从我做起”禁烟、控烟宣传活动 网格员向居民宣传吸烟的危害和禁烟知识 大众网见习记者 周硕 通讯员 胡子璇 济宁报道 1月24日，济宁高新区王因街道商住社区开展了“拒绝香烟 从我做起”禁烟、控烟宣传活动，营造健康、清洁的良好社区环境，宣传吸烟危害和禁烟知识。 活动中，网格员向辖区居民讲解香烟对人体的危害以及戒烟的方法，用科学的数据提醒居民烟草对自己和家人的危害。网格员让群众充分了解吸烟、二手烟、三手烟、电子烟的危害以及拒绝吸烟和戒烟方法等知识，嘱咐居民为了自己和家人的健康少吸烟、不吸烟，提醒居民不在室内和公共场所吸烟，养成良好的生活习惯，引导和鼓励居民积极参与控烟活动，创建无烟环境。同时，网格员提醒青少年一定要洁身自律、远离烟草，养成健康的生活方式和卫生习惯，切实增强辖区居民禁烟控烟的责任感。 此次活动向居民普及了控烟禁烟相关知识，增强了居民的健康意识。,今日头条客户端,未知,2024-01-28 20:33:00,http://www.toutiao.com/article/7329126173077242422/,未知,控烟、戒烟,正面,未知
2024010189,纬北路街道火车站社区开展“无烟佳节 与爱同行”主题宣传活动,title: 纬北路街道火车站社区开展“无烟佳节 与爱同行”主题宣传活动 content: 纬北路街道火车站社区开展“无烟佳节 与爱同行”主题宣传活动 春节来临之际，为营造一个无烟健康的社区环境，1月24日，天桥区纬北路街道火车站社区新时代文明实践站开展“无烟佳节 与爱同行”主题宣传活动，进一步推动社区控烟宣传工作，营造良好的社区控烟氛围。 社区工作人员通过在新时代文明实践站发放“要年味、不要烟味”宣传单页，向辖区居民积极宣传不在公共场所，不在妇女、儿童和老年人集中活动的区域吸烟，并向大家详细讲解了吸烟的危害、戒烟的好处及方法，大力倡导“自己是健康第一责任人”的理念，现场不少居民纷纷上前了解控烟相关知识，并表示也会把控烟知识传递给家人朋友，一起营造无烟环境。 此次宣传活动既普及了健康知识，让居民深切地认识到吸烟的危害，也为营造健康清洁、优美和谐的社区环境打下了良好基础。 来源：新黄河客户端,济南发布客户端,未知,2024-01-28 17:32:00,http://jinan.e23.cn/index.php?m=content&c=index&a=show&catid=15&id=395398,未知,控烟、戒烟,正面,未知
2024010190,高旗实验小学：小手牵大手 无烟过新年,title: 高旗实验小学：小手牵大手 无烟过新年 content: 高旗实验小学：小手牵大手 无烟过新年 湖北日报客户端讯（通讯员陈瑶 江喻）1月26日上午，高旗实验小学109班开展以“无烟佳节 与爱同行”为主题的宣传教育活动。 活动中，红庙社区卫生院医生向同学们讲解控烟知识，吸烟不仅是对环境的破坏，还是对身边人的一种伤害，使他们懂得吸烟的害处并主动规劝亲人戒烟、禁烟，引导同学们认识到吸烟是一种不健康、不文明的行为。同时，在社区工作人员的带领下，同学们还走进居民小区，向居民发放禁烟宣传折页，讲解吸烟和吸二手烟的危害，并主动捡拾小区的烟头和白色垃圾，提升居民戒烟意识，带动居民养成健康的生活方式和生活习惯。 此次活动让学生们深刻认识到吸烟的危害，树立正确的健康观念。,湖北日报客户端,未知,2024-01-28 14:16:03,http://news.hubeidaily.net/hbrbsharenew/index_share/5/2203800/1980618/0/0,未知,控烟、戒烟,中性,未知
2024010192,应对寒冷天气，爱心驿站成为户外工作者寒冬里的“暖心港”,title: 应对寒冷天气，爱心驿站成为户外工作者寒冬里的“暖心港” content: 应对寒冷天气，爱心驿站成为户外工作者寒冬里的“暖心港”新春将至、万象更新，为增强居民控烟意识，弘扬无烟健康过节文化，营造欢乐祥和的节日氛围，形成文明健康绿色环保生活方式。近日，青浦区爱卫健促中心在暖心驿站举行控烟科普、写春联活动，在冬日里为市民带来温暖。上午9点，在爱卫健促中心的暖心驿站内，美团小哥、环卫工人济济一堂，“红马甲”志愿服务队的小伙伴们煮姜茶、泡咖啡，志愿队的沈老师为大家传授中医适宜技术，包含中医耳穴按压缓解吸烟不适症状及经络锤的正确应用，并向户外工作者们介绍了吸烟对健康的危害，让其了解控烟知识，懂得吸烟的害处并主动规劝亲人戒烟、禁烟，共同营造健康良好的无烟环境。“今天的活动中，通过老师的讲解我学到了中医的控烟知识，通过烟瘾测试，让我觉得做好自我健康管理很重要，以后我要立足自身，把控烟的技能传播给他人，通过做志愿者来为健康青浦服务。”美团站点负责人屈伟伟说。活动现场，已放寒假的刘子琪和陈懋升两位小朋友自告奋勇，与户外工作者们现场互动，将一幅幅寓意吉祥的春联，一张张喜气洋洋的“福”字，送到户外工作者的手中，户外工作者拿着手写的福字，脸上洋溢着幸福的笑容，现场一派喜庆热闹，洋溢着浓浓的年味。据了解，青浦区爱卫健促中心暖心驿站作为区卫健工作党委党群服务的延伸服务点，将原先的大厅服务进行拓展和功能升级，把“红马甲突击队”志愿服务站等资源融合，配备电冰箱、微波炉、爱心雨伞、常用药品和各类书籍等。同时，青浦区爱卫健促中心充分发挥业务专长，各科室轮值当班，为户外工作者提供遮风避雨、取暖聊天、热饭添茶、阅读歇脚的基础服务。青浦区爱卫健促中心支部委员汤碧华表示：“区爱卫健促中心的暖心驿站，作为区卫健工作党委党群服务的延伸服务点，通过此次活动一方面把健康理念传递给户外工作者，同时也在春节来临之际，通过写春联活动把我们的新春慰问送给户外工作者。”暖心驿站还会定期安排家庭健康指导、中老年养生科普、健康讲座、病媒生物家庭防制技巧、青春健康课程等健康促进主题活动，向他们灌输健康理念、传授健康知识，督促他们做好自己健康的第一责任人，把“健康”和“温暖”打包送给努力生活的户外工作者们。记者：徐哲摄影：徐哲编辑：俞静彦责任编辑：魏阜龙（首席）转载请注明来自“绿色青浦”官方微信,腾讯新闻客户端,绿色青浦,2024-01-28 09:17:57,http://view.inews.qq.com/a/20240128A01GFJ00,未知,控烟、戒烟,正面,未知
2024010194,【无烟佳节 与爱同行】无烟迎新春，健康过佳节,title: 【无烟佳节 与爱同行】无烟迎新春，健康过佳节 content: 【无烟佳节 与爱同行】无烟迎新春，健康过佳节 新春到，健康来，春节是阖家团聚、走亲访友的好时机，在这个喜庆的日子里，我们会把美好的祝福送给长辈、亲友。但是当你选择把香烟当作礼品送人时，当你见面时情不自禁地敬上一支香烟时，你是否想到香烟是无形的健康杀手，你送去的是对健康的危害。为倡导无烟春节，努力营造无烟氛围，值此新春佳节来临之际，特向广大居民提出“健康过年，无烟春节”的倡议。 一、 吸烟的危害 01 致癌作用 吸烟是肺癌的重要致病因素之一，特别是鳞状上皮细胞癌和小细胞未分化癌。吸烟者患肺癌的危险性是不吸烟者的13倍，如果每日吸烟在35支以上，则其危险性比不吸烟者高45倍。吸烟者肺癌死亡率比不吸烟者高10～13倍。肺癌死亡人数中约85％由吸烟造成。吸烟者如同时接触化学性致癌物质（如石棉、镍、铀和砷等）则发生肺癌的危险性将更高。吸烟者喉癌发病率较不吸烟者高十几倍。膀胱癌发病率增加3倍，吸烟与唇癌、舌癌、口腔癌、食道癌、胃癌、结肠癌、胰腺癌、肾癌和子宫颈癌的发生都有一定关系。 02 对心脑血管的影响 吸烟者的冠心病、高血压病、脑血管病及周围血管病的发病率均明显升高。统计资料表明，冠心病和高血压病患者中75％有吸烟史。冠心病发病率吸烟者较不吸烟者高3．5倍，冠心病病死率前者较后者高6倍，心肌梗塞发病率前者较后者高2～6倍，病理解剖也发现，冠状动脉粥样硬化病变前者较后者广泛而 严重。高血压、高胆固醇及吸烟三项具备者冠心病发病率增加9～12倍。心血管疾病死亡人数中的30％～40％由吸烟引起，死亡率的增长与吸烟量成正比。 据报告，吸烟者发生中风的危险是不吸烟者的2～3．5倍；如果吸烟和高血压同时存在，中风的危险性就会升高近20倍。此外，吸烟者易患闭塞性动脉硬化症和闭塞性血栓性动脉炎。吸烟可引起慢性阻塞性肺病（简称COPD），最终导致肺原性心脏病。 03 对呼吸道的影响 吸烟是慢性支气管炎、肺气肿和慢性气道阻塞的主要诱因之一。长期吸烟可使支气管粘膜的纤毛受损、变短，影响纤毛的清除功能。此外，粘膜下腺体增生、肥大，粘液分泌增多，成分也有改变，容易阻塞细支气管。吸烟者患慢性气管炎较不吸烟者高2～4倍，且与吸烟量和吸烟年限成正比例，患者往往有慢性咳嗽、咯痰和活动时呼吸困难。吸烟者常患有慢性咽炎和声带炎。 04 对消化道的影响 吸烟可引起胃酸分泌增加，一般比不吸烟者增加91．5％，并能抑制胰腺分泌碳酸氢钠，致使十二指肠酸负荷增加，诱发溃疡。烟草中烟碱可使幽门括约肌张力降低，使胆汁易于返流，从而削弱胃、十二指肠粘膜的防御因子，促使慢性炎症及溃疡发生，并使原有溃疡延迟愈合。此外，吸烟可降低食管下括约肌的张力，易造成返流性食管炎。 二、 被动吸烟 二手烟，也称被动吸烟，即非自愿吸入其他吸烟者喷吐的烟雾（主流烟）或烟草燃烧时产生的烟雾（侧流烟）。被动吸烟15分钟以上，就可以认为二手烟现象成立。 二手烟的危害绝不亚于一手烟。有研究证实，烟草燃烧过程中，许多化合物在二手烟中的释放率比一手烟还高。例如，二手烟的一氧化碳是一手烟的5倍，焦油和烟碱是3倍，氨是46倍，强烈致癌物的亚硝胺是50倍。 为何二手烟会有这么大的危害呢？ 第一 ，二手烟没有安全线界定。吸入烟草烟雾即有害健康，二手烟虽然比直接吸入气道烟浓度要低，但也达到了致伤阈值。 第二 ，二手烟的有害成分可以长时间存在空气中和尘埃、物品表面，不易消散。非吸烟者往往“享受”多个吸烟者的轮番轰炸，暴露时间长，致伤性很突出。 第三 ，一个人吸烟会造成一屋子多个人的被动吸烟。 需要关注的是，二手烟暴露没有安全水平，即使短时间少量接触，仍能导致心梗、哮喘发作等疾病。只有全面禁止室内吸烟行为，才能保护非吸烟者免受二手烟危害。 三、 如何科学戒烟 戒烟需具有自控力，并做好计划，培养新的兴趣爱好，必要时可在戒烟门诊进行治疗。 1、戒烟者可将每日吸烟量减半，逐步减少每日吸烟量直至归零。这样可以避免突然戒烟而导致的强烈戒断反应。还可告知周围烟友自己在戒烟，创造一个良好的外部环境。 2、还可培养新的兴趣爱好，例如运动、钓鱼等，来分散自己的的注意力，从而降低对香烟的依赖。用口香糖等零嘴替代香烟。 3、做好积极的心理建设来面对戒烟的戒断反应，如若陷入紧张不安焦虑的情绪中，可以寻求他人开导。可以进行戒烟日记书写，每天记录进展，给自己信心。 4、可以去医院开设的戒烟门诊进行专业戒烟，医生会根据每位戒烟者的情况制定个性化的戒烟方案。使用戒烟药物例如尼古丁咀嚼胶、尼古丁贴片等。需要注意的是此类药物需在医生的指导下使用。 在春节等重大节日来临之际，温馨提醒：走亲访友、春节聚会，不吸烟、不敬烟、不劝烟，“对二手烟说不”，主动做控烟宣传者和倡导者，健健康康过佳节！ 根河市互联网有害信息举报电话：5229103 举报邮箱：wlaqzx@163.com 互联网新闻信息服务许可证编号：15120210034,冷极根河客户端,未知,2024-01-27 15:15:10,http://genhe.nmgcyy.com.cn:80/application/fcinformation/mobile/#/ArticleDetail/23083,未知,戒烟、控烟,中性,未知
2024010196,城郊乡：开展“无烟佳节 与爱同行”控烟主题活动,title: 城郊乡：开展“无烟佳节 与爱同行”控烟主题活动 content: 城郊乡：开展“无烟佳节 与爱同行”控烟主题活动 为进一步推动控烟工作开展，引导广大居民践行文明健康绿色环保生活方式，营造春节期间无烟氛围，共度无烟健康佳节。1月26日，城郊乡开展“无烟佳节 与爱同行”控烟主题活动。 活动中，志愿者通过展板展示，围绕我国烟民数量、吸烟现状、烟民低龄化发展趋势以及二手烟对人体的危害等方面向乡干部及居民进行了详细讲解。 鲜明的主题、活泼的形式和丰富的内容广大居民深刻了解了控烟知识，意识到吸烟不仅是对环境的破坏，还是对身边人的一种伤害，使他们懂得吸烟的害处并主动规劝亲人戒烟、禁烟，共同营造健康良好的无烟环境。 现场工作人员还宣读了关于禁烟的相关规定，发放了戒烟科普宣传手册，倡导过节不吸烟、不敬烟、不送烟、“对二手烟说不”，号召乡干部及广大居民行动起来，共度无烟健康佳节，引导居民养成健康的生活方式和生活习惯。同时，乡政府提供免费戒烟咨询，帮助居民提高戒烟成功率，实现居民戒烟服务“零”距离。 通过此次活动，不仅增强了辖区居民控烟的意识，也让大家认识到吸烟对人体的危害，纷纷表示要参加到拒烟宣传活动中来，从身边的小事做起，为创建无烟环境贡献自己的力量。,云上虞城客户端,未知,2024-01-27 11:58:00,http://yucheng.dxhmt.cn//api/page/goPage?type=4&objectId=c6f3f0f728dc4de9bba7d00f97020d82,未知,控烟、戒烟,正面,未知
20240101100,【平阴】全环境立德树人|洪范池镇开展“无烟佳节 与爱同行”主题宣讲活动,"title: 【平阴】全环境立德树人|洪范池镇开展“无烟佳节 与爱同行”主题宣讲活动 content: 【平阴】全环境立德树人|洪范池镇开展“无烟佳节 与爱同行”主题宣讲活动 春节临近，为广泛宣传烟草危害,提高公众健康意识，发挥青少年的作用，在全社会营造良好的控烟舆论氛围，共度无烟健康佳节，近日，洪范池镇在镇中心小学开展“无烟佳节 与爱同行”主题宣讲活动。 活动中，工作人员在校园内开展“拒吸第一支烟,做无烟新一代”主题宣讲，引导学生充分认识烟草危害,并鼓励广大青少年成为学校、家庭控烟监督员，劝导家长不吸烟、早戒烟、主动戒烟，为青少年健康成长作表率，促进无烟学校、无烟家庭建设。 此次活动有效提高了青少年对烟草危害的认识，营造了全社会支持控烟的良好氛围，为共建无烟环境，共享健康生活打下了良好基础。 ​山东商报·速豹新闻网编辑 崔艳红",速豹新闻客户端,未知,2024-01-26 23:07:19,http://open.tmtsp.com/app/multimedia/article?key=65b3ba1a58f638be1c8b4570&class=article&flag=app&type=new&device=android,未知,控烟、戒烟,正面,未知
20240101101,【控烟科普】二手烟没有安全水平,title: 【控烟科普】二手烟没有安全水平 content: 【控烟科普】二手烟没有安全水平 2024年1月18日二手烟没有安全水平。 各位网友大家好，今天是一月二十六号，继续做控烟科普二零二四。今天跟大家讲的题目是二手烟没有安全水平。确实随着新春佳节越来越临近，也特别特别的关注在新春佳节时间如何让节过得更加健康、更加美好。 控制吸烟，保护环境，使得家人和朋友免受二手烟的威胁，其实就尤其重要。此前也发布了过节送礼不送烟的活动，在送烟的范围内也包括了二手烟。大家知道二手烟往往会更具有迷惑，很多人会觉得其实二手烟的危害比较小，但是这个是特别错误的认知。 实质上在单位体积下，单位范围内二手烟的危害比一手烟还大。因为二手烟是烟草没有经过充分的燃烧，所以产生的有害物质就会更多。二手烟对于周围的亲人、朋友其实都会造成很大的伤害。 再有就是二手烟实质上对于儿童的伤害会更大，因为儿童的抵抗能力相对比较弱，而且儿童呼吸道应该只更加的。所以如果是父母吸烟的儿童，不仅可以导致肺功能的异常，慢性呼吸道的一些症状，哮喘、免疫功能的损伤，甚至是体重超标、耳部的疾病，还有婴儿的猝死综合征等等。 所以儿童对于二手烟来讲就更是易感的人群，易受害的人群。而且很多如果是在儿童时期，父母吸烟的这些孩子，他们在长成成年以后也会更加容易染上吸烟的恶习，而且相对改起来会更加的困难。因此二手烟确实危害很大，而且是没有所谓的安全性的界限。 希望广大的烟民朋友们能一定是保护好家人，保护好孩子，不要让他们受到二十元的危害。今天就跟大家分享到这里，明天再见。,今日头条客户端,未知,2024-01-26 22:58:44,http://www.toutiao.com/article/7328421494898426380/,未知,控烟,中性,未知
20240101102,无烟宣传进校园 撑起健康“保护伞”,title: 无烟宣传进校园 撑起健康“保护伞” content: 无烟宣传进校园 撑起健康“保护伞” 为进一步推动控烟工作深入开展，营造春节“无烟”氛围，近日，越城区东湖街道卫生服务中心的医护人员走进东湖街道中心小学，开展“无烟佳节 与爱同行”主题宣讲活动。 “同学们，你们家中有人吸烟吗，你们对吸烟的危害有什么了解吗……”活动现场，东湖街道卫生服务中心家庭医生围绕“吸烟的危害”这一主题，通过PPT的形式，为同学们讲解了吸烟的危害、戒烟的方法、电子烟也是烟等内容，呼吁同学们远离电子烟和传统烟草产品，拒吸第一支烟，拒绝被动吸烟，做无烟新一代。与此同时，中心家庭医生还倡议同学们积极向家长及亲友宣传吸烟的危害，劝说、监督身边的大人不吸烟、少吸烟。“原来吸烟有这么多危害啊。”“今天学了戒烟的方法，回家我要好好劝说爸爸戒烟。”同学们纷纷表示在春节期间走亲访友会积极劝导周围人戒烟。 讲座结束后，学生们拿出准备好的水彩笔，亲手设计制作禁烟宣传资料，将禁烟的愿望都画进自己的作品中，回家后将亲手设计的制作的禁烟传单送给身边吸烟的亲人，时刻提醒他们吸烟有害健康。放学后，同学们还跟随中心家庭医生来到校门口，对门口的家长们进行禁烟宣传，为家长们讲解吸烟的危害，积极劝导他们戒烟。 “此次活动的开展，有利于学生在今后的学习和生活中，养成文明健康的生活方式，把学到的知识宣传和影响到家庭成员乃至身边的人，带动更多的人参与到控烟禁烟工作中来，营造健康、无烟的坏境，为成长护航。”东湖街道社区卫生服务中心相关负责人表示，接下来，中心将把“无烟控烟”的宣传和劝导活动常态化，进一步营造文明、健康、和谐的校园环境和社会环境。 编辑：严立明,今日越城客户端,越城区融媒体中心记者 陈思嘉 通讯员 宋一鸣,2024-01-26 20:42:39,http://app.tmuyun.com/webDetails/news?id=7508404&tenantId=31,未知,控烟、戒烟,中性,未知
20240101103,【铜城爱卫】大手拉小手 控烟一起走,title: 【铜城爱卫】大手拉小手 控烟一起走 content: 【铜城爱卫】大手拉小手 控烟一起走 幼儿园是幼儿聚集的场所，是孩子们健康成长的摇篮，为了给幼儿创造一个安全舒适的无烟环境，深化“无烟佳节 与爱同行”活动实施效果，1月26日，铜城街道到希望幼儿园开展“传承爱卫新风 欢度健康佳节”宣传活动，让每个小朋友认识到吸烟的危害。 首先，由县疾控中心专家向小朋友们做宣讲，专家对烟草及二手烟的危害进行了全面细致的讲解介绍、现场播放了吸烟有害健康的公益宣传视频，直观展示吸烟对身体、精神的方面破坏和不良影响，帮助幼儿建立拒绝吸烟的健康生活态度。 邀请小朋友们争当“无烟佳节 与爱同行”代言人，向大家发出倡导，宣传“我们不要二手烟”。 发放倡议书 让家庭自觉抵制烟草危害 拒绝吸烟倡议书 尊敬的家长朋友： 据世界卫生组织统计，全世界有7亿儿童，全球约一半的青少年呼吸着被香烟烟雾污染的空气，成为无辜的被动吸烟者。我国也有近1.8亿的未成年人生活在二手烟的环境中，我们身边不少小朋友在家里也受到二手烟的伤害。 今天我们很高兴地看到，为抵制烟草给我们带来的危害、全社会已经积极行动起来了。学校、家庭、公共场所是我们健康成长的摇篮，为此我们向所有家长发出倡议:“创建无烟环境，我们共同行动!”让我们远离二手烟的环境，作为家长，作为长辈的你们就一定要率先垂范。为了您的身体健康，也为了我们孩子们的健康成长，请您做到: 1.自觉遵守《公共场所吸烟管理条例》等的规定，白觉从白身做起，俱导文明健康、绿色环保的生活习惯在各类公共场所不吸烟，做一个健康文明的公民。 2.主动参与禁烟，在孩子面前不吸烟，在家中少吸烟、不吸烟，来到我们学校、幼儿园、游乐场等儿童活动场所一定不吸烟，给身边的人创造一个健康的学习、生活和工作环境。 3.自觉遵守室内禁止吸烟和室外指定吸烟点吸烟的规定。 4.主动参与禁烟、控烟活动，积极参阳共任总倡导健康生活新风尚。 5.看到他人在室内及室外非吸烟点有吸烟和乱扔烟蒂的行为，请对其进行友好地提醒和劝诫。 6.同事、朋友之间不敬烟、不送烟树立控烟意识，互相监督提醒。 亲爱的家长朋友，拥有健康幸福的生活，是我们每个人的心愿，我们相信，为了您和您家人的健康、为了我们的绿色地球，您一定要远离烟草为全社会营造一个健康的生活环境。让我们共同行动吧！,东阿融媒客户端,铜城秦丹丹,2024-01-26 19:42:17,http://iapp.decmc.cn/share/YS05NS0zMDkxNTM0MA.html,未知,控烟,中性,未知
20240101104,无烟佳节 与爱同行：控烟宣传进校园 营造无烟环境,title: 无烟佳节 与爱同行：控烟宣传进校园 营造无烟环境 content: 无烟佳节 与爱同行：控烟宣传进校园 营造无烟环境 “拒吸第一支烟，做无烟新一代”，在新春佳节即将到来之际，昨天中午，宿城区蔡集初级中学开展了一场“无烟佳节 与爱同行”控烟禁烟主题宣传活动，鼓励广大青少年成为学校、家庭控烟监督员，共度无烟健康佳节。 中午，随着学校午间广播音乐响起，志愿者们向大家发放科普手册，并向同学们普及了如何控烟、戒烟等相关内容。随后，一些班级开展了关于烟草危害的主题讲座，进一步让学生了解吸烟的危害性，提高学生戒烟控烟的意识。 宿城区蔡集医院内科副主任医师 于柏 今天我们讲了一下国内的烟草现状，讲了吸烟与二手烟的区别，分别危害是有哪些，特别是对青少年危害更大，因为他们的机体比较脆弱。 讲座通过PPT演示、播放视频等方式，生动形象地介绍了烟草中的致癌物、青少年如何拒绝吸烟等内容，并开展了轻松有趣的控烟知识互动问答，让青少年学生非常直观地了解到吸烟的危害，普及健康教育知识。 学生 张益通 吸烟会患很多疾病，就比如说肝癌、肾癌，有时候还会引起急性白血病。 青少年是行为习惯养成的重要时期，做好控烟工作，青少年是基础，也是重点。在日常教学中，学校也高度重视青少年控烟教育工作，开展各类控烟宣传。 蔡集初级中学班主任 史运东 比如班级举行控烟主题班会，以及黑板报、手抄报、征文比赛、演讲比赛等宣传教育活动，发放宣传单和告家长书，宣传控烟的好处。 临近春节，志愿者们准备了与控烟主题相关的创意春联，“无烟佳节 与爱同行”主题红包等，以青少年更为感兴趣的宣传方式，引导学生养成健康的生活习惯，共度无烟健康佳节。本次“无烟佳节 与爱同行”控烟主题宣讲活动除了走进校园，还将走进社区、小区、农贸市场等公共场所，宣传禁烟。 详情请收看21:10分宿迁综合频道《楚风夜话》 记者：于梦凡 融媒体编辑：高雅 王淼 审核：解秀晴 终审：徐庚立,宿迁手机台客户端,未知,2024-01-26 18:22:00,http://m.sqsjt.net/content/detail/IKKRGTS57SP9ST7V1.html,未知,控烟、戒烟、戒烟控烟,中性,未知
20240101105,白石江街道：开展“干干净净迎新春 健健康康过大年”爱国卫生活动,title: 白石江街道：开展“干干净净迎新春 健健康康过大年”爱国卫生活动 content: 白石江街道：开展“干干净净迎新春 健健康康过大年”爱国卫生活动 为营造整洁美丽的人居环境和浓厚的春节氛围，让群众能够干干净净迎新春、健康喜乐过大年，1月26日，白石江街道党群服务中心联合长河社区组织开展爱国卫生大扫除志愿者活动和无烟迎佳节活动。 活动现场，志愿者们戴着手套、拿着钳子、扫帚、垃圾袋等清洁工具对地面散落垃圾进行集中清扫，对卫生死角也尽力清理，清除积存杂物，并及时有序将垃圾进行集中清运，保持工作和生活环境干净、整洁。同时，社区以欢度新春佳节、关爱家人健康为契机，通过宣传标语、宣传栏、海报等方式，对过往居民群众宣传无烟过佳节，提高其对烟草危害的认知，从而引导辖区群众关爱自身健康，尊重他人健康权利，不在工作场所、公共场所吸烟，做控烟宣传者和倡导者。 此次活动提高了群众参与爱国卫生运动的积极性，营造了营造人人关心、人人参与爱国卫生运动的良好氛围，不断增强居民环境卫生保护意识。 图文：吴韵 刘彬裕 责编：窦俊伟 段琼会 审核：代石全 ​,麒麟云客户端,未知,2024-01-26 18:06:04,http://qjqilin.wengegroup.com/mixmedia/a/202401/26/WS65b3840c123443c0c9763c11.html,未知,控烟,正面,未知
20240101107,教育体育｜华山镇洲湖小学开展“无烟佳节 与爱同行”主题班会活动,title: 教育体育｜华山镇洲湖小学开展“无烟佳节 与爱同行”主题班会活动 content: 教育体育｜华山镇洲湖小学开展“无烟佳节 与爱同行”主题班会活动 为进一步推动控烟工作开展，引导群众践行文明健康绿色环保生活方式，营造春节无烟氛围，1月25日，华山镇洲湖村小学利用假前最后一节课，开展了“无烟佳节，与爱同行”主题班会活动。 活动中，各班组织学生观看禁烟宣传片，加深禁烟意识。老师用PPT、图片、讲故事等形式对吸烟的危害、戒烟的好处、戒烟的方法等知识进行讲解，加深学生对吸烟危害的认识。学校还充分利用广播、宣传栏、黑板报等进行吸烟有害健康宣传，让在校师生和接送家长，看得到，听得到，真正了解到吸烟的危害。活动共计发放无烟宣传画册120张，宣传折页120张，保证学生和家长人手一份，将无烟宣传从学校带回家中，共同营造一个拒绝吸烟的健康氛围。 通过此次活动，帮助学生树立了“拒收第一支烟，做无烟第一代”的理念，鼓励学生成为学校、家庭控烟监督员，促进无烟学校、无烟家庭的建设。 文/图：华山镇洲湖小学 编辑：徐樾 责任编辑：朱丽玲 监制：宁浩 总监制：尧志强 编辑:徐樾,黎川发布客户端,未知,2024-01-26 17:29:37,http://m.jxxw.com.cn/v4/index.php?c=Web_News&channleId=10922&contentid=130697435&m=news_detail_v5&siteId=55,未知,控烟、戒烟,正面,未知
20240101108,青云街道湖东社区开展“无烟佳节 与爱同行”宣传活动,"title: 青云街道湖东社区开展“无烟佳节 与爱同行”宣传活动 content: 青云街道湖东社区开展“无烟佳节 与爱同行”宣传活动 为大力弘扬无烟健康过节文化，倡导文明健康生活方式，1月25日，青云街道湖东社区组织志愿者在辖区内开展""无烟佳节 与爱同行""宣传活动。 活动中，志愿者向居民详细讲解戒烟的好处，分享科学戒烟的方法，同时发放相关宣传材料，呼吁群众了解""二手烟""的危害，学会对烟草说""不""，引导居民把健康知识转变为健康行为，共建无烟社区，共享健康环境。 通过此次活动，提高了居民对烟草危害的知晓率，增强了控烟意识，为共建无烟环境传播文明健康、绿色环保的理念，有效形成人人参与禁烟的良好氛围。 （王多）",临川发布客户端,未知,2024-01-26 17:17:00,http://lcfb.jxlcrm.com/content_html/html/507/p/wap/2024/01/130698933.html,未知,戒烟、控烟,正面,未知
20240101111,瑶海区疾控中心开展“无烟佳节 与爱同行”宣传活动,"title: 瑶海区疾控中心开展“无烟佳节 与爱同行”宣传活动 content: 瑶海区疾控中心开展“无烟佳节 与爱同行”宣传活动 新年即将来临，为进一步提高辖区居民对烟草危害的认识，引导广大居民朋友践行文明健康绿色环保生活方式，营造无烟氛围，共度无烟健康佳节，1月26日上午，合肥市瑶海区卫健委组织瑶海区疾控中心、七里站社区卫生服务中心在春暖花开小区广场开展“无烟佳节 与爱同行”主题宣传活动。 活动现场，通过设置宣传展板、开展戒烟咨询、发放控烟宣传手册、免费量血压等活动形式，利用图片、文字等通俗易懂的方式向来往居民普及烟草带来的健康风险，强调不送烟的重要性，引导居民健康生活，主动参与控烟、科学戒烟、远离烟瘾、拒绝“二手烟”，同时还解答了居民对于烟草危害的疑问，提供戒烟指导，并赠送健康礼物，鼓励居民共同守护家庭健康。此次活动共发放宣传折页400余份、宣传礼品200余份，受众人群200余人。 通过此次宣传活动，提高了辖区居民对烟草危害的认知度，认识到送烟等于送危害，呼吁广大居民增强戒烟控烟意识，减少烟草对居民健康的危害,使无烟生活健康理念进一步深入人心。瑶海区疾控中心积极倡导广大群众，过年期间不吸烟、不敬烟、不送烟，“对二手烟说不”，共同营造无烟健康佳节氛围。（周梅） 社区融编辑：陈亮",安徽日报客户端,未知,2024-01-26 16:21:48,http://app.ahnews.com.cn/displayTemplate/news/newsDetail/1547/1043582.html?isShare=true,未知,戒烟、控烟、戒烟控烟,正面,未知
20240101112,强化文娱场所卫生监督 营造安全畅玩环境,title: 强化文娱场所卫生监督 营造安全畅玩环境 content: 强化文娱场所卫生监督 营造安全畅玩环境 为提升文娱场所卫生管理水平，改善公共场所卫生环境，保障市民的身心安全和健康，近期，宝安区公共卫生服务西乡分中心对辖区内电影院、KTV、酒吧等场所进行专项监督检查。 此次专项检查重点对场所的卫生管理制度、突发公共卫生事件应急预案、《卫生许可证》证件公示、从业人员健康合格证明、通风系统的清洗消毒和控烟工作等方面进行监督检查。各场所均能亮证经营，基本按照要求落实各项规章制度，少数场所存在果盘制作间卫生状况不佳、用品用具清洗消毒记录不规范等问题。针对发现的问题，卫生监督员现场给予指导，并下发《卫生监督意见书》责令限期整改，督促经营单位严格落实。 下一步，西乡分中心将对检查存在问题的单位进行“回头看”，督促其整改到位，同时加大对辖区内其他重点场所的检查力度，及时发现经营单位卫生安全问题，为市民营造安心、健康的休闲娱乐环境。 来源：宝安区公共卫生服务西乡分中心 通讯员：杨冰慧,宝安融媒客户端,未知,2024-01-26 16:18:54,http://baoancm.sztv.com.cn/baqr/113/113sy/jkba/79976761.shtml,未知,控烟,正面,未知
20240101113,和龙市光明街道花园社区举行“无烟佳节 与爱同行”控烟活动,title: 和龙市光明街道花园社区举行“无烟佳节 与爱同行”控烟活动 content: 和龙市光明街道花园社区举行“无烟佳节 与爱同行”控烟活动 为营造春节无烟氛围，铸牢中华民族共同体意识，近日，和龙市光明街道花园社区举行“无烟佳节 与爱同行”控烟主题活动。 活动中，网格员来到大集，通过向商户、居民发放宣传单，弘扬无烟健康过节文化，倡导过节不吸烟、不敬烟、不送烟，共度无烟健康佳节。同时向大家讲解戒烟方法，以回答居民问题的方式，对烟草成分，吸烟的危害，与吸烟相关的各种严重疾病，及如何科学有效的戒烟等健康知识进行宣传。 此次活动，切实提高了辖区各族居民对烟草危害的认识，增强各族居民控烟意识，为营造良好的无烟环境、共享健康生活打下了良好的基础。 END 扫码关注我们下载和龙金达莱APP了解更多和龙资讯,和龙金达莱,未知,2024-01-26 16:01:11,http://6he6-share.plus.jlntv.cn/folder5956//folder5958//folder5978//2024-01-26//FM1peU9KSyAzeGvH.html,未知,控烟、戒烟,正面,未知
20240101114,济宁市任城区李营街道培文社区开展“禁烟控烟助环保健康培文我行动”宣传活动,title: 济宁市任城区李营街道培文社区开展“禁烟控烟助环保健康培文我行动”宣传活动 content: 济宁市任城区李营街道培文社区开展“禁烟控烟助环保健康培文我行动”宣传活动 山东商报·速豹新闻网 通讯员 黄茜 吕敬敬 为做好辖区内公共场所禁烟控烟宣传工作，进一步提高商铺经营者禁烟意识，营造积极健康的生活环境，济宁市任城区李营街道培文社区开展“禁烟控烟助环保健康培文我行动”宣传活动。 培文社区组织网格员、公益岗、巾帼志愿者通过发放禁烟标识和宣传资料等形式进行宣传，向商户负责人讲解在公共场所禁烟的必要性，呼吁商户做好禁烟提醒，为辖区内居民营造一个无烟、健康、安全的消费环境。同时向居民科普吸烟对人身健康及环境的危害，呼吁广大居民为自己及家人的健康，不要在室内、公共场所吸烟，远离烟草，养成良好的生活习惯，共同创建无烟环境。 通过此次活动，进一步增强辖区商户和居民的禁烟意识，让居民充分认识到吸烟的危害，积极营造全面禁烟、控烟的良好生活氛围，为打造更加健康、舒适的生活环境奠定坚实的基础。,速豹新闻客户端,未知,2024-01-26 15:46:17,http://open.tmtsp.com/app/multimedia/article?key=65b355fbbb5ed7f5cc8b4570&class=article&flag=app&type=new&device=android,未知,控烟,正面,未知
20240101116,云梦倒店乡：无烟世界 清新一片,title: 云梦倒店乡：无烟世界 清新一片 content: 云梦倒店乡：无烟世界 清新一片 湖北日报客户端讯（通讯员夏洋洋 黄丹）1月23日，云梦县倒店乡卫生院来到倒店乡罗庙中学开展以“无烟佳节，与爱同行”的无烟宣传教育讲座，积极引导师生践行文明健康绿色环保生活方式，营造寒假、春节期间无烟氛围。 活动现场，卫生院工作人员利用相关数据就烟草烟雾成分、吸烟导致的重大疾病、吸烟四害、二手三手烟、控烟方式方法等方面为同学们做了详细说明，真切地让每位学生意识到吸烟对自己、对家人危害的严重性，呼吁青少年同学们不吸第一支烟，主动远离传统烟草制品和电子烟，自觉不吸烟、主动戒烟、劝导亲友早戒烟，共同培育“不递烟、拒香烟”的健康文明习惯，共建无烟美好校园。 讲座结束后，同学们纷纷表示，此次讲座让我们清晰地意识到吸烟的危害，今后我要自觉远离烟草，无烟环境、从我做起，将“无烟佳节 与爱同行”的控烟理念传递给我们身边的人。,湖北日报客户端,未知,2024-01-26 15:06:02,http://news.hubeidaily.net/hbrbsharenew/index_share/5/2199432/1976844/0/0,未知,控烟、戒烟,正面,未知
20240101117,富乐街道：无烟佳节·与爱同行,title: 富乐街道：无烟佳节·与爱同行 content: 富乐街道：无烟佳节·与爱同行 为进一步强化全社会对烟草危害的正确认识，提高居民的健康意识，切实保护人民群众的身心健康，在2024年新春佳节来临之际，富乐街道各社区在辖区开展以“无烟佳节·与爱同行”为主题无烟宣传活动。 社区工作人员、网格员、志愿者分别在辖区公共场所张贴禁止吸烟小贴士，劝导公共场所不放置烟灰缸，并在海悦银河城广场、社区广场、农贸市场等人流量大的场所为居民发放禁烟控烟健康宣传资料、宣讲吸烟对身体健康的影响。 活动共计张贴禁止吸烟小贴士300余张，发放禁烟控烟健康宣传资料1000余份，为推动辖区居民禁烟控烟工作，创造无烟、洁净、健康的生活居住工作环境，维护居民的健康起到了积极的作用。 供稿：社会事务办、各社区 编辑：汪子靖 审核：梁磊,直播游仙客户端,未知,2024-01-26 15:02:00,http://mz.yxqrmtzx.com/html/appHtml/15df453341d248229d2dee2a65e48359-html.html,未知,控烟,中性,未知
20240101118,白果乡卫生院：开展主题控烟活动,title: 白果乡卫生院：开展主题控烟活动 content: 白果乡卫生院：开展主题控烟活动 湖北日报客户端讯（通讯员邓生艳）1月26日，为进一步推动控烟工作开展，引导职工患者践行文明健康绿色环保生活方式，白果乡卫生院开展“无烟佳节，与爱同行”主题控烟活动，旨在推动无烟环境，营造一个清新、无烟的节日氛围。 活动现场，公共卫生科人员为患者发放宣传折页，并为来院人员讲解控烟的重要意义和远离烟草的好处，倡导大家做“自己健康第一责任人”，增强自我控制能力，自觉抵制诱惑，降低吸烟率。 通过此次活动，让卫生院员工在内的更多人了解吸烟对自身健康及他人健康的危害，自觉践行无烟的健康生活方式，积极参与和支持控烟行动，共建共享无烟环境。,湖北日报客户端,未知,2024-01-26 14:32:43,http://news.hubeidaily.net/hbrbsharenew/index_share/5/2199996/1977415/0/0,未知,控烟,正面,未知
20240101122,【无烟佳节与爱通行】禁烟控烟知识宣传,title: 【无烟佳节与爱通行】禁烟控烟知识宣传 content: 【无烟佳节与爱通行】禁烟控烟知识宣传 禁烟控烟知识宣传 吸烟被世界卫生组织（WHO）称为人类“第五种威胁”（前四种是战争、饥荒、瘟疫、污染）。据报道，目前全国每天有2000余人死于吸烟，预计到2050年将增至8000人。 控烟禁烟宣传知识 烟草依赖是一种慢性疾病，烟草危害是世界最严重的公共卫生问题之一，吸烟和二手烟问题严重危害人类健康。 公共场所和工作场所禁止吸烟已成为时代潮流。建设无烟党政机关，是在公共场所和工作场所降低二手烟危害的有效手段，是保护职工身心健康的重要措施，是社会对党政机关文明办公的基本要求，更是树立和维护党政机关良好健康形象的必然选择。 什么是被动吸烟？ 被动吸烟指生活和工作在吸烟者周围的人们，不自觉地吸进烟雾尘粒和各种有毒物质。被动吸烟者所吸入的有害物质浓度并不比吸烟者低，吸烟者吐出的冷烟雾中，焦油含量比吸烟者吸入的热烟雾中的多1倍，苯并芘多2倍，一氧化碳多4倍。据国际性的抽样调查证实，吸烟致癌患者中的50%是被动吸烟者。吸烟家庭儿童患呼吸道疾病的比不吸烟家庭为多。 被动吸烟对儿童健康有哪些危害？ 相对于一手烟，二手烟对于儿童的伤害是十分大的，第一是会导致婴儿在不明原因的情况下死亡的概率。 第二是导致刚出生的婴幼儿体重低于标准值。 第三是导致儿童的耳朵频繁感染炎症，中耳炎较为多见。 第四是吸烟损害肺部结构、肺功能和呼吸道免疫系统功能，引起多种呼吸系统疾病，且吸烟可导致多种间质性肺疾病，吸烟量越大，吸烟年限越长，疾病的发病风险越高。 第五是烟草烟雾中含有至少69种致癌物，当人体暴露于这些致癌物中时，会引起体内关键基因发生永久性突变并逐渐积累，正常生长调控机制失调，导致恶性肿瘤发生。 第六是吸烟会损伤血管内皮功能，导致动脉粥样硬化改变，使血管腔变窄，动脉血流受阻，引发多种心脑血管疾病。 第七是吸烟使拮抗胰岛素的激素分泌增加，影响细胞胰岛素信号转导蛋白的合成，抑制胰岛素的生成；长期吸烟还可引起脂肪组织的再分布，上述因素均可增加胰岛素抵抗，导致2型糖尿病。 戒烟有哪些好处？ 一般停止吸烟6小时后，心率会下降，血压也会轻微降低。12小时后，尼古丁将被排出体外。24小时后，一氧化碳将从肺部排出，使呼吸功能得到改善。此时也许会有咳嗽，因为通过咳嗽可以清除堵塞在气管和肺部的堵塞物。2天之后，尼古丁所致的不良反应就会消失。2个月左右，手部和脚部的血液循环就增加。戒烟1年之后，患心脏病的危险会显著降低。戒烟10年后，患病的危险性将变得和不吸烟者一样。另外，吸烟者戒烟后，可以成为儿女的好榜样。摆脱烟瘾的控制，找回自由与尊严，除去身上的烟臭，爱自己，也是爱家人。 戒烟方法 ‍‍‍‍‍‍‍‍‍1、消除紧张情绪 紧张的工作状况是您吸烟的主要起因吗？如果是这样，那么拿走您周围所有的吸烟用具，改变工作环境和工作程序。在工作场所放一些无糖口香糖，水果，果汁和矿泉水，烟瘾犯了可以用这些健康的食品代替。 2、加强戒烟意识 明确目标改变工作环境及与吸烟有关的老习惯，戒烟者会主动想到不再吸烟的决心。要有这种意识，戒烟几天后味觉和嗅觉就会好起来。 3、寻找替代办法 戒烟后的主要任务之一是在受到引诱的情况下找到不吸烟的替代办法：做一些技巧游戏，使两只手不闲着，通过刷牙使口腔里产生一种不想吸烟的味道，或者通过令人兴奋的谈话转移注意力。 4、少参加聚会 刚开始戒烟时要避免受到吸烟的引诱。如果有朋友邀请你参加非常好的聚会，而参加聚会的人都吸烟，那么至少在戒烟；初期应婉言拒绝参加此类聚会，直到自己觉得没有烟瘾为止。 5、多运动 运动会提高情绪，冲淡烟瘾，体育运动会使紧张不安的神经镇静下来，并且会消耗热量。,古蔺融媒客户端,未知,2024-01-26 11:48:51,http://h5.gulinrongmei.com/html/hotnews/code/details.html?id=9db42edea76445e480e8d2aa79f40fd6&userId=e22c3dacc8744eaab27c715e980319f4&isShare=1,未知,控烟、戒烟,中性,未知
20240101123,【无烟佳节与爱通行】控烟禁烟，从我做起！,title: 【无烟佳节与爱通行】控烟禁烟，从我做起！ content: 【无烟佳节与爱通行】控烟禁烟，从我做起！ 控烟禁烟从我做起 家庭 建设无烟家庭对于守护青少年健康具有重要意义。无烟家庭是指任何人在家中任何时间、任何室内场所都做到不吸烟，包括卧室、客厅、书房、餐厅、厨房、卫生间、私家车等场所的室内环境。 1.家中任何室内场所无吸烟现象； 2.家中无烟具（烟缸、卷烟和电子烟等）； 3.家庭成员劝导家人或来访客人中的吸烟者不吸烟，支持其戒烟； 4.家庭成员不敬烟、不劝烟，礼尚往来不送烟； 5.家庭成员学习、了解烟草危害知识，积极参加控烟宣传活动； 6.营造无烟家庭氛围，可在家门口或家中张贴无烟家庭标识或无烟绘画、提示语等。 学生 1.自觉养成良好的生活习惯，不吸烟、不喝酒，若有好友递烟，要学会“拒绝”。 2.自主学习烟草知识，熟知烟草危害，不做未来烟民。 3.若身边有长辈或朋友吸烟，应及时劝阻。 4.学会调整心态，许多青少年第一口烟是由负面情绪导致的，如压力过大、情绪低落等，若是遇到无法自行解决的问题，可尝试向长辈、教师等求助。,古蔺融媒客户端,未知,2024-01-26 11:48:51,http://h5.gulinrongmei.com/html/hotnews/code/details.html?id=9f4881fdf444452b89b5a543e179a84a&userId=e22c3dacc8744eaab27c715e980319f4&isShare=1,未知,控烟、戒烟,中性,未知
20240101127,金子坝：开展“无烟佳节 与爱同行”志愿服务活动,title: 金子坝：开展“无烟佳节 与爱同行”志愿服务活动 content: 金子坝：开展“无烟佳节 与爱同行”志愿服务活动 中国硒都网讯（全媒体记者 郝培炀 通讯员 杨伦曦）1月26日，金桂社区组织辖区志愿者、无职党员、入党积极分子到金桂辖区开展“无烟佳节 与爱同行”志愿服务活动。 活动中，辖区志愿者、社区无职党员、入党积极分子在辖区街道面对面与居民交流，围绕我国烟民数量、吸烟现状、及二手烟对人体健康的危害等方面向辖区居民朋友们进行了详细讲解，鲜明的主题、丰富的内容让大家了解控烟知识，并呼吁居民不要在公共场所吸烟，通过通俗易懂的讲解，让金桂辖区居民懂得吸烟的害处，还主动规劝身边亲人戒烟、禁烟，共同营造辖区健康良好的无烟环境。 下一步，金桂社区将常态化开展禁烟健康知识宣传教育活动，引导辖区居民养成健康文明的生活方式，在春节来临之际，共同营造一个“无烟、健康、绿色、环保、和谐的节前氛围”。 （审签：朱述耀 编审：童秀清 编辑：郝培炀）,云上硒都客户端,未知,2024-01-26 11:01:20,http://m.estv.com.cn/cms/v4/anonymous/api/app/content_detail_page.jspx?contentId=2787690,未知,控烟、戒烟,正面,未知
20240101128,“无烟佳节 与爱同行” | 进学校、赶大集……夏津县疾控中心开展系列控烟宣传活动,title: “无烟佳节 与爱同行” | 进学校、赶大集……夏津县疾控中心开展系列控烟宣传活动 content: “无烟佳节 与爱同行” | 进学校、赶大集……夏津县疾控中心开展系列控烟宣传活动 春节即将来临，为进一步营造无烟佳节氛围，提高居民对烟草危害的认识，引导公众践行文明健康的生活方式，1月11日始，夏津县疾控中心特别策划了“无烟佳节，与爱同行”一系列控烟宣传活动。 进学校，告诉孩子“拒吸第一支烟，做无烟新一代” 为了培养学生们的控烟意识，1月11日，夏津县疾控中心走进第六中学，开展以“小手牵大手，控烟一起走”为主题的讲座。活动现场，疾控工作人员通过生动有趣的讲解和互动游戏环节，引导学生们认识到吸烟的危害，树立正确的价值观和保持健康的生活方式，号召学生做“拒吸第一支烟，做无烟新一代”，同时倡导老师与我们携手共同营造无烟环境。 为更直观地帮助学生树立“拒吸第一支烟，做无烟新一代”的理念，1月12日，邀请夏津县第六中学学生参观学习青少年健康教育基地参观。疾控中心工作人员利用现场电子化设施，从吸烟者的肺脏情况、烟草产生的危害到无烟日的由来、倡导科学戒烟等板块，让学生们在掌握控烟知识的同时也能够感受到科学的魅力，鼓励广大青少年成为学校、家庭控烟监督员，促进无烟学校、无烟家庭建设。 率先垂范，清新两会 无烟同行 为营造健康文明的“两会”环境，1月18日，夏津县疾控中心走进“两会”现场，组织开展“无烟两会”宣传倡议活动。在两会委员和代表签到处和“两会”会场，疾控工作人员摆放控烟展板、放置宣传资料，向参会的委员和代表发放“无烟两会”倡议书和吸烟危害宣传手册，同时向参会委员和代表宣传禁烟知识、传播戒烟健康理念，呼吁参会的委员和代表率先垂范，引领社会健康新风尚，共同营造一个清新无烟的环境。“无烟两会”的开展受到与会人员的高度关注与赞成，达到了良好的禁烟宣传效果。 赶大集、进超市，控烟宣传接地气聚人气 新春即将来临，为打造无烟佳节的良好氛围，1月24日，县疾控中心工作人员走进双庙大集开展“无烟佳节与爱同行”控烟宣传活动。活动现场，工作人员发放控烟福字、红包及控烟宣传手册等，向大家讲解吸烟对健康的危害、分享戒烟的方法和技巧等，倡导居民过节不吸烟、不敬烟、不送烟，共度无烟健康佳节。通过这种接地气的方式，让更多的人了解到吸烟对自身和家人的危害，从而自觉抵制烟草，为改变“以烟为礼”的不良社会习俗，减少烟草消费和使用，降低烟草危害，守护家人健康起到了良好推动作用。 为进一步深化公众对烟草危害的认识，营造一个无烟、健康的公共环境，1月25日，疾控中心走进夏津德百，现场悬挂宣传条幅、控烟读本，工作人员向过往居民普及烟草对健康的危害以及如何科学戒烟等常识，发放控烟福字以及红包皮，在浓厚年味的包裹下，大力弘扬无烟健康过节文化，倡导过节不吸烟、不敬烟、不送烟，“对二手烟说不”，共度无烟健康佳节。 通过开展全方位、多角度的“无烟佳节，与爱同行”系列宣传活动，提高了公众对烟草危害的知晓率，增强了控烟意识，营造了共创共享无烟环境的良好社会氛围，为迎接一个清新、健康、快乐的春节蓄积了疾控力量！ 来源：夏津县疾病预防控制中心微信公众号,德州云客户端,未知,2024-01-26 09:53:11,http://h5.newaircloud.com/news_detail?newsid=23397648_dzy,未知,控烟、戒烟,正面,未知
20240101129,云梦道桥镇：无烟佳节，与爱同行,title: 云梦道桥镇：无烟佳节，与爱同行 content: 云梦道桥镇：无烟佳节，与爱同行 湖北日报客户端讯（通讯员孙鹏）吸烟不仅仅是危害吸烟者本人的健康，还对周围造成二手烟的危害。特别是青少年，青少年正处在生长发育时期，各生理系统、器官都尚未成熟，其对外界环境的有害因素的抵抗力较成人弱，易于吸收毒物，损害身体的正常生长。 在这新春佳节即将到来之际，亲朋好友聚会增多，吸烟问题也显得尤为突出，为提高青少年对吸烟危害的认知，倡导健康的生活方式，1月25日云梦县道桥镇卫生院组织开展青少年“无烟佳节与爱同行”控烟讲座。 活动现场，该院公卫科人员、为青少年发放宣传折页，讲解控烟重要意义及远离烟草的好处，倡导大家要增强自我控制力，自己抵制诱惑，降低吸烟率和尝试吸烟率，拒绝吸二手烟。 青少年们纷纷标识将共同携手起来，拒绝吸烟、拒绝吸二手烟，从现在做起，追求文明、健康、和谐的无烟生活方式，远离烟草危害，共筑无烟校园和无烟家园。,湖北日报客户端,未知,2024-01-26 09:50:16,http://news.hubeidaily.net/hbrbsharenew/index_share/5/2197404/1975140/0/0,未知,控烟,中性,未知
20240101131,临江市：开展“无烟佳节 与爱同行”直播宣传活动,"title: 临江市：开展“无烟佳节 与爱同行”直播宣传活动 content: 临江市：开展“无烟佳节 与爱同行”直播宣传活动 1月25日，临江市兴隆街道文成社区新时代文明实践站开展了“无烟佳节 与爱同行”直播宣传活动，进一步提升辖区居民禁烟意识，在辖区公共场所营造一个健康、清洁、无烟的环境。 活动中，主播对我国的烟民数量、吸烟现状、烟民向低龄化发展趋势以及二手烟对人体的危害等方面进行了详细的讲述，让辖区居民意识到吸烟不仅是对环境的破坏，还是对身边人的一种伤害，使其对控烟更加重视。同时还号召广大居民一起行动，弘扬无烟健康过节文化，倡导居民过节不吸烟、不敬烟、不送烟，“对二手烟说不”,共度无烟健康佳节。 来源：临江融媒",白山发布客户端,未知,2024-01-26 09:35:28,http://li1v-share.plus.jlntv.cn/folder9921/folder9923/folder9925/folder9933/2024-01-26/PonP5VaBRTjJUn0S.html,未知,控烟,正面,未知
20240101132,临江市：开展控烟宣传 共度无烟佳节,title: 临江市：开展控烟宣传 共度无烟佳节 content: 临江市：开展控烟宣传 共度无烟佳节 近日，临江市外事办开展无烟宣传活动，引导群众自觉践行文明健康绿色环保生活方式，共同营造春节健康无烟环境。 工作人员在人流密集场所和包保社区向群众发放传单，介绍烟的历史和吸烟的危害，呼吁他们不在公共场所、工作场所、公共交通工具内吸烟，拒绝二手烟。增强自我控制能力，自觉抵制诱惑，提高自身防控烟草危害意识和能力，以实际行动践行文明健康绿色环保生活方式，争当爱国卫生运动志愿者、控烟劝导员和监督员。 让我们共同行动起来，从自身做起、从现在做起，追求文明健康的生活方式，拒绝烟草危害，欢度无烟佳节。 来源：临江融媒,白山发布客户端,未知,2024-01-26 09:35:25,http://li1v-share.plus.jlntv.cn/folder9921/folder9923/folder9925/folder9933/2024-01-26/F7DhXlKTdEqAfgEZ.html,未知,控烟,中性,未知
20240101133,济南市莱芜区疾病预防控制中心开展“无烟佳节与爱同行”暨“艾滋病防治进社区”活动,title: 济南市莱芜区疾病预防控制中心开展“无烟佳节与爱同行”暨“艾滋病防治进社区”活动 content: 济南市莱芜区疾病预防控制中心开展“无烟佳节与爱同行”暨“艾滋病防治进社区”活动 齐鲁网·闪电新闻1月26日讯 1月24日下午，济南市莱芜区疾病预防控制中心在凤城街道孟花园社区万福小区开展“无烟佳节·与爱同行”暨“艾滋病防治进社区”的宣传活动。 活动现场，工作人员通过悬挂条幅、摆放展板、现场咨询、发放宣传折页及宣传用品等方式开展宣传。 通过“无烟家庭”“送烟就是送危害”“拒吸第一支烟，做无烟新一代”“早戒烟早受益”等有针对性的控烟宣传，向社区居民广泛科普了烟草危害，倡导“自己是健康的第一责任人”的理念，提倡大家过节不吸烟、不敬烟、不送烟，“对二手烟说不”，共度无烟健康佳节。 同时，大力宣传艾滋病防治知识，积极提高外出务工返乡人员及假期大学生等社区居民的艾滋病防治知识知晓率，使其增强自我防范意识，真正做到知“知艾防艾不恐艾”，不仅要关爱艾滋病人，也要做好自我防护，更要携手家人朋友共同参与全社会抗艾行动。 本次活动共发放宣传折页及宣传用品1600余份，解答群众咨询200余人，获得社区居民的一致好评。提高了居民对烟草危害和艾滋病的认识，引导居民养成健康文明的生活方式，共同营造一个无烟、健康、绿色、和谐的节日氛围。 （莱芜融媒记者：王月伶）,闪电新闻客户端,未知,2024-01-26 09:28:48,http://sdxw.iqilu.com/share/YS0yMS0xNTM0MjM1MA.html,未知,戒烟、控烟,正面,未知
20240101134,西山街道西山社区：无烟佳节 与爱同行,title: 西山街道西山社区：无烟佳节 与爱同行 content: 西山街道西山社区：无烟佳节 与爱同行 为进一步提高辖区居民对吸烟危害的认识，积极倡导大家共同营造健康无烟的社区环境，近日，西山社区开展以“无烟佳节与爱同行”为主题的控烟宣传活动。 活动现场，社区工作人员组织辖区居民代表在社区一楼会议室开展“无烟佳节与爱同行”活动会议，播放宣传演示ppt，向辖区居民宣传吸烟对人身的危害，并呼吁大家增强控烟戒烟意识，养成健康的生活习惯。过节不吸烟、不敬烟、不送烟，对二手烟说不，欢度无烟健康佳节。 通过本次宣传活动的开展，提高辖区居民对烟草危害的认识，营造了辖区控烟的良好氛围，为共享健康生活，共筑美丽健康社区打下了良好的基础。 （湖北日报客户端通讯员 李迎君）,湖北日报客户端,未知,2024-01-26 08:34:01,http://news.hubeidaily.net/hbrbsharenew/index_share/5/2182684/1962026/0/0,未知,控烟、控烟戒烟,中性,未知
20240101137,无烟佳节，与爱同行——践行文明健康绿色环保生活方式,title: 无烟佳节，与爱同行——践行文明健康绿色环保生活方式 content: 无烟佳节，与爱同行——践行文明健康绿色环保生活方式 新春佳节 走亲访友 人们互赠礼物表达祝福和心意 然而，这些仪式感满满的礼物中 请注意！请注意！请注意！ 我们倡议 不吸烟、不送烟、不敬烟，不劝烟 走亲访友，亲朋聚会，文明交往，不吸烟，不送烟，不敬烟，不劝烟。 依法维护不受二手烟危害的健康权益 不在公共场所吸烟，敢于向二手烟说“不”，积极依法维护自身的健康权。 关爱青少年 引导青少年拒绝第一支烟 引导青少年从拒绝吸第一支烟开始，做一名无烟健康新青年！共同关心青少年健康成长。 远离烟味 让爱更亲近 积极倡导“无烟家庭”、“无烟佳节”、“送烟=送危害”的理念；改变“以烟为礼”的不良社会习俗，减少烟草消费和使用；多一些陪伴和情感交流，远离烟味，让爱更亲近。 END 来源：云南控烟YN 编辑：杨静华 审核：熊朝松,水富融媒客户端,未知,2024-01-26 00:00:00,http://appsf.ccwb.cn/news/202401/202401260944503AAXF8.html,未知,控烟,中性,未知
20240101138,莱芜区疾病预防控制中心开展“无烟佳节与爱同行”活动,title: 莱芜区疾病预防控制中心开展“无烟佳节与爱同行”活动 content: 莱芜区疾病预防控制中心开展“无烟佳节与爱同行”活动 1月24日下午，济南市莱芜区疾病预防控制中心在凤城街道孟花园社区万福小区开展“无烟佳节·与爱同行”暨“艾滋病防治进社区”的宣传活动。 活动现场，工作人员通过悬挂条幅、摆放展板、现场咨询、发放宣传折页及宣传用品等方式开展宣传。 通过“无烟家庭”“送烟就是送危害”“拒吸第一支烟，做无烟新一代”“早戒烟早受益”等有针对性的控烟宣传，向社区居民广泛科普了烟草危害，倡导“自己是健康的第一责任人”的理念，提倡大家过节不吸烟、不敬烟、不送烟，“对二手烟说不”，共度无烟健康佳节。 同时，大力宣传艾滋病防治知识，积极提高外出务工返乡人员及假期大学生等社区居民的艾滋病防治知识知晓率，使其增强自我防范意识，真正做到知“知艾防艾不恐艾”，不仅要关爱艾滋病人，也要做好自我防护，更要携手家人朋友共同参与全社会抗艾行动。 本次活动共发放宣传折页及宣传用品1600余份，解答群众咨询200余人，获得社区居民的一致好评。提高了居民对烟草危害和艾滋病的认识，引导居民养成健康文明的生活方式，共同营造一个无烟、健康、绿色、和谐的节日氛围。（莱芜融媒记者：王月伶） 壹点号新莱芜,齐鲁壹点客户端,未知,2024-01-25 22:27:08,http://m.ql1d.com/new/general/23092615,未知,戒烟、控烟,正面,未知
20240101139,济南市莱芜区疾控中心党总支组织入党积极分子开展志愿服务活动,title: 济南市莱芜区疾控中心党总支组织入党积极分子开展志愿服务活动 content: 济南市莱芜区疾控中心党总支组织入党积极分子开展志愿服务活动 1月24日下午，莱芜区疾病预防控制中心党总支组织入党积极分子到党员“双报到”联系点孟花园社区开展“莱疾控”志愿服务活动，进行艾滋病防治、麻风病防治、控烟健康宣传活动。 活动现场，通过悬挂条幅、摆放展板、现场咨询、发放宣传折页及宣传用品等方式开展宣传。志愿者们向广大居民讲解如何正确了解艾滋病、艾滋病的传播途径以及预防性病的措施；麻风病的传播途径、主要表现、流行情况、危害及预防措施；宣传吸烟的危害、戒烟的益处以及如何科学戒烟等常识。本次活动共发放宣传折页及宣传用品1900余份，解答群众咨询300余人，提高了公众健康意识和自我保护能力，消除了公众心理障碍，对居民的家庭和睦、社区的和谐发展与推进社区艾滋病防治、麻风病防治、控烟宣传工作起到了积极的促进作用。 通过此次活动的开展，进一步坚定了入党积极分子的理想信念，提高了党性觉悟，增强了政治意识。入党积极分子们纷纷表示，在今后的工作中，将切实践行入党承诺，积极参与党员志愿服务活动，按时完成党组织交付的各项任务，进一步增强服务意识，发扬我党的优良传统，为民做事，多做实事，争取早日成为一名合格的中共党员。（莱芜融媒记者：王月伶） 壹点号新莱芜,齐鲁壹点客户端,未知,2024-01-25 21:57:20,http://m.ql1d.com/new/general/23092535,未知,控烟、戒烟,正面,未知
20240101140,厚村乡开展控烟健康教育主题活动,title: 厚村乡开展控烟健康教育主题活动 content: 厚村乡开展控烟健康教育主题活动 为努力营造健康文明育人环境，保护青少年身心健康。1月24日，厚村乡利用好中小学放假前最后一节课开展控烟健康教育主题班会。 班会上，老师以“保护青少年远离传统烟草产品和电子烟”为主题，向学生普及吸烟的危害性，提高了学生的控烟意识，并发放控烟宣传册130余份，倡议学生们踊跃参加春节控烟家庭宣传活动，以健康小卫士的身份，把烟草的危害、二手烟危害等控烟科普知识带回家。 下一步，厚村乡将在节假日健康讲座和义诊活动中组织开展形式多样，群众互动性良好的控烟科普宣传，助力民众健康素养水平提升。 文/图：厚村乡 编辑：任楚涵 责任编辑：衷傲静 监制：宁浩 总监制：尧志强 编辑:宁浩,黎川发布客户端,未知,2024-01-25 21:31:58,http://m.jxxw.com.cn/v4/index.php?c=Web_News&channleId=10922&contentid=130690493&m=news_detail_v5&siteId=55,未知,控烟,正面,未知
20240101141,小渡船街道：无烟佳节 与爱同行,title: 小渡船街道：无烟佳节 与爱同行 content: 小渡船街道：无烟佳节 与爱同行 湖北日报客户端讯（通讯员 田学国 赵艳）1月25日，小渡船街道围绕烟草烟雾危害、吸烟有害健康、控烟制度等内容，开展“无烟佳节与爱同行”为主题的宣传教育培训。 新春佳节即将来临，小渡船街道紧抓春节时间节点，大力弘扬无烟健康过节文化，在机关办公场所认真开展禁烟自查自纠，发现问题及时整改。通过全方位、多角度控烟宣传教育，提升无烟党政机关建设成果巩固提升，引导干部职工不吸烟、主动戒烟，自觉做控烟宣传者和倡导者。 目前，共发放控烟等各类健康教育宣传资料200余份。 下一步，该街道将开展全方位、多角度的控烟宣传教育，积极组织控烟服务专家走进乡村和居民小区，宣讲吸烟和二手烟的危害，提升大家的戒烟意愿，倡导过节不吸烟、不敬烟、不送烟，对二手烟说不，共度无烟健康佳节。,湖北日报客户端,未知,2024-01-25 17:35:38,http://news.hubeidaily.net/hbrbsharenew/index_share/5/2195297/1973181/0/0,未知,控烟、戒烟,中性,未知
20240101142,湛江一学生作品获评全国控烟绘画优秀作品,title: 湛江一学生作品获评全国控烟绘画优秀作品 content: 湛江一学生作品获评全国控烟绘画优秀作品 近日，在国家卫生健康委办公厅和教育部办公厅联合组织开展的青少年控烟绘画征集活动中，广东省有4幅作品（全国50幅）获全国中学组控烟绘画优秀作品奖。其中，湛江市第二中学高二（5）班吴静萱同学的控烟漫画作品《嗜与噬》（指导教师：黎明）入选。 据主创人员介绍，《嗜与噬》主要描绘了以下场景：在一间昏暗的屋内烟雾弥漫，香烟的火星犹如妖魔的眼睛在窥视着一切。一个已化作烟灰的男人被埋在烟头之下，伸手挽留自己的妻儿，但她们却头也不回地朝屋外走去。嗜烟如命者，被吞噬的除了自己的健康和生命，还有家人的健康，最终将对家庭造成无法挽回的后果。 据了解，在省卫生健康委、省教育厅近日联合开展的“绘少年力量，画无烟未来”青少年控烟绘画作品征集活动中，湛江市共获得小学组二等奖1个、三等奖3个，中学组一等奖1个、二等奖1个、三等奖2个；吴静萱同学获奖的作品也是我省中学组一等奖由省向国家推荐的画作。 在本次比赛中，湛江市积极组织，通过讲好作品背后的控烟故事，做好优秀作品的宣传，积极宣传吸烟危害，广泛传播控烟理念，加强统筹策划，更有针对性地开展控烟科普宣传引导，倡导文明健康绿色环保生活方式，深入推进健康湛江建设。 南方+记者 林日清 通讯员 支宏超,南方Plus客户端,林日清,2024-01-25 16:43:00,http://static.nfapp.southcn.com/content/202401/25/c8541391.html,未知,控烟,正面,未知
20240101144,【新时代文明实践志愿服务活动】铁路坝社区：无烟佳节 与爱同行,title: 【新时代文明实践志愿服务活动】铁路坝社区：无烟佳节 与爱同行 content: 【新时代文明实践志愿服务活动】铁路坝社区：无烟佳节 与爱同行 本网讯（通讯员 毛艳琴）佳节将至，为进一步推动控烟工作的开展，1月23日下午，西陵街道新时代文明实践志愿服务支队、铁路坝社区新时代文明实践志愿服务分队在西陵花园小区开展以主题为“无烟佳节 与爱同行”。 活动中，社区志愿者向居民发放“吸烟有害健康”的控烟宣传册70余份，并通过控烟知识问答环节，向居民科普控烟知识，避免烟草危害的主要办法就是不吸烟，抽烟者尽早戒烟，倡导居民朋友过节不吸烟，不敬烟，不送烟，为了家人和自己的健康，自觉做到不抽烟，不在公共场所吸烟，“对二手烟说不”，共度无烟健康佳节。 通过本次活动，有效地增强居民对吸烟危害的认识，引导居民养成健康的生活方式，大力弘扬无烟健康过节文化。 审核人：宋兰英,三峡云客户端,杜薇,2024-01-25 15:26:56,http://site.ycrmt.cn/zj/web/Details?id=985352,未知,控烟、戒烟,中性,未知
20240101145,永靖县开展“无烟佳节 与爱同行”宣传活动,title: 永靖县开展“无烟佳节 与爱同行”宣传活动 content: 永靖县开展“无烟佳节 与爱同行”宣传活动 为进一步推动控烟工作，引导群众践行文明健康绿色环保生活方式，营造佳节无烟氛围，1月24日，县卫健局组织县人民医院、中医院、妇保院、康盛慈民医院、刘家峡镇社区卫生服务中心在太极文化广场集中开展“无烟佳节 与爱同行”控烟宣传活动。 此次活动共组织30余名医务人员为广大群众开展了“无烟佳节 与爱同行”的主题宣传活动，现场通过发放宣传册、义诊咨询和免费量血压、测血糖、发放药品等方式，让大家详细了解了吸烟有害健康的相关知识。 各乡镇卫生院在各自辖区同步开展主题宣传活动。活动现场共悬挂横幅30条，展出健康知识和政策展板128块，发放宣传册10300份，得到广大群众的一致称赞。 来源：永靖县卫健局 编辑：马英安 责编：褚宗仁 审核：曲磊 甘荣凤 何春娇,新永靖客户端,未知,2024-01-25 15:12:43,http://nginx-yjx.newgsclouds.com/yjx/site3/resource/app/template/router/index.html?data=eyJhcnRpY2xlSWQiOjIzODQyMSwicm9vdFVybCI6Imh0dHBzOi8vd2FuLXlqeC5uZXdnc2Nsb3Vkcy5jb20vdjEvIiwiYXJ0aWNsZVR5cGUiOjAsImNvbElkIjoxNywic2l0ZUlkIjozLCJsaW5rSWQiOjAsImlzU2hhcmUiOnRydWUsInN5c3RlbVR5cGUiOjAsImFwcFZlcnNpb24iOiIzLjEuMyIsInVzZXJJZCI6IjAiLCJ1c2VyTmFtZSI6bnVsbCwiYXBwSWQiOiIyIn0=,未知,控烟,正面,未知
20240101146,考县政务服务和大数据管理局 开展“无烟佳节 与爱同行”主题宣传活动,title: 考县政务服务和大数据管理局 开展“无烟佳节 与爱同行”主题宣传活动 content: 考县政务服务和大数据管理局 开展“无烟佳节 与爱同行”主题宣传活动 为进一步引导我局干部职工践行文明健康、绿色环保的生活方式，营造无烟、健康、舒适的工作环境，1月15日，兰考县政务服务和大数据管理局积极开展了“无烟佳节、与爱同行”主题宣传活动。呼吁大家行动起来，支持控烟、参与控烟、积极推进控烟行动，建设无烟环境，树立健康向上的社会风尚，享受无烟佳节。 活动中，我局志愿者通过政务大厅LED显示屏，滚动播放无烟佳节倡议书、发放宣传彩页、现场讲解等形式，向办事群众及工作人员宣传普及烟草危害知识，大力弘扬无烟健康过节文化，倡导“送烟=送危害”，同时，还着重强调了青少年远离烟草的重要性，呼吁家长们要引导孩子树立正确的价值观和健康观念，动员广大办事群众和工作人员主动养成合理膳食、适量运动、戒烟限酒、心理平衡等健康生活方式和生活习惯，营造讲文明、铸健康的良好风尚。 此次活动，普及了控烟禁烟重要性，增强了群众和工作人员的控烟戒烟意识，让践行文明健康绿色环保生活方式的理念深入人心，让更多的群众积极参与到控烟行动和营造“双节”无烟氛围的行动中来，自觉成为控烟行动的宣传者、践行者。 此次活动，普及了控烟禁烟重要性，增强了群众和工作人员的控烟戒烟意识，让践行文明健康绿色环保生活方式的理念深入人心，让更多的群众积极参与到控烟行动和营造“双节”无烟氛围的行动中来，自觉成为控烟行动的宣传者、践行者。,云上兰考客户端,未知,2024-01-25 15:05:53,http://lankao.dxhmt.cn/api/page/goPage?type=2&objectId=b328b44f0b0e4c93ab46b731de538f2e,未知,控烟、戒烟、控烟戒烟,正面,未知
20240101148,公益宣传 | 禁烟控烟，从你我做起,title: 公益宣传 | 禁烟控烟，从你我做起 content: 公益宣传 | 禁烟控烟，从你我做起控烟宣传吸烟被世界卫生组织（WHO）称为人类“第五种威胁”（前四种是战争、饥荒、瘟疫、污染）。据报道，目前全国每天有2000余人死于吸烟，预计到2050年将增至8000人。有些人可能在想，我烟瘾并不大，也并非每天都在抽，是不是对身体就没有那么大伤害了？实际上我们对吸烟的理解有很多误区，今天就给大家一一说说。吸烟的危害烟草的烟雾中至少含有三种危险的化学物质：焦油，尼古丁和一氧化碳。焦油是好几种物质的混合物，在肺中会浓缩成一种粘性物质。尼古丁是一种会使人成瘾的药物，由肺部吸收，主要是对中枢神经系统发生作用。一氧化碳能减低红细胞将氧输送到全身的能力。吸烟是导致慢性支气管炎和肺气肿的主要原因，而慢性肺部疾病本身也增加了罹患肺炎、心脏病和高血压的危险。被动吸烟及对儿童健康的危害被动吸烟指生活和工作在吸烟者周围的人们，不自觉地吸进烟雾尘粒和各种有毒物质。据国际性的抽样调查证实，吸烟致癌患者中的50%是被动吸烟者。吸烟家庭儿童患呼吸道疾病的比不吸烟家庭儿童患呼吸道疾病的要多。相对于一手烟，二手烟对于儿童的伤害是更大的。第一是会增加导致婴儿在不明原因的情况下死亡的概率；第二是导致刚出生的婴幼儿体重低于标准值；第三是导致儿童的耳朵频繁感染炎症，中耳炎较为多见；第四是导致儿童的肺部、支气管感染炎症，患支气管炎、肺炎、哮喘、咳嗽等疾病；第五是对于儿童时期处于二手烟环境下的儿童，他们成年后的身体健康也会受到影响。如果儿童与一些吸烟人士同住的话，他们的呼吸系统会较容易受到感染。即使室内通风环境非常好，也不能完全避免二手烟对儿童的伤害，空气净化器也不能完全将二手烟中的有害成分清除。从全世界范围的调查显示，每10个儿童，就有5个儿童处于二手烟环境中。而烟草燃烧后的烟雾有上千种有害物质，已经确定的是60多种有害成分可以致癌，其中尼古丁，一氧化碳，砷，氰化物等有害物质最为严重，可以直接进入儿童身体中。戒烟的好处研究发现，戒烟1年后冠心病患者死亡的危险大约可减少一半，而且随着戒烟时间的延长会继续降低，戒烟15年后，冠心病患者死亡的绝对风险将与从未吸烟者相似；戒烟和防止二手烟暴露是防治慢性阻塞性肺疾病（简称慢阻肺）的最重要手段；戒烟还可以减少脑卒中、外周血管性疾病、肺炎及胃、十二指肠溃疡的发病率和死亡率。因此，戒烟是治疗各种吸烟相关疾病的重要组成部分，戒烟还可减少周围人群尤其是家人和同事二手烟暴露的危害，与继续吸烟者相比，戒烟者更少有疾病和残疾。戒烟20 分钟因吸烟而升高波动的血压就会平稳下降，加快的心率也会逐渐平缓。戒烟 12 小时机体内一氧化碳含量就会明显降低。戒烟 2～3 星期心脏泵血功能和肺功能开始提升，这时候爬楼、锻炼，都会觉得比吸烟时轻松很多。戒烟 1～9 个月咳嗽和气短的情况有明显的改善，呼吸开始变得顺畅。干咳、咳痰无力的状况减少，肺部感染风险显著降低。戒烟 1 年因吸烟所增加的冠心病风险降低 50%。戒烟 5 年因吸烟所增加的口腔癌、喉癌、食管癌以及膀胱癌等风险降低 50%，中风和宫颈癌的风险降低至平均水平。戒烟 10 年因肺癌而死亡的风险降低至平均水平，喉癌、胰腺癌风险下降明显。戒烟 15 年冠心病死亡风险降低，虽然曾经吸烟，但戒烟时间这么长的时候，危险就会降到跟没有吸烟的人接近。其实，只要放下手指间的烟卷，身体可观的变化，甚至在短短十几分钟内就能显现。生活里我们都知道吸烟有害健康为了你我控烟宣传势在必行来源：益阳市科技馆,网易新闻客户端,十二师在线,2024-01-25 13:27:00,http://3g.163.com/all/article/IPA5BIAP0534M306.html,未知,控烟、戒烟,中性,未知
20240101149,我市学生作品获评全国控烟绘画优秀作品,title: 我市学生作品获评全国控烟绘画优秀作品 content: 我市学生作品获评全国控烟绘画优秀作品 1月25日，记者从市教育局了解到，在国家卫生健康委办公厅和教育部办公厅联合组织开展的青少年控烟绘画征集活动中，湛江市第二中学高二（5）班吴静萱同学的控烟漫画作品《嗜与噬》，经层层筛选，获评全国控烟绘画优秀作品（指导教师：黎明），广东省有4幅作品（全国50幅）获全国中学组控烟绘画优秀作品奖。 吴静萱同学和黎明老师。 据了解，省卫生健康委、省教育厅近日联合开展的“绘少年力量，画无烟未来”青少年控烟绘画作品征集活动，我市共获得小学组二等奖1个、三等奖3个，中学组一等奖1个、二等奖1个、三等奖2个；吴静萱同学获奖的作品也是我省中学组一等奖由省向国家推荐的画作。 我市积极参加控烟绘画比赛，积极宣传吸烟危害，有针对性地开展控烟科普宣传引导，倡导文明健康绿色环保生活方式，深入推进健康湛江建设。 获奖作品《嗜与噬》。作品创意说明：昏暗的屋内烟雾弥漫，香烟的火星犹如妖魔的眼睛在窥视着一切。一个已化作烟灰的男人被埋在烟头之下，伸手挽留自己的妻儿，但她们却头也不回地朝屋外走去。嗜烟如命者，被吞噬的除了自己的健康和生命，还有家人的健康，最终将对家庭造成无法挽回的后果。,湛江云媒客户端,未知,2024-01-25 12:37:23,http://m.gdzjdaily.com.cn/p/2873580.html,未知,控烟,正面,未知
20240101150,#贯彻二十大辽宁在行动##振兴新突破辽宁杠杠滴#为进一步推动控烟工作深入开展，引导群众践行文明健康绿色环保生活方式，营造新春佳节无烟氛围，市爱卫办在全市组织开展“无烟佳节 与爱同行”专项行动，为市民欢度佳节提供健康环境。  据了解，各级党政机关将按照《无烟党政机关建设指南》要求，开展无烟机...,title: #贯彻二十大辽宁在行动##振兴新突破辽宁杠杠滴#为进一步推动控烟工作深入开展，引导群众践行文明健康绿色环保生活方式，营造新春佳节无烟氛围，市爱卫办在全市组织开展“无烟佳节 与爱同行”专项行动，为市民欢度佳节提供健康环境。 据了解，各级党政机关将按照《无烟党政机关建设指南》要求，开展无烟机... content: #贯彻二十大辽宁在行动##振兴新突破辽宁杠杠滴#为进一步推动控烟工作深入开展，引导群众践行文明健康绿色环保生活方式，营造新春佳节无烟氛围，市爱卫办在全市组织开展“无烟佳节 与爱同行”专项行动，为市民欢度佳节提供健康环境。 据了解，各级党政机关将按照《无烟党政机关建设指南》要求，开展无烟机...#贯彻二十大辽宁在行动##振兴新突破辽宁杠杠滴#为进一步推动控烟工作深入开展，引导群众践行文明健康绿色环保生活方式，营造新春佳节无烟氛围，市爱卫办在全市组织开展“无烟佳节 与爱同行”专项行动，为市民欢度佳节提供健康环境。&lt;br / &lt;br / 据了解，各级党政机关将按照《无烟党政机关建设指南》要求，开展无烟机关建设自查自纠，开展全方位、多角度的控烟宣传教育，引导干部不吸烟、主动戒烟，主动做控烟宣传者和倡导者，巩固无烟党政机构建设成果。各级各类学校将无烟健康过节文化、共度无烟健康佳节作为“健康教育进校园”活动重要内容，引导学生认识烟草危害，了解控烟核心知识。帮助青少年树立“拒吸第一支烟，做无烟新一代”的理念，做学校、家庭控烟监督员，开展“小手拉大手”活动，劝导家长不吸烟，主动戒烟，为青少年健康成长作表率，促进无烟学校、无烟家庭建设。医疗机构发挥戒烟门诊作用，向患者讲解宣传吸烟及二手烟危害，提升吸烟患者的戒烟意愿，提供免费戒烟咨询，提高戒烟成功率，实现居民戒烟“零距离”。&lt;br / &lt;br / 据市爱卫办工作人员介绍，研究表明，烟草含有尼古丁等4000多种有害物质，是肺癌等多种疾病的致病因素。因此，倡导市民春节期间共建无烟健康环境，走亲访友、亲朋聚会自觉做到不送烟、不敬烟，营造文明健康的节日氛围。劝导吸烟者为了自身健康和亲人健康主动戒烟，可使用“中国戒烟平台”微信小程序，学习安全有效的网络戒烟服务信息。（大连日报）,百度新闻客户端,西岗力量,2024-01-25 11:41:40,http://mbd.baidu.com/newspage/data/dtlandingsuper?nid=dt_3956275899655121599&sourceFrom=homepage,未知,控烟、戒烟,正面,未知
20240101153,临江市：开展“无烟佳节·与爱同行”宣传活动,title: 临江市：开展“无烟佳节·与爱同行”宣传活动 content: 临江市：开展“无烟佳节·与爱同行”宣传活动 近日，临江市苇沙河镇妇联联合镇机关党员、镇社工人员开展了“无烟佳节·与爱同行”宣传活动。 活动中，镇妇联组织干部职工通过观看《无烟佳节·与爱同行》宣传片、《科学解决“戒烟难”》等视频，提高干部职工对吸烟以及二手烟危害的重视程度，呼吁吸烟者主动戒烟，号召全体干部职工一起行动，投入到禁烟以及志愿劝阻吸烟活动中去，持续保持办公环境无烟状态，同时做好外来人员的禁烟解释和劝导行为，营造控烟戒烟良好氛围。 为进一步扩大宣传范围，提升宣传效果，镇工作人员和志愿者们还通过入户宣传、发放戒烟科普宣传单等方式，向辖区居民详细讲解吸烟和被动吸烟的危害、可能导致的疾病以及如何进行控烟、戒烟，号召辖区群众一起行动，大力弘扬无烟健康过节文化，倡导不吸烟、不敬烟、不送烟，“对二手烟说不”，引导群众主动戒烟，做控烟的支持者和引导者，共同维护良好的生活环境。 此次活动的开展营造了良好的控烟舆论氛围，提高了全镇干部职工及辖区群众对控烟的意识，促使更多的人积极参与到控烟行动和营造无烟氛围的行动中来，自觉成为控烟行动的宣传者、践行者，为共建美好生活贡献力量。 来源：临江融媒,白山发布客户端,未知,2024-01-25 10:09:47,http://li1v-share.plus.jlntv.cn/folder9921/folder9923/folder10325/2024-01-25/t86WDeWVmESslmEd.html,未知,戒烟、控烟戒烟、控烟,正面,未知
20240101155,“无烟佳节 与爱同行”｜德城区疾控中心到二屯镇大集开展健康宣讲活动,title: “无烟佳节 与爱同行”｜德城区疾控中心到二屯镇大集开展健康宣讲活动 content: “无烟佳节 与爱同行”｜德城区疾控中心到二屯镇大集开展健康宣讲活动 齐鲁网·闪电新闻1月25日讯 为提高广大居民健康防病意识，倡导无烟健康生活方式。1月24日，恰逢新春佳节来临之际，德城区疾病预防控制中心联合二屯镇卫生院开展“健健康康过大年——无烟佳节 与爱同行”主题健康宣讲活动。 现场通过悬挂横幅、设置健康宣传展架、发放无烟佳节福字、红包、烟草伤害心脏控烟宣传册、健康素养66条和居民进行问答互动等形式开展健康知识传播。向广大居民科普吸烟对身体的危害和戒烟小技巧，倡导过节不吸烟、不敬烟、不送烟，拒绝二手烟，共度无烟健康佳节。本次活动发放5种健康宣传手册共500份、4种健康宣传品900份，设置控烟宣传展板6块。 通过开展形式多样的控烟宣传活动，让更多人认识到烟草对健康的危害，对“吸烟”和“被动吸烟”说不，共创共享无烟环境。下一步，德城区疾控中心将持续深入在社区、公共场所继续开展“无烟佳节与爱同行”健康宣传活动，希望广大居民接受“无烟佳节”、“送烟等于送危害”的健康生活理念，远离烟草、乐享佳节。 编辑 郭晓璇,闪电新闻客户端,未知,2024-01-25 09:38:13,http://sdxw.iqilu.com/share/YS0yMS0xNTMzOTcwMA.html,未知,控烟、戒烟,正面,未知
20240101156,岑巩县㵲水街道：健康过佳节 无烟迎龙年,title: 岑巩县㵲水街道：健康过佳节 无烟迎龙年 content: 岑巩县㵲水街道：健康过佳节 无烟迎龙年 为进一步提高社区居民文明素质，营造健康、清洁、无烟的社区生活环境，1月24日，岑巩县㵲水街道大园社区在辖区内开展入户控烟宣传活动。 在活动中社区工作人员通过多种方式，如宣传普及、发放资料等，向辖区居民宣传禁烟控烟的必要性，阐明长期吸烟的危害，讲解烟草中有害成分、二手烟对家人健康的影响等知识，尤其是老年人吸烟会引发多种慢性疾病，劝诫广大社区居民远离烟草尽早戒烟，营造无烟环境，号召大家从自己做起，从身边做起，不吸烟、不吸二手烟、不在公共场所吸烟，不随地乱扔烟头。倡导居民积极参与全民健康、文明城市创建活动，共建文明和谐家园。 通过此次控烟禁烟宣传活动，社区居民对吸烟的危害有了更深的了解，控烟意识也得到了提高，大家纷纷表示，懂得了控烟就等于关爱自己，关爱他人，控烟禁烟要从自身做起，并带动周边人一起共享健康生活，共建无烟环境。下一步，大园社区将把“健康过佳节 无烟迎龙年”的口号传递到每家每户，争取做到人人不吸烟，人人去控烟。 通讯员 杨贵闽 编辑 杨爱梅 二审 李昌焯 三审 张 超,天眼新闻客户端,未知,2024-01-25 09:00:00,http://share.eyesnews.cn/news/news-news_detail-news_id-11515116378600.html,未知,控烟、戒烟,中性,未知
20240101157,莱芜区疾病预防控制中心开展“无烟佳节与爱同行”暨“艾滋病防治进社区”活动,title: 莱芜区疾病预防控制中心开展“无烟佳节与爱同行”暨“艾滋病防治进社区”活动 content: 莱芜区疾病预防控制中心开展“无烟佳节与爱同行”暨“艾滋病防治进社区”活动 济南广电·天下泉城客户端1月25日讯 1月24日下午，济南市莱芜区疾病预防控制中心在凤城街道孟花园社区万福小区开展“无烟佳节·与爱同行”暨“艾滋病防治进社区”的宣传活动。 活动现场，工作人员通过悬挂条幅、摆放展板、现场咨询、发放宣传折页及宣传用品等方式开展宣传。 通过“无烟家庭”“送烟就是送危害”“拒吸第一支烟，做无烟新一代”“早戒烟早受益”等有针对性的控烟宣传，向社区居民广泛科普了烟草危害，倡导“自己是健康的第一责任人”的理念，提倡大家过节不吸烟、不敬烟、不送烟，“对二手烟说不”，共度无烟健康佳节。 同时，大力宣传艾滋病防治知识，积极提高外出务工返乡人员及假期大学生等社区居民的艾滋病防治知识知晓率，使其增强自我防范意识，真正做到知“知艾防艾不恐艾”，不仅要关爱艾滋病人，也要做好自我防护，更要携手家人朋友共同参与全社会抗艾行动。 本次活动共发放宣传折页及宣传用品1600余份，解答群众咨询200余人，获得社区居民的一致好评。提高了居民对烟草危害和艾滋病的认识，引导居民养成健康文明的生活方式，共同营造一个无烟、健康、绿色、和谐的节日氛围。 来源：新莱芜客户端 编辑：莱芜区,天下泉城客户端,未知,2024-01-25 00:00:00,http://txqc.tianxiaquanchengapp.com/quancheng/pages/details/details.html?docid=65b26b6476914e243d6a3c79,未知,戒烟、控烟,正面,未知
20240101158,七里坪街道初级中学：无烟佳节 与爱同行,title: 七里坪街道初级中学：无烟佳节 与爱同行 content: 七里坪街道初级中学：无烟佳节 与爱同行 湖北日报客户端讯（通讯员方双玲 吴艳锋 刘代兴）“无烟佳节 与爱同行”“无烟，为成长护航”“拒吸第一支烟，做不吸烟新一代”。1月24日，恩施市七里坪街道初级中学利用放假前最后一节课上，各班班主任在召开寒假综合教育暨家长会时，推心置腹地向全体家长发出倡议，积极引导家长不吸烟、主动戒烟，为青少年健康成长作表率，并通过“小手牵大手”的辐射作用，积极践行“爱国卫生运动”的号召，共同为建设无烟学校、无烟家庭贡献力量。 活动前，学校安排禁止吸烟劝导员和护校队成员在校门口进行“无烟佳节 与爱同行”宣传和灭烟的劝导、戒烟的倡导，确保校内及学校周边无吸烟现象；活动中，学校对各班的禁烟劝导员进行培训，并号召全体同学共同参与到“无烟佳节 与爱同行”的文明过节的行动中去；最后，各班还分别在主题班会和家长会上宣传吸烟的危害，委托家长们帮助自己的孩子深刻认识到烟草中多种有害成分、对人体各个器官的损害以及烟草对青少年成长发育的危害等，引导家长、学生深刻认识到控烟的重要性，号召同学们“拒吸第一支烟，做不吸烟新一代”，倡导有吸烟行为的家长们积极践行“无烟佳节 与爱同行”“无烟，为成长护航”，给同学们的健康成长作好表率。 据悉，该校按照七里坪街道团委、七里坪社区卫生服务中心的倡议，依托“小手牵大手·文明一起走”的辐射作用，结合创文创卫工作通过召开了禁止吸烟的主题班会和家长会，号召同学们带动家人一起参与到控烟行动中去，践行“爱国卫生运动”中关于禁烟和健康宣教的要求，共同营造家校协同、全民携手、共同控烟的良好氛围，为共建无烟环境、共享健康生活打下坚实的基础，为文明过节、健康过节凝聚力量。,湖北日报客户端,未知,2024-01-24 22:59:58,http://news.hubeidaily.net/hbrbsharenew/index_share/5/2191610/1970016/0/0,未知,戒烟、控烟,中性,未知
20240101161,淅川县大石桥乡卫生院开展：“无烟佳节、与爱同行”进校园活动,title: 淅川县大石桥乡卫生院开展：“无烟佳节、与爱同行”进校园活动 content: 淅川县大石桥乡卫生院开展：“无烟佳节、与爱同行”进校园活动为进一步推动控烟工作开展，引导群众践行文明健康绿色环保生活方式，1月24日，淅川县大石桥乡卫生院开展了“无烟佳节、与爱同行”控烟进校园活动，进一步普及了烟草危害知识教育，号召学生从小做起、从现在做起，拒绝吸烟、远离烟草。活动现场，公共卫生科人员为学生发放宣传折页，随后医护人员为学校师生讲解控烟重要意义及远离烟草的好处，倡导大家要做“自己健康第一责任人”，增强自我控制能力，自觉抵制诱惑，降低吸烟率和尝试吸烟率。同学们纷纷表示，将共同携起手来，“拒吸第一支烟 做无烟新一代”，从自己做起，从现在做起，追求文明、健康、和谐的无烟生活方式，远离烟草危害，共同建设无烟校园。（李玉珊）,网易新闻客户端,时代报告,2024-01-24 17:26:00,http://3g.163.com/all/article/IP80TEVV0530TV08.html,未知,控烟,正面,未知
20240101162,玉兰社区：无烟佳节 与爱同心,title: 玉兰社区：无烟佳节 与爱同心 content: 玉兰社区：无烟佳节 与爱同心 为进一步推动控烟工作开展，引导居民践行文明健康绿色环保生活方式，营造春节无烟氛围。1月24日，玉兰社区在辖区内开展“无烟佳节 与爱同行”专项宣传活动。 社区网格员发放宣传资和微信群等多种形式宣传戒烟控烟常识，向居民详细讲解了吸烟和被动吸烟的危害、吸烟导致的疾病、吸烟带来的空气污染，引导辖区居民群众增强控烟戒烟意识。 一审 陈红 二审 马维娜 三审 谢隽,甬派客户端,未知,2024-01-24 16:58:56,http://ypapp.cnnb.com.cn/yongpai-news/api/news/detail?newsId=65b0d046e4b009ea26b9cc4a,未知,控烟、戒烟控烟、控烟戒烟,中性,未知
20240101163,控烟宣传|烟草依赖是一种慢性高复发性疾病,title: 控烟宣传|烟草依赖是一种慢性高复发性疾病 content: 控烟宣传|烟草依赖是一种慢性高复发性疾病,昆明五华客户端,未知,2024-01-24 16:43:04,http://yun.rmt.kmzscc.com/art-914563.html,未知,控烟,中性,未知
20240101164,【新时代文明实践】胜利街道开展“烟头不落地 城市更美丽”宣传活动,title: 【新时代文明实践】胜利街道开展“烟头不落地 城市更美丽”宣传活动 content: 【新时代文明实践】胜利街道开展“烟头不落地 城市更美丽”宣传活动 近日，胜利街道组织开展“烟头不落地 城市更美丽”宣传活动，志愿者拿着工具清理辖区内小区、商业街、市场等周边的烟蒂，并向过往的行人、社区居民发放禁烟宣传材料，宣传控烟知识，从源头上减少吸烟，有效提高居民控烟意识，打造文明整洁的城市环境。 供稿：姚明明 编辑：李悦 责编：杨雪冰 监制：曹铁权,桦甸融媒客户端,未知,2024-01-24 15:47:42,http://0pa2-share.plus.jlntv.cn/folder6824/folder6826/folder8121/2024-01-24/thVQgY232331eThJ.html,未知,控烟,正面,未知
20240101165,郑州市管城回族区星火路小学：无烟佳节，与爱同行,title: 郑州市管城回族区星火路小学：无烟佳节，与爱同行 content: 郑州市管城回族区星火路小学：无烟佳节，与爱同行 顶端新闻·河南商报记者 李志远 为了给学生一个健康成长的环境，近日，郑州市管城回族区星火路小学开展了“无烟佳节 与爱同行”控烟宣传教育活动。 各班教师通过多媒体课件，视频等多种形式，向学生宣传吸烟对人体的危害，引导学生认识，了解禁烟标志，帮助孩子们真切地认识到烟草带来的危害，坚决拒绝二手烟，号召大家要做好禁烟的宣传员和监督员，并积极向亲友宣传吸烟的危害。 此次活动形成了“大手拉小手”的禁烟氛围，进一步加深额学生对烟草危害的认识，增强了学生参与禁烟的责任感，助力学生全面发展。1340619773@qq.com),一点资讯客户端,未知,2024-01-24 15:17:03,http://www.yidianzixun.com/article/0tGD3yxv,未知,控烟,中性,未知
20240101167,旴江镇“无烟佳节 与爱同行”倡议书,title: 旴江镇“无烟佳节 与爱同行”倡议书 content: 旴江镇“无烟佳节 与爱同行”倡议书 广大市民朋友们： 在新春佳节即将来临之际，为进一步推动全镇“无烟佳节 与爱同行”活动开展，持续巩固创卫成果，引导群众自觉践行文明健康绿色环保生活方式，减少烟草危害，共同营造春节健康无烟环境，在此，我们发出如下倡议： 一、要认识烟草危害，了解烟草危害，提高自身防控烟草危害意识和能力。增强自我控制能力，自觉抵制诱惑，提倡不吸烟、互不敬烟行为。 二、不在公共场所、室内工作场所和公共交通工具内吸烟，以实际行动践行文明健康绿色环保生活方式。各级领导干部、公职人员、教师和医务人员要带头示范，自觉遵守公共场所禁烟规定，自觉维护法规制度权威，自觉维护党政机关和领导干部形象。 三、各村委会及镇附属单位和其他室内公共场所、工作场所要全面实行禁烟，要在醒目位置张贴禁烟标识，落实控烟责任，带动全社会创建无烟环境。我们每个人都有向二手烟说“不”的权利，拒绝吸烟、二手烟，争当爱国卫生运动志愿者、控烟劝导员和监督员，主动劝阻他人不在禁烟场所吸烟，带动身边人文明劝导、共促健康。 让我们共同行动起来，从自身做起、从现在做起，追求文明健康的生活方式，拒绝烟草危害，珍爱生命，为创造清新、舒适的无烟环境作出应有的贡献，欢度无烟佳节。 旴江镇人民政府 2024年1月24日,广昌融媒客户端,未知,2024-01-24 14:43:20,http://m.jxgcrmapp.com/c/OHVDd2pOeStJVUFrM2FPMkNDdGlKdz09.html,未知,控烟,中性,未知
20240101168,迁西县疾病预防控制中心开展“无烟春节 与爱同行”宣传活动,title: 迁西县疾病预防控制中心开展“无烟春节 与爱同行”宣传活动 content: 迁西县疾病预防控制中心开展“无烟春节 与爱同行”宣传活动食品安全与法律网讯(通讯员 蔡秀聪)新春佳节即将来临，为了引导群众践行文明健康绿色环保的生活方式，增强对吸烟危害的认识，近日，河北省迁西县疾病预防控制中心宣教科采取线上线下相结合的方式广泛开展了以“无烟春节 与爱同行”为主题的控烟宣传活动。控烟宣传进校园。疾控中心工作人员去学校宣传无烟过春节，为学生发放控烟宣传资料、宣传手提袋，并讲解吸烟危害知识，告诉他们千万不要尝试第一口烟，还要远离二手烟，要劝诫吸烟的父母，戒掉烟草。控烟宣传进广场。疾控中心工作人员在栗乡广场开展控烟宣传，活动中通过悬挂宣传条幅、摆放宣传展板、发放宣传资料的形式开展宣传，为过往群众发放吸烟的危害、健康素养66条宣传册、控烟宣传单、宣传折页、无烟过春节宣传海报、对联、福字等。并告诉他们吸烟可能导致人体多个器官罹患癌症和慢性疾病;二手烟更是会增加患肺癌、乳腺癌和冠心病的风险，并为吸烟的群众讲解如何戒烟。控烟宣传进社区。疾控中心工作人员用居民喜闻乐见的方式宣传控烟知识，为小区居民发放控烟宣传资料、控烟宣传春联、福字及海报，将无烟过春节海报张贴在小区门口，让更多的居民能够知晓。组织各医疗单位开展无烟过春节活动。各医院以讲座的方式为群众讲解控烟知识，发放无烟过春节福字和宣传资料，让老百姓进一步了解吸烟的危害及戒烟知识。通过微信、微博、快手、抖音等新媒体开展宣传，推动社会公众了解吸烟和二手烟暴露的严重危害，营造无烟过春节、勇于拒绝二手烟的良好社会氛围，改变公众“以烟为礼”的风气。通过此次控烟宣传活动的开展，让居民群众对吸烟的危害有了更深的了解，并深刻认识到控烟从身边做起，真正做到春节期间不吸烟、不敬烟、不送烟，要年味不要烟味，让我们一起度过一个文明健康、和谐美满的春节。,网易新闻客户端,食品安全与法律网,2024-01-24 13:52:00,http://3g.163.com/all/article/IP7KPUIL0534B74O.html,未知,控烟、戒烟,正面,未知
20240101169,荆家镇中心中学开展“无烟佳节，与爱同行”宣传教育活动,title: 荆家镇中心中学开展“无烟佳节，与爱同行”宣传教育活动 content: 荆家镇中心中学开展“无烟佳节，与爱同行”宣传教育活动为助力健康淄博建设，营造春节无烟氛围，桓台县荆家镇中心中学积极引导师生践行文明健康绿色环保生活方式，秉承建设“无烟校园”的理念，开展“无烟佳节，与爱同行”宣传教育活动。积极开展“小手牵大手，禁烟一起走”活动，呼吁全校学生积极向亲友宣传吸烟的危害，劝说、监督身边的大人不吸烟、少吸烟，形成以学生带动家长的浓厚控烟氛围，为每一位孩子营造一个健康、无烟的学习和生活环境。（通讯员 孔阳 景晓科）,看点快报客户端,ZiboToday,2024-01-24 12:45:43,http://kuaibao.qq.com/s/20240124A03Q5A00,未知,控烟,正面,未知
20240101172,长丰县左店镇：共创无烟佳节，让“爱”与“家”同行,title: 长丰县左店镇：共创无烟佳节，让“爱”与“家”同行 content: 长丰县左店镇：共创无烟佳节，让“爱”与“家”同行 为进一步推动控烟工作开展，引导群众践行文明健康绿色环保生活方式，营造“两节”无烟氛围，长丰县左店镇按照上级部门的决策部署，持续开展“无烟佳节 与爱同行”系列控烟宣传活动，践行文明行为，传递文明风尚。 一是集中宣传，打好“感情牌”。组织辖区内各村（社区）广泛深入开展控烟宣传活动，建立宣传咨询台并印发宣传材料，介绍吸烟对健康和身体的危害等。在门口、大厅、楼道、办公室等醒目位置张贴禁烟标识，LED屏幕滚动播放控烟标语，劝导大家从自身做起，争做控烟行动的传播者和践行者。 二是专家传授，打好“优势牌”。邀请专家学者举办知识讲座向辖区居民解释吸烟给身体带来的伤害，倡导控烟要从公共场所，家庭和个人三个层次入手，公共场所不吸烟是社会公德的体现，在家不吸烟是对家人健康负责，而自己不吸烟则是对自己生命负责。同时提醒老年人，吸烟可诱发各种疾病，高血压，冠心病及心脑血管疾病等发病率均可因吸烟而升高，老年人要远离抽烟，过上健康的生活。 三是突出重点，打好“中心牌”。为增强学生烟草危害意识，提倡无烟生活，左店镇卫健办联合相关学校开展“无烟佳节，与爱同行”为主题的控烟健康教育宣传进校园活动。学校各班级积极组织视频播放、主题班会等形式，向学生介绍烟草的危害、吸烟对健康的负面影响等方面的知识，提醒他们远离烟草的危害。同时利用校园广播定期播放吸烟危害健康宣传语、公益广告等，以提醒广大学生注意烟草危害身体健康。 下一步，左店镇将持续宣传吸烟有害健康、公共场所不能吸烟等思想，加强居民对烟草危害防控的认识与能力，为广大居民的身体健康保驾护航，共度无烟佳节。（袁英杰） 社区融编辑：陈亮,安徽日报客户端,未知,2024-01-24 11:25:06,http://app.ahnews.com.cn/displayTemplate/news/newsDetail/1547/1041357.html?isShare=true,未知,控烟,中性,未知
20240101173,白杨河乡：开展“无烟佳节与爱同行”宣传活动,title: 白杨河乡：开展“无烟佳节与爱同行”宣传活动 content: 白杨河乡：开展“无烟佳节与爱同行”宣传活动 为全乡营造一个无烟、清洁、健康的良好环境。白杨河乡认真谋划，积极制定活动方案，组织开展形式多样、内容丰富的“无烟佳节与爱同行”宣传活动， 白杨河乡通过讲座、宣讲和宣传平台等多种形式，开展了“无烟佳节与爱同行”宣传工作。警示海报、宣传片等内容在滚动电子屏和健康教育宣传栏上播放，进一步传达吸烟有害健康的信息。通过宣传宣讲控烟知识，动员和倡导党员干部和群众积极参与控烟工作，倡导少吸烟、不吸烟的健康生活方式，助推“无烟佳节与爱同行”宣传活动取得重要成果。 “这次讲座，从吸烟的危害、戒烟的方法、戒烟的好处等健康知识入手，进行全面详细的讲解，让更多的村民自觉成为控烟行动的宣传者、践行者，养成健康的生活方式和生活习惯。”白杨河乡羊头泉村党支部副书记马德刚说道，“春节将至，我们还要积极组织志愿者通过入户走访的形式，大力弘扬无烟健康过节文化，倡导过节不吸烟、不敬烟、不送烟。” 下一步，白杨河乡还将以感恩教育宣讲等活动为契机，持续推进控烟系列宣传活动向纵深发展，共同营造健康良好的无烟环境。 （通讯员：迪力努尔·托合提亚尔） 责任编辑：番斯亚,木垒好地方客户端,未知,2024-01-24 11:13:10,http://tnews.xjmty.com/app/mlx/ljl/202401/t20240123_18754531.html,未知,控烟、戒烟,正面,未知
20240101175,县农技中心积极开展“无烟佳节与爱同行”活动,title: 县农技中心积极开展“无烟佳节与爱同行”活动 content: 县农技中心积极开展“无烟佳节与爱同行”活动 1月22日，县农技中心对“无烟佳节与爱同行”控烟活动进行了安排部署。 会议传达了健康南漳工作领导小组办公室《关于开展“无烟佳节与爱同行”活动的通知》和《“无烟佳节与爱同行”活动倡议书》，讲解烟草烟雾的危害、戒烟的好处及方法，倡导过节不吸烟、不敬烟、不送烟、“对二手烟说不”，提醒干部职工增强控烟戒烟意识，共同营造健康的工作、生活环境，共度无烟佳节。 下一步，县农技中心将持续开展多形式的控烟教育宣传活动，引导广大群众积极参与，共建文明健康的工作生活环境。 通讯员：彭世俊|编辑：张娜 责任编辑：周尔华/卢姗娜|审核：代军,云上襄阳客户端,未知,2024-01-24 10:55:00,http://m-nanzhang.cjyun.org/p/221096.html,未知,控烟、戒烟、控烟戒烟,正面,未知
20240101176,长丰县水湖镇多措并举开展“无烟佳节 与爱同行”活动,title: 长丰县水湖镇多措并举开展“无烟佳节 与爱同行”活动 content: 长丰县水湖镇多措并举开展“无烟佳节 与爱同行”活动 近日，为进一步推动控烟工作的开展，引导群众践行文明健康绿色环保生活方式，长丰县水湖镇多措并举，在辖区内开展了“无烟佳节 与爱同行”活动。 一是开展主题宣传活动，巩固无烟党政机关建设。水湖镇通过开展“无烟佳节 与爱同行”主题宣传活动，向干部宣传教育，讲解吸烟和二手烟的危害，倡导全体干部不吸烟、不敬烟、不送烟，引导干部养成健康的生活方式和生活习惯，积极做控烟宣传者和倡导者，水湖镇镇、村（社区）干部100余人参加了此次活动。 二是通过各种形式宣传，营造良好控烟氛围。水湖镇各村（社区）干部，通过张贴宣传画、发放宣传手册、布置展板等形式，开展集中宣传活动，大力弘扬无烟健康过节文化，共度无烟健康佳节。此次宣传活动共发放宣传材料500余份。与此同时，各村（社区）干部在辖区居民微信群、朋友圈积极转发控烟宣传视频，扩大宣传受众群体，转发宣传视频100条次，覆盖群众上万人。 三是开展控烟健康教育进校园活动，促进无烟学校、无烟家庭建设。水湖镇在辖区内春雷幼儿园开展了控烟健康教育进校园活动，通过播放控烟宣传动画，讲解烟草烟雾和电子烟的危害，帮助孩子们树立“拒吸第一支烟、做无烟新一代”的理念，鼓励孩子们做学校、家庭控烟监督员，通过“小手牵大手”，引导家长不吸烟，主动戒烟，促进无烟学校、无烟家庭建设。该园近百位师生参与了此次活动。 通过此次活动，进一步提高了辖区内广大干部群众的控烟的意识，对培养良好的健康习惯，创造良好的无烟环境起到了积极的促进作用。下一步，水湖镇将继续做好控烟宣传管理工作，为创建无烟环境贡献力量。（薛振峰） 社区融编辑：余蕾,安徽日报客户端,未知,2024-01-24 10:29:05,http://app.ahnews.com.cn/displayTemplate/news/newsDetail/1547/1041288.html?isShare=true,未知,控烟、戒烟,正面,未知
20240101178,宜城市总工会：新年对“烟”说拜拜 无烟健康过佳节,title: 宜城市总工会：新年对“烟”说拜拜 无烟健康过佳节 content: 宜城市总工会：新年对“烟”说拜拜 无烟健康过佳节 通讯员王少华 荆茂梅报道：近日，宜城市总工会开展“无烟佳节与爱同行”专题学习活动。 会议要求，工会干部要做到不吸烟、主动戒烟，主动做控烟宣传者和倡导者，大力弘扬无烟健康过节文化，倡导过节不吸烟“对二手烟说不”，共度无烟健康佳节。 此次活动，提高机关干部对控烟的意识，也让大家认识到吸烟对人体的危害。干部们纷纷表示，要参加到拒烟宣传活动中来，从身边的小事做起，为创建无烟环境贡献自己的力量。 编辑：张阳 审核：李锋 冯波,云上襄阳客户端,未知,2024-01-24 10:03:00,http://m-yicheng.cjyun.org/p/57468.html,未知,戒烟、控烟,中性,未知
20240101180,白山市江源区松树社区开展健康知识讲座,title: 白山市江源区松树社区开展健康知识讲座 content: 白山市江源区松树社区开展健康知识讲座 为了向居民普及吸烟的危害，近日，白山市江源区松树社区联合镇卫生院开展“远离烟草、关爱生命”控烟健康知识讲座。 此次讲座主要从吸烟有害健康、烟雾中含大量有害物质、吸烟可导致多种疾病、吸烟可导致肿瘤以及戒烟等几个方面展开。镇卫生院工作人员向参加讲座的６０余名居民朋友们介绍吸烟易导致肺癌、食道癌、胰腺癌、口腔癌、膀胱癌等多种肿瘤性疾病，其中肺癌的发病率高达７８％。经研究表明，烟雾中的致癌物质还能通过胎盘影响胎儿，致使其子代的癌症病发率显著增高。二手烟不仅危害自己，更危害他人。 本次控烟健康知识讲座的开展，旨在警醒各位居民朋友们“燃烧的是香烟、消耗的是生命”。建议大家为了自己和家人的健康尽量戒除烟草，让身体更健康、让环境更洁净、让生活更美好。 供稿：江源区松树社区 编辑：杜采芸 责编：彭贤林 监制：赫 文,江源融媒客户端,未知,2024-01-24 08:58:37,http://abv9-share.plus.jlntv.cn/folder6994/folder7018/folder7070/2024-01-24/A3KkyiUpOhHCfwW9.html,未知,控烟、戒烟,中性,未知
20240101182,黑虎山村：开展控烟宣传，塑造健康无烟居民生活环境,title: 黑虎山村：开展控烟宣传，塑造健康无烟居民生活环境 content: 黑虎山村：开展控烟宣传，塑造健康无烟居民生活环境 本网讯（通讯员 赵文雪）为大力宣传吸烟与二手烟暴露的危害，传播控烟知识，提高公众对烟草危害肺部健康的认识，营造“迎新春”无烟氛围。近日，黑虎山村开展“无烟佳节，与爱同行”控烟主题宣传活动，将禁烟控烟宣传深入村民心中。 黑虎山村利用居民微信群、宣传栏、发放健康宣传单等多样化进行宣传，志愿者利用午餐时间对村民进行入户宣传，对烟龄短的村民劝导其戒烟；对年龄较大、烟龄较长的村民好言相劝，劝导其减少吸烟。为村民散发宣传手册，让每家每户都了解到吸烟的危害，提高村民戒烟意愿，确保村民在春节期间不吸烟、不敬烟、不送烟，共度无烟健康佳节。 审核人：王泽华,三峡云客户端,胡昌娥,2024-01-23 19:55:44,http://site.ycrmt.cn/zj/web/Details?id=984736,未知,控烟、戒烟,中性,未知
20240101185,大洋街道育才社区开展“无烟佳节 与爱同行”主题宣传活动,title: 大洋街道育才社区开展“无烟佳节 与爱同行”主题宣传活动 content: 大洋街道育才社区开展“无烟佳节 与爱同行”主题宣传活动 1月19日下午，大洋街道育才社区在辖区开展“无烟佳节 与爱同行”主题宣传活动。活动中，工作人员通过播放视频、面对面宣传的方式向辖区青少年普及烟草的危害和控烟的相关知识，积极引导大家践行文明健康绿色生活方式，争做控烟行动的宣传员。 通过此次控烟宣传及文明实践活动的开展，号召大家积极践行文明健康绿色环保生活方式，珍爱健康、拒绝烟草，有效提升了居民群众对烟草危害健康的认知，倡导“无烟生活”，携手共创美好生活环境。 责任编辑：顾明峰 张勇峰 陆海涛 61 分享到,我言新闻客户端,未知,2024-01-23 17:27:44,http://www.ycnews.cn/p/816623.html,未知,控烟,正面,未知
20240101186,感知山东| 齐河县疾控中心开展“赶大集 送健康”活动,title: 感知山东| 齐河县疾控中心开展“赶大集 送健康”活动 content: 感知山东| 齐河县疾控中心开展“赶大集 送健康”活动新春佳节即将来临，为扎实做好 2024 春节山东（德州）乡村文化旅游节期间“送卫生健康下乡”活动，进一步营造无烟佳节的氛围，引导居民践行文明健康绿色环保生活方式，1月23日，齐河县疾控中心工作人员走进城区晏城大集开展“无烟佳节 与爱同行”控烟宣传活动。活动现场，工作人员通过发放控烟福字、红包及控烟宣传手册等，向大家讲解吸烟对健康的危害、分享戒烟的方法和技巧等，倡导居民过节不吸烟、不敬烟、不送烟，共度无烟健康佳节。此外，疾控中心还为老百姓提供了免费的健康咨询服务。他们耐心地解答了大家在健康方面的问题，提醒大家在过年期间也要关注自己的身体健康，保持健康的生活方式。此次主题宣传活动，是疾控中心为老百姓过大年送上的一份健康礼物，也是关注民生、服务社会的具体举措，提高了居民对烟草危害的知晓率，为改变“以烟为礼”的不良社会习俗，减少烟草消费和使用，降低烟草危害，守护家人健康起到了良好推动作用。,网易新闻客户端,感知山东,2024-01-23 17:18:00,http://3g.163.com/all/article/IP5E3S970550BO4K.html,未知,控烟、戒烟,正面,未知
20240101187,举办知识竞赛 普及卫生知识,title: 举办知识竞赛 普及卫生知识 content: 举办知识竞赛 普及卫生知识 日前，东丽区冬春季传染病防控暨控烟百题知识竞赛在东丽区少年宫举办，为青少年普及卫生知识，提高自我防范意识和保护能力。 竞赛由区文明办、区卫健委、区教育局主办，经初赛选拔，华新小学、鉴开中学等16支代表队进入决赛。现场竞赛包括必答题、抢答题和风险题，题目内容涵盖被动吸烟危害、常见传染病种类、传染病传播及防控等知识。 小选手们凭借丰富的知识储备和沉着冷静的现场发挥，赢得观众阵阵掌声。最终滨瑕实验中学、新源小学分别荣获中、小学组冠军。 责任编辑：刘圣喆,天津东丽客户端,未知,2024-01-23 17:10:39,http://www.app2020.tjrmtzx.com/dlrmtzx/system/2024/01/23/055119214.shtml,未知,控烟,正面,未知
20240101191,丹江口市习家店镇小学开展“无烟佳节，与爱同行”教育活动,title: 丹江口市习家店镇小学开展“无烟佳节，与爱同行”教育活动 content: 丹江口市习家店镇小学开展“无烟佳节，与爱同行”教育活动 湖北日报客户端讯（通讯员尹如伟 贺曾珍）为进一步推进学校控烟工作深入开展，营造无烟健康氛围，在寒假到来之际，1月23日，丹江口市习家店镇小学开展“无烟佳节，与爱同行”教育活动。 活动中，学校通过周一升旗仪式向学生讲解了吸烟有害健康的相关知识，倡导学生做无烟少年；主题班会上，各班向学生讲解了吸烟的危害，号召学生通过小手拉大手的方式劝诫家长和身边的成年人不吸烟、少吸烟。 此次活动，进一步加强了学生的控烟意识，维护青少年健康成长，营造了绿色低碳的春节氛围。,湖北日报客户端,未知,2024-01-23 16:53:39,http://news.hubeidaily.net/hbrbsharenew/index_share/5/2187859/1966587/0/0,未知,控烟,正面,未知
20240101192,王集乡发放“无烟佳节与爱同行”活动倡议书,title: 王集乡发放“无烟佳节与爱同行”活动倡议书 content: 王集乡发放“无烟佳节与爱同行”活动倡议书 为巩固国家卫生城市创建成果，营造干净整洁、优美舒适的城市环境，保障人民群众欢度健康快乐的佳节，王集乡呼吁所有群众行动起来，支持控烟、参与控烟，积极推进控烟行动，建设无烟环境，树立健康向上的社会风尚，享受无烟佳节。 编辑：宋世笑 审核：王雅倩,云上郏县客户端,未知,2024-01-23 16:46:29,http://jiaxian.dxhmt.cn/api/page/goPage?type=2&objectId=cf66f3a3ec3347af998be54710437ab2,未知,控烟,中性,未知
20240101193,（视频）马关县开展“无烟佳节 与爱同行”主题宣传活动,title: （视频）马关县开展“无烟佳节 与爱同行”主题宣传活动 content: （视频）马关县开展“无烟佳节 与爱同行”主题宣传活动 0:00 / 0:27 近日，马关县40多家单位在县城松江花园联合开展“无烟佳节 与爱同行”主题宣传活动。通过摆放宣传展板、悬挂条幅、发放宣传资料等多种形式，向群众宣传吸烟的危害，普及科学戒烟方法，引导和鼓励广大群众养成健康的生活方式和生活习惯，积极参与控烟活动。 马关融媒：吴兰会 编辑：黄荷 制作：周俊俊 责任编辑：杨杰,七彩云端客户端,未知,2024-01-23 16:45:10,http://cloudxyapi.yunshicloud.com/api/xy/toc/v1/queryContentByDocId?appCode=FABU_YUNSHI&companyId=ysxw&docid=508426A4D6224EF09D0B9CF3E6331ED1&isNew=&productId=null&userId=1166d00dda15e0f5891c4df6a51062c5,未知,戒烟、控烟,正面,未知
20240101196,芜湖市二十七中学东方龙城校区开展“无烟佳节 与爱同行”主题教育活动,title: 芜湖市二十七中学东方龙城校区开展“无烟佳节 与爱同行”主题教育活动 content: 芜湖市二十七中学东方龙城校区开展“无烟佳节 与爱同行”主题教育活动 为进一步推动学校控烟工作深入开展，加强师生对控烟理念的理解和认同，自觉树立控烟意识，养成良好的健康生活方式，为广大青少年营造一个无烟、清洁、健康的成长环境，芜湖市二十七中学东方龙城校区在校内开展 “无烟佳节、与爱同行”主题教育活动。 此次活动的开展，进一步提高了师生对烟草危害的认识，营造了良好的禁烟控烟氛围。今后学校将继续开展控烟禁烟宣传工作，持续推进无烟校园建设。,大江看看客户端,未知,2024-01-23 15:23:30,http://school-reporter.wuhunews.cn/newsDetail/1749654462098038786,未知,控烟,正面,未知
20240101198,学校传真 | 弥河学区：开展“无烟佳节 与爱同行”控烟活动,title: 学校传真 | 弥河学区：开展“无烟佳节 与爱同行”控烟活动 content: 学校传真 | 弥河学区：开展“无烟佳节 与爱同行”控烟活动 为全面推进落实控烟行动，引导学校广大师生自觉养成文明健康的卫生习惯，维护师生身心健康，营造良好的清新校园环境，近日，弥河学区开展“无烟佳节 与爱同行”控烟活动。 弥河初中 弥河小学 石河小学 闵家小学 大关营小学 弥河学区秉承“无烟校园”的理念，致力于做好吸烟危害健康的知识普及行为养成教育工作，为学生营造一个良好清新的校园环境，促进学生全面、健康成长，为创建绿色、健康、文明、和谐的无烟校园，为学生的学习、生活创造健康无烟的环境，打下良好的基础。 来源：青州教育,看青州客户端,成同坤,2024-01-23 14:55:56,http://iapp.qingzhounews.cn/share/YS0xMjUtMzA4MTA5OTc.html,未知,控烟,正面,未知
20240101199,丫口社区开展菜市场专项控烟巡查活动,title: 丫口社区开展菜市场专项控烟巡查活动 content: 丫口社区开展菜市场专项控烟巡查活动 本网讯（通讯员 张玥）为进一步强化居民的控烟意识，激发居民对控烟的社会责任感，营造一个健康、清洁、无烟的社区环境，1月22日下午，丫口社区爱卫专干在丫口菜市场开展了专项控烟巡查活动。 此次现场巡查活动，重点检查有无禁烟管理制度、是否设置禁止吸烟行为督查员、是否在禁止吸烟区域设置醒目禁止吸烟标志和公布投诉举报电话、吸烟室是否有有效的通风等内容，以及禁止在非吸烟区设置烟灰缸等与吸烟有关的器具等情况。对检查中发现的部分单位存在禁烟标志不明显的情况，监督员当场责令市场管理员立即改正。 本次行动有效推动了市场的控烟管理工作，进一步明确了控烟工作中的职责和任务，提高了市场控烟场所人员的守法意识和重视程度。 审核人：梁徽,三峡云客户端,高楚琪,2024-01-23 14:32:50,http://site.ycrmt.cn/zj/web/Details?id=984642,未知,控烟,正面,未知
20240101201,城东区开展爱国卫生运动执法检查,title: 城东区开展爱国卫生运动执法检查 content: 城东区开展爱国卫生运动执法检查 “你好，我们今天是联合执法，请提供一下员工的健康证。”“这是新印制的控烟标识，请张贴在醒目处。”为全面打造优良健康环境，近日，城东区爱卫办组织爱卫会各成员单位深入开展爱国卫生运动。 记者跟随联合执法组走街串巷，各成员单位执法人员各司其职。“你好，毛巾一定是在湿润的时候放入消毒柜，不然会引起火灾，一定要注意使用安全。”城东区卫生健康局对美容美发、宾馆“三小”行业等公共场所亮证经营、从业人员健康证明、设施设备的消毒保洁，住宿行业专用消毒间（区）、布草间等设施、消毒产品等监督情况开展监督检查，对检查中发现的问题，要求立行立改。“你好，麻烦把店门口的卫生清理干净。”城东区城管局严格落实“门前六包”责任制，检查期间，对9家经营场所下发责令整改通知书，清理德令哈路沿线流动摊贩6起，占道经营19起，清理橱窗乱张贴5处。城东区市场监督管理局重点查看各餐饮经营单位卫生许可证、从业人员健康证明、卫生信誉等级公示、卫生管理制度、机械通风设施设备运行、餐饮具消毒、“三防”设施，对12家经营场所“三防”设施情况进行现场指导整改。各镇办、社区（村）开展全民大扫除活动，广泛组织群众清理小区庭院、背街小巷乱堆乱放、乱贴乱画、乱搭乱建、乱堆乱放、乱泼乱倒，清理卫生死角100余处、更换投饵器、补投鼠药60余处。 与此同时，城东区还将通过“周五环境卫生整治日”“三下乡”等主题活动，大力开展健康知识科普宣传教育等多种形式，大力宣传“每个人是自己的健康第一责任人”的理念，积极引导群众主动学习健康知识，提高健康素养，加强自身健康管理。,西宁晚报客户端,悠然,2024-01-23 10:50:15,http://h5.newaircloud.com/news_detail?newsid=23375394_xiningwb,未知,控烟,正面,未知
20240101202,王府口社区开展禁烟控烟宣传活动,title: 王府口社区开展禁烟控烟宣传活动 content: 王府口社区开展禁烟控烟宣传活动 湖北日报客户端讯（通讯员杨书红）为做好辖区公共场所控烟禁烟工作，帮助辖区居民养成文明健康、绿色环保的生活方式，1月23日上午，古城街道王府口社区新时代文明实践站组织社区控烟劝导员深入辖区开展禁烟控烟宣传活动。 活动中，王府口社区通过居民群，控烟劝导员发放宣传资料、面对面等形式向居民详细讲解吸烟和被动吸烟的危害，以及在日常生活中如何提高自己的控烟戒烟意识，劝导居民不在公共场所吸烟，不随地乱扔烟头，讲文明、讲卫生，自觉维护公共场所的无烟环境，争做无烟环境保护的模范市民。通过此次活动，提高了居民对吸烟及被动吸烟危害性的认识，主动远离烟草烟雾，并收到了良好的效果。不少烟民都说自己要开始戒烟，不仅为了自己，更是为了身边的人。 据悉，王府口社区将继续普及烟草烟雾知识及控烟禁烟科普知识，广泛开展吸烟警示教育，营造健康科学的社区环境，为建设和谐家庭，和谐社会创造美好氛围。,湖北日报客户端,未知,2024-01-23 10:40:30,http://news.hubeidaily.net/hbrbsharenew/index_share/5/2185457/1964395/0/0,未知,控烟、控烟戒烟、戒烟,正面,未知
20240101205,丹江口六里坪镇财神庙小学：无烟佳节 与爱同行,title: 丹江口六里坪镇财神庙小学：无烟佳节 与爱同行 content: 丹江口六里坪镇财神庙小学：无烟佳节 与爱同行 湖北日报客户端讯（通讯员马成忠 顾家萁）1月22日，为积极响应国家卫生健康委发布《国家卫生健康委办公厅关于开展“无烟佳节 与爱同行”活动的通知》号召，践行文明健康绿色环保生活方式，营造春节无烟氛围，六里坪镇财神庙小学开展了以“无烟佳节，与爱同行”为主题的控烟健康教育宣传活动。 学校20个班级积极组织主题班会，通过PPT演示、视频播放等形式，向学生介绍烟草的危害、吸烟对健康的负面影响、吸烟导致严重火灾的案例以及消防安全防护等方面的知识，提醒他们远离烟草的危害，关注烟草对健康的威胁。 学校是学生学习和成长的重要场所。通过本次“无烟佳节与爱同行”的宣传活动，希望能够让学生们深刻认识到吸烟的危害，树立正确的健康观念。在此基础上，学校开展小手拉大手活动，号召学生把控烟知识带回家，劝说吸烟的父母少吸烟或不吸烟，做好控烟活动的宣传员和监督员，从而弘扬无烟健康过节文化，倡导过节不吸烟、不敬烟、不送烟，“对二手烟说不”，共度无烟健康佳节。,湖北日报客户端,未知,2024-01-23 10:01:38,http://news.hubeidaily.net/hbrbsharenew/index_share/5/2185154/1964086/0/0,未知,控烟,中性,未知
20240101206,安良镇“无烟佳节 与爱同行”活动倡议书,title: 安良镇“无烟佳节 与爱同行”活动倡议书 content: 安良镇“无烟佳节 与爱同行”活动倡议书 为巩固国家卫生县城创建成果，营造干净整洁、优美舒适的城市环境，保障人民群众欢度健康快乐的佳节，安良镇政府呼吁所有人行动起来，支持控烟、参与控烟，积极推进控烟行动，建设无烟环境，树立健康向上的社会风尚，享受无烟佳节。 第一支烟要拒绝。当好自己健康的第一责任人，对第一支烟坚决说“不”，勇敢捍卫自身健康权利。 公共场所不吸烟。吸烟者不在公共场所、室内工作场所和公共交通工具内吸烟，不让别人吸二手烟。 无烟家庭多关爱。每个家庭争做无烟家庭，每个家庭成员要做到自己不吸烟、来客不敬烟、走亲访友不送烟、劝导亲友早戒烟，为孩子们营造一个健康温馨的港湾。 健康理念及早树。引导每个孩子树立“不吸烟最时尚”的健康理念，主动远离传统烟草产品和电子烟，从小培养健康的生活方式。 建设健康中国，共筑无烟屏障。维护清新生态环境，畅享纯净自然气息，践行文明健康绿色环保生活方式。为营造无烟、健康、幸福的春节氛围而努力！ 编辑：李广炬 审稿：杨亚萍,云上郏县客户端,未知,2024-01-23 09:39:42,http://jiaxian.dxhmt.cn/api/page/goPage?type=2&objectId=6a038508c3524f19a8f120b158e14073,未知,控烟、戒烟,中性,未知
20240101207,临江市：开展“无烟佳节 与爱同行”控烟主题活动,title: 临江市：开展“无烟佳节 与爱同行”控烟主题活动 content: 临江市：开展“无烟佳节 与爱同行”控烟主题活动 近日，临江市建国街道解放社区积极开展“无烟佳节 与爱同行”控烟主题活动，营造无烟佳节氛围，引导群众践行文明健康绿色环保生活方式。 社区工作人员通过“线上+线下”相结合的方式，一是以在网格微信群宣传控烟知识小视频的方式向居民讲解吸烟和二手烟的危害，提升居民戒烟意愿，呼吁大家不要在公共场所吸烟，引导居民养成健康的生活方式和生活习惯；二是在社区醒目的地方，播放控烟宣传视频，提高辖区居民的控烟意识，让居民认识到戒烟的重要性。 同时，社区工作人员在便民服务大厅以及楼道等公共场所，粘贴禁烟宣传板，提醒居民群众不要在室内、公共场所吸烟，引导居民主动禁烟，做控烟的支持者和引导者。 来源：临江融媒,白山发布客户端,未知,2024-01-23 09:23:46,http://li1v-share.plus.jlntv.cn/folder9921/folder9923/folder10325/2024-01-23/WxDvUqaQV15ZKvay.html,未知,控烟、戒烟,正面,未知
20240101208,【科普】禁烟控烟，从你我做起！,title: 【科普】禁烟控烟，从你我做起！ content: 【科普】禁烟控烟，从你我做起！ 禁烟控烟，从你我做起！ NO SMOKING 烟草流行是当今世界 最大公共卫生威胁之一， 全球每年因烟草相关性死亡者达600万， 其中包括60多万 接触二手烟雾的非吸烟者。 我国吸烟人口达3.5亿， 7.4亿人遭受着二手烟的危害， 每年有200万人死于 因吸烟相关性疾病， 10万多非烟民死于二手烟暴露， 烟草所致疾病给个人和家庭 造成了严重负担。 吸烟可能是一种偶然， 但请把戒烟作为一种必然！ 一图读懂吸烟危害 NO SMOKING 湘西州广播电视台 · 融媒体中心 一审：李书航 二审：田佳佳 三审：唐青燕 凡本平台注明“记者：XXX”的所有作品，均为本平台合法拥有版权或有权使用的作品，未经本平台授权不得转载、摘编或利用其它方式使用上述作品。已经本平台授权使用作品的，应在授权范围内使用，并注明“来源：湘西融媒”。违反上述声明者，本平台将追究其相关法律责任。 如因作品内容、版权和其它问题需要同本平台联系的，请在相关作品发布之日起30日内进行。,湘西融媒客户端,未知,2024-01-23 00:00:00,http://redxx.cn/syncott/Modile/newsServlet?createTime=2024-01-23&uniqueID=aaeb1e78-b025-44bf-934e-419e10532f15&xgyd=QLCOSQMWSJ,未知,控烟、戒烟,中性,未知
20240101209,岱下春风 | 范镇开展“无烟佳节 与爱同行”控烟活动,title: 岱下春风 | 范镇开展“无烟佳节 与爱同行”控烟活动 content: 岱下春风 | 范镇开展“无烟佳节 与爱同行”控烟活动 近日，范镇开展“无烟佳节 与爱同行”控烟活动， 进一步推动无烟工作开展，引导群众践行文明健康绿色环保生活方式，营造春节期间无烟氛围。 工作人员通过开展控烟宣传，向群众发放宣传材料，宣传吸烟的危害以及二手烟对家人健康的影响，号召群众为了自己和家人的健康少吸烟、不吸烟，从自我做起，远离烟草，共同营造健康的生活环境。 范镇将继续加大控烟工作宣传力度，以春节为契机，多渠道普及控烟知识，倡导过节不吸烟、不敬烟、不送烟，对二手烟说“不”，共度无烟佳节。 通讯员：王燕 编辑：王梦雪,岱岳融媒客户端,王梦雪,2024-01-22 20:43:12,http://iapp.daiyuerongmei.cn/share/YS0yOTMtMzA3OTE4NzI.html,未知,控烟,正面,未知
20240101211,老山街道开展冬季楼宇控烟宣传及执法活动,"title: 老山街道开展冬季楼宇控烟宣传及执法活动 content: 老山街道开展冬季楼宇控烟宣传及执法活动&lt;VIDEO SRC=""http://vod.sjsrm.com/video/2024/01/22/3a2401bd9b86c9dfe1e06b763c437370.mp4""&lt;/VIDEO",北京石景山客户端,未知,2024-01-22 19:13:39,http://share.sjsrm.com/folder17/folder98/folder103/folder111/2024-01-22/VL7AUvUqsgvxo48y.html,未知,控烟,正面,未知
20240101212,云梦：创建“无烟学校”，师生共享“绿色健康”校园生活,title: 云梦：创建“无烟学校”，师生共享“绿色健康”校园生活 content: 云梦：创建“无烟学校”，师生共享“绿色健康”校园生活 湖北日报客户端（通讯员 毛梦婷）吸烟危害的不仅仅是个人的身体健康，同时也对他人的健康产生极大的危害。二手烟对被动吸烟者的危害一点也不比主动吸烟者轻，特别是对少年儿童的危害尤其严重。同时青少年又是烟草消费的主要群体之一，必须重视青少年控烟工作。 1月22日，云梦县惠民医院组织人员来到实验幼儿园开展科普讲座，讲座上健康副校长钟建华告诉大家：“烟草对于青少年的危害是非常大的，不仅会导致各种健康问题，例如心脏病、肺癌等，还会影响青少年的行为和心理。吸烟会让青少年感到自己很酷炫、很成熟，但实际上，吸烟这种行为会导致很多不良后果。吸烟容易上瘾，难以戒掉，会影响学习成绩和社交能力。因此，控制青少年吸烟非常重要。” 学校是儿童青少年学习和生活的重要场所，不在学校内吸烟是对儿童青少年健康的保护，是每一个成年人的责任。最后告诉大家临近春节，敬烟的本意是对亲朋好友的尊重，体现着人与人之间的良好关系，逢年过节和人情来往时馈赠礼品是亲朋好友间关心和祝福的传递，送的理应是健康和温暖，但由于烟草的危害性，使得敬烟行为反而成了危害健康的利箭！倡议大家“送礼不送烟”成为新时期的健康好风尚！,湖北日报客户端,未知,2024-01-22 17:16:17,http://news.hubeidaily.net/hbrbsharenew/index_share/5/2183851/1963147/0/0,未知,控烟,中性,未知
20240101214,丹江口市三官殿中心小学开展控烟健康教育宣传活动,title: 丹江口市三官殿中心小学开展控烟健康教育宣传活动 content: 丹江口市三官殿中心小学开展控烟健康教育宣传活动 湖北日报客户端讯（通讯员王平 杨明）为提高学生对烟草危害的认识，提高同学们的健康意识，倡导无烟生活方式，1月22日，丹江口市三官殿中心小学开展“无烟佳节，与爱同行”为主题的控烟健康教育宣传活动。 活动中，各班班主任通过PPT向学生宣讲烟草对身体的危害。据权威研究显示，烟草中含有焦油、一氧化碳、尼古丁等多种有毒化学物质，对人体健康造成极大威胁。这些物质不仅会引发各种肺部疾病，如气管炎、肺气肿、肺癌等，还会导致心血管疾病的高发。尤其值得一提的是，烟草中的尼古丁，又被称为烟碱，是毒性最大的成分之一。 此外，班主任还向学生们讲解了吸烟对健康的长期影响。烟草中的有害物质会导致人体内产生大量的自由基，这些自由基会攻击细胞，破坏其正常功能，从而引发癌症和许多慢性疾病。据研究，每吸一口烟，人体内至少会产生10万个自由基。同时，老师们还引导学生们思考如何拒绝烟草的诱惑，培养他们的自我保护意识。 据了解，该校始终坚持以生为本的教育理念，此次控烟健康教育宣传活动，既是对学生们的关爱，也是对社会责任的履行。此次活动的开展，不仅让学生们深刻认识到了烟草的危害，而且也提高了他们的健康意识。无烟生活方式的倡导，帮助学生们树立正确的健康观念，养成健康的生活习惯。,湖北日报客户端,未知,2024-01-22 16:51:39,http://news.hubeidaily.net/hbrbsharenew/index_share/5/2183202/1962520/0/0,未知,控烟,正面,未知
20240101215,采悦文旅公司：开展无烟节假日 文明健康过新年宣传活动,title: 采悦文旅公司：开展无烟节假日 文明健康过新年宣传活动 content: 采悦文旅公司：开展无烟节假日 文明健康过新年宣传活动 为积极贯彻落实国家、省、市、县《关于开展“无烟佳节与爱同行”活动的通知》，进一步推进健康仁寿建设，提高公司员工对烟草危害的认识，营造春节无烟氛围。近日，采悦公司召开专题会议，部署安排“无烟佳节与爱同行”控烟宣传活动，要求全体职工积极参与，以“小举动”呼唤“大文明”，旨在营造一个无烟、清洁、健康、环保的工作环境。 活动期间，采悦公司通过循环播放戒烟宣传视频，讲解吸烟和二手烟危害，在办公区域、会议室等张贴禁烟标志，禁止放置烟缸烟具，全面倡导过节不吸烟、不送烟、不劝烟、“对二手烟说不”，号召全体员工们行动起来，养成健康的生活方式和生活习惯，共度无烟健康佳节。 新年伊始，万象更新，大家应积极行动起来，持续提升控烟水平，共同营造无烟健康环境。下一步，采悦公司将持续发力，开展常态化宣传、倡导、监督行动，为共建美好生活环境助力。,大美仁寿客户端,未知,2024-01-22 16:06:00,http://h5.scrstv.com/html/hotnews/code/details.html?id=1fdd65668b6e434fa9563ea30fb453dd,未知,控烟、戒烟,正面,未知
20240101216,白山市生态环境局抚松县分局开展“无烟佳节 与爱同行”活动,title: 白山市生态环境局抚松县分局开展“无烟佳节 与爱同行”活动 content: 白山市生态环境局抚松县分局开展“无烟佳节 与爱同行”活动 为进一步推动控烟工作深入开展，打造文明卫生党政机关，维护干部职工身体健康，近日，白山市生态环境局抚松县分局开展无烟党政机关建设巩固提升活动。 强化组织保障。成立由局长任组长，副局长任副组长，机关各科、站、队负责人为小组成员的无烟党政机关工作领导小组，统筹部署控烟工作。依据《白山市生态环境局抚松县分局无烟党政机关建设实施方案》开展本单位无烟党政机关建设工作。 强化自查自纠。捋顺监督（巡查）员制度，设监督员一名，巡查员三名，由监督员负责各科室无烟工作监督工作，巡视员负责巡查各楼层无烟工作落实情况。加大日常监督巡查频次，强化控烟自评并及时通报巡查情况。 强化教育宣传。在单位大厅展出宣传展板一块，组织干部职工利用微信群、微信朋友圈积极转发“无烟佳节 与爱同行”主题的有关吸烟危害知识，提升群众戒烟意愿，引导群众主动戒烟，截至目前转发信息70余条，引起良好反响。 下一步，白山市生态环境局抚松县分局将积极探索引导干部职工及广大群众戒烟控烟的更多方式和手段，组织开展绿色实践活动，倡导健康的生活方式，营造干净、卫生、整洁的无烟办公环境。 来源丨白山市生态环境局抚松县分局,绿色抚松客户端,未知,2024-01-22 15:57:26,http://opgx-share.plus.jlntv.cn/fusong/folder2249/folder2259/2024-01-22/r48bgSRIOzmA8mrC.html,未知,控烟、戒烟、戒烟控烟,正面,未知
20240101217,海棠社区开展新春控烟宣传讲座,title: 海棠社区开展新春控烟宣传讲座 content: 海棠社区开展新春控烟宣传讲座 1月21日上午，海棠社区开展“无烟佳节 与爱同行”主题控烟讲座，旨在通过“网格+宣传”的模式引导居民践行健康安全的生活理念，倡导过节不吸烟、不敬烟、不送烟，培育绿色无烟节日文化。 活动现场，社区工作人员播放禁烟短片、PPT图片等影像资料，通过图文并茂的方式加深台下观众的感官印象，更加直观的了解吸烟带来的危害。 工作人员介绍，长期吸烟会降低人体免疫力，不仅容易引发呼吸系统疾病和心血管疾病，还会增加癌变机率。尤其当孩童暴露在二手烟中时，还可能引发哮喘，留下后遗症。 微网格长虞师傅表达了自己的观点，他认为老年人更应认清吸烟的危害，及早戒除烟瘾，可以通过运动强身健体，参加社区文化活动来愉悦身心，配合健康的饮食习惯，将戒烟行动坚持到底。 下一步，海棠社区将组织微网格长逐步排查辖区公共场所和店铺禁烟标志，同时发放健康教育宣传手册，以点带面打造无烟网格，营造健康和谐的人居环境，共度无烟健康春节。 一审 陈红 二审 马维娜 三审 谢隽,甬派客户端,未知,2024-01-22 15:33:14,http://ypapp.cnnb.com.cn/yongpai-news/api/news/detail?newsId=65ade538e4b0e0c58a38c33e,未知,控烟、戒烟,中性,未知
20240101220,岗集镇三十埠社区：巾帼宣讲进企业 知识科普暖民心,title: 岗集镇三十埠社区：巾帼宣讲进企业 知识科普暖民心 content: 岗集镇三十埠社区：巾帼宣讲进企业 知识科普暖民心 随着春节临近，为进一步推动控烟工作，引导群众践行文明健康绿色环保生活方式，营造春节无烟氛围，岗集镇三十埠社区妇联干部与志愿者一同前往辖区内顺达铸造厂开展了以“无烟佳节 与爱同行”为主题的健康宣讲活动，增强辖区内企业员工的健康意识，营造好一个无烟、安全、健康的春节氛围。 无烟宣讲，共创绿色健康社区。在活动中，三十埠社区的妇联干部担当起了“健康宣讲员”，从职业病防治、吸烟危害健康等方面为企业员工们进行了详细科普，通过生动的案例和详实的数据，着重讲解了吸烟和被动吸烟的危害，以及吸烟带来的空气污染，让大家重视吸烟有害健康以及控烟戒烟的重要性，倡导在即将到来的这个春节不吸烟、不敬烟、不送烟，对二手烟说“不”，共度无烟健康佳节。 安全科普，打造平安工作环境。冬季是安全生产事故容易频发的季节，借此机会，社区志愿者也在企业开展了一次平安创建宣讲，提醒大家临近春节更要时刻关注自身和他人的安全，进一步增强工作中的自我安全防范意识和安全生产事故隐患识别能力，注意工作中的操作规范，及时检查消防隐患等，共同营造一个和谐、安全的工作环境，平平安安回家过个好年。 此次“无烟佳节 与爱同行”的宣讲活动得到了企业领导和员工们的积极响应。参与者表示，通过这次活动，他们对吸烟的危害有了更深刻地认识，也更加坚定了自己戒烟的决心。三十埠社区今后也将继续加大此类健康宣讲的力度，丰富活动举办形式，提高辖区内居民和企业员工的健康意识，为构建健康、和谐的社会环境贡献力量。（徐金竹）,合肥365客户端,未知,2024-01-22 14:24:00,http://m.hf365.com/article/338663,未知,控烟、控烟戒烟、戒烟,中性,未知
20240101223,汉沽街道大田庄村开展禁烟控烟知识宣传活动,"title: 汉沽街道大田庄村开展禁烟控烟知识宣传活动 content: 汉沽街道大田庄村开展禁烟控烟知识宣传活动 津滨海讯（记者 赵伟 李晨曦 通讯员 刘瑞 摄影报道）近日，汉沽街道大田庄村在辖区内开展了禁烟控烟知识宣传活动，进一步提高辖区居民对吸烟危害的认识。 活动中，大田庄村巡查网格员深入居民区、商铺、饭店、菜市场等公共场所，向居民详细讲解了吸烟和被动吸烟的危害、吸烟导致的疾病、吸烟带来的空气污染，并向村民发放了关于吸烟的危害和如何控烟、戒烟等资料。同时，他们还动员居民告诫身边的人不吸烟，远离香烟的侵害，以提高居民对烟草危害的认识、了解吸烟与慢性病的关系、戒烟的好处、戒烟的科学方法、如何克服吸烟渴望、怎样防止戒烟后复吸等控烟戒烟常识。 “此次活动增强了辖区村民的禁烟控烟意识，让践行文明健康绿色环保生活方式的理念深入人心，也促使更多的居民积极参与到禁烟控烟行动中来，自觉成为禁烟控烟行动的宣传者、践行者，营造无烟环境，共享健康美好生活。”大田庄村相关负责人表示。"";",津滨海客户端,未知,2024-01-22 11:36:44,http://bhapp.jbh.tjbh.com/pages/2024/01/22/904c6d07ddde49d3930437015c592f2f.html,未知,控烟、戒烟、控烟戒烟,正面,未知
20240101224,"人人参与控烟活动,共创健康无烟环境","title: 人人参与控烟活动,共创健康无烟环境 content: 人人参与控烟活动,共创健康无烟环境",云上隆阳客户端,未知,2024-01-22 11:29:35,http://longyang.wengegroup.com:9080/a/202401/22/WS65ade11fe4b05abdc48c7d1b.html,未知,控烟,中性,未知
20240101227,健康行为,"title: 健康行为 content: 健康行为 四、健康行为 （一）家庭成员建立文明健康绿色环保的生活方式，养成""勤洗手、常通风、科学佩戴口罩、用公筷""等良好卫生习惯。 （二）家庭成员不吸烟，家中无烟具，能主动劝导来访客人中的吸烟者不吸烟；家庭成员不敬烟、不劝烟，礼尚往来不送烟；积极参加控烟宣传活动；吸烟者应充分运用身边可及的戒烟资源主动戒烟。 （三）家庭成员具有良好的健身习惯，每人每周锻炼3次及以上，每次半小时以上，熟练掌握至少1项运动健身技能，家庭体育锻炼常态化、科学化。 （四）家庭成员定期体检并保存好体检表，每两年至少1次。肥胖得到有效控制，慢性疾病纳入社区定期随访管理并得到有效控制。 （五）家庭成员心理健康，适应社会发展，有压力时能向家庭成员倾诉，能有效调节家庭矛盾。 （六）家庭重视营养，掌握健康烹饪方法，膳食合理，多果蔬、低脂、低盐，采取减盐控油措施。 （七）家庭成员每天早、晚2次刷牙，牙刷应当每3个月更换一次；不共用毛巾。 （八）家庭成员（成人）每天睡眠时间不少于7小时，未成年人每天睡眠时间不少于8小时。 （九）家庭成员关注并接受文化科技知识，乐于学习，勇于尝试，积极参与各类促进家庭健康活动。",乐安视线客户端,未知,2024-01-22 10:47:00,http://app.jxlarm.com/content_html/html/497/p/wap/2024/01/130651367.html,未知,控烟、戒烟,中性,未知
20240101228,控烟无老幼 幸福你我他,title: 控烟无老幼 幸福你我他 content: 控烟无老幼 幸福你我他 湖北日报客户端讯（通讯员冯樊）为营造无烟、健康良好的节日环境，给广大市民带来无烟、清洁的空气，共同推进健康襄城建设。1月19日，襄城区卫健局联合襄阳市疾控中心、襄阳市中心医院在襄阳市恒大名都小学开展“无烟佳节，与爱同行”控烟活动。此次活动由襄阳市中心医院专家主讲，为学生们讲授和宣传控烟知识。 在专家讲授过程中，学生们聚精会神，在认真听讲之余也不忘及时向专家提问，专家也一一为学生们解答。讲解完毕后，专家向学生们提出了问题，学生们纷纷抢答。 此次讲座帮助学生们更深刻地认识到吸烟的危害，引导他们积极成为家庭的“戒烟劝导员”，劝导家长们和身边的人不要吸烟。,湖北日报客户端,未知,2024-01-22 10:39:48,http://news.hubeidaily.net/hbrbsharenew/index_share/5/2177334/1957650/0/0,未知,控烟、戒烟,中性,未知
20240101231,临江市：让烟味少一点 年味重一点,title: 临江市：让烟味少一点 年味重一点 content: 临江市：让烟味少一点 年味重一点 日前，临江市机关党工委组织工作人员开展了“无烟佳节 与爱同行”专题活动，引导群众践行文明健康绿色环保生活方式，营造春节无烟氛围。 机关党工委强调此次活动旨在深入提升巩固无烟党政机关建设成果，要在单位内部全方位、多角度的开展控烟宣传，更要引导职工干部以身作则，主动做控烟的宣传者和倡导者，确保控烟工作取得实效。 活动中，机关党工委组织全体工作人员下沉包保小区，开展“无烟佳节 与爱同行”入户宣传活动，此次宣传活动深入小区居民家里，从实际生活出发，为其提供无烟过节的最优解。共向20余户居民开展宣传，发放宣传单70余张，张贴控烟海报1张。 为了巩固无烟机关创建活动，实践行文明健康绿色环保的生活方式，机关党工委在此呼吁全体机关干部在过年期间让烟味少一点，年味重一点。 来源：临江融媒,白山发布客户端,未知,2024-01-22 09:09:17,http://li1v-share.plus.jlntv.cn/folder9921/folder9923/folder10325/2024-01-22/LtCyU2H2wfqm8eHn.html,未知,控烟,中性,未知
20240101236,龙凤镇中心卫生院：无烟佳节，与爱同行,"title: 龙凤镇中心卫生院：无烟佳节，与爱同行 content: 龙凤镇中心卫生院：无烟佳节，与爱同行 湖北日报客户端讯（通讯员黄甜）近日，龙凤镇中心卫生院在医院内开展了以""无烟佳节，与爱同行""为主题的宣传活动，旨在倡导新春佳节之际，共同创建无烟环境，提高医院职工戒烟行动力、约束吸烟行为，并劝导吸烟者积极戒烟。 本次活动采取了多种宣传方式和措施，通过电子显示屏宣传无烟主题内容，呼吁全院职工共建无烟环境，保护自己和他人的健康。同时，还利用员工通讯平台和微信群等渠道发送了无烟宣传资料和倡议，提醒职工认识吸烟的危害性，并提供戒烟指导和支持。 通过这次宣传活动，希望能够激发医院职工对吸烟危害的关注和主动拒绝吸烟的意识，作为医务人员，应该积极践行健康生活方式，为患者树立良好榜样，呼吁大家行动起来，支持控烟、参与控烟、积极推进控烟行动，建设无烟环境，树立健康向上的社会风尚，享受无烟佳节。",湖北日报客户端,未知,2024-01-21 23:01:38,http://news.hubeidaily.net/hbrbsharenew/index_share/5/2180689/1960105/0/0,未知,戒烟、控烟,正面,未知
20240101237,无烟佳节 与爱同行——东营市东营区辛店街道康都家园幼儿园禁烟控烟知识宣传,title: 无烟佳节 与爱同行——东营市东营区辛店街道康都家园幼儿园禁烟控烟知识宣传 content: 无烟佳节 与爱同行——东营市东营区辛店街道康都家园幼儿园禁烟控烟知识宣传 烟草依赖是一种慢性疾病，烟草危害是世界最严重的公共卫生问题之一，吸烟和二手烟问题严重危害人类健康。 公共场所和工作场所禁止吸烟已成为时代潮流。建设无烟环境，是在公共场所和工作场所降低二手烟危害的有效手段，是保护人们身心健康的重要措施。 什么是被动吸烟？ 被动吸烟指生活和工作在吸烟者周围的人们，不自觉地吸进烟雾尘粒和各种有毒物质。被动吸烟者所吸入的有害物质浓度并不比吸烟者低，吸烟者吐出的冷烟雾中，焦油含量比吸烟者吸入的热烟雾中的多1倍，苯并芘多2倍，一氧化碳多4倍。据国际性的抽样调查证实，吸烟致癌患者中的50%是被动吸烟者。吸烟家庭儿童患呼吸道疾病的比不吸烟家庭为多。 被动吸烟对儿童健康有哪些危害？ 相对于一手烟，二手烟对于儿童的伤害是十分大的，第一是会导致婴儿在不明原因的情况下死亡的概率。 第二是导致刚出生的婴幼儿体重低于标准值。 第三是导致儿童的耳朵频繁感染炎症，中耳炎较为多见。 第四是吸烟损害肺部结构、肺功能和呼吸道免疫系统功能，引起多种呼吸系统疾病，且吸烟可导致多种间质性肺疾病，吸烟量越大，吸烟年限越长，疾病的发病风险越高。 第五是烟草烟雾中含有至少69种致癌物，当人体暴露于这些致癌物中时，会引起体内关键基因发生永久性突变并逐渐积累，正常生长调控机制失调，导致恶性肿瘤发生。 第六是吸烟会损伤血管内皮功能，导致动脉粥样硬化改变，使血管腔变窄，动脉血流受阻，引发多种心脑血管疾病。 第七是吸烟使拮抗胰岛素的激素分泌增加，影响细胞胰岛素信号转导蛋白的合成，抑制胰岛素的生成；长期吸烟还可引起脂肪组织的再分布，上述因素均可增加胰岛素抵抗，导致2型糖尿病。 禁烟控烟倡议书 亲爱的家长朋友们： 您好！吸烟不仅有害健康，乱扔烟蒂还会污染环境，严重影响公共卫生以及安全。为了给孩子们创建一个健康的成长环境，避免他们受到烟草的危害，给大家一个干净健康的学习工作环境。在此幼儿园向大家发出倡议： 1.自觉遵守《公共场所吸烟管理条例》等规定，自觉从自身做起，倡导文明健康的生活习惯。在各类公共场所不吸烟，做一个健康文明的公民，为孩子的健康成长树立良好的榜样。 2.主动参与禁烟，在孩子面前不吸烟，在家中尽可能少吸烟、不吸烟。绝不在孩子的学习或游戏场所吸烟，使他们免于遭受二手烟的危害。 3.从家庭做起，主动向亲友宣传吸烟的危害，劝说吸烟的人群少吸烟或不吸烟，拥有一个健康的生活环境。 4.以身示范，教育孩子远离烟草。积极参与宣传吸烟的危害，自觉远离烟草，树立控烟意识，互相监督提醒。 让我们共同行动起来，从自身做起、从现在做起，不吸烟，不敬烟，不送烟，追求文明健康、绿色环保的生活方式，拒绝烟草危害，珍爱生命，为创造清新、舒适的无烟环境，为拥有一个健康、幸福、无烟的春节作出自己应有的贡献！ （东营市东营区辛店街道康都家园幼儿园 王浩 张沙沙 耿娟娟）,知东营客户端,王浩,2024-01-21 21:17:29,http://iapp.zhidongyingapp.com/share/YS0xNjMtMzA3NTcxNDA.html,未知,控烟,中性,未知
20240101240,小监督员上岗 宣传无烟佳节,title: 小监督员上岗 宣传无烟佳节 content: 小监督员上岗 宣传无烟佳节 1月19日，高新区高新街道水工社区联合辖区采荷幼儿园开展“无烟佳节 与爱同行”主题活动。 活动结束后，小小控烟监督员拿到了奖状很开心。图片由社区提供。 为大力营造节日期间无烟氛围，引导群众主动践行健康绿色环保生活方式，社区工作人员和小小控烟监督员通过“用我一颗糖 换你一支烟”的方式向来往的行人讲解吸烟对身体造成的危害及戒烟的好处等，引导人们增强控烟戒烟意识，选择健康、文明的生活方式，共同创建无烟环境。活动中，大家纷纷表示通过此次禁烟知识宣传，更加清晰地认识到烟草的危害，在今后的生活中，要为共创健康绿色的无烟环境出一份力。 活动结束后，水工社区工作人员为参加控烟宣传的小朋友们颁发了“小小控烟员”奖状，鼓励他们在今后的学习生活中传播健康知识、倡导健康文明的生活方式与行为。 水工社区负责人表示，接下来水工社区将进一步发挥社区的服务动能，开展常态化“禁烟”健康知识宣传活动，让更多的人加入到“禁烟”活动中来，共创无烟、清洁、健康的生活环境。,吉林乌拉圈客户端,未知,2024-01-21 14:21:56,http://new.jlwlq.com/wap/show.html?id=120559,未知,控烟、戒烟、控烟戒烟,中性,未知
20240101242,2024美国癌症报告：发病率仍在上升，肺癌是第一死因,title: 2024美国癌症报告：发病率仍在上升，肺癌是第一死因 content: 2024美国癌症报告：发病率仍在上升，肺癌是第一死因 1月18日，2024美国癌症报告发布，该报告由美国癌症协会（ACS）编制。报告显示，预计2024年美国将新增癌症患者超200万例，死亡61万例。在全人群中，致死率最高的分别是肺癌、结直肠癌和胰腺癌。 总体来看，美国癌症死亡率呈逐年下降趋势，自1991年以来，死亡人数预估减少了400万。然而，癌症发病率仍在上升，在10种主要癌症中，有6种癌症的患病率仍在不断上升。在新发癌症病例中，男性约103万人，女性约97万人。 数据显示，在预估的男性新发病例中，前列腺癌、肺癌和结直肠癌最高，占男性所有发病病例的48%，女性新发病例中，乳腺癌、肺癌、结直肠癌最高，占51%。 在癌症死亡的人数方面，据估计2024年美国将有611720人死于癌症。在全人群中，致死率最高的是肺癌、结直肠癌和胰腺癌。其中肺癌是引起男性、女性死亡的第一因素，有81%的肺癌死亡患者是直接由吸烟引起的。此外，结直肠癌发病率上升迅速，成为50岁以下年轻男性的第一位癌症死亡原因，女性的第二位死因。 美国癌症死亡率降低的原因，首先在于美国控烟行动使得肺癌发病率与死亡率都在逐年下降。其次，近年来美国在癌症的诊断、治疗技术上的创新，为癌症治疗提供了新的可能性。随着靶向治疗、免疫疗法等新型治疗方法的出现，许多患者获得了更好的治疗效果。此外基因编辑技术也为癌症治疗带来了革命性的突破。 最后，早期发现也是减少癌症死亡的关键因素。美国运用筛查技术和广泛的筛查计划早期发现和治疗，其中结肠癌和宫颈癌的早期筛查已经显著降低了这些癌症的死亡率。 责编：呼梦瑶 主编：田茹 校对：董颖钰,人民日报健康客户端,王卓,2024-01-21 07:01:05,http://m.peopledailyhealth.com/articleDetailShare?articleId=8bd4b5a6fc1547f994b3105e13aa6445,未知,控烟,负面,未知
20240101243,【倡议书】临汾市尧都区控烟倡议书,title: 【倡议书】临汾市尧都区控烟倡议书 summary: 图文来源：今日尧都在线 content: 【倡议书】临汾市尧都区控烟倡议书 图文来源：今日尧都在线,今日头条客户端,未知,2024-01-20 21:29:02,http://www.toutiao.com/article/7326171769977635337/,未知,控烟,中性,未知
20240101244,专家倡导公众新春送礼不送烟,title: 专家倡导公众新春送礼不送烟 content: 专家倡导公众新春送礼不送烟 每年春节期间都是卷烟的销售高峰。1月18日，新探健康发展研究中心与北京健康教育协会共同发出倡议，倡导公众新春送礼不送烟，见面聚会不吸烟、不敬烟、不劝烟，共同改变不文明习俗。 “统计数据表明，每年春节和中秋节是卷烟销售高峰，春节期间销售超过平日20%—30%。”中国疾病预防控制中心控烟办公室原主任，新探健康发展研究中心副主任、研究员姜垣介绍，2024年的网络调查数据进一步显示，18.4%的吸烟者在2023年收到过礼品烟，20.3%的吸烟者送过礼品烟，已经戒烟的人中这两个比例是3.3%和9.0%，从不吸烟者是1.5%和5.1%。中国国际控烟政策研究报告显示，54.1%的吸烟者身上带着两包烟，其中一包是自己用的，另外一包是用来社交的。“烟草使用的危害是全球近40%的肺癌死亡发生在中国，心梗年龄越来越低，心脑血管疾病死亡率依旧在上升。” “遏制烟草在中国流行的重要一点，就是改变社会风气，过节不送烟、见面不敬烟，不在公共场所吸烟，从你从我，大家一起做。”姜垣呼吁。为此，新探健康发展研究中心联合北京健康教育协会发起“过节送礼不送烟 健康快乐过大年”倡导活动。北京健康教育协会常务副会长刘秀荣介绍，为确保活动顺利进行，新探健康发展研究中心制作了活动工具包，包括活动宣传海报、新探IP形象小新、小探以及支持“送礼不送烟”网络接龙H5。活动工具包可通过烟草控制资源中心网站以及北京健康教育协会官方网站免费下载。（经济日报记者 吴佳佳）,经济日报客户端,吴佳佳,2024-01-20 16:53:00,http://share.jingjiribao.cn/detail/newsDetailShare.html?docid=503139,未知,控烟、戒烟,中性,未知
20240101246,麒麟区西关小学开展“无烟佳节 与爱同行”健康教育宣传活动,title: 麒麟区西关小学开展“无烟佳节 与爱同行”健康教育宣传活动 content: 麒麟区西关小学开展“无烟佳节 与爱同行”健康教育宣传活动 为了贯彻落实上级关于开展“无烟佳节，与爱同行”活动的要求，2024年1月13日，麒麟区西关小学开展了以“无烟佳节，与爱同行”为主题的控烟健康教育宣传活动。 主题班会课上，各班老师向学生宣传吸烟对人体的危害，引导学生认识、了解禁烟标志，帮助学生们真切地认识到烟草带来的危害，坚决拒绝二手烟。力争让每一位同学成为控烟的践行者，自觉做一名控烟活动的宣传员和监督员，积极向亲友普及吸烟的危害，监督身边的大人不吸烟、少吸烟，形成以学生带动家长、辐射社区的浓厚控烟氛围，为每一位学生营造一个健康、无烟的学习和生活环境。 此次活动的开展，旨在教育引导学生充分认识烟草危害，了解控烟核心知识。帮助少年儿童树立“拒吸第一支烟，做无烟新一代”的理念，鼓励广大少年儿童成为学校、家庭的控烟监督员，促进无烟家庭和无烟校园建设。 图文：茹梅英 毕丽芳 石维巧 责编：窦俊伟 审核：李洪利,麒麟云客户端,未知,2024-01-20 15:50:59,http://qjqilin.wengegroup.com/mixmedia/a/202401/20/WS65ab7b64123443c0c9761674.html,未知,控烟,正面,未知
20240101247,硒都民族实验小学：开展“无烟佳节 与爱同行”宣传活动,title: 硒都民族实验小学：开展“无烟佳节 与爱同行”宣传活动 content: 硒都民族实验小学：开展“无烟佳节 与爱同行”宣传活动 湖北日报客户端讯（通讯员 薛传明）1月19日，恩施市硒都民族实验小学开展”无烟佳节 与爱同行“活动。 当天，该校教师利用班会时间，组织学生观看禁烟、控烟宣传片，通过动画形式引导学生了解吸烟和二手烟对自身及家人、环境所造成的危害，让学生充分认识到吸烟的危害性和控烟的重要性，鼓励学生成为学校、家庭控烟监督员，促进无烟学校、无烟家庭建设。活动结束后，学生纷纷表示，一定会“小手牵大手”，回家后引导家长不吸烟，劝导家人主动戒烟。 下一步，学校将通过多种媒介展开宣传，进一步调动全体教职工戒烟、控烟的积极性，引导大家从自身做起，从现在做起，争做戒烟表率，争当控烟先锋，共建清新办公环境，形成人人从自身做起并相互监督的氛围，共建无烟环境，使控烟深入人心。,湖北日报客户端,未知,2024-01-20 12:35:55,http://news.hubeidaily.net/hbrbsharenew/index_share/5/2178743/1958528/0/0,未知,控烟、戒烟,正面,未知
20240101248,全环境立德树人|牟平二实小开展“无烟佳节 与爱同行”禁烟控烟宣传活动,title: 全环境立德树人|牟平二实小开展“无烟佳节 与爱同行”禁烟控烟宣传活动 content: 全环境立德树人|牟平二实小开展“无烟佳节 与爱同行”禁烟控烟宣传活动 大小新闻1月20日讯（通讯员 王丽丽）为进一步加强学校禁烟控烟工作，促进学生身心健康发展，近日，牟平区第二实验小学开展了“无烟佳节，与爱同行”禁烟宣传活动。 首先，各班教师通过班会等多种形式，向学生宣传吸烟对人体的危害，引导学生认识、了解禁烟标志，帮助孩子们真切地认识到烟草带来的危害，坚决拒绝二手烟。接着，学生们用手中的画笔呼吁大家一起行动起来，争做无烟小小宣传员。最后，红领巾宣讲团的队员们以海报等宣传材料为载体，走进社区，向叔叔们广泛宣传烟草危害。 此次禁烟系列活动的开展，弘扬了无烟健康过节文化，进一步引导师生、家长养成文明健康、绿色环保的生活方式。 责编：刘岩,大小新闻客户端,未知,2024-01-20 11:34:49,http://share.ytcutv.com/folder700/folder717/folder741/folder742/2024-01-20/frMG4X0qpbG6Syhk.html,未知,控烟,正面,未知
20240101250,云梦：共享绿色空气共创无烟校园,title: 云梦：共享绿色空气共创无烟校园 content: 云梦：共享绿色空气共创无烟校园 湖北日报客户端讯（通讯员付宜君）为全面开展禁烟工作，提高教职工的控烟意识，树立健康向上的社会风尚，营造教书育人的清新校园环境，促进幼儿身心健康发展，1月19日下午，云梦县实验幼儿园邀请健康副校长钟建华医生开展了控烟禁烟知识培训。 活动中，钟医生引用科学直观的数据，对烟中所含的有害物质、吸烟对人体的危害、二手烟暴露的危害、戒烟的好处等方面作了详细的讲解，让全校教职工清楚地认识到禁烟的必要性。 控烟行动，是我们每个人的义务，全体教职工应共同参与，相互监督，共同打造和谐健康的无烟校园。全民控烟，我们在行动。用我们每个人的努力创造一个无烟、健康的校园环境，让孩子们能够健康快乐的成长。,湖北日报客户端,未知,2024-01-20 10:39:16,http://news.hubeidaily.net/hbrbsharenew/index_share/5/2177390/1957703/0/0,未知,控烟、戒烟,中性,未知
20240101252,最新研究：女性风险更高！,title: 最新研究：女性风险更高！ content: 最新研究：女性风险更高！ 最新发表的一项研究显示，2019年中国40岁以上人群二手烟暴露率达到46.4%，其中女性二手烟暴露率显著高于男性，家庭、工作场所等是接触二手烟的主要场所，且来自工作场所的二手烟正在增加。 以上结论来自2024年1月刊出的中华流行病学杂志。来自中国疾病预防控制中心慢性非传染性疾病预防控制中心的研究团队发表了《2019-2020年中国40岁及以上人群二手烟暴露状况分析》一文。研究基于2019-2020年中国居民慢性阻塞性肺疾病监测数据的结果，分析了40岁及以上人群二手烟暴露情况。该研究有效调查人数达到64142人，采用全国范围的多阶段分层整群抽样得出。 乘务员在列车上向旅客讲解禁烟知识，动员旅客群众自觉不吸烟、主动戒烟，践行文明健康绿色环保生活方式。新华社发 吸烟及二手烟均可能导致慢性阻塞性肺疾病，还会增加患心脏病、卒中、呼吸系统疾病、糖尿病和癌症的风险。世卫组织数据显示，全球每年有约130万人死于二手烟暴露。而多年来，中国居民一直面临较高的二手烟影响。在研究团队2014年调查数据中，中国居民40岁及以上人群二手烟暴露率为44.9%，2019年的调查上升至46.4% 细分数据中，女性二手烟暴露率为47.2%，高于男性的44.8%。研究团队特别强调，虽然中国女性的吸烟率远低于男性，但其二手烟暴露率和暴露强度却高于男性，因此需要特别重视女性的二手烟暴露防控。 从接触二手烟的场所看，家中和工作场所是接触二手烟的两大主要场所，占比分别达到24.3%和23.3%，此外，餐厅和公共交通工具接触二手烟的比例分别为6.6%和2.2%。女性在家中接触二手烟的比例高于男性，研究者建议，应鼓励女性在家中宣传禁烟，并对家庭成员的吸烟行为进行教育和劝诫。 公共场所中，职业为办事人员者在工作场所接触二手烟的比例最高（48.7%），同时，行政干部二手烟暴露率也高达50.6%。研究者认为，这反映出正在实施的禁烟法规和条例并未得到严格执行，相关监督的力度和有效性需进一步加强和提高。 邢台市第三中学学生在倡议禁烟。新华社发 此前有控烟专家告诉南都记者，公共控烟工作很难直接介入家庭和工作场所，因此立法加强对公共场所的控烟尤其重要。此次研究显示，与2014年相比，2019年调查对象在家中接触二手烟的比例下降，在工作场所接触二手烟的比例上升，且职业为农林牧渔水利业的人群上升幅度最大，提示农林牧渔水利业的户外工作场所，可能被现行禁烟法规和条例所忽略，需要加强关注和宣传。 然而，从新冠疫情至今，控烟界已经明显观察到国内无烟立法阻力骤增，控烟执法力度下降。“家庭外环境的二手烟仍需以禁烟条例和法规的形式进行控制，并应采取更有效的措施监督其严格实施。”论文写道。 来源 | 南方都市报,大潮客户端,未知,2024-01-20 07:32:55,http://share.hndachao.cn/local/folder46/folder85/2024-01-20/hJMkr2rxkDzBj0Sc.html,未知,戒烟、控烟,中性,未知
20240101253,无烟佳节 与爱同行——宜宾市南溪区大坪幼儿园开展爱国卫生活动,title: 无烟佳节 与爱同行——宜宾市南溪区大坪幼儿园开展爱国卫生活动 content: 无烟佳节 与爱同行——宜宾市南溪区大坪幼儿园开展爱国卫生活动为了进一步加强幼儿园禁烟、控烟工作，营造一个无烟、清洁、健康的校园环境，使孩子们在无污染的环境里健康成长。近日，宜宾市南溪区大观镇大坪幼儿园立足自身实际，开展了“无烟佳节，与爱同行”爱国卫生活动。南溪区大观镇大坪幼儿园各班教师通过集教活动、游戏等多种形式，向幼儿宣传吸烟对人体的危害，引导幼儿认识禁烟标志，帮助幼儿真切地认识到烟草带来的危害，坚决拒绝二手烟。同时，在家长群对家长进行宣传，提高家长对吸烟所带来的危害的认识。通过爱国卫生宣传活动，进一步提高了大坪幼儿园全体教职工和家长们对吸烟有害健康的认识，了解到禁烟也是保护环境的一项重要措施，懂得了保护环境就是从身边的点滴做起，为孩子们的健康成长作表率！（龚敏 邓文英 唐雨秀 来源：宜宾市南溪区大观镇大坪幼儿园）,网易新闻客户端,四川民生信息,2024-01-20 00:09:00,http://3g.163.com/all/article/IORS3REC0514DBE9.html,未知,控烟,正面,未知
20240101254,民权县卫健委组织县疾控中心、县中医院控烟专家开展“无烟佳节  与爱同行”控烟宣传服务活动,title: 民权县卫健委组织县疾控中心、县中医院控烟专家开展“无烟佳节 与爱同行”控烟宣传服务活动 content: 民权县卫健委组织县疾控中心、县中医院控烟专家开展“无烟佳节 与爱同行”控烟宣传服务活动 为引导群众践行文明健康绿色环保生活方式，1月19日，民权县卫健委组织县疾控中心、县中医院控烟专家走进县民族学校，开展了“无烟佳节 与爱同行”控烟宣传服务活动。 活动现场，专家通过PPT课件，详细讲解了吸烟的危害，引导孩子们充分认识烟草危害，多了解控烟知识，牢固树立“拒吸第一支烟，做无烟新一代”的理念。同时，鼓励他们要成为学校、家庭控烟监督员，通过“小手牵大手”活动，引导家长不吸烟，主动戒烟，为同学们的健康成长作表率。 民权县疾控中心、县好人协会志愿者还给孩子们发放了《控烟与戒烟》宣传折页和水杯，活动深受学校老师和学生的好评。 下一步，民权县卫健委将在全县卫健系统开展全方位、多角度的控烟宣传教育，积极组织控烟服务专家走进乡村和居民小区，宣讲吸烟和二手烟的危害，提升大家的戒烟意愿，倡导过节不吸烟、不敬烟、不送烟，对二手烟说不，共度无烟健康佳节。,顶端新闻客户端,未知,2024-01-19 23:14:40,http://static.dingxinwen.com/dd-sharepage/detail/index.html?id=5628175,未知,控烟、戒烟,正面,未知
20240101256,锦水街道：开展“无烟佳节与爱同行”系列宣传活动,title: 锦水街道：开展“无烟佳节与爱同行”系列宣传活动 content: 锦水街道：开展“无烟佳节与爱同行”系列宣传活动 在新春佳节来临之际，1月17日，平阴县锦水街道开展“无烟佳节 与爱同行”系列宣传活动，进一步推动街道辖区控烟工作开展，营造良好控烟社会氛围。 街道工作人员积极组织辖区群众，通过观看视频的方式深度了解吸烟危害、戒烟误区、戒烟妙招等多方面健康科普知识，让大家全方位多角度了解抽烟的危害以及远离烟草的益处。同时，通过LED大屏幕滚动标语等方式开展宣传，大力提倡过节不吸烟、不敬烟、不送烟，呼吁大家都能积极参与到控烟中来，自觉树立控烟意识。 此次活动的开展，有效提高了公众健康意识，在辖区内营造了良好的控烟舆论氛围，保障辖区群众度过一个祥和无烟健康佳节。,济南发布客户端,未知,2024-01-19 17:17:00,http://jinan.e23.cn/index.php?m=content&c=index&a=show&catid=20&id=392766,未知,控烟、戒烟,正面,未知
20240101257,【创卫动态】临江市建国街道开展“无烟佳节 与爱同行”宣传活动,title: 【创卫动态】临江市建国街道开展“无烟佳节 与爱同行”宣传活动 content: 【创卫动态】临江市建国街道开展“无烟佳节 与爱同行”宣传活动 1月18日，临江市建国街道开展了无烟宣传活动，持续巩固创卫成果，引导群众自觉践行文明健康绿色环保的生活方式，共同营造健康无烟环境。 活动通过投放电子屏、挂宣传条幅、发放控烟宣传资料等方式，向过往群众进行烟草危害的宣传，与群众面对面普及吸烟的危害、戒烟的益处以及如何科学戒烟等知识，同时解答他们在戒烟过程中遇到的问题，邀请居民共同营造无烟环境。 此次活动共发放无烟宣传品200余件、服务群众100余人次，使群众对烟草的危害有了更深入的了解，表示将积极参与到戒烟行动中。 临江融媒 作者：徐聪 编辑：杨扬 责编：李鸣 审核：李伟,吉林融媒客户端,未知,2024-01-19 16:48:12,http://share.plus.jlntv.cn/jlrm/folder396/folder400/folder554/2024-01-19/i8WROaB4i1IgznHf.html,未知,控烟、戒烟,正面,未知
20240101258,济宁市任城区南张街道宋北村开展“控烟禁烟”宣传活动,title: 济宁市任城区南张街道宋北村开展“控烟禁烟”宣传活动 content: 济宁市任城区南张街道宋北村开展“控烟禁烟”宣传活动 山东商报·速豹新闻网 通讯员 康倩 为营造良好的无烟环境，增强控烟禁烟意识，进一步提高全民对吸烟危害的认识，营造无烟、清洁、健康的生活环境。近日，济宁市任城区南张街道宋北村网格中心网格员们在辖区内开展“控烟禁烟”宣传活动。 活动中，网格员深入群众通过发放禁烟健康知识宣传单页的方式，向商户、顾客、居民详细讲解了烟草的危害及抽烟的不良影响，倡导广大群众控烟禁烟，保护自己和他人的身体健康。“通过控烟禁烟的宣传，让我认识到吸烟有害健康，存在安全隐患，影响店内卫生环境，我今后一定更加注意，带头控烟禁烟。”中心大街超市的负责人宋先生说。网格员向辖区居民宣传了吸烟的危害，并呼吁大家共同参与到控烟禁烟的行动中来，向群众普及健康知识，引导大家树立正确的健康观念。让大家了解吸烟的危害性，并倡导大家共同为创建一个无烟的环境而努力。 通过这次宣传活动，不仅向广大群众传递了正确的健康观念，还增强了大家对吸烟危害的认识。下一步，南张街道宋北村网格中心网格员将继续积极参与到控烟禁烟的行动中来，共同为创建一个无烟的环境而努力。,速豹新闻客户端,未知,2024-01-19 15:51:50,http://open.tmtsp.com/app/multimedia/article?key=65a9f93a58f638bc7a8b4570&class=article&flag=app&type=new&device=android,未知,控烟,正面,未知
20240101260,"【世卫组织发布报告：2025年全球吸烟者预计降至12亿】
据《环球时报》援引欧洲新闻网消息，世界卫生组织（WHO）日前发布了全球烟草使用流行趋势报告。报告称，2022年全球吸烟者数量呈下降趋势，约有1/5（12.45亿）的成年人吸烟，2000年这一比例为1/3。

预计到2025年，全球吸...",title: 【世卫组织发布报告：2025年全球吸烟者预计降至12亿】 据《环球时报》援引欧洲新闻网消息，世界卫生组织（WHO）日前发布了全球烟草使用流行趋势报告。报告称，2022年全球吸烟者数量呈下降趋势，约有1/5（12.45亿）的成年人吸烟，2000年这一比例为1/3。 预计到2025年，全球吸... content: 【世卫组织发布报告：2025年全球吸烟者预计降至12亿】 据《环球时报》援引欧洲新闻网消息，世界卫生组织（WHO）日前发布了全球烟草使用流行趋势报告。报告称，2022年全球吸烟者数量呈下降趋势，约有1/5（12.45亿）的成年人吸烟，2000年这一比例为1/3。 预计到2025年，全球吸...【世卫组织发布报告：2025年全球吸烟者预计降至12亿】&lt;br / 据《环球时报》援引欧洲新闻网消息，世界卫生组织（WHO）日前发布了全球烟草使用流行趋势报告。报告称，2022年全球吸烟者数量呈下降趋势，约有1/5（12.45亿）的成年人吸烟，2000年这一比例为1/3。&lt;br / &lt;br / 预计到2025年，全球吸烟者数量将降至12亿。尽管全球吸烟者数量持续下降，但预计到2025年，还无法实现在2010年吸烟者数量基础上减少30%的全球目标，预计只有56个国家能实现该目标。&lt;br / &lt;br / 埃及、印度尼西亚、约旦等国的吸烟者数量仍在上升。WHO敦促各国继续实施控烟政策。WHO此次调查对象包含加热式的纸卷烟、叶卷、无烟烟草等，但不包括电子烟。,百度新闻客户端,36氪,2024-01-19 14:48:58,http://mbd.baidu.com/newspage/data/dtlandingsuper?nid=dt_3475140215630691657&sourceFrom=homepage,未知,控烟,正面,未知
20240101263,肥西县桃花镇：无烟佳节 与爱同行,title: 肥西县桃花镇：无烟佳节 与爱同行 content: 肥西县桃花镇：无烟佳节 与爱同行 为进一步推动控烟工作开展，引导广大居民朋友践行文明健康绿色环保生活方式，营造“两节”无烟氛围，近日，肥西县桃花镇卫健办、爱卫办联合幸福坝社区组织开展“无烟佳节 与爱同行”禁烟控烟主题宣传活动。 工作人员讲述吸烟对身体的危害 刘程程/摄 活动中，工作人员通过图片、视频、PPT等多种形式向辖区居民介绍吸烟和二手烟的危害，提醒居民群众不要在室内、公共场所吸烟，大力弘扬无烟健康过节文化，倡导过节不吸烟、不敬烟、不送烟，引导居民养成健康的生活方式和生活习惯。参加活动的居民张然说道：“吸烟的危害比我想象的还要大，之前总感觉拒绝别人递烟挺不好意思的，现在觉得很有必要。” 通过此次宣传活动，切实提高了广大居民群众对烟草危害的认识，增强了居民控烟意识，为营造良好的无烟环境、共享健康生活打下了良好的基础。（刘程程 苏艳） “无烟佳节 与爱同行”——鼓楼街道锥子庙社区控烟宣传活动 阜阳青少年烟草流行监测启动 裕安区医保局开展无烟宣传活动 肥西县高店镇：无烟科普为孩子成长护航 霍邱一男子在动车上吸烟触发烟雾报警器，行政拘留5日,大皖新闻客户端,未知,2024-01-19 13:32:54,http://m.ahwang.cn/p/2628656.html,未知,控烟,中性,未知
20240101264,天民学校开展“拒吸一支烟，做无烟新一代”主题班会活动,title: 天民学校开展“拒吸一支烟，做无烟新一代”主题班会活动 content: 天民学校开展“拒吸一支烟，做无烟新一代”主题班会活动 为了进一步推动我市控烟工作开展成效，引导群众践行文明健康绿色环保生活方式，营造“迎新春”无烟氛围，芜湖市天民学校在元月19日开展了“拒吸一支烟，做无烟新一代”控烟主题班会教育活动，利用好放假前最后一节课进行主题教育。 这次班会活动引导学生充分认识了烟草危害，了解了控烟相关的核心知识。科普了烟草烟雾和电子烟危害，帮助青少年树立起“拒吸第一支烟，做无烟新一代”的理念。鼓励广大青少年成为学校、家庭控烟监督员，促进无烟学校、无烟家庭建设。,大江看看客户端,未知,2024-01-19 11:46:53,http://school-reporter.wuhunews.cn/newsDetail/1748175783207624705,未知,控烟,正面,未知
20240101265,“无烟佳节 与爱同行”——芜湖市官河小学开展无烟宣传系列活动,title: “无烟佳节 与爱同行”——芜湖市官河小学开展无烟宣传系列活动 content: “无烟佳节 与爱同行”——芜湖市官河小学开展无烟宣传系列活动 为进一步提高师生对烟草危害的正确认识，营造无烟、绿色、文明的健康校园，加强控烟的科普宣传，近日，芜湖市官河小学开展了以“无烟佳节 与爱同行”为主题的系列活动。 活动通过主题晨会、主题班会、控烟知识有奖竞答等方式进行。学校的老师们用通俗易懂的语言向学生们科普烟草的危害，传播控烟知识，同时宣传“无烟家庭”的重要性，倡导家庭成员不吸烟，争当家庭控烟劝导员。 部分班级还开展了控烟知识有奖竞答互动活动，大家踊跃发言，气氛热烈。活动结束后，同学们纷纷表示，通过今天的活动深刻认识到了吸烟的危害，要劝家人尽早戒烟，为全社会营造无烟环境。 通过此次活动，使得学生对烟草的危害有了进一步的认识，强化了学生对拒绝烟草的意识，对无烟校园、无烟家庭的创建起到积极推进作用。,大江看看客户端,未知,2024-01-19 11:46:50,http://school-reporter.wuhunews.cn/newsDetail/1748180042871463938,未知,控烟、戒烟,正面,未知
20240101266,芭蕉侗族乡中心幼儿园：控烟从小抓起,title: 芭蕉侗族乡中心幼儿园：控烟从小抓起 content: 芭蕉侗族乡中心幼儿园：控烟从小抓起 湖北日报客户端讯（通讯员 葛乙璇 张露）1月19日，芭蕉侗族乡中心幼儿园开展控烟宣传活动。 各班老师从烟草中的有害物质、吸烟者肺的变化、二手烟的危害及吸烟对幼儿的危害等方面讲述，学生们认真聆听，纷纷表示要回家给家里人讲述烟草烟雾的危害，希望他们控烟。 活动主要目的是努力构建无烟校园和家庭，让学生把控烟知识带回家，向家长宣传吸烟的危害，做好控烟活动的宣传员和监督员，形成以学生带动家庭、社会的浓厚戒烟氛围。,湖北日报客户端,未知,2024-01-19 10:58:05,http://news.hubeidaily.net/hbrbsharenew/index_share/5/2174627/1955083/0/0,未知,控烟、戒烟,中性,未知
20240101267,奇台县“无烟佳节 与爱同行”倡议书,title: 奇台县“无烟佳节 与爱同行”倡议书 content: 奇台县“无烟佳节 与爱同行”倡议书 广大居民朋友们: 为进一步推动奇台县“无烟佳节 与爱同行”活动开展，持续巩固创卫成果，引导群众自觉践行文明健康绿色环保生活方式，共同营造元旦、春节“双节”健康无烟环境，在此，我们发出如下倡议: 一、心中无烟。要认识烟草危害，了解烟草危害，提高自身防控烟草危害意识和能力.增强自我控制能力，自觉抵制诱惑，倡导过节不吸烟、不敬烟、不送烟。 二、手中无烟。不在公共场所、室内工作场所和公共交通工具内吸烟，以实际行动践行文明健康绿色环保生活方式的重要体现。各级领导干部、公职人员和教师、医务人员要带头示范，自觉遵守公共场所禁烟规定，自觉维护法规制度权威，自觉维护党政机关和领导干部形象。 三、室内无烟。各机关单位、医院、学校、宾馆、车站、商场、影院、餐饮店、体育场馆等所有公共场所实行全面禁烟，在醒目位置张贴禁烟标志，落实控烟责任，带动全社会创建无烟环境。我们每个人都有向二手烟说“不”的权利，拒绝吸烟、二手烟，争当爱国卫生运动志愿者、控烟劝导员和监督员，主动劝阻 他人不在禁烟场所吸烟，带动身边人文明劝导，共促健康。让我们共同行动起来，从自身做起，从现在做起，追求文明健康的生活方式，拒绝烟草危害，欢度无烟佳节。 奇台县爱国卫生运动委员会办公室 2024年1月15日 责任编辑：王丽,奇台好地方客户端,未知,2024-01-19 10:52:42,http://tnews.xjmty.com/app/qtx/yw/202401/t20240119_18664190.html,未知,控烟,中性,未知
20240101268,2025年全球吸烟者数量预计将降至12亿,title: 2025年全球吸烟者数量预计将降至12亿 content: 2025年全球吸烟者数量预计将降至12亿 [环球时报综合报道]世界卫生组织（WHO）日前发布了全球烟草使用流行趋势报告。欧洲新闻网17日援引报告的内容报道称，2022年全球吸烟者数量呈下降趋势，约有1/5（12.45亿）的成年人吸烟，2000年这一比例为1/3。预计到2025年，全球吸烟者数量将降至12亿。 报告称，全球有150个国家成功减少了烟草使用，其中巴西、荷兰取得较大成效，与2010年相比，这两个国家2022年的吸烟者分别减少35%和30%左右。WHO健康促进司司长克雷希表示，近年来控烟工作取得了良好进展，但还不能自满，政府一旦放松，烟草业就会伺机扩张。 尽管全球吸烟者数量持续下降，但预计到2025年，还无法实现在2010年吸烟者数量基础上减少30%的全球目标，预计只有56个国家能实现该目标。埃及、印度尼西亚、约旦等国的吸烟者数量仍在上升。WHO敦促各国继续实施控烟政策。WHO此次调查对象包含加热式的纸卷烟、叶卷、无烟烟草等，但不包括电子烟。（刘彬）,UC浏览器客户端,未知,2024-01-19 10:23:18,http://iflow.uc.cn/ucnews/news?app=ucnews-iflow&aid=1942533658931918272&cid=100&zzd_from=ucnews-iflow&uc_param_str=dndseiwifrvesvntgipf&recoid=&rd_type=share&pagetype=share&btifl=100,未知,控烟,中性,未知
20240101269,过年不送烟：烟草依赖是致死性慢病,title: 过年不送烟：烟草依赖是致死性慢病 content: 过年不送烟：烟草依赖是致死性慢病过年不送烟：烟草依赖是致死性慢病|改变社会风气，降低烟草危害|绿会控烟组支持春节临近，又到了置备年货准备走亲访友的时候了。不知您的预备年货清单里，是否有这样东西：烟。如果有，建议尽快拿掉。因为，社会风气已经在改变，过去每逢节假日送烟敬酒，人们会觉得很平常，但现在，年货礼品更注重健康和品质。国家呼吸医学中心控制吸烟与呼吸疾病防控部主任肖丹曾明确表示，烟草依赖是致死性慢病。显然，过年送烟，是对吸烟行为的一种变相鼓励。在1月18日农历传统腊八节召开的“过节送礼不送烟健康快乐过大年”信息交流会上，主办方新探健康发展研究中心和北京健康教育协会向与会嘉宾发布了鼓励过年不送烟，促进社会风气良性向好的一系列设计产品，其中包括：可供社会各界免费下载使用的宣传海报、造型可爱的控烟宣传IP吉祥物、“送礼不送烟”网络互动接龙小程序等，并邀请与会嘉宾现场参与。中国疾病预防控制中心控烟办公室原主任，新探健康发展研究中心副主任姜垣介绍，2020年，中国人口占全球不到19%，但生产了全球46%的卷烟，肺癌新发病例占全球37%，死亡占39.8%。统计数据同时表明，每年春节和中秋节是卷烟销售高峰，春节期间销售超过平日的20-30%。北京健康教育协会常务副会长刘秀荣表示，中国有烟民3.5亿，被动吸烟人群达7.4亿，几乎每个人都和烟草危害息息相关。主办方提供的问卷调查数据亦显示，2023年中，收礼品烟、送礼品烟比例分别在18.4%和20.3%，仍有很大的改进空间。原中国预防医学科学院院长，新探健康发展研究中心前主任王克安在启动此次倡导接龙小程序时呼吁，不敬烟、不送烟，不在公共场合吸烟。随着我国加入世界卫生组织《烟草控制框架公约》和《健康中国行动（2019—2030年）》，人们对烟草危害的认知有了进一步的提升。春节是中华民族的传统佳节，2024年的龙年春节，也是联合国将春节（农历新年）确定为联合国假日后的首个春节。中国越来越多的传统节日和民俗文化正在被全球越来越多的国家所喜爱和接受，那么在这些节日的传承和推广中，也需要取其糟粕取其精华，让健康与环保理念得以发扬。中国生物多样性保护与绿色发展基金会（简称中国绿发会）控烟工作组从#生态保护协同控烟#角度切入推进控烟工作，先后提起了绿皮车吸烟危害公共环境健康、商场设置吸烟区污染室内公共场所等控烟领域的环境公益诉讼案例，这也是推动室内公共场所吸烟风气转变的重要内容。中国绿发会控烟工作组也将协同主办方和社会各界共同推动“送礼不送烟”的社会风气得到更多人的支持与接受。文|Tammy审|cherry 编|石头,网易新闻客户端,中国绿发会,2024-01-19 10:04:00,http://3g.163.com/all/article/IOQBK0JC05346JLK.html,未知,控烟,中性,未知
20240101270,嘉荫县开展“无烟佳节 与爱同行”健康教育知识讲座,title: 嘉荫县开展“无烟佳节 与爱同行”健康教育知识讲座 content: 嘉荫县开展“无烟佳节 与爱同行”健康教育知识讲座 近日，嘉荫县新时代文明实践中心组织开展“无烟佳节 与爱同行”健康教育知识讲座。 讲座中，县新时代文明实践中心邀请县疾控中心的医疗志愿者为辖区群众讲解控烟健康知识，围绕吸烟导致的疾病以及常见传染病等内容进行讲解，运用真实案例和具体数据讲述科普烟草对健康的危害，也让群众对常见传染病的预防有了更深的了解与认识。 健康教育知识讲座的举办进一步引导广大群众树牢“每个人都是自己健康第一责任人”的健康理念，促进群众养成科学、文明、健康的生活习惯和自我防范意识，营造了全社会支持控烟的良好氛围，为共建无烟环境、共享健康生活打下了良好基础。 来源：文明嘉荫 编辑：柳娜 一审：白雪 二审：印蕾 三审：邹韵,情满嫩江客户端,未知,2024-01-19 09:42:00,http://api.zy.dbw.cn/jgxw/api/newsdetail.aspx?id=41862,未知,控烟,中性,未知
20240101271,县交通运输局“无烟佳节，与爱同行”控烟倡议书,title: 县交通运输局“无烟佳节，与爱同行”控烟倡议书 content: 县交通运输局“无烟佳节，与爱同行”控烟倡议书 “无烟佳节，与爱同行” 控烟倡议书 烟草是人类健康的致命杀手。我国是世界上最大的烟草生产国和消费国，也是烟草最大的受害国，每年有超过100万人死于烟草导致的相关疾病。但是，由于公众对烟草危害的认识不够，在我国仍存在逢年过节相互递烟、送烟的社会风气。为营造无烟氛围，特向全体干部职工和广大群众提出倡议： 一、不当着他人的面吸烟。 吸烟不仅会对吸烟者自身的健康造成危害，还会对广大非吸烟者造成二手烟暴露的危害，尤其是妇女和儿童。不吸烟是文明行为，不让别人吸二手烟是社会道德行为。要勇敢地向二手烟说“不”，维护大家的健康权。 二、不向来宾敬烟。 敬烟的本意是对宾客的尊重，体现着人与人之间的良好关系，但由于烟草的危害性，使得敬烟行为反而成了危害宾客健康的冷箭！树立新风尚，做到不敬烟，不劝烟。 三、过节期间不送烟。 过节馈赠礼品是亲朋好友间关心和祝福的传递，送的理应是健康和温暖，让“送礼不送烟”成为新时期的健康好风尚！ 2024年让我们积极倡导“四不理念”：不在他人面前吸烟、劝阻不吸二手烟、迎来送往不敬烟、过节期间不送烟。做到“不吸烟，不敬烟，不送烟”，让我们共同拥有一个健康、幸福、无烟的佳节。 责编：刘鹏程 一审：刘鹏程 二审：傅南朝 三审：罗彬 来源：平江县融媒体中心,今日平江客户端,未知,2024-01-19 09:26:47,http://m-xhncloud.voc.com.cn/portal/news/show?id=9317958,未知,控烟,中性,未知
20240101272,WHO：2025年吸烟人数将降至12亿,title: WHO：2025年吸烟人数将降至12亿 content: WHO：2025年吸烟人数将降至12亿世界卫生组织（WHO）日前发布了全球烟草使用流行趋势报告。欧洲新闻网17日援引报告的内容报道称，2022年全球吸烟者数量呈下降趋势，约有1/5（12.45亿）的成年人吸烟，2000年这一比例为1/3。预计到2025年，全球吸烟者数量将降至12亿。报告称，全球有150个国家成功减少了烟草使用，其中巴西、荷兰取得较大成效，与2010年相比，这两个国家2022年的吸烟者分别减少35%和30%左右。WHO健康促进司司长克雷希表示，近年来控烟工作取得了良好进展，但还不能自满，政府一旦放松，烟草业就会伺机扩张。尽管全球吸烟者数量持续下降，但预计到2025年，还无法实现在2010年吸烟者数量基础上减少30%的全球目标，预计只有56个国家能实现该目标。埃及、印度尼西亚、约旦等国的吸烟者数量仍在上升。WHO敦促各国继续实施控烟政策。WHO此次调查对象包含加热式的纸卷烟、叶卷、无烟烟草等，但不包括电子烟。▲ （刘 彬）,网易新闻客户端,环球时报国际,2024-01-19 07:04:00,http://3g.163.com/all/article/IOQ1EUU205504DOQ.html,未知,控烟,中性,未知
20240101274,富蕴县人民医院积极开展南丁格尔志愿者服务活动,title: 富蕴县人民医院积极开展南丁格尔志愿者服务活动 content: 富蕴县人民医院积极开展南丁格尔志愿者服务活动 新春佳节将至，为了提高辖区居民对吸烟危害健康的认识，倡导文明生活方式，营造一个健康、清洁、无烟的社区环境，1月16日，富蕴县人民医院南丁格尔志愿者在新新社区开展了“无烟佳节，与爱同行”戒烟宣传活动。 活动中，心血管消化科呼吸科医师库勒恰什通过PPT《吸烟有害健康——珍爱生命，远离烟草》，向居民介绍了烟草对健康以及环境的危害，吸烟可能引发的疾病和二手烟的危害及戒烟方法，鼓励居民积极参与控烟、主动戒烟，养成良好的生活习惯。 随后，志愿者们向前来的居民发放了戒烟宣传资料，并向居民详细讲解了戒烟的好处，告知居民烟草制品容易使人上瘾，会导致心脏病的发生，劝诫广大居民远离烟草尽早戒烟，并呼吁居民不要在室内、公共场所、工作场所内吸烟，共同创建无烟环境。 此次宣传活动共发放禁烟宣传资料50余份，让更多居民了解了吸烟有害健康及控烟的重要性。同时号召居民积极行动起来，珍爱生命，以身作则，营造良好的生活环境，共建无烟社区，共享健康生活。 责任编辑：赵悦,富蕴好地方客户端,未知,2024-01-18 19:01:57,http://tnews.xjmty.com/app/fyx/tj/202401/t20240118_18657293.html,未知,戒烟、控烟,正面,未知
20240101275,随县均川镇卫生院倡导全民共筑无烟环境，共度健康佳节,title: 随县均川镇卫生院倡导全民共筑无烟环境，共度健康佳节 content: 随县均川镇卫生院倡导全民共筑无烟环境，共度健康佳节随县均川镇卫生院倡导全民共筑无烟环境，共度健康佳节为提高居民对烟草危害的认识，营造春节无烟氛围，均川镇卫生院以临近春节为契机，以促进全民身体健康为目的，通过线上线下多种形式全面开展以“无烟佳节与爱同行”为主题的控烟知识科普宣传活动。近日，由分管院长佘家军和公共卫生科长夏军玲带领医务人员在均川镇卫生院门诊楼前设置戒烟宣传咨询台，零距离的为辖区居民宣传烟草点燃后产生的有毒有害物质对环境的影响，吸烟、二手烟、电子烟对身体健康的危害，戒烟的好处和科学戒烟的方法，大力弘扬无烟健康过节文化，倡导过节“不吸烟、不敬烟、不送烟”，提升居民戒烟意愿，为有意愿戒烟的群众指引到戒烟门诊，建立戒烟档案，提供免费戒烟咨询服务，提高戒烟成功率。为引导学生了解控烟核心知识，帮助青少年树立“拒吸第一支烟，做无烟新一代”的理念，均川镇卫生院宣教人员为均川镇第二小学学生上了一堂控烟健康教育课，鼓励广大青少年洁身自律，远离烟草，并劝导家长不吸烟，主动戒烟，为青少年健康成长作表率，共建无烟环境。为扩大宣传面，加大宣传力度，均川镇卫生院利用电子屏24小时滚动播放“无烟佳节与爱同行”宣传标语，悬挂宣传横幅，发放戒烟科普宣传手册，利用接种留观室循环播放控烟戒烟科普视频，利用微信群、QQ群广泛发送控烟戒烟科普视频和科普知识讲座，引导居民养成健康的生活方式和良好的生活习惯。本次宣传活动接受健康教育人群众多，有效提高了辖区居民控烟戒烟意识，为提高公众健康水平和创造一个安定祥和的无烟健康春节奠定了基础。（叶明秀 陈小华）,网易新闻客户端,编辑桂华生,2024-01-18 16:21:00,http://3g.163.com/all/article/IOOEUSV90545AX76.html,未知,控烟、戒烟、控烟戒烟,正面,未知
20240101276,健康嘉兴建设考核组来善开展考核,title: 健康嘉兴建设考核组来善开展考核 content: 健康嘉兴建设考核组来善开展考核 1月17日上午，由市卫生健康委党委委员、计生协会专职副会长孙扣红带队的健康嘉兴建设考核组来善，通过分组实地检查、查阅台账资料等形式对2023年度健康嘉善建设工作进行考核。 考核组一行先后深入机关单位、住宅小区、社区农村等场所，重点了解公筷公勺使用、村社公共卫生、公共场所控烟等工作的开展情况。 2023年，嘉善县紧紧围绕卫生健康现代化要求，通过优化管理机制、培育一镇一品、创新平台载体、开展全域整治、完善健康保障、发展健康产业等举措，全面特色推进健康嘉善建设。截至目前，我县已连续两年获得健康浙江考核县域第一名，连续三年有省级样板入选，爱国卫生多个案例获得国家级荣誉 接下去，嘉善县将持续完善健康嘉善建设县镇村三级纵深推进机制，全面深入推进健康嘉善行动多点开花，构建全域全员全程推进的健康嘉善建设氛围，奋力打造健康浙江建设县域示范高地。 编辑 | 蒋青霞 责审 | 彭鑫 倪杨艳,in嘉善客户端,未知,2024-01-18 16:20:10,http://dapp.injs.jsxww.cn/download?action=6&id=8196541666732790153,未知,控烟,中性,未知
20240101277,安陆市卫健局开展“无烟佳节与爱同行”控烟宣传活动,title: 安陆市卫健局开展“无烟佳节与爱同行”控烟宣传活动 content: 安陆市卫健局开展“无烟佳节与爱同行”控烟宣传活动 湖北日报客户端讯（通讯员黄贤 曾超）1月17日上午，安陆市卫健局在辛榨初级中学开展“无烟佳节与爱同行”控烟宣传活动。 活动现场，通过设立控烟宣传展板、发放控烟宣传折页、宣读“无烟佳节 与爱同行”倡议书、控烟签名，以及讲解吸烟的危害等形式，引导学生充分认识烟草危害，了解控烟核心知识，鼓励广大青少年成为学校、家庭控烟监督员，促进无烟学校、无烟家庭建设。 与此同时，市直医疗卫生单位和乡镇卫生院、社区卫生服务中心纷纷开展形式多样的控烟宣传活动，引导群众践行文明健康绿色环保生活方式，让“拒绝吸烟 保护健康”的观念深入人心，营造春节无烟的良好环境。,湖北日报客户端,未知,2024-01-18 16:04:39,http://news.hubeidaily.net/hbrbsharenew/index_share/5/2171856/1952770/0/0,未知,控烟,正面,未知
20240101280,兰考县公共资源交易中心：开展“无烟佳节 与爱同行”活动,title: 兰考县公共资源交易中心：开展“无烟佳节 与爱同行”活动 content: 兰考县公共资源交易中心：开展“无烟佳节 与爱同行”活动 为积极响应爱卫办关于开展“无烟佳节 与爱同行”活动通知要求，营造春节无烟氛围，引导群众践行文明健康绿色环保生活方式，兰考县公共资源交易中心采取多种形式，积极做好控烟宣传教育活动。 一是加强宣传教育。组织干部职工学习《关于领导干部带头在公共场所禁烟有关事项的通知》、集中观看控烟宣传片，广泛动员和鼓励干部职工积极参与控烟工作，号召大家弘扬无烟文化，摒弃送烟敬烟等陈规陋习，提高文明素质。 二是营造控烟氛围。利用中心院内电子大屏、LED屏持续滚动宣传吸烟具有危害性的公益宣传片和宣传标语，在楼梯步道、会议室、开标室、评标室、洗手间等公共区域醒目位置张贴禁烟标识，办公室内摆放禁止吸烟标识牌，全面杜绝吸烟行为，营造良好氛围。 三是设置控烟劝导员。对干部职工及外来办事人员在办公场所吸烟、丢弃烟头的行为及时进行劝导和清扫，为本单位职工及外来办事人员提供一个良好的工作及服务环境，彰显交易中心的文明形象。,云上兰考客户端,未知,2024-01-18 12:32:50,http://lankao.dxhmt.cn/api/page/goPage?type=2&objectId=e17b4b93838448b1bfe326c434766c4c,未知,控烟,正面,未知
20240101281,今年过年别再送烟了！中国肺癌死亡人数全球最多,title: 今年过年别再送烟了！中国肺癌死亡人数全球最多 content: 今年过年别再送烟了！中国肺癌死亡人数全球最多 吸烟危害健康。春节临近，2024年1月 18日，新探健康发展研究中心联合北京健康教育协会发起了“过节送礼不送烟 健康快乐过大年”倡导活动，旨在新春佳节前，在公众中倡导新春送礼不送烟、见面聚会不吸烟、不敬烟、不劝烟，以期能够起到改变不文明习俗，共度健康文明春节的果效。 戒烟志愿者杜一夫在活动现场分享自己的戒烟经验。 澎湃新闻记者 刁凡超 摄 澎湃新闻从当日举办的信息交流会上获悉，我国有一半的男性居民每天吸烟，超过7亿人暴露于二手烟中，中国是全球因肺癌死亡人数最多的国家，心脑血管疾病死亡人数也逐年上升，烟草使用还会增加患糖尿病等疾病的风险。不仅吸烟有害健康，二手烟和三手烟也同样可以严重危害家人、孩子的身心健康，特别是孩子的呼吸道和肺部。 春节，是洋溢着家庭温馨与亲情欢乐的美好时刻，家人团聚幸福温暖其乐融融。曾经，由于我们对烟草危害了解的不多，很多人在传统佳节，走亲访友时会把卷烟当做礼品送给亲朋，亲友聚会时也常互相敬烟，吸烟陋习流行。 “统计数据表明，每年春节和中秋节是卷烟销售高峰，春节期间销售超过平日20-30%;2005年有数据表明，19.11%，9.02%的吸烟者在过去三个月送过、收到过礼品烟，超过23%的吸烟者或者送过礼品烟或者收到过礼品烟。”中国疾病预防控制中心控烟办公室原主任，新探健康发展研究中心副主任、研究员姜垣说。 据姜垣介绍，2024年的网络调查的数据进一步显示，18.4%的吸烟者在2023年收到过礼品烟，20.3%的吸烟者送过礼品烟，已经戒烟的人中这两个比例是3.3%和9.0%，从不吸烟者是1.5%和5.1%。 中国国际控烟政策研究(ITC)报告显示，54.1%的吸烟者身上带着两包烟，其中一包是自己用的，另外一包是用来社交的。不吸烟的社会风尚未形成。 “目前中国超过一半的男性是吸烟者。烟草使用的危害就是全球近40%的肺癌死亡发生在中国，心梗年龄越来越低，心脑血管疾病死亡依旧在上升。遏制烟草在中国的流行重要一点就是改变社会风气，过节不送烟、见面不敬烟，不在公共场所吸烟，从你从我，大家一起做”。姜垣说。 据北京健康教育协会常务副会长刘秀荣介绍，为确保本次倡导活动顺利进行，主办单位新探健康发展研究中心特别制作了活动工具包，其中包括活动宣传海报、新探IP形象小新、小探以及支持“送礼不送烟”网络接龙H5”。活动工具包将通过烟草控制资源中心网站(www.tcrc.org.cn)，以及北京健康教育协会官方网站(https://www.bjjkjy.org.cn) 发布并向有需要的单位或个人提供免费下载。 原中国预防医学科学院院长，新探健康发展研究中心前主任王克安，启动了此次倡导活动小程序。他说：“烟草严重危害了我们的健康!不敬烟、不送烟，不在公共场合吸烟。2024年，改变社会风气从点滴做起，靠你、靠我、靠大家。”,顶端新闻客户端,熊子文,2024-01-18 11:45:06,http://static.dingxinwen.com/dd-sharepage/detail/index.html?id=5617198,未知,戒烟、控烟,负面,未知
20240101282,枣阳市举行“无烟佳节 与爱同行”启动仪式,title: 枣阳市举行“无烟佳节 与爱同行”启动仪式 content: 枣阳市举行“无烟佳节 与爱同行”启动仪式 1月18日，枣阳市“无烟佳节与爱同行”启动仪式在该市实验中学学术报告厅举行。该活动由枣阳市卫健局、枣阳市教育局、枣阳市爱卫办和枣阳市疾控中心联合主办，枣阳市实验中学承办。来自全市部分学校师生代表共计260人参加活动。 此次活动目的是为全面推进落实控烟行动，引导师生自觉养成文明健康的卫生习惯，维护师生身心健康，营造良好的清新校园环境。在实践活动中，积极践行文明健康生活方式，拒绝烟草，珍爱生命，以“小手拉大手”，带动自己的家人，身边的亲戚朋友，为给广大市民营造一个无烟、清洁、健康的环境，共同推进健康枣阳建设而贡献自己的力量。 参会人员表示将积极践行文明健康生活方式，学校将一直秉承“无烟校园”的理念，致力于做好吸烟危害健康的知识普及和行为养成教育工作，为学生营造一个良好清新的校园环境，促进学生全面、健康成长，为创建绿色、健康、文明、和谐的无烟校园。 （湖北日报客户端通讯员 姜继红 赵勇）,湖北日报客户端,未知,2024-01-18 11:35:02,http://news.hubeidaily.net/hbrbsharenew/index_share/5/2170525/1951371/0/0,未知,控烟,中性,未知
20240101283,园林社区：无烟佳节，与爱同行,title: 园林社区：无烟佳节，与爱同行 content: 园林社区：无烟佳节，与爱同行 中国每年因吸烟死亡的人数逾100万，吸烟人数超过3亿，约有7.4亿不吸烟者遭受二手烟的危害。香烟严重危害人类健康。为了减少香烟对人群的危害，在2024元旦和春节期间，城北街道园林社区卫计工作人员联合社区网格办，利用网格例会，先对网格员进吸烟危害的宣传，让他们带头做戒烟的宣传者、倡导者、发动者。然后进行入户宣传。让居民认识到香烟燃烧的不只是烟草，更是自己的健康和生命。还有二手烟、三手烟同样吞噬着周围人的健康，更与中国第一大癌症的发病密切相关。 本次控烟宣传活动，通过社区、网格、居民联合行动，让更多的身边人认识到香烟的危害，主动的加入到对香烟说不的行动中，从而让无烟家庭、无烟单位、无烟社区、无烟环境成为我们的新风尚。 于此同时本次活动还大力弘扬无烟健康过节，倡导过节不吸烟、不敬烟、不送烟，对“二手、三手烟”说不。让居民过一个无烟健康快乐的佳节。 来源：通讯员 张小祥 编辑：陈文珺,扬帆客户端,陈文珺,2024-01-18 11:10:32,http://news.96189.com/w/2401/87bba658151a41c29070d28fb6bdaf96.html,未知,戒烟、控烟,中性,未知
20240101284,接力转发！咸宁发出最新倡议书,title: 接力转发！咸宁发出最新倡议书 content: 接力转发！咸宁发出最新倡议书无烟佳节与爱同行倡议书亲爱的市民朋友们：给您拜个早年！众所周知，吸烟有害健康。作为世界上最大的烟草生产国和消费国，我国因烟草而受害的人数众多，情况尤为严重。据统计，我国吸烟人数超过3亿，约有7.4亿不吸烟者正在遭受二手烟暴露的危害，每年因吸烟死亡的人数逾100万。吸烟致癌已经公认。吸烟可以导致多种恶性肿瘤，包括肺癌、口腔癌、鼻咽部恶性肿瘤、喉癌、食管癌、胃癌、肝癌、胰腺癌、肾癌、膀胱癌、宫颈癌、结肠直肠癌、乳腺癌和急性白血病等。同时，吸烟还可以导致冠心病、脑卒中等心脑血管疾病。在公共场所吸烟，不仅损害了周围人的健康，同时也破坏了清新舒适的公共环境，乱丢弃的烟蒂也会影响环境，甚至可能会引发火灾。近年来，咸宁奋力争创“全国文明城市”，持续巩固“国家卫生城市”，健康文明的公共场所更需要大家共同参与。新年的脚步越来越近了，我们无比憧憬着新的一年称心如意。我们期待着办公室的同事戒掉吸烟的行为，每一天的工作环境都是健康舒适；期待着下班后回到一个没有烟雾缭绕的家，疲惫了一天的身体，享受彻底的放松；期待着每一次坐进出租车、公交车时，车内干净整洁、没有烟味；期待着在一个没有呛鼻烟味的商场，享受更加愉快的购物乐趣。在春节来临之际，在此，我们呼吁！走亲访友、春节聚会，不吸烟、不敬烟、不劝烟，“对二手烟说不”，主动做控烟宣传者和倡导者，健健康康过佳节！朋友们，健康是人生最好的礼物。让我们共同行动起来，从自身做起、从现在做起，追求文明健康、绿色环保的生活方式，拒绝烟草危害，珍爱生命，为创造清新、舒适的无烟环境作出应有的贡献。咸宁市爱国卫生运动委员会办公室2024年1月18日无烟佳节 与爱同行烟草是人类健康的致命杀手，全球每年因吸烟死亡的人数高达800万，我国吸烟人数超过3亿，每年有100多万人因烟草患病致死。如果不采取有效干预，预计到2030年这一数字将增加至每年200万人。吸烟危害健康科学证据表明，烟草释放的烟雾中含有7000余种化学物质，包括至少69种致癌物和200多种有毒有害物质，这些有害物质是造成吸烟者成瘾和健康损害的罪魁祸首。吸烟可导致癌症、冠心病、脑卒中、慢性阻塞性肺疾病、糖尿病、白内障、男性勃起功能障碍、骨质疏松等。二手烟暴露会加大不吸烟者患吸烟相关疾病的风险，可导致肺癌、冠心病、脑卒中和慢性阻塞性肺疾病等。吸烟易成瘾烟草中尼古丁具有极强的成瘾性，一旦吸烟成瘾，很难戒断。1998年世界卫生组织将烟草依赖作为一种成瘾性疾病列入《国际疾病分类（ICD10）》，编码为17.2。在过去1年内体验过或表现出下列6项中的至少3项，可诊断为烟草依赖：01强烈渴求吸烟 ；02难以控制吸烟行为；03当停止吸烟或减少吸烟量后有时会出现戒断症状；04出现烟草耐受表现，即需要增加吸烟量才能获得过去吸较少烟量即可获得的吸烟感受 ；05为吸烟放弃或减少其他活动及爱好；06不顾吸烟的危害坚持吸烟。部分内容来源：安徽省疾控中心,看点快报客户端,健康咸宁,2024-01-18 10:44:46,http://kuaibao.qq.com/s/20240118A02X8B00,未知,控烟,中性,未知
20240101285,要年味不要烟味 仙桃龙华山街道组织开展控烟主题活动,title: 要年味不要烟味 仙桃龙华山街道组织开展控烟主题活动 content: 要年味不要烟味 仙桃龙华山街道组织开展控烟主题活动 湖北日报客户端讯（通讯员周彬、刘立佳）1月17日，在仙桃龙华山街道和合社区新时代文明实践站，一场“无烟佳节 与爱同行”控烟宣讲会正在进行。工作人员细致讲解吸烟的危害和控烟的重要性。听完宣讲，市民杨先生表示，“我们要健康过大年！” 此次活动旨在提高居民对烟草危害的认识，倡导健康生活方式，将持续到2月底。 活动现场，通过设立咨询台、悬挂宣传横幅、发放宣传资料、开展控烟讲座等多种形式，全方位向居民普及烟草对健康的危害。 龙华山街道相关负责人表示，后续将加大宣传力度，营造浓厚的控烟氛围，倡导广大市民积极共建无烟环境。,湖北日报客户端,未知,2024-01-18 09:54:39,http://news.hubeidaily.net/hbrbsharenew/index_share/5/2169946/1950769/0/0,未知,控烟,正面,未知
20240101288,铧锐公司：“无烟佳节 与爱同行”,title: 铧锐公司：“无烟佳节 与爱同行” content: 铧锐公司：“无烟佳节 与爱同行” 新岁序开，为营造春节无烟氛围，进一步推进健康仁寿建设，提高公众对烟草危害的认识，１月１７日，铧锐公司积极联动社区，开展了以“无烟佳节，与爱同行”为主题的控烟活动。 活动中，铧锐公司组织干部职工观看禁烟宣传片，学习禁烟、控烟知识，提高对烟草危害的认识，引导干部职工成为控烟的宣传者和倡导者。随后，公司广泛动员职工到社区参与控烟宣传，向社区居民发放戒烟科普宣传手册，科普吸烟和二手烟危害等相关知识，倡导过节“不吸烟、不敬烟、不送烟”的健康理念，引导居民养成健康的生活方式和生活习惯。 此次活动，传递了健康正能量，强化了职工和居民的戒烟、控烟意识，影响了更多群众加入控烟行列，让广大群众共享健康生活。,大美仁寿客户端,未知,2024-01-18 09:14:00,http://h5.scrstv.com/html/hotnews/code/details.html?id=7226ed96f84e45cc95a680bcdee0c5a4,未知,控烟、戒烟,中性,未知
20240101289,巴东县溪丘湾乡卫生院开展卫生下乡志愿服务活动,title: 巴东县溪丘湾乡卫生院开展卫生下乡志愿服务活动 content: 巴东县溪丘湾乡卫生院开展卫生下乡志愿服务活动 湖北日报客户端讯（通讯员 谭丽艳）1月16日，巴东县溪丘湾乡卫生院组织志愿者来到乡初级中学，开展“无烟佳节与爱同行”为主题的控烟活动，共55余名师生参加。 志愿者们通过讲述吸烟者的身体变化和特征，现场发放宣传手册，让学生们更加直观的了解到烟草的危害，帮助他们树立“拒吸第一支烟，做无烟新一代”理念，同时鼓励他们成为学校、家庭控烟监督员，自觉践行文明健康绿色环保生活方式。 下一步，溪丘湾乡卫生院将组织全乡医疗系统党员、志愿者，通过开展文明实践志愿活动和“卫生下乡”活动，服务百姓民生、服务乡村振兴、服务基层社会治理，传播党的声音、传递社会温暖。,湖北日报客户端,未知,2024-01-18 09:12:58,http://news.hubeidaily.net/hbrbsharenew/index_share/5/2167257/1948429/0/0,未知,控烟,正面,未知
20240101292,吸烟的危害那么大，为什么还有那么多人吸烟呢？,"title: 吸烟的危害那么大，为什么还有那么多人吸烟呢？ content: 吸烟的危害那么大，为什么还有那么多人吸烟呢？5/31的世界无烟日，一则公益宣传片《烟熏肺片》刷遍全网，引发人们的热议，成为戒烟宣传的一大亮点！该宣传片虽然只有短短的一分钟，但却将烟草进入人体后，让一直生活在烟熏火燎之中的肺点滴的改变，淋漓尽致的反映了出来，最后原本纯净的肺像被泼上了墨汁。。。。。。这样的宣传片看的人们触目惊心，不少人甚至立下“绝不抽烟”的flag，部分网友将视频转给身边的老烟民们以唤起他们的戒烟意识。。。。。。是啊，虽然烟草的危害众所周知，但是这种长期的慢性的伤害还不足以引起人们的重视，这也是很多人不重视戒烟的部分原因。那么，人为什么会吸烟？吸烟有什么危害？又该如何科学的戒烟呢？今天就来和大家分享一下。首先、为什么人会吸烟？估计不少人会纳闷，烟这东西有啥好的，为啥不少人吸烟，比如我国2018年15岁及以上人群吸烟率为26.6%，其中男性吸烟率高达50.5%，高于国际水平。其实，有两个原因：1，烟，有香味。尽管很多人对烟草的味道不喜欢，但是喜欢烟草味道的人也不少，而且作为一种含有不少芳香成分的东西，烟草燃烧会释放出一些香味，这些味道会吸引人。2，烟草，其实是可以让人愉悦的而这一点，也是烟草最终导致人上瘾的原因。人的神经有一种关键物质，乙酰胆碱受体。这种物质是神经递质乙酰胆碱的结合方，用于实现神经信号的传输，是我们神经传输的基础物质，处于核心地位。我们日常的各种神经互动，多少也和这种物质有关。而，让人愉悦的东西，更不在话下。比如在我们神经奖励中心中，乙酰胆碱的结合后会导致释放多巴胺，让人产生兴奋，而接下来受体释放，多巴胺减少，于是兴奋恢复[1]。而烟草中有一种重要的物质：尼古丁。就是上述这种简单的分子，它是烟草中的主要成分之一。其实尼古丁本身是烟碱，是包括烟草在内的茄科植物都有尼古丁。这种物质其实是有毒的，尼古丁的分泌可用于杀菌免疫等，这样可以帮助烟草抵御自然界的危害，从而让自己更好的存活。不过可能烟草也没想到自己会被人类用于抽吸，结果就是尼古丁来到了人体。尼古丁的出现改变了这种情况，尼古丁是乙酰胆碱的竞争者，它也可以竞争乙酰胆碱受体。这种情况下，为了应对体内的乙酰胆碱受体缺乏，于是会生成更多的乙酰胆碱受体。结果就是吸烟的时候，尼古丁会持续结合乙酰胆碱受体，于是对大脑产生持续的兴奋。（尼古丁产生兴奋的示意图）可以这么说吧，你甚至可以理解为，尼古丁某种程度上是一种兴奋剂。能让人爽的东西，当然不少人是不会拒绝的。然而，这是个陷阱！！！当你开始接触尼古丁后，那么相当于某种程度上，你的大脑的乙酰胆碱受体多了，拓展了容量。但是，这也意味着，你需要更多的刺激才能让自己兴奋。而一旦放弃吸烟，那么多余的乙酰胆碱受体就会维持一种空缺状态，结果就表现出了强烈的对烟草的需求，也就是所说的戒断反应。（尼古丁成瘾）所谓戒断症状（withdrawal symptoms）是一种心理现象，主要是指停止使用药物之后表现出的强烈不适应甚至和药物作用相反的情况[2]。当然，这种情况，不只是适应于药物，包括我们日常一些食品比如酒精、烟草等，甚至是行为，比如玩游戏等都适用，它是“成瘾”的一个结果。但是戒断反应并非纯粹的心理现象，而是一种和生理密切相关的现象。对于烟草来说，戒断反应同样存在，而背后主要因素是尼古丁。二、烟草的危害普通烟危害最大的是焦油，焦油是指吸烟过程中烟嘴内留存的一层棕色油腻物质，俗称烟油。吸烟过程中非常直观的一种变化，就是过滤嘴随着抽吸颜色逐渐加深，而夹着烟的手指也会被熏的变色，当然吸烟后牙齿也会随之被染上一层深色，而其根源就在于焦油。焦油可不只是变色这么简单，事实上，它是有机物在缺氧条件下不完全燃烧的产物，因此包含非常多的有物质，其中不少都是致癌物，比如苯并芘、镉、砷、β荼、胺、亚硝胺等多种致癌物质和苯酚类、富马酸等促癌物质，正因为如此，普通烟草成为了世界卫生组织旗下国际癌症研究机构列出的一类致癌物，也就是明确致癌。除此以外，烟焦油还会导致加速人体血管老化，导致血管逐步硬化丧失弹性导致心血管疾病，其他诸多疾病也往往是因为焦油导致的，因此很多疾病医生的第一建议就是戒烟。那么焦油是否无解呢？答案基本上是肯定的，焦油无解。曾经有人凭借降焦成为了烟草院士，遭到了大量的反对，包括数百位院士联名给国家写信要求取消其资格。中国控烟办主任杨功焕表示卷烟“减害降焦”法是高效杀人的骗局。国内外多项研究早已表明“低焦油”并非“低危害”，香烟“降焦减害”本身就是伪命题，此基础上的任何“成果”都站不住脚。而且，低焦油的后果是引起用户更大规模的吸烟，最后危害加剧。三、如何科学的戒烟？虽然戒烟有很多说法，都偏向于意志力的，不过医学上也有一些办法在这份《中国临床戒烟指南》[3]中，一共推荐了3种药物，这也是目前我国CFDA截至目前批准的用药，分别是1，尼古丁贴片、尼古丁咀嚼胶（非处方药）。2，盐酸安非他酮缓释片（处方药）。3，伐尼克兰（处方药）。这三种药物中，其实分为两种，第一种：替代疗法——尼古丁贴片、尼古丁咀嚼胶这种戒烟办法事实上是一个逐步缓解的过程，考虑到烟草成瘾者的强烈反应，因此使用逐步降低剂量的办法来实现减轻成瘾。由于尼古丁产品本身含有尼古丁，可以补充烟瘾者对尼古丁的需求来满足那些乙酰胆碱受体，作为一个过渡和缓冲，所以不会让戒烟者有强烈的戒断反应，这比单纯依靠意志来抵抗要好一些，毕竟改变对于所有人来说都是一件难事，尤其是这其中还涉及到了中枢神经系统对于本身对于尼古丁的需要，协助度过阶段期的煎熬。第二种：直接阻断——盐酸安非他酮缓释片、伐尼克兰对于重度的烟瘾患者，那么可能就要用上神经药物了。《中国临床戒烟指南》推荐的两种处方药物都是精神类药物，直接作用于神经系统中。盐酸安非他酮缓释片就是著名的抗抑郁药物，伐尼克兰则是作用于上面提到的乙酰胆碱受体，是烟碱样乙酰胆碱受体α4β2的部分激动剂。而上述两种物质具有强烈的精神作用，有较多的毒副作用，会引发抑郁等精神异常，甚至可能会引发自杀[4]，这也是很多国家对于这种精神类药物严管的一个重要因素。我国将其列为处方药，必须专门到医院诊断后，由医生开具相应的处方并在医生的监督下进行使用。上面都是官方指南里提到的药物，也是经过了多个部门研究和批准的官方药物，经过了许多研究，因此是目前所有渠道里相对安全的选择。最后：总体上，烟瘾是可以戒掉的，已经有无数人做出了示范，大家一定要有信心。当然，戒烟比较痛苦，不仅仅是意志力的考验，还存在我们大脑中的乙酰胆碱受体结合这种生理上的障碍，可以说是难上加难，这也是戒断反应的根本因素。坚定决心，砥砺意志，同时借助戒烟辅助药物来缓解戒断症状，争取早日实现成功戒烟。最后的最后，所有吸烟的不吸烟的朋友们，重复一句话：吸烟有害健康，珍爱生命，远离烟草！1 Benowitz, Neal L. ""Nicotine addiction."" New England Journal of Medicine 362.24 (2010): 2295-2303.2 Hughes, John R., and Dorothy Hatsukami. ""Signs and symptoms of tobacco withdrawal."" Archives of general psychiatry 43.3 (1986): 289-294.3 中华人民共和国国家卫生和计划生育委员会中国临床戒烟指南 (2015 年版).",网易新闻客户端,李雷博士,2024-01-18 00:05:00,http://3g.163.com/all/article/IODNNKVS0514U458.html,未知,戒烟、控烟,中性,未知
20240101295,芜湖师范附属小学开展“无烟佳节，与爱同行”主题教育,title: 芜湖师范附属小学开展“无烟佳节，与爱同行”主题教育 content: 芜湖师范附属小学开展“无烟佳节，与爱同行”主题教育 为进一步推动学校禁烟宣传教育，引导全体师生和家长践行文明健康绿色环保的生活方式，营造“迎新春”无烟氛围，芜湖师范附属小学在假期前组织开展了“无烟佳节，与爱同行”主题教育。 学校各班级积极开展“无烟佳节，与爱同行”主题班会，老师们认真收集相关资料，精心准备PPT课件对我国烟民数量、吸烟现状、烟民向低龄化发展趋势以及二手烟对人体的危害等方面进行了详细的讲述，鲜明的主题、活泼的形式和丰富的内容让学生们了解了控烟知识，意识到吸烟不仅是对环境的破坏，还是对身边人的一种伤害，使他们懂得吸烟的害处并主动规劝亲人戒烟、禁烟，共同营造健康良好的无烟环境。 孩子们有的动手绘制了主题宣传画，有的制作了禁烟标识等，用实际行动大力弘扬无烟健康过节文化，营造控烟戒烟良好氛围，力争做到健康幸福过大年，要年味不要烟味。,大江看看客户端,未知,2024-01-17 17:48:55,http://school-reporter.wuhunews.cn/newsDetail/1747508787759538177,未知,控烟、戒烟、控烟戒烟,中性,未知
20240101296,西苑街道“无烟佳节与爱同行”倡议书,"title: 西苑街道“无烟佳节与爱同行”倡议书 content: 西苑街道“无烟佳节与爱同行”倡议书 广大市民朋友们： 为进一步推动全处“无烟佳节与爱同行”活动开展，结合国家卫生城市和健康县城、健康昆明行动建设工作，引导群众自觉践行文明健康绿色环保生活方式,共同营造春节健康无烟环境，在此，我们发出如下倡议： 一、心中无烟 要认识烟草危害，了解烟草危害，提高自身防控烟草危害意识和能力。增强自我控制能力，自觉抵制诱惑，提倡不吸烟，提倡互不敬烟。 二、手中无烟 公共场所不吸烟，不在公共场所、室内工作场所和公共交通工具内吸烟，以实际行动践行文明健康绿色环保生活方式。各级领导干部、公职人员和教师、医务人员要带头示范，自觉遵守公共场所禁烟规定，自觉维护法规制度权威，树立良好的健康卫士形象。 三、室内无烟 各机关单位、医院、学校、宾馆、车站、商场、影院、网吧、餐饮店等所有公共场所实行全面禁烟，在醒目位置张贴禁烟标志，落实控烟责任，带动全社会创建无烟环境。我们每个人都有向二手烟说“不”的权利，拒绝吸烟，争当爱国卫生运动志愿者、做控烟宣传者和倡导者，主动劝阻他人不在禁烟场所吸烟，带动身边人文明劝导、共促健康。 让我们共同行动起来，从自身做起、从现在做起，追求文明健康的生活方式，拒绝烟草危害，共度无烟健康佳节。 西苑街道爱国卫生运动委员会办公室 2024年1月17日 来源：幸福西苑 编辑：康碧姝 编审：陶红",云上西山客户端,未知,2024-01-17 17:48:55,http://yun.rmt.kmzscc.com/art-907885.html,未知,控烟,中性,未知
20240101297,秦都区马泉街道开展爱国卫生及“无烟佳节与爱同行”控烟宣传活动,title: 秦都区马泉街道开展爱国卫生及“无烟佳节与爱同行”控烟宣传活动 content: 秦都区马泉街道开展爱国卫生及“无烟佳节与爱同行”控烟宣传活动为提高社区居民对吸烟危害的认识，倡导健康生活方式，1月15日开始，秦都区马泉街道各社区新时代文明实践站集中开展2024年新春爱国卫生及“无烟佳节·与爱同行”控烟宣传活动。活动现场，街道秦都区花苑社区志愿者和网格员们，在新时代文明实践站，通过集中播放“帮您戒烟PPT”、线上宣传、发放戒烟折页、“无烟佳节·与爱同行”倡议书等形式，向居民们介绍了一些有效的戒烟方法和技巧，帮助他们克服戒烟过程中的困难，号召居民为了自己和家人的健康不吸或少吸烟，共建无烟环境，共享健康生活。马泉花苑、宝泉路北、茂西社区新文明实践站通过悬挂横幅、发放2024年新春爱国卫生及“无烟佳节·与爱同行”倡议书、开展“珍爱生命·远离烟草”群众禁烟签名活动，引导广大居民践行文明健康绿色环保的生活方式，减少烟草危害，共同营造元旦、春节健康无烟良好环境。改变一种习惯，收获一份健康。此次控烟活动得到了社区居民的积极响应和支持，大家纷纷自发签名承诺从自身做起，拒绝吸烟，从身边做起，不吸烟、不吸二手烟、不在公共场所吸烟，加强锻炼身体，保持身体健康，积极参与全民健身活动，养成健康生活习惯，为创建一个健康、和谐的社区环境贡献自己的力量。（文/图 何东京）,网易新闻客户端,古都生活服务网,2024-01-17 16:39:00,http://3g.163.com/all/article/IOLTI4NJ0534HBIR.html,未知,控烟、戒烟,正面,未知
20240101298,新城街道巧山社区开展“少一缕烟雾 共享无烟环境”主题宣传活动,title: 新城街道巧山社区开展“少一缕烟雾 共享无烟环境”主题宣传活动 content: 新城街道巧山社区开展“少一缕烟雾 共享无烟环境”主题宣传活动 为进一步提高广大居民对烟草危害、科学戒烟的认识，营造良好的控烟宣传氛围，开展形式多样、群众互动性良好线上线下宣传活动。 1月17日上午，巧山社区联合组织开展“少一缕烟雾 共享无烟环境”主题宣传活动，来自社区的宣讲人张文静通过播放PPT的形式向大家讲解了吸烟所带来的害处，从香烟的成分、二手烟对家人带来危害以及禁烟措施等多个方面做了深入浅出的讲解，内容数据详实、事例生动、图文并茂，呼吁大家要自觉远离香烟，还要帮助亲人、朋友革除吸烟这种不良嗜好，积极参与到营造社会无烟环境的建设中去。 活动结束后，社区组织工作人员到辖区门店发放禁烟标识，提醒公共场所禁止吸烟。及时发放宣传单提醒吸烟者吸烟行为不仅同时损害吸烟者自身和他人的健康，还不利于环境保护，本次活动共发放各类健康教育宣传资料600余份。 巧山社区通过行动呼吁大家，远离烟草，为社会创造一个无烟的健康环境。从我做起，远离传统烟草产品和电子烟，抵制烟草的诱惑。,君子肥城客户端,未知,2024-01-17 15:35:50,http://iapp.fcrmt.cn/share/d21zai01MS0zMDY1NTg2MA.html,未知,戒烟、控烟,正面,未知
20240101299,@东丰人，戒烟，任何时候都不晚,title: @东丰人，戒烟，任何时候都不晚 content: @东丰人，戒烟，任何时候都不晚 在我国，每年因烟草失去生命的有100多万人，超过艾滋病、结核病、交通事故及自杀死亡人数总和。中国疾病控制中心的一项研究表示，影响我国60岁及以上老年人群寿命的十大危险因素中，烟草居于首位。在我国，老年男性吸烟率高达45.5%，尽管戒烟、控烟一直在进行中，但多年来我国的吸烟率却并没有明显下降。 大量研究证据表明，戒烟可降低或消除吸烟导致的健康危害。 任何人在任何年龄戒烟均可获益，且戒烟越早、持续时间越长，健康获益就越大。 如何科学戒烟 1.掌握一些吸烟严重危害健康方面的知识 2.结合个人实际情况制订戒烟计划，并付诸行动，在戒烟过程中要掌握对吸烟行为的抵抗技巧。 3.吸入体内的尼古丁大约需要两周排出体外，把戒烟计划延长到2-3周的时间是最理想的。 4.起床后，用毛巾蘸湿冷水后擦拭皮肤，增加血液循环。 5.水和水果会帮助戒烟者不断排出蓄积在体内和大脑里的尼古丁，想抽烟的时候，就喝一大杯水，多吃水果。 6.深呼吸让氧气进入到大脑中可以帮助戒烟者镇定神经，降低对吸烟的兴趣。 7.坚持去外面去散步。保证充足的睡眠，心情放松。 8.不要饮酒或含咖啡因的饮料，酒精会抑制人的前脑，削弱人的意志、理智和判断力，而咖啡因的某些作用与尼古丁类似。 编审：东丰县融媒体中心 王晓萍 编辑：东丰县融媒体中心 王成明,大美东丰客户端,未知,2024-01-17 13:49:00,http://3r4k-share.plus.jlntv.cn/dongfeng/folder2269/folder2281/folder5056/2024-01-17/qzL45GnoYpWIpt33.html,未知,戒烟、控烟,中性,未知
20240101300,【卫生与健康】新城街道新苇社区：创建无烟环境  共享健康生活,title: 【卫生与健康】新城街道新苇社区：创建无烟环境 共享健康生活 content: 【卫生与健康】新城街道新苇社区：创建无烟环境 共享健康生活 为进一步增强居民控烟意识，营造健康、清洁、无烟的社区生活环境，形成文明健康绿色环保生活方式，提高居民对吸烟危害的认识，近日，新城街道新苇社区开展“创建无烟环境，共享健康生活”禁烟控烟知识宣传活动。 活动中，新苇社区工作人员、志愿者来到辖区单位、企业、沿街商铺等公共场所，张贴禁止吸烟的标志，向居民详细讲解吸烟导致的疾病以及吸烟带来的污染。通过发放戒烟科普宣传手册，讲解吸烟和二手烟的危害，提升居民戒烟意愿，引导居民养成健康的生活方式和生活习惯。 “今天听了社区干部宣传禁烟控烟知识，对我触动很大，虽然知道吸烟的对身体有害，但总是因为各种原因无法把烟戒掉，现在家里有小孙子，为了家人的健康，我也要加入戒烟的队伍。”居民许廷辉说。 今后，新苇社区将持续开展控烟宣传活动，切实维护广大居民的身心健康，为爱国卫生运动和健康中国行动的深入实施贡献力量。（通讯员 王月显） 责任编辑：贾桃,库尔勒好地方客户端,未知,2024-01-17 12:28:00,http://tnews.xjmty.com/app/kels/zb/202401/t20240117_18620155.html,未知,控烟、戒烟,正面,未知
20240101302,志诚担保公司：开展“无烟佳节 与爱同行”主题活动,title: 志诚担保公司：开展“无烟佳节 与爱同行”主题活动 content: 志诚担保公司：开展“无烟佳节 与爱同行”主题活动 为进一步推动控烟工作开展，营造无烟佳节的氛围，近日，县志诚担保公司开展了以“无烟佳节，与爱同行”为主题的控烟宣传活动，引导广大职工群众践行文明健康绿色环保生活方式。 县志诚担保公司通过科学戒烟主题宣传会和大屏滚动宣传吸烟危害等形式，让职工了解吸烟对个人和家庭的危害，大力宣扬无烟健康过节文化，引导职工共同抵制吸烟行为、主动戒烟，做控烟宣传者和倡导者。 此次活动得到了全体职工的热烈响应，大家纷纷表示将从自身做起，远离烟草，积极传播控烟理念，为个人和家庭创造更加健康的生活环境。,大美仁寿客户端,未知,2024-01-17 10:29:00,http://h5.scrstv.com/html/hotnews/code/details.html?id=e64e6e49074345609ff985313cd26215,未知,控烟、戒烟,正面,未知
20240101303,老河口市汉滨社区：扎实开展“无烟佳节 与爱同行”控烟宣传活动,title: 老河口市汉滨社区：扎实开展“无烟佳节 与爱同行”控烟宣传活动 content: 老河口市汉滨社区：扎实开展“无烟佳节 与爱同行”控烟宣传活动 湖北日报客户端讯（通讯员张玉勤、任俊飞）春节将至，为进一步提高居民群众对烟草危害的认识，加强禁烟控烟工作，营造无烟、清洁、健康、舒适的生活环境，1月16日下午，老河口市汉滨社区扎实开展了“无烟佳节 与爱同行”控烟宣传活动。 活动中，社区工作人员及志愿者深入小区、商店、饭店等场所，发放《致烟民同志们的一封信》，介绍吸烟和二手烟的危害，以及废弃烟头对环境的不利影响，讲解科学戒烟、远离烟瘾小知识，提醒居民不要在室内、公共场所吸烟，倡导过节不吸烟、不敬烟、不劝烟、不送烟，做优秀的控烟支持者和引导者。 通过此次活动，进一步提高了辖区居民对吸烟危害的认识，增强了居民禁烟控烟的意识，为创建健康清新的无烟佳节开了好头。,湖北日报客户端,未知,2024-01-17 10:03:42,http://news.hubeidaily.net/hbrbsharenew/index_share/5/2165637/1946869/0/0,未知,控烟、戒烟,正面,未知
20240101305,新城街道东付社区开展“无烟佳节 与爱同行”宣传活动,title: 新城街道东付社区开展“无烟佳节 与爱同行”宣传活动 content: 新城街道东付社区开展“无烟佳节 与爱同行”宣传活动 为深入贯彻落实国务院《关于实施健康中国行动的意见》要求，进一步推动控烟工作开展，引导群众践行文明健康绿色环保生活方式，营造春节、元宵“两节”无烟氛围，1月16日新城街道东付社区开展“无烟佳节 与爱同行”宣传活动。 东付社区组织社区志愿者、社区居民开展以“无烟佳节，与爱同行”为主题的宣传活动，积极宣传吸烟有害健康的科学知识，倡导居民践行健康绿色的生活方式，提高居民对烟草危害的认识，增强居民控烟意识，营造人人参与控烟、人人支持控烟的良好氛围。在提高控烟意识基础上，进一步宣传二手烟对家人的危害，并提出科学戒烟的方式方法，提高居民积极性，为建设无烟社区贡献力量。,君子肥城客户端,未知,2024-01-17 09:09:52,http://iapp.fcrmt.cn/share/d21zai01MS0zMDY0MDUxMA.html,未知,控烟、戒烟,正面,未知
20240101306,西山街道桂花园社区：无烟佳节 与爱同行,title: 西山街道桂花园社区：无烟佳节 与爱同行 content: 西山街道桂花园社区：无烟佳节 与爱同行 1月15日，桂花园社区计生协会联合辖区鄂州市体育艺术职业高中开展“无烟佳节 与爱同行”控烟知识讲座活动。 活动中工作人员首先以通俗易懂的语言向大家讲解控烟与健康之间的关系，强调吸烟和被动吸烟对身体都有严重影响，特别指出长期吸入二手烟的人容易患上肺炎、哮喘和肺癌等疾病，随后倡导大家要全面控烟，对自己对身边的人的健康负责，并主动把健康知识转变为健康行为，提高生命质量，营造良好的生活环境，共享健康生活。最后，工作人员向现场听众发放控烟问卷，并给予宣传小礼品。 此次讲座，让大家深入了解到吸烟的危害及戒烟的好处，知道了禁烟控烟的重要意义。大家纷纷表示，听完讲座受益匪浅，在以后的生活中，要从自身做起，遵守公共场所禁烟规定，以实际行动作出表率，为巩固国家卫生城市、全国文明城市创建贡献一己之力。 （湖北日报客户端通讯员 周丽华）,湖北日报客户端,未知,2024-01-17 08:51:53,http://news.hubeidaily.net/hbrbsharenew/index_share/5/2160111/1942282/0/0,未知,控烟、戒烟,中性,未知
20240101307,桑植行政中心：控烟文明劝导 共建无烟环境,title: 桑植行政中心：控烟文明劝导 共建无烟环境 content: 桑植行政中心：控烟文明劝导 共建无烟环境 桑植融媒1月16日讯（通讯员 张延斌）为倡导绿色健康的工作、生活方式，减少烟草对职工健康的危害，1月15日至16日，桑植县行政中心持续开展劝烟行动，传播无烟理念，共建清新环境。 活动中成立“无烟单位”创建活动工作小组，全面负责县行政中心无烟工作的组织实施安排。干部职工带领行政大楼保安、物业人员变身“禁烟劝导员”，参与禁烟劝导工作，在行政大楼、政务中心及停车场等地劝导吸烟人员。同时，宣传吸烟引起的危害，呼吁大家不要在办公室、公共场所、交通工具内吸烟，不制造“二手烟”，自觉遵守，相互监督。 通过此次活动，进一步提高干部职工对烟草危害的认识，为创建无烟办公、和谐文明、健康的生活环境营造了良好氛围。 （一审：秦福 二审：杨明 三审：吴明波） 作者：张延斌 责编：陈中化 来源：桑植融媒,新桑植客户端,张延斌,2024-01-17 08:45:28,http://m-xhncloud.voc.com.cn/portal/news/show?id=9294358,未知,控烟,中性,未知
20240101310,葛店实验小学教联体张铁小学校区无烟宣传主题活动,title: 葛店实验小学教联体张铁小学校区无烟宣传主题活动 content: 葛店实验小学教联体张铁小学校区无烟宣传主题活动 1月15日，葛店镇张铁小学开展“无烟佳节 与爱同行”控烟活动，进一步推动控烟工作开展。 各班召开了禁烟控烟健康教育主题班会，老师们通过课件、视频等形式，向同学们介绍了吸烟、被动吸烟以及电子烟的危害，提高师生对吸烟以及二手烟危害的重视程度，呼吁吸烟者主动戒烟，号召全体师生一起行动，投入到禁烟以及志愿者劝阻吸烟的活动中去，营造控烟戒烟的良好氛围。 班主任老师们教导孩子们用自己的“小手”担当起监督的作用，同时也希望家长朋友们能确实履行自己戒烟的初衷：“无烟家庭，为爱戒烟”！各班也评选出班级无烟家庭。 （湖北日报客户端通讯员吴细芳）,湖北日报客户端,未知,2024-01-16 19:54:55,http://news.hubeidaily.net/hbrbsharenew/index_share/5/2164064/1945723/0/0,未知,控烟、戒烟、控烟戒烟,中性,未知
20240101311,葛店实验小学教联体三王小学校区开展控烟健康教育宣传活动,title: 葛店实验小学教联体三王小学校区开展控烟健康教育宣传活动 content: 葛店实验小学教联体三王小学校区开展控烟健康教育宣传活动 1月12日，三王小学开展了以“无烟佳节，与爱同行”为主题的控烟健康教育宣传活动。 各班召开了控烟健康教育主题班会，老师们通过课件、视频等形式，向同学们介绍了吸烟、被动吸烟以及电子烟的危害，提高师生对吸烟以及二手烟危害的重视程度，呼吁吸烟者主动戒烟，号召全体师生一起行动，投入到禁烟以及志愿劝阻吸烟活动中去，营造控烟戒烟良好氛围。 开展“小手拉大手”活动，通过公众号发布《三王小学无烟宣传倡议书》，呼吁家长朋友们参与“小手拉大手”活动，将禁烟活动延伸到每一户家庭。 以上活动的开展，旨在教育引导学生和家长充分认识烟草危害，了解控烟核心知识。帮助青少年树立“拒吸第一支烟，做无烟新一代”的理念，鼓励广大青少年成为学校、家庭的控烟监督员，促进无烟家庭和无烟校园建设。 （湖北日报客户端通讯员姜静）,湖北日报客户端,未知,2024-01-16 19:54:55,http://news.hubeidaily.net/hbrbsharenew/index_share/5/2163888/1945554/0/0,未知,控烟、戒烟、控烟戒烟,正面,未知
20240101312,郑州市管城回族区回民第一小学开展“拒绝烟草 守护健康”主题禁烟宣传活动,title: 郑州市管城回族区回民第一小学开展“拒绝烟草 守护健康”主题禁烟宣传活动 content: 郑州市管城回族区回民第一小学开展“拒绝烟草 守护健康”主题禁烟宣传活动 顶端新闻·河南商报记者 李志远 通讯员 江翠玲 为培养学生德智体美劳全面发展，倡导无烟校园，守护学生健康成长，近日，郑州市管城回族区回民第一小学开展以“拒绝烟草 守护健康”为主题的禁烟宣传活动。 活动中，各班班主任向同学们讲解了吸烟的危害，普及烟草知识，控烟禁烟等法律知识，还观看了《青少年吸烟的坏处》、《控制吸烟 从青少年抓起》等公益控烟视频，从多方面进行了详细的讲解，号召同学们为了自己和他人的健康，拒绝烟草，不做吸烟的新一代。 同时，班主任希望同学们向身边的家人、亲戚、朋友宣讲吸烟的危害性，争做禁烟小卫士。 活动结束后，五（1）班常航硕谈及感受时说：“吸烟有害健康，我们一定要拒绝烟草。这次活动让我了解烟草的危害，在今后的生活中我要自觉远离烟草，做一名积极向上的好少年”。 此次活动，增强了同学们参与控烟、禁烟的社会责任感，让“拒绝烟草 守护健康”成为大家共同的心声，回民第一小学将继续加强禁烟常态化管理，为创建清新校园、绿色校园、文明校园不懈努力。 （欢迎提供新闻线索，顶端新闻·河南商报新闻，投稿邮箱1340619773@qq.com),顶端新闻客户端,未知,2024-01-16 18:16:36,http://static.dingxinwen.com/dd-sharepage/detail/index.html?id=5606505,未知,控烟,正面,未知
20240101313,『文明实践春风行』孙吴县正阳山乡开展“无烟佳节 与爱同行”宣传活动,title: 『文明实践春风行』孙吴县正阳山乡开展“无烟佳节 与爱同行”宣传活动 content: 『文明实践春风行』孙吴县正阳山乡开展“无烟佳节 与爱同行”宣传活动新春佳节将至，为倡导文明生活方式，营造健康、清洁、无烟的生活环境，1月15日，孙吴县正阳山乡开展“无烟佳节与爱同行”宣传活动。活动中，工作人员和志愿者向辖区群众发放宣传单和戒烟倡议书，普及烟草对健康和环境的危害，以及吸烟可能引发的疾病等知识。同时为群众详细讲解了戒烟的方法，引导和鼓励群众积极参与控烟、主动戒烟，养成良好的生活习惯，号召群众积极参与到控烟行动中来，共同营造无烟环境。通过此次活动的开展，使群众充分认识到吸烟的危害，进一步提高了群众禁烟的意识，为营造健康、整洁、优美、和谐的生活环境奠定了基础。来源丨正阳山乡编辑丨曹 钰一审丨曹 钰二审丨时振佳三审丨郭 鹏,腾讯新闻客户端,孙吴在线,2024-01-16 16:39:10,http://view.inews.qq.com/a/20240116A06CQT00,未知,戒烟、控烟,正面,未知
20240101314,岱下春风 | 房村镇开展“无烟佳节 与爱同行”控烟宣传活动,title: 岱下春风 | 房村镇开展“无烟佳节 与爱同行”控烟宣传活动 content: 岱下春风 | 房村镇开展“无烟佳节 与爱同行”控烟宣传活动 1月15日，房村镇爱卫办组织开展“无烟佳节 与爱同行”控烟宣传活动，进一步推动控烟工作开展，大力弘扬无烟健康过节文化。 在宣传活动现场，工作人员向群众发放控烟知识宣传材料，并详细讲解烟草中的主要有害成分，被动吸烟的危害，戒烟的好处等科普知识，引导群众对二手烟说“不”，倡导过节不吸烟、不敬烟、不送烟，共度无烟健康佳节。此次活动共发放宣传材料200余份，悬挂横幅20余条。 通过此次控烟宣传活动，让群众深刻认识到吸烟对自己和家人的危害，进一步提升了群众的戒烟意识。下一步，房村镇将持续开展控烟宣传活动，引导群众践行文明健康绿色环保生活方式，营造春节期间无烟氛围。 通讯员：王香菊 编辑：吴逸,岱岳融媒客户端,吴逸,2024-01-16 16:11:26,http://iapp.daiyuerongmei.cn/share/YS0yOTMtMzA2MjY0Mjk.html,未知,控烟、戒烟,正面,未知
20240101315,张营街道刘官屯小学开展禁烟主题系列宣传活动,title: 张营街道刘官屯小学开展禁烟主题系列宣传活动 content: 张营街道刘官屯小学开展禁烟主题系列宣传活动 为进一步推动控烟工作开展，给学生创设无烟环境，不断夯实学校的控烟宣传教育，积极营造春节无烟氛围，积极做好控烟工作。近日，张营街道刘官屯小学开展了以“无烟佳节，与爱同行”为主题的系列宣传活动。 活动中，各班班主任利用PPT课件、视频、真实事例等方式向学生宣传吸烟造成的危害，让他们深刻认识到烟草对人们健康的危害，并树立起做不吸烟新一代的禁烟控烟观念，还了解到吸烟不仅是对环境的破坏，还是对身边人的一种伤害，使他们懂得吸烟的害处并主动规劝亲人戒烟、禁烟，共同营造健康良好的无烟环境。 高年级的学生以“创建无烟校园”为主题绘制手抄报，并将各班的优秀作品进行张贴展览，吸引到更多的人关注吸烟的危害，树立自觉远离香烟的意识，营造无烟校园的环境氛围。 通过本次活动的开展，学生对吸烟的危害有了进一步的了解，并懂得了要牢固树立控烟防护意识，纷纷表示都要参加到拒烟宣传活动中来，从自身做起，做无烟新一代，从身边的小事做起，为创建无烟环境贡献自己的力量。 郓城融媒记者 王兆军 通讯员 陈爱华 编辑 周文亚,郓城融媒客户端,陈光凯,2024-01-16 16:09:53,http://iapp.ycrmtzx.com.cn/share/YS0xMzUtMzA2MjYzNzk.html,未知,控烟、戒烟,正面,未知
20240101316,邓州市古城街道办事处开展“无烟佳节 与爱同行”宣传活动,title: 邓州市古城街道办事处开展“无烟佳节 与爱同行”宣传活动 content: 邓州市古城街道办事处开展“无烟佳节 与爱同行”宣传活动 为进一步推动控烟工作，引导广大群众践行文明健康、绿色环保的生活方式，营造无烟良好氛围，1月14日，邓州市古城街道办事处开展“无烟佳节 与爱同行”主题宣传活动。 古城街道办事处开展全方位、多角度的控烟宣传教育，引导干部职工不吸烟、主动戒烟，主动做控烟宣传者和倡导者；机关单位带头从我做起，开展自查自纠，发现问题及时整改，巩固无烟单位建设成果。 活动当天，古城办事处向群众发放“无烟佳节与爱同行”倡议宣传彩页，宣传普及烟草危害知识和无烟健康过佳节文化，倡导“送烟等于送危害”，引导群众养成卫生好习惯，健康祥和迎新春。 “我们组织办事处志愿者深入街头游园、商店等公共场所，发放‘无烟佳节 与爱同行’倡议科普宣传手册，讲解吸烟和二手烟的危害，引导居民养成戴口罩、勤洗手、多通风、常打扫、不扎堆、公筷勺等良好卫生习惯，动员广大群众主动养成合理膳食、适量运动、戒烟限酒、心理平衡等健康生活方式，营造了讲文明、铸健康的良好风尚。”古城街道办事处主任安庆豪告诉记者。 与此同时，古城街道办事处组织各社区包联单位深入到小区发放“无烟佳节 与爱同行”宣传手册，为市民讲解无烟过佳节的好处。 “这个活动好，经常讲吸烟有害健康，可是我们当家的仅仅是挂在嘴上。这次大张旗鼓的宣传，都在作健康的使者，坚信他会彻底解掉抽烟这个坏习惯。”社区居民马女士高兴地说。 通过此次活动，增强了居民的控烟戒烟意识，让践行文明健康绿色环保生活方式的理念深入人心，促使更多的居民积极参与到控烟行动和营造“双节”无烟氛围的行动中来，自觉成为控烟行动的宣传者、践行者。 邓州市融媒体中心 李中贺,云上邓州客户端,未知,2024-01-16 16:04:44,http://dengzhou.dxhmt.cn/api/page/goPage?type=4&objectId=d76605279e1844a0a0a7423f6123ac57&personId=,未知,控烟、戒烟、控烟戒烟,正面,未知
20240101320,郑州市管城回族区紫东路小学开展控烟宣传主题队会活动,title: 郑州市管城回族区紫东路小学开展控烟宣传主题队会活动 content: 郑州市管城回族区紫东路小学开展控烟宣传主题队会活动 顶端新闻·河南商报记者 李志远 为引导少先队员充分认识烟草危害，了解控烟核心知识，帮助树立“拒吸第一支烟，做无烟新一代”的理念，近日，郑州市管城回族区紫东路小学开展“无烟佳节 与爱同行”主题队会活动。 队会课上，辅导员通过视频、ppt、数据等形式，帮助队员们了解了吸烟的危害，呼吁队员们自觉做一名控烟活动的宣传员和监督员，监督身边的大人不吸烟、少吸烟，形成以学生带动家长、辐射社区的浓厚控烟氛围，为每一位队员营造一个健康、无烟的学习和生活环境。 随后，辅导员组织队员们参加控烟知识抢答活动，队员们积极参加，了解各种控烟知识。 全体队员们纷纷表示要自觉远离烟草，拒吸第一支烟，从小养成健康科学的生活方式与习惯。 通过此次活动，队员们进一步认识到了吸烟的危害，自觉抵制诱惑，倡文明之先，做戒烟先锋。 在今后的工作中，紫东路小学将继续开展控烟禁烟宣传工作，持续推进无烟校园建设。 （欢迎提供新闻线索，顶端新闻·河南商报新闻，投稿邮箱1340619773@qq.com),顶端新闻客户端,未知,2024-01-16 12:21:09,http://static.dingxinwen.com/dd-sharepage/detail/index.html?id=5603953,未知,控烟、戒烟,正面,未知
20240101322,花园社区开展“珍惜生命，远离香烟”宣传活动,title: 花园社区开展“珍惜生命，远离香烟”宣传活动 content: 花园社区开展“珍惜生命，远离香烟”宣传活动为增强辖区居民禁烟意识，保障居民身体健康，1月15日，花园社区积极组织工作人员开展“珍惜生命，远离香烟”宣传活动。“烟的烟雾，特别是其中所含的焦油，是致癌物质，就是说，它能在它所接触到的组织中产生癌，因此，吸烟者呼吸道的任何部位都有发生癌的可能……”。活动中，工作人员向过往居民发放宣传材料。他们向居民宣传长期吸烟的危害，以及二手烟对家人健康的影响，号召居民为了自己和家人的健康少吸烟、不吸烟，从自我做起，远离烟草，共同营造健康的生活环境。同时，还深入辖区商户，向商户负责人宣传在公共场所禁烟的必要性，呼吁商户做好禁烟提醒，营造良好的就餐环境和购物环境。通过此次宣传活动，社区居民对吸烟的危害有了更深的了解，引导大家将健康知识转化为健康行为，共建清洁环保、健康绿色的生活环境。花园社区将继续努力做好禁烟控烟宣传工作，增强居民群众的健康意识，营造良好的无烟环境，为共享健康生活打下良好基础。来源：花园社区,看点快报客户端,吉林新闻,2024-01-16 11:12:15,http://kuaibao.qq.com/s/20240116A01NFU00,未知,控烟,正面,未知
20240101323,寒假特别“赠言”，送给乌鲁木齐市中小学生,title: 寒假特别“赠言”，送给乌鲁木齐市中小学生 content: 寒假特别“赠言”，送给乌鲁木齐市中小学生 石榴云/新疆日报讯（记者 王琦铭报道）1月15日，乌鲁木齐市第二小学有一份特别“赠言”送给即将开始寒假生活的同学们：每一个同学在寒假、春节期间，自己拒吸第一支烟，并成为控烟小小宣传员、监督员，让家庭无烟，让关爱相伴。 1月15日，乌鲁木齐市第二小学同学们观看烟草危害心脏健康的科普介绍。石榴云/新疆日报记者 王琦铭摄 当日下午，乌鲁木齐市天山区卫生健康委员会爱国卫生科在该校开展“拒吸第一支烟 做无烟新一代”宣教活动。工作人员通过播放宣传短片、有奖竞答等方式，向同学们讲解了世界无烟日的由来、吸烟及二手烟给同学们身心带来的危害等知识，并向全体中小学生发出无烟倡议，树立“拒吸第一支烟，做无烟新一代”的理念。 天山区解放北路社区卫生服务中心医护人员给同学们检测了肺活量，评估结果显示同学们肺功能良好。 1月15日，乌鲁木齐市天山区解放北路社区卫生服务中心医护人员给同学们检测肺活量。石榴云/新疆日报记者 王琦铭摄 天山区卫健委爱国卫生科科长林之楠说，寒假即将开始、春节也将来临，中小学生将离开校园较长时间。爱国卫生科工作人员利用放寒假前最后一课、假期教育等机会，走进校园、社区开展无烟宣教活动，引导学生充分认识烟草危害，鼓励广大青少年成为学校、家庭控烟的宣传员、监督员，促进无烟学校、无烟家庭建设，共同营造无烟环境。 1月15日，乌鲁木齐市第二小学同学们踊跃参加世界无烟日等知识有奖竞答。石榴云/新疆日报记者 王琦铭摄 “我要在寒假里继续监督爸爸，和爸爸妈妈一起养成良好的生活习惯。”乌鲁木齐市第二小学三年级（6）班朱梓菡说，“我爸爸以前吸烟，后来为了我们全家人的身体健康，他戒烟了，要给我做好榜样。我以后也坚决不吸烟。” “学校是开展青少年控烟教育的主场所，我们学校经常开展无烟教育，让孩子们从小懂得吸烟危害自己、他人，自觉远离第一支烟。”乌鲁木齐市第二小学三年级（6）班班主任王蜀苏说。 责任编辑：严培瑜 版权作品，未经授权严禁转载。转载须注明来源、原标题、著作者名，不得变更核心内容。,石榴云客户端,未知,2024-01-16 11:08:19,http://tnews.xjmty.com/app/slyapp/wlmq/202401/t20240116_18587557.html,未知,控烟、戒烟,正面,未知
20240101324,【健康小贴士】一定要了解的禁烟控烟知识,title: 【健康小贴士】一定要了解的禁烟控烟知识 content: 【健康小贴士】一定要了解的禁烟控烟知识 【健康小贴士】一定要了解的禁烟控烟知识,掌上景泰客户端,未知,2024-01-16 11:03:15,http://aijingtain.newgscloud.com/pages/2024/01/16/d1c3b00769a84859b153ac1554a179e7.html,未知,控烟,正面,未知
20240101325,临江市：开展“为生命呼吸 为明天控烟”控烟活动,title: 临江市：开展“为生命呼吸 为明天控烟”控烟活动 content: 临江市：开展“为生命呼吸 为明天控烟”控烟活动 近日，临江市闹枝镇开展了主题为“为生命呼吸 为明天控烟”的控烟活动。 活动中，工作人员与志愿者通过发放宣传资料、解读相关法律法规等方式宣传控烟知识，提高群众对吸烟以及二手烟危害的重视程度，呼吁吸烟者主动戒烟，共计发放戒烟宣传资料50余份。 通过本次活动，深化了辖区居民对烟草危害的认识，促进全民积极参与控烟，同时也为创建良好卫生环境，培育健康生活营造了浓厚的氛围。 来源：临江融媒,白山发布客户端,未知,2024-01-16 10:42:38,http://li1v-share.plus.jlntv.cn/folder9921/folder9923/folder10325/2024-01-16/GIq4QXFkDti0wXnP.html,未知,控烟、戒烟,正面,未知
20240101326,内乡县岞镇：共创无烟环境 共享健康生活,title: 内乡县岞镇：共创无烟环境 共享健康生活 content: 内乡县岞镇：共创无烟环境 共享健康生活 为进一步倡导干部职工健康生活方式，提高群众健康素养，营造和谐、无烟、健康、文明的社会环境。1月15日，内乡县岞镇积极组织开展“无烟佳节 与爱同行”活动安排部署会。 镇党委委员、人大主席张晓海通过图片新闻、事实案例等方式，向干部职工宣传烟草对人体、家人和环境所造成的危害，对大家关心的科学戒烟、远离烟瘾、拒绝二手烟等话题进行详细讲解，广泛传播健康理念。同时，对戒烟方法和技巧、劝阻戒烟方法及技巧等进行了系统培训，让每名干部面对公共场所吸烟的不文明现象，能够做到主动劝阻，真正成为创建无烟单位的践行者和宣传者。 下一步，岞镇将鼓励干部职工深入各村党群服务区中心、商店、饭店等公共场所，利用彩页、LED电子屏幕、微信公众号等方式，向群众介绍吸烟的危害。同时提醒大家不要在室内、公共场所吸烟，引导群众主动戒烟，做控烟的支持者和引导者，共同营造一个健康、清洁、无烟的良好环境。 （县融媒体中心特约记者 杨紫薇）,云上内乡客户端,未知,2024-01-16 09:00:00,http://neixiang.dxhmt.cn/api/page/goPage?type=4&objectId=3eefe9430905478f98eaaea3daae04b4,未知,戒烟、控烟,中性,未知
20240101329,【健康教育】控烟行动，从你我开始！,title: 【健康教育】控烟行动，从你我开始！ content: 【健康教育】控烟行动，从你我开始！ 控烟行动 从你我开始 禁烟控烟知识宣传 吸烟的危害 吸烟的害处很多，它不但吞噬吸咽者的健康和生命，还会污染空气，危害他人。 （一 ） 肺部疾病：香烟燃烧时释放38种有毒化学物质，其中有害成份主要有焦油、一氧化碳、尼古丁、二恶英和刺激性烟雾等。焦油对口腔、喉部、气管、肺部均有损害。烟草烟雾中的焦油沉积在肺部绒毛上，破坏了绒毛的功能，使痰增加，使支气管发生慢性病变，气管炎、肺气肿、肺心病肺癌便会产生。据统计吸烟的人60岁以后患肺部疾病的比例为74%，而不吸烟的人60岁以后患肺部疾病的比例仅为4%，这是一个触目惊心的数字。 （二 ）心血管疾病：香烟中的一氧化碳使血液中的氧气含量减少，造成相关的高血压等疾病。吸烟使冠状动脉血管收缩，使供血量减少或阻塞，造成心肌梗塞。吸烟可肾上腺素增加，引起心跳加快，心脏负荷加重，影响血液循环而导致心脑血管疾病、糖尿病、猝死综合症，呼吸功能下降、中风等共20多种疾病。 （三）吸烟致癌：研究发现，吸烟是产生自由基最快最多的方式，每吸一口烟至少会产生10万个自由基，从而导致癌症和许多慢性病。最近，英国牛津提德克里夫医院对3.5万名吸烟者进行长达50年的研究得出了结论，结果显示，肺癌、胃癌、胰腺癌、膀胱癌、肝癌、口腔癌、鼻窦癌等11种癌症与吸烟“显著相关”。为什么吸烟的人容易感冒，是因为人体的淋巴细胞活性降低，导致癌症。鉴于吸烟致烟致癌的三大因素，戒烟要越早越好。 （四） 吸烟还会导致骨质疏松，更年期提早来临。吸烟使牙齿变黄容易口臭。吸烟害人害己，被动吸烟的人受到危害是吸烟人的五倍。为了你和家人的健康，不让自己成为烟的奴隶，应尽早戒烟。 （五） 吸烟对智力的危害。吸烟可使人的注意力受到影响。有人认为，吸烟可以提神，消除疲劳、触发灵感，这都是毫无科学道理的。实验证明，吸烟严重影响人的智力，记忆力，从而降低工作和学习的效率。 吸烟有百害而无一利，中国53%的儿童被动吸烟，危害更大，容易患肺炎，支气管炎，重症哮喘和其它疾病。如果目前吸烟的情况持续下去，儿童的智力发育、吸烟的家庭，个人将会付出极大的代价。 戒烟的益处多多 戒烟人的寿命长于继续吸烟的人。一般说来，50岁以前就戒烟的人，在其以后15年内死亡的危险将比继续吸烟者降低50%。 （1） 吸烟者患肺癌的相对危险度是不吸烟者的10—15倍。而一个吸烟者戒烟10年后，他患肺癌的危险性将比继续吸烟者降低30％至50％。 （2） 戒烟还会降低吸烟者患喉癌、口腔癌、食道癌、胰腺癌、膀胱癌和其它多种癌症发病的危险度。 （3） 吸烟者死于冠心病的危险度是从不吸烟者的2倍。而吸烟者戒烟后一年之内，这种危险就会降低50％。坚持戒烟15年之后，这种危险度就会接近于从不吸烟者的水平。 （4） 与从不吸烟者相比，吸烟者在死于中风的相对危险度要高一倍。有些吸烟者在戒烟后5年内就可把这种危险性降低到从不吸烟者的水平，而有些人却需要坚持15年才能收到这个效果。 （5） 吸烟是引起肺部疾病的主要原因。一个人戒烟后，可以降低患感冒、肺炎和支气管炎的危险性，并随着年龄增长而发生的肺功能下降的速度将接近于从不吸烟者的情况。 （6） 戒烟后你不会因吸烟引起家庭矛盾，戒烟之后10年可以节约一大笔钱。你不会因在公共场所吸烟而被罚款。 （7） 孕妇吸烟使胎儿和婴儿死亡率比正常不吸烟者高25—50％，婴儿出生体重平均低于正常值200克。若在怀孕前4个月开始戒烟，这些不良影响通常都可以改变. （8） 戒烟后将更能集中精力学习和工作，使你面容显得滋润和富有光泽。使你的嗅觉、味觉更灵敏，吃东西将更有味道。 （9） 戒烟后再也不会走到哪儿都带去一股烟味，也不会再让家人、朋友、同事吃“二手烟”，与吸烟者相比，你将显得更高雅、更潇洒、更有风度。 戒烟方法 戒烟后又吸烟不等于戒烟失败，吸了一口或一支烟后并不是“一切都太晚了”，但要仔细分析重新吸烟的原因，避免以后重犯。 （一）如何戒烟 1.戒烟从现在开始，完全戒烟或逐渐减少吸烟次数的方法，通常3～4个月就可以成功。 2.丢掉所有的香烟、打火机、火柴和烟灰缸。 3.避免参与往常习惯吸烟的场所或活动。 4.餐后喝水、吃水果或散步，摆脱饭后一支烟的想法。 5.烟瘾来时，要立即做深呼吸活动，或咀嚼无糖分的口香糖，避免用零食代替香烟，否则会引起血糖升高，身体过胖。 6.坚决拒绝香烟的引诱，经常提醒自己，再吸一支烟足以令戒烟的计划前功尽弃。 （二）如何度过戒烟最难熬的前5天？ 1.两餐之间喝6－8杯水，促使尼古丁排出体外。 2.每天洗温水浴，忍不住烟瘾时可立即淋裕 3.在戒烟的5日当中要充分休息，生活要有规律。 4.饭后到户外散步，做深呼吸15—30分钟。 5.不可喝刺激性饮料，改喝牛奶、新鲜果汁和谷类饮料。 6.要尽量避免吃家禽类食物、油炸食物、糖果和甜点。 7.可吃多种维生素B群，能安定神经除掉尼古丁 （三）过了最初五天可按照下列方法保持戒烟“战果” 1.饭后刷牙或漱口，穿干净没烟味的衣服。 2.用钢笔或铅笔取代手持香烟的习惯动作。 3.将大部分时间花在图书馆或其它不准抽烟的地方。 4.避免到酒吧和参加宴会，避免与烟瘾很重的人在一起。 5.将不抽烟省下的钱给自己买一项礼物。 6.准备在2—3周戒除想抽烟的习惯。 来 源：网络综合 编 辑：熊平海 一 审：周海燕 二 审：朱自刚 曹亚玲 童忠平 三 审：张智峰 全海波 责编：熊平海 来源：汉寿县融媒体中心,今点汉寿客户端,未知,2024-01-15 19:30:23,http://m-xhncloud.voc.com.cn/portal/news/show?id=9281433,未知,控烟、戒烟,中性,未知
20240101330,库尔勒市新城街道开展控烟健康教育活动,title: 库尔勒市新城街道开展控烟健康教育活动 summary: 为做好辖区公共场所控烟禁烟工作，进一步增强干部及居民对吸烟危害的认识，促进干部及辖区居民养成文明卫生习惯， 1月15日，库尔勒市新城街道华星园社区以“大力开展禁烟教育推动控烟工作持续开展”为主题开展控烟健康教育活动。 content: 库尔勒市新城街道开展控烟健康教育活动 为做好辖区公共场所控烟禁烟工作，进一步增强干部及居民对吸烟危害的认识，促进干部及辖区居民养成文明卫生习惯，1月15日，库尔勒市新城街道华星园社区以“大力开展禁烟教育 推动控烟工作持续开展”为主题开展控烟健康教育活动。 活动中，社区工作人员讲解了香烟进入人体，经过口腔、呼吸道、消化道，身体各器官都会受到损害，吸烟还有可能造成肺癌、心血管病、冠心病和慢性肺组织疾病等。 社区干部耶新院说：“通过学习，让我更加清楚了解了香烟对人体的危害，我的烟龄很长，平时对自己的健康也不重视，以后我要远离香烟，并向家人和朋友宣传吸烟的危害，做健康的第一责任人。” 大家纷纷表示，要从自身做起，减少吸烟，养成文明卫生的行为习惯，创造文明、洁净、优美、良好的公共无烟环境，营造健康、清洁、无烟的社会。（图文 张秀娟）,今日头条客户端,未知,2024-01-15 18:21:39,http://www.toutiao.com/article/7324268046032585279/,未知,控烟,正面,未知
20240101331,开封市兰考县政务服务和大数据管理局开展“无烟佳节 与爱通行”主题宣传活动,title: 开封市兰考县政务服务和大数据管理局开展“无烟佳节 与爱通行”主题宣传活动 content: 开封市兰考县政务服务和大数据管理局开展“无烟佳节 与爱通行”主题宣传活动 大河报·豫视频记者 郑松波 通讯员 管婷 为进一步引导干部职工践行文明健康、绿色环保的生活方式，营造无烟、健康、舒适的工作环境，1月15日，开封市兰考县政务服务和大数据管理局积极开展了“无烟佳节、与爱同行”主题宣传活动。呼吁大家行动起来，支持控烟、参与控烟、积极推进控烟行动，建设无烟环境，树立健康向上的社会风尚，享受无烟佳节。 活动中，该局志愿者通过政务大厅LED显示屏，滚动播放无烟佳节倡议书、发放宣传彩页、现场讲解等形式，向办事群众及工作人员宣传普及烟草危害知识，大力弘扬无烟健康过节文化，倡导“送烟=送危害”，同时，还着重强调了青少年远离烟草的重要性，呼吁家长们要引导孩子树立正确的价值观和健康观念，动员广大办事群众和工作人员主动养成合理膳食、适量运动、戒烟限酒、心理平衡等健康生活方式和生活习惯，营造讲文明、铸健康的良好风尚。 此次活动，普及了控烟禁烟重要性，增强了群众和工作人员的控烟戒烟意识，让践行文明健康绿色环保生活方式的理念深入人心，让更多的群众积极参与到控烟行动和营造“双节”无烟氛围的行动中来，自觉成为控烟行动的宣传者、践行者。,大河客户端,未知,2024-01-15 18:19:00,http://news.dahebao.cn/dahe/appcommunity/1989888?newsId=1989888,未知,控烟、戒烟、控烟戒烟,正面,未知
20240101333,【卫生与健康】新城街道华星园社区开展控烟健康教育活动,title: 【卫生与健康】新城街道华星园社区开展控烟健康教育活动 content: 【卫生与健康】新城街道华星园社区开展控烟健康教育活动 为做好辖区公共场所控烟禁烟工作，进一步增强干部及居民对吸烟危害的认识，促进干部及辖区居民养成文明卫生习惯，1月15日，新城街道华星园社区以“大力开展禁烟教育 推动控烟工作持续开展”为主题开展控烟健康教育活动。 活动中，社区工作人员讲解了香烟进入人体，经过口腔、呼吸道、消化道，身体各器官都会受到损害，吸烟还有可能造成肺癌、心血管病、冠心病和慢性肺组织疾病等。 社区干部耶新院说：“通过学习，让我更加清楚了解了香烟对人体的危害，我的烟龄很长，平时对自己的健康也不重视，以后我要远离香烟，并向家人和朋友宣传吸烟的危害，做健康的第一责任人。” 大家纷纷表示，要从自身做起，减少吸烟，养成文明卫生的行为习惯，创造文明、洁净、优美、良好的公共无烟环境，营造健康、清洁、无烟的社会。（通讯员 张秀娟） 责任编辑：王意,库尔勒好地方客户端,未知,2024-01-15 16:48:08,http://tnews.xjmty.com/app/kels/zb/202401/t20240115_18575331.html,未知,控烟,正面,未知
20240101334,“烟草导致心脏病”主题控烟宣传公益广告,title: “烟草导致心脏病”主题控烟宣传公益广告 content: “烟草导致心脏病”主题控烟宣传公益广告 编辑/任泠璇(实习）,都江堰发布客户端,未知,2024-01-15 16:39:48,http://wap.cditv.cn/newsDetail?app_id=16&t=official_account_new&v=678%3B%3B1721018,未知,控烟,中性,未知
20240101335,龙井市梨园街道梨园社区开展“无烟佳节，与爱同行”活动,title: 龙井市梨园街道梨园社区开展“无烟佳节，与爱同行”活动 content: 龙井市梨园街道梨园社区开展“无烟佳节，与爱同行”活动 近日，龙井市梨园街道梨园社区开展“无烟佳节，与爱同行”主题活动。 活动中，首先对社区工作人员进行无烟宣传、规范控烟标识。然后在辖区公共区域和办公场所内张贴控烟标识、发放禁烟传单，并讲解吸烟对身体所造成的伤害、烟草威胁环境、二手烟危害健康以及戒烟的好处和科学戒烟方法。并引导居民及工作人员增强控烟戒烟意识，选择健康文明的生活方式，共同创建无烟环境。 下一步，梨园社区还将继续加强控烟宣传普及健康知识，传播健康理念，引导群众形成科学、健康、绿色、文明的生活方式。 通讯员： 黄健 编辑：姜炫媚,龙井融媒客户端,未知,2024-01-15 16:31:48,http://gbss-share.plus.jlntv.cn/folder5992/folder5994/folder9010/2024-01-15/wTZXjtKo9FYYvK0T.html,未知,控烟、戒烟、控烟戒烟,正面,未知
20240101336,控烟宣传|提高警惕 勿入烟草营销宣传陷阱！,title: 控烟宣传|提高警惕 勿入烟草营销宣传陷阱！ content: 控烟宣传|提高警惕 勿入烟草营销宣传陷阱！,昆明五华客户端,未知,2024-01-15 16:25:07,http://yun.rmt.kmzscc.com/art-906451.html,未知,控烟,中性,未知
20240101337,石子岭社区开展“无烟佳节 与爱同行”宣传活动,title: 石子岭社区开展“无烟佳节 与爱同行”宣传活动 content: 石子岭社区开展“无烟佳节 与爱同行”宣传活动 本网讯（通讯员 曾子涵 方明霞）为进一步提高居民对烟草危害的认识，普及健康知识，传播健康理念，引导居民践行文明健康绿色环保生活方式，营造新春佳节无烟气氛，1月11日，葛洲坝街道石子岭社区开展“无烟佳节，与爱同行”主题宣传。 会上，工作人员以现场讲解的方式呼吁大家自觉抵制烟草诱惑，养成健康的生活方式和行为习惯，号召广大居民积极成为戒烟宣传员，告知身边人吸烟有害健康，保持健康的生活方式，共同营造从我做起，积极控烟、拒烟、戒烟，创建无烟的健康生活环境。 会后，志愿者进到居民家中，倡导居民不在公共场所、室内工作场所和公共交通工具内吸烟，不让别人吸二手烟，主动远离传统烟草产品和电子烟，积极做控烟宣传者和倡导者，并为他们发放了《控烟倡议书》、戒烟宣传资料、宣传品等。 此次宣传，使居民进一步了解到烟草危害，深刻理解了禁烟控烟的重要意义，增强了控烟意识，自觉主动的拒绝香烟，远离烟草烟雾，为共建无烟环境，共享健康生活打下了良好基础。 ​ 审核人：韩亮,三峡云客户端,赵仁珺,2024-01-15 15:20:22,http://site.ycrmt.cn/zj/web/Details?id=982676,未知,戒烟、控烟,正面,未知
20240101338,@东丰人，快来了解吸烟的多种危害！,title: @东丰人，快来了解吸烟的多种危害！ content: @东丰人，快来了解吸烟的多种危害！ 吸烟有害健康，烟草烟雾没有安全的接触阈值。烟草使用对于吸烟者本身，以及处于烟草烟雾环境中的人来说都是危害。今天小编带领大家了解一下吸烟的危害。 吸烟害人害已 吸烟和二手烟会导致癌症、心血管疾病、呼吸系统疾病等多种疾病。 一手烟的危害 烟草烟雾中含有7000多种化学物质，已知69种能够致癌。 吸烟不仅可以导致慢性阻塞性肺疾病、支气管哮喘等多种呼吸系统疾病，还能导致口腔癌、喉癌、肺癌、膀胱癌、乳腺癌等多种癌症，并且与心血管疾病关系密切。 吸烟量越大，吸烟年限越长，患病的风险越高。 二手烟的危害 烟草燃烧的烟雾只有少部分被吸烟者吸入体内，大部分释放到周围环境中，也就是我们常说的“二手烟”。 二手烟已经被美国环保署和国际癌症研究署确定为人类A类致癌物质。 处于二手烟的环境中，发生肺癌、心脏病以及呼吸道感染等疾病风险显著增加。 怀孕期间常接触二手烟，易造成胎儿早产、生长发育受限、出生体重下降。 三手烟的危害 三手烟是指烟民吞云吐雾后，残留在衣物、地毯、窗帘、家具，甚至头发和皮肤表面的烟雾污染物。三手烟可残留数周，甚至数月。家中有人吸烟时，即使通风2个月，依然可检测到三手烟的成分。 三手烟能重新释放到空气中，还会与环境中一些化合物反应生成新的污染物。三手烟来源于二手烟，但由于经历了复杂的化学反应，其毒性高于二手烟，包含十余种强致癌物。 儿童更容易受到家庭三手烟的危害 儿童喜欢通过触觉和味觉探索世界，吸吮手指，将拿到的东西放到嘴里，在地板、地毯上爬行玩耍，污染物更容易通过口和皮肤进入他们的身体。 儿童的呼吸速度高于成人，他们会吸入更多的化学物质。 儿童的体重低于成人，呼吸、免疫和代谢系统的功能发育不完全，同样有毒物质水平对其危害更大。 儿童在私人环境（家庭或汽车）中的时间更多。 三手烟以残留物的形式长久地存在家庭环境之中，儿童暴露其中不易察觉，导致的健康危害非常隐匿。有研究显示，父母只在室外吸烟，儿童体内尼古丁代谢物浓度为父母不吸烟的儿童的7倍。 戒烟误区 误区一：尼古丁是伤害我们健康的罪魁祸首？ 很多人认为吸烟最大的危害是尼古丁，实际上，尼古丁只会让人产生生理和心理上的依赖，真正带来伤害的是香烟的燃烧产物焦油、烟气、一氧化碳等，以焦油为例，卷烟在不完全燃烧的情况下产生的焦油含有16种致癌物质，4000多种烃类物质、硫化物等的混合物。 误区二：抽得少，就不会影响身体健康？ 这是一个很普遍的想法，但是却是错误的，因为吸烟本身是一个毒素不断积累的过程，每个人体质不一样，爆发的时间也不一定。但是可以肯定的是，随着时间的推移，抽烟的人群会慢慢出现皱纹、白发、秃头、口气加重、血压升高、更年期提前、甚至是癌症的出现。 误区三：餐后一支烟，赛过活神仙？ 其实餐后吸烟的伤害是非常大的，因为我们吃完饭后，正是消化系统工作的时间，这时的胃肠蠕动加快，血液循环也会加快，全身的毛孔都会打开，而此时抽烟，无疑是加速了有害物质的进入，而且餐后抽烟还会影响食物的消化和吸收。 戒烟“四要诀” 打造无烟小环境 戒烟后，首先在家里和身上不要放香烟，为自己创造一个无法自由吸烟的环境。向家人、朋友与同事宣告自己的戒烟大计，请他们协助自己达成目标。 花样转移注意力 有复吸想法时，先深呼吸15次，喝一杯冷水、扩胸伸懒腰、刷牙或洗脸，也可咀嚼胡萝卜、小黄瓜及芹菜条，转移注意力，一口也不要再吸。 平衡饮食与运动 坚持少量多餐与清淡的饮食原则，抽时间运动，能减轻哈欠连连、精神不佳的戒断症状。 寻找烟草替代品 随身携带笔和无糖口香糖，替代吸烟时的口欲和手欲。 无 烟 共 建 共享 ★ 只有100%的无烟环境才能保护人们免受烟草烟雾的伤害。不在公共场所吸烟，是尊重他人健康权的表现！ ★ 遵守《控制吸烟条例》，不在公共场所、工作场所的室内环境、室外排队等场合吸烟。 ★ 构建无烟的家庭环境，任何人、任何时间、在家中的任何地点都不吸烟，私家车内也不例外。 让我们携手共同支持控烟 共建共享无烟生活 编审：东丰县融媒体中心 王晓萍 编辑：东丰县融媒体中心 王成明,大美东丰客户端,未知,2024-01-15 15:15:10,http://3r4k-share.plus.jlntv.cn/dongfeng/folder2269/folder2281/folder5056/2024-01-15/sJKg9Fk0EZJU64G9.html,未知,戒烟、控烟,正面,未知
20240101339,正阳社区开展禁烟控烟宣传活动,title: 正阳社区开展禁烟控烟宣传活动 content: 正阳社区开展禁烟控烟宣传活动近日，正阳社区开展禁烟控烟健康宣讲活动，向辖区居民宣传吸烟及二手烟的危害、戒烟的好处等，呼吁大家不要在室内、公共场所、工作场所和交通工具内吸烟，共同营造无烟环境。,人民日报客户端,延吉宣传,2024-01-15 15:08:43,http://wap.peopleapp.com/article/rmh39547844/rmh39547844,未知,控烟、戒烟,正面,未知
20240101342,桃园镇三良村开展“禁烟控烟”知识宣传活动,title: 桃园镇三良村开展“禁烟控烟”知识宣传活动 content: 桃园镇三良村开展“禁烟控烟”知识宣传活动 为进一步提高村民对吸烟危害的认识，倡导文明生活方式，营造健康、清洁、无烟的生活环境，近日，桃园镇三良村开展“禁烟控烟”知识宣传活动，受众人数35人。 活动中，村民积极参与，现场气氛热烈。宣传人员耐心向村民宣传控烟的必要性，阐明长期吸烟的危害，向村民讲解二手烟的危害及戒烟方法等知识，呼吁大家不要在室内、公共场所、工作场所吸烟，引导村民把健康知识转变为健康行为，共享健康绿色的生活环境。 此次禁烟控烟宣传活动，使群众对烟草危害有了进一步的认识，有效引导吸烟者主动参与禁烟、控烟活动，为创建无烟、健康、文明的生活环境夯实基础。,君子肥城客户端,未知,2024-01-15 14:10:18,http://iapp.fcrmt.cn/share/d21zai01MS0zMDU5MzExOQ.html,未知,控烟、戒烟,正面,未知
20240101343,邓州市古城街道开展“无烟佳节 与爱同行”宣传咨询活动,title: 邓州市古城街道开展“无烟佳节 与爱同行”宣传咨询活动 content: 邓州市古城街道开展“无烟佳节 与爱同行”宣传咨询活动 顶端新闻记者 张治中 通讯员 屈梦涵 为进一步推动控烟工作开展，引导群众践行文明健康、绿色环保的生活方式，营造无烟佳节良好氛围，邓州市古城街道办事处积极开展“无烟佳节 与爱同行”主题宣传活动。 2024年1月12日上午，古城街道办事处主任安庆豪带领班子成员组织在古城办事处为民服务大厅搭设咨询台，放置病媒防治宣传版面，发放“无烟佳节 与爱同行”倡议宣传彩页，向居民和过往群众宣传普及烟草危害知识，大力弘扬无烟健康过节文化，倡导“送烟=送危害”，养成卫生好习惯，健康祥和迎新春。 同时，古城街道办事处志愿者还深入街头游园、商店等公共场所，发放“无烟佳节 与爱同行”倡议科普宣传手册，讲解吸烟和二手烟的危害，引导居民将“戴口罩、勤洗手、多通风、常打扫、不扎堆、公筷勺”等良好卫生习惯动员广大群众主动养成合理膳食、适量运动、戒烟限酒、心理平衡等健康生活方式和生活习惯，营造讲文明、铸健康的良好风尚。 此次活动，增强了居民的控烟戒烟意识，让践行文明健康绿色环保生活方式的理念深入人心，促使更多的居民积极参与到控烟行动和营造“双节”无烟氛围的行动中来，自觉成为控烟行动的宣传者、践行者。 (上顶端，看河南，知天下！欢迎提供新闻线索。顶端新闻•河南商报南阳新闻热线18639010169，投稿信箱353990537@qq.com),顶端新闻客户端,未知,2024-01-15 11:41:12,http://static.dingxinwen.com/dd-sharepage/detail/index.html?id=5597153,未知,控烟、戒烟、控烟戒烟,正面,未知
20240101344,长丰县水湖镇：宣传禁烟控烟 创无烟环境,title: 长丰县水湖镇：宣传禁烟控烟 创无烟环境 content: 长丰县水湖镇：宣传禁烟控烟 创无烟环境 为提高居民对吸烟危害的认识，进一步推进无烟机关、无烟学校等无烟场所建设，打造无烟环境，营造健康、卫生的工作和居住环境，安徽长丰县水湖镇爱卫办、卫健办、计生协和水湖社卫中心、春雷幼儿园联合开展了禁烟控烟宣传活动。 工作人员在商场超市、公园广场、学校、车站、机关企事业单位、村（社区）等重点场所，及时更新健康科普宣传栏、宣传海报，宣传“吸烟有害 远离烟草”、“文明健康 绿色环保”等内容，在春雷幼儿园播放戒烟控烟宣传片，通过“小手拉大手”带动家庭成员摒弃吸烟等不良习惯，营造浓厚宣传氛围。 水湖镇通过开展吸烟和被动吸烟有害健康的公益宣传活动，引导群众了解吸烟的危害及掌握戒烟的方法，鼓励吸烟者主动戒烟、不吸烟者参与吸烟劝阻，提醒大家要认识到烟草对身体的危害，远离烟草，控制和减少烟草造成的危害，共同营造文明卫生 、无烟健康的社会环境。（陶庆美） 社区融编辑：余蕾,安徽日报客户端,未知,2024-01-15 10:36:10,http://app.ahnews.com.cn/displayTemplate/news/newsDetail/1547/1034692.html?isShare=true,未知,控烟、戒烟控烟、戒烟,中性,未知
20240101345,大安市长虹街道铁西社区新时代文明实践站开展“禁烟控烟 你我同行”宣传志愿服务活动,title: 大安市长虹街道铁西社区新时代文明实践站开展“禁烟控烟 你我同行”宣传志愿服务活动 content: 大安市长虹街道铁西社区新时代文明实践站开展“禁烟控烟 你我同行”宣传志愿服务活动 为进一步提高居民群众对吸烟危害性的认识和了解，维护群众生命健康，营造无烟、清洁、健康的居住环境。近日，大安市长虹街道铁西社区新时代文明实践站开展“禁烟控烟 你我同行”宣传志愿服务活动。 活动中，卫生服务中心的志愿者向居民群众详细讲解了吸烟和被动吸烟的危害，以及在日常生活中如何增强自己的控烟意识的危害，从而进一步提高居民群众对烟草危害的认识。劝导大家从自身做起，不在公共场所吸烟，自觉维护公共场所的无烟环境，争做健康环境社区的模范。同时宣传科学戒烟的小妙招，让居民群众通过培养兴趣爱好、增强人际沟通能力、以茶会友等科学的方式缓解对烟草的依赖，摒弃不良习惯，从而达到戒烟效果。 通过此次活动，使居民群众对吸烟危害有了更加深刻的认识，进一步加强了居民群众对控烟理念的理解和认同。 下一步，大安市铁西社区新时代文明实践站将持续加大控烟宣传力度，倡导大家选择健康、文明的生活方式，养成健康的生活方式和习惯，营造良好的无烟环境，共创全社会支持控烟的良好氛围，为共享健康生活打下良好基础。 信息来源：大安新时代文明实践 责编：崔振新 张靖群 复审：赵丽艳 高倩 终审：程树江 监制：孟庆瑜,大安融媒客户端,未知,2024-01-15 10:07:49,http://xhvb-share.plus.jlntv.cn/folder3783/folder3785/folder10888/2024-01-15/lspCKYpyePNGzvn8.html,未知,控烟、戒烟,正面,未知
20240101346,控烟宣传 | 无烟佳节 与爱同行——春联,title: 控烟宣传 | 无烟佳节 与爱同行——春联 content: 控烟宣传 | 无烟佳节 与爱同行——春联 END 编辑：李行 编审：李妍 监审：适钢 投稿邮箱：jgtvxinwenbu@126.com,七彩云端客户端,李行,2024-01-15 10:05:20,http://mtydazzle.yunshicloud.com/pages/details/details.html?productId=320D3AAAE13D4813B3B256FE4B9E8C56&docid=221470B8444C4BED91F146270AA1BC92&downloadTips=true&jumpCode=QCYD,未知,控烟,中性,未知
20240101352,无烟佳节 与爱同行 | 孝昌：共建无烟校园 共享健康佳节,title: 无烟佳节 与爱同行 | 孝昌：共建无烟校园 共享健康佳节 content: 无烟佳节 与爱同行 | 孝昌：共建无烟校园 共享健康佳节 1月12日，为贯彻落实国家卫健委开展“无烟佳节 与爱同行”控烟活动要求，孝昌县卫健局、教育局、爱卫办、疾控中心联合县第一初级中学开展“无烟佳节 与爱同行”主题进校园活动，鼓励广大青少年成为学校、家庭控烟监督员，促进无烟学校、无烟家庭建设。 县第一初级中学教师在启动仪式上宣读孝昌县“无烟佳节 与爱同行”控烟活动倡议书；县疾控中心工作人员围绕“世界无烟日”的由来、烟草烟雾及电子烟对青少年的危害等知识进行详细讲解，警示学生们在思想上、心理上、行动上认清烟草烟雾及电子烟的“真面目”，不猎奇、不跟风、不沾染，坚决向烟草说“不”，帮助学生树立“拒吸第一支烟，做不吸烟新一代”的理念。 “此次讲座让我们清晰地意识到吸烟的危害，今后我要自觉远离烟草，从我做起、以点带面，将‘无烟佳节 与爱同行’的控烟理念传递给我们身边的人。”孝昌县第一初级中学714班学生周宇涵说。 “第一初级中学一直以来都在积极开展控烟工作，中学生正处于青春期，好奇心较强，学校需要专业人员来引导师生养成健康无烟的生活方式，共同营造绿色环保无烟的校园环境。”孝昌县第一初级中学副校长余欢说。 为进一步推动辖区控烟工作，县疾控中心主动谋划具有特色的控烟系列宣传活动，紧抓元旦、春节时间节点，大力弘扬无烟健康过节文化，全方位、多角度开展控烟宣传教育。联合中小学校、党政机关、医院等单位，广泛科普烟草烟雾和电子烟危害，巩固提升无烟党政机关、无烟学校、无烟医院建设成果，自觉做控烟宣传者、倡导者和监督者。 “县疾控中心将通过宣传标语、宣传栏、海报、视频、公益宣传等群众喜闻乐见的方式，在全县开展无烟党政机关建设巩固提升活动、控烟健康教育活动、戒烟咨询服务活动以及健康过佳节宣传活动等，引导群众践行文明健康绿色环保生活方式，营造元旦、春节‘两节’无烟氛围。”孝昌县疾控中心健康教育科医生李红霞说。 记者：丁 珂 通讯员：汤立宏 编辑：刘 爽 责编：汪海莲 终审：彭宏伟 李健初,云上孝昌客户端,未知,2024-01-14 21:32:00,http://m-xiaochang.cjyun.org/p/112093.html,未知,控烟、戒烟,中性,未知
20240101358,应城四里棚卫生院控烟宣传进社区,title: 应城四里棚卫生院控烟宣传进社区 content: 应城四里棚卫生院控烟宣传进社区 1月12日上午，应城市四里棚卫生院开展“无烟佳节·与爱同行”控烟宣传活动。 医护人员以发放倡议书、宣传单、网格群宣传、面对面答疑等方式，宣传吸烟、吸“二手烟”的危害及戒烟的益处，呼吁大家行动起来，积极推进控烟行动。 据统计，此次控烟宣传共发放倡议书150余份，宣传单120余份。 应城市四里棚街道将以春节为契机，加大宣传力度和广度，倡导过节不吸烟、不送烟、不敬烟，对“二手烟”说不，共度无烟佳节。 （来源：应城市四里棚街道办事处 通讯员：伍露瑶 一审编辑：程国辉 二审校对：陈雨欣 终审核发：姜涛）,云上应城客户端,未知,2024-01-13 19:10:00,http://m-yingcheng.cjyun.org/p/87210.html,未知,控烟、戒烟,正面,未知
20240101359,大兴区林校路街道：一店多查 一查多效 助推餐饮质量安全双提升,title: 大兴区林校路街道：一店多查 一查多效 助推餐饮质量安全双提升 content: 大兴区林校路街道：一店多查 一查多效 助推餐饮质量安全双提升 为落实控烟管理，提高辖区餐饮单位燃气安全管理水平，推动垃圾分类规范化，林校路街道多科室联动对辖区餐饮单位开展执法检查工作。 检查燃气安全 筑牢燃气安全防线 工作人员来到餐饮单位后厨，着重对燃气设备使用是否符合规范、灶具软管是否老化、燃气间有无堆放杂物、在燃气管道上有无悬挂重物等问题进行检查。 并对一些容易忽视的细节做了提示和强调，要求餐饮单位负责人严格落实安全主体责任，加强对员工的安全教育引导，日常做好自查整改。 检查控烟管理 清洁公共场所卫生环境 执法队员排查吸烟人员及吸烟痕迹，检查禁烟标识是否规范醒目、控烟巡查记录是否完善。 要求餐饮单位负责人严格落实《北京市控制吸烟条例》并对检查发现问题及时整改，共同维护无烟环境。 检查垃圾分类 提升餐饮单位分类意识 执法队员对是否按要求设置收集容器、将垃圾分别投入相应标识的收集容器、是否按规定清运、处理餐厨垃圾等问题进行重点检查。 在检查过程中，提醒餐饮单位负责人按规定管护好垃圾分类收集容器，确保后厨环境卫生整洁。 本次执法检查工作发现问题两起，已要求相关单位立即整改， 做到规范营业，安全营业。 下一步，林校路街道将持续加大对辖区餐饮单位的检查力度，助力餐饮单位提高燃气安全管理、控烟管理和垃圾分类规范化水平。 来源：大兴区林校路街道 编辑：陈怡 监审：赵亮,北京日报客户端,未知,2024-01-13 17:38:00,http://bj.bjd.com.cn/bjrbbeijinghao/contentShare/5ddf58fbe4b0ab28c844c36e/AP65a25a0fe4b0f6c5abd4bdb7.html,未知,控烟,正面,未知
20240101360,"法律法规的落实
再次，我们需要做好《未成年人保护法》的落实工作，不向未成年人售卷烟和电子烟。同时，我们也需要加强控烟法规的有效落实，禁止任何形式的广告、促销和赞助活动。只有这样，我们才能真正地从源头上防止青少年吸烟。",title: 法律法规的落实 再次，我们需要做好《未成年人保护法》的落实工作，不向未成年人售卷烟和电子烟。同时，我们也需要加强控烟法规的有效落实，禁止任何形式的广告、促销和赞助活动。只有这样，我们才能真正地从源头上防止青少年吸烟。 content: 法律法规的落实 再次，我们需要做好《未成年人保护法》的落实工作，不向未成年人售卷烟和电子烟。同时，我们也需要加强控烟法规的有效落实，禁止任何形式的广告、促销和赞助活动。只有这样，我们才能真正地从源头上防止青少年吸烟。法律法规的落实&lt;br / 再次，我们需要做好《未成年人保护法》的落实工作，不向未成年人售卷烟和电子烟。同时，我们也需要加强控烟法规的有效落实，禁止任何形式的广告、促销和赞助活动。只有这样，我们才能真正地从源头上防止青少年吸烟。,百度新闻客户端,呼吸科孙思庆医生,2024-01-13 15:24:57,http://mbd.baidu.com/newspage/data/dtlandingsuper?nid=dt_4300539591747267859&sourceFrom=homepage,未知,控烟,正面,未知
20240101361,"宣传与教育
首先，我们需要大力宣传吸烟的危害。现代新媒体、新方法为我们提供了更多的可能性。我们可以利用这些手段，多渠道、全方位地开展青少年控烟宣传工作，让青少年认识到吸烟的成瘾性，吸烟、二手烟暴露以及吸电子烟可能产生的健康危害。同时，我们也需要在学校和家庭中进行教育，让孩子们在成长过程中形...",title: 宣传与教育 首先，我们需要大力宣传吸烟的危害。现代新媒体、新方法为我们提供了更多的可能性。我们可以利用这些手段，多渠道、全方位地开展青少年控烟宣传工作，让青少年认识到吸烟的成瘾性，吸烟、二手烟暴露以及吸电子烟可能产生的健康危害。同时，我们也需要在学校和家庭中进行教育，让孩子们在成长过程中形... content: 宣传与教育 首先，我们需要大力宣传吸烟的危害。现代新媒体、新方法为我们提供了更多的可能性。我们可以利用这些手段，多渠道、全方位地开展青少年控烟宣传工作，让青少年认识到吸烟的成瘾性，吸烟、二手烟暴露以及吸电子烟可能产生的健康危害。同时，我们也需要在学校和家庭中进行教育，让孩子们在成长过程中形...宣传与教育&lt;br / 首先，我们需要大力宣传吸烟的危害。现代新媒体、新方法为我们提供了更多的可能性。我们可以利用这些手段，多渠道、全方位地开展青少年控烟宣传工作，让青少年认识到吸烟的成瘾性，吸烟、二手烟暴露以及吸电子烟可能产生的健康危害。同时，我们也需要在学校和家庭中进行教育，让孩子们在成长过程中形成正确的价值观和生活方式。,百度新闻客户端,呼吸科孙思庆医生,2024-01-13 15:24:30,http://mbd.baidu.com/newspage/data/dtlandingsuper?nid=dt_4889074742567069724&sourceFrom=homepage,未知,控烟,中性,未知
20240101362,舞阳大街社区：无烟的家 更多的爱,title: 舞阳大街社区：无烟的家 更多的爱 content: 舞阳大街社区：无烟的家 更多的爱 湖北日报客户端讯（通讯员 袁萌）1月12日，舞阳坝街道舞阳大街社区联合市公路局等包保单位向辖区居民宣传控烟禁烟相关知识。 此次活动主要针对学校、超市等重点场所及重点人员开展宣传，通过发放控烟禁烟宣传资料，普及吸烟危害健康等相关知识，将“吸烟有害健康”这句话不仅仅停留在嘴边，更重要的是落实在行动中。 经过本次活动，居民对吸烟的危害有了进一步认识，“吸烟不仅有害自己的健康，不利于家人的健康，更不利于孩子的健康成长，作为家长要发挥示范作用，做到不吸烟、不劝烟、不送烟”，一名学生家长说道。 长期以来，舞阳大街社区不仅关注辖区环境卫生情况、社会安全稳定情况、经济社会发展情况，更加注重居民群众的身心健康发展，极力营造舒适干净清爽无烟的居住环境。,湖北日报客户端,未知,2024-01-13 14:52:16,http://news.hubeidaily.net/hbrbsharenew/index_share/5/2155248/1938150/0/0,未知,控烟,中性,未知
20240101363,龙江幼儿园：无烟佳节 与爱同行,title: 龙江幼儿园：无烟佳节 与爱同行 content: 龙江幼儿园：无烟佳节 与爱同行 1月12日，龙江第一幼儿园开展“无烟佳节 与爱同行”控烟教育活动。 各班通过讲故事、看宣传片、玩游戏等方式对幼儿开展控烟教育，让孩子们小手拉大手，把控烟知识带回家，向家长宣传吸烟的危害，做好控烟活动的宣传员和监督员，形成以幼儿带动家庭、社会的浓厚控烟氛围。发放《致家长的一封信》，倡议家长“不要让我们的孩子吸二手烟”，努力构建无烟家庭，同时我园还设有控烟劝导员，做禁烟解释和劝导工作。 通过本次活动，进一步提高我园师生和广大家长对吸烟危害健康的认识，了解到禁烟也是保护家人、保护环境的一项重要措施，为有效营造无烟、清洁、健康的“无烟校园”起到促进作用。 通讯员：侯西茜,巫山客户端,未知,2024-01-12 22:08:00,http://h5.cqliving.com/info/detail/99046145.html,未知,控烟,中性,未知
20240101364,二七区建中街街道淮南社区：做好烟草流行监测 普及科学控烟知识,title: 二七区建中街街道淮南社区：做好烟草流行监测 普及科学控烟知识 content: 二七区建中街街道淮南社区：做好烟草流行监测 普及科学控烟知识 1月10日，二七区建中街街道淮南社区开展成人烟草流行监测调查工作，旨在全面掌握辖区成人烟草流行现状，为进一步制定控烟政策提供数据支撑。 据了解，此次调查采用随机抽取辖区居民开展入户调查的方式，社区发动网格长与调查员协助居民填写调查问卷，并向周边小区的居民开展控烟宣传，讲解吸烟对身体的危害，倡导健康生活方式，增强居民的控烟意识。 “此次调查对象集中为15周岁及以上人群，内容涉及基本健康知识和理念、健康生活方式等。”淮南社区负责人表示，接下来，将继续严格按照调查问卷工作要求，扎实准确地完成调查工作，同时积极宣传烟草危害、科学戒烟等知识，倡导健康生活方式。 正观新闻·郑州晚报记者 朱翔宇 通讯员 肖莹 统筹：陈静 编辑：闫佳佳,正观新闻客户端,未知,2024-01-12 20:42:00,http://wap.zhengguannews.cn/html/news/348479.html,未知,控烟、戒烟,中性,未知
20240101365,同安街道：无烟佳节 与爱同行,title: 同安街道：无烟佳节 与爱同行 content: 同安街道：无烟佳节 与爱同行 为进一步营造无烟佳节的氛围，引导群众践行文明健康绿色环保生活方式，1月12日下午， 包河区同安街道王大郢社区卫健办携王大郢社区卫生服务站工作人员在阳光上南怡园广场开展“无烟佳节 与爱同行”控烟宣传活动。 活动现场采取设咨询台，向来往乘客发放宣传折页、控油壶、免费测血压等多种形式向广大群众介绍吸烟和二手烟的危害，大力弘扬无烟健康过节文化，倡导过节不吸烟、不敬烟、不送烟，引导居民养成健康的生活方式和生活习惯。活动中还针对社区儿童和青少年进行了普及，希望从下一代开始培养无烟的生活习惯“对二手烟说不”。烟草是全球最大的公共卫生威胁之一。每年，烟草使用导致近800万人死亡。工作人员帮助人们了解烟草的危害，让更多的人加入无烟行列，共同创造一个更健康、更美好的社会。 此次活动得到了社区居民的热烈响应。许多居民表示，他们将积极响应这一倡议，从自身做起，远离烟草，为自己和家人创造一个更加健康的生活环境。同时，许多人也表示会积极倡导“无烟家庭”、“无烟佳节”等理念，希望能在社区内形成一股新的健康生活风尚。 燕玉洁,合肥365客户端,未知,2024-01-12 19:47:00,http://m.hf365.com/article/336878,未知,控烟,中性,未知
20240101367,盛家坝镇：开展“无烟佳节，与爱同行”控烟宣传活动,title: 盛家坝镇：开展“无烟佳节，与爱同行”控烟宣传活动 content: 盛家坝镇：开展“无烟佳节，与爱同行”控烟宣传活动 湖北日报客户端讯（通讯员 段卫 侯丹）为进一步提高居民对吸烟危害的认识和了解，营造健康、清洁、无烟的健康家庭环境。1月12日，盛家坝镇爱卫办在盛家坝社区召开“无烟佳节，与爱同行”控烟宣讲会，全镇11个村（社区）共计300余人参加会议。 连日来，该镇通过召开宣讲会、入户走访、张贴“无烟家庭”宣传海报、发放宣传折页等多种形式，向群众宣传烟草对健康的危害、戒烟方法、被动吸烟危害健康等方面的知识。同时，详细讲解吸烟与慢性病的关系、戒烟的好处、戒烟的科学方法、怎样防止戒烟后复吸等控烟戒烟常识。截至目前，该镇已召开控烟宣讲会11场，张贴宣传海报45张，发放宣传折页100余份。,湖北日报客户端,未知,2024-01-12 18:57:39,http://news.hubeidaily.net/hbrbsharenew/index_share/5/2152581/1935992/0/0,未知,控烟、戒烟、控烟戒烟,正面,未知
20240101368,倡导共建无烟环境 成都开展控烟宣传主题活动,title: 倡导共建无烟环境 成都开展控烟宣传主题活动 content: 倡导共建无烟环境 成都开展控烟宣传主题活动 “目前我国吸烟人数超过3亿人，有7.4亿人受到被动吸烟的危害。吸烟可诱发多种癌症、心脑血管疾病、呼吸道和消化道疾病。是造成早亡、病残的最大病因之一。”为宣传实施《成都市公共场所控制吸烟条例》（以下简称《条例》），大力弘扬无烟健康过节文化。1月12日下午，由成都市爱国卫生委员会办公室主办、金牛区爱国卫生委员会办公室承办的“创建无烟环境，共享健康生活”——“无烟佳节 与爱同行”控烟宣传活动在金牛区举行。 “禁止在幼儿园、中小学校、青少年宫以及其周边设置烟草制品销售点。”“党政机关、医疗卫生机构，以及为未成年人提供教育、教学、活动和服务的场所内不得销售烟草制品。”现场，《成都市公共场所控制吸烟条例》宣传片在大屏幕循环播放。伴随着全场倒计时，“创建无烟环境·共享健康生活”主题活动正式拉开序幕。 “烟草有毒，吸烟有害。我们倡议，积极营造控烟的良好社会环境。从自我做起，为控烟工作贡献自己的一分力量。”台上，商家代表发出倡议，倡导广大群众主动戒烟，积极学习控烟法律法规和有关知识，所有人不在禁烟场所吸烟，营造无烟、清洁、健康的工作环境和公共环境。台下，社区卫生服务中心的医务人员为市民进行戒烟咨询义诊服务，控烟游园活动也在大家期盼中顺利开展。 启动仪式结束后，相关执法人员走进了商场，对各类商家进行现场控烟联合执法。提醒商家在醒目位置张贴“禁止吸烟”的标志，对其宣讲、解读公共场所控烟的相关条例。 “本次活动通过启动仪式、控烟倡议、戒烟咨询义诊服务、执法人员联合执法、游园活动等方式，使市民自觉认识到社会控烟和个人戒烟的必要性，增强居民的控烟、戒烟意识。”金牛区卫健局副局长白中毅表示，希望通过此次活动号召全社会积极参与，不断普及群众健康知识。同时也扩大《条例》影响力，倡导广大市民积极共建无烟环境，共享健康美好生活。 据了解，本次控制吸烟宣传活动覆盖群众600余名，发放8种健康教育宣传资料6500份，接受义诊群众320名，现场检查周边餐饮店、食品药品店铺、旅店、文体用品店、商场、小超市、医疗机构等公共场所经营户37户，对12处禁烟标识张贴不规范的地方予以立即整改。 成都日报锦观新闻 记者 胡瑰玮 摄影 胡瑰玮 责任编辑 曾书睿 编辑 王玲 审核 朱光泽 郭夏 曹宇阳,成都日报锦观客户端,胡瑰玮,2024-01-12 18:44:51,http://v5share.cdrb.com.cn/h5/detail/normal/5624665034327040,未知,控烟、戒烟,正面,未知
20240101369,控烟宣传 | 无烟佳节 与爱同行——红包,title: 控烟宣传 | 无烟佳节 与爱同行——红包 content: 控烟宣传 | 无烟佳节 与爱同行——红包 END 编辑：李行 编审：李妍 监审：适钢 投稿邮箱：jgtvxinwenbu@126.com,七彩云端客户端,李行,2024-01-12 18:03:06,http://mtydazzle.yunshicloud.com/pages/details/details.html?productId=320D3AAAE13D4813B3B256FE4B9E8C56&docid=AB74B4B815BC4E06B6E1BD642C999865&downloadTips=true&jumpCode=QCYD,未知,控烟,中性,未知
20240101370,云梦胡金店：无烟佳节 与爱同行,title: 云梦胡金店：无烟佳节 与爱同行 content: 云梦胡金店：无烟佳节 与爱同行 湖北日报客户端讯（通讯员黄永强 涂惠 李红梅 王金华）值此新春佳节来临之际，为进一步推动控烟工作开展，引导学生充分认识烟草危害，了解控烟核心知识。1月12日，云梦县胡金店镇卫生院走进胡金店镇中学，开展“无烟佳节 与爱同行”为主题控烟科普讲座活动。 胡金店镇卫生院副院长、胡金店中学健康副校长彭勇，从医学角度深入浅出地讲解了烟草对健康的危害，包括吸烟对呼吸系统心血管系统、免疫系统等的负面影响。并通过详实的数据和案例分析，使青少年学生充分认识到吸烟对个人、家庭和社会的危害。同时，还对如何戒烟以及戒烟的好处进行了专业讲解，为学生们提供了实用的戒烟指导和心理支持。接着八年级学生代表盛文静发出了“珍爱生命，远离烟草”的倡议，她倡导所有师生：从自身做起不吸烟，创建文明校园；在社会上广泛宣传烟草危害，劝告亲人朋友不吸烟，创设无烟过佳节的良好氛围。最后全校师生参观了由胡金店卫生院制作的控烟宣传展板。“吸烟原来有这么多危害，我回家要劝告我爷爷戒烟”，学生赵明说。 “我们学校平常也在积极开展控烟工作，中学生正处于青春期，好奇心较强，学校需要专业人员来引导师生养成健康无烟生活方式，共同营造无烟、绿色校园环境。今天的讲座活动太及时了。”胡金店镇中学副校长李红梅说。 “此次讲座作为一项健康教育活动，旨在加强青少年对烟草危害的认识，提高他们的健康素养和自我保护能力。同时，也是卫生院和中学履行社会责任、推动健康校园建设的重要举措。”胡金店镇党委宣传委员王一平说。,湖北日报客户端,未知,2024-01-12 17:38:57,http://news.hubeidaily.net/hbrbsharenew/index_share/5/2152593/1936004/0/0,未知,控烟、戒烟,中性,未知
20240101373,巫峡小学开展控烟健康教育活动,title: 巫峡小学开展控烟健康教育活动 content: 巫峡小学开展控烟健康教育活动 1月12日，巫峡小学利用寒假前最后一节课，以“拒吸第一支烟，做无烟新一代”为主题对学生进行控烟健康教育。 教育内容主要从普及烟草相关知识，加强学生对烟草的了解，强调烟草会对人体产生六大有害物质。大力宣传吸烟危害，比如对环境传染，对身心的伤害，以及对下一代影响。教育学生从我做起，拒吸第一支烟，做无烟新一代。指导学生劝阻他人吸烟技巧，发挥小手拉大手力量，让学生把控烟知识带回家，向家长宣传吸烟危害，努力构建无烟家庭活动，做好控烟活动宣传员和监督员，形成以学生带动家庭、社会的浓厚戒烟氛围。 本次控烟健康教育活动，为倡导讲文明、树新风的良好社会风气，营造健康、无烟的良好节日氛围奠定坚实基础。也充分让学生们了解到禁烟也是保护环境的一项重要措施，懂得保护环境就是从身边的点滴做起。 通讯员：陈琼,巫山客户端,未知,2024-01-12 16:47:00,http://h5.cqliving.com/info/detail/99045191.html,未知,控烟、戒烟,正面,未知
20240101374,孝昌县开展“无烟佳节、与爱同行”进校园活动,title: 孝昌县开展“无烟佳节、与爱同行”进校园活动 content: 孝昌县开展“无烟佳节、与爱同行”进校园活动 1月12日，为贯彻落实国家卫生健康委开展“无烟佳节、与爱同行”控烟活动要求，县卫健局、县教育局、县爱卫办、县疾控中心联合县第一初级中学扎实开展“无烟佳节、与爱同行”主题进校园活动，鼓励广大青少年成为学校、家庭控烟监督员，促进无烟学校、无烟家庭建设。 活动现场，县第一初级中学教师在启动仪式上宣读孝昌县“无烟佳节、与爱同行”控烟活动倡议书；县疾控中心工作人员围绕“世界无烟日的由来”、烟草烟雾及电子烟对青少年的危害等知识进行了详细讲解，警示学生在思想上、心理上、行动上认清烟草烟雾及电子烟的“真面目”，不猎奇、不跟风、不沾染，坚决向烟草说“不”，帮助学生树立“拒吸第一支烟，做不吸烟新一代”的理念。 为进一步推动辖区控烟工作开展，县疾控中心主动谋划极具特色的控烟系列宣传活动，紧抓元旦、春节时间节点，大力弘扬无烟健康过节文化，通过全方位、多角度开展控烟宣传教育，联合中小学校、党政机关、医院广泛科普烟草烟雾和电子烟危害，巩固提升无烟党政机关、无烟学校、无烟医院建设成果，自觉做控烟宣传者、倡导者和监督者。 （湖北日报客户端通讯员 汤立宏 丁珂）,湖北日报客户端,未知,2024-01-12 16:41:34,http://news.hubeidaily.net/hbrbsharenew/index_share/5/2153202/1936571/0/0,未知,控烟,正面,未知
20240101375,埭南中学开展“无烟佳节 与爱同行”主题宣传活动,title: 埭南中学开展“无烟佳节 与爱同行”主题宣传活动 content: 埭南中学开展“无烟佳节 与爱同行”主题宣传活动 为深入贯彻落实《关于领导干部带头在公共场所禁烟有关事项的通知》《关于实施健康中国行动的意见》文件精神，引导师生践行文明健康绿色环保生活方式，共同营造元旦、春节“两节”无烟氛围，1月上旬，埭南中学开展了“无烟佳节 与爱同行”控烟宣传活动。 各班卫生委员通过展示烟草对青少年身心健康的危害数据和案例，让学生们深刻认识到吸烟不仅对个人健康有害，还会给身边的人带来二手烟的危害，强调了吸烟对学习和人际关系的影响，引导学生们认识到吸烟是一种不健康、不文明的行为。学校还利用电子屏幕展示了“无烟佳节 与爱同行”活动主题的宣传文字，进一步提高学生对烟草危害的认识，更有利于营造一个健康、无烟的学习环境。,大江看看客户端,未知,2024-01-12 16:28:55,http://school-reporter.wuhunews.cn/newsDetail/1745717475355910145,未知,控烟,正面,未知
20240101376,区疾控中心：控烟宣传进校园,title: 区疾控中心：控烟宣传进校园 content: 区疾控中心：控烟宣传进校园近日，区疾控中心联合滨医烟台附院走进文化中心小学，开展“拒吸第一支烟，做不吸烟新一代”健康教育宣传活动。活动中，医务人员讲解了控烟健康知识，向同学们介绍了烟草中的有毒物质、烟草对青少年的危害、吸烟与被动吸烟的危害等控烟知识，告诫学生要养成健康的生活方式，远离烟草，拒绝吸烟。【文化中心小学学生 宫俊哲】通过这次学习，我知道烟的危害很大，一支烟的危害很小，但是积少成多，伤害也会非常的大。我要告诉我的爷爷，烟是一个很大的安全隐患，要戒烟，不能让烟危害到我们的健康。区疾控中心工作人员还现场发放了控烟宣传手册，并从控烟的意义与趋势、香烟的有害成分、因吸烟导致的常见疾病等方面进行讲解，让学生们及时了解吸烟对身体的危害。【区疾控中心 王静】通过此次控烟健康教育宣传活动，引导学生们树立远离烟草危害的健康理念，为共建无烟校园环境、共享健康生活打下良好的基础。,人民日报客户端,牟平融媒体,2024-01-12 16:02:47,http://wap.peopleapp.com/article/rmh39506656/rmh39506656,未知,控烟、戒烟,中性,未知
20240101378,岑巩县史志办开展“无烟佳节 与爱同行”活动,title: 岑巩县史志办开展“无烟佳节 与爱同行”活动 content: 岑巩县史志办开展“无烟佳节 与爱同行”活动 为增强干部职工控烟意识，营造健康、清洁、无烟的办公生活环境，形成文明健康绿色环保生活方式，1月12日，岑巩县史志办利用干部职工会开展“无烟佳节，与爱同行”禁烟控烟知识宣传活动。 活动通过播放控烟宣传标语、控烟视频、公益宣传片等形式，提醒大家为了自己和家人的健康，不在室内、公共场所吸烟，做控烟的支持者和引导者。 此次活动，大家一致认为增强了控烟戒烟意识，让文明健康绿色环保生活方式深入人心，也促使大家积极参与到控烟行动和营造“双节”无烟氛围的行动中来，自觉成为控烟行动的宣传者、践行者。 通讯员 李琳 编辑 杨爱梅 二审 李昌焯 三审 张 超,天眼新闻客户端,未知,2024-01-12 15:30:00,http://share.eyesnews.cn/news/news-news_detail-news_id-11515116369488.html,未知,控烟、控烟戒烟,正面,未知
20240101379,贵阳市观山湖区开展戒烟、控烟主题宣传活动,title: 贵阳市观山湖区开展戒烟、控烟主题宣传活动 content: 贵阳市观山湖区开展戒烟、控烟主题宣传活动 多彩贵州网·众望新闻讯（通讯员 潘远兴）1月12日，贵阳市观山湖区卫生健康局、区计生协会，在万科理想城社区组织开展“无烟佳节▪与爱同行”2024年两节（元旦、春节）戒烟、控烟科普知识宣传活动。 烟草是人类健康的致命杀手，世界卫生组织的统计数据显示，全世界每年因吸烟死亡的人数高达800万，我国每年有超过100万人死于吸烟导致的疾病。 活动现场，卫健工作人员、志愿者通过悬挂主题横幅、设置咨询服务台、现场宣讲、赠送宣传礼品、发放各类控烟宣传折页等形式，向群众讲解烟草、二手烟的危害及科学戒烟知识，引导广大居民远离烟草烟雾危害，劝诫社区居民尽早戒烟，营造无烟环境，维护自己和他人的健康权益。 据悉，两节期间，观山湖区卫健系统在利用文明实践和文化进万家活动开展相应宣传的同时，还通过户外大屏上、办事大厅播放“无烟佳节▪与爱同行”宣传小视频、漫画及标语等，引导广大医务工作者、患者和家属及过往居民群众了解烟草危害，掌握控烟知识，树立“拒吸第一支烟，做新一代无烟居民群众”的理念。 一审：郭红宇 二审：张思渝 三审：陈李育,众望客户端,未知,2024-01-12 15:19:19,http://site.gog.cn/650003/20240112/10640112600261689,未知,戒烟、控烟,正面,未知
20240101381,锐评｜最该禁烟的地方怎么倒成了重灾区？,title: 锐评｜最该禁烟的地方怎么倒成了重灾区？ content: 锐评｜最该禁烟的地方怎么倒成了重灾区？ 生病的孩子、复查的孕妇，一进医院大门就深受烟雾缭绕困扰，呛得直咳嗽——据报道，本市多家妇幼医院吸烟问题比较严重，醒目的禁烟提示成了摆设。 吸烟危害人所共知，但公共场所禁烟仍未完全到位。妇幼医院是明令禁烟场所，然而，门前、楼院甚至是楼内，越是患者扎堆，越有烟民聚集，他们肆无忌惮“吞云吐雾”，丝毫不顾旁人感受。医院病患本就脆弱敏感，当前尤以感冒咳嗽症状居多，二手烟让人不堪其扰，随地丢弃的烟头更存在很大安全隐患。将规定视若无睹，逮住机会就抽几口，是缺乏自律、意识淡薄的表现，更是对他人的不尊重、对公共文明的漠视。 公共场所禁烟屡禁不止，一方面是吸烟者自控能力差，另一方面也与管理方未能有效劝导有关。有些公共场所禁烟流于形式，甚至连工作人员自身也不遵守规定，掐了烟头一抹嘴儿就要求他人禁烟，腰杆儿自然也没那么硬。当然，禁烟在执法层面还面临主体积极性不足、监督和问责机制缺失等问题，加之，控烟场所范围划定、违法行为处罚等方面标准不一，都直接影响了控烟效果。 破解控烟难，对于管理方来说，要负起主体责任，通过人工、监控等方式，及时劝导制止。当然，仅靠劝导力度有限，关键还是要立法和执法跟进。比如，深圳“最严戒烟令”将控烟范围从室内拓展到室外人流密集区域，违规吸烟可不经劝阻直接罚款。措施看似严厉，其实值得借鉴，只有将管理处罚落到实处，保障监督执法渠道畅通，才能形成有力震慑，制止公共场所吸烟乱象。 禁烟控烟不是朝夕之功，理应更立体、多元化、全方位。有压力才有动力，有动力才能见成效，希望在净化公共场所环境的同时，控烟行动进一步延伸，形成合力建立长效机制，使其成为深入人心的社会共识。,北京日报客户端,未知,2024-01-12 14:23:00,http://bj.bjd.com.cn/5b165687a010550e5ddc0e6a/contentShare/5b16573ae4b02a9fe2d558fb/AP65a0dae6e4b0f6c5abd4b2cb.html,未知,控烟、戒烟,中性,未知
20240101383,沙地乡卫生院：无烟控烟 健康蔓延,title: 沙地乡卫生院：无烟控烟 健康蔓延 content: 沙地乡卫生院：无烟控烟 健康蔓延 湖北日报客户端讯（通讯员 刘涛 向爱华 黄钞）1月12日，沙地乡卫生院为住院患者开展了“无烟佳节，与爱同行”健康讲座。 据悉，此次活动共40余人参与，发放健康折页100余份，活动中，通过课件大力宣传控烟知识，提高患者对吸烟及二手烟危害的重视程度，通过电子显示屏滚动播放吸烟危害宣传标语，发放戒烟宣传短信1000余条，呼吁吸烟者主动戒烟，营造控烟戒烟的良好氛围。 此次活动进一步提高了患者对烟草危害的认识，加强了居民对控烟理念的理解和认同。该院将继续开展控烟禁烟宣传工作，持续推进无烟医院建设。,湖北日报客户端,未知,2024-01-12 11:19:13,http://news.hubeidaily.net/hbrbsharenew/index_share/5/2151132/1934739/0/0,未知,控烟、戒烟、控烟戒烟,正面,未知
20240101384,【创卫动态 】临江市四道沟镇 | 弘扬无烟文化 共度无烟健康佳节,title: 【创卫动态 】临江市四道沟镇 | 弘扬无烟文化 共度无烟健康佳节 content: 【创卫动态 】临江市四道沟镇 | 弘扬无烟文化 共度无烟健康佳节 近日，临江市四道沟镇开展“无烟佳节 与爱同行”控烟活动，引导群众践行文明健康绿色环保生活方式，推广控烟理念，倡导“无烟环境”建设，促进公众减少烟草使用行为，营造节日无烟氛围。 一、开展无烟党政机关建设巩固提升活动。该镇在机关内开展全方位、多角度的控烟宣传教育，引导干部不吸烟、主动戒烟，主动做控烟宣传者和倡导者。开展四道沟镇“无烟佳节 与爱同行”控烟活动，控烟监督员围绕烟草简介、吸烟的危害、戒烟的好处三个方面为大家进行生动细致的讲解。深入分析四个阶段男女吸烟行为分布及其对死亡率的影响，讲解了我国烟草使用导致死亡的趋势、烟草烟雾中的致癌化学成分和有毒金属元素，带领大家认识一手烟、二手烟、三手烟并了解其中危害，引导干部、群众主动践行文明、健康、绿色的生活方式，早日戒烟，早日获利。 二、开展健康过佳节宣传活动。该镇通过宣传标语、宣传栏、发宣传单、居民微信群等群众喜闻乐见的方式，大力弘扬无烟健康过节文化，倡导公众要年味不要烟味，无烟健康过大年。特别注重“无烟家庭”建设，以小家庭带动大环境，从自身做起，从对家人的爱做起，主动对二手烟说”不”，全家共度无烟健康佳节。 临江市四道沟镇将持续营造“人人关注控烟、人人参与控烟、人人享有健康”的良好氛围，积极引导社会各界参与到控烟工作中来，享身心健康，过无烟新年。 临江融媒 作者：吕双羽 编辑：杨扬 责编：李鸣 审核：李伟,吉林融媒客户端,未知,2024-01-12 11:02:14,http://share.plus.jlntv.cn/jlrm/folder396/folder400/folder554/2024-01-12/tldSnW9ZUS8Ofntk.html,未知,控烟、戒烟,正面,未知
20240101387,常家湾社区开展控烟宣传志愿服务活动,title: 常家湾社区开展控烟宣传志愿服务活动 content: 常家湾社区开展控烟宣传志愿服务活动 本网讯（通讯员 刘程程 张爱国）近日，夜明珠街道常家湾社区开展“两节”期间控烟宣传志愿服务活动。 活动中，社区工作人员在社区内餐饮店、药店、理发店、酒店等公共场所张贴禁止吸烟的标志。向群众详细讲解了吸烟和被动吸烟的危害，吸烟导致的疾病以及吸烟带来的空气污染。并向居民发放有关吸烟危害和如何控烟、戒烟等资料，引导辖区居民群众增强控烟戒烟意识，养成健康生活习惯。 此次控烟宣传活动，提高了社区居民对吸烟危害的认识，进一步增强了居民的禁烟意识，为维护广大居民的健康起到了积极的促进作用。下一步，常家湾社区将持续开展控烟宣传活动，共同营造无烟、清洁、健康的工作和生活环境，共建美丽健康幸福家园。 审核人：杨路,三峡云客户端,薛沛沛,2024-01-12 10:17:17,http://site.ycrmt.cn/zj/web/Details?id=982120,未知,控烟、戒烟、控烟戒烟,正面,未知
20240101388,白浒镇小学开展“无烟佳节 与爱同行”健康主题活动,"title: 白浒镇小学开展“无烟佳节 与爱同行”健康主题活动 content: 白浒镇小学开展“无烟佳节 与爱同行”健康主题活动 1月11日，鄂州市葛店镇白浒镇小学响应国家号召，启动禁烟工作，以实际行动创建无烟校园。 学校充分利用国旗下的讲话宣传禁烟知识，让控烟、禁烟的理念深入人心，在校园中营造了浓厚的禁烟氛围。 学校还组织各班开展上“无烟佳节 与爱同行”为主题的班会课活动。在课上，同学们了解到吸烟的危害很大，烟草中含有多种有毒物质。烟草燃烧时所产生的烟气中，约含有1000多种有害成分。其中，焦油、一氧化碳和尼古丁等是致命物质。焦油会降低纤毛净化空气的作用；一氧化碳与血红蛋白结合，会赶走氧气，导致人体缺氧；尼古丁的危害最大且具有成瘾性。在观看了长期吸烟的人的肺部图片，同学们都表示回家后要劝诚自己的家人尽早戒烟。 利用周未时间，各班教师积极发动学生与家长一同创作以""无烟佳节 与爱同行”世界无烟日为主题的手抄报，每张手抄报都围绕着吸烟的危害性进行创作。在创作过程中，不仅让学生和家长了解许多吸烟的坏处，更搭建了家校沟通的桥梁，让学生在与家长共同创作手抄报的同时，把在学校所接受的禁烟理念传递给家长，从而促使家长早日戒烟。为创建美好的无烟世界献出一份力量。 学生们也为“无烟佳节 与爱同行”为主题进行了征文创作。孩子们用丰富的想象力与有趣的语言写出了一篇篇充满警示意味的文章。在看起幽默风趣的文字背后，却充满着对吸烟的控诉，每一个文字都在告诫人们：远离吸烟，珍爱生命。 通过学校一系列活动，全校师生共同了解到了吸烟的危害性，唤起了学生维护身心健康的意识。倡导健康生活、绿色生活，保护环境，从拒绝吸烟做起。学校也将一如既往地做好禁烟工作，继续创建和谐、美好的无烟校园！（湖北日报客户端通讯员 熊淑娟）",湖北日报客户端,未知,2024-01-12 10:08:34,http://news.hubeidaily.net/hbrbsharenew/index_share/5/2149392/1933284/0/0,未知,控烟、戒烟,正面,未知
20240101389,妇幼医院“喷云吐雾”的人真不少,title: 妇幼医院“喷云吐雾”的人真不少 content: 妇幼医院“喷云吐雾”的人真不少 生病的孩子、复查的孕产妇，一进医院大门就被烟味熏得直咳嗽，这样的一幕让人揪心。一周以来，根据市民投诉，记者走访了本市多家儿童专科医院及妇幼保健医院，发现吸烟问题比较严重，满眼的禁烟提示标识、四处都能听到的禁烟提示广播难以起到提醒作用。 大约在一个半月前，北京市卫健委、市爱卫办曾专门就全市冬季控烟工作进行部署。据统计，《北京市控制吸烟条例》实施8年以来，本市已打造2443家控烟示范单位、26条控烟示范街区，实现无烟中小学校和无烟医疗机构全覆盖。广大市民呼吁，儿童医院、妇幼医院更该与烟草“绝缘”，希望相关部门采取切实措施，把好医院的禁烟关。 目击 医院控烟措施难奏效 首都医科大学附属北京儿童医院的门前，无论是树丛里还是垃圾桶旁，放眼望去皆有烟头，医院大门附近烟味浓烈。只见很多患儿家属刚走出医院，就迫不及待地点起了烟。走进医院的楼院里以及楼内，记者发现吸烟者也不在少数，他们甚至毫不顾忌眼前来来往往的患儿。很多家长反映，孩子本来就是因为感冒发烧才到医院看病的，烟民在医院里“喷云吐雾”，孩子咳嗽得更厉害了。 进医院要安检，通道的广播里明确要求不得将打火机带入医院。1月9日下午记者现场探访时，安检口用于弃置打火机的塑料筐内几乎是空的，愿意主动交出打火机的人甚少。在安检通道，不仅有检查箱包的设备，也有人工手检环节，检测仪扫过受检人的衣物时滴滴作响，安检人员也会摸摸受检人的裤兜，但还是有大量打火机被带进了医院。以至于在医院楼院里吸烟的人甚至没有“借火儿”的烦恼，堂而皇之掏出打火机点上一支烟。 门诊楼前、楼院的长椅旁、医院超市门前，不仅是患儿集中的地方，同样也是吸烟者聚集的地方，地上的烟头随处可见。 记者面前走过一位保洁师傅，他的垃圾篓里已有不少烟头，他说每天至少扫出数百个烟头。 “扫不过来，他们都是在院里抽烟，楼里面应该没有。”虽然保洁师傅这样说，但记者进入楼内发现，烟味仍然挥之不去，而且越是靠近卫生间的区域，烟味越浓，各楼层的男卫生间里多多少少都有烟头。 除了儿童专科医院，本周记者还探访了多个区的妇幼保健医院，同样存着吸烟问题。在朝阳区妇幼保健院，无论是保安岗亭还是医院门诊楼内外，“禁止吸烟”及“您已进入无烟医院，所有区域不能吸烟”的提示语都贴在了醒目位置，但在医院门诊楼外，选择无视的大有人在。医院楼院的一块小空地上，一边是禁烟提示标识，另一边是贴有科学戒烟科普海报的宣传栏，就在这个“夹缝”里头，吸烟的人扎了堆儿。 调查 吸烟人群并非只有患者家属 “带家人看病，每次都能看到医院里有人吸烟。这些人在禁止吸烟提示牌旁吸烟，让保安去劝阻却被告知管不了。”近日，市民吕先生向市民热线12345反映了相关问题，希望院方能加强管理。记者实地探访发现，“管不了”的原因，不仅有不听劝的难题，其实安保人员本身也是吸烟者，自身尚不能遵守规定，指责他人吸烟“腰杆儿”自然也没那么硬。 1月8日记者现场探访时看到，北京大学第一医院门诊楼出入口外的露天空地是吸烟者最集中的地方，这里虽然设有“院内禁止吸烟”的提示标识，但几乎形同虚设。从医院门诊楼出来，一边点烟一边往这个区域走的人不少，这里几乎成了约定俗成的“吸烟区”。在吸烟人群当中，不仅有患者家属，也包括医院的安保人员。 下午4点半，两名安保人员来到这里，其中一人点起了烟。在诸多患者家属当中，这身儿保安服很是显眼，大伙儿瞧着他们更确信这个地方可以吸烟。“这保安刚才还是烟友呢，掐了烟头一抹嘴儿就告诉我禁止吸烟了，那能管得住吗？”现场一位患者家属半开玩笑地说。 在北京大学第一医院禁烟区吸烟的人群当中，也包括安保人员。 记者走访中发现，在很多医院除了患者家属，医院安保人员、保洁人员、超市的服务人员都有吸烟的行为。记者在和各相关部门交流医院禁烟难题时得知，部分医护人员也有吸烟习惯求，尤其在外科男医生当中，由于工作压力较大，吸烟有一定普遍性，某医院外科男医生的吸烟比例高达40%。 《北京市控制吸烟条例》明确规定，妇幼保健机构、儿童医院的室内外区域都禁止吸烟。吸烟者大多知道室内公共场所禁止吸烟的规定，但对于室外区域禁烟的规定仍无意识。 专家建议 可推广缓解烟瘾的替代办法 记者注意到，医院楼院里的烟头跟医院门口垃圾桶旁的对比，有个明显的区别，医院里能找见的烟头明显要长，有的甚至只吸了一两口，这么浪费在烟民眼里是“大忌”。可见不少在医院里吸烟的人或许只是为了暂时缓解烟瘾带来的焦虑，在没有任何替代品的情况下，只能靠吸一口来缓解。 采访过程中，很多吸烟者也坦言烟瘾犯了的痛苦。一位患儿的家属告诉记者，孩子高烧不退，他非常着急，在医院里带着孩子挂号、缴费做各种检查，跑东跑西的，因为很少来医院，好多环节不熟悉还跑错了科室，刚才又来了工作电话……所有事情赶在一起，焦虑无处排解，就想找个地方抽一口，又不能离得太远，马上还得回输液室看孩子。“这个理我可能也就是跟抽烟的人讲得通，换旁人一定会说咋别人焦虑就不用抽烟呢，不让抽烟是为了你好，诸如此类。”他突然反问记者，“你抽烟么，烟瘾往头皮里扎的那个抓耳挠腮的劲儿，你理解得了吗？” 不少吸烟者说，他们也知道在医院吸烟不对，但凡有暂时缓解烟瘾的办法，就不会明知故犯。 如何正确看待烟瘾这件事？首都医科大学公共卫生学院教授崔小波告诉记者，烟瘾实际上是一种疾病。烟草依赖已被世界卫生组织作为慢性病列入了国际疾病分类编码（ICD—10 F17.251），戒烟药物也被纳入世界卫生组织基本药物清单。科学证明，医学戒烟可以减轻戒烟的痛苦并提高戒断率，同时可以减轻医疗保健系统和社会的经济负担。 崔小波说，公共场所控制吸烟，尤其是医院的全面禁烟不仅需要全社会的共识、相关各方管理的加强，同样也需要对烟草依赖有更科学的认识。吸烟者需要更多在公共场所缓解烟瘾的替代办法，以及彻底戒断烟草依赖的有效办法。 在医院等明令禁烟的地方突然犯了烟瘾，在不吸烟的前提下能有缓解的办法吗？崔小波说目前替代的办法因人而异，比较普遍的共识是嚼口香糖，通过咀嚼动作一定程度上是可以缓解焦虑的。“也有其他国家的做法可以作为参考，比如一些国家研发了尼古丁口香糖或贴片等替代物，这些替代物对于吸烟人群暂时克服烟草依赖更有针对性。” 对此，北京市控烟协会建议相关单位加大研发力度，开发出更多戒烟、控瘾的药物或功能性食品。在积极鼓励引导吸烟者彻底摆脱烟草依赖的同时，也关注到这一人群有临时需要克服烟瘾的需求，通过技术手段，找到适合国人的替代办法，让他们戒烟更有效，也让公共环境控烟工作更容易开展。,北京日报客户端,未知,2024-01-12 09:35:00,http://bj.bjd.com.cn/5b165687a010550e5ddc0e6a/contentShare/5b7f5d49e4b08630d8af46c5/AP65a0977be4b064178155600e.html,未知,控烟、戒烟,中性,未知
20240101390,【创卫动态】临江市发改局开展“无烟佳节 与爱同行”宣传活动,title: 【创卫动态】临江市发改局开展“无烟佳节 与爱同行”宣传活动 content: 【创卫动态】临江市发改局开展“无烟佳节 与爱同行”宣传活动 1月11日，临江市发展和改革局开展了“无烟佳节 与爱同行”宣传活动。 活动旨在普及烟草危害知识教育，提高职工对吸烟危害的认识，加大控烟宣传工作力度，大力弘扬无烟过节文化，倡导过节不吸烟、不敬烟、不送烟，共度无烟健康佳节。 此次活动，通过介绍控烟知识、宣传吸烟的危害、交流戒烟方法，使机关广大干部职工充分认识在公共场所禁烟、创建无烟机关的重要意义。倡导在春节期间，自觉遵守控烟相关规定，严格控烟，不主动敬烟，不接受敬烟，培养自控能力。更好地维护党政机关履行社会责任、干部职工带头禁烟的良好形象，引导人们培养文明健康科学的生活方式。 控烟是世界走向文明的具体体现，健康是促进人的全面发展的必然要求。市发改局将继续根据控烟工作新形势新任务，呼吁大家行动起来，拒绝烟草，倡导健康文明生活方式，做控烟表率先锋。 临江融媒 编辑：杨扬 责编：李鸣 审核：李伟 图文提供：市发改局,吉林融媒客户端,未知,2024-01-12 09:18:28,http://share.plus.jlntv.cn/jlrm/folder396/folder400/folder554/2024-01-12/16gdigCxRV9AAsng.html,未知,控烟、戒烟,正面,未知
20240101393,布尔津：禁烟控烟 健康文明生活,title: 布尔津：禁烟控烟 健康文明生活 content: 布尔津：禁烟控烟 健康文明生活 为引导公众践行文明、健康、绿色、环保的生活方式，营造良好的控烟氛围，1月8日，布尔津县卫健委在布尔津镇友谊峰社区开展了以“无烟佳节 与爱同行”为主题的健康宣传活动。 宣传中，医护人员从医学角度深入浅出地阐述了烟草对健康的危害，并通过详实的数据和案例分析，引导和鼓励广大群众积极参与到控烟活动中，倡导要年味不要烟味，无烟健康过大年。同时为群众提供了实用的戒烟指导和心理支持。 “这次宣传活动，让我们对烟草危害有了更进一步的认识，为了自身健康和他人健康，每个人都应该行动起来，以身作则，为我们健康的生活环境贡献一份力量。”友谊峰社区居民别革提·巴哈提别克说。 73岁的杨素兰老人特别注重身体保养，她与老伴每天都会去社区老年活动中心进行锻炼。老人最喜欢的就是打乒乓球，尽管年岁已高，但她仍然身手矫健，反应敏捷。在这次的健康宣传活动中，杨素兰老人还倡导身边的老人都能带领家人积极控烟，养成良好的生活习惯。 “在我们的生活中，有许多吸烟的朋友，他们可能没有意识到自己的行为会给周围的人带来什么样的危害。这次宣传就很好地树立了正确的健康观念，自觉抵制烟草的诱惑，共同营造一个健康、和谐的生活环境。”友谊峰社区居民杨素兰说。 下一步，布尔津县将继续开展无烟党政机关建设巩固提升活动、控烟健康教育活动、戒烟咨询服务活动、健康过佳节宣传活动等，在党政机关内部开展全方位、多角度的控烟宣传教育，引导干部不吸烟、主动戒烟，主动做控烟宣传者和倡导者。组织戒烟服务专家走进基层社区和单位，通过发放戒烟科普宣传手册，讲解吸烟和二手烟的危害，提升居民戒烟意愿，引导居民养成健康的生活方式和生活习惯。以春节为契机，通过宣传标语、宣传栏、海报、视频、公益宣传等群众喜闻乐见的方式，大力弘扬无烟健康过节文化，倡导过节不吸烟、不敬烟、不送烟，“对二手烟说不”。 （布尔津县融媒体中心记者 阿尔生） 责任编辑：马志莹,布尔津好地方客户端,未知,2024-01-11 19:44:57,http://tnews.xjmty.com/app/bejapp/tuijian/202401/t20240109_18453809.html,未知,控烟、戒烟,中性,未知
20240101396,肃宁融媒 | 控烟行动势在必行！,title: 肃宁融媒 | 控烟行动势在必行！ content: 肃宁融媒 | 控烟行动势在必行！ 吸烟被世界卫生组织（WHO）称为人类“第五种威胁”（前四种是战争、饥荒、瘟疫、污染）。据报道，目前全国每天有2000余人死于吸烟，预计到2050年将增至8000人。 控烟禁烟宣传知识 烟草依赖是一种慢性疾病，烟草危害是世界最严重的公共卫生问题之一，吸烟和二手烟问题严重危害人类健康。 什么是被动吸烟？ 被动吸烟指生活和工作在吸烟者周围的人们，不自觉地吸进烟雾尘粒和各种有毒物质。被动吸烟者所吸入的有害物质浓度并不比吸烟者低，吸烟者吐出的冷烟雾中，焦油含量比吸烟者吸入的热烟雾中的多1倍，苯并芘多2倍，一氧化碳多4倍。据国际性的抽样调查证实，吸烟致癌患者中的50%是被动吸烟者。吸烟家庭儿童患呼吸道疾病的比不吸烟家庭为多。 图片来源于网络 被动吸烟对儿童健康有哪些危害？ 相对于一手烟，二手烟对于儿童的伤害是十分大的，第一是会导致婴儿在不明原因的情况下死亡的概率。 第二是导致刚出生的婴幼儿体重低于标准值。 第三是导致儿童的耳朵频繁感染炎症，中耳炎较为多见。 第四是吸烟损害肺部结构、肺功能和呼吸道免疫系统功能，引起多种呼吸系统疾病，且吸烟可导致多种间质性肺疾病，吸烟量越大，吸烟年限越长，疾病的发病风险越高。 第五是烟草烟雾中含有至少69种致癌物，当人体暴露于这些致癌物中时，会引起体内关键基因发生永久性突变并逐渐积累，正常生长调控机制失调，导致恶性肿瘤发生。 第六是吸烟会损伤血管内皮功能，导致动脉粥样硬化改变，使血管腔变窄，动脉血流受阻，引发多种心脑血管疾病。 第七是吸烟使拮抗胰岛素的激素分泌增加，影响细胞胰岛素信号转导蛋白的合成，抑制胰岛素的生成；长期吸烟还可引起脂肪组织的再分布，上述因素均可增加胰岛素抵抗，导致2型糖尿病。 图片来源于网络 戒烟有哪些好处？ 一般停止吸烟6小时后，心率会下降，血压也会轻微降低。12小时后，尼古丁将被排出体外。24小时后，一氧化碳将从肺部排出，使呼吸功能得到改善。此时也许会有咳嗽，因为通过咳嗽可以清除堵塞在气管和肺部的堵塞物。2天之后，尼古丁所致的不良反应就会消失。2个月左右，手部和脚部的血液循环就增加。戒烟1年之后，患心脏病的危险会显著降低。戒烟10年后，患病的危险性将变得和不吸烟者一样。另外，吸烟者戒烟后，可以成为儿女的好榜样。摆脱烟瘾的控制，找回自由与尊严，除去身上的烟臭，爱自己，也是爱家人。 图片来源于网络 戒烟方法 ‍‍‍‍‍‍‍‍‍1、消除紧张情绪 紧张的工作状况是您吸烟的主要起因吗？如果是这样，那么拿走您周围所有的吸烟用具，改变工作环境和工作程序。在工作场所放一些无糖口香糖，水果，果汁和矿泉水，烟瘾犯了可以用这些健康的食品代替。 2、加强戒烟意识 明确目标改变工作环境及与吸烟有关的老习惯，戒烟者会主动想到不再吸烟的决心。要有这种意识，戒烟几天后味觉和嗅觉就会好起来。 3、寻找替代办法 戒烟后的主要任务之一是在受到引诱的情况下找到不吸烟的替代办法：做一些技巧游戏，使两只手不闲着，通过刷牙使口腔里产生一种不想吸烟的味道， 或者通过令人兴奋的谈话转移注意力。 4、少参加聚会 刚开始戒烟时要避免受到吸烟的引诱。如果有朋友邀请你参加非常好的聚会，而参加聚会的人都吸烟，那么至少在戒烟；初期应婉言拒绝参加此类聚会，直到自己觉得没有烟瘾为止。 5、多运动 运动会提高情绪，冲淡烟瘾，体育运动会使紧张不安的神经镇静下来，并且会消耗热量。 控烟禁烟 从我做起 家庭 建设无烟家庭对于守护青少年健康具有重要意义。无烟家庭是指任何人在家中任何时间、任何室内场所都做到不吸烟，包括卧室、客厅、书房、餐厅、厨房、卫生间、私家车等场所的室内环境。 1.家中任何室内场所无吸烟现象； 2.家中无烟具（烟缸、卷烟和电子烟等）； 3.家庭成员劝导家人或来访客人中的吸烟者不吸烟，支持其戒烟； 4.家庭成员不敬烟、不劝烟，礼尚往来不送烟； 5.家庭成员学习、了解烟草危害知识，积极参加控烟宣传活动； 6.营造无烟家庭氛围，可在家门口或家中张贴无烟家庭标识或无烟绘画、提示语等。 学生 1.自觉养成良好的生活习惯，不吸烟、不喝酒，若有好友递烟，要学会“拒绝”。 2.自主学习烟草知识，熟知烟草危害，不做未来烟民。 3.若身边有长辈或朋友吸烟，应及时劝阻。 4.学会调整心态，许多青少年第一口烟是由负面情绪导致的，如压力过大、情绪低落等，若是遇到无法自行解决的问题，可尝试向长辈、教师等求助。 编辑：左聪慧（实习） 校对：王莉 审核：葛丹华 鹏飞,冀云肃宁客户端,未知,2024-01-11 16:51:40,http://jiyunsuning.hebyun.com.cn/pages/2024/01/11/bf6c2e915b614b519a355f4fe7d0b724.html,未知,控烟、戒烟,中性,未知
20240101399,云梦县隔蒲潭镇深港小学开展“无烟佳节，与爱‘童’行”禁烟控烟宣传教育活动,title: 云梦县隔蒲潭镇深港小学开展“无烟佳节，与爱‘童’行”禁烟控烟宣传教育活动 content: 云梦县隔蒲潭镇深港小学开展“无烟佳节，与爱‘童’行”禁烟控烟宣传教育活动 湖北日报客户端讯（通讯员 方雄俊）1月11日，云梦县隔蒲潭镇深港小学开展“无烟佳节，与爱‘童’行”禁烟控烟宣传教育活动。引导师生践行文明、健康、绿色环保生活方式，构建青少年控烟防护网，为广大青少年营造一个无烟、清洁、健康的成长环境，确保传统佳节春节文明祥和。 该校利用国旗下讲话时间，在学生中开展“拒吸第一支烟——做不吸烟的新一代”签名活动。政教主任许艳子老师向学生讲解吸烟有害健康的知识，希望青年学生都能远离烟草，健康前行。六年级学生江欣妍宣读倡议书，倡议全校学生远离烟草，自觉抵制烟草危害，携手创建绿色无烟校园。 在主题横幅上，孩子们庄重地签上自己的名字。同时该校还利用校园广播、微信工作群进行“无烟佳节，与爱同行”主题宣传，加强控烟禁烟科普宣传，教育师生远离烟草，向烟草说“不”；各班级积极开展“无烟佳节，与爱同行”主题班会，宣传控烟知识，提高师生对吸烟以及二手烟危害的重视程度，呼吁吸烟者主动戒烟，号召全体师生一起行动，投入到禁烟以及志愿劝阻吸烟活动中去，营造控烟戒烟良好氛围；开展“小手拉大手，禁烟一起走”活动，通过印发“学校控烟”告家长书，让家长了解吸烟危害。并呼吁学生积极向亲友宣传吸烟的危害，劝说、监督身边的大人不吸烟、少吸烟，形成以学生带动家长的浓厚控烟氛围，为孩子营造一个健康、无烟的学习和生活环境。,湖北日报客户端,未知,2024-01-11 15:31:41,http://news.hubeidaily.net/hbrbsharenew/index_share/5/2148525/1932409/0/0,未知,控烟、戒烟、控烟戒烟,正面,未知
20240101402,荔波县应急管理局积极开展“无烟佳节 与爱同行”活动,title: 荔波县应急管理局积极开展“无烟佳节 与爱同行”活动 content: 荔波县应急管理局积极开展“无烟佳节 与爱同行”活动经济与法（王旭东 王冬东）为引导干部践行文明健康绿色环保生活方式，营造元旦、春节“两节”无烟氛围，荔波县应急管理局决定开展“无烟佳节 与爱同行”控烟活动。荔波县应急管理局一是召开无烟党政机关工作推进会，强调要充分发挥党政机关和领导干部在控烟工作中的示范引领作用，进一步营造“绿色、文明、无烟”的健康环境。二是对单位及周边范围脱落的宣传标语、海报警醒重新张贴，确保控烟宣传工作取得实效。三是为单位吸烟职工提供戒烟帮助，通过发放资料，从科学地角度为干部介绍吸烟的危害。改变一种生活习惯，收获一份健康长寿。通过本次“无烟佳节 与爱同行”的宣传，让干部深入的了解到了吸烟的危害，以及创建文明、和谐社会的紧迫性。同时，也体现了应急干部的强烈的社会责任感以及厚重的人文情怀，为我县无烟办公环境、无烟公共场所的创建工作出一份力。,网易新闻客户端,清风微事,2024-01-11 13:04:00,http://3g.163.com/all/article/IO62T9CD05376ECJ.html,未知,控烟、戒烟,正面,未知
20240101403,长顺县鼓扬镇开展“无烟佳节 与爱同行 ”主题 宣传活动,title: 长顺县鼓扬镇开展“无烟佳节 与爱同行 ”主题 宣传活动 content: 长顺县鼓扬镇开展“无烟佳节 与爱同行 ”主题 宣传活动经济与法（汪玲李金丽）为进一步推动控烟工作有序开展 ，引导群众践行文明健康绿色环保生活方式 ，营造元旦 、春节“两节 ”无烟氛围 ，1月9日，鼓扬镇新时代文明实践所利用赶集日，组织开展“ 无烟佳节 与爱同行 ”主题宣传志愿服务活动。“烟草烟雾中有多种已知的致癌物，会对人体的各个脏器造成损害”赶集路上，志愿者正在为群众讲解吸烟和二手烟的危害。 活动现场，志愿者们通过发放戒烟科普宣传手册 ，讲解吸烟危害，提升居民群众戒烟意愿，大力弘扬无烟健康过节文化 ，倡导过节不吸烟、不敬烟、不送烟 ，“对二手烟说不”，共度无烟健康佳节 。此外，志愿者们还为前来参加活动的群众提供了免费的健康咨询服务，帮助他们了解自己的身体状况，提高健康意识。以元旦、春节“双节”为契机，鼓扬镇将继续加大对无烟生活和健康生活的宣传力度，引导居民养成健康的生活方式和生活习惯，为广大人民群众营造一个健康、和谐、美好的生活环境。,网易新闻客户端,清风微事,2024-01-11 13:03:00,http://3g.163.com/all/article/IO62Q0VC05376ECJ.html,未知,控烟、戒烟,正面,未知
20240101404,三岔镇阳天坪小学：小手牵大手 控烟齐遵守,title: 三岔镇阳天坪小学：小手牵大手 控烟齐遵守 content: 三岔镇阳天坪小学：小手牵大手 控烟齐遵守 湖北日报客户端讯（通讯员 周玉敏 胡浩）1月11日，三岔镇阳天坪小学组织开展以“小手牵大手，控烟齐遵守”为主题的“无烟佳节 与爱同行”健康教育活动。 健康教育活动中，一方面教师通过科学课、健康教育课、班会课等多种形式，从主动吸烟层面引导学生认识吸烟的危害，树立“拒吸第一支烟，做无烟新一代”的理念。另一方面，教师从被动吸烟层面帮助学生了解二手烟的危害，掌握控烟知识，强化学生的监督与自我保护意识。 最后，教师组织开展“控烟监督员招聘会”，通过学生各自对控烟知识掌握的多少竞聘家庭、校园监督员，引导家长不吸烟、主动戒烟，促进无烟家庭、无烟学校建设，进一步共创无烟环境，共度健康佳节。,湖北日报客户端,未知,2024-01-11 11:28:22,http://news.hubeidaily.net/hbrbsharenew/index_share/5/2147365/1931552/0/0,未知,控烟、戒烟,中性,未知
20240101407,张营街道小屯小学：大手拉小手  共创无烟校园,title: 张营街道小屯小学：大手拉小手 共创无烟校园 content: 张营街道小屯小学：大手拉小手 共创无烟校园 为开展“无烟校园”建设，养成文明生活习惯，为学生提供健康成长摇篮。1月8日，张营街道小屯小学积极开展了主题为“大手拉小手 共创无烟校园”控烟健康教育活动。 周一，利用国旗下讲话的时间，学生代表李宇浩宣读了《建设无烟校园倡议书》，倡议大家要远离烟草、拒绝烟草，争做文明学生，养成良好的健康卫生习惯和文明生活理念，共创健康、文明、优美、和谐的美丽校园。 同时，为了增强学生对香烟危害的认识，营造教书育人的清新校园环境，各班级开展主题班会，向学生介绍吸烟对健康的危害，对社会的不良影响。学生在老师的指导下，绘制了无烟主题手抄报，并在回家后向家人宣传吸烟的危害。 此次控烟健康教育活动的开展，使全体师生进一步明确了控烟的意义，为杜绝烟草危害，建设文明校园，优化育人氛围，创造文明、洁净、优美的校园环境，为树立和展现学校师生良好的精神风貌作出了积极贡献。 郓城融媒记者 马晓妍 通讯员 郭平 孙兆方 编辑 李爽,郓城融媒客户端,李爽,2024-01-11 10:40:18,http://iapp.ycrmtzx.com.cn/share/YS0xMzUtMzA1MTI4MjI.html,未知,控烟,中性,未知
20240101408,三穗县雪洞镇卫生院开展“无烟佳节与爱同行”主题宣传活动,title: 三穗县雪洞镇卫生院开展“无烟佳节与爱同行”主题宣传活动 content: 三穗县雪洞镇卫生院开展“无烟佳节与爱同行”主题宣传活动 1月10日，三穗县雪洞镇卫生院以赶集日为契机，开展“无烟佳节与爱同行”主题宣传活动，旨在进一步让群众了解烟草危害，引导群众主动参与到戒烟控烟行动中来。 此次活动采用悬挂横幅、摆设咨询台、发放宣传资料等形式进行，着重向群众讲解吸烟及二手烟的危害、戒烟的好处，劝诫吸烟群众远离烟草，尽早戒烟。同时呼吁群众营造无烟环境，践行文明健康绿色环保的生活方式。 此次活动对积极开展控烟工作起到了积极作用，营造了全社会支持控烟的良好氛围。 通讯员 马宏汉 编辑 莫昌慧 二审 吴子勇 三审 欧忠海,天眼新闻客户端,未知,2024-01-11 09:32:00,http://share.eyesnews.cn/news/news-news_detail-news_id-11515116368111.html,未知,戒烟控烟、戒烟、控烟,正面,未知
20240101409,一百年前，说“吸烟有害健康”的人，会被认为是疯子？,"title: 一百年前，说“吸烟有害健康”的人，会被认为是疯子？ content: 一百年前，说“吸烟有害健康”的人，会被认为是疯子？ 很多烟民知道吸烟有害健康却对香烟欲罢不能，不吸烟者知道吸烟有害健康却经常被迫吸二手烟，对于烟盒上那句耳熟能详的「吸烟有害健康」，很多人是“望字兴叹”！其实，这句话并不是一开始就印在烟盒上的，它的诞生十分艰难和曲折，背后还隐藏着一段轰轰烈烈的公共卫生运动史。 1早期的交锋 考古发现表明，早在12000多年前，美洲人就开始使用烟草。新大陆发现后，烟草以雷霆之势蔓延欧洲。1609年，英国殖民者约翰·罗尔夫抵达弗吉尼亚州詹姆斯敦，成为第一个成功种植烟草（当时通常被称为“棕金”）用于商业用途的定居者。至18世纪，烟草基本已遍布全球。 这幅 1670 年的画作描绘了被奴役的非洲人在殖民地烟草种植园的烟草棚里工作的情景。（来源：Wikipedia） 进入20世纪，电器的普及让美国烟草商有了更便利的传播渠道。他们开始联合医生进行广告宣传，告诉人们吸烟有益健康，甚至连婴儿也被拿来做香烟广告，向自己的妈妈推荐香烟。在这样的传播导向之下，很多人都开始吸烟。 1942年一则鼓励女性吸骆驼牌香烟的广告（来源：Wikipedia） 就在同时也有人发现，肺癌患者越来越多。根据当时英国的统计局，在1922年到1947年这段时间，英国每年肺癌死亡人数激增，几乎是过去的15倍。而且不止英国，其他地方也有相似的趋势。 一些觉醒的人点燃了反烟的火苗。烟草商当然嗅到了不祥的气息，为了应对危机，他们推出了过滤嘴香烟。1931年，第一款自带棉丝过滤网的香烟在美国菲利普莫里斯公司诞生了。在宣传上，烟草商借医生的嘴宣传了这样一个观念：过滤嘴可以过滤掉有害物质，让吸烟者可以更享受吸烟。 过滤嘴香烟的组成部分：①香烟过滤嘴；②仿软木尖纸；③卷烟纸；④烟草（来源：Wikipedia） 眼看着反烟呼声越来越高，烟草商甚至成立了烟草工业研究委员会，并联合一些专家，把肺癌激增的锅甩给工业污染和遗传。为了反击，医学界把病原体的概念扩展到“非生物病原体”上，有人认为，在大量流行病学证据并存时，即使找不到清晰的病因，也应将吸烟和肺癌看作是因果关系。 2 艰难的诞生：「吸烟有害健康」近二十年的拉扯 早在1949年，英国科学家理查德·多尔和他的导师布拉德福德·希尔就走访了几千名确诊或疑似肺癌的人，询问他们的生活状况，以期找到癌症的发病规律。后来，多尔发现吸烟的病人很多。多尔怀疑吸烟和肺癌有关联。但还有很多人不相信。于是，多尔接着在剑桥等多地展开工作，收集了5000多人的资料，进一步确定吸烟导致肺癌。 1951年，多尔在《英国医学杂志》发表了相关的研究结果，却鲜有人呼应，大家的理由是：调查数据太少了，结果难以服人。接着多尔对34439位男性医生进行了长时间的跟踪研究。到1956年，这些医生中的一部分重度吸烟的人已经死于肺癌，而不吸烟的人则几乎没有这种情况。他们发表了“肺癌与其他死亡原因和抽烟的关系”的论文。对于英国医师死亡率的第二份报告。之后多尔的调查继续进行。（注：2001年，多尔和团队做了最后的问卷调查，之后在距离他们第一篇报道文章50多年后的2004年，他们发表了最后的文章。持续50年的研究结束了，此时的结果已经不再是吸烟和肺癌的关系，而是分析吸烟人的寿命问题。） 图注： 这张表可以看出各种不同疾病和吸烟时长的关系（来源：论文截图） 1958年，美国的科学家凯勒·哈蒙德和丹尼尔·霍恩则更直至要害地发表了一项触目惊心且意义深远的研究结果：吸烟有害健康。与多尔的研究相比，这项调查的调查数据上了一个台阶——发动了约2万名志愿者，并对约20万老年人进行了跟踪。大多数人都选择相信这个结果。 1962年，迫于愈发高涨的控烟呼声之压力，美国政府成立了一个调查委员会，专门调查香烟与健康的关系。虽然委员会中的半数人都吸烟，但他们最终得出了“吸烟会引发肺癌”的结论，并且他们认为：香烟的过滤嘴并不能过滤掉香烟中的有害物质。因此，该调查委员会向政府建议提出控烟措施。 1964年1月11日，美国公共卫生局局长卢瑟·特里发布了1964年年度报告，他在报告上总结了委员会的研究，这些研究多达7000多项，并首次公开认定吸烟会导致肺癌。为了降低对经济的影响，他们选择在一个周六召开发布会。但是，这场发布会仍然引起了巨大的轰动，被称为“控烟运动的起点”。很快，吸烟的人数开始减少。只是没过多久，吸烟的人数又涨了上去。这使得卫生部的官员们认识到，要想控烟，光靠一场发布会很难实现，还需要更多有效的控烟措施。到了1965年，美国法律明确规定必须在香烟包装上写上“吸烟危害健康”的提醒。1967年，各电台和电视台被要求播放反对吸烟的公益广告。1971年，则全面禁止了香烟广告。 1964年1月11日，美国卫生局局长发表《吸烟与健康报告》（来源：Wikipedia） 3后来居上的控烟：「吸烟有害健康」在中国 1897年，上海出现了第一根中国香烟，随即迅速“风靡”。幸而很快，我国医学界就有人意识到了香烟的危害。 早在1934年，我国科学家吕富华就在留学德国期间，用实验证明了烟草焦油对家兔具有致癌性，并把相关文章《关于家兔涂布烟草焦油致癌的研究》发表在德国《法兰克福病理学》杂志上。 1978年起，有“中国控烟之父”之称的翁心植教授联合其他多位医学专家开始发表文章、成立组织，力劝大家远离香烟。借着当时全国科学大会的春风，翁教授还促成了《关于宣传吸烟有害与控制吸烟的通知》，开启了中国的控烟运动。 1991年，我国颁布相关法律，明确禁止未成年人吸烟，并要求卷烟和雪茄的包装盒上必须标明焦油含量级和“吸烟有害健康”。同时，禁止在广播电台、电视台、报刊播放、刊登烟草制品广告。 21世纪以来，随着对香烟的危害认识的加深，以及相关研究的增多，我国在控烟方面的举措也越来越完善。无烟医院、无烟车厢等无烟公共区域越来越多。作为早已签署世界卫生组织《烟草控制框架公约》的国家，如今，我们国家能够抽烟的公共场所越来越少，不得不说，这是我国长久反烟控烟的巨大成效。 4 吸烟真的有害健康：新证据不断增加！ 根据2013年WHO的统计数据，全世界吸烟的人数大约有13亿，其中80%生活在低收入和中等收入国家。烟草每年导致800多万人死亡，其中约130万属于接触二手烟雾的非吸烟者。曾经有学者提出，从口腔到肺部是一条烟草“高速通道”，吸烟会导致肺癌、口腔癌等多种致命性疾病。其实，我们熟知的这些由吸烟引发的疾病仅仅是“冰山一角”。 来源：视觉中国 2021年8月，美国医药大学的伊斯特莱特牵头团队对烟草对听力和视力的影响加以研究，通过对40位患有老年黄斑变性的患者进行的听力和视觉实验，研究人员发现，由于抽烟会损坏身体的抗氧化系统和代谢能力，因此对听力和视觉都会产生负面影响。 2022年12月，英国牛津大学陈铮鸣教授、中国医学科学院王辰教授和北京大学公共卫生学院李立明教授的研究团队在《柳叶刀—公共卫生》杂志共同发表一项研究，该研究对超过51万中国成年人进行了长达11年的随访调研，分析了卷烟与470种疾病和85种死因的关系。研究发现，在中国，卷烟与56种疾病和22种死因显著相关，包括传染病、癌症、呼吸道、眼睛、代谢、神经和食道等不同方面的疾病。数据显示，调研对象中约20%的男性和约3%的女性死于卷烟。并且提出，越早戒烟好处越明显。然而，戒烟方法千千万，戒烟成功者毕竟是个例而非普遍现象。 来源：视觉中国 不过，2020年的一项研究给了我们一定的启发。这年，安妮特和考夫曼博士在一项名为“吸烟风险认知评估”的研究中提到：风险感知是人们面对危险的感受能力。研究者评估了人们对抽烟的风险感知能力，结果显示：有些人能更好地感知抽烟的风险，而不去抽烟；但有些人却不能很好地感知抽烟的风险，因此会选择抽烟，这或许会为我们提供控烟戒烟新思路。 参考文献： 【1】Nuwer, Rachel. Mammoths Roamed when Humans Started Using Tobacco at Least 12,300 Years Ago[J]. Scientific American, 11 October 2021. 【2】许桂华. 中国控烟非政府组织在控烟历史中的作用，第15届全国控制吸烟学术研讨会 【3】Jamestown. Virginia: An Overview[J] 【4】WHO官网； 【5】Doll R, Peto R. Mortality in relation to smoking: 50 years’ observations on male British doctors[J]. BMJ Online First bmj.com, 22 June 2004. 【6】The Health Consequences of Smoking—50 Years of Progress，A Report of the Surgeon General[J]. U.S. DEPARTMENT OF HEALTH AND HUMAN SERVICES, 2014. 【7】Antigona C. Trofor1, 2, Papadakis S. Knowledge of the health risks of smoking and impact of cigarette warning labels among tobacco users in six European countries: Findings from the EUREST-PLUS ITC Europe Surveys[J]. Tobacco Induced Diseases , 2018. 【9】Marina Istrate1, HasbeiPopa M. Effects of cigarette smoking on sensorineural hearing impairment and age related macular degeneration[J]. Tobacco Prevention &amp; Cessation, 2021. 【9】Ka Hung Chan, Neil Wright, Xiao D. Tobacco smoking and risks of more than 470 diseases in China: a prospective cohort study[J]. lancet Public Health, 2022. 【10】Annette R. Kaufman PhD, MPH. Measuring Cigarette Smoking Risk Perceptions[J]. Nicotine &amp; Tobacco Research, 2020. 作者：九一 科普创作者 审核：吴一波 上海交通大学健康长三角研究院行业研究员 出品：科普中国 监制：中国科学技术出版社有限公司、中科数创（北京）数字传媒有限公司",科普中国客户端,科普中国,2024-01-11 07:36:41,http://h5.kepuchina.cn/scientificwebsite/article?check_code=fae048725b9a1637d86d5956d78bf325&id=472106&member_id=,未知,控烟、戒烟、控烟戒烟,中性,未知
20240101412,安图县瓮声街道明安社区开展“控烟携手同行 真爱健康生命”宣传活动,title: 安图县瓮声街道明安社区开展“控烟携手同行 真爱健康生命”宣传活动 content: 安图县瓮声街道明安社区开展“控烟携手同行 真爱健康生命”宣传活动 为提高社区居民对吸烟危害性的认识和了解，维护健康的公共环境，安图县瓮声街道明安社区于近日开展“控烟携手同行 真爱健康生命”宣传活动。 宣传过程中，社区工作者通过发放控烟宣传单、现场咨询等形式向居民进行控烟知识的宣传教育，细心地向社区居民讲述吸烟带来的危害和后果，并回答居民们在控烟过程中产生的疑问。告诫广大居民在家不吸烟是对家人健康负责，并呼吁广大人民群众尽早戒烟，引导居民群众把健康知识转变为健康行为，共享健康绿色的生活环境。,吉林融媒客户端,未知,2024-01-10 17:46:51,http://share.plus.jlntv.cn/jlrm/folder396/folder400/folder554/2024-01-10/QMWjMrYGneaz64P7.html,未知,控烟、戒烟,正面,未知
20240101413,无烟佳节 张家湾社区幼儿园控烟宣传主题教育,"title: 无烟佳节 张家湾社区幼儿园控烟宣传主题教育 content: 无烟佳节 张家湾社区幼儿园控烟宣传主题教育 1月10日，张家湾社区幼儿园开展了“无烟佳节 与爱同行”主题教育。 各班教师通过动画、图片等方式开展禁烟主题教育活动，向幼儿讲解吸烟对人体的伤害，加深幼儿对""吸烟有害健康""的了解，并了解被动吸烟的危害性。 （湖北日报客户端通讯员秦睿 吴晶晶）",湖北日报客户端,未知,2024-01-10 17:35:50,http://news.hubeidaily.net/hbrbsharenew/index_share/5/2144783/1929204/0/0,未知,控烟,中性,未知
20240101414,控烟宣传|无烟家庭,"title: 控烟宣传|无烟家庭 content: 控烟宣传|无烟家庭&lt;VIDEO SRC=""https://rmt-wuhua-file.vcdn.kmzscc.com/rmt-app-wuhua/upload/2024/01/10/M76jWxbbXf.mp4""&lt;/VIDEO",昆明五华客户端,未知,2024-01-10 17:15:53,http://yun.rmt.kmzscc.com/art-904689.html,未知,控烟,中性,未知
20240101416,芭蕉侗族乡中心小学：开展“无烟佳节，与爱同行”控烟教育活动,"title: 芭蕉侗族乡中心小学：开展“无烟佳节，与爱同行”控烟教育活动 content: 芭蕉侗族乡中心小学：开展“无烟佳节，与爱同行”控烟教育活动 湖北日报客户端讯（通讯员张英华贺荣）1月10日，芭蕉侗族乡中心小学开展“无烟佳节，与爱同行”控烟教育活动。旨在倡导青少年树立“拒吸第一支烟,做无烟新一代”的理念。鼓励广大青少年成为学校、家庭控烟监督员,促进无烟学校、无烟家庭建设。 班会课上，教师通过中国过节相互敬烟习俗情境，引导学生充分认识无烟与春节的重大意义：吸烟危害对身体健康的长期影响，如肺癌、心血管疾病等；提倡健康生活方式，保护家人和他人的健康。从而让学生深入了解烟草危害，学习控烟核心知识。此外，学校还将通过各种渠道，如宣传海报、绘画、微信、QQ等，向家长们宣传烟草的危害和控烟的重要性。 通过此次“小手牵大手”活动，学生们纷纷表示将引导家长不吸烟，主动戒烟,为青少年健康成长作表率，家校携手共进，共同营造一个无烟的春节，用实际行动告诉身边的人:无烟的生活更美好!",湖北日报客户端,未知,2024-01-10 13:38:03,http://news.hubeidaily.net/hbrbsharenew/index_share/5/2144047/1928504/0/0,未知,控烟、戒烟,正面,未知
20240101417,新城镇开展“禁烟控烟 守护健康”宣传活动,"title: 新城镇开展“禁烟控烟 守护健康”宣传活动 content: 新城镇开展“禁烟控烟 守护健康”宣传活动 津滨海讯（记者 李婧）近日，新城镇开展了“禁烟控烟 守护健康”宣传活动，进一步增强辖区居民禁烟意识，保障居民身体健康。 活动中，网格员走进社区，向过往居民发放宣传材料。他们向居民宣传长期吸烟的危害，以及二手烟对家人健康的影响，号召居民为了自己和家人的健康少吸烟、不吸烟，从自我做起，远离烟草，共同营造健康的生活环境。此外，他们还引导居民自觉遵守公共场所禁止吸烟的规定，自觉做控烟宣讲员和监督员。同时，网格员还深入辖区商户，向商户负责人宣传在公共场所禁烟的必要性，呼吁商户做好禁烟提醒，营造社区内良好的就餐环境和购物环境。“听了你们的宣传讲解，我才知道吸烟有这么多危害。为了我和我家人的身体健康，我一定要把烟戒了。”许多居民都对此次宣传活动表示很满意，并希望以后能多开展此类贴近生活的宣传活动。 网格员表示，此次活动不仅使广大居民进一步认识到吸烟的危害性，还引导大家将健康知识转化为健康行为，共建清洁环保、健康绿色的生活环境。（新城镇供图）"";",津滨海客户端,未知,2024-01-10 12:39:10,http://bhapp.jbh.tjbh.com/pages/2024/01/10/e0c5d3f11061428080e95bf8a082128a.html,未知,控烟,正面,未知
20240101418,临江市：开展“无烟佳节 与爱同行”控烟宣传活动,title: 临江市：开展“无烟佳节 与爱同行”控烟宣传活动 content: 临江市：开展“无烟佳节 与爱同行”控烟宣传活动 日前，临江市政数局开展了“无烟佳节 与爱同行”控烟宣传活动。 该局以元旦、春节“双节”为契机，利用一楼大厅电子横幅、LED大小屏、取阅架等多种宣传形式播放控烟宣传标语、控烟视频、公益宣传片等内容，大力弘扬无烟过节文化，倡导过节不吸烟、不敬烟、不送烟。 控烟巡查员与监督员向来往办事群众普及吸烟的危害及控烟的重要性，宣传吸烟有害健康，不让家庭成员及朋友被动吸烟，真正让家庭与社会大环境紧密相连，关爱健康。 通过此次“无烟佳节 与爱同行”控烟宣传活动的开展，让广大群众和干部职工直观的了解到吸烟的危害及戒烟的好处，普及了健康教育知识，提升群众对吸烟危害的认识，增强控制吸烟的信心，营造良好生活环境，创建无烟生活。 来源：临江融媒,白山发布客户端,未知,2024-01-10 11:04:08,http://li1v-share.plus.jlntv.cn/folder9921/folder9923/folder9925/folder9933/2024-01-10/Jg0yiHMNz0BbB5hx.html,未知,控烟、戒烟,正面,未知
20240101419,我县奉新四小学生参加2023年江西省青少年控烟绘画作品征集获奖,title: 我县奉新四小学生参加2023年江西省青少年控烟绘画作品征集获奖 content: 我县奉新四小学生参加2023年江西省青少年控烟绘画作品征集获奖 为深入实施健康江西控烟行动，引导青少年远离烟草、拒吸 第一支烟、拒吸电子烟，倡导健康生活方式，省爱卫办联合省教 育厅在全省发起了“绘少年力量，画无烟未来”青少年控烟绘画作品征集活动。我县奉新四小学生詹语涵获得2023年江西省青少年控烟绘画作品三等奖。 编辑:刘丽云,智慧奉新客户端,未知,2024-01-10 10:32:31,http://m.jxxw.com.cn/v4/index.php?c=Web_News&channleId=12013&contentid=130558593&m=news_detail_v5&siteId=55,未知,控烟,中性,未知
20240101422,来凤县卫健局组织开展控烟宣传进社区活动,title: 来凤县卫健局组织开展控烟宣传进社区活动 content: 来凤县卫健局组织开展控烟宣传进社区活动 湖北日报客户端讯（通讯员徐佳珊、周冰）为进一步宣传吸烟的危害和戒烟知识，提高居民戒烟意识，弘扬无烟健康春节文化，近日，来凤县卫健局在凤北人家小区组织开展“无烟佳节，与爱同行”控烟活动。 活动现场，志愿者们沿街捡拾路人丢弃的烟头，同时向居民及商户发放戒烟科普宣传手册，介绍吸烟带来的危害以及戒烟的好处，倡导大家过节不吸烟、不送烟，不乱丢烟头垃圾，争做文明居民。 通过此次控烟、捡烟活动，让居民群众了解到了吸烟和随意丢弃烟头的危害，提高了群众对于建设无烟家庭、营造无烟环境和守护家人健康的意识，为共度无烟健康佳节奠定了良好宣传氛围。,湖北日报客户端,未知,2024-01-10 09:23:00,http://news.hubeidaily.net/hbrbsharenew/index_share/5/2142910/1927405/0/0,未知,控烟、戒烟,正面,未知
20240101423,【创卫动态】临江市政数局开展“无烟佳节 与爱同行”控烟宣传活动,title: 【创卫动态】临江市政数局开展“无烟佳节 与爱同行”控烟宣传活动 content: 【创卫动态】临江市政数局开展“无烟佳节 与爱同行”控烟宣传活动 日前，临江市政数局开展了“无烟佳节 与爱同行”控烟宣传活动。 该局以元旦、春节“双节”为契机，利用一楼大厅电子横幅、LED大小屏、取阅架等多种宣传形式播放控烟宣传标语、控烟视频、公益宣传片等内容，大力弘扬无烟过节文化，倡导过节不吸烟、不敬烟、不送烟。 控烟巡查员与监督员向来往办事群众普及吸烟的危害及控烟的重要性，宣传吸烟有害健康，不让家庭成员及朋友被动吸烟，真正让家庭与社会大环境紧密相连，关爱健康。 通过此次“无烟佳节 与爱同行”控烟宣传活动的开展，让广大群众和干部职工直观的了解到吸烟的危害及戒烟的好处，普及了健康教育知识，提升群众对吸烟危害的认识，增强控制吸烟的信心，营造良好生活环境，创建无烟生活。 临江融媒 编辑：杨扬 责编：李鸣 审核：李伟 图文提供：临江市政数局,吉林融媒客户端,未知,2024-01-10 09:17:35,http://share.plus.jlntv.cn/jlrm/folder396/folder400/folder554/2024-01-10/IF3ymlapPsmwx5En.html,未知,控烟、戒烟,正面,未知
20240101425,“无烟佳节 与爱同行”主题讲座走进丫口社区,title: “无烟佳节 与爱同行”主题讲座走进丫口社区 content: “无烟佳节 与爱同行”主题讲座走进丫口社区 本网讯（通讯员 张玥 张慧）1月9日下午，西坝卫生服务中心组织医务人员，在西坝街道丫口社区为辖区单位葛发市政环卫有限公司的全体员工开展“无烟佳节与爱同行”宣传讲座及义诊咨询活动。 宣传活动通过悬挂横幅标语、发放资料、开展讲座及义诊的方式进行。医务人员在讲座中详细讲解了吸烟和被动吸烟的危害、吸烟导致的疾病、吸烟带来的空气污染，引导企业员工增强控烟戒烟意识，养成健康生活习惯。同时在义诊中详细询问辖区居民的病情，认真进行检查诊断，耐心解答企业员工提出的问题并积极普及控烟、戒烟知识。当天，参加讲座和接受义诊的企业员工共40余人，累计发放健康素养、控烟等各类健康教育宣传资料40余份。 审核人：彭昱,三峡云客户端,高楚琪,2024-01-10 08:39:07,http://site.ycrmt.cn/zj/web/Details?id=981336,未知,控烟戒烟、控烟、戒烟,中性,未知
20240101432,校门口吸烟家长少了一半但校园百米内仍有卖烟的,title: 校门口吸烟家长少了一半但校园百米内仍有卖烟的 content: 校门口吸烟家长少了一半但校园百米内仍有卖烟的 本报讯（记者王瑶琦柴嵘）近日，市控烟协会发布2023年控烟工作成绩单：学校门口家长吸烟占比降至30.50%，控烟评分超90分的街乡占六成，控烟环境建设总体保持良好。不过，学校周边100米内存在烟草销售点的问题依然突出。 2023年下半年，学校门口家长吸烟情况有了很大程度的改善，与2023年上半年调查结果相比，吸烟家长占比从69.44%降至30.50%。 市控烟协会会长张建枢介绍，《北京市控制吸烟条例》规定“在幼儿园、中小学校、少年宫及其周边100米内禁止设置烟草制品销售网点”，但大兴区、海淀区、朝阳区、石景山区等区学校周边100米内有烟草销售点，且仍存在新开销售点。“我们呼吁，尽快关停这些烟草销售点，保障儿童的身心健康。”张建枢说。 2023年年底，市控烟协会对7个区的160个街乡开展控烟工作调查。每个街乡抽取12个公共场所，包括医疗机构、餐厅、写字楼、商超、室内农贸市场、宾馆、娱乐场所等，共取得15360项数据。调查以是否有人吸烟和张贴禁烟标识等情况进行评分。结果显示，得分超过90分的街乡达97个，占60%以上。与近三年相比，2023年控烟环境建设总体保持良好。 随着春节假期临近，针对餐厅、商超、写字楼等人流密集场所开展的控烟专项检查将持续进行。市控烟协会倡导市民，过节不吸烟、不敬烟、不送烟，“对二手烟说不”。,UC浏览器客户端,未知,2024-01-09 15:36:10,http://mparticle.uc.cn/article_org.html?uc_param_str=frdnsnpfvecpntnwprdssskt&wm_cid=597151851638424576&wm_id=b6ce593ab37949ec8a900202a616f943,未知,控烟,中性,未知
20240101434,正阳社区开展禁烟控烟宣传活动,title: 正阳社区开展禁烟控烟宣传活动 content: 正阳社区开展禁烟控烟宣传活动 近日，正阳社区开展禁烟控烟健康宣讲活动，向辖区居民宣传吸烟及二手烟的危害、戒烟的好处等，呼吁大家不要在室内、公共场所、工作场所和交通工具内吸烟，共同营造无烟环境。 编辑：黄同宇,延吉融媒客户端,未知,2024-01-09 14:47:33,http://7kfd-share.plus.jlntv.cn/folder3676/folder3677/folder6928/2024-01-09/GWICRB43JRgFXZeI.html,未知,控烟、戒烟,正面,未知
20240101435,校门口吸烟家长少了一半,title: 校门口吸烟家长少了一半 content: 校门口吸烟家长少了一半 本报讯（记者王瑶琦 柴嵘）近日，市控烟协会发布2023年控烟工作成绩单：学校门口家长吸烟占比降至30.50%，控烟评分超90分的街乡占六成，控烟环境建设总体保持良好。不过，学校周边100米内存在烟草销售点的问题依然突出。 2023年下半年，学校门口家长吸烟情况有了很大程度的改善，与2023年上半年调查结果相比，吸烟家长占比从69.44%降至30.50%。 市控烟协会会长张建枢介绍，《北京市控制吸烟条例》规定“在幼儿园、中小学校、少年宫及其周边100米内禁止设置烟草制品销售网点”，但大兴区、海淀区、朝阳区、石景山区等区学校周边100米内有烟草销售点，且仍存在新开销售点。“我们呼吁，尽快关停这些烟草销售点，保障儿童的身心健康。”张建枢说。 2023年年底，市控烟协会对7个区的160个街乡开展控烟工作调查。每个街乡抽取12个公共场所，包括医疗机构、餐厅、写字楼、商超、室内农贸市场、宾馆、娱乐场所等，共取得15360项数据。调查以是否有人吸烟和张贴禁烟标识等情况进行评分。结果显示，得分超过90分的街乡达97个，占60%以上。与近三年相比，2023年控烟环境建设总体保持良好。 随着春节假期临近，针对餐厅、商超、写字楼等人流密集场所开展的控烟专项检查将持续进行。市控烟协会倡导市民，过节不吸烟、不敬烟、不送烟，“对二手烟说不”。,北京晚报客户端,北京晚报,2024-01-09 14:00:00,http://bjrbdzb.bjd.com.cn/bjwb/mobile/2024/20240109/20240109_004/content_20240109_004_3.htm,未知,控烟,中性,未知
20240101436,“无烟佳节 与爱同行”控烟活动走进曙光小学,title: “无烟佳节 与爱同行”控烟活动走进曙光小学 content: “无烟佳节 与爱同行”控烟活动走进曙光小学 湖北日报客户端讯（通讯员黄双兵、胡斌峰）在新春佳节即将到来之际，为引导学生认识烟草危害，了解控烟核心知识，鼓励广大青少年成为学校、家庭控烟监督员，促进无烟学校、无烟家庭建设，1月9日，县疾控中心走进曙光小学开展“无烟佳节 与爱同行”控烟活动，进一步推动控烟工作开展。 活动现场，县疾控中心工作人员带领全校师生共同观看控烟知识相关展牌，由学生代表宣读倡议书，向全校师生发出倡议，要做戒烟先锋，主动参与禁烟控烟活动，作无烟校园的小卫士，为建立无烟的美丽校园贡献力量。随后，同学们在“无烟佳节 与爱同行”的横幅上郑重的签上了自己的名字。 活动中，疾控中心工作人员还走进教室，给学生们上了一次深刻的控烟宣传教育课。针对无烟日的由来、烟草的危害，特别是二手烟的危害等知识进行了宣讲培训，加强青少年对控烟理念的理解和认同，养成良好的健康生活方式，以“小手牵大手”活动，将这些控烟知识带回家庭中。 此次组织的多种形式控烟宣传活动，使广大同学们了解烟草的危害，同学们表示不但要远离烟草、拒绝烟草，还要踊跃投入到控烟宣传活动中，树立和展现学校良好精神面貌，养成健康的生活习惯，构建无烟美丽校园。,湖北日报客户端,未知,2024-01-09 12:20:18,http://news.hubeidaily.net/hbrbsharenew/index_share/5/2140010/1924835/0/0,未知,控烟、戒烟,中性,未知
20240101440,高丰镇中心卫生院进校园开展“无烟佳节  与爱同行” 宣传活动,"title: 高丰镇中心卫生院进校园开展“无烟佳节 与爱同行” 宣传活动 content: 高丰镇中心卫生院进校园开展“无烟佳节 与爱同行” 宣传活动 1月8日，高丰镇中心卫生院组织医务人员到高丰中学开展""无烟佳节 与爱同行""宣传活动。 活动中，医务人员通过多媒体PPT展示、无烟健康活动讲解、发放宣传资料等方式，向同学们讲解烟草对人体的危害、什么是二手烟、如何远离烟草等相关知识，帮助同学们树立""拒吸第一支烟，做无烟新一代""的理念，并积极动员同学们将烟草危害知识讲给家人及身边人，引导他们远离烟草、科学戒烟、不吸烟。 通过活动，让同学们对烟草危害、控烟核心知识有了进一步的认识，为学生健康成长营造了良好的宣传氛围。 （高丰镇中心卫生院 田婷）",瑞昌云客户端,未知,2024-01-09 10:41:00,http://app.ruichang.gov.cn/content_html/html/520/p/wap/2024/01/130544316.html,未知,戒烟、控烟,正面,未知
20240101445,市城市社区卫生服务中心：开展禁烟控烟知识宣传,title: 市城市社区卫生服务中心：开展禁烟控烟知识宣传 content: 市城市社区卫生服务中心：开展禁烟控烟知识宣传 为弘扬无烟过节文化，营造良好控烟社会氛围，日前，市城市社区卫生服务中心开展“无烟佳节与爱同行”活动。 活动现场，医护人员进行了健康咨询义诊、发放宣传折页等活动，向群众广泛宣传吸烟的危害、戒烟的健康益处等知识，为群众进行疾病健康指导，倡导广大群众主动戒烟、用实际行动参与到控烟行动中来。 “三十多年的烟龄，让我每天都饱受着咳嗽的困扰，我下了无数次戒烟的决心却总是虎头蛇尾，不了了之。这次活动让我深刻认识到吸烟对身体的危害，健康才最重要，为了我孙子的健康成长和我自己的身体健康，我一定坚定决心，坚决戒烟！”市民王建国激动地说。 下一步，市城市社区卫生服务中心将继续加大控烟工作的宣传力度，充分发挥医务人员的示范带头作用，动员更多的社会力量，维护群众健康，保护青少年免遭烟草烟雾危害，呼吁公众为了自己及家人的健康，尽早戒烟，营造全民控烟的良好氛围，提升群众健康素养水平，为推进“健康中国”和“健康莱州”建设助力。（记者：马小妹）,莱州融媒客户端,王大维,2024-01-08 14:55:52,http://iapp.laizhourongmei.cn/share/YS0yMzktMzA0MzExNDg.html,未知,控烟、戒烟,正面,未知
20240101446,新西兰禁烟令进退维谷,title: 新西兰禁烟令进退维谷 content: 新西兰禁烟令进退维谷 这是2021年5月29日在新西兰最大城市奥克兰拍摄的室内场所禁止吸烟标识 文/《环球》杂志记者 卢怀谦 陈正安（发自惠灵顿） 编辑/黄红华 近日，新西兰新任总理拉克森表示，新一届的保守派政府将出台新的禁烟措施，同时废除前一届政府提出的禁烟令。此举在新西兰和国际社会引起强烈反响。控烟组织、卫生专家、国际媒体纷纷对该举措给出负面评价。新西兰当地一个控烟组织表示，这个政策让步是对新西兰的羞辱，也是烟草行业的“胜利”。 资金缺口难题 新西兰卫生部官网数据显示，新西兰每年有5000人死于吸烟或吸二手烟。其中，作为少数族裔的毛利人群体受到的影响更大。新西兰目前有6.8%的成年人为吸烟人群，而毛利人成年人中烟民占比达17.1%。 2022年，新西兰时任工党政府出台了一项非常具有雄心壮志的禁烟措施，称为《无烟环境和规管产品（烟草）修正案》（以下简称《修正案》）。根据《修正案》，从2024年7月开始，新西兰全国的香烟零售点将从6000个缩减至600个；从2025年4月开始，大幅度减少香烟产品中的尼古丁含量；从2027年开始，禁止2009年以后出生的人群购买香烟。其中，后两项措施均为全球首创，被禁烟人士和媒体赞誉为全球禁烟的典范性举措。2023年10月，英国政府效仿该法案，宣布将实施禁止新一代年轻人购买香烟的措施。 2023年10月中旬，新西兰举行大选，以新西兰国家党、优先党和行动党组成的保守派执政联盟上台后，对上一届工党政府的一系列政策措施进行了废除或修改。被点名遭到废除的法案中，就包括这项《修正案》。 国家党在竞选时向选民作出承诺，如果上台，其领导的政府将对中产阶层实行减税。而减税所带来的财政资金缺口，国家党承诺将从对海外购房者征收的购房税中获得。此前，新西兰法律禁止海外投资者购买新西兰的普通住宅。国家党则希望通过修改法律允许海外投资者购买高价值的住宅，同时以征税的方式来补充国库。 然而，大选的结果是国家党无法单独执政，最终与优先党和行动党组成执政联盟。在执政联盟的组阁谈判中，允许海外投资者购房的提议被一贯对海外购房者存在敌意的新西兰优先党否决。国家党承诺向中产阶层减税，那么从哪里去填补这部分资金缺口，成了新政府一大难题。这让利润丰厚的烟草产业找到了“机会”。财政部长尼古拉·威利斯坦言，“《修正案》对政府账簿影响很大，有10亿新西兰元（1新西兰元约合4.5元人民币）。” 利益与绑架 烟草行业巨头英美烟草公司和帝国烟草公司分别占据了新西兰烟草市场60%和30%的份额，两者2021年的市值相加为30亿新西兰元。英美烟草的数据称，烟草业每年缴纳税款约为20亿新西兰元，是对新西兰税务贡献最大的经济产业。 在巨大的利益驱动下，烟草公司的“政策公关”能力也超强，有专门的政策游说机构为其提供对其产业有利的“调研报告”。此外，保守派执政联盟中的优先党和行动党一向旗帜鲜明地反对工党的禁烟政策。优先党明确表示，一旦上台，就要废除《修正案》。也是这个原因，反对党和禁烟组织将新政府废除《修正案》的做法，归咎于烟草行业的强大游说能力和来自其他政党的政治绑架。反对党工党卫生事务发言人阿叶沙·凡若批评称，新政府将烟草行业游说者的利益置于新西兰人的健康之上。另一个反对党毛利党更是批评新政府为了给富裕阶层减税而置毛利人的生命于不顾。 考虑到国家党在大选时并没有提出过要废除《修正案》，政策分析者也认为，国家党的立场遭到了两个执政联盟的绑架。奥塔哥大学的珍娜特·霍克教授质疑拉克森在执政联盟中的领导力。她说，拉克森总理现在发挥领导力、取消执政联盟协议里的这一条款为时未晚，尽管“这样做将展示他的权威，让人们知道谁才是联合政府真正的掌舵人”。 2023年11月27日，在新西兰首都惠灵顿，国家党领导人克里斯托弗·拉克森（中）参加宣誓就职仪式 而烟草行业反对《修正案》的主要理由，是认为该法案会造成香烟在黑市泛滥，并加剧黑帮和犯罪行为。在《修正案》的民众意见征集期，两大烟草公司就分别提交了反对意见，认为《修正案》一旦出台会加剧黑市交易。新任总理拉克森在日前的表态中也支持了这种观点。他在接受媒体的采访时说，“把烟草的销售集中在几个店，一个小镇只有一个店卖香烟，你别跟我说那个店不会成为打砸抢犯罪的目标。还会有更多的黑市行为”。 反对党和专家对此并不认可。阿叶沙·凡若表示，国家党的这种说法完全抄袭了烟草游说团体的“话术”。致力于毛利人和太平洋岛裔健康平权工作的卫生专家科林·图库伊汤加爵士批评说，“我都不知道你怎么说得出口，很显然这是烟草行业对新的领导层产生影响”。 奥克兰大学公共卫生系不久前公布的一份学术研究也表明，新西兰的黑市烟草交易呈现下降趋势。该报告估计，2022年，黑市烟草交易额大概占市场总交易额的8.4%。该报告还提出，“尽管烟草行业一直这样表述，但从历史经验看，并没有证据证明，管控手段的收紧会刺激新西兰烟草黑市交易的增长”。 倒退与批评 尽管新政府表示将采取推动教育、鼓励替代办法，以及修改电子烟规定等措施来进行有效的控烟，但从其实施手段和效果上看，废除《修正案》无疑是一个巨大的倒退，会对新西兰的人口健康造成负面影响。这也是让当地很多卫生专家、禁烟组织甚至普通民众都深感痛心的地方。 随着新政府废除《修正案》，社交媒体上甚至出现了对保守派政府部长的嘲弄。财政部长尼古拉·威利斯被人取绰号叫“尼古丁·威利斯”，卫生部长申恩·拉提则被取绰号叫“申恩·西格拉缇（音译为香烟，Cigarette）” 新西兰控烟协会表示，（这让）人们持续暴露在烟草环境下，香烟易于获取和销售，“对我们的公民和下一代来说是健康上的不公平”。该机构批评说，“总理的态度是牺牲我们的孩子，以便烟草公司可以继续获利”。 毛利党联合领导人黛比·纳瑞瓦-帕克犀利地批评称，政府把烟草行业的利润置于毛利人的生命之上。“这是卑鄙的。毛利人的平均寿命比白人短7年。在可预防的死因中，吸烟是罪魁祸首。这个政府同时还要取消毛利卫生局，他们是在为我们的人民挖掘早逝的坟墓。” 图库伊汤加爵士认为，模型显示废除《修正案》的决定将让新西兰在未来十年多达1000人死于暴露在香烟环境下，而且大多数会是毛利人。他还说，制定《修正案》时，新西兰是世界领导者，“现在我们是拖后腿的了”。 新西兰健康联盟的卫生专家丽莎·特·默热加认为，《修正案》在未来20年可以为新西兰医疗系统省下13亿新西兰元，并挽救8000人的生命。如今废除这项法案，让这些都化为泡影。她说：“这本来是世界领先的立法，其他国家都在效仿我们。废除该法是完完全全的倒退”。 新西兰政府此举在国外也遭到大量负面评论。英国广播公司评论认为此举是“令人震惊”的倒退。英国《卫报》的报道说，公共卫生专家认为此举将牺牲数千性命，且对毛利人社区的影响是“灾难性的”。美国《时代周刊》的评论指出，新西兰政府的这个做法是烟草行业的胜利。英国《天空新闻》的评论说：“新西兰政府更迭导致激进的禁烟措施被取消，这意味着英国的禁烟政策将成为全球最严厉的。”,新华社客户端,未知,2024-01-08 14:26:55,http://xhpfmapi.xinhuaxmt.com/vh512/share/11847194,未知,控烟,负面,未知
20240101453,无烟 为成长护航——湟源县卫健局组织开展健康教育进学校活动,title: 无烟 为成长护航——湟源县卫健局组织开展健康教育进学校活动 content: 无烟 为成长护航——湟源县卫健局组织开展健康教育进学校活动 无烟 为成长护航 ——湟源县卫健局组织开展健康教育进学校活动 为深入推进控烟行动取得实效，助力健康湟源行动，湟源县卫健局以控烟知识普及为有效抓手，以提升学校师生健康素养水平、禁烟意识和自觉抵制烟草为目标。1月4日，县卫健局联合县教育局在湟源一中举办了以“无烟为成长护航”为主题的健康教育进学校活动，共有180余名师生参加培训。 西宁市健康教育讲师团成员，西宁市第一人民医院呼吸科马明铭主任首先播放了一段健康肺与吸烟肺的对比视频，向现场师生直观地展示了吸烟的危害。其次，重点从香烟的有害物质、吸烟的危害、青少年吸烟的原因、电子烟的健康风险等方面进行了生动系统的讲解，通过真实案例向在场的师生阐述了吸烟对人体的巨大危害，呼吁广大青少年拒绝第一支烟，做不吸烟的新一代。最后，教授了青少年拒绝第一支烟的有效方法。 此次讲座进一步提升了学校师生健康素养水平，促进了学校控烟工作的深入开展。下一步，县卫健局将充分发挥健康教育组织网络作用，进一步加强宣传教育引导，持续促进“人人参与支持控烟，人人共建共治共享无烟环境”良好氛围，不断扩大无烟环境覆盖面，进一步巩固提升国家卫生县城创建成果。,大美湟源客户端,未知,2024-01-06 14:24:38,http://qhhy.dmqhyadmin.com/application/fcinformation/mobile/#/ArticleDetail/3156321,未知,控烟,正面,未知
20240101458,中南大学湘雅医院第十党总支第八党支部开展控烟志愿活动,title: 中南大学湘雅医院第十党总支第八党支部开展控烟志愿活动 content: 中南大学湘雅医院第十党总支第八党支部开展控烟志愿活动为积极响应中南大学湘雅医院“学雷锋综合服务岗”活动，将雷锋精神融入日常，让更多病友了解吸烟有害健康以及禁烟控烟的重要性，12月28日，中南大学湘雅医院第十党总支第八党支部的博士党员们在医院门诊和住院区开展控烟志愿活动。现场，党员志愿者们身着“红马甲”，向病友们讲解吸烟与被动吸烟所造成的危害，引导病友们把健康知识转变为健康行为，共建无烟医院。党员志愿者们高举控烟指示牌，以党小组的形式分片区走过医院的各个重要控烟点，将健康宣传手册分发给现场病友，耐心讲解吸烟有害健康以及禁烟控烟的重要性，呼吁大家为了自己和家人的健康，远离烟草，营造浓厚的禁烟控烟氛围。禁烟控烟，医者先行。此次党支部开展的控烟志愿活动得到了广泛好评。通过此次活动，大家深刻认识到烟草的危害，纷纷表示将积极倡导健康生活方式，传递志愿精神，为构建美丽湘雅无烟医院作出努力。,人民日报客户端,中南大学湘雅医院,2024-01-05 20:50:25,http://wap.peopleapp.com/article/rmh39422562/rmh39422562,未知,控烟,正面,未知
20240101464,北京市控烟协会：本市小学校门口家长吸烟情况明显好转,title: 北京市控烟协会：本市小学校门口家长吸烟情况明显好转 content: 北京市控烟协会：本市小学校门口家长吸烟情况明显好转 1月5日，北京市控制吸烟协会发布了2023年本市七个区的控烟工作检查数据，调查发现，学校门口家长吸烟占比降至30.50%，控烟评分超90分的街乡占六成，控烟环境建设总体保持良好。 据了解，2023年年底，北京市控制吸烟协会动员了100名志愿者对本市7个辖区（包括东城区、西城区、朝阳区、海淀区、丰台区、石景山区和大兴区）的160个街道/乡镇进行了控烟工作调查。每个街道抽取了12个公共场所，包括：卫生机构、餐馆、街乡政府办公大厅、写字楼、商店、农贸市场（室内）、宾馆或民宿、网吧或娱乐场所、学校门口家长群和学校周边100米是否有售烟点（含电子烟）等。 调查采取志愿者日常巡查进行抽样，每个单位主要以是否有人吸烟和现场标识等物证材料进行评判，共取得15360个数据，并经由首都医科大学公共卫生学院李星明团队统计分析。调查结果与2020年比较，控烟环境建设总体上保持良好。 本次调查的街乡一共160个，得分超过90分的为97个街乡，占60%以上。得分70-79分为41个，占25%；其中60-69分的街乡有3个，占1.8%。 结果显示，各区的医疗机构和街乡政府办事大厅都取得很好的控烟效果，尤其是丰台和石景山区的医疗机构均为满分，石景山区的室内农贸市场满分，丰台区和朝阳区的网吧娱乐场所得分高于其他区。 本次调查还增加了学校接孩子家长群吸烟情况调查，发现各区差异较大。2023年我国世界无烟日的主题是“无烟为成长护航”，市控烟协会联合相关部门开展了学校接孩子家长群吸烟问题的调查和呼吁；本次调查与2023年上半年调查结果相比：下半年学校门口家长群吸烟情况有很大程度的改善；吸烟家长群从69.44%下降至30.50%。 随着春节假期临近，市控烟协会还将针对餐厅、商超、写字楼等人流密集场所开展控烟专项检查，倡导过节不吸烟、不敬烟、不送烟，“对二手烟说不”，共度无烟健康佳节。 文/北京青年报记者 蒋若静 编辑/彭小菲,北京青年报客户端,未知,2024-01-05 16:29:00,http://app.bjtitle.com/8816/newshow.php?newsid=6463701&src=stream&typeid=68,未知,控烟,中性,未知
20240101465,本市小学校门口家长吸烟情况明显好转,title: 本市小学校门口家长吸烟情况明显好转 content: 本市小学校门口家长吸烟情况明显好转 1月5日，北京市控制吸烟协会发布了2023年本市七个区的控烟工作检查数据，调查发现，学校门口家长吸烟占比降至30.50%，控烟评分超90分的街乡占六成，控烟环境建设总体保持良好。（北京青年报记者 蒋若静）,北京青年报客户端,未知,2024-01-05 16:29:00,http://app.bjtitle.com/8816/newshow.php?newsid=6463702&src=stream&typeid=1,未知,控烟,中性,未知
20240101468,北京小学校门口家长吸烟情况好转，百米内售烟点仍存在,title: 北京小学校门口家长吸烟情况好转，百米内售烟点仍存在 content: 北京小学校门口家长吸烟情况好转，百米内售烟点仍存在 2023年底，北京控烟协会动员了100名志愿者对北京市7个辖区（包括东城区、西城区、朝阳区、海淀区、丰台区、石景山区和大兴区）的160个街道/乡镇进行了控烟工作调查。经过首都医科大学公共卫生学院李星明团队统计分析，调查结果与2020年比较，控烟环境建设总体上保持良好。 本次调查在每个街道抽取了12个公共场所，包括：卫生机构、餐馆、街乡政府办公大厅、写字楼、商店、农贸市场（室内）、宾馆或民宿、网吧或娱乐场所、学校门口家长群和学校周边100米是否有售烟点（含电子烟）等。调查采取志愿者日常巡查区进行抽样，每个单位主要以是否有人吸烟和现场标识等物证材料进行评判，共取得15360个数据。 本次调查的街乡一共160个，得分超过90分的为97个街乡，占60%以上。得分70-79分为41个，占25%；其中60-69分的街乡有3个，占1.8%。 分析结果显示，医疗机构和街乡政府办事大厅都取得很好的控烟效果。尤其是丰台和石景山区的医疗机构均为满分。石景山区的室内农贸市场满分。丰台区和朝阳区的网吧娱乐场所得分高于其他区。 各区控烟的差距主要表现在学校周边100米烟草销售点，大兴区23个学校周边只有1个售烟店；海淀区2/25，丰台区2/25、东城2/17，两区学校100米内各有2个售烟点。朝阳区学校9/43周边有售烟店；石景山区3/9，周边100米有售烟店。 本次调查增加了学校接孩子家长群吸烟情况调查，发现各区差异较大。截至2023年10月的调查结果显示，与2023年上半年相比，下半年学校门口家长群吸烟情况有很大程度的改善，吸烟家长群从69.44%下降至30.50%。但各区的差异还是比较大，如丰台区25所学校只有一个家长群有吸烟，石景山9个学校有1个家长群有吸烟，朝阳区有8个家长群吸烟，大兴有10个家长群有吸烟，东城检查17所学校有10个家长群吸烟，海淀检查25个学校有9个家长群有吸烟。 责编：齐钰 主编：邱越 校对：陈龙飞,人民日报健康客户端,未知,2024-01-05 13:14:42,http://m.peopledailyhealth.com/articleDetailShare?articleId=8a9434aa75a64cd8842cf3b97c534c09,未知,控烟,中性,未知
20240101469,济宁市任城区南张街道碧桂园网格工作站开展“控烟禁烟，从你我开始”宣传活动,title: 济宁市任城区南张街道碧桂园网格工作站开展“控烟禁烟，从你我开始”宣传活动 content: 济宁市任城区南张街道碧桂园网格工作站开展“控烟禁烟，从你我开始”宣传活动 山东商报·速豹新闻网 通讯员 王婷 为做好辖区内公共场所控烟禁烟宣传工作，进一步提高居民禁烟意识，营造积极健康的社区生活环境，近日，济宁市任城区南张街道碧桂园网格工作站开展“控烟禁烟，从你我开始”为主题的宣传活动。 活动中，济宁市任城区南张街道碧桂园网格工作站的网格员们积极向居民宣传吸烟与被动吸烟的危害、讲解控烟禁烟的相关法律政策等，让人们认识到吸烟有害健康以及控烟禁烟的重要性，引导大家把健康知识转变为健康行为，共建清洁环保的无烟社区，共享健康绿色的生活环境。同时，倡导广大居民拒绝烟草，自觉抵制吸烟行为，摒弃不良习惯。号召大家从自己做起，从身边做起，不吸烟、不吸二手烟、不在公共场所吸烟。 此次活动，进一步传递了文明力量，引导了辖区居民自觉控烟禁烟、爱护环境。下一步，济宁市任城区南张街道碧桂园网格工作站将继续努力做好禁烟控烟宣传工作，普及禁烟控烟相关知识，增强居民的健康意识，为建设和谐家园、文明社会创造良好氛围。,速豹新闻客户端,未知,2024-01-05 11:51:40,http://open.tmtsp.com/app/multimedia/article?key=65977b956d5ae969038b457b&class=article&flag=app&type=new&device=android,未知,控烟,正面,未知
20240101470,控烟主题公益广告——揭开电子烟的伪面具,"title: 控烟主题公益广告——揭开电子烟的伪面具 content: 控烟主题公益广告——揭开电子烟的伪面具&lt;VIDEO SRC=""https://fzyq.obs.cn-north-4.myhuaweicloud.com/fzyq/wws/media/202312/10/c3a2d04c799c715582b66ceb.mp4""&lt;/VIDEO",新武威客户端,未知,2024-01-05 11:35:19,http://nginx-wws.xgsyun.com/wws/site1/resource/app/template/router/index.html?data=eyJhcnRpY2xlTGliSWQiOjIsImFydGljbGVJZCI6Nzk5MDIsInVzZXJOYW1lIjoiIiwidXNlcklkIjowLCJyb290VXJsIjoiaHR0cHM6Ly93YW4td3dzLnhnc3l1bi5jb20vIiwidG9rZW4iOiIiLCJsaW5rSWQiOjAsImFydGljbGVUeXBlIjoyLCJpc0FydGljbGVBdWRpdCI6MCwiYXBwSWQiOiIxIiwiaXNTaGFyZSI6MSwic2l0ZUlkIjoxLCJjb2xJZCI6ODYwfQ==,未知,控烟,中性,未知
20240101476,全国青少年控烟绘画征集活动评选结果出炉,title: 全国青少年控烟绘画征集活动评选结果出炉 content: 全国青少年控烟绘画征集活动评选结果出炉近日，国家卫生健康委员会办公厅、教育部办公厅通报了全国青少年控烟绘画征集活动评选结果。自治区和兵团共3幅作品入选，其中，师市2幅作品被评为优秀作品，分别为第六师102团学校和第六师奇台农场中学选送的《携手禁烟，健康生活》和《健康!还给孩子》。《携手禁烟 健康生活》 102团学校作者：雷慧敏 指导教师：刘建红《健康!还给孩子》 奇台农场中学作者：文哈尔·马哈西 指导教师：张江媚据悉，此次活动从全国31个省(区、市)及新疆生产建设兵团推荐的636幅绘画作品中，共评选出优秀作品100幅(小学组作品50幅、中学组作品50幅)，并对其进行通报表扬。国家卫生健康委员会办公厅、教育部办公厅将通过多种方式对优秀作品进行宣传展出，持续传递控烟理念，切实营造全社会关心、关注、支持控烟工作的浓厚氛围。,人民日报客户端,兵团第六师教育局,2024-01-04 17:34:50,http://wap.peopleapp.com/article/rmh39406323/rmh39406323,未知,控烟,正面,未知
20240101477,禁烟宣传进校园 用心守护助成长,title: 禁烟宣传进校园 用心守护助成长 content: 禁烟宣传进校园 用心守护助成长 为进一步推动控烟工作开展，引导群众践行文明健康绿色环保生活方式，1月3日下午，区疾控中心联合湖州市东风小学教育集团南华路校区开展以“拒吸第一支烟 做不吸烟的新一代”为主题的控烟讲座。 活动现场，健康科普讲师围绕吸烟的危害、二手烟和三手烟对儿童青少年的影响、如何拒绝尝试吸烟及劝导吸烟等内容进行宣传，同时通过有奖问答的互动方式，帮助学生掌握巩固讲座中的控烟知识。 据悉，湖州市东风小学教育集团2023年成功创建浙江省健康促进学校（金牌），该校以“健康第一 以人为本”为理念，通过以评促建，大力开展健康促进各项活动，提高师生健康素养和健康水平。 此次活动，进一步加强了青少年对控烟理念的认同，自觉树立控烟意识，让师生摒弃吸烟这一不良行为习惯，营造无烟绿色清洁的校园环境。,爱上吴兴客户端,未知,2024-01-04 17:04:21,http://appshare.wxcmnews.cn/webDetails/news?id=7129406&tenantId=26,未知,控烟,正面,未知
20240101481,控烟主题公益广告——珍惜生命、拒绝烟草,"title: 控烟主题公益广告——珍惜生命、拒绝烟草 content: 控烟主题公益广告——珍惜生命、拒绝烟草&lt;VIDEO SRC=""https://fzyq.obs.cn-north-4.myhuaweicloud.com/fzyq/wws/media/202312/22/c3a2d44db682269269e60802.mp4""&lt;/VIDEO",新武威客户端,未知,2024-01-04 14:50:21,http://nginx-wws.xgsyun.com/wws/site1/resource/app/template/router/index.html?data=eyJhcnRpY2xlTGliSWQiOjIsImFydGljbGVJZCI6Nzk3OTAsInVzZXJOYW1lIjoiIiwidXNlcklkIjowLCJyb290VXJsIjoiaHR0cHM6Ly93YW4td3dzLnhnc3l1bi5jb20vIiwidG9rZW4iOiIiLCJsaW5rSWQiOjAsImFydGljbGVUeXBlIjoyLCJpc0FydGljbGVBdWRpdCI6MCwiYXBwSWQiOiIxIiwiaXNTaGFyZSI6MSwic2l0ZUlkIjoxLCJjb2xJZCI6ODYwfQ==,未知,控烟,中性,未知
20240101482,【践行新风尚 文明汪清人】新民街道：无烟佳节与爱同行,title: 【践行新风尚 文明汪清人】新民街道：无烟佳节与爱同行 content: 【践行新风尚 文明汪清人】新民街道：无烟佳节与爱同行 1月2日，新民街道新时代文明所组织辖区4个新时代文明实践站共同开展“无烟佳节 与爱同行”控烟宣传活动。 新华社区工作人员向辖区居民宣传吸烟及二手烟的危害，用身边的案例详细介绍长期吸烟对身体产生的严重伤害，并呼吁辖区居民要帮助自己和身边人自觉远离烟草，少烟控烟，践行健康生活理念。 新惠社区“蓝马甲”志愿者呼吁居民群众营造无烟环境，不要在室内、公共场所、工作场所和交通工具内吸烟；同时也要维护自己的健康权益，劝阻他人吸烟，鼓励和帮助吸烟者戒烟。 新林社区网格长以现场讲解及发放宣传资料等多种方式向社区居民宣传吸烟及二手烟的危害、戒烟的好处，激发了大家控烟从自身做起的信心与决心，为营造健康、整洁的社区环境提供了保障。 新和社区工作人员现场对居民群众讲解二手烟的危害等知识，利用室外LED显示屏滚动播放“拒绝烟草 珍爱生命”宣传标语，呼吁广大居民自觉抵制吸烟行为，摒弃不良习惯。此次宣传活动，有效引导吸烟者主动参与到禁烟、控烟活动中来，为创建无烟、健康、文明的生活环境夯实基础。 图文提供：汪清县新时代文明实践中心,汪清发布客户端,未知,2024-01-04 14:27:53,http://8iyp-share.plus.jlntv.cn/folder4129/folder10151/folder10163/folder10207/2024-01-04/O0EhBnu5Lu4ydgVW.html,未知,控烟、戒烟,中性,未知
20240101483,中塘镇网格员开展禁烟宣传,"title: 中塘镇网格员开展禁烟宣传 content: 中塘镇网格员开展禁烟宣传 津滨海讯（记者 孙敬婷 郭庆燊 摄影报道）为提高村民的健康意识，近日，中塘镇网格中心积极组织网格员开展禁烟宣传。 “烟草中含有1400多种有害成分，吸烟时的浓雾中更含有40多种致癌物质，还会造成室内环境的污染，大家要从自身做起戒烟、控烟，并劝导身边人不吸烟，共同创建无烟环境，让下一代免受烟草危害……”活动现场，网格员发放《控烟戒烟倡议书》，讲解二手烟对健康的影响，同时深入辖区商户，向商户负责人宣传在公共场所禁烟的必要性，呼吁商户做好禁烟提醒。 “我们将定期巡逻检查，及时制止在公共场所吸烟的行为，并与各村委会合作开展禁烟宣传活动，为村民创建一个更加健康、舒适、文明的生活环境。”中塘镇网格中心相关负责人说。"";",津滨海客户端,未知,2024-01-04 13:16:53,http://bhapp.jbh.tjbh.com/pages/2024/01/04/af526c382617440297d3cc46965ff6db.html,未知,戒烟、控烟、控烟戒烟,中性,未知
20240101486,“无烟佳节 与爱同行”活动倡议书,title: “无烟佳节 与爱同行”活动倡议书 content: “无烟佳节 与爱同行”活动倡议书 “无烟佳节 与爱同行”活动倡议书 为巩固国家卫生城市创建成果， 营造干净整洁、优美舒适的 城市环境，保障人民群众欢度健康快乐的佳节，舞钢市爱卫办呼吁所有人行动起来，支持控烟、参与控烟，积极推进控烟行动，建设无烟环境，树立健康向上的社会风尚，享受无烟佳节。 第一支烟要拒绝。 当好自己健康的第一责任人，对第一支烟坚决说“不”，勇敢捍卫自身健康权利。 公共场所不吸烟。 吸烟者不在公共场所、室内工作场所和公共交通工具内吸烟，不让别人吸二手烟。 无烟家庭多关爱。每个家庭争做无烟家庭，每个家庭成员要 做到自己不吸烟、来客不敬烟、走亲访友不送烟、劝导亲友早戒烟，为孩子们营造一个健康温馨的港湾。 健康理念及早树。 引导每个孩子树立“不吸烟最时尚”的健 康理念， 主动远离传统烟草产品和电子烟，从小培养健康的生活方式。 建设健康中国， 共筑无烟屏障。维护清新生态环境，畅享纯 净自然气息， 践行文明健康绿色环保生活方式。为营造无烟、健康、幸福的春节氛围而努力！ 舞钢市爱国卫生运动委员会办公室 2024年1月4日,云上舞钢客户端,未知,2024-01-04 09:36:47,http://wugang.dxhmt.cn/api/page/goPage?type=4&objectId=4fa06358576f4756895aac420b45e411,未知,控烟、戒烟,中性,未知
20240101487,国家卫健委：引导干部戒烟，鼓励青少年成控烟监督员,title: 国家卫健委：引导干部戒烟，鼓励青少年成控烟监督员 content: 国家卫健委：引导干部戒烟，鼓励青少年成控烟监督员 1月3日，国家卫生健康委发布关于开展“无烟佳节 与爱同行”活动的通知，活动内容包括开展无烟党政机关建设巩固提升活动、控烟健康教育活动、戒烟咨询服务活动以及健康过佳节宣传活动，引导群众践行文明健康绿色环保生活方式，营造元旦、春节“两节”无烟氛围。 活动强调，要引导干部不吸烟、主动戒烟，主动做控烟宣传者和倡导者；鼓励广大青少年成为学校、家庭控烟监督员，促进无烟学校、无烟家庭建设；要组织专家指导基层医务人员开展戒烟服务，提升基层戒烟服务能力。 另外，各地要以元旦、春节“双节”为契机，通过宣传标语、宣传栏、海报、视频、公益宣传等群众喜闻乐见的方式，大力弘扬无烟健康过节文化，倡导过节不吸烟、不敬烟、不送烟，“对二手烟说不”，共度无烟健康佳节。 责编：乔靖芳 主编：王振雅 校对：王真,人民日报健康客户端,未知,2024-01-04 09:06:28,http://m.peopledailyhealth.com/articleDetailShare?articleId=199ec55b76c847c3891675867a78263a,未知,戒烟、控烟,正面,未知
20240101488,"全国文明村镇创建巡礼西藏篇第4期
西藏日喀则市江孜县江孜镇东郊村：无烟村的新追求","title: 全国文明村镇创建巡礼西藏篇第4期 西藏日喀则市江孜县江孜镇东郊村：无烟村的新追求 content: 全国文明村镇创建巡礼西藏篇第4期 西藏日喀则市江孜县江孜镇东郊村：无烟村的新追求 乡村振兴，乡风文明是保障；文明乡风，移风易俗是关键。为生动展现文明村镇深化农村移风易俗工作、切实推动农村精神文明建设高质量发展，西藏自治区文明办推出“全国文明村镇创建巡礼西藏篇”移风易俗主题宣传活动，邀您一起塑造文明乡风，助力乡村振兴。 &lt;VIDEO SRC=""https://dbapi.xizangribao.com/xzrb/media/202401/03/4bccb8440496823227d6a45d.mp4""&lt;/VIDEO “您已进入无烟村，村内所有区域都不能吸烟，请自觉遵守。”走进西藏自治区日喀则市江孜县江孜镇东郊村，一块醒目的标志牌映入眼帘。举目四顾，村里绿草如茵、道路整洁、干净祥和。 控烟禁烟是东郊村这个全国文明村镇建设的重要成果之一。 过去村里开会，会议室内烟雾弥漫，村民们没有节制地吸烟，既有损身体健康，也是一笔不小的经济开支。几年前，村里决定开展戒烟控烟行动，党员干部带头戒烟，并召开村民大会推广戒烟控烟行动。通过村两委和村民互相监督，只用了一年时间，全村吸烟现象就基本杜绝了。 如今，村民对文明健康生活的需求越来越强烈，引导大家民主管理村务，逐渐改善村风，又成了东郊村的努力方向。借助新时代文明实践中心，东郊村着力培育文明乡风、良好家风、淳朴民风，有力激发了乡村文化活力。",快搜西藏客户端,未知,2024-01-03 20:47:00,http://m.tibetapp.cn/app/template/displayTemplate/news/newsDetail/10034/6016391.html?isShare=true,未知,控烟、戒烟控烟、戒烟,中性,未知
20240101490,控烟宣传|拒绝烟草 做无烟新一代,title: 控烟宣传|拒绝烟草 做无烟新一代 content: 控烟宣传|拒绝烟草 做无烟新一代,昆明五华客户端,未知,2024-01-03 17:09:04,http://yun.rmt.kmzscc.com/art-901931.html,未知,控烟,中性,未知
20240101493,承德县下板城学区大杖子小学潘佳雨同学绘画作品荣获教育部大奖,title: 承德县下板城学区大杖子小学潘佳雨同学绘画作品荣获教育部大奖 content: 承德县下板城学区大杖子小学潘佳雨同学绘画作品荣获教育部大奖 近日，由国家卫生健康委员会和教育部联合发起的“青少年控烟绘画征集活动”评选结果揭晓，我校5年级潘佳雨同学的绘画作品《禁烟》荣获优秀奖（最高奖）。潘佳雨同学为河北省承德市小学组唯一获奖者。绘画辅导老师：高志国。（供稿人 王月 高志国）,冀云承德县客户端,未知,2024-01-03 15:08:11,http://jiyunchengdexian.hebyun.com.cn/pages/2024/01/03/b2981dc97bcb484d81ccbbb92fd913ad.html,未知,控烟,正面,未知
20240101494,【大抓基层年】大芝路社区开展控烟宣传活动,"title: 【大抓基层年】大芝路社区开展控烟宣传活动 content: 【大抓基层年】大芝路社区开展控烟宣传活动 为助力创建国家卫生县工作，进一步提升辖区居民禁烟意识，在辖区公共场所营造一个健康、清洁、无烟的环境。近日，饶州街道大芝路社区联合城北派出所开展以""张贴禁烟标识，营造无烟环境""为主题的控烟宣传活动。 活动中，社区工作人员在社区内餐饮店、药店、理发店、书房、麻将馆等公共场所张贴禁止吸烟的标志。向群众详细讲解了吸烟和被动吸烟的危害，吸烟导致的疾病以及吸烟带来的空气污染。并向居民发放有关吸烟危害和如何控烟、戒烟等资料，引导辖区居民群众增强控烟戒烟意识，养成健康生活习惯。 此次控烟宣传活动，提高了社区居民对吸烟危害的认识，进一步增强了居民的禁烟意识，为维护广大居民的健康起到了积极的促进作用。 下一步，大芝路社区将持续开展控烟宣传活动，共同营造无烟、清洁、健康的工作和生活环境，共建美丽健康幸福家园。 来源：鄱阳县融媒体中心（鄱阳广播电视台） 记 者: 余莉 通讯员：方咏雪 编 辑: 吴琳 编 审: 吴飞 监 制: 方智裕 汪林勇 业务联系:15070336688",鄱阳融媒客户端,未知,2024-01-03 15:00:00,http://pyrm.poyang.gov.cn/content_html/html/477/p/wap/2024/01/130509105.html,未知,控烟、戒烟、控烟戒烟,正面,未知
20240101495,创卫进行时——控烟知识人人知,title: 创卫进行时——控烟知识人人知 content: 创卫进行时——控烟知识人人知 吸烟是健康的大敌，烟草危害是当今世界最严重的公共卫生问题之一。烟草烟雾中含有超过7000多种化学物质，其中有69种为已知的致癌物，当人体暴露于这些致癌物中时，致癌物会引起体内关键基因发生永久性突变并逐渐积累，正常生长调控机制失调，导致恶性肿瘤发生。 二手烟中含有大量有害物质与致癌物，不吸烟者暴露于二手烟，同样会增加吸烟相关疾病的发病风险。 任何年龄的戒烟都可获得健康上的真正收益，越早越好。 附：控烟健康教育核心信息 1.中国吸烟人数超过3亿，约有7.4亿不吸烟者遭受二手烟暴露的危害。 2.中国每年因吸烟死亡的人数逾100万，超过结核病、艾滋病和疟疾导致的死亡人数之和。 3.现在吸烟者中将来会有一半因吸烟而提早死亡，吸烟者的平均寿命比不吸烟者缩短至少10年。 4.烟草烟雾至少含有69种致癌物。 5.烟草制品中的尼古丁可导致烟草依赖，烟草依赖是一种慢性成瘾性疾病。 6.吸烟及二手烟暴露均严重危害健康，即使吸入少量烟草烟雾也会对人体造成危害。 7.二手烟暴露没有安全水平，室内完全禁止吸烟是避免危害的唯一有效方法。 8.在室内设置吸烟区（室）、安装通风换气设施等均不能避免二手烟暴露的危害。 9.不存在无害的烟草制品，只要吸烟即有害健康。 10.“低焦油卷烟”、“中草药卷烟”不能降低吸烟带来的危害，反而容易诱导吸烟，影响吸烟者戒烟。 11.吸烟可以导致多种恶性肿瘤，包括肺癌、口腔癌、鼻咽部恶性肿瘤、喉癌、食管癌、胃癌、肝癌、胰腺癌、肾癌、膀胱癌、宫颈癌、结肠直肠癌、乳腺癌和急性白血病等。 12.吸烟可以导致慢性阻塞性肺疾病（慢阻肺）、青少年哮喘，增加呼吸道感染的发病风险。 13.吸烟可以增加肺结核患病和死亡的风险。 14.吸烟可以导致冠心病、脑卒中和外周动脉疾病。 15.男性吸烟可以导致勃起功能障碍。 16.女性吸烟可以导致受孕几率降低、流产、死胎、早产、婴儿低出生体重，增加婴儿猝死综合征的发生风险。 17.吸烟可以导致2型糖尿病，增加其并发症的发生风险。 18.吸烟可以导致牙周炎、白内障、手术后伤口愈合不良、皮肤老化、老年痴呆、绝经后女性骨密度降低和消化道溃疡。 19.二手烟暴露可以导致肺癌、冠心病、脑卒中、乳腺癌、鼻窦癌。 20.二手烟暴露可以导致成年人急慢性呼吸道症状、肺功能下降、支气管哮喘和慢性阻塞性肺疾病。 21.孕妇暴露于二手烟可以导致婴儿出生体重降低、婴儿猝死综合征、早产、新生儿神经管畸形和唇腭裂。 22.二手烟暴露可导致儿童支气管哮喘、肺功能下降和中耳炎。 23.戒烟是降低吸烟危害的唯一方法，戒烟越早越好，任何年龄戒烟均可获益。 24.戒烟可以显著降低吸烟者肺癌、冠心病、慢阻肺等多种疾病的发病和死亡风险，延缓上述疾病的进展，并改善预后。 25.吸烟的女性在妊娠前或妊娠早期戒烟，可以降低早产、胎儿生长受限、新生儿低出生体重等多种问题的发生风险。 26.吸烟者在戒烟过程中可能出现不适症状，必要时可依靠专业化的戒烟治疗。 27.吸烟者应当尊重他人的健康权益，不在室内工作场所、室内公共场所、公共交通工具内和其他禁止吸烟的场所吸烟。 28.吸烟者应当积极戒烟，吸烟者本人的戒烟意愿是成功戒烟的基础。 29.戒烟门诊可向吸烟者提供专业戒烟治疗。 30.全国戒烟热线电话为4008885531，公共卫生服务热线电话为12320。 宁乡市疾控中心 钟华整理来源：国家卫生健康委《控烟健康教育核心信息30条》 编辑：石宪,智慧宁乡客户端,未知,2024-01-03 14:58:13,http://ningxiangcs.ningxiangnews.com/Share/HtmlShare/App/pages/SingleNewsForAndroid.html?ResourceGUID=3a5464b3-870e-4ce5-970a-344bd6b987bc,未知,控烟、戒烟,中性,未知
20240101498,上海将全面推广“十月怀胎·爸爸戒烟”孕产家庭戒烟干预,title: 上海将全面推广“十月怀胎·爸爸戒烟”孕产家庭戒烟干预 content: 上海将全面推广“十月怀胎·爸爸戒烟”孕产家庭戒烟干预 东方网记者刘轶琳1月3日报道：新年新气象，上海戒烟综合干预模式再创新。近日，记者从市健康促进委员会办公室获悉，作为贯彻落实我国首部将爱国卫生与健康促进融合的条例《上海市爱国卫生与健康促进条例》的重要举措之一，上海今年将在16个区全面推广开展“十月怀胎·爸爸戒烟”孕产家庭戒烟干预，完善戒烟服务网络，持续打造无烟城市，推进健康上海建设。该活动由上海市健康促进中心、上海市妇幼保健中心、世界卫生组织健康城市合作中心、上海市控制吸烟协会、12320上海市卫生热线组织实施。 上海于2010年实施《上海市公共场所控制吸烟条例》以来，法定禁烟场所的违规吸烟率已从37.5%降至12.3%，公共场所控烟状况持续向好，成人吸烟率也从26.9%下降至19.4%，提前实现“健康中国2030”目标，上海市人民政府获世界卫生组织颁发的“世界无烟日奖”。监测数据显示，人群二手烟暴露情况虽有下降，但仍较普遍，尤其是孕产妇和婴幼儿如长期暴露在二手烟环境中，可导致孕期并发症、早产或自然流产等，并可导致胎儿肺部发育减缓和功能下降，增加婴儿出生体重降低等风险。 为实现健康上海行动目标，即至2030年，成人吸烟率下降至18%及以下，二手烟暴露率下降至36%以下，同时将18岁以下儿童青少年二手烟暴露率控制在10%以下，作为健康上海行动首批40个项目之一，本市于2020年启动“十月怀胎·爸爸戒烟”孕产家庭戒烟活动，旨在通过关注孕期这一人生重要阶段，依托人文关怀，触动、鼓励、帮助和指导孕产家庭中的吸烟成员戒烟，减少孕产妇二手烟暴露，保护孕产妇和婴幼儿健康。项目率先在金山区、徐汇区、长宁区试点，依托本市孕产妇保健工作网络，在孕产期保健服务和健康管理期间的关键节点如建小卡、建大卡时，通过简短戒烟干预，动员孕产家庭中的吸烟者（如爸爸、外公、爷爷或孕妇本人）戒烟，已完成10209份孕妇烟草暴露信息登记、2086份孕产家庭吸烟成员基线评估，并持续招募有戒烟意愿的孕产家庭吸烟者，通过戒烟热线、戒烟门诊、戒烟社群等开展戒烟干预，为全市推广打下坚实基础。 据悉，“十月怀胎·爸爸戒烟”活动将延续并优化综合戒烟干预模式，采用线上线下相结合的方式，为孕产家庭提供全流程、个性化、便捷科学的闭环戒烟指导，通过完善“戒烟门诊、戒烟热线、社区戒烟干预和线上新媒体戒烟”等戒烟服务网络资源，不断提升其利用率和戒烟成效。 目前上海已建成37家规范化戒烟门诊，可进行烟草依赖程度评估、呼出气一氧化碳及可替宁（尼古丁）检测，综合运用心理咨询、评估检查、个性化治疗和跟踪随访等方法，为烟民评估和制定个性化的戒烟方案；12320戒烟热线可提供贯穿戒烟全程的电话和短信专业指导；全市社区卫生服务中心的早孕门诊将在孕妇建卡时提供简短戒烟干预服务；吸烟者加入所在社区健康自我管理小组，可在家庭医生的指导下开展戒烟同伴教育；在“无烟上海”微信公众号可进行烟瘾测试（尼古丁依赖自测）、订阅健康科普推送、加入戒烟社群、使用戒烟打卡小程序帮助戒烟，进入微信功能菜单内的“爸爸戒烟”版块即可了解并参与活动；相关卫生专业机构还可以提供中医针灸戒烟和心理干预、行为矫正等戒烟支持与资源。 市健康促进委员会办公室表示，上海将不断推进以孕产妇保健工作网络为基础的孕产家庭戒烟综合干预模式，进一步建立完善互联网移动戒烟平台，优化整合全市戒烟资源，从而形成更便捷、更高效的一体化闭环戒烟服务网络，早日实现控烟行动目标，以更优质、更美好的无烟环境，持续提升广大市民的健康获得感与幸福感。,翱翔客户端,刘轶琳,2024-01-03 12:46:44,http://j.021east.com/p/1704257188045885,未知,戒烟、控烟,中性,未知
20240101499,1人获奖！全国青少年控烟绘画征集活动评选结果出炉,title: 1人获奖！全国青少年控烟绘画征集活动评选结果出炉 content: 1人获奖！全国青少年控烟绘画征集活动评选结果出炉1人获奖！全国青少年控烟绘画征集活动评选结果出炉,百度新闻客户端,健康天津,2024-01-03 11:01:27,http://mbd.baidu.com/newspage/data/dtlandingsuper?nid=dt_4329515494165776568&sourceFrom=homepage,未知,控烟,正面,未知
20240101500,控烟知识宣传|一定要了解的禁烟控烟知识,"title: 控烟知识宣传|一定要了解的禁烟控烟知识 content: 控烟知识宣传|一定要了解的禁烟控烟知识 吸烟有危害，不仅仅危害人体健康，还会对社会产生不良的影响。任何有组织生物体只要还有生命迹象就必须要呼吸，呼出体内的二氧化碳，吸入空气中的氧气，进行新陈代谢，以维持正常的生命活动。不吸烟的人，每天都能吸入大量的新鲜空气；而经常吸烟的人，却享受不到大自然的恩惠，吸入的不是新鲜空气，而是被烟雾污染的有毒气体。 我国目前的吸烟状况 目前我国约有3.5亿吸烟者 占世界烟民的三分之一。 15岁以上人群吸烟率为35.8%， 其中男性吸烟率高达66.0%， 而且吸烟人群有年轻化的趋势。 另外，我国人群中遭受被动吸烟危害的人数可高达5.4亿，在被动吸烟者中15岁以下儿童有1.8亿。大部分在家中、公共场所和工作场所接触二手烟。 我国每年约有100万人的死亡与吸烟有关，相当于每分钟约有2人死于吸烟相关疾病，其中有一半人在35~64岁之间死亡，吸烟和被动吸烟严重危害人类的健康，奉劝广大烟民珍惜生命，及早戒烟。 香烟里含有什么 烟草燃烧的烟雾中有4000多种化学物质,其中400多种具有毒性,超过50种能致癌。 尼古丁 高度成瘾性物质。可以引发血管收缩,心跳加快，血压升高；造成血管内膜受损，加重动脉硬化；大量尼古丁可引起冠状动脉痉挛，诱发心绞痛和心肌梗死。 焦油 烟草燃烧后产生的黑色物质。是引起肺癌和喉癌的主要原因，会加重哮喘和其他肺部疾病的症状，还会造成吸烟者手指。 一氧化碳 跟血红蛋白结合，形成碳氧血红蛋白，阻止血红蛋白与氧结合，使血红蛋白失去携带氧的能力，造成机体缺氧。还会使胆固醇增多，加速动脉硬化。 放射性物质 通过烟草烟雾进入人体，蓄积在肺内，并经血液循环转移到其他组织，形成内照射源，成为诱发癌症的原因之一。 抽烟对人体有什么危害 吸烟对人体最大的危害是肺癌，尤其是中心型肺癌。烟草既有“化学武器”(含有3000余种化学成分)，又有“放射武器”，一般地说，香烟中放射性物质含量是粮食中的20倍，是蔬菜和水果中的30倍。 香烟中所含的放射性物质，可释放出高能量射线,直接杀伤人体组织细胞。每天吸一包半香烟的人，其肺部一年所受到的放射线量，累积起来相当于接受300次胸部X线透视。 世界医学界经过大规模的调查研究，从流行病学的角度，无可辩驳地证实了吸烟是引起肺癌的罪魁祸。每天吸入别人喷出的烟雾，达15分钟以上叫吸二手烟或被动吸烟。 ▲ 吸烟产生癌变变化 被动吸烟者的危险 被动吸烟吸入的是主动吸烟者呼出的一手烟和香烟燃烧产生的二手烟。 被动吸烟者所吸入的有害物质浓度并不比主动吸烟者低，主动吸烟者吐出的冷烟雾中，焦油含量比吸烟者吸入的热烟雾中的多1倍，苯并芘多2倍，一氧化碳多4倍。 据国际性的抽样调查证实，吸烟致癌患者中的50%是被动吸烟者。吸烟家庭儿童患呼吸道疾病的比不吸烟家庭为多。 吸入许多有毒物质，如苯、烟碱、甲醛等,可以引起鼻、咽喉和胸部的刺激以及呼吸困难、咳嗽、打喷嚏、红眼和流泪、鼻涕、头疼、头晕、恶心和注意力不集中。 儿童更容易发生婴儿猝死综合症，急慢性呼吸系统疾病，影响儿童的身高发育和智力发育。 戒烟有哪些好处 一般停止吸烟6小时后，心率会下降，血压也会轻微降低。 12小时后，尼古丁将被排出体外。 24小时后，一氧化碳将从肺部排出，使呼吸功能得到改善。此时也许会有咳嗽，因为通过咳嗽可以清除堵塞在气管和肺部的堵塞物。 2天之后，尼古丁所致的不良反应就会消失。 2个月左右，手部和脚部的血液循环就增加。 戒烟1年之后，患心脏病的危险会显著降低。 戒烟10年后，患病的危险性将变得和不吸烟者一样。 另外，吸烟者戒烟后，可以成为儿女的好榜样。摆脱烟瘾的控制，找回自由与尊严，除去身上的烟臭，爱自己，也是爱家人。 如何科学戒烟 ★多掌握一些吸烟严重危害健康方面的知识，明确戒烟的好处，如戒烟后数周内，呼吸道咳嗽和有痰的症状就会明显减少或消失。 ★ 必须具有主动要求戒烟的决心和意志，永远不做烟瘾的奴隶。如果你的朋友送烟给你，你可以大声说：“对不起,我已经戒烟了！”并且尽可能的不要和那些仍在吸烟的人呆在一起。 ★ 结合个人实际情况制订戒烟计划，并付诸行动，在戒烟过程中要掌握对吸烟行为的抵抗技巧。把吸入体内的尼古丁排泄出来大约需要两周左右的时间，所以，把戒烟计划延长到2~3周的时间是最理想的。 ★ 早晨起床后，用毛巾蘸湿冷水后擦拭皮肤，增加血液循环。当你想抽烟的时候，就喝一大杯水，多吃水果，这些水和水果会帮助戒烟者不断的排出蓄积在体内和大脑里的尼古丁。每天多做几次有节奏的深呼吸。因为大脑细胞需要的氧供应量是其他器官的五倍，通过深呼吸进入到大脑中的氧气会帮助戒烟者镇定神经，降低对吸烟的兴趣。 ★ 吃完饭后，立即离开饭桌，到外面去散步。保证充足的睡眠，心情放松。 ★ 不要喝酒，因为酒精会抑制人的前脑，消弱人的意志、理智和判断力 ★不要喝含咖啡因的饮料，如咖啡、可乐和浓茶，因为咖啡因的某些作用类似尼古丁。 ★ 忌食胡椒、辣椒和其他辛辣食物。 ★ 有人戒烟后，体重会有所增加。控制体重应适当调整自己的饮食结构。不吃高脂肪、高热量、高糖的食物；不在两正餐之间加餐,或吃零食；重视早餐，晚餐适量，吃饭只能吃到八分饱的程度；忌食肥肉；每天坚持体育锻炼。 戒烟后感觉有些头痛，这说明你正在逐渐摆脱烟瘾的束缚，头痛是烟瘾消退时可能出现的一种自然现象，持续几天后，这种脱瘾症状就会消失。 关注健康 禁烟控烟 来源：互联网",新绥宁客户端,未知,2024-01-03 10:09:00,http://slb.suining.dingtoo.com/interface/newsApi.ashx?action=NewsInfo2&guid=e277f37a-6e86-405b-9169-df1ba12359ce,未知,控烟、戒烟,正面,未知
20240101507,【创卫在行动】饶州街道大芝路社区：宣传控烟禁烟 营造健康环境,"title: 【创卫在行动】饶州街道大芝路社区：宣传控烟禁烟 营造健康环境 content: 【创卫在行动】饶州街道大芝路社区：宣传控烟禁烟 营造健康环境 为助力创建国家卫生县工作，进一步提升辖区居民禁烟意识，在辖区公共场所营造一个健康、清洁、无烟的环境。近日，饶州街道大芝路社区联合城北派出所开展以""张贴禁烟标识，营造无烟环境""为主题的控烟宣传活动。 活动中，工作人员在社区内餐饮店、药店、理发店、书房、麻将馆等公共场所张贴禁止吸烟的标志。向群众详细讲解了吸烟和被动吸烟的危害，吸烟导致的疾病以及吸烟带来的空气污染。并向居民发放有关吸烟危害和如何控烟、戒烟等资料，引导辖区居民群众增强控烟戒烟意识，养成健康生活习惯。 此次控烟宣传活动，增强了社区居民对吸烟危害的认识，进一步增强了居民的禁烟意识，为维护广大居民的健康起到了积极的促进作用。下一步，该社区将持续开展控烟宣传活动，共同营造无烟、清洁、健康的工作和生活环境，共建美丽健康幸福家园。 来源:鄱阳县融媒体中心（鄱阳广播电视台） 记 者:余莉 通讯员: 方咏雪 编 辑: 祝颖 编 审: 吴飞 监 制: 方智裕 汪林勇 业务联系:15070336688",鄱阳融媒客户端,未知,2024-01-02 17:21:00,http://pyrm.poyang.gov.cn/content_html/html/477/p/wap/2024/01/130496577.html,未知,控烟、戒烟、控烟戒烟,中性,未知
20240101508,致全体市民朋友的控烟倡议书,title: 致全体市民朋友的控烟倡议书 content: 致全体市民朋友的控烟倡议书 广大市民朋友们： 在元旦、春节即将来临之际，为引导广大居民践行文明健康绿色环保的生活方式，减少烟草危害，共同营造元旦、春节“双节”健康无烟良好环境，在此，我们发出如下倡议： 1．广大市民自觉遵守公共场所禁止吸烟的规定，带头不吸烟，对吸烟行为及时进行劝阻，争做保护无烟环境的模范市民。 2．党政机关人员、医务人员、教师等率先垂范，严格遵守禁烟相关规定。各机关单位、医院、学校、宾馆、车站、商场、影院、网吧、餐饮店、体育场馆等所有公共场所实行全面禁烟，在醒目位置张贴禁烟标志，落实控烟责任，带动全社会创建无烟环境。 3．大力传播吸烟有害健康和公共场所不吸烟理念，提高防控烟草危害意识和能力，积极宣传不吸烟是文明行为，不让别人吸二手烟是社会道德行为，形成全社会参与公共场所禁烟工作的良好氛围。 4.过年不吸烟，健康过佳节，节假日期间走亲访友、亲朋聚会自觉做到不送烟、不敬烟，营造健康的节日氛围。 让我们共同行动起来，从自身做起、从现在做起，追求文明健康、绿色环保的生活方式，拒绝烟草危害，珍爱生命，为创造清新、舒适的无烟环境作出应有的贡献。 东明县卫生健康事业发展中心 2023年12月31日,东明云客户端,山姗,2024-01-02 16:30:37,http://iapp.dongmingrongmei.cn/share/YS0xMTEtMzAyOTQ2NjU.html,未知,控烟,中性,未知
20240101511,"摘要：

该文是一份控烟倡议书，呼吁师生共同参与无烟行动，创造健康、无烟的校园环境。倡议通过宣传教育、制度建设、文化活动等多种方式引导师生抵制烟草诱惑，培养健康生活方式。预期成果包括提高健康意识、杜绝吸烟行为、践行绿色校园理念和弘扬文明新风尚。[原文:学校“无烟佳节 与爱同行...]",title: 摘要： 该文是一份控烟倡议书，呼吁师生共同参与无烟行动，创造健康、无烟的校园环境。倡议通过宣传教育、制度建设、文化活动等多种方式引导师生抵制烟草诱惑，培养健康生活方式。预期成果包括提高健康意识、杜绝吸烟行为、践行绿色校园理念和弘扬文明新风尚。[原文:学校“无烟佳节 与爱同行...] content: 摘要： 该文是一份控烟倡议书，呼吁师生共同参与无烟行动，创造健康、无烟的校园环境。倡议通过宣传教育、制度建设、文化活动等多种方式引导师生抵制烟草诱惑，培养健康生活方式。预期成果包括提高健康意识、杜绝吸烟行为、践行绿色校园理念和弘扬文明新风尚。[原文:学校“无烟佳节 与爱同行...]摘要：&lt;br / &lt;br / 该文是一份控烟倡议书，呼吁师生共同参与无烟行动，创造健康、无烟的校园环境。倡议通过宣传教育、制度建设、文化活动等多种方式引导师生抵制烟草诱惑，培养健康生活方式。预期成果包括提高健康意识、杜绝吸烟行为、践行绿色校园理念和弘扬文明新风尚。原文:学校“无烟佳节 与爱同行...,百度新闻客户端,实用文档来分享,2024-01-01 18:57:20,http://mbd.baidu.com/newspage/data/dtlandingsuper?nid=dt_4484465128076854282&sourceFrom=homepage,未知,控烟,正面,未知
20240101514,"控烟禁烟手抄报
世界无烟日主题小报，珍爱生命远离烟草",title: 控烟禁烟手抄报 世界无烟日主题小报，珍爱生命远离烟草 content: 控烟禁烟手抄报 世界无烟日主题小报，珍爱生命远离烟草控烟禁烟手抄报&lt;br / 世界无烟日主题小报，珍爱生命远离烟草,百度新闻客户端,梦想的孵化器,2024-01-01 01:01:42,http://mbd.baidu.com/newspage/data/dtlandingsuper?nid=dt_3639432850748018091&sourceFrom=homepage,未知,控烟,中性,未知
202401011,2023年我市15岁及以上人群吸烟率呈现下降趋势,title: 2023年我市15岁及以上人群吸烟率呈现下降趋势 summary: 为动态了解我市15岁及以上人群吸烟现状，客观评价控烟工作阶段性成效，为下一步制定有效的控烟措施提供科学支撑。结果显示，我市2023年15岁及以上人群吸烟率为19.03%，与既往数据相比，呈现下降趋势，且达到《健康中国2030规划纲要》中规定的目标。 content: 为动态了解我市15岁及以上人群吸烟现状，客观评价控烟工作阶段性成效，为下一步制定有效的控烟措施提供科学支撑。2023年4月至8月，益阳市爱国卫生运动委员会办公室在全市范围内开展了一次成人烟草流行监测。结果显示，我市2023年15岁及以上人群吸烟率为19.03%，与既往数据相比，呈现下降趋势，且达到《“健康中国2030”规划纲要》中规定的目标。 此次监测工作采用国家统一的问卷开展调查，共调查了1621名15岁及以上常住居民。根据监测结果分析，我市居民吸烟率呈现以下特点：从性别来看，男性吸烟率为30.5%，女性吸烟率为3.5%，男性吸烟率明显高于女性；从年龄来看，55—64岁年龄组居民吸烟率最高，15—24岁年龄组居民吸烟率最低；从文化程度看，小学及以下文化程度的居民吸烟率最高。 此次监测结果表明，不同人口学特征的居民吸烟情况存在显著差异，提示在我市今后的控烟工作中应以男性、小学及以下文化程度、55-64岁年龄段为重点关注人群，开展多种形式的控烟活动及宣传，进一步降低我市居民吸烟率。,益阳市人民政府,未知,2024-01-31 23:46:20,http://www.yiyang.gov.cn/yiyang/2/80/87/content_1806995.html,未知,控烟,中性,未知
2024010130,健康生活小妙招绘画健康生活作文英语2024/1/31健康生活宣传栏,title: 健康生活小妙招绘画健康生活作文英语2024/1/31健康生活宣传栏 summary: 健康生活小妙招绘画健康生活作文英语2024/1/31健康生活宣传栏随后，万杰路社区以网格为单元，构造网格员和公益岗职员双线处安康教诲宣扬栏张贴包罗传抱病防控、应抢救济、科学控烟、高血压及麻风病防治在内的安康常识。 content: 随后，万杰路社区以网格为单元，构造网格员和公益岗职员双线处安康教诲宣扬栏张贴包罗传抱病防控、应抢救济、科学控烟、高血压及麻风病防治在内的安康常识 随后，万杰路社区以网格为单元，构造网格员和公益岗职员双线处安康教诲宣扬栏张贴包罗传抱病防控、应抢救济、科学控烟、高血压及麻风病防治在内的安康常识。 “我们的目标是为便利住民们在实时理解把握安康常识的同时，不竭加强安康认识，从而动员更多身旁人进修安康常识，筑牢社区安康‘堤坝’”1月3日晨会，万杰路社区党委书记、居委会主任陈飞为社区的安康教诲事情停止布置安康糊口小妙招绘画。 新时期公居住民李春歌以为，安康是最大的财产，具有安康才气让幸运糊口愈加不变。她对社区网格员胡娜刚换好的安康常识，连连歌颂。 实在安康糊口小妙招绘画，万杰路社区展开的更新安康常识举动，仅仅是淄博高新区向广阔群众大众提高安康教诲的一个缩影。今朝，全区各下层政务效劳机构均已主动动作起来，将安康常识送到住民身旁，让住民实在加强安康认识，主动通报美德安康糊口理念安康糊口小妙招绘画，为构建生机淄博、最美高新奉献更多“社会力气”。 淄博1月4日讯 身心安康是高品格糊口的基石。新年伊始安康糊口作文英语，淄博高新区四宝山街道万杰路社区为推行美德安康糊口理念安康糊口小妙招绘画，从安康教诲做起安康糊口小妙招绘画，今朝已在辖区各住民小区的安康教诲宣扬栏张贴了最新的安康常识安康糊口作文英语，为广阔住民打造家门口的安康教诲“纵贯车”。 网格员和公益岗职员互相撑持、主动共同，将刚印刷的最新安康常识张贴在小区安康教诲宣扬栏内，并对宣扬栏和小区通道停止保洁安康糊口作文英语，使宜居质量再提拔安康糊口作文英语。,中医养生网,未知,2024-01-31 20:31:35,http://www.yangcn.net/lmy-5/26523.html,未知,控烟,中性,未知
2024010144,五莲县于里镇中心卫生院开展青少年戒烟宣传活动,title: 五莲县于里镇中心卫生院开展青少年戒烟宣传活动 summary: 为了普及烟草危害知识教育，提高青少年对控烟工作的认识，提高辖区内的戒烟率，近日，五莲县于里镇中心卫生院结合实际情况，到五莲县于里镇初级中学开展青少年戒烟宣传活动。通过开展控烟宣传活动，使青少年进一步意识到烟草对自身健康的危害，营造良好的生活环境，进一步倡导科学、文明、健康的生活方式。 content: 大众网记者 苑小雪 通讯员 贾耀伟 日照报道 为了普及烟草危害知识教育，提高青少年对控烟工作的认识，提高辖区内的戒烟率，近日，五莲县于里镇中心卫生院结合实际情况，到五莲县于里镇初级中学开展青少年戒烟宣传活动。 活动现场，工作人员通过悬挂横幅、知识讲座、发放宣传页等方式，向青少年展现了吸烟的危害、戒烟的好处、拒绝吸烟的技巧以及戒烟的方法，让青少年非常直观地了解到吸烟的危害以及戒烟的好处，普及了健康知识，提高了青少年对吸烟危害的认识，取得了良好的宣传效果。 本次宣传活动，让广大居民、学生进一步了解了戒烟的重要性，更进一步提高了青少年的控烟意识。通过开展控烟宣传活动，使青少年进一步意识到烟草对自身健康的危害，营造良好的生活环境，进一步倡导科学、文明、健康的生活方式。,大众网,未知,2024-01-31 17:48:01,http://rizhao.dzwww.com/rzxw/202401/t20240131_13605267.html,未知,戒烟、控烟,正面,未知
2024010151,五莲县石场乡卫生院开展禁烟控烟宣传活动,title: 五莲县石场乡卫生院开展禁烟控烟宣传活动 summary: 为提高广大群众对戒烟的认识水平，五莲县石场乡卫生院围绕无烟佳节与爱同行主题进一步引导广大群众戒烟控烟，1月28日，五莲县石场乡卫生院开展禁烟控烟宣传活动。 content: 大众网记者 苑小雪 通讯员 岳晨 日照报道 为提高广大群众对戒烟的认识水平，五莲县石场乡卫生院围绕“无烟佳节与爱同行”主题进一步引导广大群众戒烟控烟，1月28日，五莲县石场乡卫生院开展禁烟控烟宣传活动。 活动现场，通过悬挂条幅、发放宣传手册、现场咨询等方式，广泛宣传吸烟、吸二手烟的危害，普及科学戒烟方法，呼吁大家不要在室内、公共场所等地吸烟，引导群众培养健康的生活方式。 同时，医院还在门诊大厅内，通过电视、LED屏等媒体循环播放控烟相关知识，大力弘扬无烟健康过节文化，倡导过节不吸烟、不敬烟、不送烟。 此次活动使居民群众深切认识到吸烟的危害，提高居民群众对国家控烟工作的认识，倡导科学、健康的文明生活方式，营造“人人懂、人人动”的爱国卫生运动氛围，提高广大群众的自我保健能力。,大众网,未知,2024-01-31 17:48:00,http://rizhao.dzwww.com/rzxw/202401/t20240131_13605264.html,未知,控烟、戒烟、戒烟控烟,正面,未知
2024010158,东宝区子陵铺镇开展“无烟佳节 与爱同行”健康教育宣讲活动,title: 东宝区子陵铺镇开展“无烟佳节 与爱同行”健康教育宣讲活动 summary: 东宝区子陵铺镇开展无烟佳节与爱同行健康教育宣讲活动针对吸烟年龄不断年轻化的特点，充分利用临近春节时间节点，1月23日，东宝区子陵铺镇中心卫生院走进镇初级中学开展无烟佳节与爱同行健康教育宣讲活动。 content: 针对吸烟年龄不断年轻化的特点，充分利用临近春节时间节点，1月23日，东宝区子陵铺镇中心卫生院走进镇初级中学开展“无烟佳节 与爱同行”健康教育宣讲活动。 活动现场，镇卫生院健康教育宣讲团讲师周晶芬利用播放动画、PPT演示、现场讲解等形式向学生们宣传吸烟的危害、戒烟的好处及如何戒烟等方面的知识，并向同学们发放宣传资料，引导学生形成控烟的意识，为创建无烟校园而努力。 活动中还设置了有奖知识抢答环节，这张方式受到学生们的喜爱，他们积极参与问题抢答，在轻松愉快的氛围下掌握了不少戒烟控烟知识。 此次进校园开展控烟健康宣传活动，共为200余名学生提供了健康宣讲，发放健康折页200余份，使青少年对烟草危害有了更深刻的认识，增强主动参与戒烟控烟意识，让他们健康快乐迎接假期、欢度佳节。（通讯员 黄芳艳）,荆门新闻网,未知,2024-01-31 17:41:00,http://www.jmnews.cn/news/2024/01/389893.shtml,未知,戒烟、控烟、戒烟控烟,正面,未知
2024010187,华山镇洲湖小学开展无烟佳节 与爱同行主题班会活动,title: 华山镇洲湖小学开展无烟佳节 与爱同行主题班会活动 summary: 华山镇洲湖小学开展无烟佳节与爱同行主题班会活动为进一步推动控烟工作开展，引导群众践行文明健康绿色环保生活方式，营造元旦、春节两节无烟氛围。1月25日，华山镇洲湖村小学利用假前最后一节课，开展了无烟佳节，与爱同行主题班会活动。对营造健康生活环境、创建无烟生活具有重要意义。 content: 为进一步推动控烟工作开展，引导群众践行文明健康绿色环保生活方式，营造元旦、春节“两节”无烟氛围。1月25日，华山镇洲湖村小学利用假前最后一节课，开展了“无烟佳节，与爱同行”主题班会活动。 活动中，组织学生观看禁烟宣传片，加深禁烟意识。老师用PPT、图片、讲故事等形式对吸烟的危害、戒烟的好处、戒烟的方法等知识进行讲解，增强学生对吸烟危害的认识。学校还充分利用广播、宣传栏、黑板报等进行吸烟有害健康宣传。让在校师生和接送家长，看得到，听得到，真正了解到吸烟的危害。活动共计发放无烟宣传画120张，宣传折页120张。保证学生和家长人手一份，将无烟宣传从学校带回家中，共同营造一个拒绝吸烟的健康氛围。 通过此次活动，帮助学生树立了“拒收第一支烟，做无烟第一代”的理念。鼓励学生成为学校、家庭控烟监督员，促进无烟学校、无烟家庭的建设。对营造健康生活环境、创建无烟生活具有重要意义。,黎川县人民政府,未知,2024-01-31 16:30:17,http://www.jxlcx.gov.cn/art/2024/1/29/art_2434_4139228.html,未知,控烟、戒烟,正面,未知
2024010193,【网络中国节·春节】湾沚镇蟠龙社区开展“无烟佳节，与爱同行”主题实践活动,title: 【网络中国节·春节】湾沚镇蟠龙社区开展“无烟佳节，与爱同行”主题实践活动 summary: 湾沚镇蟠龙社区开展无烟佳节，与爱同行主题实践活动为营造健康、环保的社区环境，进一步提高公众对吸烟有害健康的认识，改变人们以烟为礼的传统观念。 content: 为营造健康、环保的社区环境，进一步提高公众对吸烟有害健康的认识，改变人们以“烟”为“礼”的传统观念。湾沚镇蟠龙社区主动研究谋划极具特色的控烟系列宣传活动，引导广大居民践行文明健康绿色环保生活方式，引导群众自觉践行文明健康绿色环保生活方式，共同营造元旦、春节“双节”健康无烟环境，扎实推进“无烟佳节，与爱同行”主题活动开展。 自查自纠，带头控烟 蟠龙社区紧抓元旦、春节时间节点，大力弘扬无烟健康过节文化，在机关办公场所认真开展禁烟自查自纠，发现问题及时整改。蟠龙社区党委书记带头在控烟倡议书上签名，通过全方位、多角度控烟宣传教育，提升社区文明创建成果巩固提升，引导干部职工不吸烟、主动戒烟，自觉做控烟宣传者和倡导者。 无烟进学校、入家庭 蟠龙社区联合中小学校广泛科普烟草烟雾和电子烟危害，鼓励广大青少年成为学校、家庭控烟监督员，促进无烟学校、无烟家庭建设。通过开展“小手拉大手”对二手烟说“不”，劝导家长不吸烟，主动戒烟，为青少年健康成长作表率。 对联迎新春，无烟庆佳节 蟠龙社区新时代文明实践站开展“对联迎新春，无烟庆佳节”活动。社区工作人员通过发放控烟对联、“福”字、年画海报等，面对面向居民讲解吸烟的危害与慢性病的关系，以及烟火带来的消防安全隐患等相关常识，倡导辖区居民群众养成健康的生活习惯。同时，劝导家庭成员不吸烟或不主动吸烟，教育未成年人不吸烟，让家人免受二手烟危害。现场居民纷纷表示：“通过此次宣传，我们对烟草的危害认识更加清楚，为了家人和孩子一定要戒烟或劝阻家人朋友戒烟。” 湾沚镇蟠龙社区通过此次控烟系列宣传活动，促使社区居民，青少年充分认识到了烟草的严重危害，学会主动远离烟草，培育“讲文明、讲卫生、去陋习、树新风”的良好文明风尚，共同营造健康、文明的生活环境。 下一步，湾沚镇蟠龙社区会严格落实控烟责任，带动全社会创建无烟环境，同时紧跟居民的需求步伐，在打造健康社区、构建健康社区文化氛围上积极做出努力，切实做到服务贴合需求，行动匹配需求。 让我们共同行动起来，从自身做起、从现在做起，追求文明健康的生活方式，拒绝烟草危害，欢度无烟佳节。（宋雪梅）,湾沚区文明网,未知,2024-01-31 16:30:00,http://www.whxwmw.com/wmdjri/1234811.html,未知,控烟、戒烟,正面,未知
20240101120,开封市龙亭区召开呼吸系统疾病及病媒生物防治、控烟健康知识培训工作会,title: 开封市龙亭区召开呼吸系统疾病及病媒生物防治、控烟健康知识培训工作会 summary: 开封市龙亭区召开呼吸系统疾病及病媒生物防治、控烟健康知识培训工作会近日，开封市龙亭区爱卫办、区计生协、河南大学第一附属医院联合召开呼吸系统疾病及病媒生物防治、控烟健康知识培训工作会议。两乡四办及区爱卫会各成员单位等90余人参加培训，共发放病媒生物防制、呼吸系统疾病预防控制宣传页及控烟手册等近300份。 content: 近日，开封市龙亭区爱卫办、区计生协、河南大学第一附属医院联合召开呼吸系统疾病及病媒生物防治、控烟健康知识培训工作会议。 开封市全民健康与爱国卫生促进中心主任顾万军、河南大学第一附属医院副院长张宏雨、龙亭区政府副区长孙文超等出席会议。会议特邀省级病媒生物防制专家李卫彬、河南大学第一附属医院呼吸科主任黄志昂授课。 会上，顾万军对龙亭区2023年度爱国卫生工作和巩卫工作成绩表示肯定并提出指导意见；李卫彬、黄志昂分别围绕病媒生物防制和呼吸系统疾病、控烟健康知识进行专题培训。 此次培训进一步提升了防病治病能力，为全民健康和做好全区病媒生物防制工作奠定了坚实基础。两乡四办及区爱卫会各成员单位等90余人参加培训，共发放病媒生物防制、呼吸系统疾病预防控制宣传页及控烟手册等近300份。,中国网,辛文,2024-01-31 13:32:30,http://iot.china.com.cn/content/2024-01/31/content_42688513.html,未知,控烟,中性,未知
20240101134,仙营街道开展“无烟佳节，与爱同行”宣传活动,title: 仙营街道开展“无烟佳节，与爱同行”宣传活动 summary: 仙营街道开展无烟佳节，与爱同行宣传活动为进一步提高辖区居民对吸烟危害的认识，营造健康无烟的社区环境，让居民过一个与文明相伴的新春佳节，近日，仙营街道秦庄社区仙西网格室开展了无烟佳节，与爱同行宣传活动。 content: 为进一步提高辖区居民对吸烟危害的认识，营造健康无烟的社区环境，让居民过一个与文明相伴的新春佳节，近日，仙营街道秦庄社区仙西网格室开展了“无烟佳节，与爱同行”宣传活动。 活动中，网格员通过宣讲、发单页的形式，为居民讲解了吸烟对身体的危害及对环境的污染，尤其是青少年自控能力差，很容易对吸烟上瘾，烟草含有一些物质，如尼古丁，对青少年身体造成很大影响。以及二手烟的危害、戒烟的好处，并呼吁居民不要在室内、公共场所和交通工具内吸烟，共同营造清新健康的无烟环境。 通过此次控烟宣传教育活动，提高了辖区居民对烟草危害的认识度，呼吁广大居民为了自己及家人的健康，尽早戒烟，共同创造健康无烟环境，共享健康生活。 通讯员 季然冰 贾 培 记者 康岩 责任编辑：李腾,齐鲁晚报,未知,2024-01-31 12:58:44,http://www.qlwb.com.cn/detail/23130184.html,未知,戒烟、控烟,正面,未知
20240101147,良庆区那马镇卫计所开展“无烟佳节  与爱同行”控烟主题宣传活动,title: 良庆区那马镇卫计所开展“无烟佳节 与爱同行”控烟主题宣传活动 summary: 良庆区那马镇卫计所开展无烟佳节与爱同行控烟主题宣传活动烟草是人类健康的致命杀手。我国是世界上最大的烟草生产国和消费国，也是烟草最大的受害国，每年有超过100万人死于烟草导致的相关疾病。下一步，那马镇将持续开展形式多样的控烟教育宣传活动，引导广大群众积极参与到控烟行动中来，共创文明、健康的生活环境。 content: 烟草是人类健康的致命杀手。我国是世界上最大的烟草生产国和消费国，也是烟草最大的受害国，每年有超过100万人死于烟草导致的相关疾病。由于公众对烟草危害的认识不够，在我国仍存在逢年过节相互递烟、送烟的社会风气。 为进一步推动那马镇控烟工作开展，营造无烟氛围，引导广大人民群众践行文明健康绿色环保生活方式，提高群众对烟草危害的认识，营造新春佳节无烟氛围，减少吸烟带来的健康风险，2024年1月30日，良庆区那马镇卫计所利用春节期间人们团聚、走亲访友的重要时刻，到那马街区开展以“无烟佳节 与爱同行”为主题的控烟宣传活动，向广大群众提出“健康过年无烟佳节”的倡议。 活动现场，工作人员通过发放戒烟科普宣传手册，向现场群众宣传吸烟的危害和二手烟的危害、戒烟的好处、戒烟的方法等知识，宣传“送烟=送危害”，引导群众树立每个人是自己健康第一责任人的理念，倡导过节不吸烟、不敬烟、不送烟 ，共度无烟健康佳节。 通过本次宣传活动，提高了全镇上下对吸烟危害的认识，营造了无烟佳节的氛围。下一步，那马镇将持续开展形式多样的控烟教育宣传活动，引导广大群众积极参与到控烟行动中来，共创文明、健康的生活环境。,广西南宁市良庆区人民政府门户网站,未知,2024-01-31 11:25:00,http://www.liangqing.gov.cn/lqzx/bmdt/2024bmdt/t5844738.html,未知,控烟、戒烟,正面,未知
20240101161,动静健康 | 过节送礼不送烟，健康快乐过大年--贵州疾控邀您参加春节控烟活动,title: 动静健康 | 过节送礼不送烟，健康快乐过大年--贵州疾控邀您参加春节控烟活动 summary: 动静健康|。 content: 编辑:张蝶责编:肖雯编审:王继军,贵州网络广播电视台,未知,2024-01-31 10:58:00,http://www.gzstv.com/a/f0f37ad497ec41769c5dd17b448cb6fb,未知,控烟,正面,未知
20240101168,从我做起 拒绝烟草——淄博十七中开展控烟宣传活动,"title: 从我做起 拒绝烟草——淄博十七中开展控烟宣传活动 summary: 记者孔艳通讯员曹然霞）为深入贯彻落实国务院《关于实施健康中国行动的意见》要求，进一步推动控烟工作开展，引导师生践行文明健康绿色环保生活方式，助力健康淄博建设，营造春节无烟氛围，淄博十七中开展了无烟佳节与爱同行宣传活动。 content: 鲁中网淄博1月30日讯（记者 孔艳 通讯员 曹然霞）为深入贯彻落实国务院《关于实施健康中国行动的意见》要求，进一步推动控烟工作开展，引导师生践行文明健康绿色环保生活方式，助力健康淄博建设，营造春节无烟氛围，淄博十七中开展了“无烟佳节与爱同行”宣传活动。 1月29日早上，淄博十七中召开“无烟佳节与爱同行”主题班会，学生代表登台发言，倡议同学们主动担当学校、家庭控烟监督员，促进无烟学校、无烟家庭建设。主题班会通过精心设计教育各环节，寓教于乐，用丰富多彩的活动科普烟草烟雾和电子烟的危害，教育学生远离烟草，帮助学生树立“拒吸第一支烟，做无烟新一代”的理念。 此外，学校通过电子班牌对淄博市青少年控烟绘画大赛的优秀作品进行了展播；学校还要求学生通过“小手牵大手”活动，引导家长不吸烟，主动戒烟，为青少年健康成长作表率。 淄博十七中通过系列活动引导学生养成健康的生活方式和生活习惯，倡导过节不吸烟、不敬烟、不送烟，“对二手烟说不”,共度无烟健康佳节。",鲁中网,未知,2024-01-31 10:56:30,http://news.lznews.cn/edu/ttxw/202401/t20240131_13601993.html,未知,控烟、戒烟,正面,未知
20240101175,肥西县上派镇：无烟佳节 与爱同行,title: 肥西县上派镇：无烟佳节 与爱同行 content: 为进一步推动控烟工作深入开展，提高辖区居民对烟草危害的认识，倡导文明健康绿色环保的生活方式，营造新春佳节无烟氛围，1月28日，上派镇珍珠社区关工委组织辖区青少年开展了“无烟佳节，与爱同行”主题手抄报活动。 活动伊始，社区志愿者通过PPT演示、视频播放等形式，向孩子们介绍烟草的危害、吸烟对健康的负面影响、如何有效戒烟等常识性知识，宣传无烟生活的重要性，提醒大家远离烟草的危害，帮助青少年儿童树立“拒吸第一支烟，做无烟新一代”的理念。随后，孩子们陆续忙活起来，收集手抄报资料，有的用文段说明吸烟的种种危害，有的用生动的绘画呼吁远离烟草，一幅幅新颖别致、构思巧妙、色彩协调的手抄报作品跃然纸上。最后，志愿者将大家的设计作品进行展示，相互评比投票，号召大家将控烟知识带回家，分享给身边的人，争当“无烟环保小能手”。 通过此次“无烟佳节，与爱同行”宣传活动的开展，不仅提高了辖区青少年对烟草危害的认识，让践行文明健康绿色环保生活方式的理念深入人心，也促使更多的居民积极参与控烟行动，自觉成为控烟行动的宣传者、践行者，共同营造健康良好的无烟环境。（丁艺璇）,合肥网,未知,2024-01-31 10:53:48,http://www.wehefei.com/news/2024/01/31/c_572440.htm,未知,控烟、戒烟,中性,未知
20240101189,八步镇开展无烟佳节与爱同行活动,title: 八步镇开展无烟佳节与爱同行活动 summary: 八步镇开展无烟佳节与爱同行活动为进一步加强控烟工作，引导群众践行文明健康绿色环保生活方式，营造春节无烟氛围，八步镇近日通过镇村干部大会和现场宣传开展无烟佳节与爱同行控烟活动，近期，八步镇在轱辘小区广场开展春节前控烟宣传活动。 content: 为进一步加强控烟工作，引导群众践行文明健康绿色环保生活方式，营造春节无烟氛围，八步镇近日通过镇村干部大会和现场宣传开展“无烟佳节与爱同行”控烟活动，近期，八步镇在轱辘小区广场开展春节前控烟宣传活动。 一是向镇、村干部宣传摒弃送烟敬烟等陈规陋习，以不吸烟、不敬烟等健康行为守护家人健康，共度无烟健康佳节，各村要以为村组干部为核心，以党员力量为抓手，向辖区内村民宣传推广“送烟=送危害”；二是镇组织志愿者向群众宣传吸烟和二手烟暴露的严重危害，营造不在他人面前吸烟、勇于拒绝二手烟的良好社会氛围，号召大家弘扬无烟文化。,雨城区人民政府,未知,2024-01-31 10:12:00,http://www.yayc.gov.cn/gongkai/show/2885188700dc2a51688b06c16e313ef5.html,未知,控烟,正面,未知
20240101203,南陵县籍山镇开展“无烟佳节”宣传咨询服务活动,title: 南陵县籍山镇开展“无烟佳节”宣传咨询服务活动 summary: 南陵县籍山镇开展无烟佳节宣传咨询服务活动本网讯1月30日上午，南陵县爱卫办、县疾控中心、籍山镇爱卫办组织在光明社区开展无烟佳节与爱同行控烟宣传活动，进一步推动控烟工作开展，大力弘扬无烟健康过节文化。下一步，该镇将持续开展控烟宣传活动，引导群众践行文明健康绿色环保生活方式，营造春节期间无烟氛围。 content: 本网讯 1月30日上午，南陵县爱卫办、县疾控中心、籍山镇爱卫办组织在光明社区开展“无烟佳节 与爱同行”控烟宣传活动，进一步推动控烟工作开展，大力弘扬无烟健康过节文化。 在宣传活动现场，工作人员向群众发放控烟知识《远离烟草危害》《为了您的健康，请远离烟草》《健康素养66条》等宣传材料，并详细讲解烟草中的主要有害成分、被动吸烟的危害、戒烟的好处等科普知识，引导群众对二手烟说“不”，倡导过节不吸烟、不敬烟、不送烟，共度无烟健康佳节。此次活动共发放宣传材料370多份，现场县书法家协会为社区居民书写春联，送去新春的祝福。 通过此次控烟宣传活动，让群众深刻认识到吸烟对自己和家人的危害，进一步提升了群众的戒烟意识。下一步，该镇将持续开展控烟宣传活动，引导群众践行文明健康绿色环保生活方式，营造春节期间无烟氛围。（闻晓敏 梁卉）,安徽经济网,未知,2024-01-31 09:46:30,http://www.ahjjw.com.cn/html/quyu/xiangzhenshequ/2024/0131/368685.html,未知,控烟、戒烟,正面,未知
20240101245,八百垧街道开展禁烟控烟健康教育宣传活动,title: 八百垧街道开展禁烟控烟健康教育宣传活动 content: 为进一步推动控烟工作开展，引导群众践行文明健康绿色环保生活方式，营造节前无烟氛围，近日，八百垧街道宏伟社区开展“无烟佳节 与爱同行”禁烟控烟健康教育宣传活动。 活动中，八百垧街道宏伟社区组织网格员和志愿者们深入居民区和大集等人流密集场所，通过发放宣传单等方式，用生动形象的语言和图片向居民普及吸烟与被动吸烟造成的危害，让更多居民重视吸烟对健康的危害，倡导辖区居民把健康知识转变为健康行为，提升居民戒烟意识，引导居民养成健康的生活方式和生活习惯。此外，网格员充分利用网格微信群、朋友圈、抖音、快手等网络平台，广泛转发吸烟有害健康科普知识，呼吁居民不要在公共场所吸烟，不随地乱扔烟头。同时也要维护自己的健康权益，劝阻他人吸烟，鼓励和帮助吸烟者戒烟，积极参与到控烟行动中来，倡导“做自己健康的第一责任人”。 此次活动提高了居民的控烟意识，让居民认识到吸烟对身体健康的危害，居民纷纷表示要用实际行动带动身边的家人朋友禁烟控烟，为营造健康的社区环境出一份力。下一步，八百垧街道宏伟社区将继续做好宣传工作，普及控烟、禁烟重要性，增强居民群众的健康意识，共建清洁环保的无烟社区，共享健康绿色的生活环境。,大庆网,未知,2024-01-31 09:24:05,http://www.dqdaily.com/2024-01/31/content_8024552.htm,未知,控烟、戒烟,正面,未知
20240101252,青阳路社区：开展无烟佳节与爱同行宣传活动,title: 青阳路社区：开展无烟佳节与爱同行宣传活动 summary: 青阳路社区：开展无烟佳节与爱同行宣传活动新春佳节即将来临之际，为进一步推动控烟工作，引导广大群众践行文明健康、绿色环保生活方式，营造春节无烟氛围，青阳路社区以无烟佳节与爱同行为主题，开展系列控烟活动。 content: 新春佳节即将来临之际，为进一步推动控烟工作，引导广大群众践行文明健康、绿色环保生活方式，营造春节无烟氛围，青阳路社区以“无烟佳节 与爱同行”为主题，开展系列控烟活动。 为了进一步加强幼儿园禁烟、控烟工作，2024年1月30日，青阳路社区工作人员深入辖区901医院幼儿园进行宣传，通过播放视频，游戏等形式，向幼儿宣传吸烟对人体的危害，引导幼儿认识禁烟标志，帮助幼儿真切地认识到烟草带来的危害，坚决拒绝二手烟。同时，要求幼儿园在家长群进行宣传，提高家长对吸烟所带来危害的认识。（刘春如）,安徽新闻网,未知,2024-01-31 09:16:58,http://sqr.ahnews.com.cn/news/2024/01/31/c_470514.htm,未知,控烟,正面,未知
20240101274,山东临清成功举办“送健康 迎新春”暨“无烟佳节 与爱同行”活动，受群众好评,title: 山东临清成功举办“送健康 迎新春”暨“无烟佳节 与爱同行”活动，受群众好评 content: 图为：临清市人民医院专家为其居民群众现场解答查体结果。 1月30日上午，临清市新华路街道办事处葡香社区传来欢声笑语和阵阵掌声，临清市“送健康 迎新春”暨“无烟佳节 与爱同行”活动走进临清市新华办事处葡香社区。此次活动由临清市卫生健康局主办、临清市疾病预防控制中心、临清市人民医院、临清市新华路街道办事处、新华路街道社区卫生服务中心承办。 图为：进行B超检查。 据了解，1月9日开始，临清市爱国卫生运动委员会面向全市开展了以“无烟佳节 与爱同行”为主题的控烟公益春联征集活动，不到半月时间，共征集春联近300幅，经过专家的层层筛选，共选出48幅获奖春联。 图为：临清籍书法家姚廷魁老师、郑祥生老师、周广英老师现场题写书画作品。 书法泼墨活动现场暖意融融，临清市四位爱心书法家根据获奖春联内容，铺好宣纸，蘸饱墨汁，认真为辖区群众书写着一幅幅带有美好祝福的春联。群众们都纷纷前来挑选自己心仪的对联和作品。 图为：爱心书法家李继文老师为居民群众写对联。 居民张大爷向在场书法家感慨地说道：“现场写春联，与买春联的感觉完全不同，这样年味更浓，过起年来更有意义，况且今年春联的内容传播健康理念，咱们老百姓在走亲访友之际，还能学到健康知识，谢谢啦。” 图为：爱心书法家们现场为居民群众写对联。 义诊台前也挤满了前来义诊、咨询的居民群众，来自临清市人民医院、临清市疾控中心和临清市新华路街道社区卫生服务中心的专家和大夫们设立健康咨询台为其进行健康咨询，发放健康宣传物资，为大家耐心地讲解吸烟的危害，戒烟的技巧；大夫们分组为其进行健康查体，进行B超、心电图检查、测量血压、测量血糖等服务让在场居民群众在春节带来之际送去健康，送去一份节日的“贺礼”。 活动现场各位书法家还为居民群众通过写“福”字、绘画、题写精美的书画作品，以表达对居民群众的节日祝福。此次活动现场送出春联、书画作品共计100余副，义诊群众 80人，发放宣传资料200余份。 图为：活动留念合影。 此次活动通过撰写控烟春联、戒烟服务专家进社区等多种方式，广泛普及烟草危害知识，积极倡导人民不吸烟，吸烟者尽早戒烟；引导人民遵守禁烟相关规定，积极参与无烟环境建设，践行文明健康绿色环保生活方式具有很好的意义。让我们携手同行，为了我们共同的家园和健康，从自我做起、从现在做起，珍爱生命，拒绝烟草，共度健康佳节！ 临清市爱卫办负责人介绍，新的一年，临清市将加强督导检查，巩固创建国家卫生市建设成果；扎实开展小手拉大手间接干预试点工作，帮助青少年树立拒绝吸烟理念，积极引导家长不吸烟，早戒烟；积极加强戒烟门诊建设，提升基层医疗机构戒烟服务能力，为群众提高免费戒烟咨询；通过视频、公益宣传等群众喜闻乐见的方式，大力倡导文明健康绿色环保生活方式，促进健康临清建设。（谢长青、邢以山）,山东卫生新闻网,未知,2024-01-31 08:44:00,http://www.sdwsnews.com.cn/a/yijiezixun/2024/0131/58888.html,未知,控烟、戒烟,正面,未知
20240101297,对楼道吸烟行为说“不”,title: 对楼道吸烟行为说“不” summary: 近日，家住海东市平安区174站台家属院的林女士向记者反映，她家住在四楼，公共楼道二楼靠窗位置总有人抽烟。自己早上出门和晚上回家时，在楼道里经常闻到一股浓重的烟味，好几次被二手烟呛得孩子直咳嗽，而且二楼楼道地面上时不时会看到很多散落的烟头、烟灰和吐的痰，让楼道卫生环境变得很差。 content: 本文转自：海东日报 □本报记者 吴雨 近日，家住海东市平安区174站台家属院的林女士向记者反映，她家住在四楼，公共楼道二楼靠窗位置总有人抽烟。自己早上出门和晚上回家时，在楼道里经常闻到一股浓重的烟味，好几次被二手烟呛得孩子直咳嗽，而且二楼楼道地面上时不时会看到很多散落的烟头、烟灰和吐的痰，让楼道卫生环境变得很差。 林女士表示：“我最怕闻到烟味，我们单位办公室不让吸烟，可回了家反而被楼道二手烟呛到。”林女士说，她所住的小区属于“三无楼院”，平时社区会安排保洁人员打扫楼道卫生，可问题是总有不自觉的人随地扔烟头、吐痰，破坏环境卫生。林女士称自己从来没有碰到过在楼道抽烟的人，她估计是谁家有年幼的孩子，或者是妻子不让在家抽烟，所以男主人要么怕影响孩子健康，要么担心妻子训斥，所以才躲在楼道吸烟。“可是，楼道是公共空间，在楼道里抽烟岂不是影响了别人的健康吗？”林女士气愤地说。 对于楼道抽烟的情况，林女士忍耐了很久，最近她终于鼓足勇气，将地上凌乱的烟头拍照片发至该小区业主群，并表达了自己对楼道抽烟行为的不满情绪。次日，林女士还专门打印了很多张“禁止吸烟”的温馨提示，贴在了每一层楼道的墙面上。 关于楼道抽烟的问题，平安街道棉纺厂社区党总支部书记星艳认为，“吸烟有害健康”的道理人人皆知，但居民楼道里抽烟的情况却不在少数，有的人甚至还会在电梯间抽烟。不少烟民既想过烟瘾，又不想被家人唠叨，便把离家门口最近的公共楼道当作抽烟的“好去处”。居民楼道空气流动较差，在楼道里抽烟势必会造成“二手烟”污染，而且还存在安全隐患，容易引发火灾。“近年来，到处都在提倡控烟、禁烟，这直接关系到大家的身体健康，也事关社会文明水平的提升。居民楼道不应该是控烟盲区，应该进一步完善相关法律法规，明确‘有顶有盖的地方’都应该禁止吸烟。”星艳说。 星艳表示，林女士在楼道内张贴“禁止吸烟”温馨提示的做法很好，无形中加强了引导人们认清在居民楼道抽烟对其他居民带来的危害。抽烟的人也应当增强自律意识，本着对自己和公共安全负责的态度，不应在居民楼道和其他公共区域“吞云吐雾”。广大居民更要切实增强社会责任意识，珍惜自己的权利，对楼道吸烟的行为勇敢说“不”。,东方资讯,未知,2024-01-31 00:03:00,http://mini.eastday.com/nsa/240131000342052517429.html,未知,控烟,中性,未知
20240101311,[无锡市]无烟佳节 与爱同行——硕放街道红十字会开展控烟宣传,title: [无锡市]无烟佳节 与爱同行——硕放街道红十字会开展控烟宣传 content: 烟草危害是当今最严重的公共卫生问题之一，是人类健康所面临的最大危险因素，为进一步宣传吸烟危害和戒烟知识，营造一个健康、清洁、禁烟的良好生活环境，1月26日上午，在新春佳节到来之际，硕放街道红十字会联合硕放街道社区卫生服务中心、润硕苑社区在社区广场组织开展以“无烟佳节、与爱同行”为主题的控烟宣传活动。 社区利用电子宣传大屏、网格群等媒介播放控烟科普知识宣传片及小视频，同时以“用香烟换健康支持工具”、“用不良习惯换健康身体”为口号，组织一场“以物换物”活动，红十字志愿者给居民发放禁烟相关资料和宣传折页，医务人员为居民免费测量血压血糖，耐心讲解吸烟有害健康以及控烟禁烟的重要性，呼吁居民为了自己和家人的健康，远离烟草，从我做起。 此次宣传活动的开展，使居民群众深切认识到了吸烟的危害，提高其对国家控烟工作的认识，倡导科学、健康、文明的生活方式，提高广大群众的自我保健能力。,江苏省红十字会,未知,2024-01-31 00:00:00,http://www.jsredcross.org.cn/a/xinwendongtai/gedidongtai/2024/0131/46193.html,未知,控烟、戒烟,中性,未知
20240101318,区人大常委会调研烟草专卖管理工作,title: 区人大常委会调研烟草专卖管理工作 summary: 近日，区人大常委会副主任刘荐华率队调研烟草专卖管理工作，并召开座谈会。要强化烟草销售监管工作，合力预防和制止未成年人吸烟，共同守护未成年人健康成长。要加强与部门、镇街的交流，在工作思路、发展方向上形成合力，共同推动地方经济发展。 content: 近日，区人大常委会副主任刘荐华率队调研烟草专卖管理工作，并召开座谈会。 据了解，渝北区烟草专卖局（分公司）承担渝北辖区烟草专卖和销售双重职能。今年以来，该局深入开展“利剑断链”专项整治行动，查获假烟、走私烟案件33起，查获假私烟合计122万余支；制定出台《烟草专卖零售点合理布局规划》，严把卷烟零售准入关口，对申请、受理、实地核查环节实行审查加复核；综合运用“总量+间距”的零售点布局模式，严格控制电子烟零售点数量，确保辖区电子烟市场有序可控等。 调研组对渝北区烟草专卖局（分公司）在数字烟草建设、履行控烟履约职责、加强保护未成年人等方面所做的工作，以及为民生就业、财政税收作出的积极贡献表示充分肯定。与会人员围绕打击非法贸易、严格许可证管理、加强电子烟监管等方面建言献策。 就做好下一步工作，调研组强调，要进一步依法规范履职，落实好服务与监管职能，营造良好的营商环境；要强化烟草销售监管工作，合力预防和制止未成年人吸烟，共同守护未成年人健康成长；要加大普法宣传力度，牢记烟草专卖法立法宗旨，切实维护国家和消费者利益；要加强与部门、镇街的交流，在工作思路、发展方向上形成合力，共同推动地方经济发展。,重庆市渝北区人大常委,熊菲,2024-01-31 00:00:00,http://www.cqybrd.gov.cn/content/202401/31/c_29447.html,未知,控烟,正面,未知
20240101325,歙县溪头镇开展“无烟佳节 与爱同行”系列宣传活动,title: 歙县溪头镇开展“无烟佳节 与爱同行”系列宣传活动 content: 为进一步营造无烟佳节的氛围，引导群众践行文明健康绿色环保的生活方式，连日来，歙县溪头镇开展“无烟佳节 与爱同行”主题系列宣传活动。 集中收看禁烟公益视频。溪头镇利用每周工作例会集中收看“无烟家庭 与爱同行”公益宣传片。宣传片旨在引导全镇干部职工认识到吸烟的危害，为了自己和他人的健康，营造良好的生活环境。 无烟宣传进校园。溪头镇卫生院联合镇中心学校，给学生们上了一节无烟健康教育课。工作人员围绕烟草、电子烟对青少年的危害等知识进行了详细讲解，警示学生在思想上、心理上、行动上认清烟草、电子烟的“真面目”，不猎奇、不跟风、不沾染，坚决向烟草说“不”。 无烟宣传走村入户。镇工作人员通过入户走访、发放戒烟科普宣传单页，向群众讲述我国烟民数量、吸烟现状及二手烟对人体的危害。同时，号召群众一起行动，大力弘扬无烟健康过节文化，倡导不吸烟、不敬烟、不送烟。累计发放宣传单页500余份。 通过系列活动的开展，不仅提高了群众对控烟的意识，也让大家认识到吸烟对人体的危害，从身边的小事做起，为创建无烟环境贡献自己的力量。 （一审：胡敏 二审：焦莹 三审：程薇）,黄山文明网,胡雪,2024-01-31 00:00:00,http://hs.wenming.cn/wmcj/nccj/202401/t20240131_8416143.shtml,未知,戒烟、控烟,正面,未知
20240101337,金寨县麻埠镇开展“无烟佳节 与爱同行”宣传活动,title: 金寨县麻埠镇开展“无烟佳节 与爱同行”宣传活动 content: 近日，麻埠镇在桂花村农民文化乐园开展 “无烟佳节 与爱同行”专项宣传活动。 活动紧紧围绕 “无烟佳节 与爱同行”这一主题，设立宣传台，拉宣传横幅，张贴宣传海报，印制控烟手册和文明过年倡议书。邀请镇卫生院保健科执业医师，从生理、心理方面介绍吸烟对身体的影响，让群众全面了解吸烟的危害，让人们了解到吸烟是百害而无一利的，是一种不健康的生活习惯，引导群众践行文明健康绿色环保生活方式，营造春节无烟氛围。 活动中对一些 “老烟民”从专业角度进行戒烟指导，公布戒烟门诊电话，发放戒烟手册 200 余份及健康知识宣传单 500 余份，倡导春节期间亲友相互不送烟、不收烟，在家中及公共场合不抽烟等，共同营造良好的无烟佳节氛围。 与此同时，政府、各村、镇直单位也利用文明实践和文化进万家活动，开展相应的 “无烟佳节 与爱同行”宣传，在户外大屏上播放宣传小视频，营造无烟党政机关、无烟医疗卫生机构、无烟家庭、无烟学校等无烟环境。实验学校把控烟宣传作为放假前最后一节课、假期教育等，引导学生充分认识烟草危害，了解控烟核心知识，帮助青少年树立“拒吸第一支烟，做无烟新一代”的理念。,六安文明网,未知,2024-01-31 00:00:00,http://la.wenming.cn/xsdwmsjzx/202401/t20240131_8416439.htm,未知,控烟、戒烟,正面,未知
20240101345,营造无烟氛围 共度健康佳节,title: 营造无烟氛围 共度健康佳节 content: 1月30日，市卫生健康局联合多部门在市人民广场开展“无烟佳节 与爱同行”主题宣传活动，进一步提高群众对吸烟有害健康的认识，倡导大家践行文明健康、绿色环保生活方式，营造新春佳节无烟氛围。 在活动现场，工作人员通过讲解、发放戒烟科普宣传资料等形式，向过往群众宣传普及吸烟的危害、戒烟的益处以及如何科学戒烟等知识，大力弘扬无烟健康过节文化。 市民 黄阿姨：“大力支持控烟行为，我要多带几份材料回家给儿子、老公、邻居看看，（让他们知道）吸烟会有害身体健康。” 通过活动，进一步提升群众戒烟意愿，引导大家养成健康的生活方式和生活习惯，树立每个人是自己健康第一责任人的理念，倡导过节不吸烟、不敬烟、不送烟，“对二手烟说不”，共度无烟健康佳节。 市计划生育协会专职副会长 冯静姬：“我们会持续开展无烟党政机关建设巩固提升活动、控烟健康教育活动、戒烟咨询服务等多种形式的活动，给广大群众营造一个无烟、清洁、健康的工作生活环境。” 当天，工作人员还向群众普及了预防非职业性一氧化碳中毒安全常识以及医保相关知识，免费提供量血压、测血糖、健康咨询等多项服务，普及健康知识，传播健康理念。 记者 欧炎梅 见习生 盘佰承,岑溪新闻网,未知,2024-01-31 00:00:00,http://www.cenxinews.com/content/2024-01/31/content_99632.htm,未知,戒烟、控烟,中性,未知
20240101352,当前位置:威海文明网 - 美德健康新生活・移风易俗 - 文登区杏坛社区开展“无烟佳节，与爱同行”控烟活动,"title: 当前位置:威海文明网 - 美德健康新生活・移风易俗 - 文登区杏坛社区开展“无烟佳节，与爱同行”控烟活动 content: 为深化近邻党建工作，全面提升党建引领社区基层治理能力，引导广大居民朋友践行文明健康绿色环保生活方式，积极培育社会主义核心价值观，营造无烟氛围，共度无烟健康佳节。近日，杏坛社区党委在新时代文明实践站开展了“无烟佳节与爱同行”控烟宣传活动。 禁烟从自身做起 共创建无烟环境 工作人员通过PPT课件,对烟民数量、吸烟现状、烟民向低龄化发展趋势以及二手烟对人体的危害等方面进行了讲述，引导社区居民不吸烟、主动戒烟，主动做控烟的宣传者和倡导者。一是从自身做起，自觉遵守公共场所禁止吸烟的规定，在有“禁止吸烟”标志的场所不吸烟；二是在家人面前不吸烟，做戒烟先锋；三是带头戒烟，并劝说身边的家人朋友戒烟；四是发现在禁止吸烟的场所内吸烟者，及时主动劝阻，共同营造健康无烟环境。 线上线下齐发力 织密居民防护网 同时，工作人员还宣读了关于禁烟的相关规定，通过到辖区发放戒烟科普宣传页，讲解吸烟和二手烟的危害，提升居民戒烟意愿，引导居民养成健康的生活习惯，号召居民朋友们行动起来，倡导居民过节不吸烟、不敬烟、不送烟，“对二手烟说不”，共度无烟健康佳节。 通过此次活动，不仅提高了辖区居民控烟的意识，也让大家认识到吸烟对人体的危害，纷纷表示都要参加到控烟宣传活动中来。下一步，杏坛社区党委将坚持党建引领，进一步丰富控烟教育宣传形式，提高居民对烟草危害的认识，从身边的小事做起，为创建无烟环境贡献自己的力量。",威海文明网,未知,2024-01-31 00:00:00,http://wh.wenming.cn/zyfuwu2/202401/t20240131_8415992.htm,未知,控烟、戒烟,正面,未知
20240101359,蓉城镇：开展“无烟佳节 与爱同行”——控烟健康教育宣传活动,title: 蓉城镇：开展“无烟佳节 与爱同行”——控烟健康教育宣传活动 summary: 蓉城镇：开展无烟佳节与爱同行——控烟健康教育宣传活动为进一步推动控烟工作开展，引导群众践行文明健康绿色环保的生活方式，营造节前无烟氛围，共度无烟健康佳节，蓉城镇积极开展无烟佳节与爱同行为主题的健康教育宣传活动。 content: 为进一步推动控烟工作开展，引导群众践行文明健康绿色环保的生活方式，营造节前无烟氛围，共度无烟健康佳节，蓉城镇积极开展“无烟佳节 与爱同行”为主题的健康教育宣传活动。 一是通过志愿者上门走访宣传的方式，发出“无烟佳节 与爱同行”的倡议，积极向居民宣讲吸烟与被动吸烟造成的危害，让更多的居民重视吸烟对健康的危害，引导居民养成健康的生活习惯。 二是积极开展主题讲座，与居民进行问答互动等形式开展健康知识宣传，以鲜明的主题、活泼的形式和丰富的内容让居民们了解控烟知识，意识到吸烟不仅是对环境的破坏，还是对身边人的一种伤害，使他们懂得吸烟的害处并主动规劝亲人戒烟、禁烟，共同营造健康良好的无烟环境。 ​ 三是在辖区内张贴海报，通过悬挂横幅、发放吸烟的危害手册、健康素养66条手册、健康宣传品等，向广大群众科普吸烟对身体的危害和戒烟小技巧，号召广大居民一起行动。同时开展捡烟头积分兑换活动，捡起“小烟头” 拾起“大文明”，用小行动引领新风尚，切实增强辖区居民的文明控烟意识，树立科学文明的生活方式，大力弘扬无烟健康过节文化，倡导过节不吸烟、不敬烟、不送烟，拒绝二手烟，共度无烟健康佳节。 此次宣传活动，共发放健康宣传手册、海报500余份，宣传手提袋200余个，健康宣传品共500余份。线上和线下相结合形式，收到了良好的宣传效果，让更多人认识到烟草对健康的危害，对“吸烟”和“被动吸烟”说不，共创共享无烟环境。 来源：蓉城镇 图文编辑：郑瑞琪 责任编辑：汪奇 审核：杨亮 青阳县融媒体中心,青阳县广播电视台,未知,2024-01-31 00:00:00,http://lx-qy.cn/index.php?id=15397,未知,控烟、戒烟,正面,未知
20240101366,溆浦公安交警积极宣传无烟日活动,title: 溆浦公安交警积极宣传无烟日活动 summary: 通讯员：屈小莹）5月31日是第35个世界无烟日，溆浦交警在洛阳桥广场开展人人参与控烟活动共创健康无烟环境的世界无烟日宣传活动，告知广大交通参与者开车抽烟的危害。活动中，民警采取悬挂宣传横幅、摆放宣传展板、发放宣传资料等多种方式，广泛宣传吸烟的危害。溆浦公安交警积极宣传无烟日活动。 content: 溆浦公安交警积极宣传无烟日活动 怀化新闻网讯 （通讯员：屈小莹）5月31日是第35个世界无烟日，溆浦交警在洛阳桥广场开展“人人参与控烟活动 共创健康无烟环境”的世界无烟日宣传活动，告知广大交通参与者开车抽烟的危害。 活动中，民警采取悬挂宣传横幅、摆放宣传展板、发放宣传资料等多种方式，广泛宣传吸烟的危害。民警紧密契合无烟主题宣传，结合实际案例，重点对驾车或行走过程中常见的吸烟、打电话等容易分散注意力的行为危害性进行了详细讲解，使群众真切感受到每一个生活细节都关乎交通安全，只有养成良好的生活习惯，才能有效杜绝各类安全隐患。通过此次活动，进一步提高了社会对吸烟危害的认识，受到现场群众的一致好评。 溆浦公安交警积极宣传无烟日活动,怀化新闻网,未知,2024-01-30 23:59:26,http://www.0745news.cn/folder3287/folder2068/folder2/folder20/folder24/2022-05-31/670299.html,未知,控烟,正面,未知
20240101373,沅陵县开展第35个世界无烟日宣传活动,title: 沅陵县开展第35个世界无烟日宣传活动 summary: 向英廉梅林陈福海）烟草威胁环境是第35个世界无烟日宣传主题。据统计，全县各宣传场点累计向居民发放控烟、健康生活方式等宣传资料11种，共计5200余份/册，发放健康生活方式支持工具200份，现场义诊居民2100余人。 content: 怀化新闻网讯（向英 廉梅林 陈福海）“烟草威胁环境”是第35个世界无烟日宣传主题。5月31日上午，县爱卫办、卫健局和疾控中心组织开展了覆盖全县的世界无烟日宣传活动，参加活动的有各乡镇卫生院，县直医疗卫生单位。县人民医院、南方医院派出医护人员和专家参加了活动 活动场所分为两大部分，一是城区集中开展宣传，由县爱卫办、卫健局组织县直医疗卫生单位在太安新区举办大型宣传义诊活动。二是由县疾控中心组织指导各乡镇卫生院在当地开展活动。 活动主要通过悬挂“烟草威胁环境”主题横幅、制作宣传展板、发放宣传资料、开展现场义诊形式，向全居民传播控烟核心信息，宣传烟草威胁环境，吸烟有害健康的科普知识。活动期间，县电视台每天播放无烟公益广告进行宣传，通过这些宣传形式在全县营造吸烟有害健康，积极倡导与践行健康生活方式的良好氛围。 活动还就预防野生蘑菇中毒内容开展了宣传，通过图片展板向居民展出毒蘑菇的种类与识别方法，提醒居不做到“不采、不买、不卖野生蘑菇”，防止食源性疾病发生。 据统计，全县各宣传场点累计向居民发放控烟、健康生活方式等宣传资料11种，共计5200余份/册，发放健康生活方式支持工具200份，现场义诊居民2100余人。,怀化新闻网,未知,2024-01-30 23:59:26,http://www.0745news.cn/folder3287/folder2068/folder2/folder20/folder22/2022-05-31/670278.html,未知,控烟,正面,未知
20240101387,福建公布中学生吸烟调查：132.7万中学生正在受到二手烟的危害,title: 福建公布中学生吸烟调查：132.7万中学生正在受到二手烟的危害 summary: 本网记者冯川叶）2023年5月31日是第36个世界无烟日，今年的活动主题为无烟为成长护航。今日上午，由福建省卫生健康委员会、福州市卫生健康委员会主办，福建省疾病预防控制中心、福州市疾病预防控制中心携手福建卫生职业技术学院承办的第36个世界无烟日宣传活动于31日上午在福建卫生职业技术学院开展。 content: 东南网5月31日讯（本网记者 冯川叶 ）2023年5月31日是第36个世界无烟日，今年的活动主题为“无烟 为成长护航”。今日上午，由福建省卫生健康委员会、福州市卫生健康委员会主办，福建省疾病预防控制中心、福州市疾病预防控制中心携手福建卫生职业技术学院承办的第36个“世界无烟日”宣传活动于31日上午在福建卫生职业技术学院开展。 本次活动围绕“青少年烟草危害”开展进学校现场活动，内容包括发布2021年福建省中学生吸烟率调查结果，公布2023年“戒烟我能”视频征集活动获奖结果，福建卫生职业技术学院介绍无烟学校创建经验，医生和学生代表发出控烟倡议，控烟专题节目展演以及控烟宣传展板展示、控烟科普讲座、有奖闯关游戏和资料发放等。通过营造控烟氛围，进一步增强广大学生控烟意识。 烟草危害是当今世界严重的公共卫生问题之一。烟草危害累及身体的每一个器官，可导致疾病、死亡和残疾。世界卫生组织将烟草依赖列为一种慢性成瘾性疾病。在我国目前吸烟人数超过3亿，有7.4亿非吸烟人群遭受二手烟危害。每年有100多万人死于吸烟相关疾病，约10万人死于二手烟暴露导致的相关疾病。 最新调查数据显示，2021年，福建省中学生现在吸卷烟的比例为2.9%（约 7.6 万人），吸电子烟的比例为2.7%（约7.1 万人），与2019年相比，吸卷烟比例下降了1.4个百分点，吸电子烟比例上升了0.6个百分点，吸电子烟成为影响青少年健康的一个重要问题。尝试过吸卷烟和电子烟的比例分别为15.2%和20.5%。调查显示，中学生在家、室内公共场所、室外公共场所或公共交通工具上接触二手烟的比例为51.1%，也就是说，福建省有 132.7万中学生正在受到二手烟的危害。在对烟草的认知中，有三成的中学生认为吸二手烟不会对健康有害，还有四分之一的学生认为吸电子烟不会上瘾。因此，加大烟草危害宣传力度，传播控烟知识，提高公众特别是学生对烟草危害的认识迫在眉睫。 近年来，福建省积极调整防控策略，逐步加大控烟传播和控烟干预力度，统筹开展全省控烟工作。建设无烟支持性环境。政府、学校和社区加强联动，共建无烟环境，包括无烟医疗卫生机构、无烟党政机关、无烟学校、无烟家庭等。近10年来，利用健康素养与控烟履约项目，依托各级医院，福建省建设了一批戒烟门诊服务。截至目前，全省已有31家医院开展了戒烟门诊项目建设，服务范围覆盖全省9个设区市。为戒烟人群提供科学的戒烟指导与服务。福建省持续开展系列控烟科普宣传活动，通过控烟公益广告、科普视频、讲座、“拒吸第一支烟”签名、“小手拉大手”、绘画比赛和“戒烟我能”短视频比赛等系列活动，提升公众对烟草危害的认知，营造良好控烟氛围，为实现“健康福建2030”提出的控烟目标打下基础。,中国二手网,未知,2024-01-30 22:21:34,http://news.eosoo.cn/20230716/3056422.html,未知,戒烟、控烟,中性,未知
20240101402,健康为主题的创意画今日健康健康生活简笔画,title: 健康为主题的创意画今日健康健康生活简笔画 summary: 健康为主题的创意画今日健康健康生活简笔画经由过程此次绘画教诲宣扬昔日安康昔日安康，进一步进步了孩子们对抽烟风险安康的熟悉，让全校师生自发建立禁烟认识安康糊口简笔划，养成优良安康的糊口方法，自发保护公开场合的无烟情况安康糊口简笔划，一同营建无烟校园。 content: 经由过程此次绘画教诲宣扬昔日安康昔日安康，进一步进步了孩子们对抽烟风险安康的熟悉，让全校师生自发建立禁烟认识安康糊口简笔划，养成优良安康的糊口方法，自发保护公开场合的无烟情况安康糊口简笔划，一同营建无烟校园 经由过程此次绘画教诲宣扬昔日安康昔日安康，进一步进步了孩子们对抽烟风险安康的熟悉，让全校师生自发建立禁烟认识安康糊口简笔划，养成优良安康的糊口方法，自发保护公开场合的无烟情况安康糊口简笔划，一同营建无烟校园。 为提高烟草风险常识，进步全校师生对控烟事情的熟悉安康糊口简笔划，阔别烟草带来的风险昔日安康，营建一个安康、干净、无烟的情况。在5月31日天下无烟日到来之际安康糊口简笔划，五里桥小学展开“文化安康 有你有我天下无烟日”主题绘画教诲宣扬举动。 此次举动吸收了很多门生主动到场，各人从本身视角动身，用画笔描画无烟天下的美妙昔日安康，展示抽烟的风险与控烟动作的紧急，画作主题明显、内容丰硕、布满设想力，进步了同窗们对抽烟和吸二手烟风险的认知，配合打造“无烟校园”。最初，孩子们还能把控烟常识带回家，向身旁的晚辈宣扬“天下无烟日”和抽烟的风险。 举动开端前，黉舍教师向门生们解说了传统烟草和近两年新兴的电子烟对人体的风险。解说完以后，门生们满怀热情，用手中的画笔停止创作，在画纸上阐扬着本人的设想昔日安康，表达心中对烟草风险的熟悉，提倡“无烟校园”， 配合营建优良、安康的校园情况安康糊口简笔划。,中医养生网,未知,2024-01-30 22:11:26,http://www.yangcn.net/lmy-5/26435.html,未知,控烟,正面,未知
20240101409,无烟佳节、与爱同行！咸安区开展控烟宣传活动,title: 无烟佳节、与爱同行！咸安区开展控烟宣传活动 summary: 无烟佳节、与爱同行！活动现场，工作人员通过发放控烟戒烟宣传知识彩页、陈列控烟戒烟展板等方式，用通俗易懂的语言，从吸烟的危害、吸烟背后的心理因素、替代疗法等方面，向往来的市民进行讲解，让广大市民知晓控烟戒烟的重要性，引导烟民把健康知识转变为健康行为，主动戒烟。 content: 本报记者 王恬 通讯员 刘维1月26日上午，咸安区疾控中心举办“无烟佳节 与爱同行”宣传活动，引导群众自觉践行文明健康绿色环保生活方式，共同营造春节健康无烟环境。“阿姨，您把资料带回家去，把控烟的好处对家人、邻居多讲讲，吸烟对自己和周围人都有害处，尽量不抽的好。”活动现场，工作人员通过发放控烟戒烟宣传知识彩页、陈列控烟戒烟展板等方式，用通俗易懂的语言，从吸烟的危害、吸烟背后的心理因素、替代“疗法”等方面，向往来的市民进行讲解，让广大市民知晓控烟戒烟的重要性，引导烟民把健康知识转变为健康行为，主动戒烟，为青少年健康成长作表率，一起共建共享健康绿色的生活环境。 随后，在工作人员倡导下，不少市民纷纷在“无烟佳节 与爱同行”倡议墙上签下承诺。此外，现场还为居民们提供免费的戒烟咨询服务和健康检查服务等，帮助居民提高戒烟成功率，实现居民戒烟服务“零”距离。通过这次活动，市民纷纷表示，将当好自己健康的第一责任人，过节期间不送烟、不吸烟、不敬烟，主动做控烟宣传者、倡导者，从自身做起、从现在做起，追求文明健康的生活方式，并为孩子营造健康温馨的港湾。“烟草依赖是一种慢性疾病，吸烟和二手烟问题严重危害人类健康。除了此次活动外，我们还开展了无烟党政机关建设、无烟学校建设等，以群众喜闻乐见的方式，让更多群众参与到控烟、戒烟行动中来，主动培养不吸烟的良好生活习惯，多措并举构筑控烟防护网，让健康生活相伴。”咸安区疾控中心相关负责人说。责编：张敏,腾讯网,咸宁新闻网企鹅号,2024-01-30 20:54:27,http://new.qq.com/rain/a/20240130A08L1900,未知,控烟、控烟戒烟、戒烟,正面,未知
20240101424,通榆北村社区开展“无烟佳节 与爱同行”主题网格活动,title: 通榆北村社区开展“无烟佳节 与爱同行”主题网格活动 content: 春节即将来临，为引导群众践行文明健康绿色环保生活方式，更好地推广控烟理念、倡导“无烟环境”建设，促进公众减少烟草使用行为，营造良好的控烟氛围。1月30日，通榆北村社区联合通榆北村关工委开展以“无烟佳节、与爱同行”为主题的网格活动。 此次活动，网格员们向过往居民普及烟草对健康的危害以及如何科学戒烟等常识，旨在引导社区居民践行文明健康、绿色环保的生活方式，树立健康向上的社会风尚，增强了居民群众对烟草危害的认识，营造了全社会支持控烟的良好氛围，为共建无烟环境打下了良好基础。 （王李）,盐城新闻网,未知,2024-01-30 17:12:00,http://www.ycnews.cn/p/821516.html,未知,控烟、戒烟,正面,未知
20240101431,仙桃市沔阳路社区联合辖区第三中学开展“控烟禁烟”宣传教育活动,title: 仙桃市沔阳路社区联合辖区第三中学开展“控烟禁烟”宣传教育活动 summary: 仙桃市沔阳路社区联合辖区第三中学开展控烟禁烟宣传教育活动1月26日，仙桃市沔阳路社区联合仙桃市第三中学对青少年开展控烟禁烟宣传教育活动。 content: 1月26日，仙桃市沔阳路社区联合仙桃市第三中学对青少年开展“控烟禁烟”宣传教育活动。 活动现场合影 活动中，该社区工作人员通过健康教育课的形式，对全校师生进行控烟知识的宣传教育，并要求青少年在红色横幅上写上“拒吸一支烟，做新一代无烟人”的誓言。 同时，工作人员向第三中学的学生们详细讲解吸烟和被动吸烟的危害，科普了吸烟导致的疾病类型和吸烟带来的空气污染，并向第三中学的学生发放有关吸烟危害和如何控烟、戒烟等相关资料，帮助青少年了解吸烟与慢性病的关系、戒烟的好处、戒烟的科学方法、如何克服对吸烟的渴望、怎样防止戒烟后复吸等控烟戒烟常识。同时，工作人员呼吁在场青少年劝告身边的人远离香烟的侵害，帮助身边人养成健康生活习惯。 工作人员向青少年讲解吸烟的危害 据悉，此次活动旨在增强青少年的控烟意识和法规意识，进一步提高青少年对吸烟危害的认识了解，营造健康、清洁、无烟的社区环境。 青少年纷纷表示，要用实际行动带动身边的家人朋友远离香烟，为营造健康社区环境出一份力，为建设和谐家庭、和谐社会创造美好氛围。（来源：仙桃市干河街道沔阳路社区 通讯员刘莉）,今日湖北,未知,2024-01-30 16:55:03,http://www.hubeitoday.com.cn/post/5/174538,未知,控烟、戒烟、控烟戒烟,正面,未知
20240101438,鹿爱卫办〔2024〕1号鹿寨县爱卫办关于做好“无烟佳节与爱同行”活动的通知,"title: 鹿爱卫办〔2024〕1号鹿寨县爱卫办关于做好“无烟佳节与爱同行”活动的通知 summary: 鹿爱卫办〔2024〕1号鹿寨县爱卫办关于做好无烟佳节与爱同行活动的通知关于做好无烟佳节与爱同行活动的通知。二是县疾控中心要联合戒烟门诊医院组织戒烟服务专家走进基层社区和单位，通过发放戒烟科普宣传手册，讲解吸烟和二手烟的危害，提升居民戒烟意愿，引导居民养成健康的生活方式和生活习惯。 content: 关于做好“无烟佳节与爱同行”活动的通知 鹿爱卫办〔2024〕1号 各有关单位： 根据《柳州市卫生健康委员会关于做好“无烟佳节与爱同行”活动的通知》要求，我县将组织开展“无烟佳节 与爱同行”控烟活动。为做好相关工作，现就有关事项通知如下： 一、活动主题 无烟佳节与爱同行。 二、活动内容 （一）开展无烟党政机关建设巩固提升活动。2023年是中共中央办公厅、国务院办公厅《关于领导干部带头在公共场所禁烟有关事项的通知》印发10周年。各单位要结合卫生城镇创建、精神文明建设等工作，深入开展无烟党政机关建设成果巩固提升活动。按照《无烟党政机关建设指南》要求，认真开展自查自纠，积极开展无烟党政机关巩固成效评估，对自查自纠及成效评估中发现的问题及时进行整改，持续巩固建设成果；机关单位要在机关内部开展全方位、多角度的控烟宣传教育，引导干部不吸烟、主动戒烟，主动做控烟宣传者和倡导者；要对无烟党政机关建设巩固工作中形成的好经验、好做法进行总结推广，推动各机关单位、行业系统控烟工作取得实效。 （二）开展控烟健康教育活动。县卫生健康局要积极联合当地教育、妇联、计生协等相关部门，巩固无烟学校建设成果，加强无烟家庭建设，推动控烟工作向学校和家庭延伸，努力营造健康文明育人环境，保护青少年身心健康。要利用好中小学放假前最后一节课、假期教育等，结合青少年控烟绘画大赛优秀作品宣传，寓教于乐，加强科普，引导学生充分认识烟草烟雾和电子烟危害，了解控烟核心知识，帮助青少年树立“拒吸第一支烟，做无烟新一代”的理念。通过形式多样的控烟知识宣传，鼓励广大青少年成为学校、家庭控烟监督员，通过“小手牵大手”活动，引导家长不吸烟，主动戒烟，为青少年健康成长作表率。 （三）开展戒烟咨询服务活动。一是戒烟门诊医院（县人民医院）要按照国家戒烟门诊服务方案的要求，对照《戒烟门诊标准和评估指标》，继续在相关的科室开设戒烟门诊，配齐相关戒烟干预材料，建立院内转诊制度，根据需要将患者转诊至戒烟门诊进行强化干预。戒烟门诊医院要对本院全体医务人员进行简短戒烟技能培训，要组织专家指导基层医务人员开展戒烟服务，提升基层戒烟服务能力。二是县疾控中心要联合戒烟门诊医院组织戒烟服务专家走进基层社区和单位，通过发放戒烟科普宣传手册，讲解吸烟和二手烟的危害，提升居民戒烟意愿，引导居民养成健康的生活方式和生活习惯。各医疗卫生单位要为有戒烟意愿的群众建立戒烟档案，提供免费戒烟咨询，提高戒烟成功率，实现居民戒烟服务“零”距离。 （四）开展健康过佳节宣传活动。各单位要以春节为契机，通过宣传栏和网站、微博、微信公众号等媒体平台，利用宣传标语、视频、海报、专家访谈、网络直播等群众喜闻乐见的方式，创新开展控烟宣传活动，大力弘扬无烟健康过节文化，宣传“送烟=送危害”，引导群众树立每个人是自己健康第一责任人的理念，倡导过节不吸烟、不敬烟、不送烟，“对二手烟说不”,共度无烟健康佳节。 三、活动要求 各单位要认真研究谋划，结合本地实际，联合相关部门，紧抓春节时间节点，采取多种形式开展具有地方特色的控烟系列宣传活动，营造全民参与控烟的浓厚氛围；各乡镇卫生院、县直三家医院要结合重大节假日相关义诊活动，组织开展形式多样，群众互动性良好的控烟科普宣传，助力民众健康素养水平提升。请所有单位认真总结提炼活动中的典型经验和亮点形成工作总结、连同活动开展情况统计表、工作开展图片（2-3张）于2024年2月21日（星期三）上午下班前报送我办，我办将对活动中的典型经验和亮点做法予以宣传推广，并择优报送柳州市卫生健康委。 联系人及电话：覃微，6811245 电子邮箱：lzxawb@126.com 附件：1.柳爱卫会〔2022〕1号 关于命名柳州市无烟党政机关的决定 2.无烟党政机关建设指南 3.鹿寨县“无烟佳节与爱同行”活动开展情况统计表 鹿寨县爱国卫生运动委员会办公室 2024年1月30日 公开方式：主动公开 附件3 鹿寨县“无烟佳节与爱同行”活动开展情况统计表 单位名称 无烟单位建设巩固 控烟宣传活动 （义诊、讲座、视频直播等） 健康过佳节及控烟科普宣传 自查自纠 机关数量 （个） 开展控烟 督导巡查(次) 补充 控烟标识牌（块） 活动 开展数量 （场） 参与 活动人数（人） 发放 宣传手册、折页、传单（张） 控烟宣传 专栏 (个) 微信、微博等网络宣传(条) 电视、广播等新闻报导 (次) 报纸刊载(条) 各类媒体播放公益广告（次） 合计",鹿寨县人民政府,未知,2024-01-30 16:50:00,http://www.luzhai.gov.cn/bmjy/bmjygg/t19700101_3416557.shtml,未知,控烟、戒烟,中性,未知
20240101445,东岳镇卫生院前往东岳镇卫生院开展“无烟佳节与爱同行”控烟活动,"title: 东岳镇卫生院前往东岳镇卫生院开展“无烟佳节与爱同行”控烟活动 summary: 东岳镇卫生院前往东岳镇卫生院开展无烟佳节与爱同行控烟活动无烟世界，清新一片。1月29日上午，洪雅县东岳镇卫生院开展无废新时尚，生态全民享为主题的无烟佳节与爱同行的控烟活动。活动通过LED标语宣传，宣传资料发放，控烟视频播放，向门诊、住院患者现场宣教等形式对吸烟的危害进行了宣传、教育。审核：张文静。 content: 无烟世界，清新一片。1月29日上午，洪雅县东岳镇卫生院开展“无废新时尚，生态全民享”为主题的无烟佳节与爱同行的控烟活动。 活动通过LED标语宣传，宣传资料发放，控烟视频播放，向门诊、住院患者现场宣教等形式对吸烟的危害进行了宣传、教育。 “一支烟可以在5分钟内让空气质量下降10倍，3支烟导致的污染浓度达到或超过火灾现场的烟雾情况，而加大与吸烟者的距离并不能避免二手烟的危害。”护士张敏向患者将耐心地解释着。基层群众对于吸烟的具体危害知之甚少，为了应付医护人员，他们有时会拿着宣传单就回家了。为了让群众对吸烟的危害有更深的理解，医护人员们通过知识问答、宣讲的方式。通过加强互动，让基层群众积极加入到控烟的行列中。 此次宣传活动，共有120余人参加。发放戒烟好处多宣传资料150余份，通过宣传让广大群众了解了吸烟对自己、家人、环境的危害。同时，让群众能用科学有效的方法戒烟,迈向健康。 供稿：李钰慧 编辑：何红嵋 审核：张文静",康养洪雅,未知,2024-01-30 16:22:00,http://www.kangyanghongya.com/news/2689789,未知,控烟、戒烟,正面,未知
20240101459,天全县综合行政执法局积极开展“无烟佳节与爱同行”控烟宣传活动,title: 天全县综合行政执法局积极开展“无烟佳节与爱同行”控烟宣传活动 summary: 为扎实推动控烟工作开展，引导群众践行文明健康绿色环保生活方式，营造春节无烟氛围，1月25日上午，天全县综合行政执法局组织工作人员来到音乐广场，积极开展以无烟佳节与爱同行为主题的宣传活动。 content: 为扎实推动控烟工作开展，引导群众践行文明健康绿色环保生活方式，营造春节无烟氛围，1月25日上午，天全县综合行政执法局组织工作人员来到音乐广场，积极开展以“无烟佳节与爱同行”为主题的宣传活动。 活动现场，工作人员通过发放宣传资料、设立宣传咨询台等形式，提高居民群众对烟草危害的认识，共出动城市管理志愿者5人，发放宣传资料100余份，活动期间总受益群众近200余人。通过贴近群众的宣传形式，让更多人认识到烟草对健康的危害，进一步提高了群众对无烟生活的共同参与度，切实营造全社会支持控烟的良好氛围。 下一步，天全县综合行政执法局将继续大力宣传禁烟理念，提高广大群众对吸烟危害的认识，发动群众积极参与，营造良好的控烟舆论氛围，携手共度无烟健康佳节。,雅安市天全县人民政府,未知,2024-01-30 15:08:00,http://www.tqx.gov.cn/gongkai/show/03a6b106f27f760bcfbf55462e3d39d8.html,未知,控烟,正面,未知
20240101467,东大街东里社区开展“无烟家庭与爱同行”宣传活动,title: 东大街东里社区开展“无烟家庭与爱同行”宣传活动 summary: 东大街东里社区开展无烟家庭与爱同行宣传活动为进一步推动控烟工作，积极引导广大群众践行文明健康绿色环保生活方式，贯彻落实北京市卫生健康委员会转发《国家卫生健康委办公厅关于开展无烟佳节与爱同行活动的通知》，营造两节期间无烟氛围。 content: 为进一步推动控烟工作，积极引导广大群众践行文明健康绿色环保生活方式，贯彻落实北京市卫生健康委员会转发《国家卫生健康委办公厅关于开展“无烟佳节与爱同行”活动的通知》，营造“两节”期间无烟氛围，东大街东里社区开展“无烟佳节与爱同行”主题宣传活动 东大街东里社区工作人员向居民讲解了吸烟和被动吸烟的危害，以及在日常生活中如何提高自己的控烟戒烟意识，同时向居民大力弘扬无烟健康过节文化，倡导过节不吸烟、不敬烟、不送烟，“对二手烟说不”，共度无烟健康佳节。 附件：,北京市丰台区人民政府,未知,2024-01-30 14:03:00,http://www.bjft.gov.cn/ftq/jxdt/202401/96d0ba58897241fa94574c291bb30d44.shtml,未知,控烟、控烟戒烟,正面,未知
20240101474,吸烟与健康委员会吁政府大幅增加烟草税75%,title: 吸烟与健康委员会吁政府大幅增加烟草税75% content: 新一份《财政预算案》将於2月28日公布，吸烟与健康委员会促请政府大幅增加烟草税75%，令烟草税占零售烟价，达世卫建议的七成半，并在随後每年检视及按通胀增加烟草税，以推动吸烟人士戒烟，保障市民免受烟草危害。该会总干事黎慧贤表示，即使政府去年2月增加烟草税，但烟草商过去几年多次提高烟价，现时烟草税只占零售价格约64.3%，水平较世卫建议为低，窒碍控烟成效，情况未如理想。(da/a)~,深圳智通财经,智通财经,2024-01-30 13:32:18,http://www.zhitongcaijing.com/content/detail/1064115.html,未知,戒烟、控烟,中性,未知
20240101482,吸煙與健康委員會籲政府大幅增加煙草稅75%,title: 吸煙與健康委員會籲政府大幅增加煙草稅75% summary: 吸煙與健康委員 會籲政府大幅增加煙草稅75%新一份《財政預算案》將於2月28日公布，吸煙與健康委員 會促請政府大幅增加煙草稅75%，令煙草稅佔零售煙 價，達世衛建議的七成半，並在隨後每年檢視及按通脹增加煙草稅，以推動吸煙人士戒煙，保障市民免受煙草危害。 content: 新一份《財政預算案》將於2月28日公布，吸煙與健康委員會促請政府大幅增加煙草稅75%，令煙草稅佔零售煙價，達世衛建議的七成半，並在隨後每年檢視及按通脹增加煙草稅，以推動吸煙人士戒煙，保障市民免受煙草危害。 該會總幹事黎慧賢表示，即使政府去年2月增加煙草稅，但煙草商過去幾年多次提高煙價，現時煙草稅只佔零售價格約64.3%，水平較世衞建議為低，窒礙控煙成效，情況未如理想。(da/a),阿斯达克财经,未知,2024-01-30 13:32:00,http://www.aastocks.com/tc/stocks/news/aafn-con/NOW.1323463/latest-news/AAFN,未知,戒煙、控煙,中性,未知
20240101503,金水区经八路街道办事处开展“无烟佳节 与爱同行”健康宣传活动,title: 金水区经八路街道办事处开展“无烟佳节 与爱同行”健康宣传活动 summary: 1月26日上午，郑州市金水区经八路街道办事处城市管理办公室联合文联社区，在经纬市集开展以无烟佳节与爱同行为主题的健康宣传活动，进一步引导广大居民践行文明、健康、绿色、环保的生活方式，营造无烟春节氛围，共度无烟健康佳节。 content: 中原网讯 (记者 于露 通讯员 张娟) 1月26日上午，郑州市金水区经八路街道办事处城市管理办公室联合文联社区，在经纬市集开展以“无烟佳节 与爱同行”为主题的健康宣传活动，进一步引导广大居民践行文明、健康、绿色、环保的生活方式，营造无烟春节氛围，共度无烟健康佳节。 ​ 活动现场，志愿者拉起宣传横幅，向过往群众发放控烟宣传材料《拒绝烟草、珍爱生命》，宣讲《郑州市公共场所禁止吸烟条例》，大力倡导“自己是健康的第一责任人”理念，做到过节不吸烟、不敬烟、不送烟，“对二手烟说不”，共度无烟健康佳节。参与活动的市民纷纷表示一定遵守相关法律法规，为家人做好表率，共同建设无烟环境。同时，通过LED屏幕播放禁烟控烟宣传视频、微信转发禁烟控烟宣传资料等线上形式开展宣传活动。 街道联合经八路社区卫生服务中心医生开展现场义诊，为居民免费测量血压，检测血糖，提供个性化的健康建议，以鼓励他们养成良好的卫生习惯，耐心细致地向居民们介绍吸烟与慢性病的关系，戒烟的好处以及科学戒烟方法，共创健康家园。 通过本次宣传活动对创造无烟、洁净、健康的生活工作环境和居住环境，对维护广大居民的健康起到积极的促进作用。下一步，经八路街道办事处将进一步丰富控烟教育宣传形式，提高居民对烟草危害的认识，引导居民养成健康文明的生活方式，共同营造一个无烟、健康、绿色、和谐的节日氛围。,中原网,未知,2024-01-30 11:48:59,http://news.zynews.cn/zwspecial/2024/01/30/114393.html,未知,控烟、戒烟,正面,未知
20240101511,无烟佳节 与爱同行——芳庭居委会开展创卫控烟健康进校园教育活动,title: 无烟佳节 与爱同行——芳庭居委会开展创卫控烟健康进校园教育活动 content: 为进一步推动创卫控烟工作，营造无烟氛围，创造无烟环境，近日芳庭居委会计生协联合公园万象幼儿园于寒假前开展“无烟佳节 与爱同行”健康教育活动，组织小朋友同家长一起参与无烟、禁烟小剧场，积极促进无烟家庭、无烟学校建设。 活动第一个环节，居委会工作人员依托课堂，为小朋友播放禁烟控烟动画片，通过动画片的形式生动分析了吸烟及被动吸烟的危害，大家认识了禁烟标贴和禁烟宣传口号，在了解烟草的危害及禁烟重大意义后，小朋友们纷纷表示要远离香烟，还要劝说父母、亲人等远离烟草。活动第二个环节由小朋友和家长一起参与无烟小剧场活动，大家角色互换，感受彼此对抽烟、禁烟的立场与态度，家长们纷纷表示要加入到“创建卫生无烟校园”的队伍中来。老师们同时利用班级微信群向家长转发《控烟宣传致家长的一封信》，小手拉大手，倡导家长戒烟控烟，不让孩子吸二手烟。 此次活动，进一步增强了辖区居民禁烟控烟意识，提高了对“吸烟有害健康”的认知，更加深刻地认识到烟草的危害。从而营造控烟的良好氛围，为共建无烟环境、共享健康生活，推动创卫工作打下良好的基础。（邵媛）,社区融,未知,2024-01-30 10:59:09,http://sqr.ahnews.com.cn/news/2024/01/30/c_470076.htm,未知,控烟、戒烟控烟,正面,未知
20240101518,望城街道：“无烟佳节·与爱同行”宣传活动,title: 望城街道：“无烟佳节·与爱同行”宣传活动 content: 为进一步推动控烟工作开展，持续巩固创卫成果，引导群众践行文明健康绿色环保生活方式，营造春节健康无烟氛围，望城街道多措并举开展“无烟佳节、与爱同行”专项宣传活动。 筑牢无烟“保障堤”，禁烟控烟从自身做起。 望城街道工作人员从自身做起，主动戒烟、不吸烟，在社区出入口、显眼处张贴禁烟标识，室内区域全面禁止吸烟，共同维护无烟环境，并开展自查自纠，发现问题及时整改到位，主动做控烟宣传者和倡导者，向身边家人朋友进行无烟宣传，将禁烟控烟宣传延伸到每一户家庭。 织密居民“保护网”，线上线下共宣传。 通过线上+线下共同宣传的方式，营造浓厚控烟氛围：线上，通过微信群转发宣传控烟科普知识宣传片及小视频，从“什么是一手烟、二手烟、三手烟；烟草中含有哪些致癌物质、有毒物质；吸烟对人体会有什么危害；拒绝香烟、珍爱生命、从我做起”等方面了解吸烟带来的危害，倡导大家共同创建无烟家庭，营造积极健康的生活理念。线下，志愿者们在辖区内门店和公共场所醒目位置张贴禁烟标识，通过给居民发放宣传彩页、禁烟年画的方式，用通俗易懂的语言耐心讲解吸烟有害健康以及控烟禁烟的重要性，呼吁居民为了自己和家人的健康，增强控烟的自觉性和社会责任感。 撑起健康“防护伞”，科普教育进校园。 为帮助少年儿童树立“拒吸第一支烟，做无烟新一代”的理念，鼓励广大少年儿童成为学校、家庭控烟监督员，促进无烟学校、无烟家庭建设。望城街道组织志愿者在幼儿园开展禁烟控烟科普宣传活动，用简单易记的顺口溜、形象生动的动画让小朋友们充分认识到烟草对人类健康的危害，鼓励小朋友们积极争当“小小控烟监督员”。 科学、健康的文明生活方式不仅能够提高广大群众的自我保健能力，还能营造“人人懂、人人动”的爱国卫生运动氛围。望城街道将继续通过群众喜闻乐见的方式，大力弘扬无烟健康过节文化，倡导过节不吸烟、不敬烟、不送烟，“对二手烟说不”，共度无烟健康佳节。（胡月光）,六安生活安徽网六安频道,未知,2024-01-30 10:58:00,http://luan.ahwang.cn/zixun/20240130/2633457.html,未知,控烟、戒烟,中性,未知
20240101525,防范未“燃”始于心 消防安全践于行 光山县人民医院开展“今冬明春”消防安全知识培训、消防安全疏散演练暨控烟知识培训,title: 防范未“燃”始于心 消防安全践于行 光山县人民医院开展“今冬明春”消防安全知识培训、消防安全疏散演练暨控烟知识培训 summary: 防范未燃始于心消防安全践于行光山县人民医院开展今冬明春消防安全知识培训、消防安全疏散演练暨控烟知识培训1月29日下午，光山县人民医院特邀南阳市消防技术协会曾凡义老师来院，在行政楼三楼报告厅开展了消防安全培训演练活动。 content: 1月29日下午，光山县人民医院特邀南阳市消防技术协会曾凡义老师来院，在行政楼三楼报告厅开展了消防安全培训演练活动。医院领导、中层干部、重点科室人员以及规培学员参加培训和演练，旨在提高医院干部职工的消防安全知识及逃生灭火技能，保证患者在医院的生命安全。培训会由医院党委委员、工会主席胡海燕主持。 ‍‍ 曾凡义老师以医院消防特点讲解医院日常火灾预防措施、医院发生火灾时如何处理、医院消防安全常识、法律法规等。结合近期消防火灾案例，先以大量实例火灾的危害性，展示火灾严重危害带来的后果。结合实际，对火灾特点、预防火灾的基本常识，火灾发生、发展等基本规律和特点等方面知识进行了讲解。对医院的消防管理、设施设备检查进行经验传授。 呼吸内科主任陈远山以PPT的形式，详细讲解了烟草知识、吸烟的危害、戒烟的益处、劝阻吸烟的技巧、医务人员控烟知识培训等内容。‍‍ 培训会后，在行政楼后广场实施消防逃生演练，曾凡义老师对灭火器的使用方法进行了详细讲解、演示，介绍了“什么是上风位置及最佳喷射位置”和灭火器使用过程中的注意事项以及使用灭火器的技巧等。 通过培训，全院医护人员进一步加强了消防安全意识，明确了岗位消防责任，提高了突发火灾、地震应急处置能力。光山县人民医院高度重视安全生产，每年都有计划地组织消防相关培训与演练，邀请消防专家来院授课，提升职工的安全意识和应急疏散、转移救护病人及自防自救的能力，维护医院安全、稳定、和谐的工作秩序和就医环境。,信阳讯,未知,2024-01-30 10:46:29,http://www.xyxun.com/section-7-605360-0.html,未知,控烟、戒烟,中性,未知
20240101539,宁国市梅林镇开展“无烟佳节 与爱同行”控烟活动,title: 宁国市梅林镇开展“无烟佳节 与爱同行”控烟活动 summary: 宁国市梅林镇开展无烟佳节与爱同行控烟活动本网讯为进一步推动控烟工作开展，引导群众践行文明健康绿色环保生活方式，营造春节期间无烟氛围，共度无烟健康佳节。下一步，梅林镇将持续稳步推进无烟环境长效管理，进一步拓宽宣传渠道，引导群众养成文明健康生活习惯。 content: 本网讯 为进一步推动控烟工作开展，引导群众践行文明健康绿色环保生活方式，营造春节期间无烟氛围，共度无烟健康佳节。近日，宁国市梅林镇开展“无烟佳节 与爱同行”控烟主题活动。 全方位营造宣传氛围。该镇充分发挥“线上+线下”宣传形式优势，通过户外公益广告、宣传栏、LED屏以及微信公众号宣传等方式，加大控烟宣传力度，营造全民关心控烟、支持控烟、参与控烟的浓厚氛围。 多形式开展控烟活动。在集镇集中开展控烟宣传活动，通过设置宣传台形式，向群众发放吸烟危害相关宣传页，提升群众控烟意识，引导群众过节不吸烟，不敬烟，不送烟，共度无烟健康佳节。深入新时代文明实践所开展宣传教育，帮助学生树立“拒吸第一支烟，做无烟新一代”的理念，通过分发《梅林镇“无烟佳节 与爱同行”倡议书》，引导家长不吸烟，及早戒烟，促进无烟家庭建设。 针对性劝阻吸烟行为。将控烟劝阻工作纳入日常工作，发挥党政干部带头禁烟作用，引导干部不吸烟，主动戒烟，做控烟宣传者和倡导者。在公共场所，带着善意提醒群众吸烟以及二手烟对人体的危害，引导群众主动规劝亲人戒烟、禁烟，共同营造健康良好的无烟环境。 通过此次活动，让群众认识到吸烟对人体的危害，强化了群众的控烟意识和控烟行为。下一步，梅林镇将持续稳步推进无烟环境长效管理，进一步拓宽宣传渠道，引导群众养成文明健康生活习惯。（聂雨凡）,安徽经济网,未知,2024-01-30 09:57:24,http://www.ahjjw.com.cn/html/quyu/xiangzhenshequ/2024/0130/368420.html,未知,控烟、戒烟,正面,未知
20240101546,疾控中心开展《无烟佳节与爱同行》主题控烟宣传活动,title: 疾控中心开展《无烟佳节与爱同行》主题控烟宣传活动 summary: 本次宣传活动累计发放宣传手册400余份，通过此次宣传活动进一步提高了我市居民的控烟意识，使其进一步认识到吸烟与二手烟暴露的危害，引导群众践行文明健康绿色环保生活方式，为共度无烟佳节、建设无烟环境提供助力。 content: 1月29日，疾控中心开展《无烟佳节与爱同行》主题控烟宣传活动。工作人员在东安现代城、天奕商厦设置宣传条幅，为过往群众宣传吸烟的危害及控烟措施，并发放宣传单及礼品。本次宣传活动累计发放宣传手册400余份，通过此次宣传活动进一步提高了我市居民的控烟意识，使其进一步认识到吸烟与二手烟暴露的危害，引导群众践行文明健康绿色环保生活方式，为共度无烟佳节、建设无烟环境提供助力。,滦州市人民政府,未知,2024-01-30 09:47:26,http://www.luanxian.gov.cn/index.php?a=show&c=index&catid=822&id=84729&m=content,未知,控烟,正面,未知
20240101575,关于《北京市朝阳区烟草制品零售点合理布局规定(征求意见稿)》征求意见的公告,title: 关于《北京市朝阳区烟草制品零售点合理布局规定(征求意见稿)》征求意见的公告 summary: 关于《北京市朝阳区烟草制品零售点合理布局规定》征求意见的公告为加强烟草专卖零售许可证管理，维护国家利益和消费者利益，保障经营者和未成年人合法权益，优化市场资源配置，履行控烟责任。 content: 为加强烟草专卖零售许可证管理，维护国家利益和消费者利益，保障经营者和未成年人合法权益，优化市场资源配置，履行控烟责任，根据《中华人民共和国行政许可法》《中华人民共和国未成年人保护法》《中华人民共和国烟草专卖法》及实施条例、《北京市控制吸烟条例》《烟草专卖许可证管理办法》等法律法规规章和规范性文件，结合本区实际，北京市朝阳区烟草专卖局拟对《北京市朝阳区烟草制品零售点合理布局规定》进行修订，现向社会公众公开征求意见，欢迎社会各界提出意见建议。 公开征集意见时间为：2024年1月30日至2024年2月29日。 意见反馈渠道如下： 1.电子邮件请发送至：chairujing@bj.tobacco.gov.cn，邮件主题请注明“合理布局规定征求意见”。 2.通过信函方式将意见邮寄至：北京市朝阳区和平街十三区甲17号北京市朝阳区烟草专卖局法制科(邮编：100013)。来信请注明“合理布局规定征求意见”。 意见反馈截止时间为2024年02月29日。 北京市朝阳区烟草专卖局 2024年01月30日 附件： 1.北京市朝阳区烟草制品零售点布局修订说明 2.北京市朝阳区烟草制品零售点合理布局规定(征求意见稿),北京市朝阳区人民政府信息网,未知,2024-01-30 09:05:00,http://www.bjchy.gov.cn/affair/file/zcxyjzj/4028805a8d3b322f018d53585c190997.html,未知,控烟,中性,未知
20240101590,北京成人烟草调查：戒烟率提高，二手烟暴露无改善_北京时间,title: 北京成人烟草调查：戒烟率提高，二手烟暴露无改善_北京时间 summary: 自2015年《北京市控制吸烟条例》出台以来，本市控烟工作成效显著，成人吸烟率连续下降，并于2021年提前达到了健康北京行动提出的到2022年，15岁及以上成人吸烟率低于20%的目标。 content: 北京市第五次成人烟草流行调查数据结果发布 自2015年《北京市控制吸烟条例》出台以来，本市控烟工作成效显著，成人吸烟率连续下降，并于2021年提前达到了健康北京行动提出的“到2022年，15岁及以上成人吸烟率低于20%”的目标。 北京市第五次成人烟草流行调查数据结果发布 自2015年《北京市控制吸烟条例》出台以来，本市控烟工作成效显著，成人吸烟率连续下降，并于2021年提前达到了健康北京行动提出的“到2022年，15岁及以上成人吸烟率低于20%”的目标。 近日，北京市卫生健康委发布了第五次成人烟草流行调查数据结果，15岁及以上成人吸烟率为19.9%，与2021年持平。 第五次成人烟草调查覆盖全市16个区（除经开区）、50个街道（乡镇）、100个居（村）委会的13033个家庭户，共完成有效问卷10727份。调查结果显示，成人吸烟率降速减缓，已到达了平台期，距离健康北京行动提出的“到2030年，成人吸烟率低于17%”目标仍有一定差距。其中男性吸烟率36.6%，比2021年上升了0.6个百分点，女性吸烟率2.2%，比2021年下降了0.5个百分点。此外，家庭二手烟暴露率为29.6%，二手烟暴露情况比2021年并无明显改善。除室内工作场所、中小学校、政府大楼的二手烟暴露率有所下降外，餐馆、大学、医疗机构、公共交通工具的二手烟暴露率则与2021年基本持平。 在所有曾经和现在吸烟人群中，戒烟率达到了29.6%，比2021年提高了2.6个百分点。现在吸烟者的尝试戒烟率由2021年的38.2%提高至41.8%，有戒烟计划的比例由2021年的19.2%提高至23.7%。这些数据表明，北京市吸烟者在无烟文化的熏陶下，有较强的戒烟动机和戒烟需求，是开展戒烟服务的可干预对象。此外，电子烟并未获得北京市居民额外的青睐。调查中，曾经使用过电子烟的比例由2021年的7.4%下降至6.6%，现在使用电子烟的比例则由3.2%下降至2.2%；另有77.4%的受访者表示支持将电子烟纳入现有禁烟法规。 针对无烟街区设置问题，北京市民对多项措施持支持态度：87.2%的受访者赞同在办事机构的室外公共区域设置吸烟区，90.2%赞同在各单位的入口处设置灭烟处，78.0%赞同在城市街区广场的开阔位置设置吸烟区。 下一阶段，本市将继续深入推进健康北京行动，严格落实《北京市控制吸烟条例》，加强控烟执法，积极开展戒烟服务，深入推进无烟场所建设，进行更有针对性的控烟宣传，倡导健康文明生活方式，全社会形成合力，共同打造无烟北京。,北京网络广播电视台,未知,2024-01-30 08:44:46,http://item.btime.com/f0qtga14hj383cact18n1kcq2qd,未知,戒烟、控烟,正面,未知
20240101597,北京成人烟草调查：15岁及以上成人吸烟率为19.9%,title: 北京成人烟草调查：15岁及以上成人吸烟率为19.9% summary: 北京成人烟草调查：15岁及以上成人吸烟率为19.9%千龙网讯自2015年《北京市控制吸烟条例》出台以来，北京市控烟工作成效显著，成人吸烟率连续下降，并于2021年提前达到了健康北京行动提出的到2022年，15岁及以上成人吸烟率低于20%的目标。 content: 千龙网讯 自2015年《北京市控制吸烟条例》出台以来，北京市控烟工作成效显著，成人吸烟率连续下降，并于2021年提前达到了健康北京行动提出的“到2022年，15岁及以上成人吸烟率低于20%”的目标。近日，北京市卫生健康委发布了第五次成人烟草流行调查数据结果，15岁及以上成人吸烟率为19.9%，与2021年持平。 第五次成人烟草调查覆盖全市16个区（除经开区）、50个街道（乡镇）、100个居（村）委会的13033个家庭户，共完成有效问卷10727份。调查结果显示，成人吸烟率降速减缓，已到达了平台期，距离健康北京行动提出的“到2030年，成人吸烟率低于17%”目标仍有一定差距。其中男性吸烟率36.6%，比2021年上升了0.6个百分点，女性吸烟率2.2%，比2021年下降了0.5个百分点。此外，家庭二手烟暴露率为29.6%，二手烟暴露情况比2021年并无明显改善。除室内工作场所、中小学校、政府大楼的二手烟暴露率有所下降外，餐馆、大学、医疗机构、公共交通工具的二手烟暴露率则与2021年基本持平。 在所有曾经和现在吸烟人群中，戒烟率达到了29.6%，比2021年提高了2.6个百分点。现在吸烟者的尝试戒烟率由2021年的38.2%提高至41.8%，有戒烟计划的比例由2021年的19.2%提高至23.7%。这些数据表明，北京市吸烟者在无烟文化的熏陶下，有较强的戒烟动机和戒烟需求，是开展戒烟服务的可干预对象。此外，电子烟并未获得北京市居民额外的青睐。调查中，曾经使用过电子烟的比例由2021年的7.4%下降至6.6%，现在使用电子烟的比例则由3.2%下降至2.2%；另有77.4%的受访者表示支持将电子烟纳入现有禁烟法规。 针对无烟街区设置问题，北京市民对多项措施持支持态度：87.2%的受访者赞同在办事机构的室外公共区域设置吸烟区，90.2%赞同在各单位的入口处设置灭烟处，78.0%赞同在城市街区广场的开阔位置设置吸烟区。 下一阶段，本市将继续深入推进健康北京行动，严格落实《北京市控制吸烟条例》，加强控烟执法，积极开展戒烟服务，深入推进无烟场所建设，进行更有针对性的控烟宣传，倡导健康文明生活方式，全社会形成合力，共同打造无烟北京。 责任编辑：陈健男（QE0022）,千龙网,未知,2024-01-30 08:21:00,http://beijing.qianlong.com/2024/0130/8195034.shtml,未知,控烟、戒烟,中性,未知
20240101604,省水利厅举办“无烟佳节 与爱同行”主题活动,title: 省水利厅举办“无烟佳节 与爱同行”主题活动 summary: 省水利厅举办无烟佳节与爱同行主题活动?活动现场，干部职工参观了控烟宣传展板、参与现场控烟承诺签名，专家进行答疑解惑并宣讲健康知识。 content: ??????1月29日，省水利厅举办“无烟佳节?与爱同行”主题活动，旨在提高干部职工的控烟意识，营造无烟、健康、舒适的工作环境，倡导绿色健康社会风尚。厅二级巡视员赵辛参加活动并讲话。??????活动现场，干部职工参观了控烟宣传展板、参与现场控烟承诺签名，专家进行答疑解惑并宣讲健康知识。大家纷纷表示，将以此次活动为契机，积极践行文明健康、绿色环保的生活方式，为共建美好家园贡献自己的力量。 ? 扫一扫在手机打开当前页,建设招标网,未知,2024-01-30 08:04:15,http://www.jszhaobiao.com/projectinfo-detail-269359561.html,未知,控烟,中性,未知
20240101618,世界无烟日健康口号整理,title: 世界无烟日健康口号整理 summary: 在学习、工作乃至生活中，大家总少不了接触一些耳熟能详的口号吧，口号能指导人们有效地开展实践，促进客观事物的发展。那什么样的口号才是经典的呢？下面是小编帮大家整理的世界无烟日健康口号整理，欢迎大家借鉴与参考，希望对大家有所帮助。 content: 世界无烟日健康口号整理 在学习、工作乃至生活中，大家总少不了接触一些耳熟能详的口号吧，口号能指导人们有效地开展实践，促进客观事物的发展。那什么样的口号才是经典的呢？下面是小编帮大家整理的世界无烟日健康口号整理，欢迎大家借鉴与参考，希望对大家有所帮助。 1、为了健康，请留意一戒酒二戒色三戒怒四戒贪五戒痴六戒妄七戒狂，更重要的是，八戒你肯定要记住：戒烟。 2、健康随烟而逝，病痛伴烟而生。 3、无烟的青春年华，无烟的美妙人生。 4、吸烟，是打开地狱之门的一条钥匙。 5、自觉拒绝烟草，远离烟草危害。 6、世界无烟，都来把烟戒。欢乐做神仙，无烟也逍遥。烟草本有害，戒烟好处多，全民来参加，你我不落后，争当戒烟好先锋！ 7、生命只有一次，怎能断送在香烟上。 8、无烟世界，清爽一片。 9、为了响应世界禁烟的号召，为了将关怀传给我的兄弟们，无烟来临之际，特向兄弟们发来贺电，世界都无烟了，我们也忍忍吧！ 10、吸烟，是打开地狱之门的一条钥匙。 11、公共场所是我家，全面控烟靠大家。 12、创建无烟环境，构建和谐社会。 13、吸烟有害，健康无价。 14、世界无烟，为了你的健康和美妙，将苦恼戒掉，将疾病戒掉，将劳碌戒掉，将熬夜戒掉，将大鱼大肉戒掉，重要的是把烟戒掉。 15、无烟世界，一片清爽。 16、拒绝烟草，让肺自由呼吸。 17、是无烟，你的兜里无烟了吗？咱家无烟了吗？老公，让你的嘴歇一歇，肺也歇一歇，省点钱给老婆买件美丽的衣服？关于的短信 18、珍惜生命，崇尚文明生活，喜爱生命，养成良好习惯。 19、雨也绵绵，雾也朦朦，烟也袅袅，泪也涟涟。 20、别吸烟，让你的肺清亮一点。 21、为了让人类多繁衍几代，让我们从今日起就戒烟吧。 22、世界无烟，想对你说，我还是戒不掉，戒不掉对你好，戒不掉关怀你，戒不掉惦念你，戒不掉回忆你。亲，要留意身体，心里有你！ 23、只愿君能禁吸烟，盼回“无烟好世界”。 24、吸烟危害健康，戒烟不要彷徨。 25、为了你的妻子车子房子票子，请不要吸烟。为了你的父母兄弟姐妹朋友同事，请拒绝香烟。无烟，让生命更清爽！ 26、营造健康生活，创建无烟校内。 27、抽烟抽烟，一缕青烟，你的一辈子就过去了。 28、创建无烟环境，构建凉爽世界。 29、创建无烟环境，构建和谐家园。 30、吸烟，吸入的是尼古丁烟碱。吐出的是毒气病毒。世界无烟，远离香烟。为了自己，也为了自己爱的人，戒烟，从我做起！ 31、愿生命之树常青，勿使青春之火止于烟蒂。 32、远离烟草，享受健康生活。 33、烟能提神，也能麻醉神经，更能污染心肺，堵塞血管，世界无烟到了，愿吸烟者削减吸烟次数，逐步戒掉烟瘾，健康幸福每一天！ 34、烟缈缈兮肺心寒，尼古丁一进兮不复返。 35、远离烟草，让我们停止相互损害。 36、无烟世界，清爽一片。 37、禁止在公共场所、公共交通工具上吸烟。 38、虽说你是交际的利器，可也是健康的死敌。虽说你是潇洒的定义，可也是疾病的卧底。世界无烟，让我们向香烟说“不”。祝无烟欢乐。 39、想说爱你并不是很简单的事，那需要太大的士气。 40、生命是短暂的，吸烟会使生命更加短暂。 41、吸烟并不会帮你放松，只会渐渐摧毁你的意志，戒烟可以帮你恢复意志力和自信。 42、远离烟草，崇尚健康，爱惜环境。 43、别看只是小小的一支香烟，能够让生命变成过眼云烟，任坟头只留下一缕青烟，这世界从今少了人烟。为了大家的健康，请远离香烟。 44、还人类一片清爽，请丢掉手中的香烟。 45、戒烟两个月有余，最终胜利戒掉，这也许是一件我值得向别人吹嘘的事了。 46、吸烟者从吸烟中唯一享受的就是尼古丁戒断症状的临时缓解。 47、跟香烟挥挥手，健康就会和你碰头；跟香烟摇摇头，你就会精神抖擞；跟香烟断到头，美妙生活伴你无忧！愿你远离烟草，珍惜健康，生活美满！ 48、吸烟不是一种习惯，而是尼古丁上瘾。 49、不吸烟不代表不成熟，不吸烟不说明没深度，不吸烟不意味不够酷，不吸烟不表示靠不住。吸烟有害健康，今日是祝你无烟欢乐！ 50、吸烟者苦痛是心理上的，是迟疑和怀疑的结果。 51、我爱你，我情愿每天为你做饭养足你的胃，每天为你煲汤调理你的肺，每天为你洗衣照看你的起居，每天督促你戒掉伤身的香烟，友爱的，你戒烟，我陪你。 52、冰冻三尺非一日之寒，吸烟害人潜移默化。多少人也知香烟害人匪浅，偏偏戒烟路上难以到终点。世界戒烟日，愿你矢志不移，克服种种因素，戒掉香烟，健康常驻！ 53、放下执着，留点健康给家人；放下借口，吸烟养神不是理由；放下面子，健康为了自己不是别人。把香烟留给昨天，把美妙送给将来。为了自己，为了家人，抓紧戒烟吧！ 54、为了你和家人的健康，请不要吸烟。 55、当你点燃烟，病痛在扩散；当你熄灭烟，健康在身边。吸烟是小，健康为大。别让病痛扩散，远离香烟，一生平安！ 56、都说吸烟的男人够潇洒，可知香烟的危害有多大？ 57、有时候爱就像吸烟，让人欲罢不能，明知道有害健康。世界上不行以无爱，却可以无烟。今日是我以爱的名义提示您：吸烟有害，请君自爱。 58、燃一熄，害人害已，一明一暗，欢乐减淡，一吞一吐，身体诉苦，一抽一吸，健康灭息，请远离香烟，愿你健康围绕，幸福相伴！ 59、掉香烟，看清水碧水常在人间；不再吸烟，看花开花落幸福涌现。愿君戒掉烟，给生命一个和谐宁静美妙的世间。 60、戒烟是福，把关爱播撒，把欢乐扩散；戒烟是福，把金钱节省，把责任担起；戒烟是福，把健康保持，把病症抹杀。把戒烟进行究竟，让生命远离香烟，让健康伴随一生。 61、拒绝烟草，珍爱生命。 62、香烟是魔鬼的契约。 63、不肯定烟雾缭绕的地方才是天堂。 64、不抽一支烟，欢乐似神仙！ 65、让你的肺清亮一点。 66、健康，随烟而逝；病痛，伴烟而生。 67、远离烟草，拒吸第一支烟；净化空气，爱护环境卫生。 68、远离烟草，崇尚健康，爱惜环境。 69、点燃香烟的一刹那，你也点燃了死亡的导火索。 70、少一支灰色的烟，多一片蓝色的天。 71、无烟世界，清爽一片。 72、为了爱你和你爱的人，请不要吸烟。 73、还人类一片清爽，请丢掉手中的香烟。 74、烟缈缈兮肺心寒，尼古丁一进兮不复还。 75、人人参加控烟活动，共创健康无烟环境。 76、健康，随烟而逝；病痛，伴烟而生！ 77、燃烧的是香烟，消耗的是生命。 78、生命只有一次，怎能断送在香烟上？ 79、小小一支烟，危害万万千。 80、吸烟，我们可以选择，那么，生命呢？ 【世界无烟日健康口号整理】相关文章： 世界无烟日口号05-12 世界无烟日口号06-13 世界无烟日的宣传口号06-10 世界无烟日宣传口号06-08 世界无烟日口号集锦06-13 世界无烟日口号15篇04-18 世界无烟日口号(15篇)03-24 优秀学习口号整理08-02 世界无烟日祝福06-09,CN职场指南网,未知,2024-01-30 07:15:44,http://www.cnrencai.com/kouhao/3547193.html,未知,戒烟、控烟,中性,未知
20240101625,青少年无烟日宣传主题 哪一年的世界无烟日宣传主题是无烟青少年,title: 青少年无烟日宣传主题 哪一年的世界无烟日宣传主题是无烟青少年 summary: 青少年无烟日宣传主题哪一年的世界无烟日宣传主题是无烟青少年。2008年5月31日是世界卫生组织发起的第21个世界无烟日。本次无烟日的主题是无烟青少年，口号是禁止烟草广告和促销，确保无烟青春好年华。 content: 1、2008年5月31日是世界卫生组织发起的第21个世界无烟日。本次无烟日的主题是“无烟青少年”，口号是“禁止烟草广告和促销，确保无烟青春好年华”。 2、从2002年开始，国家卫生部都为“世界无烟日”发文，包括通告世界卫生组织确定的“世界无烟日”的主题和我国针对“世界无烟日”提出的具体口号和结合“世界无烟日”开展活动的具体要求。 3、每年“世界无烟日”主题是世界卫生组织的，而“世界无烟日”的口号是各个国家结合各个国家的控烟情况和语言文字特点征集整理后确定的，世界无烟日口号在历年“世界无烟日”活动中和全国各地无烟日宣传中发挥了重要作用。,360分类信息网,未知,2024-01-30 06:06:55,http://www.cn360cn.com/f6826866.htm,未知,控烟,中性,未知
20240101653,北京市开启冬季控烟督导检查 77.4%受访者支持电子烟纳入禁烟法规,title: 北京市开启冬季控烟督导检查 77.4%受访者支持电子烟纳入禁烟法规 summary: 结合近期北京市公共场所控烟暗访结果，近日，市爱卫办在全市范围内开启控烟督导检查。针对无烟街区设置问题，北京市民对多项措施持支持态度：87.2%的受访者赞同在办事机构的室外公共区域设置吸烟区，90.2%赞同在各单位的入口处设置灭烟处，78.0%赞同在城市街区广场的开阔位置设置吸烟区。 content: 来源标题：77.4%受访者支持电子烟纳入禁烟法规 结合近期北京市公共场所控烟暗访结果，近日，市爱卫办在全市范围内开启控烟督导检查。昨日，北京青年报记者跟随北京市冬季控烟督导检查组工作人员前往西城区多个点位进行督导检查，检查地点涉及宾馆、写字楼、医疗机构、党政机关、餐馆、KTV、网吧、公交枢纽八类场所。 当日下午，督导检查组工作人员前往位于西城区新文化街的亚朵酒店，重点检查了吸烟标识设置情况、制度设计和管理情况。北青报记者在现场看到，酒店内的前台、餐吧、楼道、电梯间、厕所等位置都张贴了明显的禁止吸烟的标识，上面还有控烟投诉举报电话。在酒店外侧设有专门的吸烟区。 位于复兴门大街的凯晨大厦有6000余名办公人员，控烟工作情况如何？督导检查组对该写字楼的楼道、厕所、办公区、地下停车场等空间均进行了仔细查看，未发现违法吸烟情况。该写字楼南侧、北侧设置了三个吸烟区。 市卫健委相关负责人表示，下一阶段，本市将继续深入推进健康北京行动，严格落实《北京市控制吸烟条例》，加强控烟执法，积极开展戒烟服务，深入推进无烟场所建设，进行更有针对性的控烟宣传，倡导健康文明生活方式，全社会形成合力，共同打造无烟北京。 近期，北京市卫生健康委发布了第五次成人烟草流行调查数据结果，15岁及以上成人吸烟率为19.9%，与2021年持平。对于电子烟，调查结果显示，有77.4%的受访者表示支持将电子烟纳入现有禁烟法规。 调查结果显示，成人吸烟率降速减缓，已到达了平台期，距离健康北京行动提出的“到2030年，成人吸烟率低于17%”目标仍有一定差距。其中男性吸烟率36.6%，比2021年上升了0.6个百分点，女性吸烟率2.2%，比2021年下降了0.5个百分点。 本次调查显示，家庭二手烟暴露率为29.6%，二手烟暴露情况比2021年并无明显改善。除室内工作场所、中小学校、政府大楼的二手烟暴露率有所下降外，餐馆、大学、医疗机构、公共交通工具的二手烟暴露率则与2021年基本持平。 此外，电子烟并未获得北京市居民额外的青睐。调查中，曾经使用过电子烟的比例由2021年的7.4%下降至6.6%，现在使用电子烟的比例则由3.2%下降至2.2%；另有77.4%的受访者表示支持将电子烟纳入现有禁烟法规。 针对无烟街区设置问题，北京市民对多项措施持支持态度：87.2%的受访者赞同在办事机构的室外公共区域设置吸烟区，90.2%赞同在各单位的入口处设置灭烟处，78.0%赞同在城市街区广场的开阔位置设置吸烟区。 责任编辑：张思宇（QX0007）作者：蒋若静,千龙网,未知,2024-01-30 00:31:00,http://beijing.qianlong.com/2024/0130/8194430.shtml,未知,控烟、戒烟,中性,未知
20240101668,“春节聚会不吸烟”，北京市东城持续开展室内控烟执法检查工作,title: “春节聚会不吸烟”，北京市东城持续开展室内控烟执法检查工作 content: 春节将至，亲朋好友聚会增多。为进一步推动控烟工作，北京市东城区持续加大对商务楼宇、商场超市、餐饮单位、宾馆酒店等室内公共场所的控烟执法检查力度，确保公共场所无烟环境得到有效维护。 在建国门街道的中粮大厦，街道综合行政执法队近日对大厦的控烟工作进行了突击检查。在检查中，执法队员分别对逃生通道、楼道、卫生间、电梯间等区域进行逐一检查，未发现吸烟人员。“大家现在都有不在室内公共场所吸烟的观念了，生怕‘二手烟’影响他人。”大厦物业管理工作人员介绍，近年来，通过全社会的持续努力，室内公共场所的无烟环境得到了显著改善，市民对控烟工作的支持度不断提高，吸烟行为明显减少。 室内公共场所控烟工作是一项长期而艰巨的任务，需要各方共同努力。在安定门街道，执法人员对宾馆酒店经营单位的控烟情况进行检查。执法人员将提示挂在嘴边，叮嘱经营者在旅客办理登记入住过程中明确要求室内禁止吸烟。执法人员介绍，室内公共场所严格控烟，一是为了防止“二手烟”影响其他人员身体健康，二是为了防止因疏忽大意酿成火灾。 执法人员根据投诉举报线索，还对部分餐饮单位进行了执法检查。在簋街，执法人员在对一家因控烟工作不力而被处罚的餐饮单位进行复查时发现，该餐饮单位已整改到位，只要发现顾客有吸烟的迹象，店员就会第一时间上前劝阻。对于个别不听劝阻的人员，餐饮单位将及时向执法部门报告。 据了解，东城区各街道综合行政执法队利用微信公众号、商户管理群等媒介，结合“城管进社区”、“城管开放日”等活动，大力开展控烟宣传工作。执法部门提示广大市民朋友：吸烟有害健康，请勿在室内公共场所吸烟，尤其是在幼儿园、中小学、少年宫、儿童福利机构等以未成年人为主要活动人群的场所吸烟。确有吸烟需求的市民朋友请到专门设置的吸烟区，吸烟后熄灭烟头、消除安全隐患，努力创造一个无烟、健康的社会环境。,烟草在线,未知,2024-01-30 00:00:00,http://www.tobaccochina.com/html/news/lxky/672814.shtml,未知,控烟,中性,未知
20240101675,示范区农村公路服务中心开展“无烟佳节 与爱同行”主题教育活动,title: 示范区农村公路服务中心开展“无烟佳节 与爱同行”主题教育活动 content: 为深入开展控烟工作，引导广大干部职工践行文明健康绿色环保生活方式，营造春节期间无烟氛围，1月29日，示范区农村公路服务中心开展了“无烟佳节 与爱同行”主题教育活动。 活动中，通过观看视频、PPT等多种形式向干部职工介绍吸烟和二手烟的危害，提醒干部职工不要在室内、公共场所吸烟，大力弘扬无烟健康过节文化，倡导过节不吸烟、不敬烟、不送烟，引导干部职工养成健康的生活方式和生活习惯。,济源文明网,未知,2024-01-30 00:00:00,http://jy.wenming.cn/wmcj/wmdw/202401/t20240130_3464219.shtml,未知,控烟,正面,未知
20240101683,Hi视频丨禁烟控烟，从你我开始,title: Hi视频丨禁烟控烟，从你我开始 summary: Hi视频丨禁烟控烟，从你我开始我们为什么要控烟？当您和朋友在房间内享受休闲时光时。当您和家人欢聚一堂享用晚餐时。如果点燃一根香烟。 content: 我们为什么要控烟？ 当您和朋友在房间内享受休闲时光时； 当您和家人欢聚一堂享用晚餐时； 当您和恋人漫步在浪漫的公园时； 当您和同事和谐共事时； 当您和孩子在商场内选购心仪的物品时； 如果点燃一根香烟…… 不要让烟草打断您的幸福生活 禁烟控烟，从你我开始。,威海新闻网,未知,2024-01-30 00:00:00,http://www.whnews.cn/news/node/2024-01/30/content_7306722.htm,未知,控烟,中性,未知
20240101692,区卫健委：浦西社区卫生服务中心举办控烟咨询活动,title: 区卫健委：浦西社区卫生服务中心举办控烟咨询活动 summary: 区卫健委：浦西社区卫生服务中心举办控烟咨询活动为维护人民群众的身心健康，倡导健康生活方式，共建共享无烟环境，1月25日上午，海州区疾病预防控制中心联合浦西社区卫生服务中心在浦西社区卫生服务中心门诊大厅举行了控烟健康教育宣传咨询活动。 content: 为维护人民群众的身心健康，倡导健康生活方式，共建共享无烟环境，1月25日上午，海州区疾病预防控制中心联合浦西社区卫生服务中心在浦西社区卫生服务中心门诊大厅举行了控烟健康教育宣传咨询活动。 为烘托活动氛围，咨询现场通过悬挂“度无烟佳节 建无烟家庭 享健康生活”横幅及标语，播放控烟视频、设立宣传台、发放《吸烟与肺癌》、《烟草威胁环境》等宣传手册等形式，引导教育大家吸烟者主动戒烟、非吸烟者勇于拒绝二手烟，共建共享无烟环境。共计发放宣传册、单页300余份。 此次戒烟健康教育咨询活动，受到群众的热烈欢迎，咨询人次达80余人次。现场通过向居民讲解吸烟的危害、戒烟对健康的益处、健康的生活方式等相关知识，倡导并形成人人主动规劝家人、朋友戒烟、禁烟的良好的氛围，号召广大市民为了自己和家人的健康，远离烟草的侵害，积极营造全社会支持控烟的良好氛围，为共建无烟环境、共享健康生活环境打下良好的基础。（通讯员：沈海萍 审核：章海云）,海州区人民政府,未知,2024-01-30 00:00:00,http://www.lyghz.gov.cn/lyghzqrmzf/jcdt/content/5878d70c-3b57-4b8f-a9db-461b06feb3c6.html,未知,控烟、戒烟,正面,未知
20240101699,使用酒石酸伐尼克兰片真实感受怎么样？,title: 使用酒石酸伐尼克兰片真实感受怎么样？ content: 王女生近期准备和先生要二胎，但医生听说她喜欢抽烟之后，建议她先戒掉烟瘾再开始备孕，为此王女士便将戒烟提上了日程。她听说不少朋友戒烟时都会选择酒石酸伐尼克兰片进行戒烟，便打电话向朋友咨询使用酒石酸伐尼克兰片真实感受，一起来看看吧。 现实生活中，不少女性在备孕期烟不离手，这种行为其实非常不好。备孕期是女性准备怀孕的重要阶段，为了迎接新生命的到来，这一阶段女性的身体健康至关重要。如果大家在这一关键时期仍然我行我素继续吸烟的话，将会对身体造成很多不良影响，甚至会影响到未来宝宝的健康。 烟草中含有超过50种物质，包含有机物和重金属等，有些有害物质会对卵巢和输卵管等生殖器官造成损害，影响卵子的质量和数量，从而降低受孕的几率。即使女性能够成功怀孕，吸烟也会增加流产和早产的风险，对母婴健康造成威胁。因此对于备孕期的女生来说，戒烟一事刻不容缓。 那么为什么会选择使用酒石酸伐尼克兰片进行戒烟呢，小编了解到酒石酸伐尼克兰是首个不含尼古丁成分的戒烟药，研究表明该药可明显降低戒断症状，增加戒烟成功率，目前已被《美国烟草使用与依赖实践指南》推荐作为戒烟治疗的一线药物。至于使用帕瑞可酒石酸伐尼克兰片真实感受，王女士朋友表示它很安全、见效快、服用方便、还能双向调节，如今已经成为不少吸烟朋友控烟的必备药物，她可以放心使用。 关于使用酒石酸伐尼克兰片真实感受，小编就跟大家介绍到这里，备孕期是女性准备怀孕的重要阶段，为了自己的身体健康和宝宝的未来着想，大家一定要尽早采取措施进行戒烟。,复禾健康,未知,2024-01-30 00:00:00,http://news.fh21.com.cn/ypzx/7387275.html,未知,戒烟、控烟,中性,未知
20240101705,“无烟佳节 与爱同行”！水城区集中开展控烟系列宣传活动,"title: “无烟佳节 与爱同行”！水城区集中开展控烟系列宣传活动 content: 为进一步推动控烟工作开展，引导群众践行文明健康绿色环保生活方式，营造春节无烟氛围，共度无烟健康佳节，1 月 30 日，水城区爱卫办组织区卫健局、区疾控中心、区人民医院、双水街道办集中开展了 "" 无烟佳节 与爱同行 "" 控烟系列宣传活动。 活动现场，工作人员通过悬挂宣传横幅、设置现场咨询台、发放宣传手册和小礼品等方式，向群众讲解吸烟及吸二手烟的危害，告知他们吸烟及吸入二手烟会诱发癌症，导致肺癌、口腔癌、乳腺癌及多种恶性肿瘤；会增加心脏病发作和中风的风险，导致高血压、动脉硬化、冠心病等心脑血管病，号召大家避免或减少在公共场所接触 "" 二手烟 ""。同时，来自双水街道卫生服务中心的医护人员还为过往群众免费测量血压。 活动的开展，不仅提高了辖区居民控烟的意识，提升居民戒烟意愿，引导居民养成健康的生活方式和生活习惯，也让居民认识到吸烟对人体的危害，纷纷表示都要参加到拒烟宣传活动中来，从身边的小事做起，为创建无烟环境贡献自己的力量。 蔡小兰 编辑 王欣 / 编审 李枫 / 签发 蒲谋",ZAKER资讯,未知,2024-01-30 00:00:00,http://www.myzaker.com/article/65b9eace1bc8e01567000007,未知,控烟、戒烟,正面,未知
20240101712,男人戒烟需要多久时间？,title: 男人戒烟需要多久时间？ content: 现如今，随着大家生活水平的提高，越来越多的人对身体健康重视起来，陈先生就是这么一位。他原本是个老烟鬼了，后来听说吸烟不仅影响自己的身体健康，还会影响吸收自己二手烟的老婆孩子的健康，为此他毅然决然决定开始戒烟。戒烟之前，他想了解一下男人戒烟需要多久时间？ 关于男人戒烟需要多久时间，其实没有具体的时间标准，主要还是根据吸烟者的吸烟程度来界定。对于那些对烟草依赖程度较轻的吸烟者，只需要几天到几周的时间便可摆脱对烟草的依赖；而对于那些对烟草依赖程度较重的吸烟者来说，其戒烟的时间就会相对延长，可能需要几个月甚至半年的时间才可以戒烟成功。 很多人不了解应该如何戒烟，日常生活中的戒烟方式有很多，大家可以了解一下。 第一、逐次减少法：日常生活中大家可以给身体一个缓冲期，逐渐减少吸烟的量，让身体逐渐适应没有烟草的情况，从而减少对尼古丁的依赖。 第二、替代品法：很多人的身体对尼古丁存在依赖，戒烟初期身体会感觉不适，这个时候可以用口香糖、戒烟贴等作为替代，帮助缓解戒烟初期出现的不适感，同时减少对烟草的渴望。 第三、药物辅助，比如临床上常用的酒石酸伐尼克兰片，酒石酸伐尼克兰片是临床指南一线推荐的戒烟药物，美国《烟草使用和依赖临床治疗指南2008版》指出，伐尼克兰是一线推荐的控烟药物；《中国临床戒烟指南2015版》指出，伐尼克兰为α4β2尼古丁乙酰胆碱受体的部分激动剂，同时具有激动及拮抗的双重调节作用，且疗效和安全性优于其他控烟方案；此外，《美国胸科学会官方临床实践指南：烟草依赖的药物治疗》2020版，也强烈建议使用伐尼克兰控烟。在同类药物之中，帕瑞可酒石酸伐尼克兰片具备安全、见效快、服用方便，能够双向调节等优势，受到大众广泛好评，成为大部分人戒烟的选择。 大家看到了这里，想来大家对于男人戒烟需要多久时间已经有所了解，希望大家能够找到适合自己的戒烟方式，并一口气坚持下去，相信戒烟胜利的曙光就在前方。,复禾健康,未知,2024-01-30 00:00:00,http://news.fh21.com.cn/ypzx/7387280.html,未知,戒烟、控烟,中性,未知
20240101719,英国议会后座辩论：WHO是否真的在帮人戒烟？,title: 英国议会后座辩论：WHO是否真的在帮人戒烟？ content: 1月18日，英国议会进行了一次后座辩论（允许后座议员提出地方或国家性议题，并获得相关政府部长的回应），围绕英国的电子烟监管、世界卫生组织（WHO）、以及该组织和英国政府对待电子烟的不同立场展开。辩论由议员安德鲁·卢尔（Andrew Lewer）、维伦德拉·夏尔马（Mr Virendra Sharma）以及马丁·戴（Martyn Day）联合发起，以挑战WHO在电子烟管控上的消极立场。 “不要天真地看待这个问题” 此前，被迫延期的世界卫生组织《烟草控制框架公约》（WHO FCTC）第十次缔约方会议已正式定于2月5至10日在巴拿马举行。英国将派遣代表团参与此次会议，对新型烟草问题的讨论将成为该会议的焦点之一。 长期以来，WHO致力于控制烟草和尼古丁产品的使用，特别是电子烟。据2023年12月14日的报道，WHO强调需要采取紧急行动来控制电子烟，以保护儿童和非吸烟者，并最大限度地减少对民众的健康危害。WHO指出，电子烟中含有的尼古丁极易上瘾且对健康有害。 安德鲁议员在会上对此进行了辩驳。他引用英国癌症研究基金会 (Cancer Research UK)的调查研究称，”不是尼古丁，而是烟草在燃烧过程中产生的化学物质导致肺癌。“ 基于这样的理论发现，整场辩论中安德鲁议员都将雾化电子烟作为“烟草减害政产品”看待，这也是英国政府控烟政策一向的大方向。他坚持两个中心论点。一个是不应该对包括雾化电子烟在内的新型烟草征收与传统卷烟相若的税率；其次是不应该禁止调味雾化电子烟。“如果没有税收（价格）优惠，也没有（与卷烟相比的）口味差异，那还有什么东西能刺激人们戒烟呢？” 在1月18日后座辩论中发言的议员Andrew Lewer｜图源：2FIRSTS 在呼吁英国代表团在国际会议中坚持国家对电子烟在戒烟作用上的立场以外，安德鲁还在辩论上对WHO整个机构进行了质疑，亦提出了是否要检视英国对该机构的捐款规模。因为现时英国是WHO最大的资助方之一，要保证“纳税人的钱被好好利用”。 而稍后发言的辩论联合发起人维伦德拉则表示，“COP10和WHO不应该使想要靠电子烟戒烟的人更难。” 因此过度管制电子烟、加热烟草和口服尼古丁袋的政策是值得商榷的。 他还称英国虽然在尼古丁减害政策方面全球领先，但仍可以参考其他国家利用新型尼姑丁产品成功控烟的先进经验。他以日本和瑞典为例，加热烟以及有机口含烟也帮助这两国显著降低了吸烟率。英国仍有更好的办法折衷去达致一个更好的结果。 工党政客、 布里斯托南区议员卡琳·玛格丽特·斯迈思（Karin Marguerite Smyth）亦参加了辩论。在表示期待英国代表团参加缔约会议并传递出本国的声音后，她表示，许多议员已经收到选民们关于电子烟和吸烟的信件问询：因为这将是COP10的中心议题。选民们担心这次的会议将影响未来英国公民作为戒烟产品使用电子烟。她询问公共卫生部长是否计划在即将出台的政府法案中将其他尼古丁产品纳入监管流程。 在1月18日后座辩论中发言的Virendra Sharma｜图源：2FIRSTS 本次辩论负责回应问询的是自2023年11月以来履新担任公共卫生、生命起点和初级保健事务的国会副大臣安德烈娅·杰奎琳·利德索姆（Dame Andrea Jacqueline Leadsom），她对于前述议员们提出的一些论点持相反意见。 她以自身青少年吸烟以及艰难的戒烟经历为例，表示说尼古丁完全无害“是错误的”，并重申了尼古丁的成瘾性。她同时对前述议员们的一些观点提出了质疑。她称，樱桃汽水、泡泡糖口味并不为成年人设计。这些口味以及像小可乐瓶子或者像泡泡糖一样的包装明显是“面向儿童的”。电子烟摆在糖果旁边的摊位上，售价低廉，用零花钱的价格就可以买到——这些现状都令人担忧。因此她呼吁各位议员不要“天真地看待这个问题”。并称只有强有力的执法手段才能确保电子烟不会卖给未成年人。 在1月18日后座辩论中发言的Dame Andrea Jacqueline Leadsom｜图源：2FIRSTS 关于即将到来的COP10，她形容在电子烟问题上英国确实是一个“异类”，因此将在会上清晰提出英国的立场，即电子烟是帮助成年人戒烟的非常重要的工具。“但关于是否应改变现在对WHO的捐款数额，英国政府倾向于保持现有水平。”她最后表示将在COP10之后向议会提供一份声明，对会上情况进行交代。 后座辩论中的电子烟 这不是第一次烟草（或新型烟草）出现在英国的后座辩论中。 据不完全统计，2020年6月，联合政府的议员发起辩论，反抗禁止人们进口用于电子烟的液体尼古丁；2022年11月3日，下议院也就《2030年禁烟政策独立审查》进行了辩论； 而在本周稍早便曾经有另一场关于电子烟的辩论。1月16日，由保守党议员Peter Gibson 主持的一场辩论讨论了关于黑/灰关（非法入境）雾化电子烟及未成年人非法吸食电子烟的问题。 一直以来，英国对于新型烟草，尤其是雾化电子烟的立场则与WHO的观点存在显著差异。英国政府向来支持电子烟作为减少吸烟危害的替代品。根据英国政府的观点，电子烟可以帮助吸烟者戒烟，且其危害远低于传统烟草产品。 英国政策交流中心(Policy Exchange)的报告显示，吸烟对经济的影响巨大，而减少吸烟率不仅能改善健康状况，减轻国家健康服务系统的负担，还能促进生产力和经济增长。,烟草在线,未知,2024-01-30 00:00:00,http://www.tobaccochina.com/html/news/gjsy/672462.shtml,未知,戒烟、控烟,中性,未知
20240101726,男生戒烟以后的好处有哪些？,title: 男生戒烟以后的好处有哪些？ content: 刘先生酷爱吸烟，时不时就要在家里的客厅点上一根，其美名曰放松心情，为此刘太太总是苦不堪言。她想要劝说刘先生戒掉吸烟的毛病，便想从吸烟和害处和戒烟的好处两方面来劝导，那么男生吸烟的害处有哪些以及男生戒烟以后的好处有哪些呢？ 男生吸烟的害处有哪些？ 1、肺癌，长期吸烟的话会增加患上肺癌的风险，有研究证实，长期吸烟的人，其肺癌的发病率比不吸烟的人要高很多，而且吸烟的数量越多、吸烟年龄越久，其发病率也会越高。 2、心血管健康，长期吸烟会影响到心血管健康，从而增加大家患上心脏病和高血压的风险。 3、生殖健康，长期吸烟的话会影响生殖健康，从而导致男性精液质量下降、性功能低下，增加患上性功能障碍的风险。 4、二手烟，吸烟对周围人的健康也有负面影响，吸烟产生的二手烟同时也会增加身边的人患上肺癌、心血管疾病等疾病的风险。 男生戒烟以后的好处有哪些？ 1、可以降低患肺癌、心血管疾病和其他慢性病的风险。 2、可以提高精液质量，改善性功能和生育能力。 3、可以改善呼吸道健康，减少呼吸系统疾病的发生。 4、可以改善味觉和嗅觉，提高食欲和食物的口感。 5、可以改善睡眠质量，减少失眠和呼吸暂停综合症等睡眠障碍的发生。 总而言之，男生吸烟的坏处和戒烟的好处都是非常明显的。为了保护自己和周围人的健康安全，男生应该尽早戒烟，日常可以使用帕瑞可酒石酸伐尼克兰片进行戒烟。和市场上同类戒烟药物相比，它更加安全，且见效快、服用方便，能够双向调节，还是《烟草使用和临床治疗指南2008版》、《中国临床戒烟指南2015版》、《成人烟草依赖的药物治疗：美国胸科学会官方临床实践指南2020版》的推荐用药，是吸烟患者控烟的必备药物，立志走向控烟产品国内领导者地位。 听完男生吸烟的害处有哪些以及男生戒烟以后的好处有哪些之后，刘先生已经决心开始戒烟，听说还有不少男性朋友沉溺于烟草的世界里无法脱身，大家可以把这篇文章分享给有需要的朋友哦。,复禾健康,未知,2024-01-30 00:00:00,http://news.fh21.com.cn/ypzx/7387279.html,未知,戒烟、控烟,中性,未知
20240101733,上海宝山这个镇这样打造无烟环境,title: 上海宝山这个镇这样打造无烟环境 content: 每逢春节来临之际，带着满载祝福和仪式感的礼品走亲访友是中华传统文化中必不可少的习俗，烟草制品以其接受度高、包装精美自然也成了礼品中的“主力军”。但你真的知道让烟民们吞云吐雾、如痴如醉、飘飘欲仙的烟草有哪些危害吗？ 烟草不仅会对吸烟者自身造成不可逆的损伤，而且也会通过二手烟的形式夺走许多“无辜者”的生命。被动吸入的烟雾与吸烟者吸入的主流烟雾相比，其化学成分及各成分浓度有很大差异，其中一些化学成分对人体有严重危害，在二手烟中的含量甚至要高于一手烟。 世界卫生组织也强调，烟草流行是世界迄今所面临的最大的健康威胁之一。“饭后一支烟，快活似神仙”，而在这看似快活的背后，付出的是健康乃至生命的代价。 为进一步推动控烟工作开展，引导群众践行文明健康绿色环保生活方式，营造春节无烟氛围，上海市宝山区罗店镇社会事业办多措并举，久久为功。 多维度强化控烟宣传。宝山区罗店镇社会事业办通过开展“无烟，为健康护航，共建共享健康城市”第36个世界无烟日主题活动，居民区宣传大屏滚动播放禁烟标志、禁烟标语，各大居委在宝山社区通等线上平台进行控烟知识宣传，提高社区居民对控烟必要性的认识，人人参与控烟，自觉抵制烟害，营造良好的控烟氛围。 多层次落实控烟举措。统一制作禁烟标识，逐步更新所有法定禁烟场所内张贴的禁烟标识；镇政府、镇社区卫生服务中心、部分居民区设立室外吸烟点、吸烟柱，设置标准化室外吸烟点标识和引导标识，积极引导和培养吸烟自觉前往室外吸烟点或远离人群的意识和习惯，助力控烟精细化管理，共建、共享无烟健康城市。 下一步，宝山区罗店镇将继续助力无烟环境建设，推进“控烟行动三部曲”，丰富控烟知识宣传模式，加强禁烟场所监管执法力度，养成全民健康生活方式，营造健康文明的人居环境，为打造无烟宝山出谋划策、贡献智慧。,烟草在线,上海宝山,2024-01-30 00:00:00,http://www.tobaccochina.com/html/news/lxky/672812.shtml,未知,控烟,中性,未知
20240101741,大众社区开展“无烟佳节 与爱同行”控烟宣传活动,title: 大众社区开展“无烟佳节 与爱同行”控烟宣传活动 content: 新春佳节将至，为进一步推动控烟工作开展，引导居民践行文明健康绿色环保生活方式，更好地推广控烟理念、倡导“无烟环境”建设，促进居民减少烟草使用行为，营造良好的控烟氛围。近日，钢城街道大众社区开展“无烟佳节与爱同行”控烟主题活动。 活动中，社区志愿者向居民及商户讲解吸烟有害健康的知识，发放戒烟科普宣传知识手册，介绍吸烟带来的危害以及戒烟的好处，引导居民养成健康的生活方式和生活习惯。同时，通过电子屏播放“无烟佳节与爱同行”主题宣传标语，大力弘扬无烟健康过节文化，倡导大家过节不吸烟、不敬烟、不送烟，“对二手烟说不”共度无烟健康佳节。 通过此次“无烟佳节与爱同行”控烟主题宣传活动，号召大家从自己做起，从身边做起，不吸烟、不吸二手烟，加强锻炼身体，保持身体健康，积极参与全民健身活动，养成健康生活习惯，为共建美好生活贡献力量。(茹意),嘉峪关文明网,未知,2024-01-30 00:00:00,http://jyg.wenming.cn/wmpy/202401/t20240130_8414847.htm,未知,控烟、戒烟,正面,未知
20240101781,北京男性吸烟率略有上升  尝试戒烟率提高  近八成受访者支持将电子烟纳入禁烟法规,title: 北京男性吸烟率略有上升 尝试戒烟率提高 近八成受访者支持将电子烟纳入禁烟法规 summary: 最新调查显示，与2021年相比，北京市男性吸烟率略有上升，女性吸烟率略有下降，家庭二手烟暴露情况无明显改善，但尝试戒烟率提高。 content: 央广网北京1月29日消息（总台中国之声记者白杰戈）据中央广播电视总台中国之声报道，最新调查显示，与2021年相比，北京市男性吸烟率略有上升，女性吸烟率略有下降，家庭二手烟暴露情况无明显改善，但尝试戒烟率提高。北京市卫生健康委员会公布上述结果并表示，数据反映成人吸烟率降速减缓，已到达平台期，与2030年的目标仍有差距。 北京市第五次成人烟草流行调查结果显示，15岁及以上成人吸烟率为19.9%，与2021年持平。其中，男性吸烟率36.6%，比2021年上升0.6个百分点；女性吸烟率2.2%，比2021年下降0.5个百分点。此外，家庭二手烟暴露率为29.6%，与2021年相比无明显改善。公共空间的二手烟暴露率除室内工作场所、中小学校、政府大楼有所下降外，餐馆、大学、医疗机构、公共交通工具均与2021年基本持平。 虽然吸烟者几乎没有减少，但数据显示，想要戒烟的人有所增加。在所有曾经和现在吸烟人群中，戒烟率达到29.6%，比2021年提高2.6个百分点。现在吸烟者的尝试戒烟率由2021年的38.2%提高至41.8%，有戒烟计划的比例由2021年的19.2%提高至23.7%。 北京市卫生健康委表示，上述数据反映北京的成人吸烟率降速减缓，已到达平台期，距离健康北京行动提出的“到2030年，成人吸烟率低于17%”的目标仍有一定差距。但北京市吸烟者在无烟文化的熏陶下，有较强的戒烟动机和戒烟需求，是开展戒烟服务的可干预对象。 这次调查覆盖北京全市16个区（除经开区）、50个街道（乡镇）、100个居（村）委会的13033个家庭户，共完成有效问卷10727份。 调查结果还显示，电子烟并未获得北京市居民的额外青睐。曾经使用过电子烟的比例由2021年的7.4%下降至6.6%，现在使用电子烟的比例则由3.2%下降至2.2%；另有77.4%的受访者表示支持将电子烟纳入现有禁烟法规。 针对无烟街区设置问题，北京市民对多项措施持支持态度：87.2%的受访者赞同在办事机构的室外公共区域设置吸烟区，90.2%赞同在各单位的入口处设置灭烟处，78.0%赞同在城市街区广场的开阔位置设置吸烟区。 北京市卫生健康委介绍，自2015年《北京市控制吸烟条例》出台以来，北京的控烟工作成效显著，成人吸烟率连续下降，并于2021年提前达到了健康北京行动提出的“到2022年，15岁及以上成人吸烟率低于20%”的目标。下一阶段，北京将继续深入推进健康北京行动，严格落实《北京市控制吸烟条例》，加强控烟执法，积极开展戒烟服务，深入推进无烟场所建设，进行更有针对性的控烟宣传，倡导健康文明生活方式，争取在全社会形成合力，共同打造“无烟北京”。 编辑:王胜留,央广网,未知,2024-01-29 21:04:06,http://china.cnr.cn/gdgg/20240129/t20240129_526575764.shtml,未知,戒烟、控烟,中性,未知
20240101788,调查数据：北京现在吸烟者尝试戒烟率提高至41.8%,title: 调查数据：北京现在吸烟者尝试戒烟率提高至41.8% summary: 自2015年《北京市控制吸烟条例》出台以来，北京市控烟工作成效显著，成人吸烟率连续下降，并于2021年提前达到了健康北京行动提出的到2022年，15岁及以上成人吸烟率低于20%的目标。 content: 中新网北京1月29日电 自2015年《北京市控制吸烟条例》出台以来，北京市控烟工作成效显著，成人吸烟率连续下降，并于2021年提前达到了健康北京行动提出的“到2022年，15岁及以上成人吸烟率低于20%”的目标。北京市卫生健康委发布了第五次成人烟草流行调查数据结果，15岁及以上成人吸烟率为19.9%，与2021年持平。 第五次成人烟草调查覆盖全市16个区(除经开区)、50个街道(乡镇)、100个居(村)委会的13033个家庭户，共完成有效问卷10727份。调查结果显示，成人吸烟率降速减缓，已到达了平台期，距离健康北京行动提出的“到2030年，成人吸烟率低于17%”目标仍有一定差距，其中男性吸烟率36.6%，比2021年上升了0.6个百分点；女性吸烟率2.2%，比2021年下降了0.5个百分点；家庭二手烟暴露率为29.6%，二手烟暴露情况比2021年并无明显改善。 除室内工作场所、中小学校、政府大楼的二手烟暴露率有所下降外，餐馆、大学、医疗机构、公共交通工具的二手烟暴露率则与2021年基本持平。 在所有曾经和现在吸烟人群中，戒烟率达到了29.6%，比2021年提高了2.6个百分点。现在吸烟者的尝试戒烟率由2021年的38.2%提高至41.8%，有戒烟计划的比例由2021年的19.2%提高至23.7%。这些数据表明，北京市吸烟者在无烟文化的熏陶下，有较强的戒烟动机和戒烟需求，是开展戒烟服务的可干预对象。 此外，电子烟并未获得北京市居民额外的青睐。调查中，曾经使用过电子烟的比例由2021年的7.4%下降至6.6%，现在使用电子烟的比例则由3.2%下降至2.2%；另有77.4%的受访者表示支持将电子烟纳入现有禁烟法规。 针对无烟街区设置问题，北京市民对多项措施持支持态度：87.2%的受访者赞同在办事机构的室外公共区域设置吸烟区，90.2%赞同在各单位的入口处设置灭烟处，78.0%赞同在城市街区广场的开阔位置设置吸烟区。 下一阶段，北京将继续深入推进健康北京行动，严格落实《北京市控制吸烟条例》，加强控烟执法，积极开展戒烟服务，深入推进无烟场所建设，进行更有针对性的控烟宣传，倡导健康文明生活方式，全社会形成合力，共同打造无烟北京。(完),中国新闻网,胡寒笑,2024-01-29 19:51:00,http://www.chinanews.com.cn/sh/2024/01-29/10155003.shtml,未知,戒烟、控烟,中性,未知
20240101794,北京市15岁及以上成人吸烟率为19.9%_北京时间,title: 北京市15岁及以上成人吸烟率为19.9%_北京时间 summary: 自2015年《北京市控制吸烟条例》出台以来，本市控烟工作成效显著，成人吸烟率连续下降，并于2021年提前达到了健康北京行动提出的到2022年， 15岁及以上成人吸烟率低于20%的目标。 content: 北京市15岁及以上成人吸烟率为19.9% 北京市15岁及以上成人吸烟率为19.9% （记者贾湧强）自2015年《北京市控制吸烟条例》出台以来，本市控烟工作成效显著，成人吸烟率连续下降，并于2021年提前达到了健康北京行动提出的“到2022年，15岁及以上成人吸烟率低于20%”的目标。近日，北京市卫生健康委发布了第五次成人烟草流行调查数据结果，15岁及以上成人吸烟率为19.9%，与2021年持平。 第五次成人烟草调查覆盖全市16个区（除经开区）、50个街道（乡镇）、100个居（村）委会的13033个家庭户，共完成有效问卷10727份。调查结果显示，成人吸烟率降速减缓，已到达了平台期，距离健康北京行动提出的“到2030年，成人吸烟率低于17%”目标仍有一定差距。其中男性吸烟率36.6%，比2021年上升了0.6个百分点，女性吸烟率2.2%，比2021年下降了0.5个百分点。此外，家庭二手烟暴露率为29.6%，二手烟暴露情况比2021年并无明显改善。除室内工作场所、中小学校、政府大楼的二手烟暴露率有所下降外，餐馆、大学、医疗机构、公共交通工具的二手烟暴露率则与2021年基本持平。 在所有曾经和现在吸烟人群中，戒烟率达到了29.6%，比2021年提高了2.6个百分点。现在吸烟者的尝试戒烟率由2021年的38.2%提高至41.8%，有戒烟计划的比例由2021年的19.2%提高至23.7%。这些数据表明，北京市吸烟者在无烟文化的熏陶下，有较强的戒烟动机和戒烟需求，是开展戒烟服务的可干预对象。此外，电子烟并未获得北京市居民额外的青睐。调查中，曾经使用过电子烟的比例由2021年的7.4%下降至6.6%，现在使用电子烟的比例则由3.2%下降至2.2%；另有77.4%的受访者表示支持将电子烟纳入现有禁烟法规。 针对无烟街区设置问题，北京市民对多项措施持支持态度：87.2%的受访者赞同在办事机构的室外公共区域设置吸烟区，90.2%赞同在各单位的入口处设置灭烟处，78.0%赞同在城市街区广场的开阔位置设置吸烟区。 下一阶段，本市将继续深入推进健康北京行动，严格落实《北京市控制吸烟条例》，加强控烟执法，积极开展戒烟服务，深入推进无烟场所建设，进行更有针对性的控烟宣传，倡导健康文明生活方式，全社会形成合力，共同打造无烟北京。,北京网络广播电视台,未知,2024-01-29 18:36:51,http://item.btime.com/41qsl5q650i8q3a26110ahq1esg,未知,控烟、戒烟,中性,未知
20240101809,【控烟笔记】控烟小马甲，发挥大作用,title: 【控烟笔记】控烟小马甲，发挥大作用 content: 拒绝吸烟 绿色办公 朝阳区控烟志愿者服务分队 李华 为积极贯彻北京“禁烟工作，无烟办公”精神，给广大群众提供绿色、无烟的工作和学习环境，北京朝阳控烟志愿者服务分队巡查及宣传“控烟、禁烟”活动在朝阳区望京SOHO如期展开。 活动中，志愿者们分为两个小组，每组分别由4名志愿者和1-2名物业人员组成，分头针对办公大厦的楼道、电梯间、货梯间、地下车库、卫生间等处进行巡查，查看有无违规吸烟人员，以及捡拾烟头，并且查看有无明显的禁言标识，确保禁止吸烟的标识贴在了办公大厦的显著位置，增加了视觉冲击力和警示作用。 巡查工作结束以后，志愿者们和物业人员向过往的人员和大厦内的公司前台分发禁言宣传单，展示并讲解烟草对人体的危害，介绍控烟条令及戒烟知识，积极引导人们远离烟草危害。 下午6:00，活动圆满结束。通过此次禁烟活动的成功开展，大厦内的人员了解到吸烟危害，消除了在吸烟认识上的误区。让“拒绝吸烟，绿色办公”的观念深入人心。同时，此次活动也为2023年的控烟志愿工作完美官，2024年，我们将继续发扬无私奉献的志愿精神，让这股“清新蓝”“吹”向我们北京的各个角落。 控烟小马甲 发挥大作用 ——引导员志愿者学校周边控烟纪实 海淀区控烟志愿者服务分队 刘月华 星期三，又是一个控烟宣传的日子。海淀控烟志愿服务队学院路街道的引导员控烟志愿者时刻牢记使命，不管是在站台服务，还是在学校门前维护秩序、或是服务进出校园的学生，只要遇周三，都不会忘记宣传控烟。 今天一大早，借着路灯的光亮，人们看到服务在公交（地铁）站台的引导员志愿者们再次穿上了控烟马甲，不管是进行上岗前的准备，还是服务上下车的乘客，怎么看，马甲上面的几个“控烟志愿者”反光大字都特别显眼，而且很具有提示性。在“中国农业大学附属小学”门前，身穿控烟马甲的引导员志愿者一边引导送学生的车辆即停即走，确保校园周边秩序畅通，一边帮助下车的学生们穿好外罩、背好书包，嘱咐学生们“天太冷，快进教室”。在“海淀区第三实验小学展春分校”服务的队员们也是一样，由于身上穿着“控烟马甲”服务学生，“控烟”也自然成了一项“流动”式的宣传。队员们看到有人在学校周边吸烟时，就主动走上前进行柔性劝导：“这里学生多，您想抽也请先忍忍啊”，有个别接孩子的家长想“抽一口暖和暖和”，可看到今天服务的引导员都穿上了写有“控烟志愿者”的蓝马甲时，就默默地收起了将要点燃的卷烟。 每周三引导员都会身穿控烟蓝马甲上岗服务，用行动宣传控烟。作为一种宣传形式，在控烟志愿者中早已形成习惯，感觉再平常不过的事。今天一位在现场等着接学生的家长，看到上述经过时，对正在服务的引导员说：“别看这马甲小、对付抽烟的人还真管用”。作为控烟志愿者，虽然无心“对付”谁，但还是真正体会到“控烟马甲”和控烟志愿这一样，在控烟宣传中发挥了不可替代的重要作用。 继续滑动看下一个 【控烟笔记】控烟小马甲，发挥大作用 无烟北京 轻触阅读原文 无烟北京 赞 分享 在看 写留言 向上滑动看下一个 原标题：《【控烟笔记】控烟小马甲，发挥大作用》 阅读原文,澎湃新闻,未知,2024-01-29 18:10:00,http://www.thepaper.cn/newsDetail_forward_26185224,未知,控烟、戒烟,中性,未知
20240101816,北京成人吸烟率降速减缓 15岁及以上成人吸烟率为19.9%,title: 北京成人吸烟率降速减缓 15岁及以上成人吸烟率为19.9% summary: 记者阮修星）近日，北京市卫生健康委发布第五次成人烟草流行调查数据结果，15岁及以上成人吸烟率为19.9%，与2021年持平。 content: 央广网北京1月29日消息（记者 阮修星）近日，北京市卫生健康委发布第五次成人烟草流行调查数据结果，15岁及以上成人吸烟率为19.9%，与2021年持平。 第五次成人烟草调查覆盖北京市16个区（除经开区）、50个街道（乡镇）、100个居（村）委会的13033个家庭户，共完成有效问卷10727份。 调查结果显示，成人吸烟率降速减缓，已到达平台期，距离健康北京行动提出的“到2030年，成人吸烟率低于17%”目标仍有一定差距。其中男性吸烟率36.6%，比2021年上升0.6个百分点；女性吸烟率2.2%，比2021年下降0.5个百分点。家庭二手烟暴露率为29.6%，二手烟暴露情况比2021年并无明显改善。除室内工作场所、中小学校、政府大楼的二手烟暴露率有所下降外，餐馆、大学、医疗机构、公共交通工具的二手烟暴露率则与2021年基本持平。 在所有曾经和现在吸烟人群中，戒烟率达到29.6%，比2021年提高2.6个百分点。现在吸烟者的尝试戒烟率由2021年的38.2%提高至41.8%，有戒烟计划的比例由2021年的19.2%提高至23.7%。这些数据表明，北京市吸烟者在无烟文化的熏陶下，有较强的戒烟动机和戒烟需求，是开展戒烟服务的可干预对象。 电子烟并未获得北京市居民额外的青睐。调查中，曾经使用过电子烟的比例由2021年的7.4%下降至6.6%，现在使用电子烟的比例则由3.2%下降至2.2%；77.4%的受访者表示支持将电子烟纳入现有禁烟法规。 针对无烟街区设置问题，北京市民对多项措施持支持态度。87.2%的受访者赞同在办事机构的室外公共区域设置吸烟区，90.2%赞同在各单位的入口处设置灭烟处，78%赞同在城市街区广场的开阔位置设置吸烟区。 接下来，北京市将继续深入推进健康北京行动，严格落实《北京市控制吸烟条例》，加强控烟执法，积极开展戒烟服务，深入推进无烟场所建设，进行更有针对性的控烟宣传，倡导健康文明生活方式，全社会形成合力，共同打造无烟北京。,央广网,庞婷,2024-01-29 17:58:28,http://www.cnr.cn/bj/oiue/20240129/t20240129_526575574.shtml,未知,戒烟、控烟,中性,未知
20240101838,杜集镇：推进爱国卫生运动 开展禁烟宣传工作,title: 杜集镇：推进爱国卫生运动 开展禁烟宣传工作 summary: 杜集镇：推进爱国卫生运动开展禁烟宣传工作春节即将来临，杜集镇卫健办、计生协在辖区内有针对性地开展爱国卫生运动，开展禁烟宣传，组织工作人员和志愿者们到街道发放宣传折页，并深入餐馆、农贸市场、超市、诊所、理发店等社区公共场所张贴禁烟标识。 content: 春节即将来临，杜集镇卫健办、计生协在辖区内有针对性地开展爱国卫生运动，开展禁烟宣传，组织工作人员和志愿者们到街道发放宣传折页，并深入餐馆、农贸市场、超市、诊所、理发店等社区公共场所张贴禁烟标识，提醒经营者提升控烟意识，呼吁他们主动摒弃不文明、不卫生的行为习惯，共同营造干净整洁的卫生环境。倡导文明绿色环保生活方式，弘扬无烟健康过节文化，全面推进健康杜集建设。 通过发放宣传资料、播放宣传标语等形式，向公众普及吸烟对个人健康和环境的危害，强调无烟生活的重要性。并设立咨询台，向过往群众宣传爱国卫生条例、中老年人慢性病防治、食品安全、环境卫生、垃圾分类、控烟行动等知识，针对不同吸烟习惯和戒烟方式进行耐心细致解答，更好地提升群众戒烟意识。 连日来，杜集镇大力推进“健康杜集”建设，呼吁群众培养自主自律的生活习惯，从个人做起，从点滴做起，把文明健康、绿色环保的生活方式融入到日常行为当中，让更多的居民积极参与到控烟行动中来，做文明健康生活方式的实践者和受益者。（陆媛媛） 来源： 中安在线 作者： 编辑：刘心珠,中安在线,未知,2024-01-29 17:27:00,http://ah.anhuinews.com/hf/xzfc/202401/t20240129_7344584.html,未知,控烟、戒烟,正面,未知
20240101844,校园中振奋人心的标语（精选90句）,title: 校园中振奋人心的标语（精选90句） summary: 校园中振奋人心的标语。生命只有一次，怎能断送在香烟上？公共场所不吸烟，健康生活每一天。成功者决不放弃，放弃者决不成功。远离香烟拒危害，无烟生活更健康。立志漫长清华园，刻苦方能未明湖。战胜自我不服输，高考场上显身手。快马加鞭，君为先，自古英雄出少年。教师最佳的教育方法是做出榜样。 content: 1.生命只有一次，怎能断送在香烟上？ 2.我自信，故我成功；我行，我一定能行。 3.学校是学习之所，文明是成功之本。 4.公共场所不吸烟，健康生活每一天。 5.不是境况造就人，而是人造就境况。 6.人生难得几回搏，此时不搏，何时搏。 7.宝剑锋从磨砺出梅花香自苦寒来！ 8.好方法事半功倍，好习惯受益终身。 9.让爱心伴我左右，让文明与你同行。 10.拼一个秋冬春夏，赢一生无怨无悔。 11.静下来，铸我实力；拼上去，亮我风采。 12.千淘万漉虽辛苦，吹尽狂沙始到金。 13.精雕细刻出精品，千锤百炼铁成金。 14.力览前贤国与家，成由勤俭破由奢。 15.不为失败找理由，要为成功想办法。 16.不放过一点疏漏，不放弃一分希望。 17.行胜于言，超越自我，知识启迪智慧。 18.高三高考高目标，苦学善学上好学。 19.我自信，故我成功、我行，我一定能行。 20.落实就是成绩，永不放弃，拼出奇迹。 21.不惜寸阴于今日，必留遗憾于明日。 22.拿望远镜看别人，拿放大镜看自己。 23.小小烟头危害多，烟雾侵害你我他。 24.不夺桂冠誓不回，那怕销得人憔悴。 25.不读清华不肯休，我心一片磁针石。 26.用语言走向世界，让世界走近我们。 27.抽烟吸进的是痛快，吐出的是健康。 28.公共场所是我家，全面控烟靠大家。 29.立身以立学为先，立学以读书为本。 30.千淘万漉虽辛苦，千锤百炼始成金。 31.志不真则心不热，心不热则功不贤。 32.人生能有几回搏，今日不搏何时搏。 33.宝剑锋从磨砺出，梅花香自苦寒来。 34.沉诸平静而炼己，起于一战而惊人。 35.孩儿立志出乡关，学不成名誓不还。 36.立志欲坚不欲锐，成功在久不在速。 37.把汗水变成珍珠，把梦想变成现实！ 38.好说己长便是短，自知己短便是长。 39.志不坚者智不达，言不信者行不果。 40.清新环境你我帮，拒绝烟扰促健康。 41.心存大志舒豪气，声声誓词冲云霄。 42.成功者决不放弃，放弃者决不成功。 43.欲望以提升热忱，毅力以磨平高山。 44.六月鲜花为我开，誓把高考踩脚下。 45.少一支灰色的烟，多一片蓝色的天。 46.为了我们大家的生存，请节约用水。 47.脚踏实地山让路，持之以恒海可移。 48.远离香烟拒危害，无烟生活更健康。 49.立志漫长清华园，刻苦方能未明湖。 50.不一定烟雾缭绕的地方才是天堂。 51.开展课堂笔记大赛，倡导优良学风。 52.昆仑纵有千丈雪，我亦誓把昆仑截。 53.还校园清新空气，在你我手指之间。 54.战胜自我不服输，高考场上显身手。 55.快马加鞭，君为先，自古英雄出少年。 56.今日有心苦勤奋，明朝一举步青云。 57.自信人生二百年，会当水击三千里。 58.当凌绝顶于风啸，誓留无悔于明天。 59.拼两个春夏秋冬，博高考无怨无悔。 60.勤能补拙是良训，一分辛劳一分才。 61.早起晚睡捧书读，只为明日破茧开。 62.千淘万漉虽辛苦，吹尽黄沙始到玺。 63.不是一番寒彻骨，怎得梅花扑鼻香。 64.青霄有路终须到，金榜无名誓不归。 65.不经一番寒彻骨，怎得考试高分来。 66.路虽近，不行不到；事虽小，不为不成。 67.虽是指间的风景，却是燃耗着生命。 68.百尺竿头须进步，十方世界是全身。 69.白色烟雾害你我，损人祸己罪难当。 70.北大清华少年心，花香鸟语春天事。 71.登高山务攻绝顶，赏大雪莫畏严寒。 72.易题不丢失半分，难题不放弃努力。 73.既然选择了远方，便只顾风雨兼程。 74.拼一个春夏秋冬，换一生无怨无悔。 75.我心一片磁针石，不读清华不肯休。 76.立志宜思真品格，读书须尽苦功夫。 77.好习惯成就一生，坏习惯毁人前程。 78.给自己一个目标，让生命为它燃烧。 79.快马加鞭君为先，自古英雄出少年。 80.十年磨剑为一搏，六月试锋现真我。 81.安逸的环境造就不出时代的英才。 82.书到用时方恨少，事非经过不知难。 83.爱人者，人恒爱之；敬人者，人恒敬之。 84.龙吟八洲行壮志，凤舞九天挥鸿图。 85.纸上得来终觉浅，绝知此事要躬行。 86.要给成功找方法，不给失败找理由。 87.不比智力比努力，不比起点比进步。 88.笑看人生峰高处，唯有磨难多正果。 89.勿以恶小而为之，勿以善小而不为。 90.教师最佳的教育方法是做出榜样。,早安网,未知,2024-01-29 17:14:49,http://www.zaoan5.com/juzidaquan/jingdian/8264.html,未知,控烟,正面,未知
20240101856,深圳市卫生健康委关于发布深圳市控烟标识标线制作和设置指引（2024版）的公告,title: 深圳市卫生健康委关于发布深圳市控烟标识标线制作和设置指引（2024版）的公告 summary: 深圳市卫生健康委关于发布深圳市控烟标识标线制作和设置指引的公告根据《深圳经济特区控制吸烟条例》第二十条规定，我委组织制定了《深圳市控烟标识标线制作和设置指引》，现予以公告。 content: 根据《深圳经济特区控制吸烟条例》第二十条规定，我委组织制定了《深圳市控烟标识标线制作和设置指引（2024版）》，现予以公告。 深圳市卫生健康委员会 2024年1月31日 深圳市控烟标识标线制作和设置指引 （2024版） 一、控烟标识标线种类 （一）禁止吸烟标识。 （二）禁止吸烟公告。 （三）烟草制品销售场所控烟标识。 （四）室外地面禁止吸烟标识及标线。 （五）吸烟点标识。 （六）控烟投诉标识。 二、控烟标识的核心元素 （一）禁止吸烟符号：禁止吸烟符号的烟草制品图形必须由传统卷烟和电子烟图形组成。 （二）禁止吸烟警示语：禁止吸烟（含电子烟）（NO SMOKING&lt;Including E-cigarettes）或本区域全面禁止吸烟（This area is smoke-free&lt;Including E-cigarettes）。 （三）违法处罚额度： 1.个人违法吸烟处罚额度：违者罚款50-500元（Penalty for violation is ¥50-500）。 2.烟草制品销售者违法向未成年人出售烟草制品处罚额度：违者罚款30000元（Penalty for violation is ¥30000）。 （四）监督投诉方式： 1.政府监督投诉电话：深圳市人民政府监督投诉电话12345（Complaint hotline 12345）。 2.监督投诉小程序：扫“别抽啦”投诉（Scan code to report smoking violation）。 （五）吸烟有害健康警示语：“吸烟危害健康（Smoking is harmful）”。 （六）禁止向未成年人出售烟草制品警示语：“禁止向未成年人售烟（含电子烟)（No tobacco sales to minors &lt; Including E-cigarettes）”。 三、控烟标识标线制作要求 （一）禁止吸烟标识和公告必须包含“禁止吸烟符号”“禁止吸烟警示语”“违法处罚额度”和“监督投诉方式”（包括电话和小程序）。 （二）烟草制品销售场所控烟标识必须包含“吸烟有害健康警示语”和“禁止向未成年人出售烟草制品警示语”。 （三）室外地面禁止吸烟标识及标线必须包含“禁止吸烟符号”，可结合实际添加“禁止吸烟警示语”。 （四）吸烟点标识必须包含“吸烟有害健康警示语”。 （五）控烟标识不得设置任何与控烟无关的广告内容。 （六）禁止吸烟场所经营者和管理者及烟草制品销售者可根据自身特点，设计制作控烟标识，但标识比例、禁止吸烟符号比例、字体样式原则上应与附件中的设计样板保持一致。外籍人员出入、停留较多的禁止吸烟场所应采用相应的中英文双语版。 四、控烟标识设置范畴 （一）《深圳经济特区控制吸烟条例》等有关法律法规规定的各类禁止吸烟场所，均应按要求设置禁止吸烟标识和禁止吸烟公告。 1.禁止吸烟场所必须设置禁止吸烟标识和公告。重点禁烟场所和区域还应配套设置控烟投诉标识。 2.鼓励室外禁止吸烟场所在地面喷绘禁止吸烟标识及标线。 （二）烟草制品销售者必须在其售烟场所的明显位置设置烟草制品销售场所控烟标识。 （三）允许设置吸烟点的室外场所，应在非吸烟区设置吸烟点指引，在吸烟点设置吸烟点标识。 （四）鼓励具备影音播放系统的禁止吸烟场所，如互联网上网服务营业场所、歌舞娱乐场所、公共交通室外站台、公共交通工具等，采用语音、视频、图文等方式播放控烟提示和标识。 五、控烟标识大小和设置要求 （一）标识大小。各类控烟标识具体印制尺寸不限，可以根据各场所的大小按模板要求调整，但必须保证在5米以外能够清晰可见。 （二）设置要求。 控烟标识的设置以受众能够及时、有效被告知为原则。 1.在禁止吸烟场所显著位置处设置禁止吸烟标识。 2.在禁止吸烟场所入口处还应设置禁止吸烟公告。 3.室外的禁止吸烟场所如公园、旅游景点等，应在场所主要出入口、购票区、休息区、人群集中活动区域等设置控烟标识，场所固定的宣传栏、指示牌等应增加控烟标识。 4.公共电梯内、公共交通工具内至少1个禁止吸烟标识。 5.步行楼梯各层拐角处至少1个禁止吸烟标识。 六、控烟标识模板图例下载方式 控烟标识模板图例可在深圳市卫生健康委员会网站下载，下载路径：信息公开-信息公开目录-其他-通知公告-《深圳市控烟标识标线制作和设置指引（2024版）》。,深圳市人民政府门户网站,未知,2024-01-29 17:09:00,http://www.sz.gov.cn/cn/xxgk/zfxxgj/bmdt/content/post_11125673.html,未知,控烟,正面,未知
20240101869,北京成人吸烟率降速已到平台期 7成受访者支持电子烟纳入控烟法,title: 北京成人吸烟率降速已到平台期 7成受访者支持电子烟纳入控烟法 summary: 记者戴轩）记者从北京市卫健委了解到，近日，北京市卫生健康委发布了第五次成人烟草流行调查数据结果，15岁及以上成人吸烟率为19.9%，与2021年持平。 content: 新京报讯（记者戴轩）记者从北京市卫健委了解到，近日，北京市卫生健康委发布了第五次成人烟草流行调查数据结果，15岁及以上成人吸烟率为19.9%，与2021年持平。 据了解，第五次成人烟草调查覆盖北京市16个区（除经开区）、50个街道（乡镇）、100个居（村）委会的13033个家庭户，共完成有效问卷10727份。 调查结果显示，成人吸烟率降速减缓，已到达了平台期，距离健康北京行动提出的“到2030年，成人吸烟率低于17%”目标仍有一定差距。其中男性吸烟率36.6%，比2021年上升了0.6个百分点，女性吸烟率2.2%，比2021年下降了0.5个百分点。 此外，家庭二手烟暴露率为29.6%，二手烟暴露情况比2021年并无明显改善。除室内工作场所、中小学校、政府大楼的二手烟暴露率有所下降外，餐馆、大学、医疗机构、公共交通工具的二手烟暴露率则与2021年基本持平。 在所有曾经和现在吸烟人群中，戒烟率达到了29.6%，比2021年提高了2.6个百分点。现在吸烟者的尝试戒烟率由2021年的38.2%提高至41.8%，有戒烟计划的比例由2021年的19.2%提高至23.7%。这些数据表明，北京市吸烟者在无烟文化的熏陶下，有较强的戒烟动机和戒烟需求，是开展戒烟服务的可干预对象。 此外，电子烟并未获得北京市居民额外的青睐。调查中，曾经使用过电子烟的比例由2021年的7.4%下降至6.6%，现在使用电子烟的比例则由3.2%下降至2.2%；另有77.4%的受访者表示支持将电子烟纳入现有禁烟法规。 针对无烟街区设置问题，北京市民对多项措施持支持态度：87.2%的受访者赞同在办事机构的室外公共区域设置吸烟区，90.2%赞同在各单位的入口处设置灭烟处，78.0%赞同在城市街区广场的开阔位置设置吸烟区。 编辑 唐峥 校对 刘越,新京报,未知,2024-01-29 16:37:00,http://www.bjnews.com.cn/detail/1706513357129841.html,未知,控烟、戒烟,中性,未知
20240101876,争创无烟单位 共享健康佳节,title: 争创无烟单位 共享健康佳节 summary: 为进一步推动落实控烟工作，引导干部职工践行文明健康绿色环保的生活方式，营造无烟氛围，共度健康佳节，明光融资担保有限公司积极响应市爱卫办关于开展控烟活动的相关要求，于1月29日召开无烟佳节与爱同行控烟专题会议。 content: 为进一步推动落实控烟工作，引导干部职工践行文明健康绿色环保的生活方式，营造无烟氛围，共度健康佳节，明光融资担保有限公司积极响应市爱卫办关于开展控烟活动的相关要求，于1月29日召开“无烟佳节 与爱同行”控烟专题会议。 专题会上，明光担保公司全体职工集中学习《关于领导干部带头在公共场所禁烟有关事项的通知》，并观看了控烟宣传视频。 会议要求，公司全体干部职工要严格按照要求践行科学、健康的文明生活方式，营造良好的无烟工作环境和节日氛围，充分发挥国企员工在控烟工作中的示范引领作用，引导身边人不吸烟，不敬烟，不送烟，增强群众控烟的自觉性和社会责任感，主动做控烟宣传者和倡导者。,明光市政府,王迪,2024-01-29 16:31:00,http://www.mingguang.gov.cn/zwdt/xwlb/bmdt/278384778.html,未知,控烟,中性,未知
20240101897,国家疾控中心对魏都区社区开展调研,"title: 国家疾控中心对魏都区社区开展调研 content: 大河网讯 近日，国家疾控中心控烟办公室研究员杨焱、项目官员谢慧宇对魏都区社区戒烟综合干预研究项目进行调研督导。 /format/jpg"" 河南省疾控中心健康教育所所长刘占峰，控烟工作负责人王卫峰、乔豆，许昌市疾控中心副主任谭莉娜、健康教育科长葛冰玉，魏都区疾控中心主任信保祥、副主任申强、健康教育科长张军杰及相关业务人员共计30余人在魏都区疾控中心参加项目汇报。 魏都区疾控中心健康教育科科长张军杰围绕项目目前进展情况、存在的困难和问题、下步的工作打算等三方面对魏都区综合干预研究项目总体进展情况进行汇报。 /format/jpg"" 随后，调研组深入魏都区五一路社区卫生服务中心、烤厂社区居委会、烤厂社区项目社区宣传活动现场、许继社区居委会、许继社区卫生服务站、西关社区卫生服务中心、新兴社区卫生服务中心，实地查看成员单位项目服务阵地建设运行情况。现场询问成员单位相关负责同志及戒烟对象，通过专家评估、听取汇报、查阅资料、座谈交流等方式了解项目进展情况、取得成效、困难问题及下一步打算。调研组对五一路社区卫生服务中心戒烟干预室设备设施；利用全科诊室、家庭医生团队招募模式；对西关社区戒烟宣传流程及线上线下实施方法；对许继社区创新“3＋1”复吸人员全要素戒烟工作模式等经验做法给与了充分肯定。同时对项目招募人员最有效模式、干预时间节点的合理性、“3＋1”复吸人员干预时间点把控、老烟民电话回访、科学用药戒烟、将戒烟项目加入家庭医生服务内容等方面提出参考性建议。 调研结束后，魏都区立即组织召开项目联席座谈会议。项目负责人汇报了相关社区进展情况。专家组对社区戒烟项目团队的组建、工作细节认真再次给与充分肯定；就存在的问题逐一研究整改措施、明确整改责任，就完善戒烟干预模式集思广益、创新措施；同时对项目执行的标准要求、技能培训、时间节点把控、干预对象资料完善、项目宣传要点、招募对象是否符合标准、项目紧密结合群众关心问题等方面提出了明确工作要求。 下一步，魏都区将健全考核机制，压实工作责任，强化项目监管，加强部门联动、心理干预、阵地建设、社会宣传等工作，总结推广经验，扩大无烟单位创建覆盖面，力争公众控烟意识逐步提高，全民健康素养显著提升，吸烟率逐步下降，戒烟率和减烟率达到预期水平。（薛小锋/文图）",大河网,未知,2024-01-29 15:44:00,http://city.dahe.cn/2024/01-29/1707283.html,未知,控烟、戒烟,中性,未知
20240101905,南宁高新区开展“无烟佳节 与爱同行”进校园宣讲活动,title: 南宁高新区开展“无烟佳节 与爱同行”进校园宣讲活动 summary: 南宁高新区开展无烟佳节与爱同行进校园宣讲活动1月26日，为进一步推动控烟工作开展，引导师生践行文明健康绿色环保生活方式，营造新春佳节无烟氛围，高新区卫健局联合高新小学南校区，利用中小学放假前最后一节课，以无烟佳节与爱同行为主题开展控烟知识宣讲活动。 content: 1月26日，为进一步推动控烟工作开展，引导师生践行文明健康绿色环保生活方式，营造新春佳节无烟氛围，高新区卫健局联合高新小学南校区，利用中小学放假前最后一节课，以“无烟佳节与爱同行”为主题开展控烟知识宣讲活动，引导师生充分认识烟草危害，养成健康的生活方式和生活习惯。 此次讲座围绕我国烟民数量、吸烟现状、烟民低龄化发展趋势以及二手烟对人体的危害等方面，通过发放控烟科普宣传折页、讲解吸烟和二手烟的危害，以及现场解答问题等方式，帮助师生树立“拒吸第一支烟，做无烟新一代”的理念，鼓励师生成为学校、家庭控烟监督员，促进无烟学校、无烟家庭建设。活动现场以“小手牵大手”的形式，使师生们意识到吸烟不仅是对环境的破坏，还是对身边人的一种伤害，引导家长不吸烟，主动戒烟，为学生健康成长作表率。 本次活动受众师生84余人，发放折页约100份，提高了师生对吸烟危害的认识，也进一步增强了自我保健意识和健康素养。（高新区卫健局王新月）,广西南宁市卫生健康委员会网站,未知,2024-01-29 15:16:00,http://wjw.nanning.gov.cn/gzdt/xqdt/t5842291.html,未知,控烟、戒烟,正面,未知
20240101912,无烟佳节 与爱同行 -合阳古莘社区开展控烟健康宣传教育活动,title: 无烟佳节 与爱同行 -合阳古莘社区开展控烟健康宣传教育活动 content: 合阳文明网讯： 临近春节，为了提高居民对烟草危害的认识，引导居民养成健康文明的生活方式，共同营造一个无烟、健康、绿色、和谐的节日氛围，1月26日，城关街道古莘社区联合社区卫生服务站开展“无烟佳节 与爱同行”控烟健康宣传教育活动。 活动现场，社区医生为大家讲解了烟草的危害，吸烟的主要表现，吸烟诱发的危害，以及如何科学戒烟。同时，通过互动问答环节，让社区居民了解吸烟对个人和家庭的危害，引导大家树立正确健康观念。讲座结束之后，社区工作者到辖区内还向居民发放了“无烟佳节 与爱同行”倡议书，号召居民为了自己和家人的健康不吸或少吸烟，共建无烟社区，共享健康生活。 烟草之害，害人害己；禁烟控烟，呵护健康。此次控烟禁烟宣传活动，提高了居民对烟草危害的认识，也为创造无烟、健康的生活环境夯实基础。下一步，古莘社区将常态化开展禁烟健康知识宣传教育活动，让更多的人自觉参与到禁烟活动中来，共建无烟社区，共度无烟健康佳节，共享健康生活。,合阳文明网,未知,2024-01-29 14:33:00,http://www.heyangwmw.com/zx/jjgy/uUrmqe.htm,未知,控烟、戒烟,正面,未知
20240101940,“无烟佳节 与爱同行”——三港乡开展禁烟宣传活动,title: “无烟佳节 与爱同行”——三港乡开展禁烟宣传活动 summary: 无烟佳节与爱同行——三港乡开展禁烟宣传活动为营造新春佳节无烟氛围，引导群众践行文明健康、绿色环境价值观，进一步推动控烟工作，营造无烟公共环境，近日，三港乡开展以无烟佳节与爱同行为主题的系列控烟活动。下一步，三港乡将持续开展控烟宣传活动，共同营造无烟、清洁、健康的工作和生活环境，共建美丽健康幸福家园。 content: 为营造新春佳节无烟氛围，引导群众践行文明健康、绿色环境价值观，进一步推动控烟工作，营造无烟公共环境，近日，三港乡开展以“无烟佳节 与爱同行”为主题的系列控烟活动。 活动通过张贴宣传标语，设立健康教育宣传栏，发放禁烟倡议书等形式，倡导村民们走亲访友不送烟、不敬烟、不劝烟，携手共度无烟健康佳节。1月27日，在三港村的禁烟宣传现场，志愿者们通过知识问答的形式引导村民回答问题，巩固树立他们对烟草的危害意识。此外，村民们积极参写禁烟宣传标语，形成“人人参与控烟，人人宣传控烟”的良好氛围。 在此次禁烟队伍中，还有着一群可爱的小身影，他们佩戴着“控烟劝导员”红袖章，向沿街的爷爷、叔叔伯伯们发放禁烟倡议书和自创的禁烟绘画作品，看到抽烟的村民及时上前劝阻。小朋友向大人们伸出小手，向烟头伸出小手，为创造无烟环境贡献了自己的力量。他们纷纷表示，回去以后也要劝导爷爷、爸爸戒烟。 这次活动，提高了三港群众对吸烟危害的认识，进一步增强了居民的禁烟意识，营造了温馨和谐的节日氛围，切实增强群众的安全感、幸福感。下一步，三港乡将持续开展控烟宣传活动，共同营造无烟、清洁、健康的工作和生活环境，共建美丽健康幸福家园。,金华市武义县人民政府,未知,2024-01-29 11:26:24,http://www.zjwy.gov.cn/art/2024/1/29/art_1229184765_59309872.html,未知,控烟、戒烟,正面,未知
20240101954,代表委员邀您“群聊”②丨网友捎话：餐厅控烟有死角 自治区政协委员丁桂凤：落实属地管理者主体责任,title: 代表委员邀您“群聊”②丨网友捎话：餐厅控烟有死角 自治区政协委员丁桂凤：落实属地管理者主体责任 summary: 代表委员邀您群聊②丨网友捎话：餐厅控烟有死角自治区政协委员丁桂凤：落实属地管理者主体责任天山网-新疆日报记者郭倩。未经授权禁止转载、摘编、复制及建立镜像，违者将依法追究法律责任。 content: 天山网-新疆日报记者 郭倩 网友“蔡蔡”在“石榴云12345问政”留言板“两会专区”留言：在餐厅吃饭，不时就能碰到在室内抽烟的人，餐厅服务员对此只是简单劝导，一些餐厅里甚至连禁止吸烟的标志也没有在醒目处张贴，希望有关部门加大监督以及处罚力度，真正落实室内公共场所全面禁烟。一个小建议：赋予餐饮场所经营者劝诫权，对二手烟制造者可依规礼送出店。 丁桂凤（自治区政协委员，乌鲁木齐市妇幼保健院、乌鲁木齐友爱医院院长）：支持“蔡蔡”的观点，赞成赋予劝诫权的建议。我认为不仅仅是在餐厅，只要是在公共场所，对于吸烟的人，属地管理者都应提前告知，如果遇到不配合，请对方离开。吸烟，除了对吸烟者本身的伤害，更多伤害到的是不吸烟人群。面对此类情况，大家不妨大胆说“不”。 烟草危害是当今世界最严重的公共卫生问题之一，吸烟的危害虽然已是老生常谈，可禁烟的理念却未达到深入人心的程度，生活中在公共场所吸烟的现象仍较普遍。我一直从事母婴健康领域的工作，每天面对妇女儿童，尤其是孕产妇，对于这类人群来说，二手烟的危害更大。解决这一问题，现实层面，需要更具可行性和针对性的制度，动员全社会广泛参与，个人、单位、社会共同治理，落实管理者的主体责任，这是落实控烟的根本。同时，政府层面，积极开展控烟宣传教育，提高公众对烟草危害的正确认识，促进形成不吸烟、不敬烟、不劝烟的社会风气等。不在公共场所吸烟，应成为社会高度倡导的公共道德，事关社会文明和国民素养。每个公民都应当参加到控烟行动，该劝阻的就劝阻，该举报的就举报。（刊用本网站稿件，务经书面授权。未经授权禁止转载、摘编、复制及建立镜像，违者将依法追究法律责任。）,天山网,未知,2024-01-29 10:52:16,http://www.ts.cn/xwzx/szxw/202401/t20240129_18866469.shtml,未知,控烟,正面,未知
20240101974,无烟佳节，与爱同行——中心携手区疾控联合举办戒烟义诊活动,title: 无烟佳节，与爱同行——中心携手区疾控联合举办戒烟义诊活动 content: 为进一步推动控烟工作开展，引导广大居民朋友践行文明健康绿色环保生活方式，营造春节无烟氛围，共度无烟健康佳节，近日，绍兴市越城区府山街道社区卫生服务中心携手越城区疾控中心于大悦城开展了“无烟佳节 与爱同行”大型义诊活动及控烟主题活动。活动还特别邀请了中心戒烟门诊医师进行现场戒烟咨询及简短干预服务。 “老大爷，可以适当考虑一下戒烟呢，这样每月能为您节省不少钱，身体健康能也得到保证，两全其美哈。”中心戒烟门诊邵水芳医师体贴地向前来咨询的大爷问询道，同时还用通俗易懂的语言为居民们普及吸烟对身体的危害。 现场工作人员还讲解了关于禁烟的相关规定，发放了戒烟科普宣传手册，倡导过节不吸烟、不敬烟、不送烟、拒绝二手烟，号召广大居民朋友们行动起来，共度无烟健康佳节，引导居民养成健康的生活方式和生活习惯。同时表示中心戒烟门诊可提供优质的戒烟服务，帮助居民成功戒烟，实现居民戒烟服务“零”距离。在传输控烟知识的同时，还进行了解慢病知识的科普，帮助社区居民树立健康的生活理念。 通过此次活动，不仅提高了辖区居民控烟的意识，也将戒烟专业知识带入到了基层，让大家认识到吸烟对人体的危害。希望通过本次活动，能够使居民们对加入到控烟工作中来，对“吸烟”及“被吸烟”说不。中心也将持续深入开展无烟宣传及戒烟服务，为创建无烟环境贡献一份力量。（ 编辑 王佳 阮晓芳 ） 查看网址 分享到：,中国网,王佳,2024-01-29 10:03:04,http://szjj.china.com.cn/2024-01/29/content_42685214.html,未知,戒烟、控烟,中性,未知
20240101981,河塌乡卫生院开展“无烟佳节，与爱同行”宣传活动,title: 河塌乡卫生院开展“无烟佳节，与爱同行”宣传活动 content: 宿松融媒讯 为进一步加强辖区居民对控烟理念的理解和认同，引导群众践行文明健康绿色生活方式，自觉树立控烟意识，养成良好的健康生活方式，1月26日，河塌乡卫生院深入学校、社区开展“无烟佳节，与爱同行”宣传活动。 上午，河塌乡卫生院到河塌初中通过悬挂条幅、摆放展板及发放“福”字宣传画的方式向广大师生开展无烟佳节讲座。刚进校门，吴校长就说道“欢迎各位再次来我校宣传无烟活动，通过前几次的宣传，我们好多老师都戒了烟，以后要经常来给我校老师、学生科普健康知识”。活动中，该院医生通过“对香烟的自白”为切入点，介绍烟草对人体造成危害的一般常识，以及远离二手烟的危害。要求广大青少年一定要洁身自律，远离烟草，学会养成健康的生活方式和卫生习惯，以健康的体魄面对生活和学习。 下午，河塌乡卫生院在该院大门前向现场居民宣讲吸烟及二手烟的危害，并且通过悬挂条幅、摆放展板及发放“福”字宣传画的方式增强活动互动性，让居民更加深入地了解吸烟对身体健康的危害；呼吁居民远离烟草，养成良好的生活习惯，共同创建无烟环境。“原来吸烟还能影响心血管功能呀，今天真的长见识了，以后你们要多开展类似活动呀，让我们知晓更多健康知识”，居民王长民说道。 此次活动共计发放控烟禁烟宣传资料及“福”字宣传画各200余份。该院公卫院长吴新华表示：“此次活动的开展得到了参与居民的积极响应，让现场居民充分认识到了烟草的危害，后期将安排各村开展无烟活动进乡村、进校园、进机关等活动，为建立无烟乡镇环境夯实基础。”（通讯员 熊绍龙）,宿松新闻网,熊绍龙,2024-01-29 09:59:47,http://www.ahssnews.com/news/xz/ht/202401/t20240129_7343454.html,未知,控烟,正面,未知
20240101995,无烟，为成长护航——瓜沥镇长沙幼儿园控烟禁烟宣传活动,title: 无烟，为成长护航——瓜沥镇长沙幼儿园控烟禁烟宣传活动 content: 您的位置： 萧山教育网 幼教 无烟，为成长护航——瓜沥镇长沙幼儿园控烟禁烟宣传活动 [ 幼教 ] 2024 01-29 09:19 —分享— 幼儿园是一个健康场所，是孩子们健康成长的摇篮，为了在孩子们幼小的心灵里播下“吸烟危害健康”的意识， 瓜沥镇长沙幼儿园 开展了禁烟宣传教育活动。为此，我们倡议全体职工、亲爱的家长朋友们，摒弃吸烟这一不良行为习惯，追求一种健康、文明的生活方式。 禁烟小课堂 各班教师通过多媒体动画、图片、故事等多种形式，向幼儿宣传吸烟对人体的危害，引导幼儿认识禁烟标志，帮助孩子们真切地认识到烟草带来的危害，坚决拒绝二手烟，让幼儿告诉父母：幼儿园是无烟校园，来园禁止吸烟，也教育自己身边的人禁烟。小手绘画禁烟控烟宣传画，帮助幼儿树立远离烟草、保护环境的意识。 教职工行动 控烟行动，是我们每个人的义务，全体教职工应共同参与，相互监督，共同打造和谐健康的无烟校园。 教职工培训活动，引用了科学直观的数据，对烟中所含的有害物质、吸烟对人体的危害、二手烟暴露的危害、戒烟的好处等方面作了详细的讲解，让全校教职工清楚地认识到禁烟的必要性。 无烟倡议书 亲爱的家长朋友： 您好！ 我们呼吁您一同参与“无烟佳节，与爱同行”控烟行动，将控烟活动延伸到每一户家庭。为了您和您家人的身体健康，也为了我们孩子的身体健康，我们向您发出倡议。 1.为了保障大家的身体健康，请您自觉遵守国家相关禁烟规定，不在公共场所吸烟，不在人群聚集的地方抽烟，例如您来幼儿园开家长会、接送孩子等，不在校园内以及园所周边任何地方吸烟。给身边的人创造一个健康的学习、生活、工作环境。 2.家长是孩子们的第一任教师，您的一举一动直接影响着您的孩子。如果您正在吸烟，为了您的身体更健康，希望您戒烟，成为孩子的表率;如果您烟瘾比较大，立即戒烟有困难，希望您尽量减少吸烟，不要在孩子经常活动的地方，如客厅、房间抽烟，更不要当着孩子的面吸烟。 3.在家里监督好您的孩子，不要让孩子因为好奇而吸烟，承担起在家庭的教育责任。不要让您的孩子或其他未成年人为您购买烟。 4.主动参与禁烟，在家中尽可能少吸烟、不吸烟，来到幼儿园一定不吸烟，给身边的人创造一个健康的学习、生活和工作环境。不要在孩子面前吸烟。 5.积极参与宣传吸烟的危害，自觉远离烟草；树立控烟意识，主动向亲友宣传吸烟的危害，对吸烟者进行友好的提醒和劝诫。 6.遵守公共场所禁止吸烟的规定，提高烟草防控意识，在学习、生活和工作中，不带头吸烟，尽力阻止他人吸烟。 7.吸烟时要避开不吸烟者，以防他人吸食“二手烟”。 8.牢固树立吸烟危害自身及他人健康的理念，主动积极帮助身边吸烟的同事、家长戒烟，倡导健康文明的个人生活行为。,萧山网,未知,2024-01-29 09:19:00,http://www.xsnet.cn/edu/content/2024-01/29/content_373915.html,未知,控烟、戒烟,中性,未知
202401011000,国家疾控中心对魏都区社区戒烟综合干预研究项目开展调研督导,"title: 国家疾控中心对魏都区社区戒烟综合干预研究项目开展调研督导 summary: 国家疾控中心对魏都区社区戒烟综合干预研究项目开展调研督导为统筹做好魏都区社区戒烟综合干预模式的多中心临床研究项目，确保研究项目顺利推进，1月25日-26日,国家疾控中心控烟办公室研究员杨焱、项目官员谢慧宇对我区社区戒烟综合干预研究项目进行调研督导。 content: 为统筹做好魏都区社区戒烟综合干预模式的多中心临床研究项目，确保研究项目顺利推进，1月25日-26日,国家疾控中心控烟办公室研究员杨焱、项目官员谢慧宇对我区社区戒烟综合干预研究项目进行调研督导。 河南省疾控中心健康教育所所长刘占峰，控烟工作负责人王卫峰、乔豆，许昌市疾控中心副主任谭莉娜、健康教育科长葛冰玉，魏都区疾控中心主任信保祥、副主任申强、健康教育科长张军杰及相关业务人员共计30余人在魏都区疾控中心参加项目汇报。 魏都区疾控中心健康教育科科长张军杰围绕项目目前进展情况、存在的困难和问题、下步的工作打算等三方面对魏都区综合干预研究项目总体进展情况进行汇报。 随后，调研组深入魏都区五一路社区卫生服务中心、烤厂社区居委会、烤厂社区项目社区宣传活动现场、许继社区居委会、许继社区卫生服务站、西关社区卫生服务中心、新兴社区卫生服务中心，实地察看成员单位项目服务阵地建设运行情况。现场询问成员单位相关负责同志及戒烟对象,通过专家评估、听取汇报、查阅资料、座谈交流等方式了解项目进展情况、取得成效、困难问题及下一步打算。调研组对五一路社区卫生服务中心戒烟干预室设备设施；利用全科诊室、家庭医生团队招募模式；对西关社区戒烟宣传流程及线上线下实施方法；对许继社区创新“3＋1”复吸人员全要素戒烟工作模式等经验做法给与了充分肯定。同时对我区项目招募人员最有效模式、干预时间节点的合理性、“3＋1”复吸人员干预时间点把控、老烟民电话回访、科学用药戒烟、将戒烟项目加入家庭医生服务内容等方面提出参考性建议。 调研结束后，魏都区立即组织召开项目联席座谈会议。项目负责人汇报了相关社区进展情况。专家组对我区社区戒烟项目团队的组建、工作细节认真再次给与充分肯定；就存在的问题逐一研究整改措施、明确整改责任，就完善戒烟干预模式集思广益、创新措施；同时对项目执行的标准要求、技能培训、时间节点把控、干预对象资料完善、项目宣传要点、招募对象是否符合标准、项目紧密结合群众关心问题等方面提出了明确工作要求。 下一步,魏都区将健全考核机制，压实工作责任，强化项目监管,加强部门联动、心理干预、阵地建设、社会宣传等工作，总结推广经验，扩大无烟单位创建覆盖面，力争公众控烟意识逐步提高，全民健康素养显著提升，吸烟率逐步下降，戒烟率和减烟率达到预期水平。",许昌市魏都区人民政府,未知,2024-01-29 09:13:00,http://www.weidu.gov.cn/zwxx/002002/20240129/0ce35a57-c18b-467d-a450-829776334354.html,未知,戒烟、控烟,中性,未知
202401011014,田集街道菊苑社区开展“无烟佳节 与爱同行”控烟活动,title: 田集街道菊苑社区开展“无烟佳节 与爱同行”控烟活动 summary: 田集街道菊苑社区开展无烟佳节与爱同行控烟活动为进一步推动控烟工作开展，引导广大居民朋友践行文明健康绿色环保的生活方式，共度无烟健康春节，1月24日，田集街道菊苑社区与潘集区疾控中心、区妇计中心、淮南市第五人民医院联合开展无烟佳节，与爱同行控烟活动。 content: 为进一步推动控烟工作开展，引导广大居民朋友践行文明健康绿色环保的生活方式，共度无烟健康春节，1月24日，田集街道菊苑社区与潘集区疾控中心、区妇计中心、淮南市第五人民医院联合开展“无烟佳节，与爱同行”控烟活动。 活动中，社区巾帼志愿者通过PPT展示，围绕我国烟民数量、吸烟现状、烟民低龄化发展趋势以及二手烟对人体的危害等方面向居民朋友们进行了详细讲解，鲜明的主题、活泼的形式和丰富的内容让居民们了解了控烟知识，意识到吸烟不仅是对环境的破坏，也是对身边人的一种伤害。 活动现场工作人员还宣读了关于禁烟的相关规定，发放了戒烟科普宣传手册及禁烟环保袋，倡导过节不吸烟、不送烟，“对二手烟说不”，号召广大居民朋友们行动起来，共度无烟健康春节，引导居民养成健康的生活方式和生活习惯。同时社区表示可以提供免费戒烟咨询，帮助居民提高戒烟成功率，实现居民戒烟服务“零”距离。 通过此次活动，不仅提高了辖区居民控烟意识，也让大家认识到吸烟对人体的危害，纷纷表示都要参加到拒烟宣传活动中来，从身边的小事做起，为创建无烟环境贡献自己的力量。,淮南市潘集区人民政府,未知,2024-01-29 08:32:51,http://www.panji.gov.cn/pjzx/jcgz/11259001208.html,未知,控烟、戒烟,正面,未知
202401011021,有了这6个”长寿方“，人活百岁不再难！,title: 有了这6个”长寿方“，人活百岁不再难！ summary: 有了这6个长寿方，人活百岁不再难！1946年7月出生，著名心血管专家、医学教育家，北京大学人民医院教授，国家卫生计生委健康教育首席专家，国家重点学科心血管内科负责人，中国控烟协会会长。最牛心血管专家胡大一送你六句话，做到了，坚持了，轻轻松松过九十，稳稳当当冲百岁。 content: 1946 年 7 月出生，著名心血管专家、医学教育家，北京大学人民医院教授，国家卫生计生委健康教育首席专家，国家重点学科心血管内科负责人，中国控烟协会会长。 “九十活不过，那是你的错；不到九十九，轻易不要走。” 这是胡教授在不久前健康论坛上的发言，活到 90 岁，听起来是件了不起的事情，但是，如果按照生物学原理推算，人的寿命正常应该是 120 岁，70、80 岁没有病，90 岁也很健康，这完全是有可能实现的。 世界卫生组织总干事中岛宏博士也曾指出，许多人不是死于疾病，而是死于无知，生活方式疾病是人类第一杀手，而健康生活方式是预防疾病的最好疫苗。 2013 年世界卫生组织发表报告：健康生活方式可以减少 80% 的心脑血管病和2型糖尿病，50% 的癌症，并使健康寿命平均延长 10 年。由此，我们可以得出一个结论，当代人一半的死亡是可以避免的。 怎样健康地活到 90 岁？最牛心血管专家胡大一送你六句话，做到了，坚持了，轻轻松松过九十，稳稳当当冲百岁。 百岁秘诀第1招：坚持日行百步 十多年前，胡大一的健康也曽一度亮起红灯，体重达到 92 公斤，腰围 110 厘米。空腹血糖处于临界值，餐后血糖升高；甘油三酯超标；还有脂肪肝。而现在胡大一的各项身体指标都正常了。诀窍是什么呢？就是合理膳食，坚持每天走一万步。 走路是运动的最好方式，不仅简单经济、而且是一种有氧运动。有氧运动是以提高身体耐力为目标的轻中强度持续性运动，在这种运动中，氧气的供需保持着平衡。 关于运动，胡大一说，要记住“1、3、5、7”四个数字：每天至少运动 1 次；连续运动不少于 30 分钟；每周确保运动 5 天；运动时的适宜心率为 170。 关于运动强度，在行走过程中要达到微微气喘但还能与同伴正常交谈的程度，就是合适的中低运动强度。一点喘都没有，强度太低；上气不接下气，不能与同伴正常交谈，表示运动强度过大。如果稍一活动就气喘吁吁，则表明心脏已经开始老化。 连续完成的有效步数才可实现有氧运动的效果——有利于减少体内过多的脂肪，降血糖，降血脂（尤其甘油三酯），一定的降血压作用，控制紧张，减轻焦虑抑郁症状。 百岁秘诀第2招：保持饥饿且少盐 饮食最重要的前提是控制总量。没有什么绝对可吃不可吃，多年来形成的饮食习惯不好改，但总量控制八分饱。胡大一说，过去自己对吃 8 分饱感到非常困难，因为食欲好，吃什么都很香，结果把身体搞坏了。现在到餐桌，自己不想吃的坚决不吃，想吃的也留有余地。 每日食盐不超过 6 克，少吃超市熟食，以免热量、盐等摄入超量。多吃蔬菜水果、五谷杂粮。少食用味精、蚝油、咸菜、酱油，多食用醋、葱、蒜、芥末、辣椒，每天要保证饮水 1200 毫升。 对在外就餐的上班族，最需要健康饮食和健康环境。胡大一说：“不妨学学北京安贞医院的心血管病专家马长生教授，每次在食堂吃饭，都先倒一饭盒开水，所有的菜都涮涮再吃。” 百岁秘诀第3招：牢记两组健康密码 根据中国人的生理特点，胡大一推出 140-6-543-0-268 和 120-80-6-5-0-268 这两组号码。只要记住这两个“手机号”，未来发生心血管病的危险会降低90%！ 有基础病的高危人群，记得140开头的手机号：140-6-543-0-268： ✦140是收缩压达标值140mmHg以下； ✦6是空腹血糖6mmol/L以下；糖化血红蛋白6%以下； ✦543是总胆固醇值，正常人降到5mmol/L以下，有糖尿病或者冠心病者降到4mmol/L以下，同时有这两种疾病者则应降到3mmol/L以下； ✦0是零吸烟； ✦268是女性腰围不超过2尺6寸；男性腰围不超过2尺8寸 健康人群要严格记住120开头的手机号：120-80-6-5-0-268： ✦120-80是理想血压，指血压控制要小于120/80毫米汞柱； ✦6是理想血糖（空腹血糖）小于6毫摩尔/升； ✦5指理想胆固醇小于5毫摩尔/升； ✦0就是不吸烟； ✦268则代表理想体重，女性腰围要小于2尺6，男性小于2尺8。 百岁秘诀第4招：多饮水，出门随身带水杯 如果真的觉得自己的血液太黏稠了，完全可以多喝点白开水，每天要保证饮水 1200 毫升，根本没有必要输液。单纯为了降低血液黏稠度而吃药输液，那是花钱买风险。 喝水的方法也有讲究，大口豪饮虽然一时痛快，却使排尿和出汗量增加，导致更多的电解质流失，还增加了心血管、肾脏的负担，容易使人出现心慌、乏力、尿频等症状。水喝得太快太急，容易与空气一起吞咽，引起打嗝、腹胀。合理的喝水方法应该是少量、多次、慢饮。 有饮茶习惯的人，一日饮茶 6~10 克，分两三次冲泡较适宜。吃油腻食物较多、烟酒量大的人，也可适当增加茶叶用量。 百岁秘诀第5招：戒烟限酒，什么时候都不晚！ 烟草中尼古丁已被证实是毒品。如果戒烟可降低36%的心脑血管死亡率，要知道，吃他汀类药物才29%，吃阿司匹林才 15%，算下来，戒烟防病治病最划算。 酒要少喝，千万别相信“买酒保健康”的商业广告。对喜欢喝酒的人来说，男性每天 1 两白酒，葡萄酒每天不超过 2 两，啤酒每天不超过 300 毫升，女性减半。 百岁秘诀第6招：时刻保持平和、愉快的心态 1.要健康愉快地活着。人活着，都是在走过程，起点、终点谁都一样，关键要健康、愉快。 2.抓紧时间做正确的事。比如做医生的一定考虑病人的利益，公共健康的利益。 3.要为成功想办法，不为失败找借口。老怨天尤人过得也不愉快。 4.名利不一定重要，适可而止最成功。现在很多人把名和利看得太重，人一定要有欲望，但最成功的是适可而止。 运动加之健康的生活方式和心态，是健康长寿的主要原因。用胡大一教授的话总结说就是： 人生百岁不容易，莫和自己过不去， 劝君莫惜金缕衣，劝君珍惜健康时； 人生得意须尽欢，莫待病了不过关； 良言一句君需记： 只要不被三字拖， 不活一百也活九十多。 90活不过、那是你的错，不到99、轻易不要走，最牛心血管专家胡大一开出六个长寿良方，真该好好看看！ 本站是提供个人知识管理的网络存储空间，所有内容均由用户发布，不代表本站观点。请注意甄别内容中的联系方式、诱导购买等信息，谨防诈骗。如发现有害或侵权内容，请点击一键举报。 转藏分享 QQ空间QQ好友新浪微博微信献花（0） 来自：昵称1531686《健康与养生》 举报/认领,个人图书馆,未知,2024-01-29 07:04:20,http://www.360doc.com/content/18/0702/20/1531686_767183175.shtml,未知,控烟、戒烟,中性,未知
202401011070,有什么办法能快速戒烟？,title: 有什么办法能快速戒烟？ summary: 有什么办法能快速戒烟？对于即将接受手术的患者来说，戒烟是必不可少的准备步骤。烟中的有害物质不仅会增加手术风险，还会影响术后康复。然而，戒烟并非易事，尤其对于长期吸烟者来说。 content: 对于即将接受手术的患者来说，戒烟是必不可少的准备步骤。烟中的有害物质不仅会增加手术风险，还会影响术后康复。然而，戒烟并非易事，尤其对于长期吸烟者来说。 那么， 有什么办法能快速戒烟 呢？ 有什么办法能快速戒烟? 首先我们要严格明确“吸烟”对身体带来的危害，例如吸烟会诱发疾病，缩短你的寿命；可以通过心理暗示、心理治疗来帮助自己增加戒烟的信心，保证戒烟的顺利进行；或者转移注意力，寻求家人和朋友的帮助，循序渐进，帮助自己戒烟。 还有，有较强烟瘾的朋友们也可以通过生活中的一些事情来转移注意力。例如：洗脸和淋浴、漱口、喝茶，饮咖啡、嚼口香糖、叼个空烟斗、做深呼吸、做运动、远离身边吸烟的人、饭后刷牙等事情。目的只有一个，让自己不要想起来抽烟。 另外，想要快速戒烟的朋友也可以服用药物来帮助戒烟，帕瑞可酒石酸伐尼克兰片就是吸烟患者必备的一款控烟药物，该药可以通过调节大脑中的化学物质，减少对尼古丁的依赖，缓解戒烟时的戒断症状。具有安全、见效快、服用方便等特点，被国内外多个戒烟指南推荐使用。 而且对于需要在手术前戒烟的患者朋友来讲，帕瑞可能够帮助吸烟者快速降低尼古丁依赖，提高戒烟成功率，减少吸烟对疾病治疗的不利影响，保障手术效果和术后康复。 关于有什么办法能快速戒烟，本文也就分享到这。总之，对于即将接受手术的患者来说，快速戒烟至关重要，可以更好地为手术做好准备，降低手术风险，促进术后康复。,复禾健康,未知,2024-01-29 00:00:00,http://news.fh21.com.cn/ypzx/7387114.html,未知,戒烟、控烟,中性,未知
202401011084,戒烟后咳嗽会持续多久？,title: 戒烟后咳嗽会持续多久？ summary: 戒烟后咳嗽会持续多久？聊天时同事说自己老公总是烟不离手，吞云吐雾。了解咳嗽成因及应对措施有助于更好地应对戒烟过程中的这一挑战。同时，持之以恒地戒烟对身体健康至关重要，希望大家都能早日戒烟，迈向更健康的生活。 content: 聊天时同事说自己老公总是 烟不离手，吞云吐雾。 但是最近这段时间想备孕，所以想让老公把烟戒了，但老公戒烟后总是咳嗽，有时咳起来感觉都能把肺咳出来，看到这种情况，同事也比较担心，想知道 戒烟后咳嗽会持续多久 ？ 有什么好的方法可以应对。相信不少朋友也遇到过类似情况，这里我来跟大家简单讨论一下。 其实，戒烟后咳嗽主要是因为烟草中的尼古丁对呼吸系统的刺激逐渐减少，导致呼吸道黏液分泌增加，引发咳嗽。此外，烟草中的有害物质还会对呼吸道黏膜造成损伤，戒烟后黏膜修复过程中也会刺激咳嗽。 关于戒烟后咳嗽会持续多久，一般来讲，戒烟后咳嗽持续时间因个体差异而异，并不一定每个人都会出现这种情况。大多数人的咳嗽会在2-3周内逐渐减轻并消失。但也有部分人咳嗽可能会持续数月甚至更长时间，这可能与个体差异、吸烟历史、呼吸道健康状况等因素有关。 对于戒烟后咳嗽，可以适当的采取一些方法来进行缓解，比如： 多喝水：保持充足的水分摄入有助于稀释呼吸道黏液，缓解咳嗽。 蒸汽疗法：可以通过吸入蒸汽来舒缓呼吸道，减轻咳嗽。 保持室内空气湿度：使用加湿器或放置一盆水在室内，有助于保持室内湿度，缓解咳嗽。 其实在戒烟过程中除了出现咳嗽，还会出现其他戒断症状，像吸烟渴求、焦虑、抑郁、不安、头痛、注意力不集中、睡眠障碍等，非常难熬。对此，大家可以适当的服用控烟药物来辅助戒烟，帕瑞可酒石酸伐尼克兰片是国内外权威指南一线推荐的控烟药，具有安全、见效快、服用方便、双向调节的特点，在国内控烟品牌中占据领导者的地位，可以有效帮助大家减少吸烟的欲望和戒断症状，如焦虑、食欲增加、体重增加等。在降低尼古丁依赖的同时还能缓解脱瘾不适，提高控烟成功率。 总之，戒烟后咳嗽是常见现象，但戒烟后咳嗽会持续多久还是会因个体差异而异。了解咳嗽成因及应对措施有助于更好地应对戒烟过程中的这一挑战。同时，持之以恒地戒烟对身体健康至关重要，希望大家都能早日戒烟，迈向更健康的生活。,复禾健康,未知,2024-01-29 00:00:00,http://news.fh21.com.cn/ypzx/7387116.html,未知,戒烟、控烟,中性,未知
202401011091,上海市宝山区正式启动“十月怀胎·爸爸戒烟”孕产家庭戒烟工作,title: 上海市宝山区正式启动“十月怀胎·爸爸戒烟”孕产家庭戒烟工作 content: 为保护公众及重点人群（孕产妇、胎儿及婴幼儿）健康，推进戒烟服务网络建设，降低人群吸烟率，2024年1月16日下午，“十月怀胎·爸爸戒烟”宝山区孕产家庭戒烟工作布置会正式召开。 此次项目开展旨在孕妇孕产期保健服务和健康管理过程中，通过简短戒烟干预，动员孕产家庭中的吸烟者戒烟，并提供全流程、个性化、便捷、科学的闭环戒烟服务。 宝山区卫健委健康促进科楼越宸对“十月怀胎·爸爸戒烟”整体工作进行部署，区妇幼所、区疾控中心及各社区卫生服务中心相关人员参加本次会议。 孕产家庭成员吸烟信息 采集报送及干预流程介绍 宝山区妇幼所副所长孙悦昕就早孕门诊工作流程、孕产家庭戒烟干预对象的识别、戒烟微信群管理流程等工作向与会人员做出具体要求。 吸烟人群简短戒烟干预培训 宝山区疾控中心健康教育科倪骋从戒烟干预背景、戒烟网络服务资源、戒烟干预理论、简短戒烟干预介绍、精简版简短戒烟干预实践与技巧五个方面详细介绍了简短戒烟干预的方法与应用。 现场照片 此项孕产家庭戒烟工作对推动宝山区无烟环境建设，早日实现控烟行动目标，进一步提升宝山市民的健康获得感与幸福感具有深远意义。,烟草在线,无烟上海,2024-01-29 00:00:00,http://www.tobaccochina.com/html/news/lxky/672738.shtml,未知,戒烟、控烟,中性,未知
202401011106,宝应：“无烟佳节 与爱同行”活动进校园,title: 宝应：“无烟佳节 与爱同行”活动进校园 summary: 宝应：无烟佳节与爱同行活动进校园1月26日上午，宝应县卫健委、教育局联合在氾水镇中心初中开展无烟佳节与爱同行进校园活动，呼吁广大师生树牢健康第一责任人意识，践行文明健康绿色环保生活方式，拒绝烟草、预防疾病，拥抱健康、享受快乐。 content: 1月26日上午，宝应县卫健委、教育局联合在氾水镇中心初中开展“无烟佳节 与爱同行”进校园活动，呼吁广大师生树牢健康第一责任人意识，践行文明健康绿色环保生活方式，拒绝烟草、预防疾病，拥抱健康、享受快乐。 在放假前最后一堂课上，县卫健委、县疾控中心的相关人员带来了《青少年控烟》、《冬春季呼吸道传染病防控》等专题讲座，让学生们进一步树牢健康第一责任人的意识。 据了解，主办方希望通过此次活动，让广大青少年学生了解健康生活理念，拒吸每一支烟，做无烟新一代。同时，鼓励大家成为学校、家庭的控烟监督员，促进无烟学校、无烟家庭建设。通过“小手牵大手”活动，引导家长不吸烟，主动戒烟，为学生健康成长作表率。 记者：刁品杰,中共宝应县委,未知,2024-01-29 00:00:00,http://www.baoying.gov.cn/index.php/cms/item-view-id-66647.shtml,未知,控烟、戒烟,中性,未知
202401011135,营造无烟环境，上海杨浦这样做~,title: 营造无烟环境，上海杨浦这样做~ content: 为了促进共同创建无烟杨浦，推动健康上海的发展，1月24日，上海市杨浦区卫生健康促进中心结合“医路护航·医共享”区域化党建项目，联合区中心医院、区疾控中心、区卫监所等多家单位，在五角场下沉式广场开展了一场以“无烟佳节·与爱同行”为主题的控烟宣传活动。 据悉，此次活动围绕保障孕产妇与婴幼儿健康展开，旨在通过指导孕产家庭成员戒烟，进一步提高市民控烟戒烟意识，营造良好的无烟环境。 当天，各单位各司其职、协同合作，向来往的市民群众做好关于戒烟方面的宣传。区健促中心现场宣传了最新的《上海市爱国卫生与健康促进条例》。区中心医院戒烟门诊的医生向市民群众提供戒烟热线、戒烟门诊、戒烟社群等戒烟渠道，并且为问询戒烟方法的群众提供帮助。区疾控中心推广“十月怀胎·爸爸戒烟”孕产家庭戒烟行动和健康咨询。区卫监所向附近办公楼宇职员及市民进行了《控烟条例》普法宣传并分发控烟宣传册。 下一步，杨浦区卫生健康促进中心将结合“医路护航·医共享”系列项目活动，以“党建引领、系统联动”模式，充分发挥区域大党建和健康科普特色优势，提升为人民服务的水平，不断增强社区居民满意度和获得感。,烟草在线,未知,2024-01-29 00:00:00,http://www.tobaccochina.com/html/news/lxky/672677.shtml,未知,控烟、戒烟、控烟戒烟,中性,未知
202401011142,代表委员邀您“群聊”②丨网友捎话：餐厅控烟有死角 自治区政协委员丁桂凤：落实属地管理者主..,title: 代表委员邀您“群聊”②丨网友捎话：餐厅控烟有死角 自治区政协委员丁桂凤：落实属地管理者主.. summary: 代表委员邀您群聊②丨网友捎话：餐厅控烟有死角自治区政协委员丁桂凤：落实属地管理者主..新疆广播电视台网络编辑：张靖。 content: 石榴云/新疆日报记者 郭倩 网友“蔡蔡”在石榴云12345问政平台“两会专区”留言：在餐厅吃饭，不时就能碰到在室内抽烟的人，餐厅服务员对此只是简单劝导，一些餐厅里甚至连禁止吸烟的标志也没有在醒目处张贴，希望有关部门加大监督以及处罚力度，真正落实室内公共场所全面禁烟。一个小建议：赋予餐饮场所经营者劝诫权，对二手烟制造者可依规礼送出店。 丁桂凤(自治区政协委员，乌鲁木齐市妇幼保健院、乌鲁木齐友爱医院院长)：支持“蔡蔡”的观点，赞成赋予劝诫权的建议。我认为不仅仅是在餐厅，只要是在公共场所，对于吸烟的人，属地管理者都应提前告知，如果遇到不配合，请对方离开。吸烟，除了对吸烟者本身的伤害，更多伤害到的是不吸烟人群。面对此类情况，大家不妨大胆说“不”。 烟草危害是当今世界最严重的公共卫生问题之一，吸烟的危害虽然已是老生常谈，可禁烟的理念却未达到深入人心的程度，生活中在公共场所吸烟的现象仍较普遍。我一直从事母婴健康领域的工作，每天面对妇女儿童，尤其是孕产妇，对于这类人群来说，二手烟的危害更大。解决这一问题，现实层面，需要更具可行性和针对性的制度，动员全社会广泛参与，个人、单位、社会共同治理，落实管理者的主体责任，这是落实控烟的根本。同时，政府层面，积极开展控烟宣传教育，提高公众对烟草危害的正确认识，促进形成不吸烟、不敬烟、不劝烟的社会风气等。不在公共场所吸烟，应成为社会高度倡导的公共道德，事关社会文明和国民素养。每个公民都应当参加到控烟行动，该劝阻的就劝阻，该举报的就举报。 新疆广播电视台网络编辑：张靖,新疆新闻在线,未知,2024-01-29 00:00:00,http://www.xjtvs.com.cn/news/2024-01/29/cms108482article.shtml,未知,控烟,正面,未知
202401011163,辽宁省大连市开展控烟专项行动！,title: 辽宁省大连市开展控烟专项行动！ content: 引导干部不吸烟、主动戒烟 劝导家长不吸烟、主动戒烟 向吸烟患者提供免费戒烟咨询 …… 近日 大连市“无烟佳节 与爱同行” 专项行动正式开启 为进一步推动控烟工作深入开展，引导群众践行文明健康绿色环保生活方式，营造新春佳节无烟氛围，大连市爱卫办在全市组织开展“无烟佳节 与爱同行”专项行动，为市民欢度佳节提供健康环境。 根据专项行动要求 各级党政机关 将按照《无烟党政机关建设指南》要求，开展无烟机关建设自查自纠，开展全方位、多角度的控烟宣传教育，引导干部不吸烟、主动戒烟，主动做控烟宣传者和倡导者，巩固无烟党政机构建设成果。 各级各类学校 将无烟健康过节文化、共度无烟健康佳节作为“健康教育进校园”活动重要内容，引导学生认识烟草危害，了解控烟核心知识。帮助青少年树立“拒吸第一支烟，做无烟新一代”的理念，做学校、家庭控烟监督员，开展“小手拉大手”活动，劝导家长不吸烟、主动戒烟，为青少年健康成长作表率，促进无烟学校、无烟家庭建设。 医疗机构 发挥戒烟门诊作用，向患者讲解宣传吸烟及二手烟危害，提升吸烟患者的戒烟意愿，提供免费戒烟咨询，提高戒烟成功率，实现居民戒烟“零距离”。 研究表明 烟草含有尼古丁等4000多种有害物质，是肺癌等多种疾病的致病因素。 大连市爱卫办 倡导市民春节期间共建无烟健康环境，走亲访友、亲朋聚会自觉做到不送烟、不敬烟，营造文明健康的节日氛围。 劝导吸烟者为了自身健康和亲人健康主动戒烟，可使用“中国戒烟平台”微信小程序，学习安全有效的网络戒烟服务信息。,烟草在线,大连,2024-01-29 00:00:00,http://www.tobaccochina.com/html/news/lxky/672679.shtml,未知,控烟、戒烟,中性,未知
202401011169,戒烟很难受怎么办？,title: 戒烟很难受怎么办？ summary: 戒烟很难受怎么办？饭后一根烟，快活似神仙一直是烟民老赵的习惯，可最近家里准备添新人口了，为了宝宝的健康，老赵也准备开始把烟戒了，但没想到问题也随之而来，开始戒烟后，老赵饭也吃不香、觉也睡不好，心里总是很焦虑烦躁。希望本文提供的建议能帮助您减轻戒烟痛苦，早日戒烟成功。 content: “饭后一根烟，快活似神仙”一直是烟民 老赵的习惯 ，可 最近家里准备添新人口了，为了宝宝的健康，老赵也准备开始把烟戒了，但没想到问题也随之而来，开始戒烟后，老赵饭也吃不香、觉也睡不好，心里总是很焦虑烦躁。那么，大家知道像老赵这种 戒烟很难受怎么办 吗？ 老赵戒烟难受的原因其实主要有两点：一是尼古丁戒断症状：烟草中的尼古丁会使大脑释放多巴胺，产生愉悦感。戒烟后，身体无法再获得尼古丁，导致多巴胺水平下降，出现烦躁、焦虑、抑郁等戒断症状。二是心理依赖：长期吸烟使人们形成一种习惯和心理依赖，戒烟后可能会感到不适应和空虚。 关于戒烟很难受怎么办，以下是一些应对戒烟难受的方法： 替代品使用：在戒烟过程中，可以使用一些替代品，如口香糖、糖果等，以缓解口腔对尼古丁的渴望。 运动和冥想：适当的运动和冥想可以帮助放松身心，减轻焦虑和烦躁，提高戒烟的适应性。 寻找支持：告诉家人和朋友自己的决定，寻求他们的支持和鼓励。与同样正在戒烟的人交流经验，分享感受，可以互相激励，减轻压力。 服用药物：现在不少戒烟患者会通过服用药物来帮助戒烟，比如帕瑞可酒石酸伐尼克兰片进行治疗。据了解酒石酸伐尼克兰片是临床指南一线推荐的戒烟药物，美国《烟草使用和依赖临床治疗指南2008版》指出，伐尼克兰是一线推荐的控烟药物；《中国临床戒烟指南2015版》指出，伐尼克兰为α4β2尼古丁乙酰胆碱受体的部分激动剂，同时具有激动及拮抗的双重调节作用，且疗效和安全性优于其他控烟方案；此外，《美国胸科学会官方临床实践指南：烟草依赖的药物治疗》2020版，也强烈建议使用伐尼克兰控烟。在同类药物之中，而帕瑞可酒石酸伐尼克兰片相较于市场同类药物更加安全、见效快、服用方便，能够双向调节，成为吸烟患者控烟的必备药物。 现在大家清楚戒烟很难受怎么办了吧。总之，戒烟是一个充满挑战的过程，在戒烟前我们要制定明确的计划，包括戒烟日期、目标和方法等，这将有助于增强决心，提高戒烟成功率。希望本文提供的建议能帮助您减轻戒烟痛苦，早日戒烟成功。,复禾健康,未知,2024-01-29 00:00:00,http://news.fh21.com.cn/ypzx/7387118.html,未知,戒烟、控烟,中性,未知
202401011183,中国癌症相关死亡数据分析：15年间增加21.6%,"title: 中国癌症相关死亡数据分析：15年间增加21.6% summary: 一项最新研究估计，2020年中国癌症相关死亡人数239.78万，相比2005年增加了21.6%，其造成的早死疾病负担为5659.90万人/年，增加了5.0%。该研究在2023年12月初于《柳叶刀-公共卫生》上在线发表。 content: 文编 | 《财经》记者 王莉萍 一项最新研究估计，2020年中国癌症相关死亡人数239.78万，相比2005年增加了21.6%，其造成的早死疾病负担为5659.90万人/年，增加了5.0%。该研究在2023年12月初于《柳叶刀-公共卫生》（The Lancet Public Health）上在线发表。 中国疾病预防控制中心慢病中心联合首都医科大学共同发表这篇《2005-2020年中国癌症疾病负担报告：肺癌、肝癌和胃癌仍是前三位死因》（下称《2005-2020年中国癌症疾病负担报告》），评估了2005年至2020年中国国家和地方癌症负担的变化。其研究显示，2020年中国男性前五位死因依次为肺癌、肝癌、胃癌、食管癌和结直肠癌；女性前五位死因依次为肺癌、肝癌、胃癌、结直肠癌和乳腺癌。 癌症已经是全球公共卫生的重担。随着人口老龄化的加剧，预计2040年相比2020年，全球癌症负担将增加50%。中国国家癌症中心此前发布的一项研究估计，全国每年癌症治疗费用超过 2200亿元，已成为家庭和医疗保险系统的主要支出之一。 最新的研究指出，从2005年到2020年，中国的癌谱和死亡负担逐渐向高收入国家转变，城市和农村仍存在较大的差异。需要调整现有的卫生计划和行动，以减轻肺癌或其他主要和新发癌症的负担。 男女癌症图谱有异 通过对中国分性别、城乡、年龄、省份23种癌症死亡和负担的近况和过去16年间的变化趋势研究，《2005-2020年中国癌症疾病负担报告》总结道，从2005年到2020年，癌症相关死亡人数和早死寿命损失年分别增加了21.6%和5.0%。 该研究使用来自国家死亡率监测系统的数据评估了2005年至2020年中国癌症负担的变化，重点关注性别、年龄、城市与农村地区和省份之间的模式。作者观察到与癌症相关的死亡总数和寿命损失年（Years of life lost,YLLs）显著增加，癌症死亡率和癌症相关死亡的主要原因在性别和年龄方面存在显著差异。 其中，男性癌症相关死亡率的五大主要原因保持不变：肺癌、肝癌、胃癌、食道癌及结直肠癌。然而，女性癌症相关死亡的前五大原因在2005年是肺癌、胃癌、肝癌、食道癌、结直肠癌，到2020年变成了肺癌、肝癌、胃癌、结直肠癌和乳腺癌。 2005–2020年中国分性别不同癌症类型死亡顺位变化。图/《柳叶刀》 男性肺癌、肝癌、胃癌、食管癌和结直肠癌，死亡率分别为75.05/10万，38.31/10万，27.84/10万，18.18/10万和14.63/10万；女性肺癌、肝癌、胃癌、结直肠癌和乳腺癌，死亡率分别为33.19/10万，13.54/10万，13.33/10万，11.29/10万和8.21/10万。 以上观察到的癌症死亡率趋势，至少可以部分地用相关风险因素和发病率的变化来解释。例如，中国男性持续的高吸烟率，可能是导致肺癌死亡率高的原因之一。尽管整个中国的吸烟率缓慢下降——2007年至2018年期间，男性吸烟率为58.4%至50.8%，女性吸烟率为2.2%至1.9%，但中国农村地区的吸烟率并没有显著下降。 2022年《柳叶刀》的另一篇文章“全球近半癌症死亡由已知危险因素造成，其中吸烟、饮酒和高BMI的影响最显著 ”中，研究人员发现，男性和女性在两大类危险方面存在差异：行为危险以及环境和职业危险。在行为危险方面，男性（33.2%）中可归因于吸烟的癌症年龄标准化伤残调整寿命年（DALY）几乎是女性（8.9%）的四倍。而关于饮酒，男性（7.4%）的癌症DALY是女性（2.3%）的三倍以上。男性中的癌症DALY较高，可能是由于男性比女性更容易吸烟和饮酒。 同时，在考察环境和职业危险时，研究人员发现男性（3.9%）中可归因于癌症的DALY是女性（1.3%）的三倍，表明与女性相比，男性更有可能在暴露于致癌物风险较高的地方工作。 癌症相关死亡，因省而异 癌症相关死亡的主要原因因省而异，其中肺癌或肝癌在30个省份名列前茅。 《2005-2020年中国癌症疾病负担报告》指出，肺癌、肝癌和胃癌仍是前三位死因。不过，在研究期间，由于肝癌、胃癌和食道癌导致的死亡、死亡率和YLLs在两性中都显著下降。整体看，城市地区多数癌种的标化死亡率呈现显著下降，而农村地区过半癌种标化死亡率仍在上升。 2005–2020年中国因人口增长、人口老龄化和年龄别死亡率导致的不同癌症类型死亡变化的分解分析。图/《柳叶刀》 城市地区，除男性前列腺癌和女性多发性骨髓瘤，几乎所有类型癌症的年龄标准化死亡率和年龄标准化YLL率，在两性中都显著下降。在农村地区，男女癌症的年龄标准化YLL发病率增加了约一半。 从2005年到2020年，中国的癌谱和死亡负担逐渐向高收入国家转变，城市和农村仍存在较大的差异。分解分析结果显示，2005–2020年间，城市地区约四分之三的癌种死亡人数增加，农村地区约五分之四的癌种死亡人数增加，主要归因于人口老龄化，其次是人口增长或年龄别死亡率的上升。 尽管按死亡率计算的五种主要癌症类型在城市和农村地区的男女中是一致的，但趋势却截然不同。例如，尽管在城市地区，男性和女性因肺癌导致的所有年龄段死亡人数都有所增加，但年龄标准化死亡率和YLL率却有所下降。相比之下，农村地区肺癌的年龄标准化死亡率和YLL率上升。这一现象包含了一系列的影响因素，如仍然存在的地理差异等。 从年龄结构看，2020年癌症死因顺位前三位，0岁–19岁年龄组，前三位依次为白血病，脑和神经系统癌，肝癌；20岁–39岁年龄组，男性中肺癌上升至第三位，女性中乳腺癌上升至第一位，宫颈癌上升至第三位；40岁–59岁组，男性死因顺位依次为肝癌，肺癌和胃癌，女性依次为肺癌，乳腺癌和宫颈癌；60–79岁组，男性和女性前三位死因均为肺癌，肝癌和胃癌；在80岁以上的男性中前三位死因为肺癌，胃癌和肝癌，女性中前三位死因为肺癌，胃癌和结直肠癌。 虽然各省份的死亡率排名存在一定差异，但在高收入省份，结肠癌、直肠癌和胰腺癌的死亡率排名和年龄标准化死亡率的年平均百分比变化，值得注意。这期间或许是多种分析因素叠加，如在研究期间，环境颗粒物污染水平显著上升，直到过去几年才开始下降。在研究期间，新鲜水果和蔬菜的摄入量减少以及体育锻炼不足也可能在观察到的死亡率趋势中发挥作用。 尽管过去20年来，中国在癌症防控方面做出了巨大努力，鉴于人口老龄化，预计全球和中国与癌症相关的死亡人数仍持续上升，将造成巨大的公共卫生负担。 研究者建议，需要调整国家癌症控制规划，以减轻各省肺癌及其他新发癌症的负担。政府应尽一切努力推广具有成本效益的癌症筛查和免疫规划，实施严格的控烟政策，并致力于通过教育提高人们对健康生活方式的认识。 财经杂志",奇象网,未知,2024-01-28 14:44:32,http://xolo0755.com/info/394717.html,未知,控烟,负面,未知
202401011234,无烟日黑板报内容 世界无烟日宣传标语推荐,title: 无烟日黑板报内容 世界无烟日宣传标语推荐 summary: 无烟日黑板报内容世界无烟日宣传标语推荐。小小一支烟，危害万万千。香烟是魔鬼的契约。拒绝烟草，珍爱生命。远离烟草，拒吸第一支烟。净化空气，保护环境卫生。点燃香烟的一刹那，你也点燃了死亡的导火索。还人类一片清新，请丢掉手中的香烟。人人参与控烟活动，共创健康无烟环境。 content: 1、小小一支烟，危害万万千。 2、香烟是魔鬼的契约。 3、拒绝烟草，珍爱生命。 4、不抽一支烟，快乐似神仙! 5、让你的肺清亮一点。 6、健康，随烟而逝;病痛，伴烟而生。 7、远离烟草，拒吸第一支烟;净化空气，保护环境卫生。 8、远离烟草，崇尚健康，爱护环境。 9、点燃香烟的一刹那，你也点燃了死亡的导火索。 10、少一支灰色的烟，多一片蓝色的天。 11、无烟世界，清新一片。 12、想说爱你(吸烟)并不是很容易的事，那需要太大的勇气。 13、还人类一片清新，请丢掉手中的香烟。 14、烟缈缈兮肺心寒，尼古丁一进兮不复还。 15、人人参与控烟活动，共创健康无烟环境。 16、健康，随烟而逝;病痛，伴烟而生!,360分类信息网,未知,2024-01-27 21:16:45,http://www.cn360cn.com/f6815315.htm,未知,控烟,正面,未知
202401011241,史河街道小南海社区：无烟佳节 与爱同行,title: 史河街道小南海社区：无烟佳节 与爱同行 summary: 史河街道小南海社区：无烟佳节与爱同行为进一步推动控烟工作开展，引导群众践行文明健康、绿色环保的生活方式，营造春节、元宵双节无烟氛围，近日，小南海社区联合叶集区妇联、史河街道开展无烟佳节与爱同行为主题的公益活动。 content: 为进一步推动控烟工作开展，引导群众践行文明健康、绿色环保的生活方式，营造春节、元宵“双节”无烟氛围，近日，小南海社区联合叶集区妇联、史河街道开展“无烟佳节 与爱同行”为主题的公益活动。 上午十点活动现场，志愿者通过悬挂横幅、设置展板、发放宣传资料等形式，向居民宣传吸烟对身体健康的危害。为了让居民更直观地了解吸烟的危害，活动还邀请了专业的医生和心理咨询师进行健康讲座，解答关于吸烟对健康的问题，并提供相关的戒烟辅导。还在现场为居民免费测量血压，检测血糖，并提供个性化的健康建议。 “我觉得这个活动搞得不错，现在年轻人吸烟的比较多，就应该多宣传宣传。”住在广场景苑小区的王大爷表示通过宣传活动进一步了解了吸烟对身体危害，今后会劝导亲戚，尤其是年轻人戒烟，让周围的人都养成良好的生活习惯，这样有利于自己的身体健康和大家的身体健康。 通过此次禁烟宣传活动，辖区居民对吸烟危害有了更深刻的认识，戒烟意识得到了进一步的加强，相信会有更多的人加入到戒烟的行动中来，抵制吸烟，远离二手烟的危害，共同维护社区居民的健康。 （顾孟远）,中安在线,未知,2024-01-27 18:00:00,http://ah.anhuinews.com/la/news/yjq/202401/t20240129_7344232.html,未知,控烟、戒烟,中性,未知
202401011248,潍坊寿光市水利局组织开展乡村文化旅游节“无烟佳节与爱同行”志愿服务活动,title: 潍坊寿光市水利局组织开展乡村文化旅游节“无烟佳节与爱同行”志愿服务活动 summary: 春节来临之际，为大力弘扬无烟过春节文化，引导群众养成文明健康绿色环保的生活方式，1月26日，寿光市水利局组织工作人员到洛城街道清河紫云台、屯田社区开展无烟佳节与爱同行志愿服务活动。下一步，寿光市水利局将继续组织开展禁烟宣传活动，加大普及控烟禁烟知识，增强群众的绿色健康意识，共同营造无烟春节。 content: 齐鲁网·闪电新闻1月27日讯 春节来临之际，为大力弘扬无烟过春节文化，引导群众养成文明健康绿色环保的生活方式，1月26日，寿光市水利局组织工作人员到洛城街道清河紫云台、屯田社区开展“无烟佳节与爱同行”志愿服务活动。 工作人员在紫云台小区、屯田大集发放戒烟宣传手册，向群众讲解吸烟的危害及戒烟的好处。用通俗易懂的语言提醒群众为了自己和家人的健康少吸烟、不吸烟，现场群众也积极参与到控烟行动中来，并表示会劝阻身边的亲朋好友控烟戒烟。 下一步，寿光市水利局将继续组织开展禁烟宣传活动，加大普及控烟禁烟知识，增强群众的绿色健康意识，共同营造“无烟春节”。,闪电新闻,未知,2024-01-27 16:54:34,http://sdxw.iqilu.com/w/article/YS0yMS0xNTM0NjIzNg.html,未知,戒烟、控烟、控烟戒烟,正面,未知
202401011255,济南市莱芜区寨里镇和平村开展“无烟佳节 与爱同行” 宣传活动,title: 济南市莱芜区寨里镇和平村开展“无烟佳节 与爱同行” 宣传活动 content: 鲁网1月27日讯 为进一步推动“无烟佳节 与爱同行”活动开展，持续巩固创卫成果，引导群众自觉践行文明健康绿色环保生活方式，共同营造春节健康无烟环境，近日，济南市莱芜区寨里镇和平村开展入户宣传发放“无烟佳节 与爱同行”倡议书活动。 志愿者为农户宣传讲解，心中无烟。要认识烟草危害，了解烟草危害，提高自身防控烟草危害意识和能力。增强自我控制能力，自觉抵制诱惑，提倡不吸烟，提倡互不敬烟。手中无烟，公共场所不吸烟，以实际行动践行文明健康绿色环保生活方式。 让我们共同行动起来，从自身做起、从现在做起，追求文明健康绿色环保的生活方式，拒绝烟草危害，欢度无烟佳节。（通讯员 朱秀翠）,鲁网,未知,2024-01-27 16:27:11,http://jidong.sdnews.com.cn/lwqx/202401/t20240127_4346723.htm,未知,控烟,正面,未知
202401011292,郑州市经八路街道开展“无烟佳节 与爱同行”健康宣传,"title: 郑州市经八路街道开展“无烟佳节 与爱同行”健康宣传 content: /format/jpg"" 大河网讯 1月26日上午，郑州市金水区经八路街道办事处城市管理办公室联合文联社区，在经纬市集开展以“无烟佳节 与爱同行”为主题的健康宣传活动，进一步引导广大居民践行文明、健康、绿色、环保的生活方式，营造无烟春节氛围，共度无烟健康佳节。 /format/jpg"" 活动现场，志愿者拉起宣传横幅，向过往群众发放控烟宣传材料《拒绝烟草、珍爱生命》，宣讲《郑州市公共场所禁止吸烟条例》，大力倡导“自己是健康的第一责任人”理念，做到过节不吸烟、不敬烟、不送烟，“对二手烟说不”，共度无烟健康佳节。参与活动的市民纷纷表示一定遵守相关法律法规，为家人做好表率，共同建设无烟环境。同时，通过LED屏幕播放禁烟控烟宣传视频、微信转发禁烟控烟宣传资料等线上形式开展宣传活动。 /format/jpg"" 经八路街道还联合经八路社区卫生服务中心的医生开展现场义诊，为居民免费测量血压，检测血糖，提供个性化的健康建议，以鼓励他们养成良好的卫生习惯，耐心细致地向居民们介绍吸烟与慢性病的关系，戒烟的好处以及科学戒烟方法，共创健康家园。 通过本次宣传活动对创造无烟、洁净、健康的生活工作环境和居住环境，对维护广大居民的健康起到积极的促进作用。下一步，经八路街道办事处将进一步丰富控烟教育宣传形式，提高居民对烟草危害的认识，引导居民养成健康文明的生活方式，共同营造一个无烟、健康、绿色、和谐的节日氛围。（张娟/文图）",大河网,未知,2024-01-27 12:48:00,http://city.dahe.cn/2024/01-27/1706397.html,未知,控烟、戒烟,中性,未知
202401011313,嘉峪关市钢城街道大众社区开展“无烟佳节 与爱同行”控烟宣传活动,title: 嘉峪关市钢城街道大众社区开展“无烟佳节 与爱同行”控烟宣传活动 content: 中国 甘肃 在线嘉峪关讯 ( 通讯员：茹意 ) 新春佳节将至，为进一步推动控烟工作开展，引导居民践行文明健康绿色环保生活方式，更好地推广控烟理念、倡导“无烟环境”建设，促进居民减少烟草使用行为，营造良好的控烟氛围。近日，钢城街道大众社区开展“无烟佳节与爱同行”控烟主题活动。 活动中， 社区志愿者向居民及商户讲解吸烟有害健康的知识，发放戒烟科普宣传知识手册，介绍吸烟带来的危害以及戒烟的好处， 引导居民养成健康的生活方式 和生活习惯 。 同时 ，通过 电子屏播放 “无烟佳节与爱同行”主题宣传标语，大力弘扬无烟健康过节文化 ， 倡导大家过节不吸烟、 不敬烟、 不送 烟 ， “ 对二手烟说不 ” 共度无烟健康佳节 。 通过此次 “无烟佳节与爱同行”控烟主题宣传活动，号召大家从自己做起，从身边做起，不吸烟、不吸二手烟，加强锻炼身体，保持身体健康，积极参与全民健身活动，养成健康生活习惯，为共建美好生活贡献力量。,中国甘肃在线,未知,2024-01-27 01:28:36,http://www.cngansu.cn/news/shizhou/jiayuguanshi/2024/01/27/170629020997255.html,未知,控烟、戒烟,正面,未知
202401011320,凤冈开展“家家户户大扫除·干干净净迎新春”暨“无烟佳节 与爱同行”爱国卫生主题宣传活动,title: 凤冈开展“家家户户大扫除·干干净净迎新春”暨“无烟佳节 与爱同行”爱国卫生主题宣传活动 summary: 凤冈开展家家户户大扫除·干干净净迎新春暨无烟佳节与爱同行爱国卫生主题宣传活动1月26日，健康贵州凤冈行动推进委员会、凤冈县卫生健康局、县人民医院、县中医医院、县疾控中心等单位在凤凰广场。 content: 1月26日，健康贵州凤冈行动推进委员会、凤冈县卫生健康局、县人民医院、县中医医院、县疾控中心等单位在凤凰广场，联合开展“家家户户大扫除·干干净净迎新春”暨“无烟佳节·与爱同行”主题宣传活动。 活动现场，工作人员通过悬挂横幅、摆放宣传展板、发放宣传资料等多种形式，结合健康促进与教育，健康环境建设、病媒生物防治、环境卫生整治、厕所革命、垃圾分类、控烟工作等爱国卫生重点工作为内容进行宣传，受到广大市民的一致好评。 据悉，此次活动免费为市民测量血压100余人次，发放各类宣传资料1000余份、发放健康水杯和卫生围裙40余件，接受市民咨询230余人次。 （来源：凤冈县卫生健康局 陈伯练 汪英） 编 辑：向 烨 二 审：毕 锋 三 审：赵 亮 分享到： 扫一扫进入交流群,健康贵州网,未知,2024-01-27 00:00:00,http://www.gzswssy.com/item/show/16-6060-1.shtml,未知,控烟,正面,未知
202401011327,室内禁烟问题,title: 室内禁烟问题 summary: 室内禁烟问题维**国际酒店南京中山陵农业大学店未严格执行室内公共场所禁烟控烟规定，其五楼设置的公共场所常有人在内抽烟，烟味弥漫至楼道中长久无法散去，空气情况极其恶劣。 content: 维**国际酒店南京中山陵农业大学店（江苏省南京市秦淮区苜蓿园大街79号）未严格执行室内公共场所禁烟控烟规定，其五楼设置的公共场所常有人在内抽烟，烟味弥漫至楼道中长久无法散去，空气情况极其恶劣。要求有关部门进行查处。,人民网,17********4,2024-01-26 19:06:20,http://liuyan.people.com.cn/threads/content?tid=19775411,未知,控烟,负面,未知
202401011338,健康渌口行动丨渌口区开展“无烟佳节与爱同行”专项活动,"title: 健康渌口行动丨渌口区开展“无烟佳节与爱同行”专项活动 summary: 健康渌口行动丨渌口区开展无烟佳节与爱同行专项活动""。活动现场通过专家面对面科普，开展禁烟知识抢答，老烟民戒烟经验分享等，进一步加深了群众对控烟知识的了解，也让大家更深刻认识到吸烟危害，在场群众纷纷表示都要参加到拒烟禁烟宣传活动中来，从身边小事做起，为创建无烟环境贡献自己的力量。 content: "" 为贯彻落实党的二十大精神，不断巩固国家卫生城市创建成果，共度无烟健康佳节，1月26日，渌口区卫健局联合渌口镇政府、区疾控中心、区人民医院、渌口镇城区卫生院开展“无烟佳节 与爱同行”专项宣传活动。 活动紧紧围绕“无烟佳节 与爱同行”这一主题，通过设立宣传台、拉宣传横幅、张贴宣传海报、公布戒烟门诊电话等形式，倡导春节期间亲友相互不送烟、不收烟，在家里不抽烟，共同营造良好的无烟氛围。活动现场共发放戒烟手册200余份，健康知识宣传单500余份。 活动现场通过专家面对面科普，开展禁烟知识抢答，“老烟民”戒烟经验分享等，进一步加深了群众对控烟知识的了解，也让大家更深刻认识到吸烟危害，在场群众纷纷表示都要参加到拒烟禁烟宣传活动中来，从身边小事做起，为创建无烟环境贡献自己的力量。 来源：渌口区卫健局 编辑：曹艳",株洲传媒网,未知,2024-01-26 17:06:03,http://jk3.zzbtv.com:8083/api/news/newsinfo?guid=cb853c0a-7076-429c-9dc8-aa697af3af0c,未知,戒烟、控烟,正面,未知
202401011344,肥西花岗：无烟佳节爱同行 三减三建迎新年,title: 肥西花岗：无烟佳节爱同行 三减三建迎新年 content: 为进一步引导居民践行文明健康、绿色环保生活方式，营造无烟、健康新春佳节期间氛围，花岗镇爱卫办、计生协、联合中心卫生院在董岗社区开展“无烟佳节爱同行，三减三健迎新年”宣传活动，呼吁广大居民群众行动起来，支持控烟、参与控烟、养成健康的生活方式和饮食习惯，树立健康向上的社会风尚，享受无烟佳节。 此次活动正值春节前夕，活动现场花岗卫生院医生为居民群众测量血压，告诫群众要坚持科学健康的生活方式，提高健康素养。花岗镇爱卫办的工作人员通过悬挂横幅、设置健康宣传展架、发放宣传资料和居民进行问答互动等形式开展健康知识传播，向广大居民群众科普吸烟对身体的危害和戒烟小技巧，倡导过节不吸烟、不敬烟、不送烟，拒绝二手烟，共度无烟健康佳节。据悉，本次活动发放5种健康宣传手册共300份、4种健康宣传品500份，设置控烟宣传展板6块。 本次活动紧紧围绕“无烟佳节，与爱同行”主题，广泛传播控烟知识，让广大居民群众了解吸烟对身体健康的危害，增强居民群众的控烟意识。活动最后，花岗镇爱卫办、计生协、中心卫生院为群众发放春节对联、福字并为现场群众送去即将到来的新年祝福。（李慧敏）,合肥网,未知,2024-01-26 16:43:32,http://www.wehefei.com/news/2024/01/26/c_571565.htm,未知,控烟、戒烟,中性,未知
202401011350,“送烟=送危害”：要年味，不要烟味！,title: “送烟=送危害”：要年味，不要烟味！ summary: 为了引导定远县居民文明过春节，强化公众对烟草危害的认识，号召大家弘扬无烟文化，摒弃送烟敬烟等陈规陋习，定远县卫健委、定远县疾控中心积极向广大居民普及烟草、二手烟及电子烟危害的核心知识，营造不在他人面前吸烟、勇于拒绝二手烟的良好社会氛围。 content: 为了引导定远县居民文明过春节，强化公众对烟草危害的认识，号召大家弘扬无烟文化，摒弃送烟敬烟等陈规陋习，定远县卫健委、定远县疾控中心积极向广大居民普及烟草、二手烟及电子烟危害的核心知识，营造不在他人面前吸烟、勇于拒绝二手烟的良好社会氛围，倡导文明健康绿色环保生活方式。 2024年1月25日上午，定远县卫健委、县疾控中联合曲洋社区卫生服务中心在社区大楼门口开展“送烟=送危害”主题咨询活动，通过宣传横幅、展板、发放相关宣传资料等形式，现场咨询服务群众近150人，发放《“三减三健”核心信息》、《控烟宣传知识笔记本》、《和烟瘾做个了断》等宣传知识读本约400份。 1月26日下午，定远县卫健委、县疾控中心联合黎明社区开展“送烟=送危害”主题讲座活动，活动现场大力宣讲了烟草的危害。同时通过播放公益广告“送烟等于送危害”、“无烟家庭”等内容、张贴宣传海报、科普宣讲等多种形式，向辖区居民群众积极宣传“送烟=送危害”、吸烟有害健康等知识，让群众改变以烟为礼的风气，引导辖区居民不吸烟，不敬烟，不送烟，营造了全民参与的良好氛围。,中安在线,未知,2024-01-26 16:35:00,http://ah.anhuinews.com/gdxw/202401/t20240126_7341056.html,未知,控烟,中性,未知
202401011356,蓝田县开展“无烟佳节 与爱同行”主题宣传活动,title: 蓝田县开展“无烟佳节 与爱同行”主题宣传活动 content: 为进一步增强广大居民的健康意识，积极响应国家关于公共场所禁烟的号召，引导居民践行文明健康绿色环保生活方式，营造“春节”期间无烟氛围。元月25日上午，县卫健局（爱卫办）协同县疾控中心、县医院、县中医院、三里镇卫生院走进三里镇新城社区新时代文明实践站，共同开展“无烟佳节 与爱同行”主题宣传活动。 活动中，来自县人民医院的专业医生通过生动的案例和数据，详细阐述了吸烟对身体健康的影响，以及二手烟对周围人的危害。同时，专家还向居民普及了戒烟的方法和技巧，鼓励大家积极参与禁烟控烟活动，倡导过节不吸烟、不敬烟、不送烟，“对二手烟说不”，共度无烟健康佳节。 活动现场，社区居民积极参与互动，就戒烟过程中遇到的困难和问题向专家请教。大家纷纷表示，通过此次讲座，自己更加明白了禁烟控烟的重要性，将积极参与到禁烟控烟活动中来。讲座结束后，县中医院、县人民医院组织医务人员现场义诊，接受群众戒烟、健康保健知识咨询，同时为周围群众解答冬季心脑血管、呼吸道疾病防治，县中医医院眼科专家为群众检查眼疾。 通过此次活动，切实增强了广大居民控烟禁烟意识，大家纷纷表示，自己更加明白了禁烟控烟的重要性，将积极参与到禁烟控烟活动中来。下一步，蓝田县将继续加大禁烟控烟宣传力度，定期举办类似活动，共同营造无烟、健康的生活环境。,西安文明网,未知,2024-01-26 16:22:00,http://xa.wenming.cn/wmqx/202401/t20240126_8411921.html,未知,戒烟、控烟,正面,未知
202401011362,庆城县开展“无烟佳节 与爱同行”新时代文明实践主题宣传活动,title: 庆城县开展“无烟佳节 与爱同行”新时代文明实践主题宣传活动 content: 为进一步推动控烟工作开展，引导群众践行文明健康绿色环保生活方式，营造春节期间无烟氛围，1月24日，庆城县爱卫办联合县医保局、县妇幼保健院等单位组织志愿者，在北区广场开展了“无烟佳节 与爱同行”新时代文明实践主题宣传活动。 活动现场，各单位志愿者通过悬挂横幅、设立咨询台、发放宣传单、宣传品、现场接受咨询等多种形式，向来往群众广泛宣传烟草带来的健康风险，普及吸烟和吸二手烟的危害，呼吁群众积极关注控烟，主动参与控烟，引导大众培养文明健康的生活方式，营造无烟健康佳节氛围。 市民 邬玉琴说：“ 抽烟对我们的身体危害很大，以后我们要养成良好的（生活）习惯，再不能抽烟。 ” 活动中，共发放各类宣传资料800余份，接受群众健康咨询200余人次，教育引导广大人民群众做“控烟”、“无烟”的宣传者、监督者、执行者。 活动当天，各单位志愿者还开展了城乡居民医保政策及经办流程、妇女保健等方面知识宣传。,庆阳文明网,未知,2024-01-26 15:47:00,http://qy.wenming.cn/qxdt/202401/t20240126_8411823.shtml,未知,控烟,正面,未知
202401011370,营造无烟环境 我区开展控烟宣传活动,title: 营造无烟环境 我区开展控烟宣传活动 summary: 营造无烟环境我区开展控烟宣传活动为了促进共同创建无烟杨浦，推动健康上海的发展，1月24日，区卫生健康促进中心结合医路护航·医共享区域化党建项目，联合区中心医院、区疾控中心、区卫监所等多家单位。 content: 为了促进共同创建无烟杨浦，推动健康上海的发展，1月24日，区卫生健康促进中心结合“医路护航·医共享”区域化党建项目，联合区中心医院、区疾控中心、区卫监所等多家单位，在五角场下沉式广场开展了一场以“无烟佳节·与爱同行”为主题的控烟宣传活动。 据悉，此次活动围绕保障孕产妇与婴幼儿健康展开，旨在通过指导孕产家庭成员戒烟，进一步提高市民控烟戒烟意识，营造良好的无烟环境。 当天，各单位各司其职、协同合作，向来往的市民群众做好关于戒烟方面的宣传。区健促中心现场宣传了最新的《上海市爱国卫生与健康促进条例》。区中心医院戒烟门诊的医生向市民群众提供戒烟热线、戒烟门诊、戒烟社群等戒烟渠道，并且为问询戒烟方法的群众提供帮助。区疾控中心推广“十月怀胎·爸爸戒烟”孕产家庭戒烟行动和健康咨询。区卫监所向附近办公楼宇职员及市民进行了《控烟条例》普法宣传并分发控烟宣传册。 下一步，区卫生健康促进中心将结合“医路护航·医共享”系列项目活动，以“党建引领、系统联动”模式，充分发挥区域大党建和健康科普特色优势，提升为人民服务的水平，不断增强社区居民满意度和获得感。,上海市杨浦区人民政府,未知,2024-01-26 15:42:32,http://www.shyp.gov.cn/shypq/xwzx-jzdt/20240126/447074.html,未知,控烟、戒烟、控烟戒烟,正面,未知
202401011384,光明街道花园社区新时代文明实践站开展“无烟佳节 与爱同行”控烟活动,title: 光明街道花园社区新时代文明实践站开展“无烟佳节 与爱同行”控烟活动 summary: 光明街道花园社区新时代文明实践站开展无烟佳节与爱同行控烟活动为营造春节无烟氛围，铸牢中华民族共同体意识，近日，花园社区新时代文明实践站开展无烟佳节与爱同行控烟主题活动。 content: 为营造春节无烟氛围，铸牢中华民族共同体意识，近日，花园社区新时代文明实践站开展“无烟佳节 与爱同行”控烟主题活动。 活动中，网格员来到大集，通过向商户、居民发放宣传单，弘扬无烟健康过节文化，倡导过节不吸烟、不敬烟、不送烟，共度无烟健康佳节。同时向大家讲解戒烟方法，以回答居民问题的方式，对烟草成分，吸烟的危害，与吸烟相关的各种严重疾病，及如何科学有效的戒烟等健康知识进行宣传。 此次活动，切实提高了辖区各族居民对烟草危害的认识，增强各族居民控烟意识，为营造良好的无烟环境、共享健康生活打下了良好的基础。,和龙市人民政府,未知,2024-01-26 15:16:00,http://www.helong.gov.cn/zw_2395/hlyw/202401/t20240126_449530.html,未知,控烟、戒烟,正面,未知
202401011398,黄山区新丰乡：无烟佳节 与爱同行,title: 黄山区新丰乡：无烟佳节 与爱同行 summary: 黄山区新丰乡：无烟佳节与爱同行拒吸第一支烟，做无烟新一代，镜头前，来自黄山区新丰乡新丰中心学校的学生们，摆出拒绝的手势，用稚嫩却坚定声音喊出响亮口号。 content: “拒吸第一支烟，做无烟新一代”，镜头前，来自黄山区新丰乡新丰中心学校的学生们，摆出拒绝的手势，用稚嫩却坚定声音喊出响亮口号。 近日，黄山区新丰乡新时代文明实践所、乡卫健办联合乡卫生院，利用寒假最后一节课，来到新丰中心学校，开展“无烟佳节 与爱同行”活动。 在各个班级的主题班会上，一户工作人员通过PPT演示、视频播放等形式，向学生介绍烟草烟雾和电子烟的危害、吸烟对健康的负面影响，并提醒他们远离烟草，关注烟草对健康的威胁，激励他们成为学校、家庭控烟监督员，培养无烟的生活习惯，对二手烟说不。同时，在校园内各个角落里都张贴了关于吸烟危害的宣传语和公益广告，营造出倡导无烟生活的浓厚氛围。 通过“小手牵大手”活动，青少年积极引导家长不吸烟，主动戒烟，让践行文明健康绿色环保生活方式的理念深入人心。下一步，该乡将继续大力弘扬无烟健康过节文化，倡导过节不吸烟、不敬烟、不送烟，引导居民养成健康的生活方式和生活习惯。 （撰稿人：杜拥超、杨霆之 审核人：周昊）,黄山市黄山区人民政府,新丰乡,2024-01-26 14:50:00,http://www.hsq.gov.cn/dwzw/zwxx/9226405.html,未知,控烟、戒烟,中性,未知
202401011405,望江县赛口镇开展“无烟佳节 与爱同行”活动,title: 望江县赛口镇开展“无烟佳节 与爱同行”活动 summary: 望江县赛口镇开展无烟佳节与爱同行活动为进一步推动控烟工作开展，引导群众践行文明健康绿色环保生活方式，1月24日，望江县赛口镇联合相关部门到赛口镇初级中学开展了无烟佳节、与爱同行主题控烟进校园活动，进一步普及了烟草危害知识教育。号召学生从小做起、从现在做起，拒绝吸烟、远离烟草。 content: 为进一步推动控烟工作开展，引导群众践行文明健康绿色环保生活方式，1月24日，望江县赛口镇联合相关部门到赛口镇初级中学开展了“无烟佳节、与爱同行”主题控烟进校园活动，进一步普及了烟草危害知识教育，号召学生从小做起、从现在做起，拒绝吸烟、远离烟草。 活动通过投放电子屏、设立宣传展台、摆放宣传板、发放控烟宣传资料等方式，向过往群众进行烟草危害的宣传，通过现场讲解对群众普及吸烟的危害、戒烟的益处以及如何科学戒烟等知识。次活动共发放对联等无烟宣传品200余件、服务群众100余人次。 此外，该镇卫健办还联合镇相关部门组织了戒烟服务志愿队走进基层社区和单位，通过发放戒烟科普宣传手册，讲解吸烟和二手烟的危害，提升居民戒烟意愿，引导居民养成健康的生活方式和生活习惯。以春节为契机，通过宣传标语、宣传栏、海报、视频、公益宣传等群众喜闻乐见的方式，大力弘扬无烟健康过节文化，倡导过节不吸烟、不敬烟、不送烟，“对二手烟说不”。 下一步，该镇将继续开展无烟党政机关建设巩固提升活动、控烟健康教育活动、戒烟咨询服务活动、健康过佳节宣传活动等，在党政机关内部开展全方位、多角度的控烟宣传教育，引导干部不吸烟、主动戒烟，主动做控烟宣传者和倡导者。（张琴弦）,中安在线,未知,2024-01-26 14:23:15,http://ah.anhuinews.com/aq/news/wangjiang/202401/t20240126_7340592.html,未知,控烟、戒烟,正面,未知
202401011412,鄂托克旗爱国卫生服务中心开展“无烟佳节 与爱同行”宣传活动,title: 鄂托克旗爱国卫生服务中心开展“无烟佳节 与爱同行”宣传活动 summary: 为巩固国家卫生县城创建成果，引导城乡居民践行文明健康，绿色环保生活方式，营造新春佳节期间无烟氛围，1月24日，旗爱国卫生服务中心联合旗公用事业服务中心、旗市监局、旗教体局、旗卫生健康综合行政执法大队等成员单位开展无烟佳节与爱同行宣传活动。 content: 为巩固国家卫生县城创建成果，引导城乡居民践行文明健康，绿色环保生活方式，营造新春佳节期间无烟氛围，1月24日，旗爱国卫生服务中心联合旗公用事业服务中心、旗市监局、旗教体局、旗卫生健康综合行政执法大队等成员单位开展“无烟佳节 与爱同行”宣传活动。 工作人员通过发放宣传资料等形式向群众讲解了烟草的危害、戒烟的方法，引导和鼓励广大居民积极参与控烟活动，倡导过节不吸烟、不敬烟、不送烟，“对二手烟说不”，共度无烟佳节。 此次活动发放控烟宣传册、宣传品200余份，提高了居民对吸烟危害的认识，营造了无烟佳节氛围。下一步，旗爱国卫生服务中心将持续开展多形式的控烟教育宣传活动，引导广大群众积极参与进来，共同创建一个文明、洁净、优美、良好的生活环境。 （图/文 高娅妮）,鄂尔多斯市卫生健康委员会,未知,2024-01-26 11:47:20,http://wjw.ordos.gov.cn/qqdt_79204/202401/t20240126_3560325.html,未知,戒烟、控烟,正面,未知
202401011419,零陵区开展“无烟佳节 与爱同行”宣传活动,title: 零陵区开展“无烟佳节 与爱同行”宣传活动 summary: 通讯员郑瑜）为进一步引导群众践行文明健康绿色环保生活方式，倡导无烟环境建设，营造节日期间无烟氛围。1月26日上午，由零陵区卫健局、区爱卫办、区健康教育所主办，区妇幼保健院承办的无烟佳节与爱同行为主题的宣传活动在零陵区安康广场举行。 content: 本网讯（通讯员 郑瑜）为进一步引导群众践行文明健康绿色环保生活方式，倡导“无烟环境”建设，营造节日期间无烟氛围。1月26日上午，由零陵区卫健局、区爱卫办、区健康教育所主办，区妇幼保健院承办的“无烟佳节 与爱同行”为主题的宣传活动在零陵区安康广场举行。 活动现场通过设立宣传展台、摆放宣传展板、发放控烟宣传手册、控烟知识宣传保温杯等方式，向过往群众普及吸烟的危害、戒烟的益处以及如何科学戒烟等知识。医务人员为群众免费测量血压等健康检查服务，同时解答他们在戒烟过程中遇到的问题。此次活动共发放宣传手册600余份、宣传保温杯300余个、服务群众200余人次。 来源：零陵区卫健局 作者：郑瑜 编辑：郑志祥,零陵新闻网,郑瑜,2024-01-26 10:01:15,http://www.hwll.cn/content/646845/60/13480461.html,未知,控烟、戒烟,正面,未知
202401011434,控烟行动 从你我开始！ 建国街社区开展“无烟佳节与爱同行”戒烟禁烟知识宣传活动,"title: 控烟行动 从你我开始！ 建国街社区开展“无烟佳节与爱同行”戒烟禁烟知识宣传活动 summary: 建国街社区开展无烟佳节与爱同行戒烟禁烟知识宣传活动为深入宣传烟草烟雾危害，倡议居民重视健康，拒绝烟草，2024年1月22日，建国街社区在社区二层会议室以停止吸烟,让呼吸更清新为主题开展无烟佳节与爱同行戒烟禁烟知识宣传活动。 content: 为深入宣传烟草烟雾危害，倡议居民重视健康，拒绝烟草，2024年1月22日，建国街社区在社区二层会议室以“停止吸烟,让呼吸更清新”为主题开展“无烟佳节与爱同行”戒烟禁烟知识宣传活动。 活动中，社区工作人员宣传讲解了控烟禁烟的相关知识，详细讲解戒烟的好处，分享科学戒烟的方法，耐心劝导吸烟者拒绝烟草，自觉抵制吸烟行为，摒弃不良习惯，同时发放相关宣传材料，号召大家从自己做起，从身边做起，不吸烟、不吸二手烟、不在公共场所吸烟，共建共享健康、绿色、清洁、环保的无烟生活环境。创造良好的公共场所卫生环境,倡导健康、文明的生活方式,创立一个文明、健康、和谐的生活环境。 下一步，建国街社区将不断加强辖区内公共场所控烟工作力度，积极开展控烟宣传和督导工作，切实增强广大群众的控烟意识，努力营造良好的控烟氛围。 附件：",北京市丰台区人民政府,未知,2024-01-26 08:53:00,http://www.bjft.gov.cn/ftq/jxdt/202401/4c122359128e40c5be0509a1bdcaa673.shtml,未知,控烟、戒烟,正面,未知
202401011448,孝昌县开展“无烟佳节、与爱同行”进校园活动,title: 孝昌县开展“无烟佳节、与爱同行”进校园活动 summary: 孝昌县开展无烟佳节、与爱同行进校园活动1月12日，为贯彻落实国家卫生健康委开展无烟佳节、与爱同行控烟活动要求，孝昌卫健局关工委、县教育局关工委联合县爱卫办、县疾控中心到孝昌县第一初级中学开展无烟佳节、与爱同行主题进校园活动。鼓励广大青少年成为学校、家庭控烟监督员，促进无烟学校、无烟家庭建设。 content: 1月12日，为贯彻落实国家卫生健康委开展“无烟佳节、与爱同行”控烟活动要求，孝昌卫健局关工委、县教育局关工委联合县爱卫办、县疾控中心到孝昌县第一初级中学开展“无烟佳节、与爱同行”主题进校园活动，鼓励广大青少年成为学校、家庭控烟监督员，促进无烟学校、无烟家庭建设。 活动现场，县第一初级中学教师在启动仪式上宣读孝昌县“无烟佳节、与爱同行”控烟活动倡议书；县疾控中心工作人员围绕“世界无烟日的由来”、烟草烟雾及电子烟对青少年的危害等知识进行了详细讲解，警示学生在思想上、心理上、行动上认清烟草烟雾及电子烟的“真面目”，不猎奇、不跟风、不沾染，坚决向烟草说“不”，帮助学生树立“拒吸第一支烟，做不吸烟新一代”的理念。 为进一步推动辖区控烟工作开展，县疾控中心主动谋划极具特色的控烟系列宣传活动，紧抓元旦、春节等时间节点，大力弘扬无烟健康过节文化，通过全方位、多角度控烟宣传教育，联合中小学校、党政机关、医院广泛科普烟草烟雾和电子烟危害，巩固提升无烟党政机关、无烟学校、无烟医院建设成果，自觉做控烟宣传者、倡导者和监督者。 “为进一步推动全县控烟工作开展，县疾控中心今天在县一初开展‘无烟佳节 与爱同行’控烟活动启动仪式。接下来，我们还将在全县开展无烟党政机关建设巩固提升活动、控烟健康教育活动、戒烟咨询服务活动以及健康过佳节宣传活动，引导群众践行文明健康绿色环保生活方式，通过宣传标语、宣传栏、海报、视频、公益宣传等群众喜闻乐见的方式，营造元旦、春节‘两节’无烟氛围。”县疾控中心健康教育科医生李红霞说。 供稿：孝昌县教育局关工委办公室 免责声明: 本网所有内容，包括但不限于文字、图片、图表等，均属公益，转载上述内容均需注明《孝德网》或原出处。 联系电话：0712-2856409 投稿邮箱：xg9961@163.com,孝德网,未知,2024-01-26 07:19:00,http://www.xg9961.com:80/xydt/1813152.jhtml,未知,控烟、戒烟,正面,未知
202401011462,荔波县税务局组织开展“喜迎佳节 共创无烟机关”志愿服务活动,title: 荔波县税务局组织开展“喜迎佳节 共创无烟机关”志愿服务活动 summary: 荔波县税务局组织开展喜迎佳节共创无烟机关志愿服务活动为践行奉献、友爱、互助、进步的志愿服务精神，1月25日，荔波县税务局与玉屏街道漳江园社区联合开展喜迎佳节共创无烟机关志愿服务活动，结合节前扫尘传统，大力开展社区卫生大扫除，积极传递正能量。 content: 为践行“奉献、友爱、互助、进步”的志愿服务精神，1月25日，荔波县税务局与玉屏街道漳江园社区联合开展“喜迎佳节共创无烟机关”志愿服务活动，结合节前扫尘传统，大力开展社区卫生大扫除，积极传递正能量。 活动中，大家身穿志愿“红马甲”，不怕脏、不怕累，充分发挥团结协作精神，对辖区、社区、街道等地的枯枝败叶、烟头垃圾等进行全面清除打扫，并通过发放宣传单、口头交流等方式向群众普及卫生健康、禁烟控烟知识，对过往行人进行文明劝导，呼吁居民保持良好的健康生活习惯，协力打造卫生整洁、文明有序、健康祥和的节日环境。 此外，税务青年干部们还组成一支10人“税宣小分队”，在打扫卫生之余，对临街商铺开展税费优惠政策入户宣传。包子店、饺子店、眼镜店……青年干部们主动选好相应税惠政策，不仅进行政策宣传，也做好政策解读，进一步提高税费优惠政策的知晓率，为今年的减税降费工作打下基础、开个好头。 荔波县税务局青工委主任委员陈威说：“通过此次志愿服务活动，社区、街道的环境变干净多了，大家的环保卫生意识也得到了提升，最重要的是进一步拉进了干部与群众之间的关系，能为群众讲解清楚税惠政策，能和群众一起创建文明环境，是真正的做实事、办好事。”(作者 韩倩怡 来源：国家税务总局荔波县税务局) 一审：马达 二审：罗近人 三审：罗晟鸣,多彩贵州网,未知,2024-01-26 00:00:00,http://cs.gog.cn/system/2024/01/26/018517072.shtml,未知,控烟,正面,未知
202401011469,【健康新广安】广安市疾控中心开展“无烟佳节 与爱同行”活动,title: 【健康新广安】广安市疾控中心开展“无烟佳节 与爱同行”活动 summary: 1月23日，广安市疾控中心、华蓥市疾控中心、华蓥市高兴镇中心卫生院联合举办了无烟佳节与爱同行控烟宣传活动。 content: 1月23日，广安市疾控中心、华蓥市疾控中心、华蓥市高兴镇中心卫生院联合举办了“无烟佳节 与爱同行”控烟宣传活动。 活动现场，医护人员通过播放控烟宣传视频、发放控烟科普宣传折页和健康支持性生活小工具、咨询答疑、义诊服务等，向群众深入浅出地讲解吸烟的危害、戒烟的重要性和科学的戒烟方法，引导广大群众摒弃过节敬烟送烟陋习，积极倡导共度无烟健康佳节。 现场群众纷纷表示，将以少吸或不吸、不敬烟、不送烟的实际行动支持“无烟佳节 与爱同行”活动，让“无烟过节”成为新年的最美祝福。 编辑：王丹 发布时间：2024-01-26,广安新闻网,未知,2024-01-26 00:00:00,http://www.gatv.com.cn/Article/detail?infoid=132935&modelid=2,未知,控烟、戒烟,正面,未知
202401011476,加拿大皇家烟草公司呼吁采用危害减少策略 力争2035年吸烟率低于5%,title: 加拿大皇家烟草公司呼吁采用危害减少策略 力争2035年吸烟率低于5% content: 加拿大媒体muskoka411于1月22日报道，在国家戒烟周开始之际，加拿大皇家烟草公司（ITCAN）敦促政府和公共卫生组织采用危害减少的理念，以实现2035年将吸烟率降至5%以下的目标。 ITCAN的总裁兼首席执行官Frank Silva表示：“危害减少在其他行业已经证明是有效的，我们坚信这是减少加拿大吸烟率的最有效方式。”他补充说：“政府和公共卫生团体可以通过积极支持危害减少并向加拿大人提供可用的解决方案来履行自己的职责。” ITCAN认为通过共同努力，包括行业、公共卫生和控烟组织，可以突破加拿大吸烟率的停滞状态。这需要所有相关团体共同参与公开对话，为了公共卫生的利益，同时防止关于相对更低危险替代品的偏见，并解决可能对消费者造成伤害的非法产品。 Silva先生说：“尽管加拿大拥有全球最严格的法规之一，但加拿大统计局的最新数据表明，虽然取得了一些进展，但我们还有很长的路要走。”他补充说：“我们都知道吸烟带来的健康风险，并且一致认为戒烟是最好的解决方案。确保成年吸烟者获得准确信息和新的较低危险的吸烟替代品，是进一步降低加拿大吸烟率的关键。”,烟草在线,未知,2024-01-26 00:00:00,http://www.tobaccochina.com/html/news/gjsy/672441.shtml,未知,戒烟、控烟,中性,未知
202401011490,沧江乡开展“无烟佳节，与爱同行”主题宣传活动,"title: 沧江乡开展“无烟佳节，与爱同行”主题宣传活动 summary: 沧江乡开展无烟佳节，与爱同行主题宣传活动1月24日,乡爱卫办结合乡创建办在沧江乡集镇区开展无烟佳节,与爱同行专项宣传活动,活动紧紧围绕无烟佳节与爱同行这一主题,设立宣传台,播放标语与视频,发放控烟手册和文明过年倡议书。 content: 1月24日,乡爱卫办结合乡创建办在沧江乡集镇区开展“无烟佳节,与爱同行”专项宣传活动,活动紧紧围绕“无烟佳节 与爱同行”这一主题,设立宣传台,播放标语与视频,发放控烟手册和文明过年倡议书。 为了让群众全面了解吸烟的危害,沧江乡工作人员从生理、心理方面介绍吸烟对身体影响。用宣传视频与线下讲解的方式,让人们了解到吸烟是百害而无一利的,是一种不健康的生活习惯。 活动中,发放戒烟手册50余份及健康知识宣传单100余份,倡导春节期间亲友相互不送烟、不收烟,在家里不抽烟等,共同营造良好的无烟佳节氛围。",兴义市人民政府,未知,2024-01-26 00:00:00,http://www.gzxy.gov.cn/xwzx/bmdt/202401/t20240126_83633532.html,未知,控烟、戒烟,正面,未知
202401011503,凤冈开展“家家户户大扫除・干干净净迎新春”主题宣传活动,title: 凤冈开展“家家户户大扫除・干干净净迎新春”主题宣传活动 content: 多彩贵州网讯 1月26日，健康贵州凤冈行动推进委员会、凤冈县卫生健康局、县人民医院、县中医医院、县疾控中心等单位在县城凤凰广场，联合开展“家家户户大扫除・干干净净迎新春”暨“无烟佳节・与爱同行”主题宣传活动。 活动现场，工作人员通过悬挂横幅、摆放宣传展板、发放宣传资料等多种形式，结合健康促进与教育，健康环境建设、病媒生物防制、环境卫生整治、厕所革命、垃圾分类、控烟工作等爱国卫生重点工作为内容进行宣传，受到广大市民的一致好评。 据悉，此次活动免费为市民测量血压100余人次，发放各类宣传资料1000余份、发放健康水杯和卫生围裙40余件，接受市民咨询230余人次。(陈伯练 汪英) 一审：余从源 二审：王 信 三审：唐全寿,多彩贵州网,未知,2024-01-26 00:00:00,http://zy.gog.cn/system/2024/01/26/018517133.shtml,未知,控烟,正面,未知
202401011551,“无烟佳节·与爱同行”  ——河北街道挺进路社区新时代文明实践站、妇联开展控烟活动,title: “无烟佳节·与爱同行” ——河北街道挺进路社区新时代文明实践站、妇联开展控烟活动 summary: 无烟佳节·与爱同行——河北街道挺进路社区新时代文明实践站、妇联开展控烟活动为进一步推动控烟工作开展，引导群众践行文明健康、绿色环保的生活方式，营造节日期间无烟氛围。1月19日，河北街道挺进路社区新时代文明实践站、妇联开展无烟佳节·与爱同行控烟宣传活动。 content: 为进一步推动控烟工作开展，引导群众践行文明健康、绿色环保的生活方式，营造节日期间无烟氛围。1月19日，河北街道挺进路社区新时代文明实践站、妇联开展“无烟佳节·与爱同行”控烟宣传活动。 活动现场，社区组织辖区青少年、居民群众20余人集中观看小视频，详细介绍了烟草对健康的危害，以及如何建立和维护无烟环境，希望从下一代开始培养无烟的生活习惯。同时，社区通过向居民发放“无烟佳节·与爱同行”倡议书等形式，引导广大居民充分认识烟草危害，鼓励大家成为家庭控烟监督员，带动身边每一个人投身于无烟家庭创建活动，大力弘扬健康过节文化，倡导过节不吸烟、不敬烟、不送烟，“对二手烟说不”，共度无烟健康佳节，共建无烟环境，共享健康生活。 改变一种习惯，收获一份健康。此次控烟活动得到了社区居民的积极响应和支持，许多居民表示，他们将积极响应这一倡议，从自身做起，远离烟草，不在公共场所吸烟，加强锻炼身体，保持身体健康，积极参与全民健身活动，养成健康生活习惯，为自己和家人创造一个更加健康的生活环境，积极倡导“无烟家庭”、“无烟佳节”理念，希望能在社区内形成一股新的健康生活风尚。,雅安市雨城区人民政府,未知,2024-01-25 17:34:00,http://www.yayc.gov.cn/gongkai/show/b8117714573ff481e8a7849f26260c7b.html,未知,控烟,正面,未知
202401011573,河北街道南二路社区妇联开展迎春节“无烟佳节与爱同行”宣传活动,title: 河北街道南二路社区妇联开展迎春节“无烟佳节与爱同行”宣传活动 summary: 河北街道南二路社区妇联开展迎春节无烟佳节与爱同行宣传活动为营造干净整洁、优美舒适的辖区环境，保障社区居民健康快乐地过节，1月18日下午，河北街道南二路社区组织辖区居民开展了无烟佳节与爱同行宣传活动，旨在通过广泛宣传烟草危害，倡导健康生活方式。 content: 为营造干净整洁、优美舒适的辖区环境，保障社区居民健康快乐地过节，1月18日下午，河北街道南二路社区组织辖区居民开展了“无烟佳节 与爱同行”宣传活动，旨在通过广泛宣传烟草危害，倡导健康生活方式，在全社会营造良好的控烟宣传舆论氛围。 社区倡议居民，一是要敢于拒绝吸烟，当好自己健康的第一责任人，勇敢捍卫自身健康权利；二是公共场所不吸烟。吸烟者不在公共场所、室内工作场所和公共交通工具内吸烟，不让别人吸二手烟；三是每个家庭争做无烟家庭，每个家庭成员要做到自己不吸烟、来客不敬烟、走亲返友不送烟、劝导亲友早戒烟，为孩子营造健康温馨的港湾。 下一步，南二路社区将持续开展系列活动。切实维护清新生态环境，畅享纯净自然气息，践行文明健康绿色环保生活方式，为辖区营造无烟、健康、幸福的春节氛围而努力！,雅安市雨城区人民政府,未知,2024-01-25 17:27:00,http://www.yayc.gov.cn/gongkai/show/a37e6e081d22901a69e53ff21d4c1a1a.html,未知,控烟、戒烟,正面,未知
202401011580,六安市金安区东市街道开展“无烟佳节 与爱同行—控烟科普宣传”活动,title: 六安市金安区东市街道开展“无烟佳节 与爱同行—控烟科普宣传”活动 summary: 六安市金安区东市街道开展无烟佳节与爱同行—控烟科普宣传活动1月24日下午3时，六安市金安区东市街道科协联合区医保局、长安社区新时代文明实践站组织开展无烟佳节与爱同行—控烟科普宣传活动。 content: 1月24日下午3时，六安市金安区东市街道科协联合区医保局、长安社区新时代文明实践站组织开展“无烟佳节 与爱同行—控烟科普宣传”活动。 活动现场，社区科普志愿者通过播放吸烟危害健康的相关视频，向孩子们和家长普及吸烟和被动吸烟对人的身体和环境的危害，呼吁居民不要在公共场所吸烟、随地乱扔烟头，倡导春节不吸烟、不敬烟、不送烟。同时也要维护自己的健康权益，家长要监督好孩子，不让孩子因为好奇而吸烟；孩子要劝导家长不抽烟、早戒烟，倡导家中每个成员“做自己健康的第一责任人”，“对二手烟说不”。 通过此次科普活动，帮助辖区未成年人树立拒绝吸烟的理念，同时通过“小手拉大手”方式，劝导家长在日常生活中保持健康良好的生活习惯，不吸烟、主动戒烟，为孩子健康成长作表率，做“家庭健康守护者”和“禁烟践行者”。 扫一扫在手机打开当前页,安徽省科学技术协会,未知,2024-01-25 17:16:00,http://www.ahpst.net.cn/News/show/33608.html,未知,控烟、戒烟,正面,未知
202401011601,泗县瓦坊镇：开展禁烟控烟活动 营造和谐生活氛围,title: 泗县瓦坊镇：开展禁烟控烟活动 营造和谐生活氛围 summary: 泗县瓦坊镇：开展禁烟控烟活动营造和谐生活氛围为进一步提高辖区广大群众对吸烟有害健康的认识，营造禁烟控烟，健康你我的新春无烟氛围，近日，泗县瓦坊镇积极开展禁烟控烟宣传活动。 content: 为进一步提高辖区广大群众对吸烟有害健康的认识，营造“禁烟控烟，健康你我”的新春无烟氛围，近日，泗县瓦坊镇积极开展禁烟控烟宣传活动。 党员干部带头，提高干部素质。该镇召开镇村关于禁烟控烟专项宣传工作动员会，要求镇村干部带头，在禁烟活动中起到表率作用，在办公室、商超、广场、卫生间等公共区域全面禁止吸烟，在其他区域也要规范吸烟，鼓励镇村干部带头戒烟，营造健康无烟的乡村氛围。 加大宣传力度，提高群众觉悟。通过镇村广播、宣传栏、电子显示屏对禁烟控烟知识进行宣传，让群众了解吸烟以及二手烟的危害；通过微信工作群、朋友圈等线上推送禁烟控烟对身体健康的好处和影响和谐的隐患。镇村干部、网格员在入户开展日常工作时，面对面与群众交流，入户宣传禁烟控烟知识，劝导维护健康远离烟草，劝导共建和谐自觉禁烟控烟，让每家每户都了解到吸烟的危害，提高群众自觉戒烟意愿，确保群众在春节期间和谐共处，共度无烟健康佳节。 本次专项宣传活动，提高了广大群众对吸烟危害的认识，为创造清新、舒适的节日无烟环境打下了良好思想基础。下一步，该镇将持续普及烟草的危害，让辖区广大群众自觉养成吸烟有害健康的意识，自觉抵制不良吸烟行为，共同创建一个健康无烟的平安和谐新环境。（孟庆东）,中安在线,未知,2024-01-25 16:53:31,http://ah.anhuinews.com/sz/xq/sx/202401/t20240125_7338971.html,未知,控烟、戒烟,正面,未知
202401011607,　　为给大家创造一个无烟、舒适、健康环境，加强全体职工控烟知识，倡导健康文明的生活方式，近日，泗县退役军人事务局组织开展了“无烟佳节与爱同行”主题宣传活动。,title: 为给大家创造一个无烟、舒适、健康环境，加强全体职工控烟知识，倡导健康文明的生活方式，近日，泗县退役军人事务局组织开展了“无烟佳节与爱同行”主题宣传活动。 content: 为给大家创造一个无烟、舒适、健康环境，加强全体职工控烟知识，倡导健康文明的生活方式，近日，泗县退役军人事务局组织开展了“无烟佳节与爱同行”主题宣传活动。 为浓厚活动氛围，通过转发趣味动画和视频、条幅、宣传海报、禁烟小标识等多种形式，向大家宣传吸烟对人体的危害，引导单位“烟民”尽早戒烟。按照无烟机关建设标准，及时调整领导小组并设立1-2名控烟监督员，每天不定时巡察，及时制止公共区域吸烟行为。 活动中，党员志愿者们到包保小区向居民发放宣传单页，对发现烟头及时收集丢弃，并现场开展烟草的危害、戒烟的益处、戒烟和劝阻吸烟的方法等内容进行宣传。烟草中含有1400多种有害成分、吸烟时的浓雾中更含有40多种致癌物质，对人体所有器官均会产生损害，会导致冠心病、中风、多种癌症，据统计全国每年因吸烟致癌近500万人，还会造成室内环境的污染。倡议居民：从自身做起戒烟、控烟，并劝导身边人不吸烟，共同创建无烟环境，免受烟草危害。 泗县退役军人事务局将以此次活动为契机，营造人人参与控烟，人人支持控烟的良好氛围，为单位职工、社区居民搭建一个更加健康、舒适、文明的工作和生活环境。（邓飞）,中安在线网站,邓飞,2024-01-25 16:53:31,http://ah.anhuinews.com/sz/xq/sx/202401/t20240125_7338968.html,未知,控烟、戒烟,正面,未知
202401011613,泗县退役军人事务局扎实开展“无烟佳节与爱同行”主题宣传活动,title: 泗县退役军人事务局扎实开展“无烟佳节与爱同行”主题宣传活动 summary: 泗县退役军人事务局扎实开展无烟佳节与爱同行主题宣传活动为给大家创造一个无烟、舒适、健康环境，加强全体职工控烟知识，倡导健康文明的生活方式，近日，泗县退役军人事务局组织开展了无烟佳节与爱同行主题宣传活动。 content: 为给大家创造一个无烟、舒适、健康环境，加强全体职工控烟知识，倡导健康文明的生活方式，近日，泗县退役军人事务局组织开展了“无烟佳节与爱同行”主题宣传活动。 为浓厚活动氛围，通过转发趣味动画和视频、条幅、宣传海报、禁烟小标识等多种形式，向大家宣传吸烟对人体的危害，引导单位“烟民”尽早戒烟。按照无烟机关建设标准，及时调整领导小组并设立1-2名控烟监督员，每天不定时巡察，及时制止公共区域吸烟行为。 活动中，党员志愿者们到包保小区向居民发放宣传单页，对发现烟头及时收集丢弃，并现场开展烟草的危害、戒烟的益处、戒烟和劝阻吸烟的方法等内容进行宣传。烟草中含有1400多种有害成分、吸烟时的浓雾中更含有40多种致癌物质，对人体所有器官均会产生损害，会导致冠心病、中风、多种癌症，据统计全国每年因吸烟致癌近500万人，还会造成室内环境的污染。倡议居民：从自身做起戒烟、控烟，并劝导身边人不吸烟，共同创建无烟环境，免受烟草危害。 泗县退役军人事务局将以此次活动为契机，营造人人参与控烟，人人支持控烟的良好氛围，为单位职工、社区居民搭建一个更加健康、舒适、文明的工作和生活环境。（邓飞）,中安在线,未知,2024-01-25 16:53:31,http://ah.anhuinews.com/sz/xq/sx/202401/t20240125_7338968.html,未知,控烟、戒烟,正面,未知
202401011627,淅川县大石桥乡卫生院开展无烟佳节 与爱同行主题活动,title: 淅川县大石桥乡卫生院开展无烟佳节 与爱同行主题活动 content: 映象网讯（大象新闻记者 焦广超 通讯员 李玉珊） 为进一步推动控烟工作开展，引导群众践行文明健康绿色环保生活方式，1月24日，淅川县大石桥乡卫生院开展了“无烟佳节、与爱同行”主题控烟进校园活动，进一步普及了烟草危害知识教育，号召学生从小做起、从现在做起，拒绝吸烟、远离烟草。 活动现场，公共卫生科人员为学生发放宣传折页，随后医护人员为学校师生讲解控烟重要意义及远离烟草的好处，倡导大家要做“自己健康第一责任人”，增强自我控制能力，自觉抵制诱惑，降低吸烟率和尝试吸烟率。 同学们纷纷表示，将共同携起手来，“拒吸第一支烟 做无烟新一代”，从自己做起，从现在做起，追求文明、健康、和谐的无烟生活方式，远离烟草危害，共同建设无烟校园。【编审：彭艳】 （映象网南阳新闻热线：0377-63399526，投稿邮箱yxwny2021@126.com）,映象网,未知,2024-01-25 16:29:57,http://ny.hnr.cn/nyxq/article/1/1750324342036877314,未知,控烟,正面,未知
202401011639,西城街道妇联开展“无烟佳节，与爱同行” 控烟宣传活动,title: 西城街道妇联开展“无烟佳节，与爱同行” 控烟宣传活动 summary: 西城街道妇联开展无烟佳节，与爱同行控烟宣传活动为迎接即将到来的新春佳节，倡导居民提高控烟意识，营造一个健康、清洁的禁烟环境。 content: 为迎接即将到来的新春佳节，倡导居民提高控烟意识，营造一个健康、清洁的禁烟环境。近日，西城街道妇联组织巾帼志愿者开展“无烟佳节，与爱同行”控烟宣传活动。 为了做好宣传工作，巾帼志愿者向辖区居民发放禁烟宣传资料，同时，详细讲解吸烟和被动吸烟的危害、吸烟导致的疾病以吸烟带来的空气污染，引导辖区居民增强控烟戒烟意识，养成健康生活习惯。 此次控烟宣传活动，进一步增强了辖区居民对吸烟危害的认识和禁烟意识，为维护广大居民的健康起到了积极促进作用，让践行文明健康绿色环保生活方式的理念深入人心，也促使社区更多的居民积极参与到控烟行动中来，自觉成为控烟行动的宣传者、践行者。,雨城区人民政府,未知,2024-01-25 16:02:00,http://www.yayc.gov.cn/gongkai/show/ecc037030789af86a317da4e989674a8.html,未知,控烟、控烟戒烟,正面,未知
202401011644,槎水镇油坊村开展春节爱国卫生专项活动和无烟佳节与爱同行活动,"title: 槎水镇油坊村开展春节爱国卫生专项活动和无烟佳节与爱同行活动 summary: 槎水镇油坊村开展春节爱国卫生专项活动和""无烟佳节与爱同行""活动为深入贯彻落实习近平总书记关于开展爱国卫生运动的重要指示精神，全面落实党中央、国务院工作部署，根据爱卫办要求，槎水镇油坊村于1月24日上午，开展春节爱国卫生专项活动和无烟佳节与爱同行活动。 content: 为深入贯彻落实习近平总书记关于开展爱国卫生运动的重要指示精神，全面落实党中央、国务院工作部署，根据爱卫办要求，槎水镇油坊村于1月24日上午，开展春节爱国卫生专项活动和“无烟佳节与爱同行”活动 活动上，工作人员讲解环境卫生整治对公众健康的影响，让大家充分认识吸烟和二手烟的危害，了解控烟核心知识，引导村民养成健康的生活方式和生活习惯。宣讲活动结束后，在村两委和工作队的带领下，大家清理了油坊街道两边的卫生死角和杂物。 此次活动，让大家更加深刻地认识到改善公共卫生状况和减少疾病发生率的重要性，少抽烟，尽早戒烟，从而提高人们的健康水平。接下来，油坊村也将继续齐心协力，共同行动，营建卫生整洁、文明有序、健康祥和的节日环境。",潜山市人民政府,马赛,2024-01-25 15:58:00,http://www.qss.gov.cn/zwzx/xzxw/2023033431.html,未知,控烟、戒烟,正面,未知
202401011659,马关县科协开展“无烟佳节”科普宣传活动,title: 马关县科协开展“无烟佳节”科普宣传活动 summary: 马关县科协开展无烟佳节科普宣传活动1月22日，马关县科协在松江花园开展无烟佳节与爱同行科普宣传活动。本次活动，提高了居民群众对烟草危害的认识，营造了全社会支持控烟的良好氛围，为共建无烟环境、共享美德健康新生活打下良好基础。马关县科协供稿。 content: 1月22日，马关县科协在松江花园开展“无烟佳节 与爱同行”科普宣传活动。 科普志愿者通过张贴宣传标语、发放宣传资料等方式，普及烟草的危害和戒烟的重要性。通过微信公众号发布控烟宣传标语和烟草危害的相关知识，让控烟理念深入人心。活动共发放宣传资料1300余份，覆盖现场700余名群众。他们表示将积极响应号召，不吸烟、不敬烟、不送烟，以实际行动支持“无烟佳节 与爱同行”活动。 本次活动，提高了居民群众对烟草危害的认识，营造了全社会支持控烟的良好氛围，为共建无烟环境、共享美德健康新生活打下良好基础。 马关县科协供稿,云南省科学技术协会,未知,2024-01-25 15:35:50,http://www.ynast.cn/site/yunast/kphd/info/2024/b08c5eb0-4798-441d-9294-6417d1900e6d.html,未知,戒烟、控烟,正面,未知
202401011666,楚雄市科协开展“无烟佳节”科普宣传活动,title: 楚雄市科协开展“无烟佳节”科普宣传活动 summary: 楚雄市科协开展无烟佳节科普宣传活动1月19日，楚雄市科协在栗子园社区开展无烟佳节，与爱同行科普宣传活动。楚雄市科协供稿。 content: 1月19日，楚雄市科协在栗子园社区开展“无烟佳节，与爱同行”科普宣传活动。 活动中，科普宣传员向居民发放戒烟科普宣传手册，普及控烟知识，号召广大居民共度无烟健康佳节，养成健康的生活方式和生活习惯。活动展出宣传展板10块，发放健康教育、防震减灾、防溺水等科普宣传资料1000余份，受众人数达1200余人。 活动增强了社区居民控烟的意识，他们纷纷表示，要积极参与控烟宣传活动，为创建无烟环境贡献自己的力量。 楚雄市科协供稿,云南省科学技术协会,未知,2024-01-25 15:33:46,http://www.ynast.cn/site/yunast/kphd/info/2024/68da3a4c-8ce8-43ea-944e-7591d4a6ccde.html,未知,戒烟、控烟,正面,未知
202401011673,新站高新区三十头社区罗巷社居：无烟佳节　与爱同行,title: 新站高新区三十头社区罗巷社居：无烟佳节 与爱同行 summary: 新站高新区三十头社区罗巷社居：无烟佳节与爱同行为了提升社区的居住环境质量，增强居民的健康意识，同时响应国家关于公共场所禁烟的号召，引导群众践行文明健康绿色环保生活方式，营造两节期间无烟氛围。 content: 为了提升社区的居住环境质量，增强居民的健康意识，同时响应国家关于公共场所禁烟的号召，引导群众践行文明健康绿色环保生活方式，营造“两节”期间无烟氛围。1月24日下午，新站高新区三十头社区罗巷社居公共卫生委员会、妇联联合三十头社区文明实践所、文化站，在东元家园小区举办了一场主题为“无烟佳节 与爱同行”的知识讲座。 本次知识讲座邀请了专业医生和健康教育专家为社区居民讲解吸烟的危害及戒烟的方法。讲座现场，专家通过生动的案例和数据，详细阐述了吸烟对身体健康的影响，以及二手烟对周围人的危害。同时，专家还向居民普及了戒烟的方法和技巧，鼓励大家积极参与禁烟控烟活动。 活动现场，社区居民积极参与互动，就戒烟过程中遇到的困难和问题向专家请教。社区居民纷纷表示，通过此次讲座，自己更加明白了禁烟控烟的重要性，将积极参与到禁烟控烟活动中来。 此外，社区还为居民提供了免费体检服务，针对体检中发现的吸烟相关疾病，医生们现场给予专业的戒烟建议。活动现场还设立了戒烟咨询台，为有需求的居民提供戒烟指导。 本次讲座得到了社区居民的广泛好评。社居工作人员表示，今后将继续加大禁烟控烟宣传力度，定期举办类似活动，共同营造一个无烟、健康的生活环境。禁烟控烟，人人有责，未来，罗巷社居将继续努力，为创建无烟社区、构建健康社会贡献力量。（文/张琦、朱金秋） 来源： 中安在线 作者： 编辑：刘心珠,中安在线,未知,2024-01-25 15:28:00,http://ah.anhuinews.com/hf/news/xqjd/202401/t20240125_7338788.html,未知,戒烟、控烟,中性,未知
202401011749,黄山新丰乡：童心相伴共度无烟佳节,title: 黄山新丰乡：童心相伴共度无烟佳节 summary: 黄山新丰乡：童心相伴共度无烟佳节拒吸第一支烟，做无烟新一代，镜头前，来自黄山市黄山区新丰乡新丰中心学校的学生们，摆出拒绝的手势，用稚嫩却坚定声音喊出响亮口号。下一步，该乡将继续大力弘扬无烟健康过节文化，倡导过节不吸烟、不敬烟、不送烟，引导居民养成健康的生活方式和生活习惯。 content: “拒吸第一支烟，做无烟新一代”，镜头前，来自黄山市黄山区新丰乡新丰中心学校的学生们，摆出拒绝的手势，用稚嫩却坚定声音喊出响亮口号。 近日，黄山区新丰乡新时代文明实践所、乡卫健办联合乡卫生院，利用寒假最后一节课，来到新丰中心学校，开展“无烟佳节 与爱同行”活动。 在各个班级的主题班会上，一户工作人员通过PPT演示、视频播放等形式，向学生介绍烟草烟雾和电子烟的危害、吸烟对健康的负面影响，并提醒他们远离烟草，关注烟草对健康的威胁，激励他们成为学校、家庭控烟监督员，培养无烟的生活习惯，对二手烟说不。同时，在校园内各个角落里都张贴了关于吸烟危害的宣传语和公益广告，营造出倡导无烟生活的浓厚氛围。 通过“小手牵大手”活动，青少年积极引导家长不吸烟，主动戒烟，让践行文明健康绿色环保生活方式的理念深入人心。下一步，该乡将继续大力弘扬无烟健康过节文化，倡导过节不吸烟、不敬烟、不送烟，引导居民养成健康的生活方式和生活习惯。（杜拥超 杨霆之）,安徽经济网,未知,2024-01-25 11:04:01,http://www.ahjjw.com.cn/html/jiaoyu/2024/0125/367401.html,未知,控烟、戒烟,中性,未知
202401011769,禁烟宣传 | 青少年控烟——让我们一起跟香烟说NO,"title: 禁烟宣传 | 青少年控烟——让我们一起跟香烟说NO content: 加强无烟环境建设 共建共享健康张家界 青少年控烟 让我们一起跟香烟说NO 禁止 吸烟 吸烟有害•珍爱生命•拒绝烟草 烟草依赖是一种慢性疾病，烟草危害是世界最严重的公共卫生问题之一，吸烟和二手烟暴露严重危害人类健康。当前全世界烟民已达13亿，每年因吸烟导致疾病死亡者约300万。在我国有3.5亿吸烟者，其中未成年人吸烟比率呈逐年上升趋势。据卫生部门近年来所作的抽样调查发现，在大学、高中和初中男生中，吸烟的比率分别高达46％、45％和34％，形势异常严峻。 当孩子还未成年时，家长有责任关心孩子的健康，制止孩子的不良行为，积极引导他们健康发展。研究证明，10岁以下的儿童对烟普遍反感，认为吸烟又呛又难闻，11-13岁的儿童才逐渐对吸烟产生好奇心，跃跃欲试，15岁以后则开始把吸烟作为自己长大成人的""标志""，由此可见，11－15岁是中小学生有可能染上吸烟嗜好的危险年龄。 吸烟对发育成长中的青少年危害很大，对骨骼发育、神经系统、呼吸系统及生殖系统均有一定程度的影响。由于青少年时期各系统和器官的发育尚不完善，功能尚不健全，抵抗力弱，与成人相比，吸烟的危害更大。此外，由于青少年呼吸道比成人狭窄，呼吸道粘膜纤毛发育也不健全，因此，吸烟会使呼吸道受损害并产生炎症，增加呼吸的阻力，使肺活量下降，影响青少年胸廓的发育，进而影响其整体的发育。 烟草中含有的大量尼古丁对脑神经也有毒害，它会使学生记忆力减退、精神不振、学习成绩下降。调查发现，吸烟学生的学习成绩比不吸烟的学生低。青少年吸烟还会使冠心病、高血压病和肿瘤的发病年龄提前。有关资料表明，吸烟年龄越小，对健康的危害越严重，15岁开始吸烟者要比25岁以后才吸烟者死亡率高55％，比不吸烟者高1倍多。 为了让我们健康生活在一个没有烟熏雾绕的美好环境中，这里，我们提供给各位家长几个教育孩子不吸烟的小主意，希望能在您加强孩子这方面教育时有所裨益： 1.让孩子知道你对抽烟的看法。孩子有权知道哪些事该做，哪些事不该做。如果你不告诉他们，他们就无法知道行为的准则。 2.相信孩子会听取父母的意见。也许有的孩子刚开始会抗拒，但到了为冒险行为做决定时，他们会重视并运用父母的正确意见。 3.不要以为学校教育孩子不应抽烟就够了。孩子们虽然会听到抽烟危害健康的信息，但也可能认为自己大概不会就真的因此受害。 4.做出好的榜样。如果你抽烟，那就得抛开你自己对烟的感情，并明确指出你不希望孩子抽烟。 5.不要认为抽烟不如其他冒险行为危险。许多研究发现，抽烟往往很快导致健康和社会问题。如果孩子十来岁时就开始抽烟，那他一般会形成20年的烟瘾。 6.为把香烟清除出孩子的生活环境而努力。如果社区商店向孩子出售香烟，应提出抗议。 7.无论何时候干涉，都不嫌太早或嫌太迟。那些在7－9岁初次抽烟或已有好几年烟龄的孩子也能在成人帮助下戒烟。 禁烟宣传要从小学生抓起，让青少年远离电子烟和烟草是控烟的关键，无论是烟草制品还是电子烟，它们都含有一种物质就是尼古丁，尼古丁是一种精神活性物质，具有强成瘾性。拒绝二手烟，告诉家中“烟民”为了家人健康，每天少吸一支烟；青少年儿童拒绝第一支烟，不让烟草危害身心健康。 少年强则国强，少年弱则国弱。为了下一代的健康成长，我们要大声呐喊：不要让烟雾笼罩孩子！作为青少年，更要充分自觉地认识到吸烟的危害，严格控烟，从自己做起。 附：控制青少年吸烟相关的法律法规及规章： 1.《世界卫生组织烟草控制框架公约》明确规定：不得向未成年人销售香烟。 2.我国《未成年人保护法》中规定：任何经营场所不得向未成年人销售烟酒。 3.《中华人民共和国烟草专卖法》第五条第二款规定“国家和社会加强吸烟危害健康的宣传教育，禁止或限制在公共交通工具和公共场所吸烟，劝限青少年吸烟，禁止中小学生吸烟。” 4.2001年国家烟草局规定：“所有取得烟草专卖零售许可证的企业或个人都必须在经营场所的柜台醒目处摆上一块内容为‘禁止中小学生吸烟，不向未成年人售烟’的警示牌。” 5.烟草专卖许可证管理办法明确规定中、小学校周围不予发放烟草专卖零售许可证。 6.2019年《张家界市爱国卫生条例》规定：禁止向未成年人出售烟草制品。烟草经营者应当在显著位置设置不得向未成年人出售烟草制品的标志。 来源：张家界市卫生健康委",娄星在线,未知,2024-01-25 10:34:33,http://www.ldlx.com/content/646845/69/13477148.html,未知,控烟、戒烟,中性,未知
202401011776,【全环境立德树人】桓台县新城中学开展“无烟佳节 与爱同行”禁烟控烟健康主题教育活动,title: 【全环境立德树人】桓台县新城中学开展“无烟佳节 与爱同行”禁烟控烟健康主题教育活动 content: 鲁中网淄博1月24日讯 （记者 张艳 赵烜艺 通讯员 李莉）为营造春节无烟氛围，增强各家庭的控烟意识，共度无烟健康佳节，鼓励全体学生成为学校、家庭控烟监督员，近日，桓台县新城中学开展了“无烟佳节 与爱同行”禁烟控烟健康主题教育活动。 学校高度重视这一活动，学生期末考试结束后，第一时间组织落实，采取多种形式开展禁烟控烟活动。 各班主任召开“无烟佳节 与爱同行”主题班会，通过课件、视频、青少年控烟绘画大赛优秀作品展播等形式科普烟草危害，引导学生远离烟草危害，做家庭戒烟宣传员，保护自己和家人身心健康。 学校用电子屏展示戒烟控烟宣传标语，友情提醒来开家长会的家长和路过学校门口的居民，提高控烟意识。 各班让学生绘画手抄报，寓教于乐，科普烟草烟雾和电子烟危害，帮助大家树立“拒吸第一支烟，做无烟新一代”的理念。,鲁中网,未知,2024-01-25 10:34:02,http://news.lznews.cn/luzhong/quxian/202401/t20240125_13570090.html,未知,控烟、戒烟、戒烟控烟,正面,未知
202401011783,无烟过春节，健康常相伴,title: 无烟过春节，健康常相伴 summary: 无烟过春节，健康常相伴在全球，有这样一种特殊的商品在流行，它不是生存及生活的必需品，却被全球十几亿人在使用，还能导致一半以上使用它的消费者过早死亡，这种特殊的商品就是——烟草。 content: 在全球，有这样一种特殊的商品在流行，它不是生存及生活的必需品，却被全球十几亿人在使用，还能导致一半以上使用它的消费者过早死亡，这种特殊的商品就是——烟草。 中国的烟民超过3亿，是一个极为庞大的消费群体，他们几乎整日都在与烟草为伴，招待宾客递烟、吃饭聚会敬烟、走亲访友送烟……，烟草似乎已经成为每一个烟民最“忠实”的伙伴，成为每一个家庭中必备的消费品。殊不知，烟草就像一个无形的杀手，从你选择吸烟的那一刻起，夺走你健康的病魔已经在悄然来到你的身边，而它的目标，不仅仅是你自己…… 吸烟成瘾又称为烟草依赖综合症，是世界卫生组织明确的一种慢性成瘾性疾病。烟草烟雾中含有多种已知的致癌物，有充分证据表明吸烟可以导致多种恶性肿瘤，还会导致呼吸系统和心脑血管系统等多个系统疾病，吸烟和二手烟几乎和人体所有器官的疾病都相关。根据世界卫生组织的统计，每三个吸烟者中就会有一个人因为吸烟而死亡，与不吸烟者比，吸烟者的平均寿命至少缩短10年。 无论是在过去、现在还是将来，健康都是人们永恒的主题和追求。然而在人们朴素的认知中，还普遍存在着“以烟为礼”的错误观念，每当春节临近，烟草消费都会在这一时间节点大幅上升，烟草这种不健康的消费品，不应该成为人们生活中的“必需品”。 2024年的春节即将来临，国家卫生健康委在全国范围内发起了“无烟佳节 与爱同行”控烟主题活动。健康中国，共建共享。新的一年，相信每个人都希望和健康为伴，新的时代应该有新的追求，让我们携手同行，共同践行文明健康绿色环保生活方式，移风易俗，向“陋习”宣战，不吸烟、不敬烟、不送烟，对二手烟说“不”，共度无烟健康佳节。,河北省疾病预防控制中心,未知,2024-01-25 10:27:56,http://www.hebeicdc.cn/jkdt/63195.jhtml,未知,控烟,中性,未知
202401011825,园林街道徐角社区开展禁烟控烟知识宣传活动,title: 园林街道徐角社区开展禁烟控烟知识宣传活动 summary: 园林街道徐角社区开展禁烟控烟知识宣传活动为增强居民控烟意识，营造健康、清洁、无烟的社区生活环境，近日，园林街道徐角社区开展无烟佳节与爱同行禁烟控烟知识宣传活动，进一步增强了社区居民的自我保健意识和健康素养，营造了全社会支持控烟的良好氛围。 content: 为增强居民控烟意识，营造健康、清洁、无烟的社区生活环境，近日，园林街道徐角社区开展“无烟佳节 与爱同行”禁烟控烟知识宣传活动，进一步增强了社区居民的自我保健意识和健康素养，营造了全社会支持控烟的良好氛围。（潜江市融媒体中心记者 万云昊 通讯员 戴金姣）,云上潜江,未知,2024-01-25 09:05:00,http://qianjiang.cjyun.org/p/151131.html,未知,控烟,正面,未知
202401011838,省疾控中心发布控烟提醒：要年味，不要烟味,title: 省疾控中心发布控烟提醒：要年味，不要烟味 content: + 客户端 2024/01/25 25日，黑龙江省疾控中心发布控烟提醒。新春佳节将至，空气中都仿佛弥漫着吉祥与喜悦的气息，大家走亲访友，每一份精心准备的礼品都包含着满满的心意与浓浓的温暖。但是，有一种经常用作表达祝福的“礼物”，实则却是危害健康的元凶之一，那就是烟草。省疾控中心专家提醒市民要了解烟草危害，不送烟、不敬烟，不要让烟草伤害健康，共度无烟佳节。 1.烟草中的尼古丁可以使人成瘾，一旦成瘾很难戒断。 2.烟草烟雾中至少含有69种致癌物。 3.全世界前8位死因中，有6种与吸烟有关，吸烟的人比不吸烟的人平均寿命缩短10年。 4.吸烟可以导致多种恶性肿瘤，包括肺癌、口腔和鼻咽部恶性肿瘤、喉癌、食管癌、胃癌、肝癌、胰腺癌、肾癌、膀胱癌、宫颈癌、乳腺癌、结直肠癌、急性白血病等。 5.吸烟及二手烟暴露均严重危害健康，即使吸入少量烟草烟雾也会对人体造成危害。 6.暴露于尼古丁中可能影响青少年的大脑发育；男性吸烟可以导致阳痿；女性吸烟会加速皮肤衰老，导致不孕、月经紊乱、影响生育，孕期吸烟将影响胎盘功能，增加孕期并发症、早产、低体重新生儿、死产和婴儿呼吸窘迫综合征的风险。 识别二维码进入小程序 参与“ 过年送礼不送烟 健康快乐过大年”活动 郭恂 哈尔滨日报记者 刘菊,哈尔滨新闻网,未知,2024-01-25 00:00:00,http://www.my399.com/p/303973.html,未知,控烟,中性,未知
202401011845,陈瑶湖镇：小手牵大手 助力无烟校园建设,title: 陈瑶湖镇：小手牵大手 助力无烟校园建设 content: 1 月 25 日 上午，陈瑶湖镇卫健办牵手计生协、陈瑶湖镇中心卫生院走进花园初级中学，开展一场主题为“无烟佳节，与爱同行”的活动。旨在倡导无烟生活，共同建设无烟学校、无烟家庭。 活动现场，陈瑶湖镇卫生志愿者悬挂横幅、向学生们发放宣传资料，讲解控烟知识，鼓励广大青少年成长为学校、家庭控烟监督员。通过“大手牵小手”，监督家长不吸烟，主动戒烟，以身作则，为青少年的健康成长护航。 活动中，镇中心卫生院医生为同学们讲解了吸烟对呼吸系统、心血管系统等的影响，以及二手烟对非吸烟者的危害。同时提醒同学们要珍惜生命，拒绝烟草，保持健康的生活方式。 陈瑶湖镇卫健办呼吁学校要加强对青少年吸烟的预防和教育，提高他们的抵制烟草诱惑的能力；家庭方面，家长要树立榜样，戒烟控烟，为孩子们营造一个健康的生活环境。卫健办主任表示，“初中三年是青少年形成生活习惯的关键时期，要抓住这个成长阶段，引导他们树立正确的价值观，远离烟草，共同为青少年营造一个无烟的成长环境。” 岁月静好，时间因少年挺身向前而更加瑰丽。本次活动赢得了陈瑶湖镇广大师生好评，大家纷纷表示，要共同努力，摒弃烟草，传播健康生活理念，欢度春节。（陈瑶湖 左华、吴颖）,铜陵文明网,未知,2024-01-25 00:00:00,http://tl.wenming.cn/wmcj/nccj/202401/t20240125_8410503.html,未知,控烟、戒烟、戒烟控烟,中性,未知
202401011866,北京市东城各街道开展室内公共场所控烟执法检查,title: 北京市东城各街道开展室内公共场所控烟执法检查 content: 近日，为进一步推动室内公共场所控烟工作，防止“二手烟”伤害，北京市东城区各街道综合行政执法部门结合自身职责，根据市民群众关心关注的点位和时段，持续加大对商务楼宇、商场超市、餐饮单位、宾馆酒店等室内公共场所控烟执法检查力度，确保公共场所无烟环境得到有效维护，守护市民群众的身体健康和财产安全。 近日，建国门街道综合行政执法队的队员们来到中粮大厦，对大厦的控烟工作进行突击检查。在检查中，执法队员分别对逃生通道、楼道、卫生间、电梯间等区域进行逐一检查，未发现吸烟人员。“大家现在都有不在室内公共场所吸烟的观念了，怕‘二手烟’影响他人”，大厦物业管理工作人员表示，近年来在执法人员的多次检查和物业管理方的常态化巡查管控下，大厦内的工作人员们都能很好地遵守相关规定，确有需要时会到大厦室外的安全吸烟区进行吸烟。但在检查中，执法人员发现该大厦存在控烟巡视记录不完善、卫生间等位置张贴禁烟标识无投诉举报电话等问题，执法队员当即责令大厦物业管理部门进行改正。 春节将至，亲朋好友聚会增多。执法人员也对部分餐饮单位进行着重检查。在簋街，执法队员在对一家前期因控烟工作不力而被处罚的餐饮单位进行复查时发现，该餐饮单位整改情况良好，餐饮单位经理表示，只要发现有顾客有抽烟的迹象，就会第一时间上前劝阻，并记录下来，绝大部分食客都十分配合并理解控烟工作，对于个别不听劝阻的人员，餐饮单位会及时将情况向执法部门报告。 此外，在对宾馆酒店经营单位控烟情况进行检查时，安定门街道综合行政执法队的队员就将提示“挂在嘴边”，要求经营者在旅客办理登记入住过程中明确室内禁止吸烟。据执法人员介绍，严格室内公共场所控烟工作，一是防止抽烟形成“二手烟”影响其他人员身体健康，二是以防疏忽大意发生火灾等安全事故。 近年来，通过各个部门和全社会的持续努力，室内公共场所的无烟环境得到了显著改善，市民对控烟工作的支持度不断提高，吸烟行为明显减少。室内公共场所控烟工作是一项长期而艰巨的任务，需要各方共同努力。 按照“谁执法、谁普法”的工作原则，东城区各街道综合行政执法部门利用微信公众号、商户管理群等媒介，结合“城管进社区”“城管开放日”等活动，大力开展控烟宣传工作。 执法部门提示广大市民朋友：吸烟有害健康，请勿在室内公共场所吸烟，尤其是在幼儿园、中小学、少年宫、儿童福利机构等以未成年人为主要活动人群的场所不要吸烟，确有吸烟需求的市民朋友请到专门设置的吸烟区，吸烟后熄灭烟头、消除安全隐患，为创造一个无烟、健康的社会环境贡献力量。,烟草在线,未知,2024-01-25 00:00:00,http://www.tobaccochina.com/html/news/lxky/672458.shtml,未知,控烟,中性,未知
202401011887,山东陵城：公路系统举行无烟佳节与爱同行活动,"title: 山东陵城：公路系统举行无烟佳节与爱同行活动 content: 近日，为进一步推动控烟工作开展，引导群众践行文明健康、绿色环保生活方式，营造无烟氛围，山东省德州市公路事业发展中心陵城分中心开展“无烟佳节与爱同行”控烟活动。 开展全方位、多角度的控烟宣传教育，引导干部职工不吸烟、主动戒烟，主动做控烟宣传者和倡导者。通过发放戒烟科普宣传手册，讲解吸烟和二手烟的危害，提升戒烟意愿，引导养成健康的生活方式和生活习惯。 做好开展健康过佳节宣传活动，以春节为契机，通过宣传标语、宣传栏、海报、公益宣传等群众喜闻乐见的方式，大力弘扬无烟健康过节文化，倡导过节不吸烟、不敬烟、不送烟，“对二手烟说不”,共度无烟健康佳节。 对此，陵城公路分中心负责人表示，将继续加强宣传，引导干部职工响应控烟倡议，努力营造和谐、优美的过节氛围。 （张晨 文/图） 如果你需要入会或者您的商协会需要平台帮助宣传 扫码关注商会资讯网官方微信 投稿合作邮箱：kjlcz@qq.com QQ：53937675 微信：kjlcz1 本文来自互联网，不代表商会资讯网立场，如有侵权请联系我们 点击这里进行业务合作",中国商会新闻网,商会资讯网,2024-01-24 22:55:28,http://www.shanghuinews.cn/article/54244.html,未知,控烟、戒烟,中性,未知
202401011894,健康平台官网日常健康小常识，健康生活绘画四年级,title: 健康平台官网日常健康小常识，健康生活绘画四年级 summary: 健康平台官网日常健康小常识，健康生活绘画四年级烟草不只吞噬人们的性命安康，并且极大地风险着人类赖以保存的情况安康平台官网。展示新时期青少年安康形象和优良风采安康平台官网一样平常安康小知识。 content: 烟草不只吞噬人们的性命安康，并且极大地风险着人类赖以保存的情况安康平台官网 烟草不只吞噬人们的性命安康，并且极大地风险着人类赖以保存的情况安康平台官网。2023年5月31日是第36个天下无烟日。武城县疾控中间在无烟日前结合原色美术黉舍展开以“绘少年力气，画无烟将来”为主题的青少年控烟绘画征集举动。 1.作品主题。绘画作品需表现抽烟风险一样平常安康小知识一样平常安康小知识，手烟风险，无烟家庭，无烟校园安康平台官网，鼓舞家人戒烟一样平常安康小知识、争做无烟下一代等元平日常安康小知识，主动提倡安康糊口方法安康平台官网，展示新时期青少年安康形象和优良风采安康平台官网一样平常安康小知识。,中医养生网,未知,2024-01-24 22:02:44,http://www.yangcn.net/lmy-5/25835.html,未知,控烟、戒烟,中性,未知
202401011936,济宁高新区王因街道开展黄河大集系列活动暨“拒绝香烟 从我做起”禁烟、控烟宣传活动,title: 济宁高新区王因街道开展黄河大集系列活动暨“拒绝香烟 从我做起”禁烟、控烟宣传活动 content: 济宁新闻网讯(通讯员 胡子璇)为营造健康、清洁的良好社区环境，宣传吸烟危害和禁烟知识，1月24日，济宁高新区王因街道商住社区在创意SOHO小区开展黄河大集系列活动暨“拒绝香烟 从我做起”禁烟、控烟宣传活动。 活动中，社区网格员向辖区居民讲解香烟对人体的危害以及戒烟的方法，用科学的数据提醒居民烟草对自己和家人的危害。让群众充分了解吸烟、二手烟、三手烟、电子烟的危害以及拒吸戒烟方法等，提示青少年一定要洁身自律、远离烟草，养成健康的生活方式和卫生习惯，切实增强辖区居民禁烟控烟的责任感。 通过开展本次宣传活动，进一步提升了居民群体的健康素养水平，增强了居民的健康意识，引导居民把健康知识转变为健康行为，以实际行动为创建更美丽、文明的社区贡献自己的力量。,济宁新闻网,胡子璇,2024-01-24 16:21:00,http://www.jnnews.tv/gxq/p/2024-01/24/1029147.html,未知,控烟、戒烟,正面,未知
202401011943,​一师阿拉尔市塔河社区：控烟讲座促健康 线上答好创城“卷”,title: ​一师阿拉尔市塔河社区：控烟讲座促健康 线上答好创城“卷” summary: 一师阿拉尔市塔河社区：控烟讲座促健康线上答好创城卷一师阿拉尔市塔河社区：控烟讲座促健康线上答好创城卷。创城知识志愿者小分队队员赵禹臣表示。 content: 一师阿拉尔市塔河社区：控烟讲座促健康 线上答好创城“卷” 阿拉尔讯（张涛）文明始于心，创建在于行。1月19日，一师阿拉尔市青松路街道塔河社区联合辖区各部门开展创城知识、文明生活宣传活动，依托文化阵地，围绕责任落实、文化宣传、舆论引导、志愿服务等方面，营造社会参与、全民共建的创城宣传和倡导文明习惯氛围，积极深入推进文明城市创建工作，进一步提升职工群众文明素质、文化涵养。 1月19日，在塔河社区新时代文明实践所，居民正聚精会神听控烟知识讲座。张涛 摄 当日，一场禁烟知识讲座在塔河社区新时代文明实践所举行。宣讲内容丰富、案例真实，让居民深入了解吸烟对个人和家庭的危害。授课老师还深入浅出地讲解如何制定和实施家庭控烟计划，倡导家庭成员共同抵制吸烟行为，营造无烟环境。 像这样的宣讲活动，在青松路街道塔河社区新时代文明实践所已进行了百场，辖区居民人均参加1.5次。而用“手机小屏幕答好创城知识答卷”，就是该街道倡导“讲文明、树新风”的一种表现形式。 志愿者为居民讲解创城知识要点。张涛 摄 当日，在塔河社区的大街小巷，由辖区各单位党员干部组成的志愿服务队走进店铺、居民家中，面对面、手把手教居民使用手机进行网上创城知识浏览和答题，详细讲解创城进展，居民在学习过程中边听讲边实际操作。 “目前，居民对创城知识掌握得比较深入，对创城的热情也比较高，创城知识‘一看就懂、一学就会、一说就知’现象在居民中间普遍存在，一师阿拉尔市正营造出 ‘时时文明、处处文明、人人文明’的良好创城氛围。”创城知识志愿者小分队队员赵禹臣表示。,胡杨网,未知,2024-01-24 16:16:53,http://www.huyangnet.cn/content/2024-01/24/content_1860956.html,未知,控烟,中性,未知
202401011957,立足岗位做贡献 控烟宣传促健康 -公安县开展“无烟佳节 与爱同行”宣传活动,title: 立足岗位做贡献 控烟宣传促健康 -公安县开展“无烟佳节 与爱同行”宣传活动 summary: 立足岗位做贡献控烟宣传促健康-公安县开展无烟佳节与爱同行宣传活动为促进主题教育活动走深走实，结合新春佳节临近，为进一步推动控烟工作开展，引导广大居民践行文明健康绿色环保生活方式，营造良好的控烟氛围。 content: 为促进主题教育活动走深走实，结合新春佳节临近，为进一步推动控烟工作开展，引导广大居民践行文明健康绿色环保生活方式，营造良好的控烟氛围。公安县组织党员干部，多措并举开展以“无烟佳节 与爱同行”为主题的系列宣传活动。 1月19日，公安县疾控中心联合南平镇卫生院，组织党员干部走进公安县第二中学开展控烟活动。活动现场，县疾控中心党员干部带领全校师生共同观看控烟展牌；县第二中学老师宣读“无烟佳节 与爱同行”控烟活动倡议书；县疾控中心党员干部为师生提供控烟知识讲座，同时发放控烟宣传折页并为积极踊跃答题的学生颁发奖品。 1月24日上午，公安县疾控中心联合斗湖堤社区卫生服务中心，组织党员干部在三袁广场开展咨询活动。活动现场通过悬挂横幅、设立展板、发放宣传折页、宣传礼品，免费为居民检测血压、血糖等方式，大力弘扬无烟健康过节文化，倡导过节不吸烟、不送烟，对二手烟说“不”，引导辖区居民把健康知识转变为健康行为，提升居民的戒烟意识，欢度无烟健康佳节。 此次“无烟佳节 与爱同行”控烟活动旨在加强控烟科普宣传，营造无烟成长环境，巩固无烟建设成果，加强全社会对烟草危害的认识，自觉做到拒绝吸烟，倡导健康生活方式，提高居民健康素养水平！（ 邹丽红）,荆州市卫生健康委员会,未知,2024-01-24 16:05:00,http://wjw.jingzhou.gov.cn/xwzx/gzdt/202401/t20240124_901470.shtml,未知,控烟、戒烟,正面,未知
202401011971,飞仙关镇开展“无烟佳节与爱同行” 宣传活动,title: 飞仙关镇开展“无烟佳节与爱同行” 宣传活动 summary: 为更好贯彻落实芦山县卫生健康局关于开展无烟佳节与爱同行活动的倡议，1月24日，飞仙关镇扎实推动辖区内控烟工作开展，引导群众践行文明健康绿色环保生活方式。 content: 为更好贯彻落实芦山县卫生健康局关于开展“无烟佳节与爱同行”活动的倡议，1月24日，飞仙关镇扎实推动辖区内控烟工作开展，引导群众践行文明健康绿色环保生活方式。 镇村组干部通过发放宣传资料和现场咨询等多种形式向群众宣传吸烟、吸二手烟的危害，普及科学戒烟方法，引导广大群众养成健康的生活方式和生活习惯，积极参与控烟活动，倡导过节不吸烟、不敬烟、不送烟，对“二手烟”说不。 此次活动，共发放控烟宣传资料150余份，解答群众疑问120余次，通过解答不仅提高了居民对控烟的意识，也让大家认识到吸烟对人体的危害，大家都纷纷表示要参加到拒烟宣传活动中来，营造春节无烟氛围。,雅安市芦山县人民政府,未知,2024-01-24 15:57:00,http://www.yals.gov.cn/xinwen/show/2ad1fc6821f40c6ca1e28427116d7636.html,未知,控烟、戒烟,正面,未知
202401011978,卧云居民区: 无烟佳节 与爱同行,title: 卧云居民区: 无烟佳节 与爱同行 summary: 为进一步推动控烟工作开展，引导广大居民朋友践行文明健康绿色环保生活方式，营造春节无烟氛围，与居民群众共度无烟健康佳节。 content: 为进一步推动控烟工作开展，引导广大居民朋友践行文明健康绿色环保生活方式，营造春节无烟氛围，与居民群众共度无烟健康佳节。近日，卧云居民区妇联开展了“无烟佳节 与爱同行”控烟主题活动。活动中，“卧家姐妹”志愿者通过PPT展示，围绕我国烟民数量、吸烟现状、烟民低龄化发展趋势以及二手烟对人体的危害等方面向居民朋友们进行了详细讲解，让居民全面了解控烟知识，活动中还针对社区儿童和青少年进行了普及，希望从下一代开始培养无烟的生活习惯“对二手烟说不”。让更多的人加入无烟行列，共同创造一个更健康、更美好的社会。 现场，工作人员还宣读了关于禁烟的相关规定，发放了戒烟科普宣传手册，倡导过节不吸烟、不敬烟、不送烟，号召广大居民朋友们行动起来，共度无烟健康佳节，引导居民养成健康的生活方式和生活习惯，实现居民戒烟服务“零”距离。 通过此次活动，不仅增强了辖区居民控烟的意识，也让大家认识到吸烟对人体的危害，纷纷表示都要参加到拒烟宣传活动中来，从身边的小事做起，为创建无烟环境贡献自己的力量。（胡月）,安徽新闻网,未知,2024-01-24 15:46:45,http://sqr.ahnews.com.cn/news/2024/01/24/c_467474.htm,未知,控烟、戒烟,中性,未知
202401011985,仇楼镇开展“无烟佳节 与爱同行”宣传活动,title: 仇楼镇开展“无烟佳节 与爱同行”宣传活动 summary: 仇楼镇开展无烟佳节与爱同行宣传活动大河网讯近日，祥符区仇楼镇开展无烟佳节与爱同行宣传活动，全体机关干部、各村第一书记参加会议。通过本次无烟佳节与爱同行的宣传，让干部深入地了解到了吸烟的危害，以及创建文明、和谐社会的紧迫性。 content: 大河网讯 近日，祥符区仇楼镇开展“无烟佳节 与爱同行”宣传活动，全体机关干部、各村第一书记参加会议。 会议进一步明确了具体要求，听取了创建无烟党政机关的倡议书，深入开展烟草烟雾危害、吸烟有害健康、控烟制度等内容的宣传教育和培训，按照要求营造良好的无烟环境和氛围，强调要充分发挥领导干部在控烟工作中的示范引领作用，引导干部不吸烟、主动戒烟，主动做控烟宣传者和倡导者。 改变一种生活习惯，收获一份健康长寿。通过本次“无烟佳节 与爱同行”的宣传，让干部深入地了解到了吸烟的危害，以及创建文明、和谐社会的紧迫性。（王世端/文图）,大河网,未知,2024-01-24 15:44:00,http://city.dahe.cn/2024/01-24/1704777.html,未知,控烟、戒烟,正面,未知
202401011992,无烟佳节，与爱同行——桓台县鱼龙中学开展禁烟控烟活动,title: 无烟佳节，与爱同行——桓台县鱼龙中学开展禁烟控烟活动 content: 鲁中网淄博1月24日讯 （记者 张艳 赵烜艺 通讯员 宋雪敏）在新春佳节即将到来之际，为引导学生深刻认识烟草的危害，鼓励广大青少年成为学校、家庭控烟监督员，促进无烟学校、无烟家庭的建设，桓台县鱼龙中学开展了“无烟佳节 与爱同行”控烟活动。 通过电子屏标语宣传、召开禁烟控烟健康教育主题班会等形式，向学生展示了烟草对身心健康的危害，分享烟草的相关知识，让学生们深刻认识到吸烟不仅对个人健康有害，还会给身边的人带来危害，明白吸烟是一种不健康、不文明的行为，并号召学生做控烟小卫士，积极向亲友宣传吸烟的危害，形成“小手拉大手”以学生带动家长的浓厚控烟氛围。 此次活动的开展，普及了控烟知识，强调了健康生活的重要性，共同营造一个无烟、健康、绿色、和谐 的节日氛围。,鲁中网,未知,2024-01-24 15:40:35,http://news.lznews.cn/luzhong/quxian/202401/t20240124_13565639.html,未知,控烟,正面,未知
202401011999,趾凤乡卫生院开展“无烟佳节  与爱同行”健康宣传活动,title: 趾凤乡卫生院开展“无烟佳节 与爱同行”健康宣传活动 summary: 趾凤乡卫生院开展无烟佳节与爱同行健康宣传活动宿松融媒讯1月24日上午，趾凤乡卫生院充分利用春节大量外出务工人员陆续返乡契机，在趾凤村开展了无烟佳节与爱同行健康咨询活动，通过张贴横幅。 content: 宿松融媒讯1月24日上午，趾凤乡卫生院充分利用春节大量外出务工人员陆续返乡契机，在趾凤村开展了“无烟佳节 与爱同行”健康咨询活动，通过张贴横幅，发放春联及吸烟的危害宣传折页等形式展开了预防烟草危害以及控烟戒烟知识的宣传。虽然天气寒冷，但阻挡不了居民参加活动的脚步，医务人员向参加活动及过往的居民分发春节对联并介绍烟草对人体造成危害，以及远离二手烟的危害。在活动最后号召大家在春节等重大节日来临之际，走亲访友，春节聚会，不吸烟，不敬烟、不劝烟，“对二手烟说不”，主动做控烟宣传者和倡导者，守护家人健康，共度无烟佳节！ 此次咨询倡导了科学、文明、健康的生活方式，提高了辖区居民的健康素养，大家纷纷表示此次控烟活动很贴近日常生活，受益匪浅，今后会更加重视自己的身心健康。通过此次活动，使辖区居民提高了对烟草危害的认识，更多地了解了戒烟知识，营造了全社会支持控烟的良好氛围，为共建无烟环境，共创无烟佳节，共享健康美好生活。（通讯员 唐德尚） 责任编辑：朱宜,宿松新闻网,唐德尚,2024-01-24 15:05:46,http://www.ahssnews.com/news/xz/zf/jcdt/202401/t20240124_7336740.html,未知,控烟戒烟、控烟、戒烟,正面,未知
202401012006,无烟佳节  与爱同行 ——公安县杨家厂镇卫生院开展控烟宣传活动,title: 无烟佳节 与爱同行 ——公安县杨家厂镇卫生院开展控烟宣传活动 summary: 无烟佳节与爱同行——公安县杨家厂镇卫生院开展控烟宣传活动为进一步推动控烟工作开展，引导学校师生和家长践行文明健康绿色环保的生活方式，营造元旦、春节两节无烟氛围，近日，公安县杨家厂镇卫生院在杨家厂中学开展无烟佳节与爱同行控烟宣传活动。 content: 为进一步推动控烟工作开展，引导学校师生和家长践行文明健康绿色环保的生活方式，营造元旦、春节“两节”无烟氛围，近日，公安县杨家厂镇卫生院在杨家厂中学开展“无烟佳节 与爱同行”控烟宣传活动。 本次活动通过宣讲烟草的危害、与学生互动交流等方式，帮助青少年树立“拒吸第一支烟，做无烟新一代”的理念。积极倡导以“小手拉大手”活动为载体，鼓励学生成为学校、家庭的控烟宣传员和监督员，形成以学生带动家长的浓厚氛围，引导家长不吸烟，主动戒烟。 此次活动的开展，进一步增强了广大师生对烟草危害的认识，培养了健康的生活习惯，营造了良好的“无烟佳节”氛围，为学生的健康成长奠定了基础。（刘元清）,荆州市卫生健康委员会,未知,2024-01-24 14:56:00,http://wjw.jingzhou.gov.cn/xwzx/gzdt/202401/t20240124_901437.shtml,未知,控烟、戒烟,正面,未知
202401012020,【全环境立德树人】平阴县孔村镇中心幼儿园：开展“无烟佳节 与爱同行”主题活动,title: 【全环境立德树人】平阴县孔村镇中心幼儿园：开展“无烟佳节 与爱同行”主题活动 summary: 1月23日，平阴县孔村镇中心幼儿园开展无烟佳节与爱同行控烟活动，为幼儿营造一个无烟、清洁、健康的成长环境，远离烟草危害，共建文明校园。活动的开展让孩子们在参与的过程中，了解到吸烟的危害，懂得珍爱生命的意义，懂得保护环境就是从身边的点滴做起，认识禁烟标志，促进幼儿健康成长。 content: 齐鲁网·闪电新闻1月24日讯 1月23日，平阴县孔村镇中心幼儿园开展“无烟佳节 与爱同行”控烟活动，为幼儿营造一个无烟、清洁、健康的成长环境，远离烟草危害，共建文明校园。 活动中，老师通过宣传标语引导幼儿在日常生活中潜移默化地将环保的种子播种在小小的心灵里，孩子们围坐在一起，专注地描绘着禁烟标识。 幼儿绘画禁烟标识活动，不仅仅是一场绘画，更是一场关于健康、关于爱的教育。活动的开展让孩子们在参与的过程中，了解到吸烟的危害，懂得珍爱生命的意义，懂得保护环境就是从身边的点滴做起，认识禁烟标志，促进幼儿健康成长。 通讯员 桑丽丽,闪电新闻,未知,2024-01-24 14:54:30,http://sdxw.iqilu.com/w/article/YS0yMS0xNTMzNzcxNw.html,未知,控烟,正面,未知
202401012027,魏县卫健局组织开展“无烟双节 与爱同行”控烟宣传活动,title: 魏县卫健局组织开展“无烟双节 与爱同行”控烟宣传活动 summary: 魏县卫健局组织开展无烟双节与爱同行控烟宣传活动为增强居民控烟意识，弘扬无烟健康过节文化，营造健康、清洁、无烟的生活环境，形成文明健康绿色环保生活方式，1月22日，魏县疾控中心在文侯公园开展无烟佳节，与爱同行控烟知识宣传活动。 content: 为增强居民控烟意识，弘扬无烟健康过节文化，营造健康、清洁、无烟的生活环境，形成文明健康绿色环保生活方式，1月 22日，魏县疾控中心在文侯公园开展“无烟佳节，与爱同行”控烟知识宣传活动。 活动中，工作人员首先向居民介绍了吸烟对健康的危害，同时围绕我国烟民数量、吸烟现状、烟民低龄化发展趋势以及二手烟对人体的危害等方面向居民进行了详细讲解，让其了解控烟知识，意识到吸烟不仅是对环境的破坏，还是对身边人的一种伤害，使他们懂得吸烟的害处并主动规劝亲人戒烟、禁烟，共同营造健康良好的无烟环境。 此次活动以春节为契机，通过悬挂横幅、LED屏播放等多种宣传形式播放控烟宣传标语等内容，大力弘扬无烟过节文化，倡导过节不吸烟、不敬烟、不送烟。 “无烟佳节 与爱同行”活动，不仅增强了辖区居民的控烟戒烟意识，让践行文明健康绿色环保生活方式的理念深入人心，也促使辖区更多的居民积极参与到控烟行动和营造节日无烟氛围的行动中来，自觉成为控烟行动的宣传者、践行者。郭付林 郭海贞,中原新闻网,未知,2024-01-24 14:36:35,http://www.zysbs.cn/html/zhoubian/weixian/2024_01/24/61215785.html,未知,控烟、戒烟、控烟戒烟,正面,未知
202401012048,淅川县大石桥乡卫生院：开展“无烟佳节 与爱同行”进校园主题活动,title: 淅川县大石桥乡卫生院：开展“无烟佳节 与爱同行”进校园主题活动 content: 河南经济报记者 刘学中 通讯员 李玉珊 为进一步推动控烟工作开展，引导群众践行文明健康绿色环保生活方式，1月24日，淅川县大石桥乡卫生院开展了“无烟佳节 与爱同行”主题控烟进校园活动，号召学生从小做起、从现在做起，拒绝吸烟、远离烟草。 活动现场，该院公共卫生科人员为学生发放宣传折页，随后医护人员为学校师生讲解控烟重要意义及远离烟草的好处，倡导大家要做“自己健康第一责任人”，增强自我控制能力，自觉抵制诱惑。 同学们纷纷表示，将共同携起手来，“拒吸第一支烟 做无烟新一代”，从自己做起，从现在做起，追求文明、健康、和谐的无烟生活方式，远离烟草危害，共同建设无烟校园。,中原经济网,未知,2024-01-24 11:14:00,http://www.zyjjw.cn/hy/jk/202401/71779.html,未知,控烟,正面,未知
202401012055,　　1月23日，孚玉镇卫生院联合镇卫健办在黎河公园开展以“无烟佳节 与爱同行”为主题的控烟义诊宣传活动。,title: 1月23日，孚玉镇卫生院联合镇卫健办在黎河公园开展以“无烟佳节 与爱同行”为主题的控烟义诊宣传活动。 content: 1月23日，孚玉镇卫生院联合镇卫健办在黎河公园开展以“无烟佳节 与爱同行”为主题的控烟义诊宣传活动。 活动通过悬挂横幅、设咨询台、发放宣传折页、宣传礼品和开展义诊等形式进行，向广大群众介绍吸烟和二手烟的危害，大力弘扬无烟健康过节文化，倡导过节不吸烟、不敬烟、不送烟，引导居民养成健康的生活方式和生活习惯。 通过活动的开展，增强了大家的控烟戒烟意识，居民们表示，他们将积极响应这一倡议，从自身做起，远离烟草，为自己和家人创造一个更加健康的生活环境。（通讯员 吴春文 朱艳水）,宿松新闻网,未知,2024-01-24 11:07:19,http://www.ahssnews.com/wm/wmfs/202401/t20240124_7336426.html,未知,控烟、控烟戒烟,正面,未知
202401012061,来安县杨郢乡科协开展“无烟环境 与爱同行”控烟科普宣传活动,title: 来安县杨郢乡科协开展“无烟环境 与爱同行”控烟科普宣传活动 summary: 来安县杨郢乡科协开展无烟环境与爱同行控烟科普宣传活动1月22日，来安县杨郢乡科协联合乡妇联开展无烟环境与爱同行控烟宣传活动。 content: 1月22日，来安县杨郢乡科协联合乡妇联开展“无烟环境 与爱同行”控烟宣传活动。 活动现场，志愿者们通过悬挂横幅、张贴标语、发放宣传单页、面对面宣讲等形式，围绕烟草的成分、二手烟的由来和科学戒烟的必要性等相关知识，向辖区居民普及了吸烟对健康造成的危害和二手烟暴露等的危害。通过用通俗易懂的语言和生动形象的典型案例，倡导广大居民不吸烟、不敬烟、不送烟，共同参与控烟活动，人人争做控烟的主人。 此次主题科普活动，共发放各类宣传资料100余份，现场答疑20余次，通过科普宣传和解答，有效提高了辖区居民控烟意识，从“拒吸第一支烟”做起，为共创健康无烟环境打下良好基础。 扫一扫在手机打开当前页,安徽省科学技术协会,未知,2024-01-24 10:17:00,http://www.ahpst.net.cn/News/show/33588.html,未知,控烟、戒烟,正面,未知
202401012088,陵城公路分中心：开展“无烟佳节与爱同行”活动,title: 陵城公路分中心：开展“无烟佳节与爱同行”活动 summary: 陵城公路分中心：开展无烟佳节与爱同行活动日前，陵城公路分中心开展无烟佳节与爱同行控烟活动，进一步推动控烟工作开展，引导职工践行文明健康、绿色环保生活方式。 content: 日前，陵城公路分中心开展“无烟佳节与爱同行”控烟活动，进一步推动控烟工作开展，引导职工践行文明健康、绿色环保生活方式。 他们开展全方位、多角度的控烟宣传教育，引导干部职工不吸烟、主动戒烟，主动做控烟宣传者和倡导者。通过发放戒烟科普宣传手册，讲解吸烟和二手烟的危害，提升戒烟意愿，引导养成健康的生活方式和生活习惯。 开展健康过佳节宣传活动，以春节为契机，通过宣传标语、宣传栏、海报、公益宣传等群众喜闻乐见的方式，大力弘扬无烟健康过节文化，倡导过节不吸烟、不敬烟，共度无烟健康佳节。 德州日报新媒体出品 通讯员 | 张晨 编辑 | 唐晓颖 审核 | 王秀青 终审 | 杨德林,德州24小时,未知,2024-01-24 09:56:00,http://dz24hour.cms.dezhoudaily.com/shehui/p/116388.html,未知,控烟、戒烟,正面,未知
202401012093,孚玉镇卫生院开展“无烟佳节 与爱同行”宣传活动,title: 孚玉镇卫生院开展“无烟佳节 与爱同行”宣传活动 summary: 孚玉镇卫生院开展无烟佳节与爱同行宣传活动宿松融媒讯1月23日，孚玉镇卫生院联合镇卫健办在黎河公园开展以无烟佳节与爱同行为主题的控烟义诊宣传活动。 content: 宿松融媒讯1月23日，孚玉镇卫生院联合镇卫健办在黎河公园开展以“无烟佳节 与爱同行”为主题的控烟义诊宣传活动。 活动通过悬挂横幅、设咨询台、发放宣传折页、宣传礼品和开展义诊等形式进行，向广大群众介绍吸烟和二手烟的危害，大力弘扬无烟健康过节文化，倡导过节不吸烟、不敬烟、不送烟，引导居民养成健康的生活方式和生活习惯。 通过活动的开展，增强了大家的控烟戒烟意识，居民们表示，他们将积极响应这一倡议，从自身做起，远离烟草，为自己和家人创造一个更加健康的生活环境。（通讯员 吴春文 朱艳水） 责任编辑：朱宜,宿松新闻网,吴春文 朱艳水,2024-01-24 09:48:24,http://www.ahssnews.com/news/xz/fy/jcdt/202401/t20240124_7336158.html,未知,控烟、控烟戒烟,正面,未知
202401012106,灌云县开展控烟知识进社区活动,title: 灌云县开展控烟知识进社区活动 summary: 灌云县开展控烟知识进社区活动进一步推动控烟工作开展，引导群众践行文明健康绿色环保生活方式，营造健康、无烟春节氛围。1月23日上午，县爱卫办、伊山镇、县疾控中心、县医院组织专业人员在伊山镇山南社区开展无烟佳节与爱同行控烟知识进社区活动。 content: 进一步推动控烟工作开展，引导群众践行文明健康绿色环保生活方式，营造健康、无烟春节氛围。1月23日上午，县爱卫办、伊山镇、县疾控中心、县医院组织专业人员在伊山镇山南社区开展无烟佳节与爱同行控烟知识进社区活动。 活动现场，工作人员向居民发放控烟折页、“无烟佳节 与爱同行”主题红包等，普及烟草危害，倡导过节不吸烟、不敬烟、不送烟、拒绝二手烟，共度无烟健康佳节。同时，县医院戒烟门诊医生接受居民咨询，解答群众问题，引导和鼓励居民积极参与控烟、主动戒烟，养成良好的生活习惯。 此次宣传活动得到了社区居民的积极响应和支持，大家纷纷表示将努力成为控烟行动的宣传者、践行者，共同营造绿色、健康、无烟环境。,灌云县人民政府,未知,2024-01-24 09:17:00,http://www.guanyun.gov.cn/gyxzf/bmdt/content/305f6b77-bd8b-4729-92b5-72382cc783b9.html,未知,控烟、戒烟,正面,未知
202401012113,大连市开展“无烟佳节 与爱同行”控烟专项行动,title: 大连市开展“无烟佳节 与爱同行”控烟专项行动 summary: 大连市开展无烟佳节与爱同行控烟专项行动为进一步推动控烟工作深入开展，引导群众践行文明健康绿色环保生活方式，营造新春佳节无烟氛围，近日，市爱卫办在全市组织开展无烟佳节与爱同行专项行动，为市民欢度佳节提供健康环境。 content: 为进一步推动控烟工作深入开展，引导群众践行文明健康绿色环保生活方式，营造新春佳节无烟氛围，近日，市爱卫办在全市组织开展“无烟佳节 与爱同行”专项行动，为市民欢度佳节提供健康环境。 市爱卫办要求各级党政机关按照《无烟党政机关建设指南》要求，认真开展无烟机关建设自查自纠，开展全方位、多角度的控烟宣传教育，引导干部不吸烟、主动戒烟，主动做控烟宣传者和倡导者，巩固无烟党政机构建设成果。各级各类学校要将无烟健康过节文化，共度无烟健康佳节作为“健康教育进校园”活动重要内容，引导学生认识烟草危害，了解控烟核心知识，帮助青少年树立“拒吸第一支烟，做无烟新一代”的理念，做学校、家庭控烟监督员，开展“小手拉大手”活动，劝导家长不吸烟，主动戒烟，为青少年健康成长作表率，促进无烟学校、无烟家庭建设。医疗机构要发挥戒烟门诊作用，向患者讲解宣传吸烟及二手烟危害，提升吸烟患者的戒烟意愿，提供免费戒烟咨询，提高戒烟成功率。劝导吸烟者为了自身健康和亲人健康主动戒烟，可使用“中国戒烟平台”微信小程序，学习安全有效的网络戒烟服务信息。,大连市卫生健康委员会,未知,2024-01-24 08:49:00,http://hcod.dl.gov.cn/art/2024/1/24/art_1887_2313025.html,未知,控烟、戒烟,中性,未知
202401012134,备孕期男人需要戒烟吗?,title: 备孕期男人需要戒烟吗? summary: 备孕期男人需要戒烟吗?大家看到这里，想来已经知道备孕期男人需要戒烟吗，最后小编想要告诉大家，戒烟宜早不宜晚，如果大家心里有了戒烟的念头，应该立即时间采取行动进行戒烟，这样才能减少烟草对自身的侵害，保护自己的身体健康。 content: 陈先生结婚已经有一两年的时间，前两天他和妻子商量着开始备孕，明年生一个活泼可爱的龙宝宝。不过陈先生有吸烟的嗜好，他的妻子担心吸烟影响备孕，便建议他开始戒烟，那么备孕期男人需要戒烟吗? 备孕期男人需要戒烟吗? 事实上，吸烟是重要的环境危险因素，不仅可诱发肺癌、导致心血管疾病，还可引起女性生育能力降低，同时由于香烟烟雾中含有多种有毒化学物质，易对睾丸正常的生精过程造成干扰，导致精液质量的下降，进而造成精子致孕力降低。 有研究证实，香烟中的尼古丁及有毒化合物可导致ROS在精浆内过量积聚。过量ROS一方面可直接导致DNA损伤，另一方面还可引发DNA双链断裂或通过DNA链、遗传物质重塑、细胞退化等机制，最终导致DNA损伤。对精子细胞而言，DNA的完整性不仅保证了遗传信息的完整性，同时也对精子细胞的结构和形态有着重要的影响，因此备孕期的男人戒烟迫在眉睫。 临床上常选择使用酒石酸伐尼克兰片来干预，伐尼克兰可选择性的与α4β2尼古丁乙酰胆碱受体结合，与该受体具有高度亲和力。伐尼克兰与α4β2尼古丁乙酰胆碱受体亚型结合产生激动作用，同时阻断尼古丁与该受体结合，从而帮助大家有效进行戒烟。而帕瑞可酒石酸伐尼克兰片凭借安全、见效快、服用方便、双向调节等优势，广受大众好评，成为不少吸烟患者控烟的常备药物。此外，它还可以减少吸烟对疾病治疗的不利影响，保障疗效，促进康复。 大家看到这里，想来已经知道备孕期男人需要戒烟吗，最后小编想要告诉大家，戒烟宜早不宜晚，如果大家心里有了戒烟的念头，应该立即时间采取行动进行戒烟，这样才能减少烟草对自身的侵害，保护自己的身体健康。,复禾健康,未知,2024-01-24 00:00:00,http://news.fh21.com.cn/ypzx/7382525.html,未知,戒烟、控烟,中性,未知
202401012142,共筑无烟环境 护航美好家园 社区人员在行动,title: 共筑无烟环境 护航美好家园 社区人员在行动 content: 为深入弘扬无烟过节文化，提高居民的禁烟控烟意识，引导广大居民养成文明健康的生活方式和生活习惯，合肥市长丰（双凤）经开区孙岗社区在春节来临之际，开展以“共筑无烟环境，护航美好家园”宣传活动，营造健康、清洁、无烟的美好家园环境。 活动开始，社区卫健专干向居民们讲解了目前我国烟民数量、吸烟现状以及烟民逐渐向低龄化发展的趋势，带领大家共同宣读《创建无烟家庭倡议书》，呼吁广大居民积极参与“无烟家庭”创建行动中。其次，用讲述故事和图片展示的方式重点强调了吸烟对人体的肺部、心血管、骨质等的种种危害、戒烟的好处及如何将戒烟坚持下去。丰富的内容和多样的形式让在场居民们了解了控烟知识和方法，教育片中的警惕案例让大家备受触动，深刻地意识到吸烟不仅是对自己和身边人的一种伤害，还是对环境和生态的破坏。居民们纷纷表示未来会积极规劝亲朋好友主动戒烟、禁烟，对二手烟说不，共同营造健康良好的无烟环境。 此外，社区志愿者走进小区、走入商铺、饭店等公共场所，发放禁烟宣传资料、张贴宣传海报，提醒居民为了自己和家人的生命健康，不要在公共场所、工作场所和交通工具内吸烟。同时讲述了吸烟不仅危害身体还有可能造成火灾，小小的一枚烟头都有可能是火灾的起源，号召大家一起参与到禁烟的行动中来，在春节过节时不吸烟、不敬烟、不送烟，“对二手烟说不”，大力弘扬无烟健康过节文化。此次禁烟活动，共发放宣传资料100余份，宣传居民150余人，引导居民共度无烟健康佳节。 程晋娥是宝湾国际城小区的居民，她的老伴有近20年的烟龄，在参加了多次社区里举办的无烟日宣传活动后，她意识到帮助老伴戒烟刻不容缓，并制定了严格的家庭规定，要用健康的生活方式提高生活质量。在程晋娥的陪伴和鼓励下，她的老伴渐渐减少吸烟量，身体也越来越好。此外，程晋娥一家致力于无烟环境的营造，鼓励亲朋好友和邻居都加入控烟队伍中来，积极参与社区的禁烟控烟活动，通过讲述自己的亲身经历，来提醒年轻人为何要戒烟以及戒烟给身体和环境带来的好处，为无烟家庭建设贡献一份力量。 通过此次宣传活动，让辖区居民深刻地认识到吸烟对人体和环境的危害，提高了居民禁烟控烟的意识，为创建无烟、健康、绿色的生活环境夯实了基础。下一步，长丰（双凤）经开区孙岗社区将继续广泛开展控烟禁烟宣传活动，积极推动“无烟家庭”“无烟社区”建设，共同营造文明、健康、绿色的社区家园环境。,烟草在线,未知,2024-01-24 00:00:00,http://www.tobaccochina.com/html/news/lxky/672317.shtml,未知,控烟、戒烟,正面,未知
202401012149,浅谈酒石酸伐尼克兰片用法用量,title: 浅谈酒石酸伐尼克兰片用法用量 content: 陈先生是一位拥有十几年烟龄的老烟民了，最近他听说经常和他一起抽烟的一位朋友身体出现了状况，遂萌生开始戒烟的想法。家里人给他买了可以戒烟的酒石酸伐尼克兰片，但他不知道该如何服用，今天小编跟大家聊一聊酒石酸伐尼克兰片用法用量的问题。 很多人都听说过吸烟有害健康，却并不知道吸烟对身体究竟有哪些伤害。事实上，烟草中含有超过50种物质，包含有机物和重金属，烟草燃烧的烟雾中含有一氧化碳、尼古丁、焦油、致癌物苯并芘等诸多毒性挥发物质。 长期吸烟危害大 据了解，长期吸烟可增加高血压、冠心病、卒中、血栓闭塞性脉管炎、主动脉瘤、周围血管病风险;吸烟还可增加糖尿病并发症风险;吸烟亦诱发甲状腺疾病恶化;吸烟可使组织氧合降低，增加伤口感染、血栓栓塞以及肺部感染等并发症风险，与术后住院时间和死亡率显著相关。 吸烟不仅影响到自身的健康，对身边的人也会产生严重影响。二手烟同样含有数十种有毒或致癌的化学物质，可损害遗传物质和干扰细胞正常分裂，破坏机体的免疫功能，引起癌症和畸形的发生。二手烟对妇女和儿童的伤害则更为严重，孕妇暴露于二手烟可以导致婴儿出生体重降低、婴儿猝死综合征、早产、新生儿神经管畸形和唇腭裂。因此为了自己和身边人的生命健康着想，各位烟民朋友有必要及时采取措施进行戒烟。 日常生活中，大家常选择使用帕瑞可酒石酸伐尼克兰片进行戒烟，酒石酸伐尼克兰是不含尼古丁成分的戒烟药，研究表明该药可降低戒断症状，增加戒烟成功率，目前已被《美国烟草使用与依赖实践指南》推荐作为戒烟治疗的一线药物。在一众酒石酸伐尼克兰药物中，帕瑞可酒石酸伐尼克兰片凭借安全、见效快、服用方便，能够双向调节的优势广受大众好评，成为吸烟患者控烟的常备药物。 那么帕瑞可酒石酸伐尼克兰片用法用量又是怎么样的呢? 小编了解到该药为口服，首先按如下方法进行1周的剂量递增，之后推荐剂量为每日2次，每次1mg。第1～3日，0.5mg，每日1次。第4～7日 ，0.5mg，每日2次。第8日～治疗结束，1mg，每日2次。 关于酒石酸伐尼克兰片用法用量，小编就跟大家介绍到这里，最后小编想要呼吁大家，无论是刚刚接触到烟草的年轻人，还是烟龄长久的老烟民，只要想要戒烟，什么时候都不算晚，为了自己和家人的健康，大家赶快行动起来吧。,复禾健康,未知,2024-01-24 00:00:00,http://news.fh21.com.cn/ypzx/7382524.html,未知,戒烟、控烟,中性,未知
202401012156,戒烟反应症状有哪些?,"title: 戒烟反应症状有哪些? content: 陈先生少时开始吸烟，到如今已经拥有将近十年的烟龄，最近他了解到吸烟是导致心脏病和中风的主要危险因素之一，还有可能引发肺癌、慢阻肺、肺炎等疾病，便萌生了想要戒烟的想法。可他又听说不少人戒烟后会出现戒烟反应，便想知道戒烟反应症状有哪些? 随着现在人们对于吸烟有害健康的意识越来越强, 不少人开始选择和烟草断绝关系，但是单纯靠意志力来戒烟对于很多人特别是长期吸烟的人来说比较困难, 突然中断吸烟会产生各种不适感, 即大家常说的尼古丁戒断综合征，又称戒烟综合征，即戒烟综合征的发生是由于戒烟期间，摄入的尼古丁迅速减少，达不到大脑要求的水平而出现的。那么戒烟反应症状有哪些呢? 据了解尼古丁戒断综合征的主要表现为集中注意力困难、易激惹、挫折感、坐立不安、急燥、愤怒、焦虑、烦躁、抑郁情绪、食欲增加、体重增加等症状。由于这些症状太过强烈，很多人无法坚持下去, 复吸率较高。因此大家想要戒烟，一般选择药物进行干预，比如使用帕瑞可酒石酸伐尼克兰片进行治疗。 据了解酒石酸伐尼克兰片是临床指南一线推荐的戒烟药物，美国《烟草使用和依赖临床治疗指南2008版》指出，伐尼克兰是一线推荐的控烟药物;《中国临床戒烟指南2015版》指出，伐尼克兰为α4β2尼古丁乙酰胆碱受体的部分激动剂，同时具有激动及拮抗的双重调节作用，且疗效和安全性优于其他控烟方案;此外，《美国胸科学会官方临床实践指南：烟草依赖的药物治疗》2020版，也强烈建议使用伐尼克兰控烟。在同类药物之中，而帕瑞可酒石酸伐尼克兰片相较于市场同类药物更加安全、见效快、服用方便，能够双向调节，成为吸烟患者控烟的必备药物。 关于戒烟反应症状有哪些，小编就跟大家说到这里，虽然戒烟反应容易使人感觉不适，但只要大家采取正确的方式进行干预，相信很快就会摆脱戒烟反应的困扰，恢复正常的生活状态。",复禾健康,未知,2024-01-24 00:00:00,http://news.fh21.com.cn/ypzx/7382523.html,未知,戒烟、控烟,中性,未知
202401012170,新的禁烟标识和口号将于2024年开始在北京市相关禁烟场所张贴,title: 新的禁烟标识和口号将于2024年开始在北京市相关禁烟场所张贴 content: 新年伊始，北京控烟协会联合相关社会组织为保护孩子免受二手烟伤害，制作了一批“禁止吸烟的标识”。发放到各区爱卫会，将被广泛张贴到中小学、幼儿园、少年宫、游乐场及其他未成年人集中活动的地区。 2023年中国世界无烟日的主题是“无烟，为成长护航”。保护未成年人免受烟草危害是全球公共卫生工作的大事。控制未成年人吸烟是有效的疾病预防措施，北京市有18岁以下未成年人300万人左右，预防未成年前吸第一支烟，和防止未成年人受到二手烟危害都是北京控烟法规制定的重要内容之一。未成年人处于身心发育过程中，在社会环境中很少有话语权，甚至智力发育所限不会表达对烟草烟雾的排斥。 2023年北京市根据国家“未成年人保护法”修订了《北京市未成年人保护条例》，进一步明确为保护孩子们免受烟草危害的原则。2023年世界无烟日前，北京控烟协会向通过无烟北京微信公众号征集“世界无烟日口号和标识”；一个月的时间获得了37个口号和15个标识。通过专家评价，将10个口号向社会公布： （1）保护孩子的健康，学校幼儿园游乐场等室内外全面禁烟！ （2）在公园、游乐场和其他孩子经常活动的公共区域禁止吸烟。 （3）严禁向未成年人销售烟草制品(含电子烟) 违者罚款5万元-50万元 （4）没有身份证，不销售烟草制品 （5）保护孩子的健康，不要在他们身边吸烟 （6）在孩子面前吸烟是一种自私的行为 （7）禁止在接送孩子的人群中吸烟 （8）有孩子活动的场所吸烟违法 （9）远离烟草，做不吸烟的新一代 （10）为了孩子，这里禁止吸烟！ 经专家研究确定了一个未成年人保护的标识和室内公共场所禁止卷烟和电子烟的标识。目前经北京市爱卫会同意，已经将新印制的4万余件保护未成年人的标识发往相关区爱卫会。同时根据国家未成年人保护法（将烟草的定义扩大到包括电子烟）印发了室内公共场所禁止吸食卷烟和电子烟的双烟标识，也加印了3万余件禁止吸烟的双烟标识。 这些标识将在2024年开始在北京市相关禁烟场所张贴。未来各控烟单位及街道、乡镇也可以根据此次发放的标识，自行印制和张贴，以加强保护未成年人的工作，为将首都建设成儿童友好型城市而努力。,烟草在线,无烟北京,2024-01-24 00:00:00,http://www.tobaccochina.com/html/news/lxky/672310.shtml,未知,控烟,中性,未知
202401012184,日照市岚山区：无烟佳节 与爱同行,title: 日照市岚山区：无烟佳节 与爱同行 content: 各班召开了“无烟佳节 与爱同行”禁烟控烟健康教育主题班会，老师们通过课件、视频等形式，向同学们介绍了吸烟、被动吸烟以及电子烟的危害，提高师生对吸烟以及二手烟危害的重视程度，帮助孩子树立健康生活，远离香烟的意识。 通过“我身边的控烟故事”为主题的演讲比赛。学生们积极参与到控烟活动中来。号召全体师生一起行动，投入到禁烟以及志愿者劝阻吸烟的活动中去，营造控烟戒烟的良好氛围。 学生们积极制作“无烟家庭”警示牌，并在家里醒目位置张贴。用自己的“小手”担当起监督的作用，同时也希望家长朋友们能确实履行自己戒烟的初衷：“无烟家庭 为爱戒烟”。 下一步，岚山区将继续秉承“无烟校园”的理念，做好吸烟危害健康的知识普及行为养成教育工作，为学生营造一个良好清新的校园环境，促进学生全面、健康成长，为创建绿色、健康、文明、和谐的无烟校园，为学生的学习、生活创造健康无烟的环境，打下良好的基础。 （岚山区实验小学）,日照文明网,未知,2024-01-24 00:00:00,http://rz.wenming.cn/wcnr/202401/t20240124_8408051.html,未知,控烟、控烟戒烟、戒烟,中性,未知
202401012192,守护无烟环境！广外医院开展常态化冬季控烟自查,title: 守护无烟环境！广外医院开展常态化冬季控烟自查 summary: 守护无烟环境！广外医院开展常态化冬季控烟自查冬季气候寒冷，一些老烟民又开始不自觉地猫在公共场所外吞云吐雾。未来，广外医院将继续巩固现有控烟成效，同时坚持力度不打折，不断完善常态化控烟工作机制，加大健康宣教和劝阻力度，进一步创造健康、绿色的医院环境。 content: 冬季气候寒冷，一些老烟民又开始不自觉地“猫”在公共场所外“吞云吐雾”。殊不知，这样的行为不仅伤害自身，二手烟、三手烟也给他人健康带来危害。 为推进《健康北京行动(2020—2030年)》，有效落实《北京市控制吸烟条例》，深入推进无烟环境建设，进入冬季以来，广外医院结合气候特点，开展常态化的控烟自查，守护无烟环境，守护群众和职工健康。 近日，医院健教科、总务处组成自查组，对院区控烟情况开展全面检查。 自查组一行把医院大门口、花坛、院内露天区域等易出现烟头的点位走了一遍。门口区域是吸烟者最密集的地方，自查组着重叮嘱安保人员要做好门外区域吸烟人员的劝阻控烟和宣传。 随后，自查组走进楼里。门诊大厅电子显示屏循环播放着吸烟有害健康的科普视频，咨询台上方还有电子宣传横幅，目之所及，控烟宣传“氛围感”拉满；来到各个楼层，病房、诊室、候诊区、楼梯间等室内场所控烟标识标牌随处可见，没发现吸烟痕迹和烟草味道；楼道内，安保人员作为控烟监督员，不间断对楼内楼外区域进行巡查。 一番检查下来，控烟情况总体良好，但仍存在巡查记录不完善、监督有空档等问题。自查组要求相关负责人立即整改，同时在之后做好“回头看”，确保措施落实到位。 广外医院多措并举 打造无烟环境 一直以来，广外医院高度重视控烟工作，组建了党委书记、院长牵头的控烟领导小组和科室控烟小组，进一步明确责任分工，通过真抓严管，落实各项措施，将无烟理念融入细节、植入日常，营造无烟健康环境。 走进医院，随处可见禁烟宣传科普和标牌、标识，通过控烟氛围营造，在视觉上达到让人对“禁止吸烟”提醒过目不忘的效果。 在临床科室、医技科室和行政办公区，医务工作者和安保人员化身控烟监督员和巡查员，随查、随劝、随宣教，同时从自身做起，并带动身边人一起控烟。 “您平时有吸烟的习惯吗？如果有，为了身体健康，还得早日戒烟。”在门诊、义诊和日常工作中，医务工作者不忘耐心叮嘱，宣传吸烟及二手烟、三手烟对健康的危害。 “预防慢阻肺，首先要从戒烟做起。”在世界无烟日、世界慢阻肺日等卫生健康宣传日，多形式的控烟宣传营造了各方支持控烟的良好氛围。 创造无烟环境，需要久久为功。未来，广外医院将继续巩固现有控烟成效，同时坚持力度“不打折”，不断完善常态化控烟工作机制，加大健康宣教和劝阻力度，进一步创造健康、绿色的医院环境。,北京市卫生健康委员会,未知,2024-01-24 00:00:00,http://wjw.beijing.gov.cn/xwzx_20031/jcdt/202401/t20240126_3546964.html,未知,控烟、戒烟,中性,未知
202401012199,·​魏琪：轻烟袅袅忆双亲,title: ·​魏琪：轻烟袅袅忆双亲 summary: 时下生活中，吸烟被视为重要的不良嗜好。现代医学也告诉世人吸烟是多种疾病的诱因。社会各界控烟宣传一浪高过一浪。尽管如此，我身边友人仍有众多迷恋此物者，令人有点奈何不得的味道。总值班:吴弋编辑:朱芸玫来源:连云港发布。 content: ​ 作者：魏琪 时下生活中，吸烟被视为重要的不良嗜好。现代医学也告诉世人吸烟是多种疾病的诱因。社会各界控烟宣传一浪高过一浪。尽管如此，我身边友人仍有众多迷恋此物者，令人有点奈何不得的味道。 提起吸烟这个话题，我总是忆起那些遥远的往事，烟雾袅袅之中，父母清晰慈祥的面容在我双眸中闪现。多少回在梦境中，父母双亲倚坐在舒适的沙发上，每人手中夹着一根香烟，悠闲地吸一口，然后吐出一团团乳白色的烟雾，微笑着与我聊着欣愉的话题。每当此时，我想他们一定在品味着温馨的天伦之乐吧！ 说来别人也许不信，在我与父亲一起度过的几十年的岁月中，我从未见他沾过一滴酒，直至他离去。我长大后曾多次不解地询问他，你担任领导工作多年，总会有一些应酬，难道也是一点酒不喝？他十分干脆地回答我：是的，年轻时试过，或是与酒天生无缘，喝一点便全身过敏，咳嗽不停，总之很不舒服，再也不喝了；时间久了，大家也都知道，应酬时也就以茶代酒了。 说来也挺有趣，我母亲却又是天生的大酒量。她平时很少喝酒，可真要是喝起来，那豪爽劲不输男性，我从未见她醉过。有一次，两位大酒量的朋友到我家做客，母亲见我败下阵来，端起酒杯说，我来陪你们喝几杯。于是，就这样一对二，一杯又一杯，直喝得两位老兄头重脚轻，连连告饶。母亲却一脸云淡风轻，悄声劝慰：不再喝了，我们一起吃饭吧。许多年以后，两位友人对母亲的海量依然记忆犹新，惊叹不已。 或许是我传承了父亲不善饮的基因，尽管我很年轻时便走上领导岗位，难免有些应酬，然我酒量甚小，喝一小杯便满面酡红，心跳加速，颇感不适。其他姊妹酒量大概随了母亲，曾任市妇联主席的妹妹亦是耐酒性颇强，每逢家中聚餐，她与母亲真的好有一拼。她不止一次地调侃我，其他方面我学你，酒量你学我。 不饮酒的父亲也有爱好，那便是吸烟了，他吸了一辈子，直到去了遥远的天国。每逢去给老人家祭奠扫墓，我一定会带着上好的香烟，一支一支地默默点燃，告慰我的至亲至爱，在另一个世界也能惬意地吐出淡淡的烟雾…… 父亲吸烟的历史很悠久。那是在抗日战争最艰苦的年代，父亲投身革命，担任家乡八路军的游击队长，后任几个区的区委书记兼区长。在当时敌强我弱的形势下，对敌斗争多是昼伏夜动，埋伏起来整夜不睡觉是常态，大家便会拿烟卷提神。有一次，他用计端掉了鬼子的一座炮楼，受到滨海军区的通令嘉奖，奖品中就有几条日本产的香烟。父亲说这是当时他吸过的最好的香烟了。 有次鬼子疯狂扫荡，他与几名队员隐蔽在一个地主家的地窖里。潜伏到第二天的时候，父亲特别想抽烟，可到哪儿找呵！一个队员便找了几片枯树叶，搓碎了用纸卷起来递给父亲。几十年过去，父亲依然记得，那种呛人的味道直冲肺腑，但总聊胜于无吧！ 吸烟的人大概总有缘由，母亲也曾告诉我，她家兄弟姐妹六人，她是老大，加上几位老人，一大家子要生活。于是，十六七岁的她便走上社会，开始了教书育人的生涯。那时学校用人一学期一聘，课时很重，母亲又是个特别认真严谨的人，白天在课堂授课，夜晚批改作业与备课。有时困得不行，姥爷便会递上一支香烟让她提提神。她说开始很不习惯，吸一口便呛得流眼泪，发誓再也不吸。后来熬夜实在难忍，又想着吸几口了。就这样断断续续，不觉间夜晚也能吸几支了。到后来，疲劳时吸几支的习惯就一直延续下来。 从我记事时起，父亲好像一直都吸一种上海出的“大前门”牌香烟，里边包着锡纸，我常把锡纸抽出来折叠成各种小玩具；有时也吸一种“飞马”牌香烟，烟盒上是一匹飞跃奔腾的骏马。逢年过节的时候，他也会拿出一种听装的“中华”牌香烟招待客人。那时烟的价格都不高，最好的品牌也就几角钱一盒，以父亲的工资水准完全消费得起。 母亲常吸的相对档次要低一些，记得是青岛出的“玉叶”牌香烟，一大片碧绿的树叶占满烟盒。那时我和大院的小伙伴建军热衷于收集烟花，身边的远远不够，我们便经常跑到火车站、汽车站旅客聚集的地方，四面八方五光十色的烟花尽收眼底。回来后小心翼翼地将到手的铺展开，夹在厚厚的一本大书里，时常拿出来欣赏，一直保存了好多年。 我从小就是在袅袅烟雾中成长的。那时候家居都不大，父母一吸烟便弥漫开来，所以我对烟雾很不敏感，甚至还感觉到有一种淡淡的烟草香味。在那遥远的年代里，并未听说过二手烟也有害，因此倒习惯了这种环境，仿佛缺少烟雾，便不再是我那个熟悉亲切的家了。 我工作后经常外出，每到一地，便会情不自禁地走进商场，选择一些当地的名烟，带回来送给父母。每当这时，他们都会欣然地拆包、点燃，吐出烟雾，品尝着儿子的孝意，那情景总也忘不掉。 记得有一回，我到西安去见陕西省作家协会主席、著名作家陈忠实，见他总是抽一种名为“巴山”牌的雪茄烟，氤氲升腾的烟雾，笼罩着他皱褶纵横的黧黑脸膛，真像一座“思想者”的雕塑。我问他为什么不抽普通烟卷，他说那烟太清淡，抽起来没味道，雪茄劲头大，香得很哩。 返程时我专门买了几盒“巴山”雪茄，回来送给老人。他们新奇地吸了几口，连声说，这烟味道浓烈，有一种特殊的口感，不错！ 或许是长久的烟雾浸润了我的行为感知，加之我一直在宣传文化系统工作，又喜好文学创作，夜深人静之时奋笔疾书已成惯常。不知从何时起，困倦袭来，便悄然从茶几上抽出父母的几根烟，点燃吸几口，精神便振奋起来，又开始执着地写下去。久而久之，竟形成了一种习惯：点起一支烟，有时吸不了几口，只是要那白雾缓缓升起，渐在身旁萦绕，仿佛只有这时，我的灵感才会飞扬，文字如清泉般流淌…… 父母离世时都很平静安详，之前似乎看不到什么征兆，并未在病榻上久留，只是在一瞬间便永远合上了双眸，不想给儿女留下任何负担。 我又在文海间开始遨游了。点燃一支烟，轻烟洇染书房，也弥漫心灵，父母亲切的面容时隐时现，还是那熟悉的乡音：记住少抽点烟，多注意身体…… 总值班: 吴弋 编辑: 朱芸玫 来源: 连云港发布,连网,未知,2024-01-23 22:23:54,http://www.lyg01.net/zx/dsmw/2024/0115/335576.shtml,未知,控烟,中性,未知
