id,title,contents,platform,author,published_at,url,region,hit_words,polarity,classification
202401018816,不怪你！戒烟不成功，那是你遇到了必然的戒烟定律！,"title: 不怪你！戒烟不成功，那是你遇到了必然的戒烟定律！ summary: 戒烟不成功，那是你遇到了必然的戒烟定律！有些人戒烟，惟恐天下人不知道似的，首先是朋友圈公告开始戒烟，誓言喊得震天响，然后是每日打卡，每天在朋友圈数戒烟日子，但是你会发现，慢慢的，在朋友圈也没见到他的打卡了，一段时间后又看到他复吸了，确实这样做的最终戒烟成功的人是少之又少。加油吧戒烟人！ content: 据统计，截至2023年，我国烟民的数量约3.5亿，男烟民近3.1亿，女烟民约4000万，占世界烟民总数的三分之一。我国每年有100多万人因烟草导致的呼吸系统疾病、恶性肿瘤、心脑血管疾病等各种疾病而死亡，这是相当令人震惊的数字，要知道很多小国家的总人口还没到100万！！""国家近年来出台了一系列的控烟政策，加强宣传和限制烟民抽烟，很多烟民也确实尝试开始戒烟，但是很多烟民在戒烟的过程中发现，戒烟确确实实是一件很困难的事情，不是想象中那么简单的！""戒烟的人会在戒烟过程中发现一些有趣的定律，对大多数人戒烟的人来说可能遇到的。不信？戒烟的你来看看，是不是也遇到过类似的情况？""1. 尝试戒烟的人都会想：戒烟根本不难！实际上，好多人经常戒，甚至一天能戒好几次呢！很多烟民都想过戒烟，也尝试过戒烟，很多人在戒烟行动开始前都会认为：戒烟有什么难的？但实际上大多数人都会遇到同样情况：陷入戒烟→复吸→懊恼→戒烟→复吸→懊恼→戒烟的循环中，很少人能一次就戒掉的，而是在不断的尝试和不断的失败中不停的循环，一年戒几次的屡见不鲜，甚至有人能一天戒好几次呢！""""2.计划定得越周密，誓言喊得越响亮，戒成功的可能性就越小！有些人戒烟，惟恐天下人不知道似的，首先是朋友圈公告开始戒烟，誓言喊得震天响，然后是每日打卡，每天在朋友圈数戒烟日子，但是你会发现，慢慢的，在朋友圈也没见到他的打卡了，一段时间后又看到他复吸了，确实这样做的最终戒烟成功的人是少之又少，这就是典型的“雷声大雨点小”。""3. 有些人觉得尼古丁依赖是一种不得不靠药治疗的病，越是相信得靠戒烟药，越是戒不掉！有些人烟民认为戒烟必须依赖戒烟药，因为他觉得尼古丁造成的瘾就跟毒瘾一样，已经深入骨髓，靠自己戒烟是不可能的，所以他迟迟不肯行动，就是觉得没有专业的医生指导的话是不可能开始戒烟的，也不可能戒烟成功的。""4.戒烟的成功率与家庭地位成反比，和怕老婆程度成正比烟民结婚前，一个单身狗自由自在，想抽就抽，想什么时候抽就什么时候抽，根本没啥人管啊！""结了婚后，如果老婆反对抽烟，家庭地位又不高怕老婆的那种烟民，那抽烟还得偷偷摸摸的，家里不准抽，孩子面前不准抽，经济大权如果还掌控在老婆手中的话，连买烟都抠抠搜搜的，加上本来经济就不太好的话，和烟友互相派烟也都抠抠搜搜的。所以，这种情况的烟民戒烟成功率是比较高的！""5.因各种因素吸烟的人都有，真正因为经济因素而戒烟的人却很少很多人最开始吸烟是因为失恋、郁闷、打击、好奇等原因，但以上因素只会真正影响你一段时间，一段时间后这些因素你早就忘记了，但是你也成瘾了。戒烟也有很多因素，比如最大的原因就是健康问题，但是很少见有人会穷到抽不起烟而戒烟，因为他会不断降低要求，但是烟不会断。""6.戒烟的人都试过，把没吸完的半包烟扔进家里的垃圾筒，但90%的人都会捡回来戒烟的人都想过，抽完这包就不抽了，也有当场下决定，剩下半包也不抽了，立即扔到家里垃圾桶！信誓旦旦、信心满满、说干就干立即开始戒烟，殊不知，上午刚扔，下午烟瘾就犯了，趁没人赶紧捡回来，抽完这包再戒吧！你是不是也是这样子呢？""7.抽烟有两种特殊的人，一是那些能控制自己想抽几根就抽几根的人，二是那些天天喊戒烟又戒不掉的人。你是哪一种呢？""""写在最后吸烟确实是有害健康，科学研究表明，吸烟人的平均寿命会比不吸烟的人短近10年，能不抽尽量还是不抽吧，人世间那么美好，能多活几年是几年是吧！科学研究表明：34岁前戒烟，寿命延长10年，44岁前戒烟，寿命延长9年，54岁前戒烟，寿命延长6年。所以，戒烟年龄越早越好！而且晚点也不为过，只要戒了，肯定有积极的效果！！加油吧戒烟人！",头条号,迈高Mike,2024-01-31 22:11:22,http://www.toutiao.com/w/i7330264769120748032/,未知,戒烟、控烟,正面,未知
202401018821,真不怪你！戒烟不成功，那是你遇到戒烟过程中必然会出现的定律！,"title: 真不怪你！戒烟不成功，那是你遇到戒烟过程中必然会出现的定律！ summary: 戒烟不成功，那是你遇到戒烟过程中必然会出现的定律！据统计，截至2023年，我国烟民的数量约3.5亿，男烟民近3.1亿，女烟民约4000万，占世界烟民总数的三分之一。加油吧戒烟人！ content: 据统计，截至2023年，我国烟民的数量约3.5亿，男烟民近3.1亿，女烟民约4000万，占世界烟民总数的三分之一。我国每年有100多万人因烟草导致的呼吸系统疾病、恶性肿瘤、心脑血管疾病等各种疾病而死亡，这是相当令人震惊的数字，要知道很多小国家的总人口还没到100万！！""国家近年来出台了一系列的控烟政策，加强宣传和限制烟民抽烟，很多烟民也确实尝试开始戒烟，但是很多烟民在戒烟的过程中发现，戒烟确确实实是一件很困难的事情，不是想象中那么简单的！""戒烟的人会在戒烟过程中发现一些有趣的定律，对大多数人戒烟的人来说可能遇到的。不信？戒烟的你来看看，是不是也遇到过类似的情况？""1. 尝试戒烟的人都会想：戒烟根本不难！实际上，好多人经常戒，甚至一天能戒好几次呢！很多烟民都想过戒烟，也尝试过戒烟，很多人在戒烟行动开始前都会认为：戒烟有什么难的？但实际上大多数人都会遇到同样情况：陷入戒烟→复吸→懊恼→戒烟→复吸→懊恼→戒烟的循环中，很少人能一次就戒掉的，而是在不断的尝试和不断的失败中不停的循环，一年戒几次的屡见不鲜，甚至有人能一天戒好几次呢！""""2.计划定得越周密，誓言喊得越响亮，戒成功的可能性就越小！有些人戒烟，惟恐天下人不知道似的，首先是朋友圈公告开始戒烟，誓言喊得震天响，然后是每日打卡，每天在朋友圈数戒烟日子，但是你会发现，慢慢的，在朋友圈也没见到他的打卡了，一段时间后又看到他复吸了，确实这样做的最终戒烟成功的人是少之又少，这就是典型的“雷声大雨点小”。""3. 有些人觉得尼古丁依赖是一种不得不靠药治疗的病，越是相信得靠戒烟药，越是戒不掉！有些人烟民认为戒烟必须依赖戒烟药，因为他觉得尼古丁造成的瘾就跟毒瘾一样，已经深入骨髓，靠自己戒烟是不可能的，所以他迟迟不肯行动，就是觉得没有专业的医生指导的话是不可能开始戒烟的，也不可能戒烟成功的。""4.戒烟的成功率与家庭地位成反比，和怕老婆程度成正比烟民结婚前，一个单身狗自由自然，想抽就抽，想什么时候抽就什么时候抽，根本没啥人管啊！""结了婚后，如果老婆反对抽烟，家庭地位又不高怕老婆的那种烟民，那抽烟还得偷偷摸摸的，家里不准抽，孩子面前不准抽，经济大权如果还掌控在老婆手中的话，连买烟都抠抠搜搜的，加上本来经济就不太好的话，和烟友互相派烟也都抠抠搜搜的。所以，这种情况的烟民戒烟成功率是比较高的！""5.因各种因素吸烟的人都有，真正因为经济因素而戒烟的人却很少很多人最开始吸烟是因为失恋、郁闷、打击、好奇等原因，但以上因素只会真正影响你一段时间，一段时间后这些因素你早就忘记了，但是你也成瘾了。戒烟也有很多因素，比如最大的原因就是健康问题，但是很少见人会穷到抽不起烟而戒烟，因为他会不断降低要求，但是烟不会断。""6.戒烟的人都试过，把没吸完的半包烟扔进家里的垃圾筒，但90%的人都会捡回来戒烟的人都想过，抽完这包就不抽了，也有当场下决定，剩下半包也不抽了，立即扔到家里垃圾桶！信誓旦旦、信心满满、说干就干立即开始戒烟，殊不知，上午刚扔，下午烟瘾就犯了，趁没人赶紧捡回来，抽完这包再戒吧！你是不是也是这样子呢？""7.抽烟有两种特殊的人，一是那些能控制自己想抽几根就抽几根的人，二是那些天天喊戒烟又戒不掉的人。你是哪一种呢？""""写在最后戒烟确实是有害健康，科学研究表明，吸烟人的平均寿命会比不吸烟的人短近10年，能不抽尽量还是不抽吧，人世间那么美好，能多活几年是几年是吧！科学研究表明：34岁前戒烟，寿命延长10年，44岁前戒烟，寿命延长9年，54岁前戒烟，寿命延长6年。所以，戒烟年龄越早越好！而且晚也不为过，只要戒了，肯定有积极的效果！！加油吧戒烟人！",头条号,迈高Mike,2024-01-31 22:11:22,http://www.toutiao.com/w/i7330264769120748032/,未知,戒烟、控烟,正面,未知
202401018826,"调查显示，北京市15岁及以上成人吸烟率为19.9%，情况并未出现改善。与此同时，家庭二手烟暴露情况同样令人担忧，暴露率高达29.6%。虽然室内工作场所、中小学校以及政府大楼的二手烟暴露率出现下降，但餐馆、大学、医疗机构以及公共交通工具的暴露率与去年持平。针对电子烟的调查结果也引人瞩目，77.4%的受访者支持将电子烟纳入现有禁烟法规。随着电子烟的普及和使用，控烟工作的难度和复杂性也随之增加。

这次调查结果提醒着我们：控烟工作仍然任重道远。禁烟法规需要健全完善，特别是对于新型烟草产品的管理也需要跟上。同时，再次重申二手烟的危害性，需要进一步加强管理，推行全民禁烟。我们每个人都有责任拥有一个健康的生活方式，为此我们需要共同努力，营造一个无烟的环境。
#近8成受访者支持电子烟纳入禁烟法规#

#北京人厉害了# #北京最新事# #北京又剩我了# #北京人均寿命# #北京生活负担# #你对北京了解吗# #听说北京炫户口# #北京本地的# #你来北京后悔吗# #北京好房榜#","title: 调查显示，北京市15岁及以上成人吸烟率为19.9%，情况并未出现改善。与此同时，家庭二手烟暴露情况同样令人担忧，暴露率高达29.6%。虽然室内工作场所、中小学校以及政府大楼的二手烟暴露率出现下降，但餐馆、大学、医疗机构以及公共交通工具的暴露率与去年持平。针对电子烟的调查结果也引人瞩目，77.4%的受访者支持将电子烟纳入现有禁烟法规。随着电子烟的普及和使用，控烟工作的难度和复杂性也随之增加。 这次调查结果提醒着我们：控烟工作仍然任重道远。禁烟法规需要健全完善，特别是对于新型烟草产品的管理也需要跟上。同时，再次重申二手烟的危害性，需要进一步加强管理，推行全民禁烟。我们每个人都有责任拥有一个健康的生活方式，为此我们需要共同努力，营造一个无烟的环境。 #近8成受访者支持电子烟纳入禁烟法规# #北京人厉害了# #北京最新事# #北京又剩我了# #北京人均寿命# #北京生活负担# #你对北京了解吗# #听说北京炫户口# #北京本地的# #你来北京后悔吗# #北京好房榜# summary: 调查显示，北京市15岁及以上成人吸烟率为19.9%，情况并未出现改善。虽然室内工作场所、中小学校以及政府大楼的二手烟暴露率出现下降，但餐馆、大学、医疗机构以及公共交通工具的暴露率与去年持平。针对电子烟的调查结果也引人瞩目，77.4%的受访者支持将电子烟纳入现有禁烟法规。 content: 调查显示，北京市15岁及以上成人吸烟率为19.9%，情况并未出现改善。与此同时，家庭二手烟暴露情况同样令人担忧，暴露率高达29.6%。虽然室内工作场所、中小学校以及政府大楼的二手烟暴露率出现下降，但餐馆、大学、医疗机构以及公共交通工具的暴露率与去年持平。针对电子烟的调查结果也引人瞩目，77.4%的受访者支持将电子烟纳入现有禁烟法规。随着电子烟的普及和使用，控烟工作的难度和复杂性也随之增加。 这次调查结果提醒着我们：控烟工作仍然任重道远。禁烟法规需要健全完善，特别是对于新型烟草产品的管理也需要跟上。同时，再次重申二手烟的危害性，需要进一步加强管理，推行全民禁烟。我们每个人都有责任拥有一个健康的生活方式，为此我们需要共同努力，营造一个无烟的环境。 #近8成受访者支持电子烟纳入禁烟法规# #北京人厉害了# #北京最新事# #北京又剩我了# #北京人均寿命# #北京生活负担# #你对北京了解吗# #听说北京炫户口# #北京本地的# #你来北京后悔吗# #北京好房榜#""",微头条,知世故而不世故,2024-01-31 22:04:16,http://www.toutiao.com/w/i1789575054414026/,未知,控烟,正面,未知
202401018836,这么发达的国家，穷人烟都抽不起，你要是控烟就停产好了，变相涨价就是耍流氓,title: 这么发达的国家，穷人烟都抽不起，你要是控烟就停产好了，变相涨价就是耍流氓 summary: 这么发达的国家，穷人烟都抽不起，你要是控烟就停产好了，变相涨价就是耍流氓 content: 这么发达的国家，穷人烟都抽不起，你要是控烟就停产好了，变相涨价就是耍流氓,微头条,执着的海燕dw,2024-01-31 21:44:21,未知,未知,控烟,负面,未知
202401018861,淄川融媒：淄川区疾控中心开展“无烟佳节 与爱同行”控烟宣传活动,title: 淄川融媒：淄川区疾控中心开展“无烟佳节 与爱同行”控烟宣传活动 summary: 淄川融媒：淄川区疾控中心开展“无烟佳节 与爱同行”控烟宣传活动淄川融媒：淄川区疾控中心开展“无烟佳节 与爱同行”控烟宣传活动 content: 淄川融媒：淄川区疾控中心开展“无烟佳节 与爱同行”控烟宣传活动,微头条,柏胜康,2024-01-31 20:38:50,http://www.toutiao.com/w/i7330234682761970470/,未知,控烟,正面,未知
202401018866,英国首相走进校园，宣传限制电子烟政策,title: 英国首相走进校园，宣传限制电子烟政策 summary: 英国首相走进校园，宣传限制电子烟政策#英国[话题]##电子烟[话题]##英国首相[话题]##青少年吸烟[话题]##控烟[话题]##电子烟是如何假装无害的[话题]#。 content: #英国[话题]# #电子烟[话题]# #英国首相[话题]# #青少年吸烟[话题]# #控烟[话题]# #电子烟是如何假装无害的[话题]#,小红书,李尔王移民说,2024-01-31 20:33:00,http://www.xiaohongshu.com/discovery/item/65ba3e2a000000000a031bfe,未知,控烟,中性,未知
202401018893,中国抗癌协会出品的“世界无烟日”主题视频荣获国家卫健委2023年新时代健康科普作品征集大赛视频类优…,"title: 中国抗癌协会出品的“世界无烟日”主题视频荣获国家卫健委2023年新时代健康科普作品征集大赛视频类优… summary: 中国抗癌协会出品的世界无烟日主题视频荣获国家卫健委2023年新时代健康科普作品征集大赛视频类优。世界无烟日主题视频，从全国多家单位投稿的视频科普作品中脱颖而出，荣获视频类优秀作品！健康科普作品征集大赛视频类优秀作品》&lt;/p&lt;p&lt;a href=""http://mp.weixin.qq.com/s? content: &lt;p中国抗癌协会、中国控制吸烟协会联合出品的“无烟，为成长护航，无烟，为健康护航！”世界无烟日主题视频，从全国多家单位投稿的视频科普作品中脱颖而出，荣获视频类优秀作品！&lt;/p&lt;p云南省肿瘤医院投稿的【拒绝“结节焦虑”】荣获音频类优秀作品！云南省肿瘤医院投稿的其他六篇肿瘤防治科普系列视频均获入围作品奖！&lt;/p&lt;p2023年5月31日是世界卫生组织发起的第36个世界无烟日，今年的主题是“无烟，为成长护航”。&lt;/p""&lt;p烟草几乎可以损害人体的所有器官，卷烟点燃时会产生极高温度(900℃)，这时产生的烟草烟雾中含有7000多种化学物质，其中已发现数百种成分对人体有害，明确有69种物质具有致癌性。&lt;/p&lt;p为提高广大人民群众对烟草危害的认知水平，引导公众自觉控烟，世界无烟日期间，中国抗癌协会联合中国控制吸烟协会等有关社会团体和主流媒体，将以线上科普讲座、各疾病领域权威专家线上直播、专家访谈、联合社会公众人物录制世界无烟日寄语等多种形式开展控烟宣传，提升社会各界对烟草与成长危害的关注。&lt;/p&lt;p获奖作品回顾&lt;/p&lt;p继续滑动看下一个&lt;/p&lt;p中国抗癌协会出品的“世界无烟日”主题视频荣获国家卫健委2023年新时代健康科普作品征集大赛视频类优秀作品 抗癌协会科普平台 ""无烟北京&lt;/a 轻触阅读原文 &lt;/p""&lt;p 无烟北京 赞 分享 在看 写留言 向上滑动看下一个&lt;/p&lt;p原标题：《中国抗癌协会出品的“世界无烟日”主题视频荣获国家卫健委2023年新时代健康科普作品征集大赛视频类优秀作品》&lt;/p&lt;p""阅读原文&lt;/a&lt;/p",澎湃号,无烟北京,2024-01-31 18:09:00,http://www.thepaper.cn/newsDetail_forward_26212301,未知,控烟,正面,未知
202401018910,新春走基层丨写对联，送祝福，传控烟，花园社区戒烟宣传有新花样！,"title: 新春走基层丨写对联，送祝福，传控烟，花园社区戒烟宣传有新花样！ summary: 新春走基层丨写对联，送祝福，传控烟，花园社区戒烟宣传有新花样！为倡导无烟过年，进一步提高居民对烟草危害的认识，引导广大市民践行文明健康绿色环保的生活方式，近日，富兴街街道花园社区联合贺兰工作站书法家开展了以无烟佳节与爱同行为主题的无烟佳节写春联活动。 content: 为倡导无烟过年，进一步提高居民对烟草危害的认识，引导广大市民践行文明健康绿色环保的生活方式，近日，富兴街街道花园社区联合贺兰工作站书法家开展了以“无烟佳节 与爱同行”为主题的无烟佳节写春联活动。""铺纸、蘸墨、落笔……活动现场，在老师的指导下居民们妙笔生花、泼墨挥毫，将自己心中对于吸烟危害、二手烟危害、鼓励家人戒烟、争做无烟下一代、室内全面禁烟、室外不吸烟等健康理念融入手中的毛笔。“岁去年来增喜庆，戒烟限酒保健康”“茗茶无价敬来宾，香烟有害莫待客”“辞旧岁戒烟限酒，迎新春健康长寿”……一幅幅充满喜庆、蕴含浓浓年味的春联跃然纸上，寄托了大家对健康生活的期待、对新年的喜悦与祝福。""“吸烟对人体健康尤其是对青少年的危害重大，要用实际行动带动身边的家人朋友远离香烟，为营造健康、无烟的社区环境出一份力。”居民毛宁说道。“今天通过写对联的方式拒绝烟草和促进健康的生活，回去后我也会督促身边的亲朋好友、爸爸、爷爷，让他们少抽烟，早戒烟，促进健康的生活。”杨轶铭小朋友说道。""通过向居民发放控烟春联、宣传烟草危害、无烟佳节倡议书等方式，向居民群众宣传健康知识及控烟知识，引导大家主动做“无烟佳节”的宣传者和倡导者，形成人人知晓、人人参与控烟的氛围。",头条号,贺兰县融媒体中心,2024-01-31 17:40:41,http://www.toutiao.com/w/i7329785244851159563/,未知,控烟、戒烟,中性,未知
202401018914,莒南县疾控中心开展“无烟佳节 与爱同行”进社区活动,"title: 莒南县疾控中心开展“无烟佳节 与爱同行”进社区活动 summary: 为引导群众践行文明健康绿色环保生活方式，共同营造健康无烟环境，1月25日-29日，莒南县疾控中心走进隆山社区、华泉社区、富民社区、金泰社区、临海社区开展无烟佳节与爱同行系列宣传活动。 content: 鲁网1月31日讯 为引导群众践行文明健康绿色环保生活方式，共同营造健康无烟环境，1月25日-29日，莒南县疾控中心走进隆山社区、华泉社区、富民社区、金泰社区、临海社区开展“无烟佳节 与爱同行”系列宣传活动。&lt;img img_width=""550"" img_height=""412"" class=""content-image"" data-src=""r/h2ojJAPR4iF07g/Pz9W8BtPsOZN1xBjR51Pm15agHh2o8of3ePoVMXJmBMn/amQv61EdX2FoAaaa/7uyNCvE+6avxOkGWw5vO9SarCtmc="" width=""550"" height=""412"" /活动开展以控烟知识讲座、健康义诊、写对联、捡烟头、赶大集等形式进行，向社区居民讲解烟草烟雾的主要成分、吸烟的危害，分享戒烟方法、技巧等，提升居民戒烟意愿，引导居民养成健康的生活方式和生活习惯，为有戒烟意愿的群众提供免费戒烟咨询，提高戒烟成功率，实现居民戒烟服务“零”距离，推进无烟家庭建设。活动发放了以“无烟佳节 与爱同行”为主题的控烟对联、福字等健康礼包3000余份，受益群众500余人。通过系列宣传活动，不仅提高了社区居民的控烟意识，也让居民认识到戒烟的重要性。大家纷纷表示会积极加入到控烟行动中，助力清洁环保的无烟社区建设，为营造“迎新春”无烟氛围贡献自己的一份力量。（本网记者）来源：:57 鲁网发布于：山西省",搜狐号,当地生活小能手,2024-01-31 17:27:00,http://m.sohu.com/a/755501724_121117079,未知,控烟、戒烟,正面,未知
202401018919,烟酒的快乐你不懂之——抽烟,"title: 烟酒的快乐你不懂之——抽烟 summary: 首先，抽烟是不对的，我们这里提倡禁烟，反对抽烟。社会上控烟宣传力度日浓，吸烟的危害不胜枚举且确确实实。作为不论剂量谈危害都是耍流氓的忠实拥趸烟民，我心虚无力的总结了一下吸烟的快乐。这里不是诲淫诲盗，为吸烟有害翻案，仅仅是胡乱说说，图一乐！ content: 首先，抽烟是不对的，我们这里提倡禁烟，反对抽烟。社会上控烟宣传力度日浓，吸烟的危害不胜枚举且确确实实。作为“不论剂量谈危害都是耍流氓”的忠实拥趸烟民，我心虚无力的总结了一下吸烟的快乐。这里不是诲淫诲盗，为吸烟有害翻案，仅仅是胡乱说说，图一乐！政府一方面宣传控烟，又一方面悄悄提高烟价，烟草收入屡创新高。前些年，烟草宣布为了控烟的需要售价普遍提高10%。真是个无耻理由，10%简直是慢刀子割肉，要控烟不是应该把售价普遍提高500%吗？要让普通百姓买不起，让那些有钱又不怕死还有医疗保障的成功人士才能继续享受这种奢侈又危险的爱好才对啊，对普通百姓下手算什么本事？母亲曾经说过：没见过一口气抽烟抽死的，因为一顿酒喝死的却很多。抽烟是最容易提供直接感官体验分享的社交方式，能够快速拉近陌生人的生疏感和隔离感，如果加上一场满意的酒局那是更好了。记得父亲说过，我爷爷在父亲十四五岁的时候就鼓励他抽烟，大概的意思就是不会抽烟就不会跟人打交道，以后也混不好，我国相当长的一段时间由于物质力低下和认识的不足，对烟酒是毫不抵制的。抽烟既有感官体验又有心理体验，是一种低价的即时自我满足和奖赏机制。抽烟可以说是全感官的体验，全程手、嘴、鼻、眼、耳等器官参与，味觉、嗅觉、视觉多重享受，而且操作方便，伸手便来。其他如酒精、茶叶等爱好的应用场景就有诸多限制了，见到陌生或是熟悉的朋友总不能在工作场所或是大庭广众之下从口袋里拿出一瓶酒一碟菜、一杯茶直接开炫吧！香烟是一群人的共享乐趣，也是一个人时的情绪伴侣和孤独抚慰剂。有人说抽烟能够减肥，这我是不信的，抽烟胖子大有人在，但是戒烟后复吸马上长胖却是的的确确。网上说中国烟草不但是中国最盈利的公司，甚至是宇宙最盈利的公司。第一年春晚马季老师演绎的《宇宙牌香烟》真的是有先见之明，据说香烟的税利贡献可以解决每年的军事和教育支出，当然这个观点我未曾考证。网上另一个段子：看到福建舰下水，我立马扔掉手头上8块钱的红双喜，掉头跑到楼下的超市买了两包25的芙蓉王，这就是一个中国烟民的担当和骄傲！抗疲劳，抗抑郁。可能有些朋友会有这样的感觉：心情不好时，点上一根烟好像世界安静了下来，注意力被转移了意识好像分散了许多，心情变得平静了，苦痛郁闷的感觉好像也减小了许多。对烟钟情一生的艺术家、文学家璨若群星，他们在虚无缥缈的青烟中激发出灵感，创作出了一件件艺术珍品和传世之作。民国时期闻一多上课的时候摆上一包烟，不但自己抽，还请学生抽，却是一件趣事。而我们语文课本里面最著名的人物之一，鲁迅先生。大家对他的印象是不是一身黑色长衫，平头，浓黑的一字胡，满脸的忧国忧民。当然少不了的是手上刁一根点燃的香烟。""马克·吐温说：差不多所有的作家都是“瘾君子”，《老人与海》的海明威也是嘴不离烟斗。二战时期的三大巨头：罗斯福、斯大林和丘吉尔都是香烟爱好者。大家可能对罗斯福抽烟没什么画面感，对丘吉尔、斯大林叼着烟斗的画面应该都是很熟悉的。""""""我们的伟人，在我的儿时的记忆中墙上的毛泽东同志总是笑盈盈的叼着香烟被拥护他的人民群众围在一起。""小平同志甚至在会见外宾的时候申请抽烟。""最近网上有个上哲学课的教授王德峰，讲课时总是要点上一根香烟，然后整个人就弥漫在一阵烟雾缭绕当中，深沉又深刻地把大家带进哲学世界。下面说说我身边的有趣烟民。最早有深刻印象的是我小学的一位数学老师，那时候他还很年轻，二十郎当岁。个不高，五官清秀，不严肃的时候笑容挺阳光的，给我少年时期增加了些许生机盎然的感受。那时的我成绩不错，作为重点培养对象，有时他会让我去他宿舍给我开小灶训练奥数。那时的教育还比较纯粹，辅导是不要钱的，不像现在。下午时分，他总是很习惯在额头或是太阳穴处抹点风油精，散发出熟悉的清香，然后点上一根烟，阳光透过窗户打在他的上半身，眼睛半眯着，淡淡的烟雾在周边弥散开来，脸盘在阳光的映照下显得有点灿烂，像是话剧里灯光打在主演的脸上一般，很有画面感。他用一种坚定又缓慢的语气对我辅导，我忘了我得到什么知识，但是我一直都记得那张画面，也至今心怀感激。还有一位初中时操一口浓重莆田腔的语文老师。我对他的印象也是颇为深刻，那时约五十来岁，干瘦且高、略有点驼背，边分头，黑框眼镜，脸颊瘦得有明显的内凹，显得很严肃，我们都很敬怕他。手指瘦长食指和中指的前两个关节因为夹香烟的原因已经熏成老腊肉的那种深褐色，只要离他稍近便会有一股很明显的烟草味。对比上面的哲学教授，我的这位语文老师却显得很有职业操守，烟瘾那么大的人，我从来没有见他在教室里面抽烟。正常的操作是：上课前一两分钟，在教室门口点上一根烟，猛吸。你可以看到那点上的烟一闪一闪的，香烟的长度就像打游戏里面掉血条似的明显可见。他整个脑袋就笼罩在一股若白若青的烟雾当中，眼镜片仿佛蒙了一层雾，眼神看上去既迷离又享受。参加工作后碰到一个姓刘的监理，此君抽烟也颇有特点。别人递来的烟他来者不拒，从来没有刚抽完一根要缓一缓的情况，但是我接触他一年多了，没有一次，对，绝对没有一次他会主动发烟给别人，不知道是职业习惯呢还是因为作为深度烟民的他害怕发烟给别人容易造成自己意外断烟的情况。一次开小会，我坐他旁边，偷偷观察他吸烟。整场会议见他只用过一次打火机。会议结束的时候那包新拆的硬红狼香烟只剩两根了，全过程都是烟对烟的续上。几乎每根烟都以三到四口的频率吸完，惊得我直瞪眼。当然，也有些二逼少年自以为抽烟可以显示叛逆和成熟。至今都还记得，我读小学六年级的时候因为经不住班上的坏小子诱惑跟着偷抽了一根烟，被班上女生告状到班主任那里，被班主任足足收拾了一节课的场景。你能想象，六个中二少年齐刷刷一排站在讲台桌前，班主任每人发一根白色的粉笔，要求大家做抽烟状。这种场景，我想没几个人经历过。你知道吗？粉笔是极度干燥吸水的，入嘴马上将嘴巴里的口水吸干，然后断掉一节。断完一根粉笔后，整个喉咙干得要冒烟，明显感觉有一层石灰状的东西吸附在咽喉处，吞不下吐不出，难受得直干呕。班主任并没有放过大家，抽完一根马上就给你续上，记得我应该是抽了7根粉笔才结束这场闹剧，整节课班上弥漫着其他小孩的欢乐。当时的窘迫和愤懑已经渐渐消逝，但同学们的嬉笑声至今还会时时会飘荡在我的耳旁。""我的记忆中始终有个90年代初中时一个阳光灿烂的午后，四个躲在臭气熏天苍蝇飞舞的厕所里抽烟的小混子，被老师从厕所里揪着耳朵拖出来，排好队轮着呼耳光的情景。当时的心情是开心和庆幸的，幸亏抓住的不是我，开心的是这些二逼我早就看他们不爽了。现在想起来也还是很快乐的，现在的快乐不是庆幸而是怀念，怀念那有趣的年代和青春的我们。",头条号,对酒当歌有几回,2024-01-31 17:21:39,http://www.toutiao.com/w/i7330187196269707810/,未知,控烟、戒烟,正面,未知
202401018929,陵城区疾控中心开展 “无烟佳节 与爱同行”系列宣传活动,"title: 陵城区疾控中心开展 “无烟佳节 与爱同行”系列宣传活动 summary: 春节来临之际，为提高居民对烟草危害的认识，引导公众践行文明健康的生活方式，营造春节无烟氛围，共度无烟健康佳节。陵城区疾控中心工作人员于1月18日-27日开展无烟佳节与爱同行系列宣传活动。 content: 陵城融媒1月30日讯 春节来临之际，为提高居民对烟草危害的认识，引导公众践行文明健康的生活方式，营造春节无烟氛围，共度无烟健康佳节。陵城区疾控中心工作人员于1月18日-27日开展“无烟佳节 与爱同行”系列宣传活动。走进学校。为普及烟草对健康的危害，1月18-20日陵城区疾控中心工作人员走进第五中学、第三中学、职业中专，开展 “不敬烟、不吸烟、与爱同行共度无烟佳节”宣传活动。现场通过视频、控烟知识宣讲，让学生充分认识烟草烟雾和电子烟危害等控烟核心知识，帮助青少年树立“拒吸第一支烟，做无烟新一代”的理念。通过“小手牵大手”形成以学生带动家长的浓厚氛围，为每一位孩子营造一个清新、健康的学习和生活环境。""老年大学。为进一步推动控烟工作开展，1月29日疾控中心工作人员走进老年大学开展“无烟佳节 与爱同行”健健康康过大年宣传活动。通过宣传标语、宣传栏、海报、视频等喜闻乐见的方式，大力弘扬无烟健康过节文化，倡导过节不吸烟、不敬烟、不送烟，“对二手烟说不”，共度无烟健康佳节。""深入社区。1月27日疾控中心工作人员深入社区开展“无烟佳节 与爱同行”健健康康过大年宣传活动。活动中，围绕我国烟民数量、吸烟现状、烟民低龄化发展趋势以及二手烟对人体的危害等方面向居民朋友们进行了详细讲解；鲜明的主题、活泼的形式和丰富的内容让居民们了解了控烟知识，意识到吸烟不仅是对环境的破坏，还是对身边人的一种伤害，使他们懂得吸烟的害处并主动规劝亲人戒烟、禁烟，共同营造良好的无烟环境。""赶大集。为打造无烟佳节的良好氛围，1月24日疾控中心工作人员走进同乐市场开展“无烟佳节 与爱同行”健健康康过大年宣传活动。活动现场，工作人员发放控烟福字、控烟海报、红包及控烟宣传手册等，向大家讲解吸烟对健康的危害、分享戒烟的方法和技巧等，倡导春节期间在家里不抽烟、亲友相互不送烟、不收烟等，共同营造良好的无烟佳节氛围。""通过此次活动，提高了辖区居民控烟的意识，大家认识到吸烟对人体的危害，纷纷表示都要参加到控烟活动中来，从身边的小事做起，为创建无烟环境贡献自己的力量。通讯员：卞兵兵编 辑：赵 波审 核：刘 超终 审：潘 峰",头条号,陵城融媒,2024-01-31 17:08:21,http://www.toutiao.com/w/i7330179802915422761/,未知,控烟、戒烟,正面,未知
202401018933,"全国无烟日,无烟控烟宣传,支持","title: 全国无烟日,无烟控烟宣传,支持 summary: 全国无烟日,无烟控烟宣传,支持 content: 全国无烟日,无烟控烟宣传,支持",网易号,我是小火,2024-01-31 16:41:14,未知,未知,控烟,中性,未知
202401018937,想戒烟的烟民们有福啦！国产戒烟药成功上市,"title: 想戒烟的烟民们有福啦！国产戒烟药成功上市 summary: 想戒烟的烟民们有福啦！国产戒烟药成功上市近日，威智医药成功研发的酒石酸伐尼克兰片获得上市批准，为控制烟草危害、帮助戒烟者取得了重大突破。让我们共同期待，戒烟药的上市将为全球范围内的戒烟事业贡献更多的力量，为建设一个无烟的美好世界而努力！ content: 近日，威智医药成功研发的酒石酸伐尼克兰片获得上市批准，为控制烟草危害、帮助戒烟者取得了重大突破。这一消息令人振奋，我们对于控制全球烟草使用率而言迈出了重要的一步。""据新华网报道，世界卫生组织预计到2025年，全球吸烟人口将下降至12亿。而国产戒烟药的成功上市，将进一步提高控烟率，降低烟草使用率。这是一个积极的信号，也是对广大烟民和准备戒烟的人们的鼓舞。""戒烟从来都不是一件容易的事情，很多人都曾多次尝试过但最终未能成功。而现在，有了国产戒烟药的成功上市，我们看到了希望。这款酒石酸伐尼克兰片作为戒烟辅助药物，在戒烟过程中发挥着重要作用。它通过调整人体内尼古丁的代谢，减轻戒烟时的痛苦和不适感，帮助人们更好地戒掉香烟的依赖。然而，仅有戒烟药并不足以保证成功戒烟。戒烟是一个长期而持久的过程，需要坚强的意志力和正确的戒烟方法。在戒烟的同时，我们也应该注重心理调节和生活方式的改变。例如，增加运动量、培养健康的饮食习惯、寻求社会支持等，这些都有助于戒烟的成功。""国产戒烟药上市的好消息给了广大烟民和戒烟者们更多的选择和希望。对于那些一直想戒烟但一直没有找到合适方法的人们来说，这无疑是一个重要的突破。现在，他们可以尝试使用这款国产戒烟药，借助科学的辅助手段和医药技术，让戒烟道路更为顺畅。同时，我们也呼吁社会各界共同致力于倡导无烟环境，提高公众对烟草危害的认识和重视。除了个人努力戒烟外，我们更应该加强全社会的控烟宣传和教育，为吸烟者提供必要的帮助和支持。""国产戒烟药成功上市是一项重大的医药成就，它为控制烟草危害、改善公众健康起到了积极的推动作用。希望随着时间的推移，越来越多的人能够从烟草的束缚中解脱出来，拥有一个健康的生活方式。让我们共同期待，戒烟药的上市将为全球范围内的戒烟事业贡献更多的力量，为建设一个无烟的美好世界而努力！",头条号,随性自由的小羊,2024-01-31 16:30:48,http://www.toutiao.com/w/i7330174885534335542/,未知,戒烟、控烟,正面,未知
202401018941,牙齿上的烟渍发黑发臭？这些方法千万不要错过，烟渍几天就掉！,"title: 牙齿上的烟渍发黑发臭？这些方法千万不要错过，烟渍几天就掉！ summary: 牙齿上的烟渍发黑发臭？吸烟不仅损害身心健康，而且损害牙齿，长时间吸烟不仅使我的牙齿变黄变黑形成烟渍，散发着一股烟臭味，这对我日常的生活交际和工作都造成了不小的影响，于是就才开始想办法解决。 content: 吸烟不仅损害身心健康，而且损害牙齿，长时间吸烟不仅使我的牙齿变黄变黑形成烟渍，散发着一股烟臭味，这对我日常的生活交际和工作都造成了不小的影响，于是就才开始想办法解决。""当时正好身边有个朋友在短时间内清除了烟渍，我就发微信问了他一些去渍方法，坚持了一段时间后，牙齿才恢复洁白！具体方法我接下来就分享出来，大家抓紧学起来吧！一、超声波洁牙这种方式最快速且最有效，工作原理就是利用超声波的高频震荡去除附着于牙齿上的牙结石以及牙齿表面的菌斑，但是，洗牙并不会一劳永逸，如果洗牙后继续抽烟的话，烟渍还是会再次附着，且增长速度还会比之前加快，个人建议的话是8到10个月就要进行一次洗牙。""二、用牙粉美白相比较于牙膏，牙粉是粉状的，和牙齿的摩擦力较大，所以清理牙渍、牙菌斑、牙黄、牙石等方面效果较好。我强烈建议大家使用“素贝集牙粉”，它里面主要含有碳酸钙，能够充分溶解牙齿表面的渍状物，同时还包括了珍珠粉，为牙齿美白起到了更好的效果。除此之外还添加的薄荷提取物和绿茶提取物，能很大程度地清新口气。""我记得刚用一个多月就发现牙齿上的烟渍淡了一些，口气也清新了不少；第二盒用到一半的时候，牙齿内侧和牙缝里黑黑的烟渍就被清除的七七八八了!为了一次性将牙齿刷干净，之后我又坚持了一段时间，不到两个月，牙齿的颜色就亮白了好几个度！虽说这个使用周期比较长，但也能理解，毕竟牙结石不是一两天就长成的，要去除还是需要你一定时间的！""三、预防烟渍牙1、戒烟是预防烟渍牙最直接方法的方法，但大部分人很难做到，那就合理的控烟吧！2、注意日常口腔清洁，平时早晚认真刷牙，吃完东西及时使用牙线和漱口水，彻底清除牙齿上的食物残渣和牙菌斑。""方法就是这些了，有烟渍的朋友就赶紧实践吧，争取早日拥有健康的大白牙！",头条号,捂风挽笑yiyi,2024-01-31 15:57:11,http://www.toutiao.com/w/i7330167934712955419/,未知,戒烟、控烟,中性,未知
202401018946,2024春节乡村文化旅游节▏无烟佳节 与爱同行”,"title: 2024春节乡村文化旅游节▏无烟佳节 与爱同行” summary: 在2024年春节来临之际，为深入贯彻落实中共中央办公厅国务院办公厅《关于领导干部带头在公共场所禁烟有关事项的通知》和国务院《关于实施健康中国行动的意见》要求，进一步推动控烟工作开展，引导群众践行文明健康绿色环保生活方式，助力健康沂源建设，营造春节无烟氛围。 content: 沂源融媒讯：在2024年春节来临之际，为深入贯彻落实中共中央办公厅国务院办公厅《关于领导干部带头在公共场所禁烟有关事项的通知》和国务院《关于实施健康中国行动的意见》要求，进一步推动控烟工作开展，引导群众践行文明健康绿色环保生活方式，助力健康沂源建设，营造春节无烟氛围，倡导“送烟=送危害”理念。1月30日沂源县疾病预防控制中心、县人民医院联合荆山社区积极开展“无烟佳节 与爱同行”主题控烟宣传活动。""本次宣传活动以“无烟佳节 与爱同行”为主题，采取电子屏滚动播放宣传标语、悬挂横幅、摆放展板、发放健康图册、控烟知识宣传单、无烟红包、控烟“福“字、和控烟口罩等群众喜闻乐见的方式，向广大群众传递环保理念和健康生活方式，倡导过节不吸烟、不敬烟、不送烟，“送烟=送危害”等理念，共度无烟健康佳节。""活动现场，疾控中心健康科普专家和县医院呼吸科专家为社区居民免费测量血压和心肺听诊，并对居民关心的肺部疾病防治问题进行了耐心解答。详尽的科普和细致专业的解答，得到了社区市民的一致好评。""此次活动共悬挂横幅2条，摆放展板4块，发放健康知识宣传单600余份、控烟知识宣传单300余份、控烟“福“字280余张、无烟红包和控烟口罩400余个，开展健康咨询70余人次。""本次宣传活动，提高了广大群众对吸烟危害的认识，营造了清新、舒适的健康无烟佳节环境，保障了人民群众身体健康，让群众过上一个祥和的春节。唐新玲 吴玫芝沂源县疾病预防控制中心2024年1月30日沂源县融媒体中心出品",头条号,掌上沂源,2024-01-31 15:32:05,http://www.toutiao.com/w/i7330161909083537959/,未知,控烟,中性,未知
202401018954,控烟又不是禁烟，语文没学好吗,title: 控烟又不是禁烟，语文没学好吗 summary: 控烟又不是禁烟，语文没学好吗 content: 控烟又不是禁烟，语文没学好吗,微头条,成功的背后有小三,2024-01-31 15:07:53,未知,未知,控烟,中性,未知
202401018958,环保协同控烟：创新实践及成效之公益诉讼篇,"title: 环保协同控烟：创新实践及成效之公益诉讼篇 summary: 环保协同控烟：创新实践及成效之公益诉讼篇据世界卫生组织编辑：Pierre#生物多样性[话题]##环境保护[话题]##禁烟[话题]##禁止吸烟[话题]##公益[话题]##创新实践[话题]##公益诉讼[话题]##控烟[话题]##环境[话题]#。#生态文明[话题]##生态文明建设[话题]#. content: 据世界卫生组织（WHO)统计，目前全球约有13亿吸烟者，其中中国吸烟人数占世界总吸烟人数的近30%，超3.5亿,排名第一。且每年直接死于吸烟引发疾病的人口高达500万人，每年相应的死亡人口约100万人，可以说，吸烟对环境及其自身健康威胁极大。 让我们看一下中国绿发会关于环保协同控烟的创新实践及成效之公益诉讼篇吧！ 编辑：Pierre #生物多样性[话题]# #环境保护[话题]# #禁烟[话题]# #禁止吸烟[话题]# #公益[话题]# #创新实践[话题]# #公益诉讼[话题]# #控烟[话题]# #环境[话题]# #生态文明[话题]# #生态文明建设[话题]#",小红书,中国绿发会,2024-01-31 14:53:00,http://www.xiaohongshu.com/discovery/item/65b9ee78000000002d002980,未知,控烟,正面,未知
202401018966,准爸爸日记之抽烟的环境,title: 准爸爸日记之抽烟的环境 summary: 准爸爸日记之抽烟的环境2024年1月28日星期日昨晚和朋友们一起去一家小有名气但就餐环境简陋的衢州菜馆吃饭。中国的公共场所禁烟管理都那么多年了，在很多地方尤其机场、车站、商场效果都不错，但对于普通的餐饮店却收效甚微，很多店家对于这种行为也是听之任之。不得不说公共场所控烟禁烟之路任重道远。 content: 2024年1月28日星期日 昨晚和朋友们一起去一家小有名气但就餐环境简陋的衢州菜馆吃饭。虽然抽烟的人一如既往地多，但是因为老婆怀孕了，所以对室内抽烟地敏感度就提高了。期间隔壁桌有人抽烟，我们通知服务员提醒，那桌客人虽然嘴巴说“好的、好的”，但过了一会仍然又重新点了一根烟，全然不顾墙上贴的禁烟标志。而服务员消极的作为的态度使得我们不得不行使公民举报投诉的权利。 中国的公共场所禁烟管理都那么多年了，在很多地方尤其机场、车站、商场效果都不错，但对于普通的餐饮店却收效甚微，很多店家对于这种行为也是听之任之。不得不说公共场所控烟禁烟之路任重道远。,小红书,每天爱老婆多一点,2024-01-31 14:27:00,http://www.xiaohongshu.com/discovery/item/65b9e85e000000002c011f65,未知,控烟,中性,未知
202401018974,#卷烟涨价会让全民戒烟吗#，卷烟涨价可能会在一定程度上对控烟有所帮助，但要实现全民戒烟的目标，还需要综合运用经济、心理、社会与文化等多种手段，并配合有效的政策执行。控烟是一个长期且复杂的过程，#号召全民戒烟# #戒烟是你的谎言# #你考虑过戒烟吗# #戒烟真的难吗？# #探讨戒烟之艰辛# #资深烟民见解# #香烟的危害# #你准备戒烟了吗#,title: #卷烟涨价会让全民戒烟吗#，卷烟涨价可能会在一定程度上对控烟有所帮助，但要实现全民戒烟的目标，还需要综合运用经济、心理、社会与文化等多种手段，并配合有效的政策执行。控烟是一个长期且复杂的过程，#号召全民戒烟# #戒烟是你的谎言# #你考虑过戒烟吗# #戒烟真的难吗？# #探讨戒烟之艰辛# #资深烟民见解# #香烟的危害# #你准备戒烟了吗# summary: #卷烟涨价会让全民戒烟吗#，卷烟涨价可能会在一定程度上对控烟有所帮助，但要实现全民戒烟的目标，还需要综合运用经济、心理、社会与文化等多种手段，并配合有效的政策执行。##探讨戒烟之艰辛##资深烟民见解##香烟的危害##你准备戒烟了吗#. content: #卷烟涨价会让全民戒烟吗#，卷烟涨价可能会在一定程度上对控烟有所帮助，但要实现全民戒烟的目标，还需要综合运用经济、心理、社会与文化等多种手段，并配合有效的政策执行。控烟是一个长期且复杂的过程，#号召全民戒烟# #戒烟是你的谎言# #你考虑过戒烟吗# #戒烟真的难吗？# #探讨戒烟之艰辛# #资深烟民见解# #香烟的危害# #你准备戒烟了吗#,微头条,进取静8341,2024-01-31 14:17:58,http://www.toutiao.com/w/i1789585657558028/,未知,戒烟、控烟,正面,未知
202401018978,【大美岳程】岳程街道开展“无烟佳节 与爱同行”宣传活动,"title: 【大美岳程】岳程街道开展“无烟佳节 与爱同行”宣传活动 summary: 岳程街道开展无烟佳节与爱同行宣传活动新春佳节来临之际，为提高辖区居民控烟禁烟意识，共同营造健康、清洁、无烟的居住环境。 content: 新春佳节来临之际，为提高辖区居民控烟禁烟意识，共同营造健康、清洁、无烟的居住环境。近日，岳程街道开展“无烟佳节、与爱同行”系列宣传活动。“远离烟草，从我做起”。街道机关内部开展“无烟佳节 与爱同行”主题宣传活动，街道主要领导带头在“无烟佳节 与爱同行”签名墙上签名承诺，机关干部职工踊跃参与；街道社区卫生服务中心医生通过现场发放宣传资料、电子屏播放烟草危害知识、开展戒烟咨询服务等形式，倡导机关干部能自觉抵制烟草，增强参与禁烟的社会责任感，稳固“无烟机关”创建成果。""街道党工委书记刘自坤签名承诺""街道党工委副书记、办事处主任程子奇签名承诺""无烟校园，健康“童”行。活动开展以来，街道爱卫办结合中心校走进辖区7所小学，面向4000余名小学生，利用假期前的时间开展控烟健康教育。通过观看、讲解控烟课件，让同学们了解吸烟和被动吸烟的危害，树立“拒吸第一支烟，做无烟新一代”的理念。鼓励孩子们成为学校、家庭控烟监督员，促进无烟学校、无烟家庭建设。通过“小手牵大手”活动，引导家长不吸烟，主动戒烟，为孩子们健康成长作表率。""全民参与，共度佳节。为进一步提升控烟、戒烟的社会氛围，岳程街道各社区向群众发放“无烟佳节与爱同行”倡议宣传彩页2000余份，同时利用社区广播、微信群等发布控烟知识，宣传烟草危害知识和无烟健康过佳节文化，结合双节爱卫活动，引导群众养成良好的生活方式，健康祥和迎新春。""此次活动的开展，增强了辖区居民的控烟、戒烟意识，让践行文明健康绿色环保生活方式的理念深入人心，促使更多的居民积极参与到控烟、戒烟和营造“双节”无烟氛围的行动中来，自觉成为健康生活方式的宣传者、践行者。",头条号,大美岳程,2024-01-31 14:13:51,http://www.toutiao.com/w/i7330140149814608421/,未知,控烟、戒烟,正面,未知
202401018986,"烟草行业的发展趋势受到多种因素的影响，包括政策环境、市场需求、科技发展等等。以下是一些可能的发展趋势：
1. 控烟政策趋严：随着人们对吸烟危害的认识加深，政府对烟草行业的管控也将会更加严格。这可能包括提高烟草税、限制烟草广告、加强烟草制品的监管等等。
2. 市场竞争加剧：随着烟草市场的逐步开放，国内外的烟草企业将面临更加激烈的市场竞争。为了保持市场份额和品牌影响力，烟草企业需要加大营销投入，提高产品质量和服务水平。
3. 科技含量提高：随着科技的发展，烟草行业的产品和生产技术将不断更新换代。未来烟草行业的发展将更加依赖于科技创新，如电子烟、智能烟草等新型烟草产品的研发和应用。
4. 健康理念增强：随着消费者健康意识的提高，对烟草制品的需求可能会逐渐减少。烟草企业需要关注消费者的健康需求，加强产品的安全性评估和质量控制，推出更加健康的产品。
5. 国际合作加强：随着全球化的加速和国际贸易的不断发展，烟草企业需要加强国际合作，开拓国际市场，提高品牌在国际市场的影响力。
总之，未来烟草行业的发展将受到多种因素的影响，烟草企业需要加强自身实力，积极应对市场变化，以保持市场竞争力和可持续发展能力。",title: 烟草行业的发展趋势受到多种因素的影响，包括政策环境、市场需求、科技发展等等。以下是一些可能的发展趋势： 1. 控烟政策趋严：随着人们对吸烟危害的认识加深，政府对烟草行业的管控也将会更加严格。这可能包括提高烟草税、限制烟草广告、加强烟草制品的监管等等。 2. 市场竞争加剧：随着烟草市场的逐步开放，国内外的烟草企业将面临更加激烈的市场竞争。为了保持市场份额和品牌影响力，烟草企业需要加大营销投入，提高产品质量和服务水平。 3. 科技含量提高：随着科技的发展，烟草行业的产品和生产技术将不断更新换代。未来烟草行业的发展将更加依赖于科技创新，如电子烟、智能烟草等新型烟草产品的研发和应用。 4. 健康理念增强：随着消费者健康意识的提高，对烟草制品的需求可能会逐渐减少。烟草企业需要关注消费者的健康需求，加强产品的安全性评估和质量控制，推出更加健康的产品。 5. 国际合作加强：随着全球化的加速和国际贸易的不断发展，烟草企业需要加强国际合作，开拓国际市场，提高品牌在国际市场的影响力。 总之，未来烟草行业的发展将受到多种因素的影响，烟草企业需要加强自身实力，积极应对市场变化，以保持市场竞争力和可持续发展能力。 summary: 烟草行业的发展趋势受到多种因素的影响，包括政策环境、市场需求、科技发展等等。以下是一些可能的发展趋势。总之，未来烟草行业的发展将受到多种因素的影响，烟草企业需要加强自身实力，积极应对市场变化，以保持市场竞争力和可持续发展能力。 content: 烟草行业的发展趋势受到多种因素的影响，包括政策环境、市场需求、科技发展等等。以下是一些可能的发展趋势： 1. 控烟政策趋严：随着人们对吸烟危害的认识加深，政府对烟草行业的管控也将会更加严格。这可能包括提高烟草税、限制烟草广告、加强烟草制品的监管等等。 2. 市场竞争加剧：随着烟草市场的逐步开放，国内外的烟草企业将面临更加激烈的市场竞争。为了保持市场份额和品牌影响力，烟草企业需要加大营销投入，提高产品质量和服务水平。 3. 科技含量提高：随着科技的发展，烟草行业的产品和生产技术将不断更新换代。未来烟草行业的发展将更加依赖于科技创新，如电子烟、智能烟草等新型烟草产品的研发和应用。 4. 健康理念增强：随着消费者健康意识的提高，对烟草制品的需求可能会逐渐减少。烟草企业需要关注消费者的健康需求，加强产品的安全性评估和质量控制，推出更加健康的产品。 5. 国际合作加强：随着全球化的加速和国际贸易的不断发展，烟草企业需要加强国际合作，开拓国际市场，提高品牌在国际市场的影响力。 总之，未来烟草行业的发展将受到多种因素的影响，烟草企业需要加强自身实力，积极应对市场变化，以保持市场竞争力和可持续发展能力。,微头条,德才兼备春风dg5,2024-01-31 13:06:16,http://www.toutiao.com/w/i1789581146365952/,未知,控烟,正面,未知
202401018990,"烟草行业的发展趋势受到多种因素的影响，包括政策环境、市场需求、科技发展等等。以下是一些可能的发展趋势：

1. 控烟政策趋严：随着人们对吸烟危害的认识加深，政府对烟草行业的管控也将会更加严格。这可能包括提高烟草税、限制烟草广告、加强烟草制品的监管等等。
2. 市场竞争加剧：随着烟草市场的逐步开放，国",title: 烟草行业的发展趋势受到多种因素的影响，包括政策环境、市场需求、科技发展等等。以下是一些可能的发展趋势： 1. 控烟政策趋严：随着人们对吸烟危害的认识加深，政府对烟草行业的管控也将会更加严格。这可能包括提高烟草税、限制烟草广告、加强烟草制品的监管等等。 2. 市场竞争加剧：随着烟草市场的逐步开放，国 summary: 烟草行业的发展趋势受到多种因素的影响，包括政策环境、市场需求、科技发展等等。以下是一些可能的发展趋势。控烟政策趋严：随着人们对吸烟危害的认识加深，政府对烟草行业的管控也将会更加严格。这可能包括提高烟草税、限制烟草广告、加强烟草制品的监管等等。市场竞争加剧：随着烟草市场的逐步开放，国。 content: 烟草行业的发展趋势受到多种因素的影响，包括政策环境、市场需求、科技发展等等。以下是一些可能的发展趋势： 1. 控烟政策趋严：随着人们对吸烟危害的认识加深，政府对烟草行业的管控也将会更加严格。这可能包括提高烟草税、限制烟草广告、加强烟草制品的监管等等。 2. 市场竞争加剧：随着烟草市场的逐步开放，国,微头条,德才兼备春风dg5,2024-01-31 13:06:16,http://www.toutiao.com/w/i1789581146365952/,未知,控烟,正面,未知
202401019003,利用“控烟检查员”的特殊身份便利条件，大搞特权，说到做不到，反映出学校的用人机制存在漏洞，存在重大问题！！！,title: 利用“控烟检查员”的特殊身份便利条件，大搞特权，说到做不到，反映出学校的用人机制存在漏洞，存在重大问题！！！ summary: 利用“控烟检查员”的特殊身份便利条件，大搞特权，说到做不到，反映出学校的用人机制存在漏洞，存在重大问题！！！ content: 利用“控烟检查员”的特殊身份便利条件，大搞特权，说到做不到，反映出学校的用人机制存在漏洞，存在重大问题！！！,微头条,端庄叶子os,2024-01-31 12:34:16,未知,未知,控烟,正面,未知
202401019011,控烟劝导是工作，抽烟解压是生活。,title: 控烟劝导是工作，抽烟解压是生活。 summary: 控烟劝导是工作，抽烟解压是生活。 content: 控烟劝导是工作，抽烟解压是生活。,微头条,烟雨江南yy2,2024-01-31 11:52:50,未知,未知,控烟,中性,未知
202401019015,我是赞成控烟的。不过具体问题具体分析，如果国家真的是为了烟民能戒烟而涨价，那为什么不直接从源头下手呢？你知道中烟一年缴纳多少税收吗？就2023年而言就缴纳了1.4万亿，什么概念？比两桶油、腾讯、阿里几个加起来还要多。2023年中国的军费差不多也是这个数！你认为国家没有烟民好呢还是没有军费投入好呢？而烟草的涨价却可以实实在在地提高税收的！还有类似的行业也是如此，比如槟榔，人们都知道吃了它会产生依赖性甚至致癌，很多国家把它列为Ｄ品而禁止流通，为何我国槟榔市场依然存在甚至逐渐壮大呢？看问题不能太片面，如果一个行业的存在是弊大于利，那它早就被取缔了！,title: 我是赞成控烟的。不过具体问题具体分析，如果国家真的是为了烟民能戒烟而涨价，那为什么不直接从源头下手呢？你知道中烟一年缴纳多少税收吗？就2023年而言就缴纳了1.4万亿，什么概念？比两桶油、腾讯、阿里几个加起来还要多。2023年中国的军费差不多也是这个数！你认为国家没有烟民好呢还是没有军费投入好呢？而烟草的涨价却可以实实在在地提高税收的！还有类似的行业也是如此，比如槟榔，人们都知道吃了它会产生依赖性甚至致癌，很多国家把它列为Ｄ品而禁止流通，为何我国槟榔市场依然存在甚至逐渐壮大呢？看问题不能太片面，如果一个行业的存在是弊大于利，那它早就被取缔了！ summary: 我是赞成控烟的。不过具体问题具体分析，如果国家真的是为了烟民能戒烟而涨价，那为什么不直接从源头下手呢？你知道中烟一年缴纳多少税收吗？就2023年而言就缴纳了1.4万亿，什么概念？比两桶油、腾讯、阿里几个加起来还要多。2023年中国的军费差不多也是这个数！你认为国家没有烟民好呢还是没有军费投入好呢？而烟草的涨价却可以实实在在地提高税收的！还有类似的行业也是如此，比如槟榔，人们都知道吃了它会产生依赖性甚至致癌，很多国家把它列为Ｄ品而禁止流通，为何我国槟榔市场依然存在甚至逐渐壮大呢？看问题不能太片面，如果一个行业的存在是弊大于利，那它早就被取缔了！ content: 我是赞成控烟的。不过具体问题具体分析，如果国家真的是为了烟民能戒烟而涨价，那为什么不直接从源头下手呢？你知道中烟一年缴纳多少税收吗？就2023年而言就缴纳了1.4万亿，什么概念？比两桶油、腾讯、阿里几个加起来还要多。2023年中国的军费差不多也是这个数！你认为国家没有烟民好呢还是没有军费投入好呢？而烟草的涨价却可以实实在在地提高税收的！还有类似的行业也是如此，比如槟榔，人们都知道吃了它会产生依赖性甚至致癌，很多国家把它列为Ｄ品而禁止流通，为何我国槟榔市场依然存在甚至逐渐壮大呢？看问题不能太片面，如果一个行业的存在是弊大于利，那它早就被取缔了！,微头条,打字中灬灬,2024-01-31 11:52:49,未知,未知,控烟、戒烟,正面,未知
202401019024,城关区卫健局综合监督执法所开展公共场所专项监督,"title: 城关区卫健局综合监督执法所开展公共场所专项监督 summary: 城关区卫健局综合监督执法所开展公共场所专项监督春节假期将至，为做好节日期间公共卫生监管工作，保障节日期间辖区居民及外来游客的健康权益，营造安全舒适的公共卫生环境。近日，城关区卫健局综合监督执法所对辖区内的住宿场所、美容美发、洗浴场所、影剧院、歌舞厅、商场等人群聚集场所开展节前专项检查。 content: 春节假期将至，为做好节日期间公共卫生监管工作，保障节日期间辖区居民及外来游客的健康权益，营造安全舒适的公共卫生环境。近日，城关区卫健局综合监督执法所对辖区内的住宿场所、美容美发、洗浴场所、影剧院、歌舞厅、商场等人群聚集场所开展节前专项检查。""执法人员重点检查了公共场所是否亮证经营，从业人员是否持有有效健康体检合格证明；公共用品用具是否按规定配备清洗、消毒、保洁是否做到一客一换一消毒，相应记录是否齐全；公共场所的空气质量、微小气候、顾客用品用具、集中空调通风系统等是否进行卫生检测、公示；场所内是否建立控制吸烟管理制度，是否设置控烟劝导员等。检查后发现经营单位都能按要求规范经营，但有个别单位存在对公共用品用具消毒不规范以及通风口未按规定清洗消毒等问题，针对发现的问题，监督员现场规范指导，制作《现场笔录》，下达《卫生监督意见书》，责令相关单位立即整改。下一步，城关区卫健局综合监督执法所将持续开展节日期间的公共场所监督检查，在执法行动中坚持目标导向、问题导向，着力消除卫生健康安全隐患，全力守护市民和游客度过一个健康、平安、祥和的新春佳节。（来源：观金城）",头条号,城关发布,2024-01-31 11:14:39,http://www.toutiao.com/w/i7330095052208849419/,未知,控烟,中性,未知
202401019034,唐家湾社区开展“无烟佳节 与爱同行”宣传倡议活动,"title: 唐家湾社区开展“无烟佳节 与爱同行”宣传倡议活动 summary: 唐家湾社区开展无烟佳节与爱同行宣传倡议活动1月30日下午，窑湾街道唐家湾社区组织社区党员、居民代表开展无烟佳节与爱同行宣传倡议活动。敢于向二手烟说不，拒绝吸烟、二手烟，争当爱国卫生运动志愿者、控烟劝导员和监督员，主动劝阻他人不在禁烟场所吸烟，带动身边人文明劝导、共促健康。发布于：湖北省。 content: 1月30日下午，窑湾街道唐家湾社区组织社区党员、居民代表开展“无烟佳节 与爱同行”宣传倡议活动。&lt;img max-width=""600"" class=""content-image"" data-src=""lEVudsxXQilkQo3OKeq3U7HH6fOvo1dGVDmsQWqCrcVsinwZo0aGGKh45EViS3RztDa0fXeIESnCX1F7wkE6Rfbcs6rNG7Ss7jXeL5W8zhQ="" width=""552"" height=""414"" /活动中发出如下倡议：一、认识烟草危害。烟草危害是当今世界最严重的公共卫生问题之一。二、公共场所不吸烟。不在公共场所、室内工作场所和公共交通工具内吸烟，是以实际行动践行文明健康绿色环保生活方式的重要体现。三、坚决抵制二手烟。敢于向二手烟说“不”，拒绝吸烟、二手烟，争当爱国卫生运动志愿者、控烟劝导员和监督员，主动劝阻他人不在禁烟场所吸烟，带动身边人文明劝导、共促健康。四、当好健康第一责任人。青少年不吸第一支烟，主动远离传统烟草制品和电子烟。争做无烟家庭，自觉不吸烟、主动戒烟、劝导亲友早戒烟，共同培育“不送烟、不递烟、拒香烟”的健康文明家风。五、自觉保护环境。烟蒂是不可降解垃圾，应分类处理、不随意丢弃，人人自觉消除消防隐患、保护场所安全，人人参与卫生城市巩固和创建。让我们共同行动起来，从自己做起，从现在做起，带头远离烟草，欢度无烟佳节。（徐文娟）发布于：湖北省",搜狐号,影像岁月,2024-01-31 10:50:26,http://m.sohu.com/a/755398120_121488051,未知,控烟、戒烟,正面,未知
202401019046,六安市人民医院开展“无烟佳节 与爱同行”宣传活动,"title: 六安市人民医院开展“无烟佳节 与爱同行”宣传活动 summary: 六安市人民医院开展无烟佳节与爱同行宣传活动为进一步推动控烟工作开展，引导群众践行文明健康绿色环保生活方式，倡导无烟环境建设，营造春节无烟氛围，1月30日，市人民医院开展无烟佳节与爱同行主题宣传活动。通过此次义诊宣传活动，切实提高了广大市民群众对烟草危害的认识，为营造良好的无烟环境打下了良好的基础。 content: 为进一步推动控烟工作开展，引导群众践行文明健康绿色环保生活方式，倡导“无烟环境”建设，营造春节无烟氛围，1月30日，市人民医院开展“无烟佳节 与爱同行”主题宣传活动。活动现场悬挂横幅标语、发放资料并进行义诊。医务人员详细询问群众的病情，耐心解答群众提出的问题并积极向群众讲解了吸烟及二手烟的危害、戒烟的好处等常识，提醒市民群众不要在室内、公共场所吸烟，大力弘扬无烟健康过节文化，倡导过节不吸烟、不敬烟、不送烟，引导市民养成健康的生活方式和生活习惯。参加活动的市民徐先生说道：“吸烟的危害比我想象的还要大，之前总感觉拒绝别人递烟挺不好意思的，现在觉得很有必要。”通过此次义诊宣传活动，切实提高了广大市民群众对烟草危害的认识，为营造良好的无烟环境打下了良好的基础。""""",头条号,六安市人民医院,2024-01-31 10:27:27,http://www.toutiao.com/w/i7330082744955109939/,未知,控烟、戒烟,正面,未知
202401019050,以后戒烟改为控烟就行啦，再也不说戒了，能控制也好，至少不为难自己啦[赞][赞][赞][赞]//@g在雨中漫步：我跟你一样，戒烟23天，昨天晚上老同学叙旧，没忍住抽了4根烟，今天起来没抽烟，还是继续戒烟。,title: 以后戒烟改为控烟就行啦，再也不说戒了，能控制也好，至少不为难自己啦[赞][赞][赞][赞]//@g在雨中漫步：我跟你一样，戒烟23天，昨天晚上老同学叙旧，没忍住抽了4根烟，今天起来没抽烟，还是继续戒烟。 summary: 以后戒烟改为控烟就行啦，再也不说戒了，能控制也好，至少不为难自己啦[赞][赞][赞][赞]//@g在雨中漫步：我跟你一样，戒烟23天，昨天晚上老同学叙旧，没忍住抽了4根烟，今天起来没抽烟，还是继续戒烟。 content: 以后戒烟改为控烟就行啦，再也不说戒了，能控制也好，至少不为难自己啦[赞][赞][赞][赞]//@g在雨中漫步：我跟你一样，戒烟23天，昨天晚上老同学叙旧，没忍住抽了4根烟，今天起来没抽烟，还是继续戒烟。,微头条,豫东强哥要努力,2024-01-31 10:23:18,http://www.toutiao.com/w/7330082313583543075/,未知,戒烟、控烟,中性,未知
202401019055,中国式控烟简直是侮辱老百姓智商，专家：香烟贵了，吸烟的人就少了,title: 中国式控烟简直是侮辱老百姓智商，专家：香烟贵了，吸烟的人就少了 summary: 中国式控烟简直是侮辱老百姓智商，专家：香烟贵了，吸烟的人就少了 content: 中国式控烟简直是侮辱老百姓智商，专家：香烟贵了，吸烟的人就少了,微头条,方便面ddd,2024-01-31 10:16:43,未知,未知,控烟,中性,未知
202401019060,国产戒烟药上市，为降低烟草使用率带来新希望,"title: 国产戒烟药上市，为降低烟草使用率带来新希望 summary: 国产戒烟药上市，为降低烟草使用率带来新希望近年来，随着人们对健康的重视程度不断提高，戒烟成为了许多人关注的焦点。近日，一则关于国产戒烟药成功上市的消息引起了广泛关注。让我们共同期待，在科技和社会的共同努力下，能够实现一个更加健康和无烟的社会。 content: 近年来，随着人们对健康的重视程度不断提高，戒烟成为了许多人关注的焦点。近日，一则关于国产戒烟药成功上市的消息引起了广泛关注。""据新华网报道，由威智医药专项研发的酒石酸伐尼克兰片获得上市批准，并对外销售。这一消息无疑为广大烟民和戒烟人士带来了新的希望。长期以来，戒烟对于许多人来说是一项艰巨的任务，但随着科技的不断进步，戒烟药的出现为那些希望戒除烟瘾的人提供了一种新的选择。""对于烟民来说，戒烟药的上市为他们提供了一个更为便捷和有效的戒烟途径。这些药物可以通过调节神经系统和激素水平来减少对尼古丁的依赖，从而降低戒烟过程中的不适感和成功率。对于那些已经意识到吸烟对健康的危害，但一直难以戒掉烟瘾的人来说，戒烟药可能是他们实现戒烟目标的重要助力。同时，戒烟药的上市也为推动烟草使用率的下降提供了新的动力。世界卫生组织发布的报告显示，全球烟草使用者数量预计到 2025 年将下降至 12 亿。戒烟药的推广和应用，有望进一步提高控烟率，降低烟草使用率，从而减少吸烟对公众健康的危害。然而，需要强调的是，戒烟药只是辅助戒烟的手段之一，并非万能的解决方案。戒烟成功还需要综合考虑个体的意志力、心理支持和健康生活方式的改变等因素。此外，政府和社会也应加大对戒烟的宣传和教育力度，提高公众对吸烟危害的认识，倡导健康的生活方式。总的来说，国产戒烟药的成功上市为降低烟草使用率带来了新的希望。但我们也要认识到，戒烟是一个复杂的过程，需要综合的措施和个人的努力。让我们共同期待，在科技和社会的共同努力下，能够实现一个更加健康和无烟的社会。",头条号,shiyan798,2024-01-31 10:04:28,http://www.toutiao.com/w/i7330077288543470099/,未知,戒烟、控烟,正面,未知
202401019069,庆城县爱卫办“三举措”扎实推动“无烟佳节 与爱同行”主题活动走深走实,"title: 庆城县爱卫办“三举措”扎实推动“无烟佳节 与爱同行”主题活动走深走实 summary: 庆城县爱卫办三举措扎实推动无烟佳节与爱同行主题活动走深走实为深入贯彻国家卫健委办公厅关于无烟佳节与爱同行活动通知精神，营造春节无烟氛围，保障人民群众身心健康，县爱卫办三措并举，高效落实，扎实推动无烟佳节与爱同行活动走深走实。 content: 为深入贯彻国家卫健委办公厅关于“无烟佳节 与爱同行”活动通知精神，营造春节无烟氛围，保障人民群众身心健康，县爱卫办三措并举，高效落实，扎实推动“无烟佳节 与爱同行”活动走深走实，助力国家卫生县创建。一 多措并举抓宣传制定下发了《“无烟佳节 与爱同行”倡议书》《2024年“无烟佳节 与爱同行”新时代文明实践主题活动宣传方案》，全方位、多角度开展宣传，动员机关单位通过干部职工例会、“三会一课”、公众号、微信群、电子屏、悬挂横幅等多种形式进行广泛宣传，确保家喻户晓，人人皆知。""二 创新载体抓参与充分将“无烟佳节 与爱同行”活动与春节系列活动深入融合，扎实开展“五大活动”。一是联合县医保局、妇幼保健院、疾控中心在北区广场开展了戒烟咨询和无烟宣传活动，组织理发师免费为群众理发，赢得群众的一致好评；二是结合“三下乡”活动，深入乡镇和村部，通过设立宣传点、进村入户、悬挂横幅、发放控烟宣传资料等多种方式向群众宣传控烟，倡导文明健康绿色环保生活方式；三是教育部门充分利用家长群、微信、抖音等媒介，全面宣传吸烟危害健康等内容，采取“小手拉大手”的形式，鼓励学生绘制控烟手抄报，编排控烟小视频，寓教于乐；四是县团委、妇联、总工会、文明办充分发挥组织动员优势，引导广大青年、妇女、干部职工积极参与到“无烟佳节 与爱同行”中来，开展形式多样的宣传活动，主动做控烟的宣传者和倡导者，促进无烟家庭、无烟环境建设；五是各机关单位持续巩固无烟党政机关建设成果，领导干部带头禁烟、控烟，控烟监督员发挥职能，严禁室内吸烟，引导吸烟人员到室外吸烟区吸烟。积极倡导过节不吸烟、不敬烟、不送烟，共度无烟健康佳节。""三 强化督查抓实效为确保控烟实效，县爱卫办抽调卫健局、文明办、城管局、市场监管局、疾控中心等单位工作人员成立三个联合工作组，对机关单位、餐饮门店、公共场所开展督查暗访，通过现场反馈、媒体曝光、下发整改通知书、通报批评等多种形式，力促控烟各项措施落实落细，为营造无烟佳节和创建国家卫生县打下良好基础。（来源：庆城县爱卫办）""""｜编 辑：刘亚妮｜责 编：刘兴存｜审 核：常毅博｜总监制：涂文奎点击下方，安装“新庆城”，关注我们哟！""",头条号,爱庆城,2024-01-31 09:30:11,http://www.toutiao.com/w/i7330068530581045801/,未知,戒烟、控烟,正面,未知
202401019074,远离烟草，健康过年！过节送礼不送烟,"title: 远离烟草，健康过年！过节送礼不送烟 summary: 远离烟草，健康过年！过节送礼不送烟在1月18日的过节送礼不送烟健康快乐过大年主题交流会上，封面新闻记者张馨心先生向在场人士传递了一条重要信息：远离烟草，健康过年。最后，王克安先生正式启动了该倡导活动的在线平台，号召广大市民响应倡议，不送烟、不见烟、不抽烟，开创更好的生活环境。 content: 在1月18日的“过节送礼不送烟 健康快乐过大年”主题交流会上，封面新闻记者张馨心先生向在场人士传递了一条重要信息：远离烟草，健康过年。张馨心先生表示，我国约一半的男性居民每日都在吸烟，而超过7亿个人正面临二手烟的威胁，这使得我国成为了全球肺癌死亡率最高的国家之一，另一方面，心脑血管病患者的数量也在不断攀升。同时，吸烟还可能增加患糖尿病等疾病的风险。据相关研究，除了直接吸烟者之外，那些长期处于二手烟环境中的人和短时间接触三手烟的人群，其身心健康均会受到严重影响。张馨心先生补充到，社会上存在着将卷烟作为礼物赠送的现象。他引用了中国疾病预防控制中心控烟办公室原主任，新探健康发展研究中心副主任、研究员姜垣的观点，充分证实了这一方面的问题。姜垣表示，统计数据显示，每年冬季的春节和中秋节通常是卷烟销售的黄金季节，相较平时来说，销售量增幅达到了20-30%。另外，通过一项2024年针对互联网用户的调查结果来看，吸烟者中曾经收到或者送出过礼品烟的占比分别达到了18.4%和20.3%。其中，烟酒戒瘾者仅占9.0%，固定不沾烟酒的人群中比例更高，分别达到了1.5%和5.1%。此外，中国国际控烟政策研究（ITC）报告显示，54.1%的吸烟者身上不止携带一包烟，其中多数人能够清晰知晓，其中的一包是他们自己用于吸烟的，而另外一包则更加倾向于用于社交需求。因此，吸烟有害健康的观念尚未广泛普及，需要并鼓励吸烟者转变态度，通过自身行动来推动全社会形成良好的禁烟氛围。会上，刘秀荣女士详细说明了开展此次“过节送礼不送烟 健康快乐过大年”倡导活动的主要目的与具体议程安排，并向大家推荐了相关宣传工具，如活动宣传海报以及支持该理念的网络接龙H5等，希望大家共同致力于这项重要的工作，努力创造人人健康、洁净的公共场所。最后，王克安先生正式启动了该倡导活动的在线平台，号召广大市民响应倡议，“不送烟、不见烟、不抽烟”，开创更好的生活环境。""",头条号,车厘子影视,2024-01-31 08:53:59,http://www.toutiao.com/w/i7330059243435033107/,未知,控烟,中性,未知
202401019078,在1月18日的“过节送礼不送烟 健康快乐过大年”主题交流会上，封面新闻张馨心先生呼吁大家远离烟草，保护自己和他人的健康，并介绍了吸烟对健康的危害，以及社会上存在的将卷烟作为礼物赠送的现象。中国疾病预防控制中心控烟办公室原主任姜垣认为，每年春节和中秋节通常是卷烟销售的黄金季节，吸烟者中曾经收到或送出过礼品烟的占比分别达到了18.4%和20.3%。刘秀荣女士详细说明了开展此次活动的主要目的与具体议程安排，并向大家推荐了相关宣传工具，王克安先生正式启动了该倡导活动的在线平台。希望大家共同参与，创造健康、洁净的公共场所。,"title: 在1月18日的“过节送礼不送烟 健康快乐过大年”主题交流会上，封面新闻张馨心先生呼吁大家远离烟草，保护自己和他人的健康，并介绍了吸烟对健康的危害，以及社会上存在的将卷烟作为礼物赠送的现象。中国疾病预防控制中心控烟办公室原主任姜垣认为，每年春节和中秋节通常是卷烟销售的黄金季节，吸烟者中曾经收到或送出过礼品烟的占比分别达到了18.4%和20.3%。刘秀荣女士详细说明了开展此次活动的主要目的与具体议程安排，并向大家推荐了相关宣传工具，王克安先生正式启动了该倡导活动的在线平台。希望大家共同参与，创造健康、洁净的公共场所。 summary: 在1月18日的过节送礼不送烟健康快乐过大年主题交流会上，封面新闻张馨心先生呼吁大家远离烟草，保护自己和他人的健康，并介绍了吸烟对健康的危害，以及社会上存在的将卷烟作为礼物赠送的现象。 content: 在1月18日的“过节送礼不送烟 健康快乐过大年”主题交流会上，封面新闻张馨心先生呼吁大家远离烟草，保护自己和他人的健康，并介绍了吸烟对健康的危害，以及社会上存在的将卷烟作为礼物赠送的现象。中国疾病预防控制中心控烟办公室原主任姜垣认为，每年春节和中秋节通常是卷烟销售的黄金季节，吸烟者中曾经收到或送出过礼品烟的占比分别达到了18.4%和20.3%。刘秀荣女士详细说明了开展此次活动的主要目的与具体议程安排，并向大家推荐了相关宣传工具，王克安先生正式启动了该倡导活动的在线平台。希望大家共同参与，创造健康、洁净的公共场所。 """,微头条,车厘子影视,2024-01-31 08:53:58,http://www.toutiao.com/w/i1789565273399307/,未知,控烟,正面,未知
202401019081,"想控烟很简单啊,不生产不就可以了吗！再来个全国禁烟，吸烟违法。看谁还敢吸烟","title: 想控烟很简单啊,不生产不就可以了吗！再来个全国禁烟，吸烟违法。看谁还敢吸烟 summary: 想控烟很简单啊,不生产不就可以了吗！再来个全国禁烟，吸烟违法。看谁还敢吸烟 content: 想控烟很简单啊,不生产不就可以了吗！再来个全国禁烟，吸烟违法。看谁还敢吸烟",微头条,缘梦HD,2024-01-31 08:43:30,未知,未知,控烟,负面,未知
202401019086,为了控烟？涨价！终于见到成果了！继续涨！,title: 为了控烟？涨价！终于见到成果了！继续涨！ summary: 为了控烟？涨价！终于见到成果了！继续涨！ content: 为了控烟？涨价！终于见到成果了！继续涨！,微头条,大墨24,2024-01-31 08:39:30,未知,未知,控烟,中性,未知
202401019090,"2007年，这张照片定格了成都某高校宿舍楼道上一处温馨的场景。图中，一位来自重庆市城口县的女孩正在休息，她是学校学生会的控烟劝导员。入学后，她志愿成为学生会控烟劝导员，每周一次，她在学校内呼吁大家共同抵制吸烟。重庆妹儿的美丽动人，加上火热心肠，使她在校内赢得了良好的声誉。
这张照片不仅仅是简单的一张照片，它背后蕴含着深层次的意义。它呈现了当时大学校园内的一种社会责任感，激发了人们对健康生活的追求。玲珑的身材和文雅的形象，让观者感受到一种独特的美丽，是一种内外兼修的完美体现。
这样的场景也引起了我对数据的思考：2019年《中国大学生烟草使用调查报告》显示，中国大学生吸烟率仍然较高，尤其是男生。学生会的控烟工作显得尤为重要。通过这张照片，我们能够看到，控烟工作并非简单的规章制度，更需要有着亲和力和责任感的人来倡导和引领。这种校园内的自觉呼吁，也让我们深刻思考我们每个人自身的社会责任以及对健康生活的追求。","title: 2007年，这张照片定格了成都某高校宿舍楼道上一处温馨的场景。图中，一位来自重庆市城口县的女孩正在休息，她是学校学生会的控烟劝导员。入学后，她志愿成为学生会控烟劝导员，每周一次，她在学校内呼吁大家共同抵制吸烟。重庆妹儿的美丽动人，加上火热心肠，使她在校内赢得了良好的声誉。 这张照片不仅仅是简单的一张照片，它背后蕴含着深层次的意义。它呈现了当时大学校园内的一种社会责任感，激发了人们对健康生活的追求。玲珑的身材和文雅的形象，让观者感受到一种独特的美丽，是一种内外兼修的完美体现。 这样的场景也引起了我对数据的思考：2019年《中国大学生烟草使用调查报告》显示，中国大学生吸烟率仍然较高，尤其是男生。学生会的控烟工作显得尤为重要。通过这张照片，我们能够看到，控烟工作并非简单的规章制度，更需要有着亲和力和责任感的人来倡导和引领。这种校园内的自觉呼吁，也让我们深刻思考我们每个人自身的社会责任以及对健康生活的追求。 summary: 2007年，这张照片定格了成都某高校宿舍楼道上一处温馨的场景。图中，一位来自重庆市城口县的女孩正在休息，她是学校学生会的控烟劝导员。入学后，她志愿成为学生会控烟劝导员，每周一次，她在学校内呼吁大家共同抵制吸烟。重庆妹儿的美丽动人，加上火热心肠，使她在校内赢得了良好的声誉。 content: 2007年，这张照片定格了成都某高校宿舍楼道上一处温馨的场景。图中，一位来自重庆市城口县的女孩正在休息，她是学校学生会的控烟劝导员。入学后，她志愿成为学生会控烟劝导员，每周一次，她在学校内呼吁大家共同抵制吸烟。重庆妹儿的美丽动人，加上火热心肠，使她在校内赢得了良好的声誉。 这张照片不仅仅是简单的一张照片，它背后蕴含着深层次的意义。它呈现了当时大学校园内的一种社会责任感，激发了人们对健康生活的追求。玲珑的身材和文雅的形象，让观者感受到一种独特的美丽，是一种内外兼修的完美体现。 这样的场景也引起了我对数据的思考：2019年《中国大学生烟草使用调查报告》显示，中国大学生吸烟率仍然较高，尤其是男生。学生会的控烟工作显得尤为重要。通过这张照片，我们能够看到，控烟工作并非简单的规章制度，更需要有着亲和力和责任感的人来倡导和引领。这种校园内的自觉呼吁，也让我们深刻思考我们每个人自身的社会责任以及对健康生活的追求。 """,微头条,自媒体从业者牧尘,2024-01-31 07:41:53,http://www.toutiao.com/w/i1788008983189507/,未知,控烟,正面,未知
202401019094,低档烟消费群体太大了。通过涨价控制低档烟的消费量。控制消费人数。买不起就少抽或戒烟。从而达到控烟的目的。,title: 低档烟消费群体太大了。通过涨价控制低档烟的消费量。控制消费人数。买不起就少抽或戒烟。从而达到控烟的目的。 summary: 低档烟消费群体太大了。通过涨价控制低档烟的消费量。控制消费人数。买不起就少抽或戒烟。 content: 低档烟消费群体太大了。通过涨价控制低档烟的消费量。控制消费人数。买不起就少抽或戒烟。从而达到控烟的目的。,微头条,王老吉3709,2024-01-31 07:35:23,http://www.toutiao.com/w/i1789560328943690/,未知,戒烟、控烟,中性,未知
202401019103,控烟指导员是什么时期的职位？,"title: 控烟指导员是什么时期的职位？ summary: 控烟指导员是什么时期的职位？ content: 控烟指导员是什么时期的职位？ """,微头条,秋冬夏春语,2024-01-31 00:12:01,http://www.toutiao.com/w/i1789200210545664/,未知,控烟,中性,未知
202401019108,控烟说了多少年了有效果吗,title: 控烟说了多少年了有效果吗 summary: 控烟说了多少年了有效果吗 content: 控烟说了多少年了有效果吗,微头条,嘿头,2024-01-31 00:05:37,未知,未知,控烟,正面,未知
202401018547,无烟佳节 与爱同行！红谷滩区开展主题控烟活动,"title: 无烟佳节 与爱同行！红谷滩区开展主题控烟活动 summary: 红谷滩区开展主题控烟活动为进一步倡导无烟生活理念，提高居民对烟草危害的认识，营造无烟环境，1月30日上午，南昌市红谷滩区卫健委爱卫办联合红角洲街道开展了无烟佳节与爱同行主题宣传活动。 content: 为进一步倡导无烟生活理念，提高居民对烟草危害的认识，营造无烟环境，1月30日上午，南昌市红谷滩区卫健委爱卫办联合红角洲街道开展了“无烟佳节与爱同行”主题宣传活动。活动中，红谷滩区爱卫办专家围绕烟草的成瘾危害以及戒烟方法等，进行了深入浅出、通俗易懂的知识科普。旨在通过活动，提高居民的控烟意识，让大家意识到烟草对身体健康的危害。""""""下一步，红谷滩区将常态化开展禁烟健康知识宣传教育活动，引导辖区居民养成健康文明的生活方式，在春节来临之际，共同营造“无烟、健康、绿色、环保、和谐”的节前氛围。编辑：雷丹丹责编：李文瑶审核：覃文",新浪号,江西经视,2024-01-30 23:02:26,http://k.sina.cn/article_2321933624_8a65e53801902cvk7.html?from=news&subch=onews,未知,控烟、戒烟,正面,未知
202401018552,#卷烟涨价会让全民戒烟吗#一厢情愿！香烟这几十年一直在涨价，以前几毛钱一盒的烟就算高档烟，现在的高档烟一盒近百元，也没见烟民少多少。当然了，少还是少一点。所香烟涨价来控烟的效果并不理想。,title: #卷烟涨价会让全民戒烟吗#一厢情愿！香烟这几十年一直在涨价，以前几毛钱一盒的烟就算高档烟，现在的高档烟一盒近百元，也没见烟民少多少。当然了，少还是少一点。所香烟涨价来控烟的效果并不理想。 summary: #卷烟涨价会让全民戒烟吗#一厢情愿！香烟这几十年一直在涨价，以前几毛钱一盒的烟就算高档烟，现在的高档烟一盒近百元，也没见烟民少多少。所香烟涨价来控烟的效果并不理想。 content: #卷烟涨价会让全民戒烟吗#一厢情愿！香烟这几十年一直在涨价，以前几毛钱一盒的烟就算高档烟，现在的高档烟一盒近百元，也没见烟民少多少。当然了，少还是少一点。所香烟涨价来控烟的效果并不理想。,微头条,见贤思齐Crf,2024-01-30 22:56:35,http://www.toutiao.com/w/i1789527689321476/,未知,戒烟、控烟,正面,未知
202401018563,明安&lt;span style=color: #F76435;社区&lt;/span开展“控烟携手同行 真爱健康生命”宣传活动,"title: 明安&lt;span style=color: #F76435;社区&lt;/span开展“控烟携手同行 真爱健康生命”宣传活动 summary: 告诫广大居民在家不吸烟是对家人健康负责，并呼吁广大人民群众尽早戒烟，引导居民群众把健康知识转变为健康行为，共享健康绿色的生活环境。接下来，明安社区将继续普及控烟法律知识，广泛开展吸烟警示教育，营造健康的社区环境。 content: 为提高社区居民对吸烟危害性的认识和了解，维护健康的公共环境，明安社区于近日开展“控烟携手同行 真爱健康生命”宣传活动。""宣传过程中，社区工作者通过发放控烟宣传单、现场咨询等形式向居民进行控烟知识的宣传教育，细心地向社区居民讲述吸烟带来的危害和后果，并回答居民们在控烟过程中产生的疑问。告诫广大居民在家不吸烟是对家人健康负责，并呼吁广大人民群众尽早戒烟，引导居民群众把健康知识转变为健康行为，共享健康绿色的生活环境。此次活动提高了居民对吸烟及被动吸烟危害性的认识，增强了大家的控烟戒烟意识。接下来，明安社区将继续普及控烟法律知识，广泛开展吸烟警示教育，营造健康的社区环境。",人民号,安图宣传,2024-01-30 21:16:58,http://rmh.pdnews.cn/Pc/ArtInfoApi/article?id=39745292,未知,控烟、戒烟、控烟戒烟,正面,未知
202401018574,真的要做好控烟，行走在路上都经常吸到烟的味道,title: 真的要做好控烟，行走在路上都经常吸到烟的味道 summary: 真的要做好控烟，行走在路上都经常吸到烟的味道 content: 真的要做好控烟，行走在路上都经常吸到烟的味道,头条号,Q5321,2024-01-30 19:42:26,未知,未知,控烟,中性,未知
202401018589,国产戒烟药威震上市，全球控烟形势趋好，烟民福音来了！,"title: 国产戒烟药威震上市，全球控烟形势趋好，烟民福音来了！ summary: 国产戒烟药威震上市，全球控烟形势趋好，烟民福音来了！近日，国产戒烟药酒石酸伐尼克兰片获得上市批准，这无疑是广大烟民的一大福音。专家建议，烟民在使用戒烟药的同时，还应该积极寻求专业医生的帮助，制定个性化的戒烟计划，以提高戒烟成功的可能性。 content: 近日，国产戒烟药酒石酸伐尼克兰片获得上市批准，这无疑是广大烟民的一大福音。这款由威智医药专项研发的戒烟药，将为烟患者以及戒烟人士提供新的控烟戒烟方向。""全球烟草使用率下降趋势明显，世卫组织发布报告称，预计到2025年，全球烟草使用者数量将下降至12亿。随着国产戒烟药的上市，这一数字有望进一步降低。""据了解，酒石酸伐尼克兰片可以通过减轻尼古丁依赖和戒断症状来达到戒烟的目的。这款药物的获批上市，不仅为国内烟民提供了新的戒烟选择，还有望进一步提高我国的控烟率，降低烟草使用率。""值得注意的是，这款戒烟药并不是灵丹妙药，戒烟的关键还在于个人毅力和决心。专家建议，烟民在使用戒烟药的同时，还应该积极寻求专业医生的帮助，制定个性化的戒烟计划，以提高戒烟成功的可能性。作为一名资深的新闻博主，我非常关注社会新闻，尤其是与公众健康相关的话题。希望这条信息能够引起广大烟民的关注，给他们提供新的戒烟希望。同时，也呼吁大家关注自己的健康，尽早戒烟，为自己和他人的健康负责。让我们一起努力，创造一个无烟、健康的生活环境！#头条讲真的#",头条号,热闹说,2024-01-30 19:36:43,http://www.toutiao.com/w/i7329852786315919899/,未知,戒烟、控烟、控烟戒烟,中性,未知
202401018594,官宣烟有害，为何不直接关停。美其名为控烟却用涨价的方法，还让贩毒人拿高工资，是不是流氓行为。,title: 官宣烟有害，为何不直接关停。美其名为控烟却用涨价的方法，还让贩毒人拿高工资，是不是流氓行为。 summary: 官宣烟有害，为何不直接关停。美其名为控烟却用涨价的方法，还让贩毒人拿高工资，是不是流氓行为。 content: 官宣烟有害，为何不直接关停。美其名为控烟却用涨价的方法，还让贩毒人拿高工资，是不是流氓行为。,微头条,plxz,2024-01-30 19:30:43,未知,未知,控烟,中性,未知
202401018599,曾都区疾控中心开展“无烟佳节 与爱同行”主题活动,"title: 曾都区疾控中心开展“无烟佳节 与爱同行”主题活动 summary: 中国是礼仪之邦，逢年过节，给亲友、长辈送烟酒由来已久，熟人见面递支烟，是传统待客之道。与此同时，曾都区疾病预防控制中心印制并张贴无烟佳节海报共60份。这些举措，旨在大力弘扬无烟健康过节文化，倡导过节不吸烟、不敬烟、不送烟，对二手烟说不，共度无烟健康佳节。 content: 曾都区疾控中心开展“无烟佳节 与爱同行”主题活动中国是礼仪之邦，逢年过节，给亲友、长辈送烟酒由来已久，熟人见面递支烟，是传统待客之道。在这样的文化背景下，倡导改变传统习惯、营造绿色环保无烟佳节，虽然困难重重，但是意义重大、势在必行。""1月30日上午，曾都区疾病预防控制中心联合曾都医院在神农公园开展了一次“无烟佳节 与爱同行”的主题活动。春节前的神农公园人流如织，公园的工作人员也在忙着挂上喜庆的国旗和红灯笼。活动现场，健康教育科工作人员给驻足观看展牌的居民讲解烟草危害，发放实用、喜庆的控烟红包和慢性病防治知识等小册子和折页。期间有吸烟居民前来咨询怎样帮助戒烟的问题，工作人员进行耐心讲解，并推荐使用“中国戒烟平台”小程序帮助戒烟，也推荐到就近的戒烟门诊寻求专业医生的帮助。""""此次活动，共展出“控烟和室内空气质量相关知识”的展牌六个、“无烟佳节 与爱同行”的横幅两幅，发放控烟红包1800个、慢性病防治知识手册80本、控烟知识折页240份。与此同时，曾都区疾病预防控制中心印制并张贴“无烟佳节”海报共60份。这些举措，旨在大力弘扬无烟健康过节文化，倡导过节不吸烟、不敬烟、不送烟， “对二手烟说不”，共度无烟健康佳节。（ 程念丽 郭云艳）",百家号,今日随州,2024-01-30 19:08:23,http://baijiahao.baidu.com/s?id=1789513271664126945,未知,控烟、戒烟,正面,未知
202401018604,#小评论# [点亮平安灯][得意]香烟嘎嘎往上涨，到了普通民众望烟兴叹的地步，你爱抽烟吐云吐雾，你想挟烟当大咖，几百上千的香烟都有，可你得以自身收益来考虑。可是，巿场经济应当随行入巿，有贵有贱贫富皆宜。现在是低价烟无处可卖，控烟从钱开始。反正，垄断公司稳赚不赔。巿场这只大手能不能体恤民众，说明一个政,"title: #小评论# [点亮平安灯][得意]香烟嘎嘎往上涨，到了普通民众望烟兴叹的地步，你爱抽烟吐云吐雾，你想挟烟当大咖，几百上千的香烟都有，可你得以自身收益来考虑。可是，巿场经济应当随行入巿，有贵有贱贫富皆宜。现在是低价烟无处可卖，控烟从钱开始。反正，垄断公司稳赚不赔。巿场这只大手能不能体恤民众，说明一个政 summary: #小评论#[点亮平安灯][得意]香烟嘎嘎往上涨，到了普通民众望烟兴叹的地步，你爱抽烟吐云吐雾，你想挟烟当大咖，几百上千的香烟都有，可你得以自身收益来考虑。可是，巿场经济应当随行入巿，有贵有贱贫富皆宜。现在是低价烟无处可卖，控烟从钱开始。反正，垄断公司稳赚不赔。巿场这只大手能不能体恤民众，说明一个政. content: #小评论# [点亮平安灯][得意]香烟嘎嘎往上涨，到了普通民众望烟兴叹的地步，你爱抽烟吐云吐雾，你想挟烟当大咖，几百上千的香烟都有，可你得以自身收益来考虑。可是，巿场经济应当随行入巿，有贵有贱贫富皆宜。现在是低价烟无处可卖，控烟从钱开始。反正，垄断公司稳赚不赔。巿场这只大手能不能体恤民众，说明一个政""""""",微头条,长春刀郎,2024-01-30 18:25:37,http://www.toutiao.com/w/1789510640731136/,未知,控烟,中性,未知
202401018609,#小评论# [点亮平安灯][得意]香烟嘎嘎往上涨，到了普通民众望烟兴叹的地步，你爱抽烟吐云吐雾，你想挟烟当大咖，几百上千的香烟都有，可你得以自身收益来考虑。可是，巿场经济应当随行入巿，有贵有贱贫富皆宜。现在是低价烟无处可卖，控烟从钱开始。反正，垄断公司稳赚不赔。巿场这只大手能不能体恤民众，说明一个政策的合理与体恤民情的程度。玉米是农民的求生生财之本，香烟涨价愿抽不抽尚可理解，从你自身财力决定。而玉米是农民脸朝黄土背朝天辛苦一年的希望，一会一个价掉的农民心酸。试问，支撑这个国家的铁饭碗也要破碎了吗？！#农业何等不易# 这和香烟消费不同，不吃饭民族都慌，不抽烟尚可生活。这些话我不想写，但是，己经到了关心关注巿场调配的时刻，否则，尽失的不仅是民心更是失望！🙏🙏🙏😇😇😇😎😎😎,"title: #小评论# [点亮平安灯][得意]香烟嘎嘎往上涨，到了普通民众望烟兴叹的地步，你爱抽烟吐云吐雾，你想挟烟当大咖，几百上千的香烟都有，可你得以自身收益来考虑。可是，巿场经济应当随行入巿，有贵有贱贫富皆宜。现在是低价烟无处可卖，控烟从钱开始。反正，垄断公司稳赚不赔。巿场这只大手能不能体恤民众，说明一个政策的合理与体恤民情的程度。玉米是农民的求生生财之本，香烟涨价愿抽不抽尚可理解，从你自身财力决定。而玉米是农民脸朝黄土背朝天辛苦一年的希望，一会一个价掉的农民心酸。试问，支撑这个国家的铁饭碗也要破碎了吗？！#农业何等不易# 这和香烟消费不同，不吃饭民族都慌，不抽烟尚可生活。这些话我不想写，但是，己经到了关心关注巿场调配的时刻，否则，尽失的不仅是民心更是失望！🙏🙏🙏😇😇😇😎😎😎 summary: #小评论#[点亮平安灯][得意]香烟嘎嘎往上涨，到了普通民众望烟兴叹的地步，你爱抽烟吐云吐雾，你想挟烟当大咖，几百上千的香烟都有，可你得以自身收益来考虑。这些话我不想写，但是，己经到了关心关注巿场调配的时刻，否则，尽失的不仅是民心更是失望！ content: #小评论# [点亮平安灯][得意]香烟嘎嘎往上涨，到了普通民众望烟兴叹的地步，你爱抽烟吐云吐雾，你想挟烟当大咖，几百上千的香烟都有，可你得以自身收益来考虑。可是，巿场经济应当随行入巿，有贵有贱贫富皆宜。现在是低价烟无处可卖，控烟从钱开始。反正，垄断公司稳赚不赔。巿场这只大手能不能体恤民众，说明一个政策的合理与体恤民情的程度。玉米是农民的求生生财之本，香烟涨价愿抽不抽尚可理解，从你自身财力决定。而玉米是农民脸朝黄土背朝天辛苦一年的希望，一会一个价掉的农民心酸。试问，支撑这个国家的铁饭碗也要破碎了吗？！#农业何等不易# 这和香烟消费不同，不吃饭民族都慌，不抽烟尚可生活。这些话我不想写，但是，己经到了关心关注巿场调配的时刻，否则，尽失的不仅是民心更是失望！🙏🙏🙏😇😇😇😎😎😎""""""",微头条,长春刀郎,2024-01-30 18:25:37,http://www.toutiao.com/w/i1789510640731136/,未知,控烟,中性,未知
202401018614,"香烟要被洗白？中科院颠覆性研究，尼古丁能降低40％死亡率？

1. 引言：吸烟与健康风险

自20世纪中叶以来，吸烟与健康风险之间的关联已成为公共卫生领域的共识。根据世界卫生组织（WHO）的报告，吸烟是导致心脏病、肺癌和慢性阻塞性肺疾病等多种疾病的主要原因。

全球每年有近800万人死于与吸烟相关的疾病，其中超过70%的肺癌死亡案例与吸烟直接相关。

这些数据不仅揭示了吸烟对个体健康的严重威胁，也凸显了其对全球公共卫生系统构成的巨大负担。

2. 中科院的颠覆性研究概述

最近，中国科学院发布的一项研究成果引起了广泛关注。这项研究聚焦于尼古丁——香烟中的主要成分之一，发现在特定条件下，尼古丁可能降低某些疾病的死亡率高达40%。

这一发现似乎与传统认知形成了鲜明对比，引发了科学界和公众的广泛讨论。
 
中科院的研究团队对一组特定疾病的患者进行了长期观察。这些疾病包括某些神经退行性疾病，如帕金森病和阿尔茨海默病。

研究发现，在适量使用尼古丁的情况下，这些患者的死亡率有所下降。

值得注意的是，这项研究并没有推翻吸烟有害健康的基本事实，而是突出了尼古丁这一特定成分在医学上的潜在价值。

3. 尼古丁的双面性：不仅仅是成瘾物质
 
尼古丁作为一种植物生物碱，主要存在于烟草中，是造成吸烟成瘾的主要原因之一。

然而，尼古丁的药理作用一直是医学研究的热点。除了成瘾性外，尼古丁在神经系统中的作用引起了科学家们的兴趣。

在过去的研究中，尼古丁被发现具有神经保护作用，可能对改善某些神经退行性疾病的症状有益。

例如，一些研究表明，尼古丁能够刺激大脑中的特定受体，从而可能减缓帕金森病和阿尔茨海默病等疾病的进展。

此外，尼古丁还被发现可能对改善认知功能、减少抑郁症状等方面有潜在的正面影响。
 
国际上的研究也支持这一观点。例如，美国的一项研究发现，尼古丁能够在一定程度上改善注意力和记忆力，这对于老年人尤为重要。

然而，尼古丁的这些潜在益处并不意味着它可以无限制使用。尼古丁的剂量和使用方式是决定其效果的关键因素。

过量的尼古丁不仅会引起成瘾，还可能导致心血管疾病和其他健康问题。

4. 从历史视角审视尼古丁的认知变迁

历史上，人们对吸烟及其主要成分尼古丁的认识经历了显著变化。在20世纪初，医生们甚至曾推荐吸烟作为缓解焦虑和控制体重的手段。

那时，人们普遍认为吸烟能够带来短期的压力缓解效果，却忽视了其长期的健康危害。

这种情况在20世纪50年代和60年代发生了根本性转变，当时大量的科学研究揭示了吸烟与肺癌、心脏病等严重疾病之间的直接联系。

这些发现推动了公众和医学界对吸烟危害的重新认识，并促进了全球范围内的控烟运动。
 
5. 科学研究中的“剂量效应”原理

在药物和化学物质的研究中，“剂量效应”原理是一个关键概念。这一原理指出，物质的效果取决于其剂量大小。

在尼古丁的研究中，这一原理尤为重要。适量的尼古丁可能对某些疾病有积极的影响，但过量则可能导致严重的健康问题。

例如，虽然尼古丁在实验室研究中显示出对神经系统的保护作用，但在日常生活中，吸烟导致的尼古丁摄入量往往远超安全范围，带来的是癌症、心脏病等严重健康风险。

因此，理解和应用“剂量效应”原理，是正确评估尼古丁作用的关键。
 
6. 结论与公众健康建议

尽管最新的研究表明尼古丁在特定条件下可能具有某些健康益处，但这并不意味着吸烟变得安全或有益。公共卫生政策仍应致力于控烟和预防吸烟引起的疾病。

对于尼古丁的研究应该谨慎进行，特别是在探索其在医疗领域的潜在应用时。

例如，尼古丁的神经保护作用可能促进未来对某些神经退行性疾病的治疗方法的开发，但这需要在严格的临床试验和医疗监督下进行。

对个人而言，重要的是要理解，尼古丁的潜在益处不来源于吸烟本身。吸烟涉及的是数千种化学物质的吸入，其中许多是已知的致癌物。

因此，对于那些希望从尼古丁中获得潜在益处的人来说，应该寻求医疗专业人士的建议，并在严格的医疗监督下考虑使用纯尼古丁产品。

总之，尼古丁作为一种复杂的生物碱，其在医学上的潜在价值和健康风险都需要被全面而细致地评估。

在此基础上，公众应该基于科学证据，做出明智的健康选择，而政策制定者应该继续推动有助于减少吸烟带来的公共健康风险的措施。","title: 香烟要被洗白？中科院颠覆性研究，尼古丁能降低40％死亡率？ 1. 引言：吸烟与健康风险 自20世纪中叶以来，吸烟与健康风险之间的关联已成为公共卫生领域的共识。根据世界卫生组织（WHO）的报告，吸烟是导致心脏病、肺癌和慢性阻塞性肺疾病等多种疾病的主要原因。 全球每年有近800万人死于与吸烟相关的疾病，其中超过70%的肺癌死亡案例与吸烟直接相关。 这些数据不仅揭示了吸烟对个体健康的严重威胁，也凸显了其对全球公共卫生系统构成的巨大负担。 2. 中科院的颠覆性研究概述 最近，中国科学院发布的一项研究成果引起了广泛关注。这项研究聚焦于尼古丁——香烟中的主要成分之一，发现在特定条件下，尼古丁可能降低某些疾病的死亡率高达40%。 这一发现似乎与传统认知形成了鲜明对比，引发了科学界和公众的广泛讨论。 中科院的研究团队对一组特定疾病的患者进行了长期观察。这些疾病包括某些神经退行性疾病，如帕金森病和阿尔茨海默病。 研究发现，在适量使用尼古丁的情况下，这些患者的死亡率有所下降。 值得注意的是，这项研究并没有推翻吸烟有害健康的基本事实，而是突出了尼古丁这一特定成分在医学上的潜在价值。 3. 尼古丁的双面性：不仅仅是成瘾物质 尼古丁作为一种植物生物碱，主要存在于烟草中，是造成吸烟成瘾的主要原因之一。 然而，尼古丁的药理作用一直是医学研究的热点。除了成瘾性外，尼古丁在神经系统中的作用引起了科学家们的兴趣。 在过去的研究中，尼古丁被发现具有神经保护作用，可能对改善某些神经退行性疾病的症状有益。 例如，一些研究表明，尼古丁能够刺激大脑中的特定受体，从而可能减缓帕金森病和阿尔茨海默病等疾病的进展。 此外，尼古丁还被发现可能对改善认知功能、减少抑郁症状等方面有潜在的正面影响。 国际上的研究也支持这一观点。例如，美国的一项研究发现，尼古丁能够在一定程度上改善注意力和记忆力，这对于老年人尤为重要。 然而，尼古丁的这些潜在益处并不意味着它可以无限制使用。尼古丁的剂量和使用方式是决定其效果的关键因素。 过量的尼古丁不仅会引起成瘾，还可能导致心血管疾病和其他健康问题。 4. 从历史视角审视尼古丁的认知变迁 历史上，人们对吸烟及其主要成分尼古丁的认识经历了显著变化。在20世纪初，医生们甚至曾推荐吸烟作为缓解焦虑和控制体重的手段。 那时，人们普遍认为吸烟能够带来短期的压力缓解效果，却忽视了其长期的健康危害。 这种情况在20世纪50年代和60年代发生了根本性转变，当时大量的科学研究揭示了吸烟与肺癌、心脏病等严重疾病之间的直接联系。 这些发现推动了公众和医学界对吸烟危害的重新认识，并促进了全球范围内的控烟运动。 5. 科学研究中的“剂量效应”原理 在药物和化学物质的研究中，“剂量效应”原理是一个关键概念。这一原理指出，物质的效果取决于其剂量大小。 在尼古丁的研究中，这一原理尤为重要。适量的尼古丁可能对某些疾病有积极的影响，但过量则可能导致严重的健康问题。 例如，虽然尼古丁在实验室研究中显示出对神经系统的保护作用，但在日常生活中，吸烟导致的尼古丁摄入量往往远超安全范围，带来的是癌症、心脏病等严重健康风险。 因此，理解和应用“剂量效应”原理，是正确评估尼古丁作用的关键。 6. 结论与公众健康建议 尽管最新的研究表明尼古丁在特定条件下可能具有某些健康益处，但这并不意味着吸烟变得安全或有益。公共卫生政策仍应致力于控烟和预防吸烟引起的疾病。 对于尼古丁的研究应该谨慎进行，特别是在探索其在医疗领域的潜在应用时。 例如，尼古丁的神经保护作用可能促进未来对某些神经退行性疾病的治疗方法的开发，但这需要在严格的临床试验和医疗监督下进行。 对个人而言，重要的是要理解，尼古丁的潜在益处不来源于吸烟本身。吸烟涉及的是数千种化学物质的吸入，其中许多是已知的致癌物。 因此，对于那些希望从尼古丁中获得潜在益处的人来说，应该寻求医疗专业人士的建议，并在严格的医疗监督下考虑使用纯尼古丁产品。 总之，尼古丁作为一种复杂的生物碱，其在医学上的潜在价值和健康风险都需要被全面而细致地评估。 在此基础上，公众应该基于科学证据，做出明智的健康选择，而政策制定者应该继续推动有助于减少吸烟带来的公共健康风险的措施。 summary: 香烟要被洗白？中科院颠覆性研究，尼古丁能降低40％死亡率？在此基础上，公众应该基于科学证据，做出明智的健康选择，而政策制定者应该继续推动有助于减少吸烟带来的公共健康风险的措施。 content: 香烟要被洗白？中科院颠覆性研究，尼古丁能降低40％死亡率？ 1. 引言：吸烟与健康风险 自20世纪中叶以来，吸烟与健康风险之间的关联已成为公共卫生领域的共识。根据世界卫生组织（WHO）的报告，吸烟是导致心脏病、肺癌和慢性阻塞性肺疾病等多种疾病的主要原因。 全球每年有近800万人死于与吸烟相关的疾病，其中超过70%的肺癌死亡案例与吸烟直接相关。 这些数据不仅揭示了吸烟对个体健康的严重威胁，也凸显了其对全球公共卫生系统构成的巨大负担。 2. 中科院的颠覆性研究概述 最近，中国科学院发布的一项研究成果引起了广泛关注。这项研究聚焦于尼古丁——香烟中的主要成分之一，发现在特定条件下，尼古丁可能降低某些疾病的死亡率高达40%。 这一发现似乎与传统认知形成了鲜明对比，引发了科学界和公众的广泛讨论。 中科院的研究团队对一组特定疾病的患者进行了长期观察。这些疾病包括某些神经退行性疾病，如帕金森病和阿尔茨海默病。 研究发现，在适量使用尼古丁的情况下，这些患者的死亡率有所下降。 值得注意的是，这项研究并没有推翻吸烟有害健康的基本事实，而是突出了尼古丁这一特定成分在医学上的潜在价值。 3. 尼古丁的双面性：不仅仅是成瘾物质 尼古丁作为一种植物生物碱，主要存在于烟草中，是造成吸烟成瘾的主要原因之一。 然而，尼古丁的药理作用一直是医学研究的热点。除了成瘾性外，尼古丁在神经系统中的作用引起了科学家们的兴趣。 在过去的研究中，尼古丁被发现具有神经保护作用，可能对改善某些神经退行性疾病的症状有益。 例如，一些研究表明，尼古丁能够刺激大脑中的特定受体，从而可能减缓帕金森病和阿尔茨海默病等疾病的进展。 此外，尼古丁还被发现可能对改善认知功能、减少抑郁症状等方面有潜在的正面影响。 国际上的研究也支持这一观点。例如，美国的一项研究发现，尼古丁能够在一定程度上改善注意力和记忆力，这对于老年人尤为重要。 然而，尼古丁的这些潜在益处并不意味着它可以无限制使用。尼古丁的剂量和使用方式是决定其效果的关键因素。 过量的尼古丁不仅会引起成瘾，还可能导致心血管疾病和其他健康问题。 4. 从历史视角审视尼古丁的认知变迁 历史上，人们对吸烟及其主要成分尼古丁的认识经历了显著变化。在20世纪初，医生们甚至曾推荐吸烟作为缓解焦虑和控制体重的手段。 那时，人们普遍认为吸烟能够带来短期的压力缓解效果，却忽视了其长期的健康危害。 这种情况在20世纪50年代和60年代发生了根本性转变，当时大量的科学研究揭示了吸烟与肺癌、心脏病等严重疾病之间的直接联系。 这些发现推动了公众和医学界对吸烟危害的重新认识，并促进了全球范围内的控烟运动。 5. 科学研究中的“剂量效应”原理 在药物和化学物质的研究中，“剂量效应”原理是一个关键概念。这一原理指出，物质的效果取决于其剂量大小。 在尼古丁的研究中，这一原理尤为重要。适量的尼古丁可能对某些疾病有积极的影响，但过量则可能导致严重的健康问题。 例如，虽然尼古丁在实验室研究中显示出对神经系统的保护作用，但在日常生活中，吸烟导致的尼古丁摄入量往往远超安全范围，带来的是癌症、心脏病等严重健康风险。 因此，理解和应用“剂量效应”原理，是正确评估尼古丁作用的关键。 6. 结论与公众健康建议 尽管最新的研究表明尼古丁在特定条件下可能具有某些健康益处，但这并不意味着吸烟变得安全或有益。公共卫生政策仍应致力于控烟和预防吸烟引起的疾病。 对于尼古丁的研究应该谨慎进行，特别是在探索其在医疗领域的潜在应用时。 例如，尼古丁的神经保护作用可能促进未来对某些神经退行性疾病的治疗方法的开发，但这需要在严格的临床试验和医疗监督下进行。 对个人而言，重要的是要理解，尼古丁的潜在益处不来源于吸烟本身。吸烟涉及的是数千种化学物质的吸入，其中许多是已知的致癌物。 因此，对于那些希望从尼古丁中获得潜在益处的人来说，应该寻求医疗专业人士的建议，并在严格的医疗监督下考虑使用纯尼古丁产品。 总之，尼古丁作为一种复杂的生物碱，其在医学上的潜在价值和健康风险都需要被全面而细致地评估。 在此基础上，公众应该基于科学证据，做出明智的健康选择，而政策制定者应该继续推动有助于减少吸烟带来的公共健康风险的措施。 """,微头条,三甲妇产科邢大夫,2024-01-30 17:44:39,http://www.toutiao.com/w/i1789508064025603/,未知,控烟,正面,未知
202401018619,库车市卫健委：公共场所巡查工作  保障广大群众身体健康,"title: 库车市卫健委：公共场所巡查工作 保障广大群众身体健康 summary: 库车市卫健委：公共场所巡查工作保障广大群众身体健康为进一步提高广大群众对卫生健康知识法律法规的认识度，1月29日，库车市牙哈镇卫生院卫生监督协管员对辖区内个体诊所，美容美发，理发店等公共场所开展了进行日常监督检查及卫生指导工作。 content: 为进一步提高广大群众对卫生健康知识法律法规的认识度，1月29日，库车市牙哈镇卫生院卫生监督协管员对辖区内个体诊所，美容美发，理发店等公共场所开展了进行日常监督检查及卫生指导工作。""重点对卫生管理档案、检查证照是否齐全、公共用具与公共用品用具清洗消毒情况、消毒设施设备是否正常运行、一客一换消毒卫生管理、禁烟控烟等监督指导，对于现场发现的问题，执法人员下达了卫生监督意见书，督促其限期整改。通过开展此次巡查活动，进一步增强了公共场所经营者的法律意识和卫生意识，进一步改善公共场所卫生状况和卫生条件，增强了群众卫生安全防范风险和疾病防控意识。通讯员：赵春琼 热汗古丽·阿玉浦",头条号,白杏新闻,2024-01-30 17:31:40,http://www.toutiao.com/w/i7329821640773419572/,未知,控烟,中性,未知
202401018623,【疾控动态】临清市疾控中心开展“送健康迎新春”暨“无烟佳节与爱同行”控烟科普宣传进社区活动,"title: 【疾控动态】临清市疾控中心开展“送健康迎新春”暨“无烟佳节与爱同行”控烟科普宣传进社区活动 summary: 临清市疾控中心开展送健康迎新春暨无烟佳节与爱同行控烟科普宣传进社区活动。为进一步推动控烟工作开展，提高广大居民健康防病意识，倡导无烟健康生活方式，营造春节期间无烟氛围，1月30日，恰逢新春佳节来临之际，临清市卫生健康局牵头开展送健康迎新春暨无烟佳节与爱同行活动。 content: &lt;img class=""content-image"" data-src=""AdrUyzrPRqQ3SLRqyklRvcBtPsOZN1xBjR51Pm15agEuzcSAwlkNSg7hye7bbNvNDuXIi9F2M6GBdZeH2RpjJZMxLKNA9CpNJUoDhJq7OJM="" width=""500"" height=""548"" /&lt;img class=""content-image"" data-src=""wxcWD3sAnMjy6azFPk/mH8BtPsOZN1xBjR51Pm15agHjrVY44eNeacsTzNJZ6WGA0oWfvbQAwdqFnpqImlUAeOG/b4SDJz87lkFWfZNJj6E="" width=""500"" height=""486"" /无烟佳节 与爱同行&lt;img class=""content-image"" data-src=""nuh/wEb6x4IxiInVMoIK8MBtPsOZN1xBjR51Pm15agGQ4MwAY7zfxPNzcHWPNp2LGAm4iAIJmhhIhyqnJntLxgWHRivEU9YAZCkPImEIM8I="" width=""500"" height=""486"" /&lt;img class=""content-image"" data-src=""FlhNHe3dnu293E6ZtX6/IcBtPsOZN1xBjR51Pm15agH1sG0ZhWdTDI60wjElk0wetXj4Fx1KF9XhIH78E5u/rtDJyDnrBuOYGIlxKZKkkuA="" width=""1080"" height=""1586"" /为进一步推动控烟工作开展，提高广大居民健康防病意识，倡导无烟健康生活方式，营造春节期间无烟氛围，1月30日，恰逢新春佳节来临之际，临清市卫生健康局牵头开展“送健康 迎新春”暨“无烟佳节 与爱同行”活动。临清市疾病预防控制中心、临清市人民医院、临清市新华路街道办事处、新华路街道社区卫生服务中心参与活动。&lt;img class=""content-image"" data-src=""wXdZHLbub1cJf8KN0C5vfcBtPsOZN1xBjR51Pm15agEwC9vv9My+lTZaIbPHJp2zEFMQU0BHOYBXiCSnSnoYV9xHlUxPY7iiBoCRyiRT2jA="" width=""1080"" height=""718"" /&lt;img class=""content-image"" data-src=""dA8+2Mmq3jH/vcey6VFIasmJ5ULT+qz1crB9Zo+mUNMEx1ly63dBqcdvt09IJeVq1y+FeHNXjMdNYyH6ql3nqt9qeJxJ9JSVt4pyjjyD25M="" width=""147"" height=""332"" /工作人员走进葡香社区向广大居民科普吸烟对身体的危害和戒烟小技巧，并通过悬挂横幅、设置咨询台、发放控烟宣传册等多种形式开展健康知识传播，现场书法老师为群众书写了带着美好祝福的春联，活动既提高了广大居民对烟草危害的正确认识，又营造了浓浓的节日氛围，群众纷纷表示会积极倡导过节不吸烟、不敬烟、不送烟，拒绝二手烟，共度无烟健康佳节。&lt;img class=""content-image"" data-src=""1i8D9IaYlbNGIQCZT5KVh8BtPsOZN1xBjR51Pm15agFlqnc9K1Cqtd5oyphetQr7E9u0phRTz2gc+3hBWsru9VDi8INbyjmPk+crGvgWA+0="" width=""1080"" height=""810"" /&lt;img class=""content-image"" data-src=""/L19E/drXjGfZ2kuFxSZZcBtPsOZN1xBjR51Pm15agFTNRGm/Ho4W1Qr3OIx2EOeteAI4HmKRNSS4LjpdwTNaM/WkzeSZFATQ7L26I8gYMI="" width=""1080"" height=""810"" /&lt;img class=""content-image"" data-src=""FlhNHe3dnu293E6ZtX6/IcBtPsOZN1xBjR51Pm15agExz98zFowFEE9ejP3fZvijFU5jT7fw7NwYIN/7W+EH2vjcdCaqxu5/X9WI19mjyLg="" width=""1080"" height=""810"" /&lt;img class=""content-image"" data-src=""AdrUyzrPRqQ3SLRqyklRvcBtPsOZN1xBjR51Pm15agGsc0MIdw8cTSt+S/iT3j/aHY+OlntECrWEHoEypNZ7DGDdofpx378kqmjwFbAbdOM="" width=""1080"" height=""810"" /接下来，市疾控中心将持续开展健康知识宣传活动，引导群众践行文明健康绿色环保生活方式，倡导广大居民树立“无烟佳节”“送烟等于送危害”的健康生活理念，远离烟草、乐享佳节。&lt;img class=""content-image"" data-src=""AdrUyzrPRqQ3SLRqyklRvcBtPsOZN1xBjR51Pm15agGUk1K8ODIuLO+ZUXI4bokphYkHS8rLupl7deQr67Hot3iOZPs3MDeVjGxKJ1rKXCs="" width=""1080"" height=""810"" /&lt;img class=""content-image"" data-src=""nuh/wEb6x4IxiInVMoIK8MBtPsOZN1xBjR51Pm15agFEVtm5adYadtTbnifSSIABgpKRAjKqshwQzvZpA02ybzY86ThXbgRlrK3iygg94vo="" width=""1080"" height=""810"" /供稿：庞立华审核：姚雪玲、罗占编辑：庞立华&lt;img class=""content-image"" data-src=""FlhNHe3dnu293E6ZtX6/IcBtPsOZN1xBjR51Pm15agFUfbtD1M+E0Jzpp02bcxv3vrbNbwDgj90jwCtVLLs6Ps7ZSDLawd7uYHYEtXdxwj0="" width=""811"" height=""965"" /戒烟的方法1舍弃法要丢掉所有跟烟草有关的工具（打火机、火柴和烟灰缸等），尽量减少或避免参加自己习惯吸烟的一些活动，尽量远离抽烟的环境。2精神疗法在戒烟时期，坚定自己的戒烟决心，保持良好的生活习惯，有规律地锻炼身体，慢慢提高自己的身体机能，身体机能会帮助我们抵抗烟瘾的发作。3替代疗法做一些技巧游戏，使两只手和大脑不要空闲；或者通过令人兴奋的谈话转移注意力；与好朋友进行戒烟""赌约""，能够争取到朋友和同事的支持；在戒烟的时候会产生口渴的症状，可以喝一些水、牛奶或者是新鲜的果汁，不仅可以补充营养，同时又可以帮助戒烟。4食疗法多吃含维生素 B 的食物（新鲜的瓜果蔬菜以及动物类食物），维生素 B 可以很有效的舒缓神经，同时可以有效抑制对于尼古丁的渴望。5针灸戒烟疗法通过调解神经系统来抑制烟瘾，能起到辅助戒烟的效果。6综合疗法对尼古丁成瘾人群，靠自己无法戒烟，需到戒烟门诊进行戒烟治疗，采取心理干预、行为治疗、药物治疗等综合疗法。&lt;img class=""content-image"" data-src=""wXdZHLbub1cJf8KN0C5vfcBtPsOZN1xBjR51Pm15agHzHFRunMhUxxHeQox13S8Zu8nOQgPgsxgqM983HqS8HfOyzsyj8Z/5/u/nyIF4G0Y="" width=""707"" height=""848"" /&lt;img class=""content-image"" data-src=""lEVudsxXQilkQo3OKeq3U8BtPsOZN1xBjR51Pm15agHsF3yDiCytHEhxoIamcYsdJ5U6xlEmxyu1yvX0n/iSJMocp/KjUraHoa3XUqtQu3A="" width=""886"" height=""886"" /&lt;img class=""content-image"" data-src=""/L19E/drXjGfZ2kuFxSZZcBtPsOZN1xBjR51Pm15agGSa/SerK1e219/XUYLP6sr67bb4Gh66RuheseKnYOilsdjDXsXTVTVE2ztNjDlbwc="" width=""604"" height=""604"" /&lt;img class=""content-image"" data-src=""wxcWD3sAnMjy6azFPk/mH8BtPsOZN1xBjR51Pm15agEpUZq414X0hL699I8YovP6ioEW6QJVnJFTlts1laEvNzaiTXcGJExvfBK9bFUK3fs="" width=""716"" height=""716"" /&lt;img class=""content-image"" data-src=""1yUEsxyfsUpaAj7lfsOvA8BtPsOZN1xBjR51Pm15agEE8B42zcHVrH5I8K7d+G2CAB0CE437+tZ5GxddfBFVK+Ne+QQH5hUeivEymEqPyhE="" width=""699"" height=""699"" /&lt;img class=""content-image"" data-src=""/L19E/drXjGfZ2kuFxSZZcBtPsOZN1xBjR51Pm15agG4KWvh7PmYEjBznhAtxg1w/7OUYdwh6qfyJmgQw41YboZjXAvI1zQPv8B5VhB93g4="" width=""477"" height=""477"" /&lt;img class=""content-image"" data-src=""/L19E/drXjGfZ2kuFxSZZcBtPsOZN1xBjR51Pm15agEtb07URab/Q/ZqeC0xofmd5ZzsRcmo6c2963mrAejt2P1mirwAOxko8sBdeG+1adg="" width=""464"" height=""464"" /&lt;img class=""content-image"" data-src=""AdrUyzrPRqQ3SLRqyklRvcBtPsOZN1xBjR51Pm15agE/F35jZ/xsDE6pYw3UPWXWWO6wzQ8GRqw1wYO3Wbm+IOibY9NliNGQxq8LMQ4OwjI="" width=""700"" height=""700"" /&lt;img class=""content-image"" data-src=""FlhNHe3dnu293E6ZtX6/IcBtPsOZN1xBjR51Pm15agHaUkupOwMncWK+O2HBrHvyL14a3QdFTuYtwMVO/yMrqCWZ78o6KFH+nirmYs2O+XU="" width=""735"" height=""735"" /&lt;img class=""content-image"" data-src=""7syuM7T2zZ+KDa0RBbYG3cmJ5ULT+qz1crB9Zo+mUNMTnO6AZXiqUwo7mGY6OpgyQUalYgFEdGwvGa9jLbKLYPXFTIvSZD0H3zCulcHS0B4="" width=""1000"" height=""1200"" /发布于：北京市",搜狐号,中部城市生活指南,2024-01-30 17:25:07,http://m.sohu.com/a/755244697_121106991,未知,控烟、戒烟,正面,未知
202401018638,「香港老年人」都能劈叉？,title: 「香港老年人」都能劈叉？ summary: 「香港老年人」都能劈叉？香港多年蝉联全球最长寿地区榜首，其中不乏以下原因:饮食较清淡、煲汤凉茶文化、重视运动、定期体检、优秀医疗设备、控烟严格等。#港漂#粤语学习#粤语漫画#张学友60#一张图证明你家爱豆的神颜. content: 香港多年蝉联全球最长寿地区榜首，其中不乏以下原因: 饮食较清淡、煲汤凉茶文化、重视运动、定期体检、优秀医疗设备、控烟严格等。[赞R][赞R]而且港人长期以来以「自力更生」的理念生活，故身体机能走下坡的速度不至于太快。所以60+的歌神张学友zoeng1 hok6 jau5仍能做出「一字马」jat1 zi6 maa5（劈叉），当中的自律与恒心可想而知。[哇R][哇R]60岁，在香港可不是什么「老爷爷」，通常被叫「Uncle」。😎 港你知除了教您粤语，还让您了解香港人的人文。 #港漂#粤语学习#粤语漫画#张学友60#一张图证明你家爱豆的神颜,小红书,张敏怡Mandy,2024-01-30 15:15:00,http://www.xiaohongshu.com/discovery/item/65b8a1f8000000002c017b5e,未知,控烟,中性,未知
202401018643,好像在15年的时候，北京的控烟条例就提到有顶的地方禁止吸烟。但这个有没有后文以及各城市有没有推广就不清楚了。我之前做背调查无犯罪记录，就查到有职工因吸烟而有案底，不知道算不算。,title: 好像在15年的时候，北京的控烟条例就提到有顶的地方禁止吸烟。但这个有没有后文以及各城市有没有推广就不清楚了。我之前做背调查无犯罪记录，就查到有职工因吸烟而有案底，不知道算不算。 summary: 好像在15年的时候，北京的控烟条例就提到有顶的地方禁止吸烟。但这个有没有后文以及各城市有没有推广就不清楚了。我之前做背调查无犯罪记录，就查到有职工因吸烟而有案底，不知道算不算。 content: 好像在15年的时候，北京的控烟条例就提到有顶的地方禁止吸烟。但这个有没有后文以及各城市有没有推广就不清楚了。我之前做背调查无犯罪记录，就查到有职工因吸烟而有案底，不知道算不算。,小红书,🌸霞子,2024-01-30 15:06:06,未知,未知,控烟,中性,未知
202401018653,戒烟奇迹：肺能恢复如初吗？医生劝告：别超过这个岁数戒烟！,"title: 戒烟奇迹：肺能恢复如初吗？医生劝告：别超过这个岁数戒烟！ summary: 戒烟奇迹：肺能恢复如初吗？医生劝告：别超过这个岁数戒烟！许多吸烟者都抱有这样一个疑问：戒烟后，肺功能能否恢复如初？戒烟年龄：戒烟年龄越早，肺功能恢复的可能性越大。设定戒烟目标：为自己设定一个戒烟目标，如戒烟一个月、三个月等，逐步实现目标。 content: #我来送健康#吸烟，这个被誉为“慢性自杀”的行为，长久以来困扰着许多人。我国作为世界上吸烟人数最多的，控烟工作显得尤为重要。许多吸烟者都抱有这样一个疑问：戒烟后，肺功能能否恢复如初？今天，我们将围绕这一问题，为广大烟民提供一个明确的答案。首先，我们需要明确一点，戒烟对肺功能的恢复确实存在一定的影响。但具体恢复程度，还需视个人情况而定。一般来说，戒烟后，肺功能会逐渐得到改善。这是因为戒烟后，肺部不再受到尼古丁、焦油等有害物质的损害，从而使肺部细胞得到修复和再生。那么，戒烟后肺功能恢复的速度和程度受哪些因素影响呢？1. 吸烟年限：吸烟年限越长，肺部损伤越严重。相应地，戒烟后肺功能恢复的速度也会较慢。2. 吸烟量：吸烟量大的人在戒烟后，肺部损伤程度相对较轻，恢复速度也相对较快。""3. 个人体质：体质较好的人，在戒烟后肺功能恢复的速度和程度相对较好。4. 戒烟年龄：戒烟年龄越早，肺功能恢复的可能性越大。一般来说，35岁以前戒烟，肺部功能恢复的可能性较大。而超过35岁戒烟，肺部损伤已较为严重，恢复程度有限。那么，如何提高戒烟后肺功能的恢复程度呢？以下几点建议供您参考：1. 积极进行肺功能锻炼：戒烟后，可进行适当的肺功能锻炼，如慢跑、游泳等有氧运动。锻炼有助于提高肺部活力，加速肺部损伤的修复。""2. 保持良好的生活习惯：戒烟后，养成良好的作息、饮食等生活习惯，有助于身体各器官的恢复，包括肺部功能。3. 远离二手烟：戒烟后，尽量避免接触二手烟，以免再次损害肺部健康。4. 保持良好的心态：戒烟是一个漫长的过程，保持积极的心态，有助于克服戒烟过程中的困难与挫折。5. 寻求专业帮助：如有需要，可寻求专业医生指导，采用科学的方法戒烟。总之，戒烟对肺功能的恢复具有积极作用。但戒烟并非一蹴而就，需要长期坚持。在此，我们要提醒大家，尤其是年轻人，尽早戒烟，让肺部健康得到更好的保障。同时，也希望有关部门加大控烟宣传力度，提高公众对吸烟危害的认识，共同为我国控烟事业贡献力量。""当然，戒烟并非易事。在此，我们要为大家提供一些实用的戒烟方法，帮助大家顺利戒烟：1. 逐步减少吸烟量：从每天减少一支烟开始，逐步降低吸烟量，直至完全戒烟。2. 设定戒烟目标：为自己设定一个戒烟目标，如戒烟一个月、三个月等，逐步实现目标。3. 使用辅助戒烟产品：如尼古丁替代疗法、电子烟等，帮助缓解戒烟过程中的烟瘾。4. 培养兴趣爱好：利用空闲时间培养兴趣爱好，如运动、绘画、读书等，转移对香烟的注意力。5. 建立支持系统：与家人、朋友分享戒烟决心，寻求他们的支持和鼓励。最后，我们要提醒大家，戒烟是一个长期且艰辛的过程，需要坚定信念和毅力。同时，也要认识到戒烟对身体健康的重要性，珍惜每一次尝试戒烟的机会。相信在大家的共同努力下，一定能够战胜烟瘾，拥抱健康的生活。感谢您花费时间阅读我们的文章。如果您有任何疑问或需要进一步的帮助，请随时联系我们。祝您一切顺利!",百家号,医务工作者小贾,2024-01-30 14:17:54,http://baijiahao.baidu.com/s?id=1789413318544512781,未知,戒烟、控烟,正面,未知
202401018670,"国产戒烟药上市，助力全球控烟
 
近日，一款由威智医药专项研发的国产戒烟药——酒石酸伐尼克兰片成功获得上市批准，并开始对外销售。这一消息引起了广泛关注，因为它为烟民以及戒烟人士提供了新的戒烟方向，有望进一步推动全球烟草使用率的下降。
 
众所周知，烟草对人体健康的危害是巨大的。据世界卫生组织发布的报","title: 国产戒烟药上市，助力全球控烟 近日，一款由威智医药专项研发的国产戒烟药——酒石酸伐尼克兰片成功获得上市批准，并开始对外销售。这一消息引起了广泛关注，因为它为烟民以及戒烟人士提供了新的戒烟方向，有望进一步推动全球烟草使用率的下降。 众所周知，烟草对人体健康的危害是巨大的。据世界卫生组织发布的报 summary: 近日，一款由威智医药专项研发的国产戒烟药——酒石酸伐尼克兰片成功获得上市批准，并开始对外销售。这一消息引起了广泛关注，因为它为烟民以及戒烟人士提供了新的戒烟方向，有望进一步推动全球烟草使用率的下降。众所周知，烟草对人体健康的危害是巨大的。据世界卫生组织发布的报国产戒烟药上市，助力全球控烟。 content: 国产戒烟药上市，助力全球控烟 近日，一款由威智医药专项研发的国产戒烟药——酒石酸伐尼克兰片成功获得上市批准，并开始对外销售。这一消息引起了广泛关注，因为它为烟民以及戒烟人士提供了新的戒烟方向，有望进一步推动全球烟草使用率的下降。 众所周知，烟草对人体健康的危害是巨大的。据世界卫生组织发布的报""""""",微头条,自若雪梨am,2024-01-30 13:31:54,http://www.toutiao.com/w/1789492162459660/,未知,戒烟、控烟,正面,未知
202401018675,"国产戒烟药上市，助力全球控烟
近日，一款由威智医药专项研发的国产戒烟药——酒石酸伐尼克兰片成功获得上市批准，并开始对外销售。这一消息引起了广泛关注，因为它为烟民以及戒烟人士提供了新的戒烟方向，有望进一步推动全球烟草使用率的下降。
众所周知，烟草对人体健康的危害是巨大的。据世界卫生组织发布的报告称，预计到 2025 年全球烟草使用者数量将下降至 12 亿。然而，要实现这一目标，还需要更多的努力和措施。而国产戒烟药的上市，无疑是一个重要的举措。
酒石酸伐尼克兰片是一种专为戒烟而设计的药物，它可以帮助吸烟者减少对烟草的依赖，缓解戒烟过程中的不适症状。与其他戒烟方法相比，药物治疗具有更高的成功率和更好的安全性。因此，这款国产戒烟药的上市，对于那些希望戒烟的人来说，是一个好消息。
此外，国产戒烟药的上市，也将进一步推动中国的控烟工作。中国是世界上最大的烟草生产和消费国之一，每年有数百万人死于吸烟相关疾病。为了控制烟草危害，中国政府一直在加强控烟措施，包括提高烟草税率、禁止公共场所吸烟等。而国产戒烟药的上市，将为中国的控烟工作提供新的支持和保障。
当然，要实现全球烟草使用率的下降，仅仅依靠药物治疗是远远不够的。还需要政府、社会和个人共同努力，采取综合的控烟措施。政府可以加大对烟草行业的监管力度，提高烟草税率，加强对公共场所吸烟的管理等；社会可以加强对吸烟危害的宣传，提高公众的健康意识，营造良好的控烟氛围；个人可以自觉抵制吸烟，积极参与控烟活动，为实现全球烟草使用率的下降做出自己的贡献。
总之，国产戒烟药的上市，是全球控烟工作的一个重要进展。它为烟民以及戒烟人士提供了新的戒烟方向，也为中国的控烟工作提供了新的支持和保障。我们相信，在政府、社会和个人的共同努力下，全球烟草使用率一定能够得到有效控制，人们的健康水平也一定能够得到显著提高。","title: 国产戒烟药上市，助力全球控烟 近日，一款由威智医药专项研发的国产戒烟药——酒石酸伐尼克兰片成功获得上市批准，并开始对外销售。这一消息引起了广泛关注，因为它为烟民以及戒烟人士提供了新的戒烟方向，有望进一步推动全球烟草使用率的下降。 众所周知，烟草对人体健康的危害是巨大的。据世界卫生组织发布的报告称，预计到 2025 年全球烟草使用者数量将下降至 12 亿。然而，要实现这一目标，还需要更多的努力和措施。而国产戒烟药的上市，无疑是一个重要的举措。 酒石酸伐尼克兰片是一种专为戒烟而设计的药物，它可以帮助吸烟者减少对烟草的依赖，缓解戒烟过程中的不适症状。与其他戒烟方法相比，药物治疗具有更高的成功率和更好的安全性。因此，这款国产戒烟药的上市，对于那些希望戒烟的人来说，是一个好消息。 此外，国产戒烟药的上市，也将进一步推动中国的控烟工作。中国是世界上最大的烟草生产和消费国之一，每年有数百万人死于吸烟相关疾病。为了控制烟草危害，中国政府一直在加强控烟措施，包括提高烟草税率、禁止公共场所吸烟等。而国产戒烟药的上市，将为中国的控烟工作提供新的支持和保障。 当然，要实现全球烟草使用率的下降，仅仅依靠药物治疗是远远不够的。还需要政府、社会和个人共同努力，采取综合的控烟措施。政府可以加大对烟草行业的监管力度，提高烟草税率，加强对公共场所吸烟的管理等；社会可以加强对吸烟危害的宣传，提高公众的健康意识，营造良好的控烟氛围；个人可以自觉抵制吸烟，积极参与控烟活动，为实现全球烟草使用率的下降做出自己的贡献。 总之，国产戒烟药的上市，是全球控烟工作的一个重要进展。它为烟民以及戒烟人士提供了新的戒烟方向，也为中国的控烟工作提供了新的支持和保障。我们相信，在政府、社会和个人的共同努力下，全球烟草使用率一定能够得到有效控制，人们的健康水平也一定能够得到显著提高。 summary: 近日，一款由威智医药专项研发的国产戒烟药——酒石酸伐尼克兰片成功获得上市批准，并开始对外销售。这一消息引起了广泛关注，因为它为烟民以及戒烟人士提供了新的戒烟方向，有望进一步推动全球烟草使用率的下降。 content: 国产戒烟药上市，助力全球控烟 近日，一款由威智医药专项研发的国产戒烟药——酒石酸伐尼克兰片成功获得上市批准，并开始对外销售。这一消息引起了广泛关注，因为它为烟民以及戒烟人士提供了新的戒烟方向，有望进一步推动全球烟草使用率的下降。 众所周知，烟草对人体健康的危害是巨大的。据世界卫生组织发布的报告称，预计到 2025 年全球烟草使用者数量将下降至 12 亿。然而，要实现这一目标，还需要更多的努力和措施。而国产戒烟药的上市，无疑是一个重要的举措。 酒石酸伐尼克兰片是一种专为戒烟而设计的药物，它可以帮助吸烟者减少对烟草的依赖，缓解戒烟过程中的不适症状。与其他戒烟方法相比，药物治疗具有更高的成功率和更好的安全性。因此，这款国产戒烟药的上市，对于那些希望戒烟的人来说，是一个好消息。 此外，国产戒烟药的上市，也将进一步推动中国的控烟工作。中国是世界上最大的烟草生产和消费国之一，每年有数百万人死于吸烟相关疾病。为了控制烟草危害，中国政府一直在加强控烟措施，包括提高烟草税率、禁止公共场所吸烟等。而国产戒烟药的上市，将为中国的控烟工作提供新的支持和保障。 当然，要实现全球烟草使用率的下降，仅仅依靠药物治疗是远远不够的。还需要政府、社会和个人共同努力，采取综合的控烟措施。政府可以加大对烟草行业的监管力度，提高烟草税率，加强对公共场所吸烟的管理等；社会可以加强对吸烟危害的宣传，提高公众的健康意识，营造良好的控烟氛围；个人可以自觉抵制吸烟，积极参与控烟活动，为实现全球烟草使用率的下降做出自己的贡献。 总之，国产戒烟药的上市，是全球控烟工作的一个重要进展。它为烟民以及戒烟人士提供了新的戒烟方向，也为中国的控烟工作提供了新的支持和保障。我们相信，在政府、社会和个人的共同努力下，全球烟草使用率一定能够得到有效控制，人们的健康水平也一定能够得到显著提高。 "" "" """,微头条,自若雪梨am,2024-01-30 13:31:54,http://www.toutiao.com/w/i1789492162459660/,未知,戒烟、控烟,正面,未知
202401018685,#卷烟涨价会让全民戒烟吗#卷烟涨价是骗局，是搜刮民财，是借控烟和维护烟民健康为名，再次扩大利润，再次让烟民放血，以达到利润的扩大化。如果，真的爱民，禁烟吧！停止生产香烟，或研究替代品以对烟草的依赖。,title: #卷烟涨价会让全民戒烟吗#卷烟涨价是骗局，是搜刮民财，是借控烟和维护烟民健康为名，再次扩大利润，再次让烟民放血，以达到利润的扩大化。如果，真的爱民，禁烟吧！停止生产香烟，或研究替代品以对烟草的依赖。 summary: #卷烟涨价会让全民戒烟吗#卷烟涨价是骗局，是搜刮民财，是借控烟和维护烟民健康为名，再次扩大利润，再次让烟民放血，以达到利润的扩大化。如果，真的爱民，禁烟吧！停止生产香烟，或研究替代品以对烟草的依赖。 content: #卷烟涨价会让全民戒烟吗#卷烟涨价是骗局，是搜刮民财，是借控烟和维护烟民健康为名，再次扩大利润，再次让烟民放血，以达到利润的扩大化。如果，真的爱民，禁烟吧！停止生产香烟，或研究替代品以对烟草的依赖。,微头条,静悟布衣人,2024-01-30 13:08:40,http://www.toutiao.com/w/1789490700466188/,未知,戒烟、控烟,负面,未知
202401018690,邓州市市政环卫服务中心组织开展“无烟佳节 与爱同行”宣传活动,"title: 邓州市市政环卫服务中心组织开展“无烟佳节 与爱同行”宣传活动 summary: 邓州市市政环卫服务中心组织开展无烟佳节与爱同行宣传活动为增强居民控烟意识，弘扬无烟健康过节文化，营造健康、清洁、无烟的生活环境，促进健康绿色环保生活方式，1月30日上午，邓州市市政环卫服务中心组织志愿者在湿地公园开展无烟佳节，与爱同行主题宣传活动。 content: 为增强居民控烟意识，弘扬无烟健康过节文化，营造健康、清洁、无烟的生活环境，促进健康绿色环保生活方式，1月30日上午，邓州市市政环卫服务中心组织志愿者在湿地公园开展“无烟佳节，与爱同行”主题宣传活动。""""""活动中，志愿者们向市民群众介绍了吸烟对健康的危害，同时就我国烟民数量、吸烟现状、烟民低龄化发展趋势以及二手烟对人体的危害等方面向居民进行了详细讲解，让居民了解控烟知识，意识到吸烟不仅是对环境的破坏，还是对身边人的一种伤害，使他们懂得吸烟的害处并主动规劝亲人戒烟、禁烟，营造健康良好的无烟环境。""""本次活动旨在向广大群众传递环保理念以及文明健康生活方式，倡导不吸烟、不敬烟、不送烟，“送烟=送危害”等理念，让广大居民度过一个欢乐祥和、健康平安的春节。活动发放爱国卫生倡议书150份、控烟知识宣传册120份，共有30余位群众受益。",头条号,邓州环卫之声,2024-01-30 12:43:32,http://www.toutiao.com/w/i7329742407749091892/,未知,控烟、戒烟,正面,未知
202401018695,医生建议：如何让戒烟后的肺变干净？,"title: 医生建议：如何让戒烟后的肺变干净？ summary: 医生建议：如何让戒烟后的肺变干净？#我来送健康#吸烟对人体健康的危害众所周知，我国政府也在不断加强控烟宣传，为广大烟民提供戒烟的指导和支持。戒烟后，肺部清洁的重要性不言而喻。通过了解戒烟后肺部清洁的过程，采取有效的清洁方法，并养成良好的生活习惯，可以让肺部更快地恢复健康。 content: #我来送健康#吸烟对人体健康的危害众所周知，我国政府也在不断加强控烟宣传，为广大烟民提供戒烟的指导和支持。戒烟后，肺部清洁的重要性不言而喻。那么，如何让戒烟后的肺变干净呢？本文将从医学角度出发，为大家提供一些实用建议。一、了解戒烟后肺部清洁的过程1. 尼古丁代谢：戒烟后，体内尼古丁水平迅速下降，代谢物也随之减少。这个过程可能引发一些短暂的不适，如焦躁、烦躁等。2. 痰液减少：吸烟会导致肺部积聚大量痰液，戒烟后痰液逐渐减少，肺部开始自我清洁。3. 肺部修复：戒烟后，肺部组织逐渐恢复活力，血管扩张，氧气吸收能力增强。""4. 肺部纤毛恢复：戒烟后，肺部纤毛逐渐恢复功能，这些纤毛能帮助清除呼吸道内的异物和痰液。二、戒烟后的肺部清洁方法1. 深呼吸：深呼吸有助于清理呼吸道，增强肺部功能。每天进行适量的深呼吸练习，有助于肺部清洁。2. 水分摄入：充足的水分摄入能促进痰液的排出，有利于肺部清洁。每天至少喝八杯水，以保持体内水分平衡。""3. 规律运动：运动可以提高肺活量，增强肺部功能。戒烟后，适当增加户外运动，如散步、跑步、游泳等。4. 空气净化：生活在空气质量较好的环境中，避免接触二手烟、油烟等污染物质。可以使用空气净化器，保持室内空气清洁。5. 食疗养生：适当摄入具有清肺、养肺作用的食物，如梨、木耳、豆浆等。6. 养成良好的生活习惯：保持作息规律，避免熬夜；保持心情舒畅，减轻生活压力；避免饮酒，以免加重肺部负担。三、医生建议""1. 及时就医：如果在戒烟后出现咳嗽、气促、咳痰等症状，应及时就医，以免延误病情。2. 坚持戒烟：戒烟是一个长期过程，需要毅力与恒心。在遇到挫折时，可寻求家人、朋友和医生的支持。3. 定期体检：戒烟后，应定期进行肺部检查，了解肺部健康状况，及时发现并处理潜在问题。总之，戒烟后的肺部清洁是一个重要的健康问题。通过了解戒烟后肺部清洁的过程，采取有效的清洁方法，并养成良好的生活习惯，可以让肺部更快地恢复健康。同时，戒烟也能降低患肺癌、心血管疾病等的风险，为幸福生活奠定基础。让我们共同努力，拥抱健康，远离烟草！感谢您花费时间阅读我们的文章。如果您有任何疑问或需要进一步的帮助，请随时联系我们。祝您一切顺利!",百家号,泌尿外科郭克存医生,2024-01-30 11:47:23,http://baijiahao.baidu.com/s?id=1789485586485397019,未知,戒烟、控烟,正面,未知
202401018699,戒烟大挑战：被吸烟破坏的肺功能能否恢复？,"title: 戒烟大挑战：被吸烟破坏的肺功能能否恢复？ summary: 戒烟大挑战：被吸烟破坏的肺功能能否恢复？#我来送健康#吸烟，这个被誉为慢性自杀的行为，已成为全球公认的健康杀手。许多人意识到吸烟的危害，纷纷加入戒烟的行列。今天，让我们一起来探讨这个问题，并为戒烟者提供一些干货建议。 content: #我来送健康#吸烟，这个被誉为“慢性自杀”的行为，已成为全球公认的健康杀手。我国作为世界上吸烟人数最多的，控烟行动迫在眉睫。许多人意识到吸烟的危害，纷纷加入戒烟的行列。然而，戒烟并非易事，尤其是对于那些已被吸烟破坏了肺功能的烟民来说，他们更加担忧戒烟后肺功能能否恢复。今天，让我们一起来探讨这个问题，并为戒烟者提供一些干货建议。一、吸烟对肺功能的损害1. 氧化应激增加：吸烟会导致体内氧化应激水平升高，氧化应激会导致细胞损伤，进而影响肺功能。2. 胶原纤维沉积：吸烟会促使肺泡间隔胶原纤维沉积，导致肺泡功能减退，影响呼吸道的通畅。3. 呼吸系统炎症：吸烟可引起呼吸道炎症反应，导致气道痉挛、黏膜水肿等，影响肺通气功能。""4. 肺部感染风险增加：吸烟削弱了肺部的免疫力，使得肺部感染的风险增加，进一步损害肺功能。5. 肺动脉高压：长期吸烟会导致肺动脉高压，影响肺部血液循环，加重肺功能损害。二、戒烟对肺功能的影响1. 肺功能逐渐恢复：戒烟后，体内氧化应激水平降低，呼吸道炎症减轻，肺泡间隔胶原纤维减少，肺功能逐渐得到恢复。""2. 呼吸道症状改善：戒烟后，气道痉挛、黏膜水肿等症状逐渐缓解，呼吸道的通畅程度得到改善。3. 肺部感染风险降低：戒烟可以提高肺部免疫力，降低肺部感染的风险。4. 肺动脉高压改善：戒烟后，肺动脉高压程度减轻，肺部血液循环得到改善。三、戒烟建议及干货1. 确定戒烟目标：明确戒烟的原因，制定切实可行的戒烟计划，设定戒烟目标。""2. 选择戒烟方法：可以尝试尼古丁替代疗法、心理咨询、药物治疗等多种戒烟方法。3. 增强自律意识：加强自律，克服吸烟欲望，坚定戒烟信念。4. 改善生活习惯：增加锻炼，保持良好的作息时间，养成健康的饮食习惯。5. 社交支持：寻求家人、朋友、专业团队的支持，共同应对戒烟过程中的困难。6. 调整心态：保持积极的心态，正视戒烟过程中的挫折，逐步克服烟瘾。7. 定期体检：戒烟后定期进行肺部检查，关注肺功能恢复情况。四、结语戒烟对肺功能的恢复具有重要意义。尽管戒烟过程中可能会遇到种种困难，但只要坚定信念、采取正确的方法，戒烟成功并非遥不可及。同时，戒烟者需要关注戒烟后的生活习惯调整，保持良好的心态，为实现健康生活共同努力。当然，戒烟并非一蹴而就，而是需要长期坚持。在这个过程中，家人、朋友和社会的关爱与支持至关重要。让我们共同关注戒烟大挑战，为打造健康中国贡献力量。感谢您花费时间阅读我们的文章。如果您有任何疑问或需要进一步的帮助，请随时联系我们。祝您一切顺利!",百家号,普济良医,2024-01-30 11:41:05,http://baijiahao.baidu.com/s?id=1789485189837247212,未知,戒烟、控烟,中性,未知
202401018710,北京市控烟工作取得显著成效，助力身心健康与改善公共环境,"title: 北京市控烟工作取得显著成效，助力身心健康与改善公共环境 summary: 北京市控烟工作取得显著成效，助力身心健康与改善公共环境近日，北京市卫生健康委发布的数据显示，北京市控烟工作取得了显著进展，成人吸烟率连续下降，并于2021年提前达到了健康北京行动的目标。让我们共同支持和参与无烟环境建设，减少吸烟，关爱自己的身心健康，改善公共环境质量，为实现更健康、更美好的未来努力奋斗。 content: 近日，北京市卫生健康委发布的数据显示，北京市控烟工作取得了显著进展，成人吸烟率连续下降，并于2021年提前达到了健康北京行动的目标。这一成果对减少吸烟、促进身心健康以及改善公共环境产生了积极影响。""根据第五次成人烟草流行调查的结果，北京市15岁及以上成人吸烟率为19.9%，与2021年持平，成功实现了健康北京行动提出的“到2022年，15岁及以上成人吸烟率低于20%”的目标。尽管成人吸烟率降速减缓，已经到达了平台期，距离健康北京行动提出的“到2030年，成人吸烟率低于17%”目标仍有一定差距，但这一成就值得鼓舞。调查结果显示，男性吸烟率为36.6%，比2021年上升了0.6个百分点；女性吸烟率为2.2%，比2021年下降了0.5个百分点。此外，家庭二手烟暴露率为29.6%，与2021年并无明显改善。尽管在室内工作场所、中小学校和政府大楼的二手烟暴露率有所下降，但餐馆、大学、医疗机构和公共交通工具的二手烟暴露率基本持平。""在所有曾经和现在吸烟人群中，戒烟率达到了29.6%，比2021年提高了2.6个百分点。现在吸烟者的尝试戒烟率由2021年的38.2%提高至41.8%，有戒烟计划的比例由2021年的19.2%提高至23.7%。这些数据表明，在无烟文化的熏陶下，北京市吸烟者具备较强的戒烟动机和需求，成为开展戒烟服务的可干预对象。值得注意的是，电子烟并未获得北京市居民额外的青睐。调查显示，曾经使用过电子烟的比例由2021年的7.4%下降至6.6%，现在使用电子烟的比例则由3.2%下降至2.2%。同时，77.4%的受访者表示支持将电子烟纳入现有禁烟法规。针对无烟街区设置问题，北京市民对多项措施持支持态度。87.2%的受访者赞同在办事机构的室外公共区域设置吸烟区，90.2%赞同在各单位的入口处设置灭烟处，78.0%赞同在城市街区广场的开阔位置设置吸烟区。这体现了公众对于无烟环境的期望和支持。下一阶段，北京将继续深入推进健康北京行动，严格落实《北京市控制吸烟条例》，加强控烟执法，积极开展戒烟服务，深入推进无烟场所建设，进行更有针对性的控烟宣传，倡导健康文明生活方式。全社会将形成合力，共同打造无烟北京。北京市控烟工作的显著成效不仅改善了居民的身心健康，也提升了公共环境的质量。吸烟对个人健康的危害是众所周知的，而二手烟也会对周围的人造成不良影响。通过持续努力，北京市为全国其他城市树立了榜样，展示了控烟工作的积极效果。让我们共同支持和参与无烟环境建设，减少吸烟，关爱自己的身心健康，改善公共环境质量，为实现更健康、更美好的未来努力奋斗",头条号,勇往直前的小伙,2024-01-30 11:23:02,http://www.toutiao.com/w/i7329725613286392356/,未知,控烟、戒烟,正面,未知
202401018716,北京成人吸烟率居高不下：降速减缓背后的原因与挑战,"title: 北京成人吸烟率居高不下：降速减缓背后的原因与挑战 summary: 北京成人吸烟率居高不下：降速减缓背后的原因与挑战""在北京市的公共场所，几乎随处可见吸烟者的身影。吸烟对健康的危害众所周知，烟草中含有多种有害物质，如尼古丁、焦油、一氧化碳等，长期吸烟会对人体健康造成严重危害。一些吸烟者对禁烟规定视而不见，给公共场所禁烟工作带来了很大的困扰。 content: 在北京市的公共场所，几乎随处可见吸烟者的身影。尽管北京市政府出台了一系列控烟政策，但北京的成人吸烟率仍然高居不下，控烟工作面临着前所未有的挑战。近年来，虽然北京的成人吸烟率下降速度有所减缓，但仍然是一个不容忽视的问题。吸烟对健康的危害众所周知，烟草中含有多种有害物质，如尼古丁、焦油、一氧化碳等，长期吸烟会对人体健康造成严重危害。吸烟会导致各种疾病的发生率增加，如肺癌、心脏病、中风等。因此，控烟工作对于维护公众健康具有重要意义。然而，北京的控烟工作面临着诸多挑战。首先，吸烟者的数量庞大，尤其是在男性中更为普遍。吸烟行为的形成与文化、社会背景等多种因素有关，控烟工作需要从多个方面入手。其次，烟草行业对控烟工作的影响也不容忽视。烟草行业为了自身利益，往往会采取各种手段来对抗控烟政策。此外，公共场所禁烟政策的执行难度也不容小觑。一些吸烟者对禁烟规定视而不见，给公共场所禁烟工作带来了很大的困扰。为了有效降低北京的成人吸烟率，政府和社会各界需要采取多种措施。首先，政府应该加大对烟草广告的监管力度，禁止在媒体和公共场所发布烟草广告。同时，政府还应该加强对烟草行业的监管，限制烟草行业的扩张和营销活动。其次，学校和教育部门应该加强对青少年的教育，让他们了解吸烟对健康的危害，树立正确的价值观和生活方式。此外，社会团体和公益组织也应该积极参与控烟工作，通过各种渠道宣传控烟知识，提高公众对吸烟危害的认识。同时，政府还应该加强对公共场所禁烟规定的执行力度。对于违反禁烟规定的行为，应该及时制止并给予相应的处罚。此外，政府还可以通过经济手段来控制吸烟行为，比如提高烟草税和烟草价格，从而降低吸烟者的消费意愿。另外，社区和家庭也应该发挥积极作用。社区可以开展各种形式的控烟宣传活动，鼓励居民积极参与控烟工作。家庭也可以通过教育和引导，帮助家庭成员树立正确的健康观念和生活方式。总之，降低北京的成人吸烟率需要政府、社会各界和个人的共同努力。只有通过多管齐下、综合施策，才能有效遏制吸烟行为的蔓延，保护公众的健康和福祉。虽然北京的成人吸烟率居高不下是一个严峻的问题，但这也为政府和社会各界提供了更多的机会和挑战。只有不断探索和创新控烟方式，不断完善相关政策和规定，才能为降低北京的成人吸烟率做出更大的贡献。让我们共同努力，为创造一个无烟的北京而奋斗！",头条号,善良叶子U6,2024-01-30 11:12:16,http://www.toutiao.com/article/7329723804166160948/,未知,控烟,中性,未知
202401018722,简阳教育发布丨施家平息学校开展“无烟佳节 与爱同行”主题教育活动,"title: 简阳教育发布丨施家平息学校开展“无烟佳节 与爱同行”主题教育活动 summary: 简阳教育发布丨施家平息学校开展无烟佳节与爱同行主题教育活动烟草危害是当今世界最严重的公共卫生问题之一，是人类健康所面临的最大危险因素。为了进一步宣传吸烟危害和戒烟知识，营造一个健康、清洁、禁烟的良好环境。我校于近日再次组织师生学习了《成都市控制吸烟条例》。放假前各班进行了无烟佳节与爱同行主题班会。 content: 烟草危害是当今世界最严重的公共卫生问题之一，是人类健康所面临的最大危险因素。为了进一步宣传吸烟危害和戒烟知识，营造一个健康、清洁、禁烟的良好环境。我校于近日再次组织师生学习了《成都市控制吸烟条例》。放假前各班进行了“无烟佳节与爱同行”主题班会。""""在主题班会上，班主任通过介绍烟民吸烟的现状、二手烟对身体健康的危害，并结合通俗易懂的语言、简单易记的顺口溜、形象生动的动画和触目惊心的统计数据，让同学们充分认识到烟草对人类健康的危害。""在本学期的家访中，积极向家长宣传无烟佳节的思想。同时在学校张贴宣传“禁止吸烟”标志，重点围绕无烟环境建设，不断推进控烟行动三部曲 “室内全面禁烟，室外不吸游烟，吸烟请看标志”。""在学校的精心组织下，在全校师生的积极参与下，我校严格落实禁烟规定，取得了良好的效果，为我校的德育工作增添了新的亮点。",头条号,简阳教育,2024-01-30 11:08:56,http://www.toutiao.com/w/i7329722580871987753/,未知,戒烟、控烟,正面,未知
202401018727,【请您关注】无烟佳节 与爱同行——杭州市绿洲花园幼儿园控烟禁烟宣传活动,"title: 【请您关注】无烟佳节 与爱同行——杭州市绿洲花园幼儿园控烟禁烟宣传活动 summary: 幼儿园是幼儿健康成长的摇篮，为进一步加强幼儿园禁烟控烟工作，树立健康向上的社会风尚，为师幼营造无烟、清洁、健康、舒适的成长环境，将控烟活动延伸到每一户家庭。幼儿园是无烟校园，园门区域道路为禁烟道路，家长在幼儿园门口接送幼儿时，要控制自己和告知家人做到不吸烟。 content: 吸烟有害健康拒绝香烟 珍爱生命无烟环境更需我们的守护向香烟说不我们势在必行！烟草依赖是一种慢性疾病，烟草危害是世界最严重的公共卫生问题之一，吸烟和二手烟已经严重危害人类健康。为深入推动幼儿园控烟工作，营造寒假以及春节期间无烟氛围，引导全体师幼及家长践行文明健康绿色环保生活方式，近日杭州市绿洲花园幼儿园开展了“无烟佳节，与爱同行”的控烟宣传活动。无烟学校，从你我做起各班教师通过多媒体动画、图片、视频等多种形式，向幼儿宣传吸烟对人体的危害，引导幼儿认识禁烟标志，帮助孩子们真切地认识到烟草带来的危害，坚决拒绝二手烟。&lt;img class=""content-image"" data-src=""AdrUyzrPRqQ3SLRqyklRvcBtPsOZN1xBjR51Pm15agEH+ZI4ozoChXbnt4qRFxotf90c44WxpJOag2998L1LZoIj6KloUJtXg+h5K8MT89o="" width=""1080"" height=""810"" /大班的小朋友们在了解了吸烟的危害后，都化身为“控烟小卫士”，拿起手中的画笔，发挥自己的想象力，用绘画的方式将“禁烟标志”和控烟宣传海报呈现出来，将“控烟”意识融入每个人心中。孩子们还邀请幼儿园的保安叔叔一同加入禁烟的行列中, 让周围的空气越来越新鲜,在交流中真切地认识到烟草带来的危害性，加深了对“世界无烟日”的了解。&lt;img class=""content-image"" data-src=""nuh/wEb6x4IxiInVMoIK8MBtPsOZN1xBjR51Pm15agFpEC9PyQg/STGZwYSwEktlhed35k4lm8vqjE0wbQGx65DVm6FGn4LdDceBOMfMY8Q="" width=""1080"" height=""810"" /&lt;img class=""content-image"" data-src=""1yUEsxyfsUpaAj7lfsOvA8BtPsOZN1xBjR51Pm15agExqXPU+qgxwck/U08ZlgoqB7f3yNoV/NshU8FiSVygRXUNjulTFich6tLwDdoEcGA="" width=""1080"" height=""810"" /&lt;img class=""content-image"" data-src=""lEVudsxXQilkQo3OKeq3U8BtPsOZN1xBjR51Pm15agGV+i5FzyDOzKr3T5UHElP4q6ZpBxxYGlExB8CSEfOseSr8y0gtsZRPFLnhC6tccp4="" width=""1080"" height=""810"" /&lt;img class=""content-image"" data-src=""lEVudsxXQilkQo3OKeq3U8BtPsOZN1xBjR51Pm15agEdPE0zgDDilJ5BbwBWGrCL2pkHh/fQAocoW+NeEBWBD2G5CTM1xWoFGhmDgrehcAk="" width=""1080"" height=""810"" /&lt;img class=""content-image"" data-src=""AdrUyzrPRqQ3SLRqyklRvcBtPsOZN1xBjR51Pm15agF/8x4KYe49XYLtcyzKPgN1QVCyMDWGpFXfPdTDX7YMXhfhJPdO5SeDCn3NjK95+ds="" width=""800"" height=""600"" /&lt;img class=""content-image"" data-src=""FlhNHe3dnu293E6ZtX6/IcBtPsOZN1xBjR51Pm15agFbBrYYTnyhe9ym293rZKgQ5bzzgcCmTjrzlwPsq+9o2hVXrWscY8GBWXPlZoMkoBk="" width=""800"" height=""600"" /&lt;img class=""content-image"" data-src=""wXdZHLbub1cJf8KN0C5vfcBtPsOZN1xBjR51Pm15agEDgmbdcN6W8vRkha5IE2JQzOnrWZI2SHO7+Tx9iUtacBBDemIAriUHECpRSnOnwWM="" width=""500"" height=""453"" /禁烟控烟倡议书尊敬的家长朋友：您好！幼儿园是幼儿健康成长的摇篮，为进一步加强幼儿园禁烟控烟工作，树立健康向上的社会风尚，为师幼营造无烟、清洁、健康、舒适的成长环境，将控烟活动延伸到每一户家庭。在此，向您发出倡议：1.自觉遵守《公共场所吸烟管理条例》规定，从自身做起，在各类公共场所不吸烟，为孩子的健康成长树立良好的榜样。2.主动参与禁烟，在家中尽可能少吸烟、不吸烟。不在幼儿的学习或游戏场所吸烟，使他们免受被动吸烟的危害。3.从自身做起，自觉拒绝烟草，自觉接受亲人朋友的监督，树立吸烟危害自己及他人健康的理念，远离烟草毒害，养成良好的健康卫生习惯和文明生活方式。4.从家庭做起，主动向亲友宣传吸烟的危害，劝说吸烟的人群少吸烟或不吸烟，拥有一个健康的生活环境。5.幼儿园是“无烟校园”，园门区域道路为禁烟道路，家长在幼儿园门口接送幼儿时，要控制自己和告知家人做到不吸烟。 亲爱的家长朋友，拥有健康幸福的生活，是我们每个人的心愿，我们相信，为了您和您家人的健康、为了我们的绿色地球，您一定要远离烟草，为全社会营造一个健康的生活环境。 创建无烟环境，构建和谐校园，需要您的支持与参与，让我们一起行动起来吧！图：各班文：盛慧洁编辑：王梓萱审核：许靖发布于：山西省",搜狐号,游戏猪猪王,2024-01-30 10:57:18,http://m.sohu.com/a/755158633_121124831,未知,控烟,中性,未知
202401018732,网友捎话：餐厅控烟有死角 自治区政协委员丁桂凤：落实属地管理者主体&lt;span style=color: #F76435;责任&lt;/span,"title: 网友捎话：餐厅控烟有死角 自治区政协委员丁桂凤：落实属地管理者主体&lt;span style=color: #F76435;责任&lt;/span summary: 网友捎话：餐厅控烟有死角自治区政协委员丁桂凤：落实属地管理者主体&lt;span style=""color:#F76435。 content: 天山网/新疆日报记者 郭倩网友“蔡蔡”在石榴云12345问政平台“两会专区”留言：在餐厅吃饭，不时就能碰到在室内抽烟的人，餐厅服务员对此只是简单劝导，一些餐厅里甚至连禁止吸烟的标志也没有在醒目处张贴，希望有关部门加大监督以及处罚力度，真正落实室内公共场所全面禁烟。一个小建议：赋予餐饮场所经营者劝诫权，对二手烟制造者可依规礼送出店。丁桂凤（自治区政协委员，乌鲁木齐市妇幼保健院、乌鲁木齐友爱医院院长）：支持“蔡蔡”的观点，赞成赋予劝诫权的建议。我认为不仅仅是在餐厅，只要是在公共场所，对于吸烟的人，属地管理者都应提前告知，如果遇到不配合，请对方离开。吸烟，除了对吸烟者本身的伤害，更多伤害到的是不吸烟人群。面对此类情况，大家不妨大胆说“不”。烟草危害是当今世界最严重的公共卫生问题之一，吸烟的危害虽然已是老生常谈，可禁烟的理念却未达到深入人心的程度，生活中在公共场所吸烟的现象仍较普遍。我一直从事母婴健康领域的工作，每天面对妇女儿童，尤其是孕产妇，对于这类人群来说，二手烟的危害更大。解决这一问题，现实层面，需要更具可行性和针对性的制度，动员全社会广泛参与，个人、单位、社会共同治理，落实管理者的主体责任，这是落实控烟的根本。同时，政府层面，积极开展控烟宣传教育，提高公众对烟草危害的正确认识，促进形成不吸烟、不敬烟、不劝烟的社会风气等。不在公共场所吸烟，应成为社会高度倡导的公共道德，事关社会文明和国民素养。每个公民都应当参加到控烟行动，该劝阻的就劝阻，该举报的就举报。",人民号,天山网,2024-01-30 10:31:47,http://rmh.pdnews.cn/Pc/ArtInfoApi/article?id=39727694,未知,控烟,正面,未知
202401018737,加一条：控烟力度，我天天被逼吸二手烟。,title: 加一条：控烟力度，我天天被逼吸二手烟。 summary: 加一条：控烟力度，我天天被逼吸二手烟。 content: 加一条：控烟力度，我天天被逼吸二手烟。,小红书,弱智才拉黑我,2024-01-30 10:12:26,未知,未知,控烟,负面,未知
202401018742,戒烟后，肺能否回到过去？吸烟带来的伤害让你触目惊心！,"title: 戒烟后，肺能否回到过去？吸烟带来的伤害让你触目惊心！ summary: 戒烟后，肺能否回到过去？吸烟带来的伤害让你触目惊心！吸烟，这个被誉为慢性自杀的行为，长期以来困扰着无数人的生活。因为吸烟对肺部的伤害是持续的，长时间的吸烟会使肺部纤维化，导致肺功能减退。据统计，吸烟者患肺癌的风险是不吸烟者的10-20倍。增强戒烟意识：认识到吸烟的危害，坚定戒烟的信念。 content: 吸烟，这个被誉为“慢性自杀”的行为，长期以来困扰着无数人的生活。我国作为世界上吸烟人数最多的，禁烟、控烟已成为当务之急。那么，戒烟后，我们的肺能否回到过去？吸烟所带来的伤害，你是否真的了解呢？一、戒烟后，肺能否回到过去？戒烟后，肺功能的确会逐渐得到改善。然而，想要回到戒烟前的状态，并非易事。因为吸烟对肺部的伤害是持续的，长时间的吸烟会使肺部纤维化，导致肺功能减退。戒烟后，尽管肺部炎症会减轻，但已受损的肺组织无法完全恢复。二、吸烟带来的伤害，让你触目惊心！1. 肺癌：吸烟是导致肺癌的主要原因。据统计，吸烟者患肺癌的风险是不吸烟者的10-20倍。烟雾中的有害物质，如尼古丁、一氧化碳和多环芳烃等，可直接损伤肺细胞，导致肺癌的发生。""2. 心血管疾病：吸烟会导致血管痉挛、血压升高、心率加快，从而增加心血管疾病的风险。研究发现，吸烟者患心肌梗死、中风等心血管疾病的风险是不吸烟者的2-4倍。3. 慢性阻塞性肺疾病（COPD）：吸烟是COPD的主要病因。吸烟会损伤气道，导致气流受限，呼吸困难。长期吸烟者，约15%-20%会发展为COPD。4. 口腔疾病：吸烟可导致口腔黏膜病变，增加口腔癌的风险。同时，吸烟还会导致牙周炎、牙齿脱落等口腔问题。5. 生育障碍：吸烟会影响生育能力，增加胎儿畸形的风险。研究发现，吸烟者怀孕期间发生胎儿畸形的风险是不吸烟者的2-3倍。""6. 皮肤老化：吸烟会导致皮肤微循环受损，使得皮肤养分供应不足，从而出现皱纹、色斑等皮肤老化现象。7. 免疫力下降：吸烟会降低免疫力，使人更容易感染病毒、细菌等病原体，从而引发各种疾病。三、干货建议：如何戒烟？1. 增强戒烟意识：认识到吸烟的危害，坚定戒烟的信念。2. 设定戒烟目标：确定戒烟日期，制定短期和长期的戒烟计划。""3. 替代行为：丢弃烟蒂，远离吸烟场所，避免与吸烟者接触。4. 克服烟瘾：采用深呼吸、喝水、散步等方式，应对戒烟过程中的不适。5. 寻求支持：向家人、朋友、医生等寻求帮助，加入戒烟俱乐部，与其他戒烟者互相鼓励。6. 使用辅助戒烟产品：如尼古丁替代疗法、口嚼口香糖、贴片等。7. 调整生活习惯：保持规律作息，合理饮食，增加锻炼，改善作息。8. 心理调适：学会应对压力，保持乐观心态，逐步摆脱吸烟的诱惑。总之，戒烟是一项长期而艰巨的任务。只有认识到吸烟的危害，坚定戒烟信念，并采取科学的方法，才能最终摆脱吸烟的困扰。让我们一起为了身体健康，勇敢地向戒烟迈进！最后，提醒大家，戒烟不仅是为自己，更是为家人、朋友和社会负责。让我们共同努力，创造一个无烟的环境，迎接更健康的生活！感谢您花费时间阅读我们的文章。如果您有任何疑问或需要进一步的帮助，请随时联系我们。祝您一切顺利!",百家号,西安中医王医生,2024-01-30 09:18:08,http://baijiahao.baidu.com/s?id=1789421242007509977,未知,戒烟、控烟,负面,未知
202401018748,北京成人吸烟率降速减缓,"title: 北京成人吸烟率降速减缓 summary: 北京成人吸烟率降速减缓北京控烟成果显著，吸烟率稳步下降仍需持续努力。北京市在控烟工作上取得的成果是可喜的，但仍需进一步加大力度，通过更有力的政策和宣传，进一步提高公众的控烟意识，切实推动吸烟率的降低，为实现更为严格的控烟目标努力奋斗。这也是为了建设更加健康、清新的城市环境，为市民提供更好的生活质量。 content: 北京控烟成果显著，吸烟率稳步下降仍需持续努力""自2015年《北京市控制吸烟条例》出台以来，北京市控烟工作取得了显著成效，成人吸烟率持续下降。根据最新发布的第五次成人烟草流行调查数据，15岁及以上成人吸烟率为19.9%，与2021年持平，成功提前实现了“到2022年，15岁及以上成人吸烟率低于20%”的目标。这一成果的取得，反映了北京市控烟工作的积极推进和广泛参与。《北京市控制吸烟条例》的出台为城市控烟提供了法律基础，各项措施的实施进一步规范了吸烟行为，提高了公众的健康意识。成人吸烟率的连续下降不仅有益于降低吸烟相关疾病的发病率，也为实现健康北京行动提出的更为严格目标奠定了基础。然而，值得注意的是，尽管吸烟率已经降至19.9%，但与健康北京行动提出的“到2030年，成人吸烟率低于17%”的目标仍存在一定差距。这表明虽然控烟工作取得了显著成效，但在实现更为严格的目标方面仍需持续努力。调查数据还显示，男性吸烟率略有上升，达到了36.6%，而女性吸烟率下降至2.2%。这提示我们在控烟工作中需要更有针对性地关注不同性别的吸烟群体，制定更加切实可行的干预措施。此外，家庭二手烟暴露率为29.6%，并未明显改善，这也是一个需要引起关注的问题。尽管在室内工作场所、中小学校、政府大楼等场所的二手烟暴露率有所下降，但在餐馆、大学、医疗机构、公共交通工具等场所，二手烟暴露率基本持平。这提示我们在控烟工作中，需要更加细化、精准地针对不同场所的二手烟暴露问题，切实提高公共场所的控烟水平。北京市在控烟工作上取得的成果是可喜的，但仍需进一步加大力度，通过更有力的政策和宣传，进一步提高公众的控烟意识，切实推动吸烟率的降低，为实现更为严格的控烟目标努力奋斗。这也是为了建设更加健康、清新的城市环境，为市民提供更好的生活质量。",头条号,酸奶味的吻,2024-01-30 09:06:56,http://www.toutiao.com/w/i7329690663031898658/,未知,控烟,中性,未知
202401018754,"市妇联开展“无烟佳节 与爱同行”志愿服务活动
1月16日，为深入开展控烟宣传教育，大力弘扬无烟健康过节文化，市妇联开展“无烟佳节 与爱同行”志愿服务活动。
市妇联组织巾帼志愿者在结对社区开展主题宣传活动，深入临街店铺、居民小区开展无烟宣传，进一步宣传烟草使用对自身及青少年的危害，呼吁市民群众从自身做","title: 市妇联开展“无烟佳节 与爱同行”志愿服务活动 1月16日，为深入开展控烟宣传教育，大力弘扬无烟健康过节文化，市妇联开展“无烟佳节 与爱同行”志愿服务活动。 市妇联组织巾帼志愿者在结对社区开展主题宣传活动，深入临街店铺、居民小区开展无烟宣传，进一步宣传烟草使用对自身及青少年的危害，呼吁市民群众从自身做 summary: 1月16日，为深入开展控烟宣传教育，大力弘扬无烟健康过节文化，市妇联开展无烟佳节与爱同行志愿服务活动。市妇联组织巾帼志愿者在结对社区开展主题宣传活动，深入临街店铺、居民小区开展无烟宣传，进一步宣传烟草使用对自身及青少年的危害，呼吁市民群众从自身做市妇联开展无烟佳节与爱同行志愿服务活动。 content: 市妇联开展“无烟佳节 与爱同行”志愿服务活动 1月16日，为深入开展控烟宣传教育，大力弘扬无烟健康过节文化，市妇联开展“无烟佳节 与爱同行”志愿服务活动。 市妇联组织巾帼志愿者在结对社区开展主题宣传活动，深入临街店铺、居民小区开展无烟宣传，进一步宣传烟草使用对自身及青少年的危害，呼吁市民群众从自身做""",微头条,心欣柠檬,2024-01-30 09:00:23,http://www.toutiao.com/w/1789475079819340/,未知,控烟,正面,未知
202401018760,"市妇联开展“无烟佳节 与爱同行”志愿服务活动
1月16日，为深入开展控烟宣传教育，大力弘扬无烟健康过节文化，市妇联开展“无烟佳节 与爱同行”志愿服务活动。
市妇联组织巾帼志愿者在结对社区开展主题宣传活动，深入临街店铺、居民小区开展无烟宣传，进一步宣传烟草使用对自身及青少年的危害，呼吁市民群众从自身做起，珍爱生命，控制吸烟、文明吸烟；推动全市形成文明健康、绿色环保生活方式。同时，巾帼志愿者还开展了创城宣传、垃圾清理、车辆规范停放劝导、安全充电提醒等志愿服务活动。","title: 市妇联开展“无烟佳节 与爱同行”志愿服务活动 1月16日，为深入开展控烟宣传教育，大力弘扬无烟健康过节文化，市妇联开展“无烟佳节 与爱同行”志愿服务活动。 市妇联组织巾帼志愿者在结对社区开展主题宣传活动，深入临街店铺、居民小区开展无烟宣传，进一步宣传烟草使用对自身及青少年的危害，呼吁市民群众从自身做起，珍爱生命，控制吸烟、文明吸烟；推动全市形成文明健康、绿色环保生活方式。同时，巾帼志愿者还开展了创城宣传、垃圾清理、车辆规范停放劝导、安全充电提醒等志愿服务活动。 summary: 1月16日，为深入开展控烟宣传教育，大力弘扬无烟健康过节文化，市妇联开展无烟佳节与爱同行志愿服务活动。市妇联组织巾帼志愿者在结对社区开展主题宣传活动，深入临街店铺、居民小区开展无烟宣传，进一步宣传烟草使用对自身及青少年的危害，呼吁市民群众从自身做起，珍爱生命，控制吸烟、文明吸烟。 content: 市妇联开展“无烟佳节 与爱同行”志愿服务活动 1月16日，为深入开展控烟宣传教育，大力弘扬无烟健康过节文化，市妇联开展“无烟佳节 与爱同行”志愿服务活动。 市妇联组织巾帼志愿者在结对社区开展主题宣传活动，深入临街店铺、居民小区开展无烟宣传，进一步宣传烟草使用对自身及青少年的危害，呼吁市民群众从自身做起，珍爱生命，控制吸烟、文明吸烟；推动全市形成文明健康、绿色环保生活方式。同时，巾帼志愿者还开展了创城宣传、垃圾清理、车辆规范停放劝导、安全充电提醒等志愿服务活动。 """,微头条,心欣柠檬,2024-01-30 09:00:23,http://www.toutiao.com/w/i1789475079819340/,未知,控烟,正面,未知
202401018766,爱卫办开展“无烟佳节，与爱同行”控烟宣传活动,"title: 爱卫办开展“无烟佳节，与爱同行”控烟宣传活动 summary: 爱卫办开展无烟佳节，与爱同行控烟宣传活动为增强职工与患者控烟意识，弘扬无烟健康过节文化，营造健康、清洁、无烟的就诊环境，1月24日下午，爱卫办在院内开展无烟佳节，与爱同行控烟知识宣传活动。大力弘扬无烟过节文化，使大家都能过一个平安健康的新年。 content: 为增强职工与患者控烟意识，弘扬无烟健康过节文化，营造健康、清洁、无烟的就诊环境，1月24日下午，爱卫办在院内开展“无烟佳节，与爱同行”控烟知识宣传活动。""""活动中，邀请了我院医生向职工及患者介绍了吸烟对健康的危害，同时围绕我国烟民数量、吸烟现状、烟民低龄化发展趋势以及二手烟对人体的危害等方面向大家进行了详细讲解，使大家明白吸烟不仅是对环境的破坏，更是对身边人的伤害，健康良好的无烟环境需要大家共同努力。""""此次活动以春节为契机，通过更换控烟健康教育宣传栏、悬挂横幅、LED屏展示等多种形式播放控烟宣传标语，同时更换了禁烟标识等内容。大力弘扬无烟过节文化，使大家都能过一个平安健康的新年。",头条号,西安市第一医院,2024-01-30 08:53:44,http://www.toutiao.com/w/i7329688129462682153/,未知,控烟,正面,未知
202401018782,77.4%受访者支持电子&lt;b烟&lt;/b纳入禁&lt;b烟&lt;/b法规,title: 77.4%受访者支持电子&lt;b烟&lt;/b纳入禁&lt;b烟&lt;/b法规 summary: 记者蒋若静）结合近期本市公共场所控烟暗访结果，近日，市爱卫办在全市范围内开启控烟督导检查。针对无烟街区设置问题，北京市民对多项措施持支持态度：87.2%的受访者赞同在办事机构的室外公共区域设置吸烟区，90.2%赞同在各单位的入口处设置灭烟处，78.0%赞同在城市街区广场的开阔位置设置吸烟区。 content: 本报讯（记者蒋若静）结合近期本市公共场所控烟暗访结果，近日，市爱卫办在全市范围内开启控烟督导检查。昨日，北京青年报记者跟随北京市冬季控烟督导检查组工作人员前往西城区多个点位进行督导检查，检查地点涉及宾馆、写字楼、医疗机构、党政机关、餐馆、KTV、网吧、公交枢纽八类场所。当日下午，督导检查组工作人员前往位于西城区新文化街的亚朵酒店，重点检查了吸烟标识设置情况、制度设计和管理情况。北青报记者在现场看到，酒店内的前台、餐吧、楼道、电梯间、厕所等位置都张贴了明显的禁止吸烟的标识，上面还有控烟投诉举报电话。在酒店外侧设有专门的吸烟区。位于复兴门大街的凯晨大厦有6000余名办公人员，控烟工作情况如何？督导检查组对该写字楼的楼道、厕所、办公区、地下停车场等空间均进行了仔细查看，未发现违法吸烟情况。该写字楼南侧、北侧设置了三个吸烟区。市卫健委相关负责人表示，下一阶段，本市将继续深入推进健康北京行动，严格落实《北京市控制吸烟条例》，加强控烟执法，积极开展戒烟服务，深入推进无烟场所建设，进行更有针对性的控烟宣传，倡导健康文明生活方式，全社会形成合力，共同打造无烟北京。近期，北京市卫生健康委发布了第五次成人烟草流行调查数据结果，15岁及以上成人吸烟率为19.9%，与2021年持平。对于电子烟，调查结果显示，有77.4%的受访者表示支持将电子烟纳入现有禁烟法规。调查结果显示，成人吸烟率降速减缓，已到达了平台期，距离健康北京行动提出的“到2030年，成人吸烟率低于17%”目标仍有一定差距。其中男性吸烟率36.6%，比2021年上升了0.6个百分点，女性吸烟率2.2%，比2021年下降了0.5个百分点。本次调查显示，家庭二手烟暴露率为29.6%，二手烟暴露情况比2021年并无明显改善。除室内工作场所、中小学校、政府大楼的二手烟暴露率有所下降外，餐馆、大学、医疗机构、公共交通工具的二手烟暴露率则与2021年基本持平。此外，电子烟并未获得北京市居民额外的青睐。调查中，曾经使用过电子烟的比例由2021年的7.4%下降至6.6%，现在使用电子烟的比例则由3.2%下降至2.2%；另有77.4%的受访者表示支持将电子烟纳入现有禁烟法规。针对无烟街区设置问题，北京市民对多项措施持支持态度：87.2%的受访者赞同在办事机构的室外公共区域设置吸烟区，90.2%赞同在各单位的入口处设置灭烟处，78.0%赞同在城市街区广场的开阔位置设置吸烟区。,快传号,北青热点,2024-01-30 07:25:00,http://www.360kuai.com/mob/transcoding?url=9eb2199cd5fd0451e,未知,控烟、戒烟,中性,未知
202401018789,"烟价调整后，老爸就要被迫戒烟了。老爸抽烟其实就是一个瘾，白天抽，半夜醒来也要抽，烟瘾非常大。但老爸有点抠门＂，从不舍得买贵的烟，也不允许我们买贵的给他。小时候我记得抽的是我们广西青竹，甲天下，长大后品种多点紅塔山，白沙，真龙等不超过10元的烟，这两年国家控烟政策严重，烟越来越贵，便宜的的烟要定才能买到一两条，今年更是定也买不到，父亲急得像热锅上的蚂蚁，想抽舍不得买，几姐妹平时经常买，但久了有点小压力，一条烟3天就没了，近200块呢！
老爸说买点土家烟丝回去卷吧，不到两天嫌弃麻烦又觉得苦，前段时间村里没烟卖，侄女见网上有卖，竟然网购，结果抽后老爸闻到真正的烟味竟然想吐，咨询客服，＂网上怎么可能有烟卖！政策是不允许的，我们店里这款是戒烟的烟！＂
恍然大悟，家里人都笑了。那怎么办？侄子在广东江门那边工作，听说还有10块左右的烟，家里人为了爸爸过个好春节，备点烟吧，于是侄子买得一大箱的烟。
我想，不久爸爸就要被迫戒烟了，老百姓抽不起那玩意呀。","title: 烟价调整后，老爸就要被迫戒烟了。老爸抽烟其实就是一个瘾，白天抽，半夜醒来也要抽，烟瘾非常大。但老爸有点抠门＂，从不舍得买贵的烟，也不允许我们买贵的给他。小时候我记得抽的是我们广西青竹，甲天下，长大后品种多点紅塔山，白沙，真龙等不超过10元的烟，这两年国家控烟政策严重，烟越来越贵，便宜的的烟要定才能买到一两条，今年更是定也买不到，父亲急得像热锅上的蚂蚁，想抽舍不得买，几姐妹平时经常买，但久了有点小压力，一条烟3天就没了，近200块呢！ 老爸说买点土家烟丝回去卷吧，不到两天嫌弃麻烦又觉得苦，前段时间村里没烟卖，侄女见网上有卖，竟然网购，结果抽后老爸闻到真正的烟味竟然想吐，咨询客服，＂网上怎么可能有烟卖！政策是不允许的，我们店里这款是戒烟的烟！＂ 恍然大悟，家里人都笑了。那怎么办？侄子在广东江门那边工作，听说还有10块左右的烟，家里人为了爸爸过个好春节，备点烟吧，于是侄子买得一大箱的烟。 我想，不久爸爸就要被迫戒烟了，老百姓抽不起那玩意呀。 summary: 烟价调整后，老爸就要被迫戒烟了。小时候我记得抽的是我们广西青竹，甲天下，长大后品种多点紅塔山，白沙，真龙等不超过10元的烟，这两年国家控烟政策严重，烟越来越贵，便宜的的烟要定才能买到一两条，今年更是定也买不到，父亲急得像热锅上的蚂蚁，想抽舍不得买，几姐妹平时经常买，但久了有点小压力。 content: 烟价调整后，老爸就要被迫戒烟了。老爸抽烟其实就是一个瘾，白天抽，半夜醒来也要抽，烟瘾非常大。但老爸有点""抠门＂，从不舍得买贵的烟，也不允许我们买贵的给他。小时候我记得抽的是我们广西青竹，甲天下，长大后品种多点紅塔山，白沙，真龙等不超过10元的烟，这两年国家控烟政策严重，烟越来越贵，便宜的的烟要定才能买到一两条，今年更是定也买不到，父亲急得像热锅上的蚂蚁，想抽舍不得买，几姐妹平时经常买，但久了有点小压力，一条烟3天就没了，近200块呢！ 老爸说买点土家烟丝回去卷吧，不到两天嫌弃麻烦又觉得苦，前段时间村里没烟卖，侄女见网上有卖，竟然网购，结果抽后老爸闻到真正的烟味竟然想吐，咨询客服，＂网上怎么可能有烟卖！政策是不允许的，我们店里这款是戒烟的烟！＂ 恍然大悟，家里人都笑了。那怎么办？侄子在广东江门那边工作，听说还有10块左右的烟，家里人为了爸爸过个好春节，备点烟吧，于是侄子买得一大箱的烟。 我想，不久爸爸就要被迫戒烟了，老百姓抽不起那玩意呀。 "" "" """,微头条,古池雨,2024-01-30 04:55:08,http://www.toutiao.com/w/i1789459649494027/,未知,戒烟、控烟,正面,未知
202401018346,戒烟药的出现能否降低烟草使用率,"title: 戒烟药的出现能否降低烟草使用率 summary: 戒烟药的出现能否降低烟草使用率随着人们对健康的关注度不断提高，戒烟成为了一个热门话题。近年来，国产戒烟药的成功上市为戒烟人士提供了新的选择，也为全球烟草使用率的下降带来了新的希望。戒烟药的上市，或将近一步提高控烟率，降低烟草使用率。 content: 随着人们对健康的关注度不断提高，戒烟成为了一个热门话题。近年来，国产戒烟药的成功上市为戒烟人士提供了新的选择，也为全球烟草使用率的下降带来了新的希望。""由威智医药专项研发的酒石酸伐尼克兰片获得上市批准，对外销售。这一消息引起了广泛关注，因为它为烟患者和戒烟人士提供了一种新的戒烟方法。伐尼克兰是一种选择性尼古丁乙酰胆碱受体拮抗剂，它可以与尼古丁竞争结合受体，从而减少尼古丁对大脑的刺激，降低吸烟的欲望。""世卫组织发布报告称，全球烟草使用者数量预计到 2025 年下降至 12 亿。这一趋势表明，越来越多的人开始意识到吸烟对健康的危害，并采取行动来戒烟。戒烟药的上市，或将近一步提高控烟率，降低烟草使用率。""尽管戒烟药的出现为戒烟人士提供了新的选择，但要真正降低烟草使用率，还需要政府、社会和个人的共同努力。政府可以加强对烟草的管控，加大对吸烟的惩罚力度，同时加强对戒烟药的监管，确保其质量和安全性。社会可以加强对吸烟危害的宣传，提高公众对吸烟的认识和警惕性。个人则需要认识到吸烟对健康的危害，增强戒烟的意愿和决心。戒烟药的使用方法和注意事项（一）使用方法1. 戒烟药的使用应该在医生的指导下进行，遵循医生的建议和用药说明。2. 一般来说，戒烟药的使用需要一个疗程，通常为 12 周左右。在用药期间，需要按照医生的建议逐渐减少吸烟量，直至完全戒烟。3. 戒烟药的使用需要有耐心和恒心，不能急于求成。在用药期间，需要注意观察身体反应，如出现不良反应应及时就医。（二）注意事项1. 孕妇、哺乳期妇女、儿童和青少年不宜使用戒烟药。2. 患有严重肝病、肾病、心脏病、抑郁症等疾病的患者在使用戒烟药前应咨询医生意见。3. 戒烟药不能替代健康的生活方式，如合理饮食、适量运动等。国产戒烟药的成功上市为烟患者和戒烟人士提供了新的选择和希望，但要真正降低烟草使用率，还需要政府、社会和个人的共同努力。我们应该认识到吸烟对健康的危害，增强戒烟的意愿和决心，共同营造一个健康、和谐的社会环境。",头条号,奇妙风声V,2024-01-29 22:54:56,http://www.toutiao.com/w/i7329533256003518976/,未知,戒烟、控烟,中性,未知
202401018351,提高烟价是大势所趋，控烟效果已初步显示，特别是低端烟，通过提高价格达到减少吸烟人数，效果明显，高端烟吸烟人数少，通过价格调整，达到控烟效果不眀显，对个人而言，响应国家号召，努力戒掉吸烟，利国利已。对国家而言，吸烟影起的健康支出是大于烟草税收的。,title: 提高烟价是大势所趋，控烟效果已初步显示，特别是低端烟，通过提高价格达到减少吸烟人数，效果明显，高端烟吸烟人数少，通过价格调整，达到控烟效果不眀显，对个人而言，响应国家号召，努力戒掉吸烟，利国利已。对国家而言，吸烟影起的健康支出是大于烟草税收的。 summary: 提高烟价是大势所趋，控烟效果已初步显示，特别是低端烟，通过提高价格达到减少吸烟人数，效果明显，高端烟吸烟人数少，通过价格调整，达到控烟效果不眀显，对个人而言，响应国家号召，努力戒掉吸烟，利国利已。对国家而言，吸烟影起的健康支出是大于烟草税收的。 content: 提高烟价是大势所趋，控烟效果已初步显示，特别是低端烟，通过提高价格达到减少吸烟人数，效果明显，高端烟吸烟人数少，通过价格调整，达到控烟效果不眀显，对个人而言，响应国家号召，努力戒掉吸烟，利国利已。对国家而言，吸烟影起的健康支出是大于烟草税收的。,微头条,活泼喜鹊Ik,2024-01-29 22:51:34,未知,未知,控烟,正面,未知
202401018365,"江西宜春，春运期间，一个大叔为了抽烟而错过了高铁，这个事引发了很多人的关注和反思。无论是生活中还是网络上，我们常常看到一些顽固不化的烟民为了自己的习惯而冒着安全风险。虽然很多人对此表示不理解，但我们也不能排除个体的自由选择权。那么，该如何在个人选择和公共安全之间找到平衡呢？
首先，个人选择权是有限制的。烟草控制法律法规中明确规定，禁止在公共场所吸烟，列车车厢也属于其中。这是基于安全和健康考虑的必要举措。我们应该尊重法律法规，自觉遵守公共场所的吸烟禁令。
其次，公共安全意识需要加强。虽然一些人可能认为吸烟只是自己的事情，但实际上，烟草燃烧释放出的有毒气体会对他人造成危害。尤其是在高速行驶的列车上，吸烟增加了火灾的风险，将会对自己和其他乘客造成不可逆转的灾难。我们应该加强公共安全教育，提高公众对于公共安全风险的认知。
最后，平衡个人选择和公共安全，需要建立在相互理解和尊重的基础上。对于烟民来说，应该在不影响他人的前提下，在安全的场所吸烟，保护别人的身体健康。对于控烟者来说，需要尊重烟民的自主选择，保护他们的个人隐私。只有相互尊重，才能达到平衡的状态。
最近几年，全球控烟能见到一些成果。在中国，由于公共场所控烟政策的出台，我们看到了一些明显的成效。但是，这只是开始。我们仍需要在全社会广泛开展吸烟危害宣传，营造健康、文明的社会氛围。让每个人身体健康，社会安全稳定。
#记录我的2024#
#江西上饶身边事# #江西真实案例# #为何人丧生？# #萍乡人身边事# #网上这些事# #讨论高铁奇闻# #论高铁上的尬事# #令人痛心的事# #乘高铁那些事# #细说身边事#","title: 江西宜春，春运期间，一个大叔为了抽烟而错过了高铁，这个事引发了很多人的关注和反思。无论是生活中还是网络上，我们常常看到一些顽固不化的烟民为了自己的习惯而冒着安全风险。虽然很多人对此表示不理解，但我们也不能排除个体的自由选择权。那么，该如何在个人选择和公共安全之间找到平衡呢？ 首先，个人选择权是有限制的。烟草控制法律法规中明确规定，禁止在公共场所吸烟，列车车厢也属于其中。这是基于安全和健康考虑的必要举措。我们应该尊重法律法规，自觉遵守公共场所的吸烟禁令。 其次，公共安全意识需要加强。虽然一些人可能认为吸烟只是自己的事情，但实际上，烟草燃烧释放出的有毒气体会对他人造成危害。尤其是在高速行驶的列车上，吸烟增加了火灾的风险，将会对自己和其他乘客造成不可逆转的灾难。我们应该加强公共安全教育，提高公众对于公共安全风险的认知。 最后，平衡个人选择和公共安全，需要建立在相互理解和尊重的基础上。对于烟民来说，应该在不影响他人的前提下，在安全的场所吸烟，保护别人的身体健康。对于控烟者来说，需要尊重烟民的自主选择，保护他们的个人隐私。只有相互尊重，才能达到平衡的状态。 最近几年，全球控烟能见到一些成果。在中国，由于公共场所控烟政策的出台，我们看到了一些明显的成效。但是，这只是开始。我们仍需要在全社会广泛开展吸烟危害宣传，营造健康、文明的社会氛围。让每个人身体健康，社会安全稳定。 #记录我的2024# #江西上饶身边事# #江西真实案例# #为何人丧生？# #萍乡人身边事# #网上这些事# #讨论高铁奇闻# #论高铁上的尬事# #令人痛心的事# #乘高铁那些事# #细说身边事# summary: 江西宜春，春运期间，一个大叔为了抽烟而错过了高铁，这个事引发了很多人的关注和反思。无论是生活中还是网络上，我们常常看到一些顽固不化的烟民为了自己的习惯而冒着安全风险。那么，该如何在个人选择和公共安全之间找到平衡呢？ content: 江西宜春，春运期间，一个大叔为了抽烟而错过了高铁，这个事引发了很多人的关注和反思。无论是生活中还是网络上，我们常常看到一些顽固不化的烟民为了自己的习惯而冒着安全风险。虽然很多人对此表示不理解，但我们也不能排除个体的自由选择权。那么，该如何在个人选择和公共安全之间找到平衡呢？ 首先，个人选择权是有限制的。烟草控制法律法规中明确规定，禁止在公共场所吸烟，列车车厢也属于其中。这是基于安全和健康考虑的必要举措。我们应该尊重法律法规，自觉遵守公共场所的吸烟禁令。 其次，公共安全意识需要加强。虽然一些人可能认为吸烟只是自己的事情，但实际上，烟草燃烧释放出的有毒气体会对他人造成危害。尤其是在高速行驶的列车上，吸烟增加了火灾的风险，将会对自己和其他乘客造成不可逆转的灾难。我们应该加强公共安全教育，提高公众对于公共安全风险的认知。 最后，平衡个人选择和公共安全，需要建立在相互理解和尊重的基础上。对于烟民来说，应该在不影响他人的前提下，在安全的场所吸烟，保护别人的身体健康。对于控烟者来说，需要尊重烟民的自主选择，保护他们的个人隐私。只有相互尊重，才能达到平衡的状态。 最近几年，全球控烟能见到一些成果。在中国，由于公共场所控烟政策的出台，我们看到了一些明显的成效。但是，这只是开始。我们仍需要在全社会广泛开展吸烟危害宣传，营造健康、文明的社会氛围。让每个人身体健康，社会安全稳定。 #记录我的2024# #江西上饶身边事# #江西真实案例# #为何人丧生？# #萍乡人身边事# #网上这些事# #讨论高铁奇闻# #论高铁上的尬事# #令人痛心的事# #乘高铁那些事# #细说身边事# "" "" """,微头条,崔德隆冬强,2024-01-29 22:06:31,http://www.toutiao.com/w/i1789427338511434/,未知,控烟,正面,未知
202401018370,"根据新华网报道，由威智医药专项研发的酒石酸伐尼克兰片已获得上市批准，对外销售。这一戒烟新药的上市，为烟患者以及戒烟人士控烟戒烟提供了新的方向。
酒石酸伐尼克兰片是一种新型的非尼古丁戒烟药物，通过抑制神经传导物质尼古丁，达到减少吸烟者对尼古丁的依赖程度，进而降低吸烟意愿的效果。同时，它还具有改善吸烟者的戒烟体验，缓解戒断症状的作用。这一特点对于那些渴望戒烟但又无法完全戒除的人来说，无疑是一个福音。
这一新药的上市，不仅体现了我国医药科技水平的提升，也为全球控烟工作做出了贡献。世卫组织近日发布报告称，全球烟草使用者数量预计到2025年将下降至12亿。这主要是由于控烟措施的加强以及戒烟宣传的普及。而戒烟药的上市，或将近一步提高控烟率，降低烟草使用率。
在戒烟药物的研发过程中，威智医药进行了大量的实验和研究，积累了丰富的经验。酒石酸伐尼克兰片的成功研发，无疑为我国医药产业在国际市场上赢得了声誉。随着该药物的推广和普及，相信会有越来越多的烟民选择戒烟，回归健康的生活。
总的来说，国产戒烟药的上市是控烟工作的一大突破，全球烟草使用率下降的趋势也更加明显。我们有理由相信，在不久的将来，吸烟人数将会逐渐减少，健康的生活方式将更加普遍。让我们期待这一美好的未来早日到来。#戒烟的的事儿# #如何才能戒烟？#","title: 根据新华网报道，由威智医药专项研发的酒石酸伐尼克兰片已获得上市批准，对外销售。这一戒烟新药的上市，为烟患者以及戒烟人士控烟戒烟提供了新的方向。 酒石酸伐尼克兰片是一种新型的非尼古丁戒烟药物，通过抑制神经传导物质尼古丁，达到减少吸烟者对尼古丁的依赖程度，进而降低吸烟意愿的效果。同时，它还具有改善吸烟者的戒烟体验，缓解戒断症状的作用。这一特点对于那些渴望戒烟但又无法完全戒除的人来说，无疑是一个福音。 这一新药的上市，不仅体现了我国医药科技水平的提升，也为全球控烟工作做出了贡献。世卫组织近日发布报告称，全球烟草使用者数量预计到2025年将下降至12亿。这主要是由于控烟措施的加强以及戒烟宣传的普及。而戒烟药的上市，或将近一步提高控烟率，降低烟草使用率。 在戒烟药物的研发过程中，威智医药进行了大量的实验和研究，积累了丰富的经验。酒石酸伐尼克兰片的成功研发，无疑为我国医药产业在国际市场上赢得了声誉。随着该药物的推广和普及，相信会有越来越多的烟民选择戒烟，回归健康的生活。 总的来说，国产戒烟药的上市是控烟工作的一大突破，全球烟草使用率下降的趋势也更加明显。我们有理由相信，在不久的将来，吸烟人数将会逐渐减少，健康的生活方式将更加普遍。让我们期待这一美好的未来早日到来。#戒烟的的事儿# #如何才能戒烟？# summary: 由威智医药专项研发的酒石酸伐尼克兰片已获得上市批准，对外销售。这一戒烟新药的上市，为烟患者以及戒烟人士控烟戒烟提供了新的方向。酒石酸伐尼克兰片是一种新型的非尼古丁戒烟药物，通过抑制神经传导物质尼古丁，达到减少吸烟者对尼古丁的依赖程度，进而降低吸烟意愿的效果。#戒烟的的事儿##如何才能戒烟？ content: 根据新华网报道，由威智医药专项研发的酒石酸伐尼克兰片已获得上市批准，对外销售。这一戒烟新药的上市，为烟患者以及戒烟人士控烟戒烟提供了新的方向。 酒石酸伐尼克兰片是一种新型的非尼古丁戒烟药物，通过抑制神经传导物质尼古丁，达到减少吸烟者对尼古丁的依赖程度，进而降低吸烟意愿的效果。同时，它还具有改善吸烟者的戒烟体验，缓解戒断症状的作用。这一特点对于那些渴望戒烟但又无法完全戒除的人来说，无疑是一个福音。 这一新药的上市，不仅体现了我国医药科技水平的提升，也为全球控烟工作做出了贡献。世卫组织近日发布报告称，全球烟草使用者数量预计到2025年将下降至12亿。这主要是由于控烟措施的加强以及戒烟宣传的普及。而戒烟药的上市，或将近一步提高控烟率，降低烟草使用率。 在戒烟药物的研发过程中，威智医药进行了大量的实验和研究，积累了丰富的经验。酒石酸伐尼克兰片的成功研发，无疑为我国医药产业在国际市场上赢得了声誉。随着该药物的推广和普及，相信会有越来越多的烟民选择戒烟，回归健康的生活。 总的来说，国产戒烟药的上市是控烟工作的一大突破，全球烟草使用率下降的趋势也更加明显。我们有理由相信，在不久的将来，吸烟人数将会逐渐减少，健康的生活方式将更加普遍。让我们期待这一美好的未来早日到来。#戒烟的的事儿# #如何才能戒烟？# """,微头条,天佑解说1,2024-01-29 21:44:57,http://www.toutiao.com/w/i1789432585421827/,未知,戒烟、控烟戒烟、控烟,正面,未知
202401018375,大叔高铁不顾劝阻下车抽烟，手机没带高铁发车了，这下舒服了？,"title: 大叔高铁不顾劝阻下车抽烟，手机没带高铁发车了，这下舒服了？ summary: 大叔高铁不顾劝阻下车抽烟，手机没带高铁发车了，这下舒服了？正文：近日，在一趟高铁列车上，一位中年大叔因烟瘾难耐，在列车行驶过程中执意下车抽烟。当他们在车厢尾部找到大叔时，列车已经因为大叔没有携带手机而误发了。列车员急得团团转，不断劝说大叔赶紧上车，但大叔却置若罔闻，继续享受着他的烟草之旅。 content: 标题：大叔高铁不顾劝阻下车抽烟，手机没带高铁发车了，网友：这下舒服了？正文：近日，在一趟高铁列车上，一位中年大叔因烟瘾难耐，在列车行驶过程中执意下车抽烟。""尽管周围的乘客和列车员多次劝阻，大叔仍不顾一切地下了车。然而，就在他沉浸在与香烟的亲密接触中时，列车却因为他没有携带手机而误发了。事情发生在一天傍晚，高铁列车正在高速行驶。这位大叔坐在车厢内，烟瘾时不时地袭来，让他如坐针毡。终于，他无法忍受烟瘾的折磨，趁列车员不注意，悄悄下车，来到了车厢尾部抽烟。""列车员发现大叔不见了，立刻四处寻找。当他们在车厢尾部找到大叔时，列车已经因为大叔没有携带手机而误发了。列车员急得团团转，不断劝说大叔赶紧上车，但大叔却置若罔闻，继续享受着他的烟草之旅。周围的乘客也对大叔的行为表示不满，纷纷指责他不顾全车人的安全。但大叔似乎并不以为意，反而理直气壮地说：“我抽个烟，关你们什么事？”这一幕让乘客们气愤不已，但又无可奈何。""最后，列车员只能联系车站工作人员，请求他们帮忙寻找大叔的手机。而大叔则在第N次被劝阻后，终于意识到自己的错误，匆忙戒烟上车。在我国的高铁上，我们不难发现，许多男性乘客喜欢在车厢内抽烟。这一现象引发了社会的广泛关注，不少人对此表示不解。那么，为什么男性在高铁上如此热衷于抽烟呢？从以下几个方面进行分析。""首先，生活习惯因素。在我国，吸烟男性占比较大，许多人将抽烟视为日常生活的一部分。对于这部分人来说，乘坐高铁这样的长途交通工具，抽烟成为了缓解压力、消磨时间的手段。长时间的车程可能让他们感到无聊和疲惫，抽烟便成为了一种生活习惯的延续。其次，社交需求。高铁车厢内乘客众多，抽烟成为一种社交工具。男性乘客之间通过互相递烟、交流烟的品牌和口感，建立起一种人际关系的纽带。在高铁上抽烟，有时也是一种应酬、交友的方式。""第三，心理因素。吸烟可以让人暂时放松，缓解焦虑和紧张。对于一些男性乘客来说，乘坐高铁可能会让他们产生一定的压力，如担心行程安全、担心工作事务等。抽烟成为了他们在心理上寻求安慰的一种方式。第四，尼古丁成瘾。部分男性乘客长期吸烟，已对尼古丁产生依赖。在高铁上，他们可能会因为长时间无法抽烟而感到不适，进而选择在车厢内抽烟。""然而，我们需要认识到，抽烟对个人和他人的身体健康造成严重影响。高铁车厢是密闭空间，吸烟会导致二手烟传播，影响其他乘客的健康。我国政府也在不断加强控烟宣传，提高公众对吸烟危害的认识。综上所述，男性在高铁上热衷于抽烟的原因有生活习惯、社交需求、心理因素等多种因素。为了营造一个健康、和谐的高铁出行环境，我们应加强控烟宣传，提高人们的自律意识，共同维护一个良好的乘车氛围。同时，政府和社会各界也应关注吸烟人群的需求，为他们提供更多的戒烟支持和帮助，推动我国控烟事业的发展。""列车晚点了一段时间，但大叔的手机却始终没有找到。他后悔不已，意识到自己的一时疏忽，给全车人带来了麻烦。网友们在得知这一消息后，纷纷留言评论：@小草：这个大叔真是太自私了，烟瘾这么大，还敢在高铁上抽烟！@飘雪：哈哈，这下舒服了？手机都没了，还怎么享受烟草带来的快感？""@阳光：大叔这次真是失算了，烟没抽成，还惹了一身骚。手机丢了，看他还怎么嚣张！@彩虹：高铁上抽烟真是个不好的习惯，希望大叔这次能吸取教训，以后别再犯类似的错误了。@列车员：我们工作这么辛苦，这位大叔还给我们添麻烦，真心希望他能认识到自己的错误，遵守高铁规定。""通过这次事件，希望大叔能深刻反省自己的行为，同时也提醒广大高铁乘客，遵守列车规定，共同营造一个和谐、安全的出行环境。#我来唠家常#​",头条号,侃点乐趣,2024-01-29 21:35:34,http://www.toutiao.com/w/i7329513389662077477/,未知,戒烟、控烟,正面,未知
202401018380,致湘潭市民的&lt;b倡议&lt;/b书:无烟佳节 与爱同行,title: 致湘潭市民的&lt;b倡议&lt;/b书:无烟佳节 与爱同行 summary: 致湘潭市民的&lt;b倡议&lt;/b书:无烟佳节与爱同行广大市民朋友：吸烟是导致心脑血管疾病、癌症、慢性阻塞性肺病等多种疾病的根本因素，已成为继高血压之后的第二号健康杀手。湘潭市创建国家卫生城市工作领导小组办公室湘潭市爱国卫生运动委员会办公室2024年1月29日。 content: 广大市民朋友：吸烟是导致心脑血管疾病、癌症、慢性阻塞性肺病等多种疾病的根本因素，已成为继高血压之后的第二号健康杀手。为深入开展“无烟佳节 与爱同行”活动，营造良好无烟环境，推进控烟宣传常态化、无烟环境建设长效化、戒烟干预规范化，市创卫办、市爱卫办向广大市民朋友发出如下倡议：争做文明行为的引领者严格遵守有关规定，不在室内工作场所和公共场所、公共交通工具内、电梯内等禁烟场所吸烟(含电子烟)，人人自觉、相互监督，争做文明行为的引领者。争当控烟工作的劝导者主动劝阻他人不在禁烟场所吸烟，带动身边人文明劝导、共促健康，形成全社会支持控烟的良好氛围，争当控烟工作的劝导者。争做健康生活的宣传者主动宣传控烟健康知识，提醒亲友自觉远离烟草、早戒烟，青少年不吸第一支烟，主动远离传统烟草制品和电子烟，共同培育“不吸烟、不送烟、不敬烟、拒香烟”的健康文明家风，践行健康生活理念，争做健康生活的宣传者。争做环境卫生的守护者发扬主人翁精神，养成文明卫生的生活习惯，不乱扔烟头，主动消除消防安全隐患，全员参与国家卫生城市建设，争做环境卫生的守护者。让我们携起手来，积极追求文明健康绿色环保的生活方式，从自身做起、从现在做起，拒绝烟草、珍爱生命，齐心共筑无烟环境，共度无烟健康佳节!湘潭市创建国家卫生城市工作领导小组办公室湘潭市爱国卫生运动委员会办公室2024年1月29日,快传号,红网,2024-01-29 21:31:00,http://www.360kuai.com/mob/transcoding?url=9fd80e02ea6940041,未知,控烟、戒烟,中性,未知
202401018390,"原卫生部副部长、中国工程院院士王陇德提醒，有三样东西害了中国人，我们不能再沉默下去了：

第一个是香烟。根据中国疾控中心数据，我国每年有100多万人死于烟草相关疾病，如果不加控制，到2030年，每年吸烟导致的死亡人数将突破200万。中国是一个拥有14亿人口的大国，控烟是必须的。

第二个是缺乏运动。我国成年人身体活动不足的比例高达57%。运动不足，身体素质下降，肥胖和慢性病的风险增加。为了自己的健康，我们必须要积极运动。

第三个是不良的饮食习惯。我国每天平均有超过1.8万人死于心脑血管疾病，占总死亡人数的41%。饮食中摄入过多的盐和油、含糖饮料和高能量食品，以及水果和蔬菜摄入不足，是导致心脑血管疾病的重要因素。我们要养成健康的饮食习惯，多吃水果和蔬菜，少吃盐和油，控制糖和能量的摄入。

这些问题，我们不能再回避了。只有正视它们，才能更好地解决它们。我们每个人都要行动起来，保护自己和家人的健康。
汤头歌诀全书 正版原文白话文图解彩绘中医经典名著入门养生书籍","title: 原卫生部副部长、中国工程院院士王陇德提醒，有三样东西害了中国人，我们不能再沉默下去了： 第一个是香烟。根据中国疾控中心数据，我国每年有100多万人死于烟草相关疾病，如果不加控制，到2030年，每年吸烟导致的死亡人数将突破200万。中国是一个拥有14亿人口的大国，控烟是必须的。 第二个是缺乏运动。我国成年人身体活动不足的比例高达57%。运动不足，身体素质下降，肥胖和慢性病的风险增加。为了自己的健康，我们必须要积极运动。 第三个是不良的饮食习惯。我国每天平均有超过1.8万人死于心脑血管疾病，占总死亡人数的41%。饮食中摄入过多的盐和油、含糖饮料和高能量食品，以及水果和蔬菜摄入不足，是导致心脑血管疾病的重要因素。我们要养成健康的饮食习惯，多吃水果和蔬菜，少吃盐和油，控制糖和能量的摄入。 这些问题，我们不能再回避了。只有正视它们，才能更好地解决它们。我们每个人都要行动起来，保护自己和家人的健康。 汤头歌诀全书 正版原文白话文图解彩绘中医经典名著入门养生书籍 summary: 原卫生部副部长、中国工程院院士王陇德提醒，有三样东西害了中国人，我们不能再沉默下去了：第一个是香烟。根据中国疾控中心数据，我国每年有100多万人死于烟草相关疾病，如果不加控制，到2030年，每年吸烟导致的死亡人数将突破200万。汤头歌诀全书正版原文白话文图解彩绘中医经典名著入门养生书籍。 content: 原卫生部副部长、中国工程院院士王陇德提醒，有三样东西害了中国人，我们不能再沉默下去了： 第一个是香烟。根据中国疾控中心数据，我国每年有100多万人死于烟草相关疾病，如果不加控制，到2030年，每年吸烟导致的死亡人数将突破200万。中国是一个拥有14亿人口的大国，控烟是必须的。 第二个是缺乏运动。我国成年人身体活动不足的比例高达57%。运动不足，身体素质下降，肥胖和慢性病的风险增加。为了自己的健康，我们必须要积极运动。 第三个是不良的饮食习惯。我国每天平均有超过1.8万人死于心脑血管疾病，占总死亡人数的41%。饮食中摄入过多的盐和油、含糖饮料和高能量食品，以及水果和蔬菜摄入不足，是导致心脑血管疾病的重要因素。我们要养成健康的饮食习惯，多吃水果和蔬菜，少吃盐和油，控制糖和能量的摄入。 这些问题，我们不能再回避了。只有正视它们，才能更好地解决它们。我们每个人都要行动起来，保护自己和家人的健康。 汤头歌诀全书 正版原文白话文图解彩绘中医经典名著入门养生书籍""""""""",微头条,拄着梦想前行,2024-01-29 19:43:18,http://www.toutiao.com/w/1789424931334228/,未知,控烟,正面,未知
202401018396,"原卫生部副部长、中国工程院院士王陇德提醒，有三样东西害了中国人，我们不能再沉默下去了：

第一个是香烟。根据中国疾控中心数据，我国每年有100多万人死于烟草相关疾病，如果不加控制，到2030年，每年吸烟导致的死亡人数将突破200万。中国是一个拥有14亿人口的大国，控烟是必须的。

第二个是缺乏运","title: 原卫生部副部长、中国工程院院士王陇德提醒，有三样东西害了中国人，我们不能再沉默下去了： 第一个是香烟。根据中国疾控中心数据，我国每年有100多万人死于烟草相关疾病，如果不加控制，到2030年，每年吸烟导致的死亡人数将突破200万。中国是一个拥有14亿人口的大国，控烟是必须的。 第二个是缺乏运 summary: 原卫生部副部长、中国工程院院士王陇德提醒，有三样东西害了中国人，我们不能再沉默下去了：第一个是香烟。根据中国疾控中心数据，我国每年有100多万人死于烟草相关疾病，如果不加控制，到2030年，每年吸烟导致的死亡人数将突破200万。中国是一个拥有14亿人口的大国，控烟是必须的。第二个是缺乏运。 content: 原卫生部副部长、中国工程院院士王陇德提醒，有三样东西害了中国人，我们不能再沉默下去了： 第一个是香烟。根据中国疾控中心数据，我国每年有100多万人死于烟草相关疾病，如果不加控制，到2030年，每年吸烟导致的死亡人数将突破200万。中国是一个拥有14亿人口的大国，控烟是必须的。 第二个是缺乏运""""""""",微头条,拄着梦想前行,2024-01-29 19:43:18,http://www.toutiao.com/w/i1789424931334228/,未知,控烟,正面,未知
202401018410,健康家庭必备宝典|快来查收这份控烟春节礼包,"title: 健康家庭必备宝典|快来查收这份控烟春节礼包 summary: 健康家庭必备宝典|。快来查收这份控烟春节礼包&lt;img class=""content-image""data-src=""J3kI4JuPBpRGkXtqFJaxCcmJ5ULT+qz1crB9Zo+mUNO4adV9pIL2aZQ5Zl9Gqnq5fPKshNP""width=""1000""height=""1400""/。快来查收这份控烟春节礼包！我们势在必行！对二手烟说不.共度无烟健康佳节！诵读《习近平走进百姓家》。发布于：北京市。 content: &lt;img class=""content-image"" data-src=""J3kI4JuPBpRGkXtqFJaxCcmJ5ULT+qz1crB9Zo+mUNO4adV9pIL2aZQ5Zl9Gqnq5fPKshNPMExBiUn8kx5lpB5ZGhQ6qA6Ckd2oO8I7fxzg="" width=""1000"" height=""1400"" /快来查收这份控烟春节礼包！向香烟说不我们势在必行！&lt;img class=""content-image"" data-src=""nuh/wEb6x4IxiInVMoIK8MBtPsOZN1xBjR51Pm15agFdJS8Qjn+A8LwjtRNFZw6wxvzOmf6yIWx8hnU/94NdYGkxK1ieAHzZfKMc269CvWc="" width=""1080"" height=""1584"" /&lt;img width=""417"" class=""content-image"" data-src=""lEVudsxXQilkQo3OKeq3U8BtPsOZN1xBjR51Pm15agELhIa/D96j+bsWn6h+k46XqWe4KNBGCfDz/YP6FJ0DLpZdlEovgk822l2e2VTL8uU="" height=""381"" /&lt;img width=""200"" class=""content-image"" data-src=""UobGwTkesb1n2VhXTZAdSMmJ5ULT+qz1crB9Zo+mUNM+gLJmdA19ho3BtSMDRnRvMO1ZVirxfiSxKWsJxirPMSYaFnN68rdLYPaD+iEgX+o="" height=""210"" /拒绝香烟 珍爱生命吸烟有害健康是人人都知晓的真理拒绝香烟 珍爱生命&lt;img class=""content-image"" data-src=""1yUEsxyfsUpaAj7lfsOvA8BtPsOZN1xBjR51Pm15agGUHbfNQ3ufliQG18Kiw6x5NltgUxMsWfQ2wiyIxD8kbJONCT4NMw+ytBxOfmB4gzo="" width=""1071"" height=""2548"" /&lt;img class=""content-image"" data-src=""nuh/wEb6x4IxiInVMoIK8MBtPsOZN1xBjR51Pm15agFKpZJ+JM3Vzdktuy7IYbHRntlzkOWdIsx6JYrK5Bpb5pHR6ZXENezpKg+RsvzrwSA="" width=""1080"" height=""2473"" /&lt;img class=""content-image"" data-src=""FlhNHe3dnu293E6ZtX6/IcBtPsOZN1xBjR51Pm15agELH+2yHdtbT1qPYcMO252i1tQ4qBO3nbsCCnHlEMXPbFwUlAe9Qrfa1ElZW7JbJ84="" width=""981"" height=""2549"" /&lt;img class=""content-image"" data-src=""/L19E/drXjGfZ2kuFxSZZcBtPsOZN1xBjR51Pm15agEcBUpOpT8/CwjePGuMbrBpMuR3K4zNuqJbfg1toYcom82a/HisweznDaiStsdXRZs="" width=""1080"" height=""2370"" /&lt;img class=""content-image"" data-src=""FlhNHe3dnu293E6ZtX6/IcBtPsOZN1xBjR51Pm15agHba5gSYUND96NCgMed2lq8Yre4ynh3nwI9APQljVDW2mcaqprN9kXSy9qfK9Sbcho="" width=""941"" height=""2105"" /&lt;img width=""417"" class=""content-image"" data-src=""wXdZHLbub1cJf8KN0C5vfcBtPsOZN1xBjR51Pm15agEvn1+eeKSZFdBsVrSE8lF/IVPZF2xdINZymzB41SnXr6bgoInVUXTXTcG/Hf4AqeE="" height=""381"" /新年快到了为了您和孩子的身体健康我们倡导无烟健康过节文化倡导过节不吸烟、不敬烟、不送烟“对二手烟说不”共度无烟健康佳节！&lt;img width=""417"" class=""content-image"" data-src=""wxcWD3sAnMjy6azFPk/mH8BtPsOZN1xBjR51Pm15agGz7YT2KkhTC4witLwOiRORgGasIxOiGRhvK9UspEuRtODO2WdrGShoMhbXYZtLm1I="" height=""381"" /&lt;img class=""content-image"" data-src=""AdrUyzrPRqQ3SLRqyklRvcBtPsOZN1xBjR51Pm15agHVd44HJZ1sfB0fNrmjIpbgzOgi/RzIC/9JdXj9ogBqHhk9taKh9r75yfhgsp3+Tqg="" width=""1000"" height=""792"" /来源：中国疾控中心往/期/回/顾聚焦妇代会 宝鸡市妇女第十八次代表大会胜利闭幕巾帼大宣讲中国妇女十三大精神宣讲进行时诵读《习近平走进百姓家》关注宝鸡女性了解美丽生活分享巾帼风采发布于：北京市",搜狐号,大西北消息速览,2024-01-29 18:31:39,http://m.sohu.com/a/755022012_121106869,未知,控烟,中性,未知
202401018426,河北大名县疾控中心开展“无烟佳节 与爱同行”系列控烟宣传活动,"title: 河北大名县疾控中心开展“无烟佳节 与爱同行”系列控烟宣传活动 summary: 河北大名县疾控中心开展无烟佳节与爱同行系列控烟宣传活动春节将至，为营造无烟健康的节日氛围，助力平安过节、文明过节，提高公众对烟草危害的认识，引导群众践行文明健康绿色环保生活方式，大名县疾控中心领导高度重视，及时安排部署，加大宣传发动力度。 content: 春节将至，为营造无烟健康的节日氛围，助力平安过节、文明过节，提高公众对烟草危害的认识，引导群众践行文明健康绿色环保生活方式，大名县疾控中心领导高度重视，及时安排部署，加大宣传发动力度，开展“无烟佳节 与爱同行”系列控烟宣传活动。""控烟宣传进商超1月23-24日，疾控中心宣教人员先后到宣和商场、家家乐超市、大乐福超市开展控烟宣传。活动现场悬挂横幅、设立咨询台、发放控烟宣传资料、手提袋，广泛宣传烟草危害，倡导群众不吸烟、不敬烟、不送烟的良好社会风尚，驻足青少年听后，意识到吸烟对身体健康危害很大，表示不会继续吸烟，主动戒烟，养成健康文明的“无烟”生活方式。""""控烟宣传进社区1月25日疾控中心宣教人员前往府城社区，为世纪城花园、万兴园小区、城关粮站小区、万博小区、农贸市场小区、试验学校家属楼、农业局家属院等20个小区的工作人员、志愿者进行控烟知识讲解，现场发放控烟宣传册、手提袋、宣传礼品，社区负责人表示会入户进行控烟宣传，教育引导居民养成良好的生活习惯，营造健康无烟的社区环境。""控烟宣传进农村1月25日疾控中心宣教人员前往铺上乡常马庄村开展控烟宣传。主要通过居民对烟草知识的了解、是否受二手烟影响、是否戒烟等方面进行调查，同时为居民讲解一些吸烟有害健康的相关知识，让居民自觉认识到社会控烟和个人戒烟的必要性，还为烟民介绍了有效戒烟的科学方法，让更多人远离烟草、远离二手烟危害，享受健康绿色的生活，现场发放了控烟宣传册、手提袋、宣传品。""""控烟宣传进广场1月26日、29日疾控中心宣教人员先后到崇德广场、人民广场开展控烟宣传。现场悬挂条幅，围绕主题“控烟从宣传起步 戒烟从你我做起”， 现场讲解吸烟有害健康、吸烟与疾病的关系、戒烟的好处以及成功戒烟的经验等控烟健康知识，进一步强化过往群众的控烟意识，同时倡议不吸烟是对自己的生命负责，在公共场所不吸烟是社会公德的体现，在家不吸烟是对家人健康负责，呼吁广大群众朋友行动起来，提高控烟防护意识，倡导健康生活，远离烟草，共享无烟环境。""""""活动期间，疾控中心联合各乡镇卫生院开展新媒体传播、微信群转发、电子屏滚动播放控烟标语、线下讲座、悬挂条幅、前往商铺张贴控烟宣传标语等多种形式的控烟宣传，把控烟常识带进千家万户，提高公众控烟认识和健康意识。""""""""本次活动共出动宣传车9辆次，宣教人员10余名，悬挂横幅35条，发放宣传折页3类2000余份、宣传海报300余份、对联100幅、宣传礼品800余份。通过广泛宣传进一步营造全社会参与控烟的良好氛围，为共度无烟佳节、共建无烟环境、共享健康生活打下良好基础。大名县疾病预防控制中心",头条号,城乡新语,2024-01-29 17:29:07,http://www.toutiao.com/w/i7329449092370219539/,未知,控烟、戒烟,正面,未知
202401018431,马上让艾烟小90%的小妙招,title: 马上让艾烟小90%的小妙招 summary: 马上让艾烟小90%的小妙招上篇写了艾条控烟方法大全，发现大家对控烟圈还挺感兴趣，这次出一个详细的教程。 content: 上篇写了艾条控烟方法大全，发现大家对控烟圈还挺感兴趣，这次出一个详细的教程。 具体方法看图片。值得文字提醒的是：控烟圈推到艾灰边缘齐平就可以实现控烟。 随着艾条的燃烧，控烟圈往下移保持燃烧的持续性。 控烟圈不要做的太紧，否则很难移动。 #艾灸,小红书,养生小师妹,2024-01-29 17:00:00,http://www.xiaohongshu.com/discovery/item/65b769270000000011003cba,未知,控烟,中性,未知
202401018436,【中山西路街道】吕祖庙街社区开展“无烟佳节 与爱同行”健康教育讲座,"title: 【中山西路街道】吕祖庙街社区开展“无烟佳节 与爱同行”健康教育讲座 summary: 吕祖庙街社区开展无烟佳节与爱同行健康教育讲座为深入开展控烟宣传教育，提高大家对吸烟危害的认识和增强辖区居民的控烟意识，1月29日下午，吕祖庙街社区开展无烟佳节与爱同行健康教育讲座。 content: 为深入开展控烟宣传教育，提高大家对吸烟危害的认识和增强辖区居民的控烟意识，1月29日下午，吕祖庙街社区开展“无烟佳节 与爱同行”健康教育讲座。""讲座中主要讲解了烟草的成分与危害、吸烟对身体隐藏的健康隐患，以及介绍了吸烟不仅会对吸烟者自身产生危害，也会对周围的人造成二手烟的伤害，让居民更直观地了解吸烟对个人和家庭的深远影响。""此次讲座，让居民更清楚更直观地了解吸烟对身体的伤害，主动提高控烟意识。参加讲座的居民表示，这样的健康讲座很有意义，既能提高生活质量，又能时刻关注身体健康。最后，只有我们每个人都行动起来，我们的社区才能变得更加健康、和谐，让我们一起为健康而战，共同创造一个美好的社区环境。来源：吕祖庙街社区 杨静审核：张矗签发：胡杰编辑：梁秋云",头条号,回民区中山西路办事处,2024-01-29 16:52:45,http://www.toutiao.com/w/i7329440236235915828/,未知,控烟,中性,未知
202401018441,北京发布第五次成人烟草调查结果:77.4%的受访者支持将电子烟纳入...,title: 北京发布第五次成人烟草调查结果:77.4%的受访者支持将电子烟纳入... summary: 北京发布第五次成人烟草调查结果:77.4%的受访者支持将电子烟纳入...针对无烟街区设置问题，北京市民对多项措施持支持态度：87.2%的受访者赞同在办事机构的室外公共区域设置吸烟区，90.2%赞同在各单位的入口处设置灭烟处，78.0%赞同在城市街区广场的开阔位置设置吸烟区。文/北京青年报记者蒋若静来源：北京青年报客户端。 content: 近期，北京市卫生健康委发布了第五次成人烟草流行调查数据结果，15岁及以上成人吸烟率为19.9%，与2021年持平。对于电子烟，调查结果显示，有77.4%的受访者表示支持将电子烟纳入现有禁烟法规。据了解，第五次成人烟草调查覆盖全市16个区（除经开区）、50个街道（乡镇）、100个居（村）委会的13033个家庭户，共完成有效问卷10727份。调查结果显示，成人吸烟率降速减缓，已到达了平台期，距离健康北京行动提出的“到2030年，成人吸烟率低于17%”目标仍有一定差距。其中男性吸烟率36.6%，比2021年上升了0.6个百分点，女性吸烟率2.2%，比2021年下降了0.5个百分点。本次调查显示，家庭二手烟暴露率为29.6%，二手烟暴露情况比2021年并无明显改善。除室内工作场所、中小学校、政府大楼的二手烟暴露率有所下降外，餐馆、大学、医疗机构、公共交通工具的二手烟暴露率则与2021年基本持平。在所有曾经和现在吸烟人群中，戒烟率达到了29.6%，比2021年提高了2.6个百分点。现在吸烟者的尝试戒烟率由2021年的38.2%提高至41.8%，有戒烟计划的比例由2021年的19.2%提高至23.7%。这些数据表明，北京市吸烟者在无烟文化的熏陶下，有较强的戒烟动机和戒烟需求，是开展戒烟服务的可干预对象。此外，电子烟并未获得北京市居民额外的青睐。调查中，曾经使用过电子烟的比例由2021年的7.4%下降至6.6%，现在使用电子烟的比例则由3.2%下降至2.2%；另有77.4%的受访者表示支持将电子烟纳入现有禁烟法规。针对无烟街区设置问题，北京市民对多项措施持支持态度：87.2%的受访者赞同在办事机构的室外公共区域设置吸烟区，90.2%赞同在各单位的入口处设置灭烟处，78.0%赞同在城市街区广场的开阔位置设置吸烟区。市卫健委表示，下一阶段，本市将继续深入推进健康北京行动，严格落实《北京市控制吸烟条例》，加强控烟执法，积极开展戒烟服务，深入推进无烟场所建设，进行更有针对性的控烟宣传，倡导健康文明生活方式，全社会形成合力，共同打造无烟北京。文/北京青年报记者 蒋若静来源：北京青年报客户端,快传号,北青热点,2024-01-29 16:37:00,http://www.360kuai.com/mob/transcoding?url=972e88fc57e6035c0,未知,戒烟、控烟,中性,未知
202401018446,北京发布第五次成人烟草调查结果：77.4%的受访者支持将电子烟纳入禁烟法规,title: 北京发布第五次成人烟草调查结果：77.4%的受访者支持将电子烟纳入禁烟法规 summary: 北京发布第五次成人烟草调查结果：77.4%的受访者支持将电子烟纳入禁烟法规近期，北京市卫生健康委发布了第五次成人烟草流行调查数据结果，15岁及以上成人吸烟率为19.9%，与2021年持平。 content: 近期，北京市卫生健康委发布了第五次成人烟草流行调查数据结果，15岁及以上成人吸烟率为19.9%，与2021年持平。对于电子烟，调查结果显示，有77.4%的受访者表示支持将电子烟纳入现有禁烟法规。据了解，第五次成人烟草调查覆盖全市16个区（除经开区）、50个街道（乡镇）、100个居（村）委会的13033个家庭户，共完成有效问卷10727份。调查结果显示，成人吸烟率降速减缓，已到达了平台期，距离健康北京行动提出的“到2030年，成人吸烟率低于17%”目标仍有一定差距。其中男性吸烟率36.6%，比2021年上升了0.6个百分点，女性吸烟率2.2%，比2021年下降了0.5个百分点。本次调查显示，家庭二手烟暴露率为29.6%，二手烟暴露情况比2021年并无明显改善。除室内工作场所、中小学校、政府大楼的二手烟暴露率有所下降外，餐馆、大学、医疗机构、公共交通工具的二手烟暴露率则与2021年基本持平。在所有曾经和现在吸烟人群中，戒烟率达到了29.6%，比2021年提高了2.6个百分点。现在吸烟者的尝试戒烟率由2021年的38.2%提高至41.8%，有戒烟计划的比例由2021年的19.2%提高至23.7%。这些数据表明，北京市吸烟者在无烟文化的熏陶下，有较强的戒烟动机和戒烟需求，是开展戒烟服务的可干预对象。此外，电子烟并未获得北京市居民额外的青睐。调查中，曾经使用过电子烟的比例由2021年的7.4%下降至6.6%，现在使用电子烟的比例则由3.2%下降至2.2%；另有77.4%的受访者表示支持将电子烟纳入现有禁烟法规。针对无烟街区设置问题，北京市民对多项措施持支持态度：87.2%的受访者赞同在办事机构的室外公共区域设置吸烟区，90.2%赞同在各单位的入口处设置灭烟处，78.0%赞同在城市街区广场的开阔位置设置吸烟区。市卫健委表示，下一阶段，本市将继续深入推进健康北京行动，严格落实《北京市控制吸烟条例》，加强控烟执法，积极开展戒烟服务，深入推进无烟场所建设，进行更有针对性的控烟宣传，倡导健康文明生活方式，全社会形成合力，共同打造无烟北京。文/北京青年报记者 蒋若静来源：北京青年报客户端发布于：北京市,搜狐号,北青网,2024-01-29 16:34:44,http://m.sohu.com/a/754988751_255783,未知,戒烟、控烟,中性,未知
202401018462,下一步就严控烟叶，烟丝。不信走着瞧,title: 下一步就严控烟叶，烟丝。不信走着瞧 summary: 下一步就严控烟叶，烟丝。不信走着瞧 content: 下一步就严控烟叶，烟丝。不信走着瞧,微头条,直爽鲁汉,2024-01-29 16:19:36,未知,未知,控烟,中性,未知
202401018467,我国每年有100多万人因它丧命！赶紧远离→,"title: 我国每年有100多万人因它丧命！赶紧远离→ summary: 但吸烟有害健康！吸烟成瘾是一种流行病和巨大的公共健康威胁，吸烟危害吸烟者本身健康，二手烟暴露影响不吸烟者的健康。相较于不吸烟者，吸烟者有较高的老年性黄斑变性风险，而老年性黄斑变性会导致不可逆的视力丧失。 content: 春节将近每个人都在忙着置办年货为春节送礼做好准备这些仪式感满满的礼物中也不乏烟草制品的身影但吸烟有害健康！在此倡导大家在走亲访友、春节聚会时不吸烟、不敬烟、不劝烟同时“对二手烟说不”主动做控烟宣传者和倡导者健健康康过春节！&lt;img class=""content-image"" data-src=""1yUEsxyfsUpaAj7lfsOvA8BtPsOZN1xBjR51Pm15agHE3b4/VZ9XVmi2CfGPvUgRq/q5pwRPGJebTz84cyOzLuxpM0/kkZtCJjTBQVfBsCU="" width=""1080"" height=""1586"" /拒绝吸烟吸烟成瘾是一种流行病和巨大的公共健康威胁，吸烟危害吸烟者本身健康，二手烟暴露影响不吸烟者的健康。世界卫生组织公布的数据显示，全球每年因吸烟及二手烟暴露死亡的人数达800万，每4秒就有1人死于吸烟相关疾病。其中超过700万人死于直接吸烟，120万非吸烟者因接触二手烟而死亡。据相关报告显示，我国每年超过100万人死于吸烟相关疾病。烟草燃烧所产生的烟雾是由7000多种化合物所组成的复杂混合物，其中气体占95%，如一氧化碳、氢化氰、挥发性亚硝胺等，颗粒物占5%，包括半挥发物及非挥发物，如烟焦油、尼古丁等。这些化合物绝大多数对人体有害，其中至少有69种为已知的致癌物，如多环芳烃、亚硝胺等，而尼古丁是引起成瘾的物质。&lt;img class=""content-image"" data-src=""/L19E/drXjGfZ2kuFxSZZcBtPsOZN1xBjR51Pm15agEtM0vuIvUgIUjW85uO8CUpSOt+zAPH8nH6rRcCc3AN2PL3zVb9qQMVqpsqO4Ml/5A="" width=""900"" height=""383"" /&lt;img class=""content-image"" data-src=""wXdZHLbub1cJf8KN0C5vfcBtPsOZN1xBjR51Pm15agFwuMPlo69JS/kwPaBbGTHghJ+vX0IxKX3aij2euJ3X+dHfVRcfw4c1MwGYJZn7yNk="" width=""811"" height=""965"" /吸烟的多种危害使用任何形式的烟草产品都会损害人体健康01当心“喘不过气”吸烟者罹患肺癌的风险是不吸烟者的22倍。每5位吸烟者中，就会有1位罹患慢性阻塞性肺疾病，尤其是那些从儿童或青少年时期就开始吸烟的人。吸烟会使成人哮喘恶化，增加急性哮喘发作的风险。吸烟可使结核病从潜伏感染状态转为活动状态的风险增加1倍以上，而且会加速该病的自然进程。02吸烟伤“心”不管是每天只吸几支烟，还是偶尔吸烟或吸入二手烟，都会增加罹患心脏病的风险。吸烟者罹患中风的风险是不吸烟者的2倍，罹患心脏病的风险是不吸烟者的4倍。03增加癌症风险超过20种癌症与使用烟草有关。吸烟或使用可燃烟草制品，可能导致口腔癌、唇癌、鼻咽喉癌和食管癌的发生。吸烟者罹患急性髓性白血病、结直肠癌、肾癌、肝癌、胰腺癌、胃癌、卵巢癌、膀胱癌等疾病的风险较高。有研究表明，吸烟会增加罹患乳腺癌的风险，尤其是重度吸烟者和初次怀孕前就开始吸烟的女性。此外，吸烟会使感染人乳头瘤病毒女性罹患宫颈癌的风险显著增加。&lt;img class=""content-image"" data-src=""nuh/wEb6x4IxiInVMoIK8MBtPsOZN1xBjR51Pm15agGiIPOr3hzmnKjdSh/NE/SmrauvIdarNMY1PkneqgYRnjLhIgS+jQSelEGItzmREyQ="" width=""900"" height=""441"" /04影响你的“视”界吸烟会导致诸多眼部疾病，若未及时治疗，可能会造成永久视力丧失。相较于不吸烟者，吸烟者有较高的老年性黄斑变性风险，而老年性黄斑变性会导致不可逆的视力丧失。此外，吸烟者罹患白内障的风险也比较高。白内障会导致视力受损，手术是恢复视力的唯一选择。05不利于生殖健康研究显示，吸烟的女性易患不孕症，而戒烟可降低不孕、早产、低出生体重、流产等的风险。对于男性来说，吸烟会导致勃起功能障碍，若不尽早戒烟，还可能造成持续或永久的性功能障碍。06影响颜值吸烟者身上，无论是皮肤、夹着烟的手指，还是呼吸时，都会“充满烟味”。不管是使用可燃烟草还是无烟烟草，都会造成口臭。而且，吸烟会使牙齿变黄，增加牙菌斑。吸烟的人看上去也会更加“沧桑”，因为吸烟会加速蛋白质的流失，消耗皮肤中的维生素A，影响血液循环，使皮肤提早老化，还会造成皮肤粗糙和干燥。07吸烟不是一个人的事吸烟不仅会伤害吸烟者本人，还会影响身边人的健康。暴露于二手烟的非吸烟者，有罹患肺癌的风险。而且，暴露于二手烟中，还可能增加结核病从潜伏感染转化为活动性感染的风险。此外，二手烟也会增加罹患2型糖尿病的风险。二手烟会导致孩子的肺功能下降，并且在成年后继续以慢性呼吸系统疾病的形式影响他们。学龄期儿童若暴露于二手烟中，可能会增加患哮喘的风险。两岁以下婴幼儿暴露于二手烟中，可能引起中耳疾病，导致听力受损。&lt;img class=""content-image"" data-src=""nuh/wEb6x4IxiInVMoIK8MBtPsOZN1xBjR51Pm15agHDL+lLKVCrUR6VXAC3hxNHT2soNbUX1xHVZM1WnFvMYhtVu21vGhiZqfgeio77/JI="" width=""900"" height=""441"" /&lt;img class=""content-image"" data-src=""/L19E/drXjGfZ2kuFxSZZcBtPsOZN1xBjR51Pm15agFXzM5K2lGhQ+WDxqhki69+og5EHt/ERPAZyGQolYI6Bjeri1ixZQk5cyYv3zy6vK4="" width=""811"" height=""965"" /戒烟越早越好对于吸烟者来说，越早戒烟越好，不管什么时候戒烟都不晚。戒烟的益处是立竿见影的：● 停止吸烟20分钟后，心率会下降。● 停止吸烟12小时后，肺部呼出气体的一氧化碳浓度会降至正常。● 停止吸烟2—12周后，循环功能与肺功能均会提高。● 停止吸烟1—9个月后，咳嗽和气短症状会减轻。● 停止吸烟5—15年后，中风风险会降低至非吸烟者的水平。● 停止吸烟10年后，肺癌死亡风险较吸烟者降低50%。● 停止吸烟15年后，罹患冠心病的风险降至非吸烟者水平。&lt;img class=""content-image"" data-src=""wxcWD3sAnMjy6azFPk/mH8BtPsOZN1xBjR51Pm15agHCYAHNjD+t2A5ZYXTZfwYOCkJUD7pzDveR4LxCs70TyYv6ZLGcqIPgaSGo7Ir5JJU="" width=""900"" height=""441"" /如何科学戒烟逐步减少每日的吸烟量，防止强烈的戒断反应，同时告知周围的人自己正在戒烟，创造良好的外部环境。培养新的兴趣爱好来分散注意力，例如运动、钓鱼等。积极的心理建设可以帮助面对戒烟的戒断反应，例如写戒烟日记，寻求他人的支持和鼓励。可以去医院的戒烟门诊进行专业的戒烟治疗，根据个人情况制定合适的戒烟方案，使用戒烟药物需要在医生指导下使用。&lt;img class=""content-image"" data-src=""r/h2ojJAPR4iF07g/Pz9W8BtPsOZN1xBjR51Pm15agHAg7WcBK62GHGUIA1OdT4K4C3f8LBHnsVIG+i1d87x4DznTb1M+9kDT7zVL4u23oI="" width=""900"" height=""441"" /吸烟影响了自己的健康也对身边人造成伤害在此呼吁大家远离烟草共享无烟环境营造良好的控烟氛围一起对烟草说ByeBye对健康说HiHi~戴口罩！国家卫健委最新提醒！10个孩子7个蛀牙？预防“小黑牙”，赶紧改掉这些习惯→冬天的蚊子原来藏在这！消灭一只，夏天少千只！近半数患者不知道自己有高血压！这5个常见“信号”别忽视→来源：健康中国、中国疾控中心、科普中国运营：龙岗融媒发布于：山西省",搜狐号,大柳树生活日记,2024-01-29 16:02:33,http://m.sohu.com/a/754982033_121124528,未知,控烟、戒烟,中性,未知
202401018487,小国家都想办法控烟，我们这还是引以为傲的职业，吸了多少二手烟！,title: 小国家都想办法控烟，我们这还是引以为傲的职业，吸了多少二手烟！ summary: 小国家都想办法控烟，我们这还是引以为傲的职业，吸了多少二手烟！ content: 小国家都想办法控烟，我们这还是引以为傲的职业，吸了多少二手烟！,头条号,laobx01,2024-01-29 14:28:29,未知,未知,控烟,正面,未知
202401018492,戒烟day1,title: 戒烟day1 summary: 戒烟day1不知道为啥的想戒烟了，不希望小孩看着我抽烟长大。 content: 不知道为啥的 想戒烟了，不希望小孩看着我抽烟长大 （我自己就是这样过来的，会很容易染上烟瘾，靠香烟的尼古丁去麻痹自己） so~京东买了伐尼克兰 卫健委推荐的药，买来试试 给孩子做个好榜样吧~ 不控烟了，直接就是戒断吧。 减少抽烟不代表戒烟，从一开始就靠意志力抗住，才能真正意义上的把烟戒掉吧 戒去痛苦难，戒掉快乐就更难了 状态不好是真的 戒断反应还是比较强烈的 加油( ´•ω•)ノ(._.`) 为了小孩健康成长的环境[哭惹R],小红书,单亲爸爸赛高,2024-01-29 14:05:00,http://www.xiaohongshu.com/discovery/item/65b74034000000002c03aa6b,未知,戒烟、控烟,中性,未知
202401018507,严格控烟是让我最满意的地方,title: 严格控烟是让我最满意的地方 summary: 严格控烟是让我最满意的地方 content: 严格控烟是让我最满意的地方,微头条,Leo,2024-01-29 12:29:43,未知,未知,控烟,正面,未知
202401018512,戒烟真的那么难吗？试试这3个方法，烟瘾轻松戒掉！,"title: 戒烟真的那么难吗？试试这3个方法，烟瘾轻松戒掉！ summary: 戒烟真的那么难吗？然而，许多烟民想要戒烟，却发现戒烟并非易事。今天，我们来聊聊戒烟的那些事，为你提供三个实用的戒烟方法，让你轻松摆脱烟瘾的困扰。设定戒烟目标：为自己设定一个戒烟目标，如戒烟一个月、三个月或半年。 content: #我来送健康#众所周知，吸烟有害健康。我国政府也在不断加强控烟宣传，提倡健康的生活方式。然而，许多烟民想要戒烟，却发现戒烟并非易事。今天，我们来聊聊戒烟的那些事，为你提供三个实用的戒烟方法，让你轻松摆脱烟瘾的困扰。一、了解戒烟的意义首先，我们要认识到戒烟的重要性。吸烟会导致多种疾病，如肺癌、心脏病、中风等。据统计，吸烟是导致慢性疾病和死亡的主要危险因素之一。戒烟不仅能提高自己的生活质量，还能减轻家庭和经济负担。了解戒烟的意义，有助于增强我们的戒烟决心。二、制定合理的戒烟计划1. 确定戒烟时间：选择一个合适的时间开始戒烟，例如在重要的日子、生日或节假日。这样可以让自己有一个新的开始，更容易坚持下去。""2. 减少吸烟量：在戒烟前的一段时间，尝试逐渐减少每天的吸烟量，以便身体逐渐适应。3. 设定戒烟目标：为自己设定一个戒烟目标，如戒烟一个月、三个月或半年。目标明确，有助于提高戒烟的成功率。4. 做好准备：戒烟前，准备好戒烟用品，如口香糖、糖果、润喉糖等，以备不时之需。5. 告诉亲朋好友：让他们了解你的戒烟计划，支持和鼓励你，形成一个有利于戒烟的环境。""6. 调整作息时间：戒烟期间，尽量保持规律的作息，避免熬夜，增强身体抵抗力。7. 增加锻炼：适当增加锻炼，如散步、跑步、游泳等，有助于缓解戒烟过程中的不适感。8. 保持良好的心态：戒烟过程中，保持积极的心态，相信自己能够成功戒烟。三、寻求专业帮助1. 咨询医生：向专业医生咨询戒烟方法，了解戒烟药物和辅助工具的使用方法。""2. 参加戒烟门诊：有些地区设有戒烟门诊，可以参加相关课程，学习戒烟技巧，提高戒烟成功率。3. 加入戒烟微信群、QQ群：结识志同道合的戒烟伙伴，互相鼓励，共同进步。4. 心理疏导：在戒烟过程中，寻求心理医生的帮助，解决戒烟过程中的心理问题。四、保持耐心和毅力戒烟是一个循序渐进的过程，可能需要多次尝试才能成功。遇到挫折时，不要气馁，保持耐心和毅力，相信自己一定能戒掉烟瘾。总之，戒烟并非难事。只要我们认识到戒烟的重要性，制定合理的戒烟计划，寻求专业帮助，并保持耐心和毅力，就能成功戒烟。让我们一起努力，过上健康的生活，为家庭和社会作出贡献。附：实用戒烟小贴士1. 扔掉手中的烟蒂，从现在开始戒烟。2. 改变吸烟习惯，如不再在早晨起床后吸烟。3. 避免诱惑，远离吸烟场所，如酒吧、夜店等。4. 学会拒绝别人的敬烟，坚定自己的戒烟决心。5. 定期清理家居，消除烟味和烟蒂，营造无烟环境。6. 养成良好的生活习惯，如饮食均衡、规律作息等。7. 培养兴趣爱好，转移对香烟的注意力，如运动、绘画、阅读等。8. 记录戒烟过程中的心得体会，不断激励自己。9. 适当奖励自己，如戒烟成功后购买心仪的物品或享受美食。10. 保持乐观的心态，相信自己一定能戒掉烟瘾。感谢您花费时间阅读我们的文章。如果您有任何疑问或需要进一步的帮助，请随时联系我们。祝您一切顺利!",百家号,妇科刘旋医生,2024-01-29 12:11:24,http://baijiahao.baidu.com/s?id=1789396500375681617,未知,戒烟、控烟,正面,未知
202401018518,合肥经开区各中小学开展“无烟佳节，与爱同行”活动,"title: 合肥经开区各中小学开展“无烟佳节，与爱同行”活动 summary: 合肥经开区各中小学开展无烟佳节，与爱同行活动为进一步推动控烟工作开展，营造元旦、春节两节无烟氛围，合肥经开区各中小学开展无烟佳节，与爱同行活动，引导学生充分认识烟草危害，了解控烟核心知识，帮助青少年树立拒吸第一支烟，做无烟新一代的理念。通过小手牵大手，引导家长不吸烟，主动戒烟。 content: 为进一步推动控烟工作开展，营造元旦、春节“两节”无烟氛围，合肥经开区各中小学开展“无烟佳节，与爱同行”活动，引导学生充分认识烟草危害，了解控烟核心知识，帮助青少年树立“拒吸第一支烟，做无烟新一代”的理念，通过“小手牵大手”，引导家长不吸烟，主动戒烟。&lt;img max-width=""600"" class=""content-image"" data-src=""yJyoDGPS+lN53ZVgsmSzc70ZR/UEFm87CKarTbVaWNb90mKskBdRrQX7IJrHjsDQLZUPAdRWT3zLPlnBd+MqcbWTzmKYPwYvFkmu9a+AK6w="" width=""1250"" height=""869"" /合肥市建平实验小学南艳分校利用放假前的家庭教育会时间开展无烟家庭宣传。&lt;img max-width=""600"" class=""content-image"" data-src=""j62ER+laWpTPEkLaFdmRXvhloOHMf36GN8MMAxGTP2g8ohp3smD51UyzltwE2hu1ojMOluJcV1WLZ2oLFXRrtLWTzmKYPwYvFkmu9a+AK6w="" width=""1243"" height=""752"" /&lt;img max-width=""600"" class=""content-image"" data-src=""j62ER+laWpTPEkLaFdmRXh4W9p9YJMcMbvQsvpVKl8LzdMPK+iOFp/Dr9GgYn8jksaaS/uN45PJQFUPR52oHT7WTzmKYPwYvFkmu9a+AK6w="" width=""1153"" height=""865"" /合肥市六安路小学翠微分校在期末线上家长会，面向家长播放“要年味，不要烟味”的宣传视频，呼吁家长拒绝香烟重视健康。&lt;img max-width=""600"" class=""content-image"" data-src=""rktmUZKiSD+eswOQv1Y0i/h6A4PCeumg4myFO0fnNB/igY0g9g6tiSn7zPEBvxsEBkVRmJrJIlOAWupVA8piGbWTzmKYPwYvFkmu9a+AK6w="" width=""1264"" height=""948"" /合肥市南门小学海恒分校学生成长中心开展了以“无烟佳节，与爱同行”为主题开展控烟健康教育宣传活动。&lt;img max-width=""600"" class=""content-image"" data-src=""EmSa7bvKq1EE4aebFHMv9xitFZsK5vkIjxNlV2ILmTXZkcFSvClvlQkK+0dsCcfCDZOpYQSZGqQ+8cPOZyFUL7WTzmKYPwYvFkmu9a+AK6w="" width=""1266"" height=""950"" /合肥一六八玫瑰园学校东校开展专题知识讲座。&lt;img max-width=""600"" class=""content-image"" data-src=""h7fbg8uT6oAdxo1xkqmC8bYumJpKDTLV/hCYzIn5t6KlmFUqqyIeEHsDBL3s/y3ZW9w4i2Wi4P4V1xBqVT7SKbWTzmKYPwYvFkmu9a+AK6w="" width=""1280"" height=""766""合肥锦绣中学各班级举行“无烟佳节，与爱同行 ”主题班会。此次活动的开展，学生们树立起“拒绝第一支烟，做不吸烟的第一代”的健康理念，扩大了无烟知识的宣传面和影响力。同学们纷纷表示，要把吸烟的危害告诉家人，让吸烟的家人参与到科学戒烟的队伍中来，为创造无烟健康的生活环境增加一份力量。发布于：安徽省",搜狐号,搜狐城市-安徽,2024-01-29 10:56:42,http://m.sohu.com/a/754907105_120133855,未知,控烟、戒烟,正面,未知
202401018528,"#你是否支持取缔烟草行业#
对于烟草这种在许多国家的国民经济中“占据着重要的地位，是政府财政收入的重要来源”的商品来说，各国很难短时间内取缔，只能是控制，降低烟草需求和减少烟草供应。
当吸烟人数不占相当比重，税收不占国民经济重要地位时，取缔方可水到渠成。

控烟刻不容缓，取缔烟草行业任重而道远！
从",title: #你是否支持取缔烟草行业# 对于烟草这种在许多国家的国民经济中“占据着重要的地位，是政府财政收入的重要来源”的商品来说，各国很难短时间内取缔，只能是控制，降低烟草需求和减少烟草供应。 当吸烟人数不占相当比重，税收不占国民经济重要地位时，取缔方可水到渠成。 控烟刻不容缓，取缔烟草行业任重而道远！ 从 summary: 对于烟草这种在许多国家的国民经济中占据着重要的地位，是政府财政收入的重要来源的商品来说，各国很难短时间内取缔，只能是控制，降低烟草需求和减少烟草供应。当吸烟人数不占相当比重，税收不占国民经济重要地位时，取缔方可水到渠成。控烟刻不容缓，取缔烟草行业任重而道远！ content: #你是否支持取缔烟草行业# 对于烟草这种在许多国家的国民经济中“占据着重要的地位，是政府财政收入的重要来源”的商品来说，各国很难短时间内取缔，只能是控制，降低烟草需求和减少烟草供应。 当吸烟人数不占相当比重，税收不占国民经济重要地位时，取缔方可水到渠成。 控烟刻不容缓，取缔烟草行业任重而道远！ 从,微头条,三人行,2024-01-29 08:40:28,http://www.toutiao.com/w/1789383230092291/,未知,控烟,中性,未知
202401018533,"#你是否支持取缔烟草行业#
对于烟草这种在许多国家的国民经济中“占据着重要的地位，是政府财政收入的重要来源”的商品来说，各国很难短时间内取缔，只能是控制，降低烟草需求和减少烟草供应。
当吸烟人数不占相当比重，税收不占国民经济重要地位时，取缔方可水到渠成。
控烟刻不容缓，取缔烟草行业任重而道远！
从我个人来说支持友友们下定决心，走入到戒烟的行列中来，加油！
#你是否支持取缔烟草行业#",title: #你是否支持取缔烟草行业# 对于烟草这种在许多国家的国民经济中“占据着重要的地位，是政府财政收入的重要来源”的商品来说，各国很难短时间内取缔，只能是控制，降低烟草需求和减少烟草供应。 当吸烟人数不占相当比重，税收不占国民经济重要地位时，取缔方可水到渠成。 控烟刻不容缓，取缔烟草行业任重而道远！ 从我个人来说支持友友们下定决心，走入到戒烟的行列中来，加油！ #你是否支持取缔烟草行业# summary: 对于烟草这种在许多国家的国民经济中占据着重要的地位，是政府财政收入的重要来源的商品来说，各国很难短时间内取缔，只能是控制，降低烟草需求和减少烟草供应。当吸烟人数不占相当比重，税收不占国民经济重要地位时，取缔方可水到渠成。控烟刻不容缓，取缔烟草行业任重而道远！#你是否支持取缔烟草行业#. content: #你是否支持取缔烟草行业# 对于烟草这种在许多国家的国民经济中“占据着重要的地位，是政府财政收入的重要来源”的商品来说，各国很难短时间内取缔，只能是控制，降低烟草需求和减少烟草供应。 当吸烟人数不占相当比重，税收不占国民经济重要地位时，取缔方可水到渠成。 控烟刻不容缓，取缔烟草行业任重而道远！ 从我个人来说支持友友们下定决心，走入到戒烟的行列中来，加油！ #你是否支持取缔烟草行业#,微头条,三人行,2024-01-29 08:40:28,http://www.toutiao.com/w/i1789383230092291/,未知,控烟、戒烟,正面,未知
202401018542,限售，涨价，美名其曰控烟，减少烟民数量,title: 限售，涨价，美名其曰控烟，减少烟民数量 summary: 限售，涨价，美名其曰控烟，减少烟民数量 content: 限售，涨价，美名其曰控烟，减少烟民数量,微头条,啊哟哟呵,2024-01-29 04:16:18,未知,未知,控烟,中性,未知
202401018072,"2024年 1 月 28日下午13：30一 16：30龙华区控烟志愿者监督大队在大浪最繁华最热闹最火爆的商业中心和后浪新天地开展控烟督导宣传活动。
       本次活动共招募 8名控烟志愿者，活动前由大浪街道副组长王运芳现场培训讲解深圳市控烟条例与控烟相关的沟通技巧和报名参加活动注意事项后，对后浪新天地的美容店，美食店，餐饮店，随园食街和商业中心的公交站台，万盛百货，纷享城，迎春年货购物街以及购物市民进行控烟督导宣传。督查没有张贴新版控烟标识或是一根烟头旧版标识的店铺，志愿者们争先恐后的给店铺负责人讲解深圳市控烟条例，在征求负责人的同意后为该店更换最新版禁止吸烟标识，并粘贴在店内显眼处。禁烟宣传活动过程发现有吸烟者，伙伴们积极上前劝导并耐心的讲解抽烟的危害和戒烟好处。大部分市民觉悟还是很高的，当场俱灭烟头。并且赞扬我们控烟行动是一种美德。在控烟志愿者们巡逻督导团结互助下，本次活动用实际行动宣传控烟，倡导健康生活，共创无烟深圳。
        本次控烟活动虽然天寒地冻，但是控烟志愿者的服务是热情的是用心的。非常感谢今天来参加控烟活动的志愿家人们，大家都辛苦了！","title: 2024年 1 月 28日下午13：30一 16：30龙华区控烟志愿者监督大队在大浪最繁华最热闹最火爆的商业中心和后浪新天地开展控烟督导宣传活动。 本次活动共招募 8名控烟志愿者，活动前由大浪街道副组长王运芳现场培训讲解深圳市控烟条例与控烟相关的沟通技巧和报名参加活动注意事项后，对后浪新天地的美容店，美食店，餐饮店，随园食街和商业中心的公交站台，万盛百货，纷享城，迎春年货购物街以及购物市民进行控烟督导宣传。督查没有张贴新版控烟标识或是一根烟头旧版标识的店铺，志愿者们争先恐后的给店铺负责人讲解深圳市控烟条例，在征求负责人的同意后为该店更换最新版禁止吸烟标识，并粘贴在店内显眼处。禁烟宣传活动过程发现有吸烟者，伙伴们积极上前劝导并耐心的讲解抽烟的危害和戒烟好处。大部分市民觉悟还是很高的，当场俱灭烟头。并且赞扬我们控烟行动是一种美德。在控烟志愿者们巡逻督导团结互助下，本次活动用实际行动宣传控烟，倡导健康生活，共创无烟深圳。 本次控烟活动虽然天寒地冻，但是控烟志愿者的服务是热情的是用心的。非常感谢今天来参加控烟活动的志愿家人们，大家都辛苦了！ summary: 2024年1月28日下午13：30一16：30龙华区控烟志愿者监督大队在大浪最繁华最热闹最火爆的商业中心和后浪新天地开展控烟督导宣传活动。 content: 2024年 1 月 28日下午13：30一 16：30龙华区控烟志愿者监督大队在大浪最繁华最热闹最火爆的商业中心和后浪新天地开展控烟督导宣传活动。 本次活动共招募 8名控烟志愿者，活动前由大浪街道副组长王运芳现场培训讲解深圳市控烟条例与控烟相关的沟通技巧和报名参加活动注意事项后，对后浪新天地的美容店，美食店，餐饮店，随园食街和商业中心的公交站台，万盛百货，纷享城，迎春年货购物街以及购物市民进行控烟督导宣传。督查没有张贴新版控烟标识或是一根烟头旧版标识的店铺，志愿者们争先恐后的给店铺负责人讲解深圳市控烟条例，在征求负责人的同意后为该店更换最新版禁止吸烟标识，并粘贴在店内显眼处。禁烟宣传活动过程发现有吸烟者，伙伴们积极上前劝导并耐心的讲解抽烟的危害和戒烟好处。大部分市民觉悟还是很高的，当场俱灭烟头。并且赞扬我们控烟行动是一种美德。在控烟志愿者们巡逻督导团结互助下，本次活动用实际行动宣传控烟，倡导健康生活，共创无烟深圳。 本次控烟活动虽然天寒地冻，但是控烟志愿者的服务是热情的是用心的。非常感谢今天来参加控烟活动的志愿家人们，大家都辛苦了！""""""""""""",微头条,健康雨天5x8n,2024-01-28 22:35:13,http://www.toutiao.com/w/i1789345151045644/,未知,控烟、戒烟,正面,未知
202401018097,外国烟盒真是为了控烟[赞],title: 外国烟盒真是为了控烟[赞] summary: 外国烟盒真是为了控烟[赞] content: 外国烟盒真是为了控烟[赞],微头条,银河86291281,2024-01-28 21:04:33,未知,未知,控烟,中性,未知
202401018104,要做大做强，提价是死路。当然，烟不大一样，还有控烟的需要。,title: 要做大做强，提价是死路。当然，烟不大一样，还有控烟的需要。 summary: 要做大做强，提价是死路。当然，烟不大一样，还有控烟的需要。 content: 要做大做强，提价是死路。当然，烟不大一样，还有控烟的需要。,微头条,宏庆疏章阁,2024-01-28 21:02:29,未知,未知,控烟,中性,未知
202401018150,控烟劝导员以身作则，认真体会烟民的毒害结果，深入基层[偷笑],title: 控烟劝导员以身作则，认真体会烟民的毒害结果，深入基层[偷笑] summary: 控烟劝导员以身作则，认真体会烟民的毒害结果，深入基层[偷笑] content: 控烟劝导员以身作则，认真体会烟民的毒害结果，深入基层[偷笑],微头条,顽强画板fv努力,2024-01-28 18:55:55,未知,未知,控烟,正面,未知
202401018156,国产戒烟药酒石酸伐尼克兰片获得上市批准，该药物为广大烟民和戒烟人士提供了新的选择和希望。吸烟不仅对个人健康有害，还会对社会医疗成本和整体生活质量造成影响。戒烟药的推广和应用将为实现更低的烟草使用率提供有力支持。政府、社会组织、医疗机构和个人需要共同努力，加强控烟宣传和戒烟支持，以创造一个健康、无烟草,"title: 国产戒烟药酒石酸伐尼克兰片获得上市批准，该药物为广大烟民和戒烟人士提供了新的选择和希望。吸烟不仅对个人健康有害，还会对社会医疗成本和整体生活质量造成影响。戒烟药的推广和应用将为实现更低的烟草使用率提供有力支持。政府、社会组织、医疗机构和个人需要共同努力，加强控烟宣传和戒烟支持，以创造一个健康、无烟草 summary: 国产戒烟药酒石酸伐尼克兰片获得上市批准，该药物为广大烟民和戒烟人士提供了新的选择和希望。吸烟不仅对个人健康有害，还会对社会医疗成本和整体生活质量造成影响。政府、社会组织、医疗机构和个人需要共同努力，加强控烟宣传和戒烟支持，以创造一个健康、无烟草。 content: 国产戒烟药酒石酸伐尼克兰片获得上市批准，该药物为广大烟民和戒烟人士提供了新的选择和希望。吸烟不仅对个人健康有害，还会对社会医疗成本和整体生活质量造成影响。戒烟药的推广和应用将为实现更低的烟草使用率提供有力支持。政府、社会组织、医疗机构和个人需要共同努力，加强控烟宣传和戒烟支持，以创造一个健康、无烟草""""""",微头条,子兮谈观点,2024-01-28 18:41:52,http://www.toutiao.com/w/1789330469236748/,未知,戒烟、控烟,正面,未知
202401018170,"吸烟有害健康，这是一个众所周知的事实。长期吸烟不仅会导致多种疾病，还会对身边的人造成二手烟危害。因此，戒烟对于吸烟者和整个社会来说都具有重要意义。
近日，由威智医药专项研发的酒石酸伐尼克兰片获得上市批准，并开始对外销售。这一消息引起了广泛关注，因为这款戒烟药的上市为广大烟民和戒烟人士提供了新的选择和希望。
戒烟并不容易，因为烟草中的尼古丁会让人产生依赖。戒烟药的出现可以帮助吸烟者缓解戒烟过程中的不适症状，减少对尼古丁的渴望，提高戒烟的成功率。酒石酸伐尼克兰片作为一种有效的戒烟药物，已经在临床试验中显示出了良好的效果。
随着戒烟药的上市，全球烟草使用率下降的趋势有望进一步加强。世界卫生组织发布的报告显示，预计到 2025 年全球烟草使用者数量将下降至 12 亿。这一预测表明，全球范围内的控烟工作取得了一定的成效。而戒烟药的推广和应用，将为实现更低的烟草使用率提供有力支持。
戒烟不仅有益于个人健康，还有助于减少社会医疗成本和提高整体生活质量。吸烟是许多慢性疾病的主要危险因素之一，包括肺癌、心脏病、呼吸系统疾病等。通过戒烟，可以降低这些疾病的发病率和死亡率，减轻医疗负担。
此外，戒烟对于保护身边的人也至关重要。二手烟对他人的健康同样造成威胁，尤其是儿童和孕妇。戒烟可以创造一个无烟雾的环境，保护家人和朋友免受二手烟的危害。
总之，国产戒烟药的成功上市是一个重要的里程碑，为全球控烟事业带来了新的希望。然而，要实现全球烟草使用率的持续下降，还需要政府、社会组织、医疗机构和个人共同努力。政府可以加大控烟宣传力度，制定更严格的控烟政策；社会组织可以开展戒烟宣传活动，提供戒烟支持服务；医疗机构可以加强对戒烟药物的推广和应用；个人则需要增强健康意识，认识到吸烟的危害，并积极寻求戒烟帮助。
让我们共同行动起来，为创造一个健康、无烟草的社会而努力。戒烟不仅是个人的选择，更是对自己和他人健康的负责。相信在全社会的共同努力下，我们能够实现一个更加健康和美好的未来。","title: 吸烟有害健康，这是一个众所周知的事实。长期吸烟不仅会导致多种疾病，还会对身边的人造成二手烟危害。因此，戒烟对于吸烟者和整个社会来说都具有重要意义。 近日，由威智医药专项研发的酒石酸伐尼克兰片获得上市批准，并开始对外销售。这一消息引起了广泛关注，因为这款戒烟药的上市为广大烟民和戒烟人士提供了新的选择和希望。 戒烟并不容易，因为烟草中的尼古丁会让人产生依赖。戒烟药的出现可以帮助吸烟者缓解戒烟过程中的不适症状，减少对尼古丁的渴望，提高戒烟的成功率。酒石酸伐尼克兰片作为一种有效的戒烟药物，已经在临床试验中显示出了良好的效果。 随着戒烟药的上市，全球烟草使用率下降的趋势有望进一步加强。世界卫生组织发布的报告显示，预计到 2025 年全球烟草使用者数量将下降至 12 亿。这一预测表明，全球范围内的控烟工作取得了一定的成效。而戒烟药的推广和应用，将为实现更低的烟草使用率提供有力支持。 戒烟不仅有益于个人健康，还有助于减少社会医疗成本和提高整体生活质量。吸烟是许多慢性疾病的主要危险因素之一，包括肺癌、心脏病、呼吸系统疾病等。通过戒烟，可以降低这些疾病的发病率和死亡率，减轻医疗负担。 此外，戒烟对于保护身边的人也至关重要。二手烟对他人的健康同样造成威胁，尤其是儿童和孕妇。戒烟可以创造一个无烟雾的环境，保护家人和朋友免受二手烟的危害。 总之，国产戒烟药的成功上市是一个重要的里程碑，为全球控烟事业带来了新的希望。然而，要实现全球烟草使用率的持续下降，还需要政府、社会组织、医疗机构和个人共同努力。政府可以加大控烟宣传力度，制定更严格的控烟政策；社会组织可以开展戒烟宣传活动，提供戒烟支持服务；医疗机构可以加强对戒烟药物的推广和应用；个人则需要增强健康意识，认识到吸烟的危害，并积极寻求戒烟帮助。 让我们共同行动起来，为创造一个健康、无烟草的社会而努力。戒烟不仅是个人的选择，更是对自己和他人健康的负责。相信在全社会的共同努力下，我们能够实现一个更加健康和美好的未来。 summary: 吸烟有害健康，这是一个众所周知的事实。长期吸烟不仅会导致多种疾病，还会对身边的人造成二手烟危害。因此，戒烟对于吸烟者和整个社会来说都具有重要意义。戒烟药的出现可以帮助吸烟者缓解戒烟过程中的不适症状，减少对尼古丁的渴望，提高戒烟的成功率。戒烟不仅是个人的选择，更是对自己和他人健康的负责。 content: 吸烟有害健康，这是一个众所周知的事实。长期吸烟不仅会导致多种疾病，还会对身边的人造成二手烟危害。因此，戒烟对于吸烟者和整个社会来说都具有重要意义。 近日，由威智医药专项研发的酒石酸伐尼克兰片获得上市批准，并开始对外销售。这一消息引起了广泛关注，因为这款戒烟药的上市为广大烟民和戒烟人士提供了新的选择和希望。 戒烟并不容易，因为烟草中的尼古丁会让人产生依赖。戒烟药的出现可以帮助吸烟者缓解戒烟过程中的不适症状，减少对尼古丁的渴望，提高戒烟的成功率。酒石酸伐尼克兰片作为一种有效的戒烟药物，已经在临床试验中显示出了良好的效果。 随着戒烟药的上市，全球烟草使用率下降的趋势有望进一步加强。世界卫生组织发布的报告显示，预计到 2025 年全球烟草使用者数量将下降至 12 亿。这一预测表明，全球范围内的控烟工作取得了一定的成效。而戒烟药的推广和应用，将为实现更低的烟草使用率提供有力支持。 戒烟不仅有益于个人健康，还有助于减少社会医疗成本和提高整体生活质量。吸烟是许多慢性疾病的主要危险因素之一，包括肺癌、心脏病、呼吸系统疾病等。通过戒烟，可以降低这些疾病的发病率和死亡率，减轻医疗负担。 此外，戒烟对于保护身边的人也至关重要。二手烟对他人的健康同样造成威胁，尤其是儿童和孕妇。戒烟可以创造一个无烟雾的环境，保护家人和朋友免受二手烟的危害。 总之，国产戒烟药的成功上市是一个重要的里程碑，为全球控烟事业带来了新的希望。然而，要实现全球烟草使用率的持续下降，还需要政府、社会组织、医疗机构和个人共同努力。政府可以加大控烟宣传力度，制定更严格的控烟政策；社会组织可以开展戒烟宣传活动，提供戒烟支持服务；医疗机构可以加强对戒烟药物的推广和应用；个人则需要增强健康意识，认识到吸烟的危害，并积极寻求戒烟帮助。 让我们共同行动起来，为创造一个健康、无烟草的社会而努力。戒烟不仅是个人的选择，更是对自己和他人健康的负责。相信在全社会的共同努力下，我们能够实现一个更加健康和美好的未来。 "" "" """,微头条,子兮谈观点,2024-01-28 18:41:27,http://www.toutiao.com/w/i1789329951707145/,未知,戒烟、控烟,正面,未知
202401018176,为了控烟而价格上涨，好理由啊！,title: 为了控烟而价格上涨，好理由啊！ summary: 为了控烟而价格上涨，好理由啊！ content: 为了控烟而价格上涨，好理由啊！,微头条,自由的风声7r,2024-01-28 18:28:14,未知,未知,控烟,中性,未知
202401018182,烟农表示烤过的烟叶不能私自售卖及赠送，只能在指定的收购点售出，自己抽也只能抽旱烟，不能抽烤过的烟叶烟丝。但是这样的规定究竟能否有效防止私售烟叶？对于普通人来说自己种烟叶来抽，会不会成为现实呢？可能很难说，禁止不一定能阻止，可这或许更需要人们对于抽烟的态度和选择的重新审视，控制烟草消费，既保护自身健康又遵守相关规定。聚焦市场需求，引导消费方式向健康、环保、可持续转变，才是控烟工作和行业注重的方向。#烤烟三遍药# #烤烟冷害与冻害# #烟头烫出的阴谋# #烤烟防冻# #开荒种烤烟# #烟叶种植管理#,"title: 烟农表示烤过的烟叶不能私自售卖及赠送，只能在指定的收购点售出，自己抽也只能抽旱烟，不能抽烤过的烟叶烟丝。但是这样的规定究竟能否有效防止私售烟叶？对于普通人来说自己种烟叶来抽，会不会成为现实呢？可能很难说，禁止不一定能阻止，可这或许更需要人们对于抽烟的态度和选择的重新审视，控制烟草消费，既保护自身健康又遵守相关规定。聚焦市场需求，引导消费方式向健康、环保、可持续转变，才是控烟工作和行业注重的方向。#烤烟三遍药# #烤烟冷害与冻害# #烟头烫出的阴谋# #烤烟防冻# #开荒种烤烟# #烟叶种植管理# summary: 烟农表示烤过的烟叶不能私自售卖及赠送，只能在指定的收购点售出，自己抽也只能抽旱烟，不能抽烤过的烟叶烟丝。可能很难说，禁止不一定能阻止，可这或许更需要人们对于抽烟的态度和选择的重新审视，控制烟草消费，既保护自身健康又遵守相关规定。 content: 烟农表示烤过的烟叶不能私自售卖及赠送，只能在指定的收购点售出，自己抽也只能抽旱烟，不能抽烤过的烟叶烟丝。但是这样的规定究竟能否有效防止私售烟叶？对于普通人来说自己种烟叶来抽，会不会成为现实呢？可能很难说，禁止不一定能阻止，可这或许更需要人们对于抽烟的态度和选择的重新审视，控制烟草消费，既保护自身健康又遵守相关规定。聚焦市场需求，引导消费方式向健康、环保、可持续转变，才是控烟工作和行业注重的方向。#烤烟三遍药# #烤烟冷害与冻害# #烟头烫出的阴谋# #烤烟防冻# #开荒种烤烟# #烟叶种植管理# "" "" "" """,微头条,平凡的烟火气息,2024-01-28 18:06:05,http://www.toutiao.com/w/i1789317596020811/,未知,控烟,中性,未知
202401018208,到了2024年，我吸了二十多年这个牌子的香烟，价格一涨再涨。以前每条售价70元，如今已经上涨至140元。看来国家对烟草控制的力度越发加大。虽然众所周知吸烟对身体有害，但要让我戒烟却是一项艰难的任务。身边不少同事已选择戒烟，因为他们明白戒烟可以拥有更为健康的生活。然而，控烟政策的影响是显而易见的。对于吸烟者而言，戒烟不仅是迈向健康的选择，更是对自己和家人的一种责任。因此，无论政策如何变动，戒烟都是一种理智之选。,"title: 到了2024年，我吸了二十多年这个牌子的香烟，价格一涨再涨。以前每条售价70元，如今已经上涨至140元。看来国家对烟草控制的力度越发加大。虽然众所周知吸烟对身体有害，但要让我戒烟却是一项艰难的任务。身边不少同事已选择戒烟，因为他们明白戒烟可以拥有更为健康的生活。然而，控烟政策的影响是显而易见的。对于吸烟者而言，戒烟不仅是迈向健康的选择，更是对自己和家人的一种责任。因此，无论政策如何变动，戒烟都是一种理智之选。 summary: 到了2024年，我吸了二十多年这个牌子的香烟，价格一涨再涨。虽然众所周知吸烟对身体有害，但要让我戒烟却是一项艰难的任务。身边不少同事已选择戒烟，因为他们明白戒烟可以拥有更为健康的生活。对于吸烟者而言，戒烟不仅是迈向健康的选择，更是对自己和家人的一种责任。因此，无论政策如何变动，戒烟都是一种理智之选。 content: 到了2024年，我吸了二十多年这个牌子的香烟，价格一涨再涨。以前每条售价70元，如今已经上涨至140元。看来国家对烟草控制的力度越发加大。虽然众所周知吸烟对身体有害，但要让我戒烟却是一项艰难的任务。身边不少同事已选择戒烟，因为他们明白戒烟可以拥有更为健康的生活。然而，控烟政策的影响是显而易见的。对于吸烟者而言，戒烟不仅是迈向健康的选择，更是对自己和家人的一种责任。因此，无论政策如何变动，戒烟都是一种理智之选。 """,微头条,优雅葡萄rKE,2024-01-28 15:28:30,http://www.toutiao.com/w/i1789147798150217/,未知,戒烟、控烟,正面,未知
202401018223,"烟农表示烤过的烟叶不能私自售卖及赠送，只能在指定的收购点售出，自己抽也只能抽旱烟，不能抽烤过的烟叶烟丝。但是这样的规定究竟能否有效防止私售烟叶？对于普通人来说自己种烟叶来抽，会不会成为现实呢？可能很难说，禁止不一定能阻止，可这或许更需要人们对于抽烟的态度和选择的重新审视，控制烟草消费，既保护自身健康又遵守相关规定。聚焦市场需求，引导消费方式向健康、环保、可持续转变，才是控烟工作和行业注重的方向。
","title: 烟农表示烤过的烟叶不能私自售卖及赠送，只能在指定的收购点售出，自己抽也只能抽旱烟，不能抽烤过的烟叶烟丝。但是这样的规定究竟能否有效防止私售烟叶？对于普通人来说自己种烟叶来抽，会不会成为现实呢？可能很难说，禁止不一定能阻止，可这或许更需要人们对于抽烟的态度和选择的重新审视，控制烟草消费，既保护自身健康又遵守相关规定。聚焦市场需求，引导消费方式向健康、环保、可持续转变，才是控烟工作和行业注重的方向。 summary: 烟农表示烤过的烟叶不能私自售卖及赠送，只能在指定的收购点售出，自己抽也只能抽旱烟，不能抽烤过的烟叶烟丝。可能很难说，禁止不一定能阻止，可这或许更需要人们对于抽烟的态度和选择的重新审视，控制烟草消费，既保护自身健康又遵守相关规定。 content: 烟农表示烤过的烟叶不能私自售卖及赠送，只能在指定的收购点售出，自己抽也只能抽旱烟，不能抽烤过的烟叶烟丝。但是这样的规定究竟能否有效防止私售烟叶？对于普通人来说自己种烟叶来抽，会不会成为现实呢？可能很难说，禁止不一定能阻止，可这或许更需要人们对于抽烟的态度和选择的重新审视，控制烟草消费，既保护自身健康又遵守相关规定。聚焦市场需求，引导消费方式向健康、环保、可持续转变，才是控烟工作和行业注重的方向。 "" "" "" """,微头条,爬到罗马,2024-01-28 14:34:53,http://www.toutiao.com/w/i1789314930740228/,未知,控烟,正面,未知
202401018233,"近日，东城区各街道综合行政执法部门为了保障市民的健康与安全，持续加大了对室内公共场所的控烟执法检查力度。这一举措旨在防止“二手烟”对他人的伤害，营造一个清新、健康的生活环境。
行动从细微之处展开。在对商务楼宇、商场超市、餐饮单位、宾馆酒店等场所的检查中，执法队员们严格查验逃生通道、楼道、卫生间等关键区域，确保控烟规定得以严格执行。尽管大多数场所已经意识到了控烟的重要性，但仍有一些细节需要完善，比如控烟巡视记录不完善、标识不全等问题，执法人员及时发现并责令改正。
通过检查，我们看到了改善的迹象。在中粮大厦的例子中，大厦内工作人员们都能很好地遵守相关规定，将吸烟行为移至室外安全吸烟区。这种行为的改变不仅体现了个人的责任意识，也彰显了对他人健康的尊重。
而在餐饮单位的检查中，大","title: 近日，东城区各街道综合行政执法部门为了保障市民的健康与安全，持续加大了对室内公共场所的控烟执法检查力度。这一举措旨在防止“二手烟”对他人的伤害，营造一个清新、健康的生活环境。 行动从细微之处展开。在对商务楼宇、商场超市、餐饮单位、宾馆酒店等场所的检查中，执法队员们严格查验逃生通道、楼道、卫生间等关键区域，确保控烟规定得以严格执行。尽管大多数场所已经意识到了控烟的重要性，但仍有一些细节需要完善，比如控烟巡视记录不完善、标识不全等问题，执法人员及时发现并责令改正。 通过检查，我们看到了改善的迹象。在中粮大厦的例子中，大厦内工作人员们都能很好地遵守相关规定，将吸烟行为移至室外安全吸烟区。这种行为的改变不仅体现了个人的责任意识，也彰显了对他人健康的尊重。 而在餐饮单位的检查中，大 summary: 近日，东城区各街道综合行政执法部门为了保障市民的健康与安全，持续加大了对室内公共场所的控烟执法检查力度。这一举措旨在防止二手烟对他人的伤害，营造一个清新、健康的生活环境。而在餐饮单位的检查中，大。 content: 近日，东城区各街道综合行政执法部门为了保障市民的健康与安全，持续加大了对室内公共场所的控烟执法检查力度。这一举措旨在防止“二手烟”对他人的伤害，营造一个清新、健康的生活环境。 行动从细微之处展开。在对商务楼宇、商场超市、餐饮单位、宾馆酒店等场所的检查中，执法队员们严格查验逃生通道、楼道、卫生间等关键区域，确保控烟规定得以严格执行。尽管大多数场所已经意识到了控烟的重要性，但仍有一些细节需要完善，比如控烟巡视记录不完善、标识不全等问题，执法人员及时发现并责令改正。 通过检查，我们看到了改善的迹象。在中粮大厦的例子中，大厦内工作人员们都能很好地遵守相关规定，将吸烟行为移至室外安全吸烟区。这种行为的改变不仅体现了个人的责任意识，也彰显了对他人健康的尊重。 而在餐饮单位的检查中，大 "" "" "" """,微头条,陈住气了apk0,2024-01-28 12:36:39,http://www.toutiao.com/w/i1789260380709904/,未知,控烟,正面,未知
202401018238,"近日，东城区各街道综合行政执法部门为了保障市民的健康与安全，持续加大了对室内公共场所的控烟执法检查力度。这一举措旨在防止“二手烟”对他人的伤害，营造一个清新、健康的生活环境。
行动从细微之处展开。在对商务楼宇、商场超市、餐饮单位、宾馆酒店等场所的检查中，执法队员们严格查验逃生通道、楼道、卫生间等关键","title: 近日，东城区各街道综合行政执法部门为了保障市民的健康与安全，持续加大了对室内公共场所的控烟执法检查力度。这一举措旨在防止“二手烟”对他人的伤害，营造一个清新、健康的生活环境。 行动从细微之处展开。在对商务楼宇、商场超市、餐饮单位、宾馆酒店等场所的检查中，执法队员们严格查验逃生通道、楼道、卫生间等关键 summary: 近日，东城区各街道综合行政执法部门为了保障市民的健康与安全，持续加大了对室内公共场所的控烟执法检查力度。这一举措旨在防止二手烟对他人的伤害，营造一个清新、健康的生活环境。行动从细微之处展开。在对商务楼宇、商场超市、餐饮单位、宾馆酒店等场所的检查中，执法队员们严格查验逃生通道、楼道、卫生间等关键。 content: 近日，东城区各街道综合行政执法部门为了保障市民的健康与安全，持续加大了对室内公共场所的控烟执法检查力度。这一举措旨在防止“二手烟”对他人的伤害，营造一个清新、健康的生活环境。 行动从细微之处展开。在对商务楼宇、商场超市、餐饮单位、宾馆酒店等场所的检查中，执法队员们严格查验逃生通道、楼道、卫生间等关键""""""""",微头条,陈住气了apk0,2024-01-28 12:36:39,http://www.toutiao.com/w/1789260380709904/,未知,控烟,正面,未知
202401018249,"控烟的社会意义在当今社会变得越发重要。控烟不仅仅是针对个体健康问题，更是一种社会责任。吸烟不仅影响自身健康，还会对他人造成二手烟危害。通过控烟，社会可以减少医疗开支和人力资源成本，提高公共卫生水平，营造更加清洁健康的社会环境。因此，控烟已成为社会发展进程中不可或缺的一环。
控烟对健康的重要性不可忽视。众所周知，吸烟会增加心脏病、癌症、中风等多种疾病的风险。大量科学研究已经证实，吸烟对健康的危害极大，并且对吸烟的控制是预防这些健康问题的最有效途径之一。因此，控烟不仅关乎个体的健康，也直接影响着整个社会的健康水平和发展方向。
从经济角度来看，控烟也具有重要的意义。控烟可以有效减少医疗支出，降低医疗资源的紧张程度，提升国民健康水平，从而增进国家和个人的经济效益。此外，控烟还有利于提高劳动力的生产力和减少因吸烟引起的职场问题，对整体经济发展有积极的促进作用。
控烟对环境的积极影响也是不可小觑的。吸烟会导致大量烟雾和有害气体的排放，加重空气污染，对生态环境和人类健康造成直接威胁。通过控烟，可以有效改善空气质量，减少环境污染，保护生态环境，为人类居住地创造更加清洁健康的空间。
政策和法律对于控烟的价值也是不可替代的。政府的介入和制定相关法律法规，可以有效约束和规范烟草行业，限制吸烟行为，保障公众利益。此外，政府的宣传和教育也是推动控烟的重要手段，通过舆论引导和法律约束相辅相成，共同促进控烟工作的深入开展。
然而，控烟价值也面临一些争论与挑战。有人质疑控烟政策的严苛性和干预程度，认为这涉及个人自由和权利，也有人对控烟效果持怀疑态度。因此，在推进控烟工作的过程中，需要平衡好各方利益，科学合理地制定控烟政策，增加舆论宣传，促使社会公众和个体自觉参与控烟工作，形成全社会共同关注和支持控烟的良好氛围。","title: 控烟的社会意义在当今社会变得越发重要。控烟不仅仅是针对个体健康问题，更是一种社会责任。吸烟不仅影响自身健康，还会对他人造成二手烟危害。通过控烟，社会可以减少医疗开支和人力资源成本，提高公共卫生水平，营造更加清洁健康的社会环境。因此，控烟已成为社会发展进程中不可或缺的一环。 控烟对健康的重要性不可忽视。众所周知，吸烟会增加心脏病、癌症、中风等多种疾病的风险。大量科学研究已经证实，吸烟对健康的危害极大，并且对吸烟的控制是预防这些健康问题的最有效途径之一。因此，控烟不仅关乎个体的健康，也直接影响着整个社会的健康水平和发展方向。 从经济角度来看，控烟也具有重要的意义。控烟可以有效减少医疗支出，降低医疗资源的紧张程度，提升国民健康水平，从而增进国家和个人的经济效益。此外，控烟还有利于提高劳动力的生产力和减少因吸烟引起的职场问题，对整体经济发展有积极的促进作用。 控烟对环境的积极影响也是不可小觑的。吸烟会导致大量烟雾和有害气体的排放，加重空气污染，对生态环境和人类健康造成直接威胁。通过控烟，可以有效改善空气质量，减少环境污染，保护生态环境，为人类居住地创造更加清洁健康的空间。 政策和法律对于控烟的价值也是不可替代的。政府的介入和制定相关法律法规，可以有效约束和规范烟草行业，限制吸烟行为，保障公众利益。此外，政府的宣传和教育也是推动控烟的重要手段，通过舆论引导和法律约束相辅相成，共同促进控烟工作的深入开展。 然而，控烟价值也面临一些争论与挑战。有人质疑控烟政策的严苛性和干预程度，认为这涉及个人自由和权利，也有人对控烟效果持怀疑态度。因此，在推进控烟工作的过程中，需要平衡好各方利益，科学合理地制定控烟政策，增加舆论宣传，促使社会公众和个体自觉参与控烟工作，形成全社会共同关注和支持控烟的良好氛围。 summary: 控烟的社会意义在当今社会变得越发重要。吸烟不仅影响自身健康，还会对他人造成二手烟危害。通过控烟，社会可以减少医疗开支和人力资源成本，提高公共卫生水平，营造更加清洁健康的社会环境。 content: 控烟的社会意义在当今社会变得越发重要。控烟不仅仅是针对个体健康问题，更是一种社会责任。吸烟不仅影响自身健康，还会对他人造成二手烟危害。通过控烟，社会可以减少医疗开支和人力资源成本，提高公共卫生水平，营造更加清洁健康的社会环境。因此，控烟已成为社会发展进程中不可或缺的一环。 控烟对健康的重要性不可忽视。众所周知，吸烟会增加心脏病、癌症、中风等多种疾病的风险。大量科学研究已经证实，吸烟对健康的危害极大，并且对吸烟的控制是预防这些健康问题的最有效途径之一。因此，控烟不仅关乎个体的健康，也直接影响着整个社会的健康水平和发展方向。 从经济角度来看，控烟也具有重要的意义。控烟可以有效减少医疗支出，降低医疗资源的紧张程度，提升国民健康水平，从而增进国家和个人的经济效益。此外，控烟还有利于提高劳动力的生产力和减少因吸烟引起的职场问题，对整体经济发展有积极的促进作用。 控烟对环境的积极影响也是不可小觑的。吸烟会导致大量烟雾和有害气体的排放，加重空气污染，对生态环境和人类健康造成直接威胁。通过控烟，可以有效改善空气质量，减少环境污染，保护生态环境，为人类居住地创造更加清洁健康的空间。 政策和法律对于控烟的价值也是不可替代的。政府的介入和制定相关法律法规，可以有效约束和规范烟草行业，限制吸烟行为，保障公众利益。此外，政府的宣传和教育也是推动控烟的重要手段，通过舆论引导和法律约束相辅相成，共同促进控烟工作的深入开展。 然而，控烟价值也面临一些争论与挑战。有人质疑控烟政策的严苛性和干预程度，认为这涉及个人自由和权利，也有人对控烟效果持怀疑态度。因此，在推进控烟工作的过程中，需要平衡好各方利益，科学合理地制定控烟政策，增加舆论宣传，促使社会公众和个体自觉参与控烟工作，形成全社会共同关注和支持控烟的良好氛围。 "" "" "" "" "" "" "" "" "" "" "" "" "" "" "" """,微头条,弘扬奉献精神,2024-01-28 11:48:41,http://www.toutiao.com/w/i1789304474368004/,未知,控烟,正面,未知
202401018265,标题：国产戒烟药获批上市，助力降低烟草使用率,"title: 标题：国产戒烟药获批上市，助力降低烟草使用率 summary: 近日，国产戒烟药成功获批上市，这一消息引起了广泛关注。这款戒烟药的推出为广大烟民和戒烟人士提供了一种新的选择，也为降低烟草使用率带来了新的希望。 content: ""近日，国产戒烟药成功获批上市，这一消息引起了广泛关注。这款戒烟药的推出为广大烟民和戒烟人士提供了一种新的选择，也为降低烟草使用率带来了新的希望。烟草使用是一个严重的公共卫生问题，对个人和社会都带来了巨大的危害。吸烟不仅导致多种疾病，如肺癌、心脏病等，还对周围人的健康造成不良影响。因此，降低烟草使用率是一个亟待解决的重要任务。""戒烟对于烟民来说是一项具有挑战性的任务，需要坚定的决心和持续的努力。而药物治疗可以为戒烟提供一定的帮助。国产戒烟药的获批上市为烟民提供了更多的戒烟选择。药物治疗可以减轻戒烟过程中的不适症状，如焦虑、抑郁、易怒等，帮助烟民更好地克服戒烟带来的困难。除了药物治疗，控烟工作也需要综合措施的支持。政府和社会应该加强吸烟危害的宣传教育，提高公众对烟草使用的认识。同时，加强烟草管控政策的制定和执行，包括提高烟草税收、限制吸烟场所、加强广告监管等，以减少吸烟的诱惑和便利。""此外，对于戒烟人士来说，社会支持也非常重要。家人、朋友和同事的理解和支持可以增强戒烟者的信心和动力。同时，建立戒烟支持组织和提供专业的咨询服务也能够为戒烟者提供必要的帮助和指导。综上所述，国产戒烟药的获批上市是降低烟草使用率的一个重要进展。然而，要实现全面控烟的目标，还需要政府、社会和个人共同努力，采取综合措施，加强宣传教育，制定有效的政策，提供支持和帮助，以促进更多的烟民成功戒烟，保护公众的健康。",头条号,一颗喜阳的喜乐,2024-01-28 09:33:57,http://www.toutiao.com/w/i7328954573849657865/,未知,戒烟、控烟,中性,未知
202401018272,禁烟 控烟吸烟有害健康主题教育PPT,title: 禁烟 控烟吸烟有害健康主题教育PPT summary: 禁烟 控烟吸烟有害健康主题教育PPT#主题班会PPT#吸烟有害健康#吸烟有害健康传播正能量 content: #主题班会PPT#吸烟有害健康#吸烟有害健康传播正能量,小红书,小亚子🐤,2024-01-28 09:16:00,http://www.xiaohongshu.com/discovery/item/65b5aae7000000002c0119d1,未知,控烟,中性,未知
202401018287,营造无烟环境，杨浦这里开展控烟&lt;span style=color: #F76435;宣传活动&lt;/span,"title: 营造无烟环境，杨浦这里开展控烟&lt;span style=color: #F76435;宣传活动&lt;/span summary: 据悉，此次活动围绕保障孕产妇与婴幼儿健康展开，旨在通过指导孕产家庭成员戒烟，进一步提高市民控烟戒烟意识，营造良好的无烟环境。区中心医院戒烟门诊的医生向市民群众提供戒烟热线、戒烟门诊、戒烟社群等戒烟渠道，并且为问询戒烟方法的群众提供帮助。 content: 为了促进共同创建无烟杨浦，推动健康上海的发展，1月24日，杨浦区卫生健康促进中心结合“医路护航·医共享”区域化党建项目，联合区中心医院、区疾控中心、区卫监所等多家单位，在五角场下沉式广场开展了一场以“无烟佳节·与爱同行”为主题的控烟宣传活动。""据悉，此次活动围绕保障孕产妇与婴幼儿健康展开，旨在通过指导孕产家庭成员戒烟，进一步提高市民控烟戒烟意识，营造良好的无烟环境。""当天，各单位各司其职、协同合作，向来往的市民群众做好关于戒烟方面的宣传。区健促中心现场宣传了最新的《上海市爱国卫生与健康促进条例》。区中心医院戒烟门诊的医生向市民群众提供戒烟热线、戒烟门诊、戒烟社群等戒烟渠道，并且为问询戒烟方法的群众提供帮助。区疾控中心推广“十月怀胎·爸爸戒烟”孕产家庭戒烟行动和健康咨询。区卫监所向附近办公楼宇职员及市民进行了《控烟条例》普法宣传并分发控烟宣传册。""""下一步，杨浦区卫生健康促进中心将结合“医路护航·医共享”系列项目活动，以“党建引领、系统联动”模式，充分发挥区域大党建和健康科普特色优势，提升为人民服务的水平，不断增强社区居民满意度和获得感。来源：上海杨浦",人民号,新闻晨报,2024-01-28 08:23:39,http://rmh.pdnews.cn/Pc/ArtInfoApi/article?id=39711458,未知,控烟、戒烟、控烟戒烟,正面,未知
202401018293,这样控烟办法不好，我给国家想了好办法。如果谁要再抽烟让他住上三年老改。我抽烟吓得发抖[捂脸],title: 这样控烟办法不好，我给国家想了好办法。如果谁要再抽烟让他住上三年老改。我抽烟吓得发抖[捂脸] summary: 这样控烟办法不好，我给国家想了好办法。如果谁要再抽烟让他住上三年老改。我抽烟吓得发抖[捂脸] content: 这样控烟办法不好，我给国家想了好办法。如果谁要再抽烟让他住上三年老改。我抽烟吓得发抖[捂脸],头条号,大山四季,2024-01-28 07:53:19,未知,未知,控烟,正面,未知
202401018303,"#戒烟与戒酒必须选一个，你选哪一个#
首先要看个人的实际情况，在身体相对健康的情况下。现在控烟是大环境，吸烟的社交属性被剥离，吸烟也不会彰显个人地位与成功。
中国是人情社会，酒的作用体现在交流情感与社交工具，所以，在两者中，戒烟是必选项，很多人认为戒烟是天下最难的事，而真相是戒烟轻松又简单，相较于与",title: #戒烟与戒酒必须选一个，你选哪一个# 首先要看个人的实际情况，在身体相对健康的情况下。现在控烟是大环境，吸烟的社交属性被剥离，吸烟也不会彰显个人地位与成功。 中国是人情社会，酒的作用体现在交流情感与社交工具，所以，在两者中，戒烟是必选项，很多人认为戒烟是天下最难的事，而真相是戒烟轻松又简单，相较于与 summary: 首先要看个人的实际情况，在身体相对健康的情况下。现在控烟是大环境，吸烟的社交属性被剥离，吸烟也不会彰显个人地位与成功。中国是人情社会，酒的作用体现在交流情感与社交工具，所以，在两者中，戒烟是必选项，很多人认为戒烟是天下最难的事，而真相是戒烟轻松又简单，相较于与#戒烟与戒酒必须选一个，你选哪一个#。 content: #戒烟与戒酒必须选一个，你选哪一个# 首先要看个人的实际情况，在身体相对健康的情况下。现在控烟是大环境，吸烟的社交属性被剥离，吸烟也不会彰显个人地位与成功。 中国是人情社会，酒的作用体现在交流情感与社交工具，所以，在两者中，戒烟是必选项，很多人认为戒烟是天下最难的事，而真相是戒烟轻松又简单，相较于与,微头条,奇妙戒烟创始人,2024-01-28 07:07:04,http://www.toutiao.com/w/1789286756504588/,未知,戒烟、控烟,正面,未知
202401018309,"#戒烟与戒酒必须选一个，你选哪一个#
首先要看个人的实际情况，在身体相对健康的情况下。现在控烟是大环境，吸烟的社交属性被剥离，吸烟也不会彰显个人地位与成功。
中国是人情社会，酒的作用体现在交流情感与社交工具，所以，在两者中，戒烟是必选项，很多人认为戒烟是天下最难的事，而真相是戒烟轻松又简单，相较于与尼古丁硬碰硬，靠着意志力与尼古丁拔河，不仅吸烟者自己要承受巨大痛苦，戒烟成功的记录也非常低，有些人认为，只要我不吸烟，就成功了，而实际上，心瘾如果没有解决，单纯的不吸烟，背后吸烟者也要靠着顽强的意志力在苦苦支撑。而陈老师通过行为动力学，脑科学，神经学，总结出了简单轻松的戒烟方式，找到成功消除心瘾的钥匙，只要用对方法，每个吸烟者都可以轻松摆脱烟瘾。

所有烟民都想戒烟，
不想面对的是痛苦，而不是戒烟本身。
所有烟民都想吸烟，
不是喜欢吸烟，而是缓解痛苦。
如果你有戒烟的困惑，可以关注陈老师，帮你轻松解决烟瘾问题。#如何才能戒烟？#",title: #戒烟与戒酒必须选一个，你选哪一个# 首先要看个人的实际情况，在身体相对健康的情况下。现在控烟是大环境，吸烟的社交属性被剥离，吸烟也不会彰显个人地位与成功。 中国是人情社会，酒的作用体现在交流情感与社交工具，所以，在两者中，戒烟是必选项，很多人认为戒烟是天下最难的事，而真相是戒烟轻松又简单，相较于与尼古丁硬碰硬，靠着意志力与尼古丁拔河，不仅吸烟者自己要承受巨大痛苦，戒烟成功的记录也非常低，有些人认为，只要我不吸烟，就成功了，而实际上，心瘾如果没有解决，单纯的不吸烟，背后吸烟者也要靠着顽强的意志力在苦苦支撑。而陈老师通过行为动力学，脑科学，神经学，总结出了简单轻松的戒烟方式，找到成功消除心瘾的钥匙，只要用对方法，每个吸烟者都可以轻松摆脱烟瘾。 所有烟民都想戒烟， 不想面对的是痛苦，而不是戒烟本身。 所有烟民都想吸烟， 不是喜欢吸烟，而是缓解痛苦。 如果你有戒烟的困惑，可以关注陈老师，帮你轻松解决烟瘾问题。#如何才能戒烟？# summary: 现在控烟是大环境，吸烟的社交属性被剥离，吸烟也不会彰显个人地位与成功。#如何才能戒烟？ content: #戒烟与戒酒必须选一个，你选哪一个# 首先要看个人的实际情况，在身体相对健康的情况下。现在控烟是大环境，吸烟的社交属性被剥离，吸烟也不会彰显个人地位与成功。 中国是人情社会，酒的作用体现在交流情感与社交工具，所以，在两者中，戒烟是必选项，很多人认为戒烟是天下最难的事，而真相是戒烟轻松又简单，相较于与尼古丁硬碰硬，靠着意志力与尼古丁拔河，不仅吸烟者自己要承受巨大痛苦，戒烟成功的记录也非常低，有些人认为，只要我不吸烟，就成功了，而实际上，心瘾如果没有解决，单纯的不吸烟，背后吸烟者也要靠着顽强的意志力在苦苦支撑。而陈老师通过行为动力学，脑科学，神经学，总结出了简单轻松的戒烟方式，找到成功消除心瘾的钥匙，只要用对方法，每个吸烟者都可以轻松摆脱烟瘾。 所有烟民都想戒烟， 不想面对的是痛苦，而不是戒烟本身。 所有烟民都想吸烟， 不是喜欢吸烟，而是缓解痛苦。 如果你有戒烟的困惑，可以关注陈老师，帮你轻松解决烟瘾问题。#如何才能戒烟？#,微头条,奇妙戒烟创始人,2024-01-28 07:07:04,http://www.toutiao.com/w/i1789286756504588/,未知,戒烟、控烟,正面,未知
202401017580,"中国上世纪老香烟,见过三种就说明你老了,老烟民能认出几个?","title: 中国上世纪老香烟,见过三种就说明你老了,老烟民能认出几个? summary: 中国上世纪老香烟,见过三种就说明你老了,老烟民能认出几个?如果您还不是烟民，那请您跟香烟保持距离，如果您已经是烟民，那请您尽快采取正确的手段戒烟！ content: 在全球多家烟草公司中，中国烟草始终稳坐“全球最大香烟制造商”的位子，而这主要靠超过3亿人的烟民群体撑着。自从香烟传入我国以来，香烟经济应运而生，一些城市更是靠制烟养活了一大半的人，而这也使得香烟的种类变得五花八门。从上世纪八十年代的大前门、菊花、大境门等到九十年代的彩蝶、喜梅等等，这些可以被称为香烟界“爷爷奶奶”辈的香烟你见过吗？未来又会流行什么香烟？""中国悠久的香烟史研究表明，烟草在16世纪传入我国，有的说法是，烟草先是从菲律宾传入我国福建，然后再传到全国各地，但烟草并非菲律宾的本地物种。研究认为，烟草最早来自拉丁美洲，生活在这一地区的居民很早之前就已经开始跟烟草打交道。在原始社会时期，地处拉丁美洲的居民在寻找食物过程中发现，有的植物叶子放进嘴里嚼后会产生刺激，可以起到提神醒脑的作用。""当时他们对吸烟的危害没有什么概念，只知道每天有事没事就嚼嚼烟草，而次数多了就上了瘾，开始变成一种难以戒掉的嗜好。另外，湿热气候和热带雨林使得拉丁美洲蚊虫猖獗，一般当地的居民会通过柴火来防蚊。但是工作时没有时间盯着柴火，于是他们就将嘴里叼着的烟草点燃来驱赶蚊子。久而久之，他们会将烟草卷起来，然后点燃烟草放到嘴里。""在大航海时代，哥伦布等人来到美洲，他们很快就发现这里有很多人都叼着烟管，随时随地吞云吐雾。后来欧洲人也学会了吸烟，然后将烟草带回欧洲并且传播到世界各地。等到16世纪，西方人带着烟草、香烟强行推开我国的大门，而吸烟在中国的传播也变得一发不可收拾，几乎男女老少都是烟不离手。与此同时，在利润的驱使下，一些国人开始种植烟草，这导致耕地面积有所减少。""在明朝崇祯皇帝在位期间，他曾下令严抓私种烟草或者贩卖烟草者，但后来吸烟成瘾的人越来越多，禁烟也就不了了之。等到清朝时，清政府也曾采取一些禁烟措施，理由是当时有的香烟是从国外进口的，这导致国家财物流失。但制定措施不难，执行起来却没有那么简单，后来在各种原因的推动下，吸烟反而变得越来越流行。""一些有年代感的老香烟在香烟传播过程中，吸烟的方式跟种类都有了很大变化。最初在美洲大陆被发现时，拉丁美洲的居民已经开始用“烟斗”吸烟，因此中国等国最早也是用烟斗吸烟。等到清朝末期，一些所谓富裕阶层开始用“水烟袋”吸烟，水烟袋是由铜制成的。在点燃香烟之后，烟气会过水后再进入烟民的嘴里，烟民认为这种吸烟方式比较卫生，烟味也会比较浓厚。""但是每天拿着个烟袋四处晃悠肯定很不方便，这种烟袋通常只是在家里抽烟时用。久而久之，烟民们逐渐放弃水烟袋，开始吸食“纸烟”，也被称为卷烟。如今我们市面上看到的香烟大多都是纸烟，这些纸烟还有过滤嘴纸。生产人员会先把烟草烤干后切成丝，然后再用烟纸把烟草卷起来。后来随着时间的推移，哈德门、大前门、彩蝶等香烟逐渐在中国流行起来，其中有不少是外国牌子。""比如，哈德门香烟流行于上世纪二三十年代，该款香烟来自英美烟草公司。为了能够在中国烟草市场占据一席之地，英美烟草公司在1919年前便开始在中国布局，生产、包装、推广哈德门香烟，而哈德门在中国的流行速度也达到了令人瞠目结舌的程度。当时该款香烟的外包装是比较亮丽的，正面通常是一些生动形象的人物绘画，背面则是广告宣传之类的，看起来比较精致。后来随着南阳烟草公司等中国烟草制造商的诞生，国产的双喜等香烟品牌开始流行起来，这使得中国烟草迅速壮大，外国香烟在中国的市场份额也逐渐减少。""新中国成立之后，国家曾先后多次对烟草行业进行“调整”，很多外国在华创办的香烟企业也转为国有企业，烟草行业也渐渐变得井然有序。与此同时，越来越多证据表明，吸烟可以引发呼吸系统感染等疾病，甚至还有可能会引发肺癌、喉癌等各种癌症。看到这里，可能不吸烟的人会问，既然吸烟的危害这么大，中国为什么不全面“禁烟”？""要知道的是，早在2021年，我国吸烟人数已经达到3.5亿人，其中有大量的人已经吸烟成瘾。更直白一点来讲，要让这么大一个群体彻底不吸烟是不可能的，而且一些地方经济就靠制烟撑着，贸然推行全面“禁烟”并不可行。但是可以肯定的是，国家和各地已经采取普及香烟危害、禁止在公共场所吸烟等各种方式控烟，争取尽量降低吸烟率。与此同时，近年来市面上开始流行电子烟，一些卖电子烟的商家还声称电子烟“无一氧化碳”等等，这是真的吗？电子烟到底是什么？""如何看待电子烟简单来讲，跟传统的卷烟不同，电子烟不用直接点燃烟草，主要通过将烟草加热到一定温度来产生烟雾，这些烟雾也含有尼古丁等对人体有害的物质。近年来，全球电子烟行业正以惊人的速度发展、蔓延，有关数据显示，2020年全球电子烟销售额高达424亿元，与同期相比上涨15.6％。截至2021年3月，我国总共有4.7万家企业的经营范围涵盖电子烟，其中有超过五分之一的企业分布在广东。""与此同时，国内吸食电子烟的人数正在不断上涨，成人电子烟的使用率已经从2015年的1.3％上升到1.6％。有的吸食者还表示，自己吸电子烟是为了戒烟，但电子烟真的没有危害吗？国家卫健委已经给出答案。早在2020年，国家卫健委曾经发布报告陈述电子烟的危害，指出有足够的证据表明电子烟并不安全，同样也会威胁人的身体健康。""除了尼古丁之外，电子烟的烟雾还含有诸多化学物质，其中包括可以深入肺部的超细颗粒、致癌物、重金属等等。在加热过程中，电子烟还会产生二手气溶胶，这种物质会对空气造成污染。更令人感到担忧的是，如今电子烟正在青少年群体传播，一些年轻人认为电子烟已经是流行的代表但是电子烟的有害物质会对青少年的大脑发育等产生影响，甚至还会激发青少年的好奇心，使得他们尝试吸食香烟，因此必须加强对电子烟的管理。总而言之，吸烟为致病之首恶。如果您还不是烟民，那请您跟香烟保持距离，如果您已经是烟民，那请您尽快采取正确的手段戒烟！",快传号,墨羽蝶化,2024-01-27 22:32:02,http://www.360kuai.com/mob/transcoding?url=92519bfc2fdfe4602,未知,控烟、戒烟,中性,未知
202401017599,不然为啥要管控烟草[捂脸],title: 不然为啥要管控烟草[捂脸] summary: 不然为啥要管控烟草[捂脸] content: 不然为啥要管控烟草[捂脸],微头条,读书人陈隐官,2024-01-27 21:49:05,未知,未知,控烟,中性,未知
202401017605,烟草专卖局，打着“控烟”之名行涨价之实，太可恶。要真控烟，何不把所有烟厂全关了,title: 烟草专卖局，打着“控烟”之名行涨价之实，太可恶。要真控烟，何不把所有烟厂全关了 summary: 烟草专卖局，打着“控烟”之名行涨价之实，太可恶。要真控烟，何不把所有烟厂全关了 content: 烟草专卖局，打着“控烟”之名行涨价之实，太可恶。要真控烟，何不把所有烟厂全关了,微头条,有趣gIka,2024-01-27 21:36:39,未知,未知,控烟,负面,未知
202401017631,要年味不要烟味！横琴这份控烟倡议书请查收,"title: 要年味不要烟味！横琴这份控烟倡议书请查收 summary: 横琴这份控烟倡议书请查收新年对烟说拜拜，无烟健康过佳节！为减少吸烟造成的危害，创造良好的工作和生活环境，提高城市文明水平，在新春佳节来临之际，横琴粤澳深度合作区爱国卫生运动委员会办公室特向广大居民发出健康过年，无烟佳节的倡议：让我们共同行动起来，自觉遵守控烟条例，不吸烟、不敬烟、不送烟。 content: 新年对“烟”说拜拜，无烟健康过佳节！为减少吸烟造成的危害，创造良好的工作和生活环境，提高城市文明水平，在新春佳节来临之际，横琴粤澳深度合作区爱国卫生运动委员会办公室特向广大居民发出“健康过年，无烟佳节”的倡议：让我们共同行动起来，自觉遵守控烟条例，不吸烟、不敬烟、不送烟，关爱自己、关爱他人，共度无烟健康佳节。&lt;img class=""content-image"" data-src=""1i8D9IaYlbNGIQCZT5KVh8BtPsOZN1xBjR51Pm15agHM3MCfyF82Ug8h+ntPrujAWJtDhzuOwQbx2dCAsPLVpHVj5GA3t5LSIWXJ30ra1ic="" width=""1080"" height=""1586"" /控烟健康科普小知识01吸烟的危害&lt;img class=""content-image"" data-src=""wxcWD3sAnMjy6azFPk/mH8BtPsOZN1xBjR51Pm15agEuaZ7GqgMkYpN5Wgm9cEbSvid4d2FT44QAGY7+aBWXIo5n3WFoFE9A6bVpQmi/llI="" width=""862"" height=""496"" /烟草燃烧的烟雾中有4000多种化学物质，其中400多种具有毒性，超过50种能致癌。烟草烟雾是一种非常危险的室内空气污染形式，虽然烟雾可能是看不见和无味的，但它可以在空气中徘徊长达5个小时，使那些接触者面临肺癌、慢性呼吸系统疾病和肺功能降低的风险。&lt;img class=""content-image"" data-src=""wXdZHLbub1cJf8KN0C5vfcBtPsOZN1xBjR51Pm15agF4w05GxKXM/Mia8owUcgKXee600HB4gwr9bTbDeaLzHqjW61D37CeVD+8LXrBQSwY="" width=""461"" height=""799"" /02戒烟的好处↓上下滑动↓&lt;img class=""content-image"" data-src=""nuh/wEb6x4IxiInVMoIK8MBtPsOZN1xBjR51Pm15agGnOWoTcXynwBYjLOaPiwCW9OnppcnWfuFXDxdQ5Jn9KL+OiczfM/EXpYqnVds5A1M="" width=""966"" height=""4377"" /&lt;img class=""content-image"" data-src=""wXdZHLbub1cJf8KN0C5vfcBtPsOZN1xBjR51Pm15agHZxXRoxBuwg4h3lZ9ptTgNjt6QX29BikwDtSFeg+f1CClzKmlxukEOzF3bS0kBu20="" width=""966"" height=""4068"" /&lt;img class=""content-image"" data-src=""wXdZHLbub1cJf8KN0C5vfcBtPsOZN1xBjR51Pm15agHLIuWjrWnKLLjvsh60cxCb49xSVSpRU4YGdRSJ6hH4camVBCf17w7O5LXNeRgZIEY="" width=""966"" height=""2149"" /03科学戒烟科学有效的戒烟治疗方法包括心理干预、行为疗法和戒烟药物等综合治疗方法。对于未成瘾的吸烟者来说，可以依靠毅力戒烟。但是对于罹患烟草依赖的吸烟者来说，当大脑中尼古丁达不到人体“需要”的水平时，人就会出现心情抑郁、烦躁不安、精神不集中等各类戒断症状，这些症状最终会导致戒烟失败。因此，寻求专业的戒烟帮助才有助于提高戒烟成功率，戒烟门诊以及线上戒烟平台都是好的选择。&lt;img class=""content-image"" data-src=""wXdZHLbub1cJf8KN0C5vfcBtPsOZN1xBjR51Pm15agEos5dBuvWN6CajHZDl29kRl/SVJFeqghaBGdg4py7kdKDmmVsiLa0lMrQFScNAk3Q="" width=""1080"" height=""1539"" /&lt;img class=""content-image"" data-src=""/L19E/drXjGfZ2kuFxSZZcBtPsOZN1xBjR51Pm15agHRpQmHP6J+XSbNj+Db6sg42ys183GQyn3QHeTuXm4yVE3quaiwny03B6EM5hOBmHk="" width=""1080"" height=""1479"" /转发周知~-END-来源 | 合作区爱国卫生运动委员会办公室发布于：山西省",搜狐号,彩虹的五彩生活记录,2024-01-27 20:14:34,http://m.sohu.com/a/754678986_121123801,未知,控烟、戒烟,中性,未知
202401017635,"相对来说，传统香烟危害大，可以考虑用电子烟替烟。具体原因可以看图：
但如果本身不抽烟，都不建议抽。
#控烟目标# #香烟的危害# #戒烟新探索# #戒烟真的难吗？# #烟民看过来的# #探讨吸烟危害# #帮烟民轻松戒烟# #你已戒烟了吗# #抽烟的代价# #你戒烟了吗？！#","title: 相对来说，传统香烟危害大，可以考虑用电子烟替烟。具体原因可以看图： 但如果本身不抽烟，都不建议抽。 #控烟目标# #香烟的危害# #戒烟新探索# #戒烟真的难吗？# #烟民看过来的# #探讨吸烟危害# #帮烟民轻松戒烟# #你已戒烟了吗# #抽烟的代价# #你戒烟了吗？！# summary: 相对来说，传统香烟危害大，可以考虑用电子烟替烟。但如果本身不抽烟，都不建议抽。#控烟目标##香烟的危害##戒烟新探索##戒烟真的难吗？##烟民看过来的##探讨吸烟危害##帮烟民轻松戒烟##你已戒烟了吗##抽烟的代价##你戒烟了吗？ content: 相对来说，传统香烟危害大，可以考虑用电子烟替烟。具体原因可以看图： 但如果本身不抽烟，都不建议抽。 #控烟目标# #香烟的危害# #戒烟新探索# #戒烟真的难吗？# #烟民看过来的# #探讨吸烟危害# #帮烟民轻松戒烟# #你已戒烟了吗# #抽烟的代价# #你戒烟了吗？！# """,微头条,运动橙子cpu,2024-01-27 20:00:28,http://www.toutiao.com/w/i1789221694995546/,未知,控烟、戒烟,正面,未知
202401017648,肺有问题，痰液先知！提醒：咳出5类痰液请留意，别以为是小事,"title: 肺有问题，痰液先知！提醒：咳出5类痰液请留意，别以为是小事 summary: 根据《世界卫生组织2023年全球烟草流行报告》的数据显示，全世界每年有800多万人因烟草和吸烟死亡或患病，而非吸烟者因二手烟而死亡的人数更是高达130万。很多吸烟的人在别人劝戒烟时，总喜欢用一些名人的案例来佐证吸烟不会影响健康，包括但不限于谁谁谁吸烟喝酒，不也活到了90多？ content: 说起吸烟致癌，不少人都会认为是香烟中的尼古丁致癌，而且就算连专业的医生也可能是这么认为的。美国新泽西州立罗格斯大学曾经对1020名美国医生进行过一项调查研究，结果有八成以上的医生一致认为尼古丁会致癌，这当中不乏肿瘤科医生。而且翻开世界卫生组织公布的致癌物清单当中，尼古丁也不在其中，要知道连茶叶和咖啡因都被列入3类致癌物。目前，没有科学研究证明尼古丁会致癌，相反甚至有人为其“正名”。B B C曾拍过一部名为《电子烟：奇迹抑或威胁》的纪录片，该纪录片的导演发现，尼古丁其实存在于我们日常食用的很多植物当中，比如茄子、青椒、西红柿和土豆等。纪录片中采访了烟草领域的权威专家、加利福南亚大学教授stanton Glantz，他更是直言：尼古丁并不致癌，它最大的问题是成瘾。""无独有偶，中科院的研究人员曾在48只小鼠身上就服用尼古丁是否影响寿命进行了实验研究，结果过发现，长期微量服用低剂量的尼古丁与死亡风险下降40%相关，同时还能让体内多项与衰老相关的表现得到改善，这一研究成果也发表在著名医学期刊《Nature》上。难道尼古丁真的“罪不该死”？一、尼古丁根本不致癌，吸烟有害健康是错的？尼古丁是一种生物碱成分，在茄科植物内广泛存在，除了香烟外，辣椒、西红柿、茄子以及马铃薯等食物内均有，但烟草是尼古丁含量最为丰富的植物。虽然尼古丁不致癌，但却有着高度的成瘾性。尼古丁进入体内后会快速到达血液内，促使脑内的多巴胺分泌，让人产生愉悦的感觉。随着吸烟量的增加，身体满足的阈值也会随之提高，需要的烟草量也会增加。这样一来，神经系统会受到极大的影响。在不吸烟时，体内的多巴胺分泌明显减少，会出现情绪低落、烦躁、手抖等戒断症状。""而已知烟草中含有多环芳烃、亚硝胺等69种已知致癌物，烟草燃烧时产生的烟雾含有7000多种化合物，其中包括一氧化碳、氢化氰、挥发性亚硝胺、烟焦油、尼古丁等多种有害物质。在尼古丁成瘾的加持下，这些有害物质不断被人体吸入，严重危害身体健康。根据《世界卫生组织2023年全球烟草流行报告》的数据显示，全世界每年有800多万人因烟草和吸烟死亡或患病，而非吸烟者因二手烟而死亡的人数更是高达130万。而我国2022年死于吸烟的人数高达100万，如果不加以控制的话，预计到2030年会突破200万人次。吸烟除了会导致肺癌风险显著上升外，还会增加心血管疾病、慢性阻塞性肺病的发生几率，妄想通过吸烟延寿的人，劝你还是尽早戒烟为好。""二、如果一辈子不抽烟不喝酒，会不会更长寿？很多吸烟的人在别人劝戒烟时，总喜欢用一些名人的案例来佐证吸烟不会影响健康，包括但不限于谁谁谁吸烟喝酒，不也活到了90多？那个谁不吸烟喝酒，还不是60多就走了。每次听到这样的反驳，似乎找不到破绽，那为什么有的人天天抽烟喝酒，却照样长命百岁？这其实是一种幸存者偏差，好比如100个烟民中只有1个活到了99，有99个死于肺癌。但我们更多时候只会看到这活着的1个人，那99个已经去世的，更多会成为沉默的数据。美国杜克大学癌症生物学博士李治中解释，这个现象其实和彩票理论很像。将患癌比喻成彩票中奖，那么一定是买彩票越多的人中彩票几率越高，但也不排除有些人只买1次就中了，这能代表买彩票一定会中奖吗？显然不是。""当然，也不排除确实有些人运气比较好。癌症的发生与基因、遗传等因素相关，的确有一些人抽了一辈子的烟却不得肺癌。有研究人员曾对此专门进行过调查，结果发现这些人无论吸烟与否，都对长寿的影响不大，因为他们体内有特殊的基因标记物，可消除烟草给身体带来的伤害，在吸烟不患癌这件事上有先天优势。那没有基因优势的人，如果一辈子不抽烟不喝酒，会不会活得更久？安徽省宿州市的调查人员曾对976位百岁老人进行了调查，结果发现其中有93.2%的老人不吸烟或已经戒烟，82%从不吸烟。而在饮酒上，经常喝酒的老人占比仅有5.2%，过去经常喝酒的老年人比例为12.2%，大部分老年人认为饮酒有害健康。这也说明了，大部分烟酒不沾的老年人更长寿一些。除了不抽烟喝酒外，百岁老人身上还有性格乐观、热爱运动以及家族内有长寿基因等因素。老人之所以长寿，或是多种因素共同加持下得到的结果。""三、出现五种痰液，当心可能是肺部出了问题长期吸烟的人，或多或少都会有咳嗽咳痰的症状，而痰液在一定程度上是反应肺部健康的“晴雨表”，不同颜色的痰或代表着不同的健康问题，具体该如何分辨？1、白痰白色的痰液出现可能与感冒、过敏、支气管炎、肺炎、吸烟以及空气污染等因素相关，咳出白痰后，治疗时要先明确病因。2、黑痰黑痰的出现与长期吸烟、吸入有害气体相关，烟草内的焦油、煤矿内的粉尘等进入体内后都会沉积在肺部纤毛上，让痰液变黑。""3、绿痰绿痰一般是病理的状态，与细菌、病毒感染所致的呼吸道感染相关，除了感染外，还可能与长期吸烟、暴露于有害气体/化学物质下相关。4、黄痰感冒初期的患者身上可能会出现黄色痰液，随着病程恢复颜色会逐渐变深；还可能与下呼吸道感染相关，如肺结核、支气管扩张等疾病相关；出现大量的黄色浓痰，且身上有乏力、纳差症状，则可能是非化脓性感染所致。5、血痰罹患支气管扩张、空洞型肺结核的患者，咳出的痰液内很可能带有血丝，严重时还会咯血。除此之外，罹患左心衰竭肺水肿的患者，也会咳出带血的粉色泡沫痰。""尼古丁的确不致癌，但是它具有很强的成瘾作用，且香烟内的有害物质不仅仅只有尼古丁，还有几十种可致癌的物质。奉劝还在吸烟的人要尽早戒烟，不要以自己的健康作为赌注，去赌自己是那个吸烟也不患癌的“幸运儿”。参考资料：[1] 《【控烟】被“误解”好多年的尼古丁，它不致癌，但很有害》.云南卫生12320 2021-06-12[2] 《不抽烟不喝酒，天天运动，为什么还会得癌症？》. 菠萝因子 2023-12-01[3] 《痰是肺的“报警器”？白痰、绿痰、黄痰、黑痰，分别代表了什么？》.老年日报 2023-11-14未经作者允许授权，禁止转载",头条号,奇妙的本草,2024-01-27 19:22:07,http://www.toutiao.com/article/7328723177696297535/,未知,戒烟、控烟,正面,未知
202401017655,戒烟不再艰难：戒烟药为你提供有效帮助。,"title: 戒烟不再艰难：戒烟药为你提供有效帮助。 summary: 戒烟不再艰难：戒烟药为你提供有效帮助。近日，由威智医药专项研发的酒石酸伐尼克兰片获得上市批准，即将对外销售。这一消息为广大烟民和戒烟者带来了新的希望。然而，我们也要认识到，戒烟是一个复杂的过程，需要综合的措施和个人的决心。让我们共同努力，为创造一个健康、无烟草的社会环境而奋斗。 content: 近日，由威智医药专项研发的酒石酸伐尼克兰片获得上市批准，即将对外销售。这一消息为广大烟民和戒烟者带来了新的希望。""烟草使用对人体健康的危害已经得到了广泛的认可。世界卫生组织（WHO）发布的报告显示，全球烟草使用者的数量预计到 2025 年将下降至 12 亿。而戒烟药的上市，有望进一步提高控烟的效果，降低烟草的使用率。酒石酸伐尼克兰片作为一种有效的戒烟辅助药物，已经在临床试验中显示出了良好的效果。它可以帮助吸烟者减少对烟草的依赖，缓解戒烟过程中的不适症状。对于那些试图戒烟但难以克服烟瘾的人来说，戒烟药可能是一个有力的帮助。""当然，戒烟不仅仅依赖于药物，还需要综合的支持和努力。教育、宣传、心理咨询以及社会环境的支持都对戒烟成功起着重要的作用。政府和社会组织可以加大对戒烟工作的投入，提供更多的资源和服务，帮助吸烟者摆脱烟草的困扰。此外，个人的决心和意志力也是戒烟成功的关键因素。吸烟者应该认识到烟草对健康的危害，树立起戒烟的决心，并寻求家人、朋友和专业机构的支持和帮助。通过坚定的信念和持续的努力，戒烟是完全可以实现的目标。""总之，戒烟药的上市为控烟工作提供了新的手段，有望进一步推动烟草使用率的下降。然而，我们也要认识到，戒烟是一个复杂的过程，需要综合的措施和个人的决心。让我们共同努力，为创造一个健康、无烟草的社会环境而奋斗。",头条号,康康,2024-01-27 18:58:25,http://www.toutiao.com/w/i7328730727959396899/,未知,戒烟、控烟,正面,未知
202401017660,太原御德苑社区：张贴禁烟标识，呼吁远离烟草,"title: 太原御德苑社区：张贴禁烟标识，呼吁远离烟草 summary: 太原御德苑社区：张贴禁烟标识，呼吁远离烟草1月27日，太原御德苑社区的网格员史丽雅在辖区每个门店和公共场所的醒目位置张贴禁烟标识，给社区居民和行人发放禁烟相关资料和宣传彩页，耐心讲解吸烟有害健康以及控烟禁烟的重要性，呼吁居民为了自己和家人的健康，远离烟草。 content: 1月27日，太原御德苑社区的网格员史丽雅在辖区每个门店和公共场所的醒目位置张贴禁烟标识，给社区居民和行人发放禁烟相关资料和宣传彩页，耐心讲解吸烟有害健康以及控烟禁烟的重要性，呼吁居民为了自己和家人的健康，远离烟草。""接着，社区网格员还走进互联网上网经营场所，开展控烟排查行动。同时，社区网格员还向居民介绍了创建无烟环境的好处等相关健康知识，进一步提高居民对吸烟危害的认识，增强居民控烟意识。（来源 | 太原御德苑社区）",头条号,太原广播电视台老年,2024-01-27 18:42:47,http://www.toutiao.com/w/i7328726433688388130/,未知,控烟,中性,未知
202401017666,太原御德苑社区：开展公共场所《吸烟的危害》宣传,"title: 太原御德苑社区：开展公共场所《吸烟的危害》宣传 summary: 太原御德苑社区：开展公共场所《吸烟的危害》宣传为了共建无烟环境，共享健康绿色环保生活，太原御德苑社区日前开展公共场所《吸烟的危害》宣传活动。太原御德苑社区）。 content: 为了共建无烟环境，共享健康绿色环保生活，太原御德苑社区日前开展公共场所《吸烟的危害》宣传活动。近日，社区网格员张丽红在辖区内每个门店和公共场所的醒目位置张贴卫生健康小知识，给社区居民和行人发放吸烟的危害相关资料和宣传彩页，耐心讲解吸烟有害健康以及控烟禁烟的重要性，呼吁居民为了自己和家人的健康，远离烟草。引导居民把健康知识转变为健康行动，共建清洁环保的无烟社区，共享健康绿色的生活环境。""通过开展此次活动，促进居民养成健康生活方式，为提升居民健康水平打下了基础。接下来，网格员将继续在健康宣传上下功夫，切实提高居民的健康知识普及率。（来源 | 太原御德苑社区）",头条号,太原广播电视台老年,2024-01-27 18:36:52,http://www.toutiao.com/w/i7328724936024326656/,未知,控烟,中性,未知
202401017674,无烟无味环保达标#控烟目标# #环境环保部门#,title: 无烟无味环保达标#控烟目标# #环境环保部门# summary: 无烟无味环保达标#控烟目标# #环境环保部门#无烟无味环保达标#控烟目标# #环境环保部门# content: 无烟无味环保达标#控烟目标# #环境环保部门#,微头条,用户741992172543,2024-01-27 17:53:29,http://www.toutiao.com/w/i1789236828779529/,未知,控烟,中性,未知
202401017731,"问个问题
烟涨价是因为人民币贬值还是国家为了控烟，要是为了控烟，为什么不直接别生产了呢？一年涨几次，烟草都已经这么高的利润了，为啥还想着在烟草上赚更高的利润？可能有人会说不抽就行，全国烟民几亿人都能一下不抽吗？都有这么强的自控力吗？不要说这种抬杠的话，烟草是垄断企业，不是蔬菜这些竞争企业，没必要跟风不断涨价吧，利润已经很高了，就别让人有压榨的感觉了。","title: 问个问题 烟涨价是因为人民币贬值还是国家为了控烟，要是为了控烟，为什么不直接别生产了呢？一年涨几次，烟草都已经这么高的利润了，为啥还想着在烟草上赚更高的利润？可能有人会说不抽就行，全国烟民几亿人都能一下不抽吗？都有这么强的自控力吗？不要说这种抬杠的话，烟草是垄断企业，不是蔬菜这些竞争企业，没必要跟风不断涨价吧，利润已经很高了，就别让人有压榨的感觉了。 summary: 烟涨价是因为人民币贬值还是国家为了控烟，要是为了控烟，为什么不直接别生产了呢？一年涨几次，烟草都已经这么高的利润了，为啥还想着在烟草上赚更高的利润？不要说这种抬杠的话，烟草是垄断企业，不是蔬菜这些竞争企业，没必要跟风不断涨价吧，利润已经很高了，就别让人有压榨的感觉了。 content: 问个问题 烟涨价是因为人民币贬值还是国家为了控烟，要是为了控烟，为什么不直接别生产了呢？一年涨几次，烟草都已经这么高的利润了，为啥还想着在烟草上赚更高的利润？可能有人会说不抽就行，全国烟民几亿人都能一下不抽吗？都有这么强的自控力吗？不要说这种抬杠的话，烟草是垄断企业，不是蔬菜这些竞争企业，没必要跟风不断涨价吧，利润已经很高了，就别让人有压榨的感觉了。 """,微头条,月缺需等待,2024-01-27 15:45:51,http://www.toutiao.com/w/i1789228799023168/,未知,控烟,中性,未知
202401017790,广饶县第二实验&lt;span style=color: #F76435;小学&lt;/span“小手拉大手”间接戒烟宣讲活动举行,"title: 广饶县第二实验&lt;span style=color: #F76435;小学&lt;/span“小手拉大手”间接戒烟宣讲活动举行 summary: 同时通过‘小手拉大手’，让学生把烟草危害知识和戒烟的方法带回家，劝诫家长不吸烟、主动戒烟，从而提高戒烟率，降低吸烟率。县疾控中心副主任护师贾金玲说道。 content: 1月25日，广饶县第二实验小学“小手拉大手”间接戒烟宣讲活动举行。活动现场， 县疾控中心工作人员详细介绍了什么是“二手烟”“三手烟”，并用生动形象的案例阐述了吸烟的危害，呼吁全体学生争当禁烟宣传员，为禁烟、控烟工作贡献自己的一份力量。宣讲结束后，师生们在控烟条幅上签字，承诺不吸烟，共度无烟佳节。""“目前，烟草危害是国际公认的重大公共卫生问题之一。小小一支烟就有69种致癌物，它能导致肺癌、胃癌和食道癌等多种癌症，20%的癌症归于烟草的使用。我们充分利用了学生假期前最后一节课，强化学生控烟意识，主动拒吸第1支烟，远离“二手烟”和“三手烟”，促进学生健康。同时通过‘小手拉大手’，让学生把烟草危害知识和戒烟的方法带回家，劝诫家长不吸烟、主动戒烟，从而提高戒烟率，降低吸烟率。”县疾控中心副主任护师贾金玲说道。",人民号,爱广饶,2024-01-27 12:56:07,http://rmh.pdnews.cn/Pc/ArtInfoApi/article?id=39706267,未知,戒烟、控烟,中性,未知
202401017802,戒烟控烟可含一小块橘子皮，苹果皮比含糖块好,title: 戒烟控烟可含一小块橘子皮，苹果皮比含糖块好 summary: 戒烟控烟可含一小块橘子皮，苹果皮比含糖块好 content: 戒烟控烟可含一小块橘子皮，苹果皮比含糖块好,微头条,有趣的小鱼86,2024-01-27 11:28:54,未知,未知,戒烟控烟,中性,未知
202401017810,一个上午在办公室就吃了一颗一品如烟，没有抽烟，不是很想抽烟，看来对不想戒烟的人控烟减烟也是有用的。,title: 一个上午在办公室就吃了一颗一品如烟，没有抽烟，不是很想抽烟，看来对不想戒烟的人控烟减烟也是有用的。 summary: 一个上午在办公室就吃了一颗一品如烟，没有抽烟，不是很想抽烟，看来对不想戒烟的人控烟减烟也是有用的。 content: 一个上午在办公室就吃了一颗一品如烟，没有抽烟，不是很想抽烟，看来对不想戒烟的人控烟减烟也是有用的。,小红书,小红薯6148CF06,2024-01-27 11:23:05,未知,未知,戒烟、控烟,正面,未知
202401017817,人家是控烟，又不是戒烟。,title: 人家是控烟，又不是戒烟。 summary: 人家是控烟，又不是戒烟。 content: 人家是控烟，又不是戒烟。,微头条,天才太多了,2024-01-27 11:22:17,未知,未知,控烟、戒烟,中性,未知
202401017823,"威立戒——助力戒烟新突破
近日，新华网报道了一则令人振奋的消息：威智医药宣布公司生产的戒烟药威立戒（通用名：酒石酸伐尼克兰片）正式在国内上市。这一消息对于广大吸烟者来说，无疑是一个福音。
威立戒作为世界卫生组织推荐的戒烟药物之一，主要成分是酒石酸伐尼克兰。这种成分可以通过抑制尼古丁受体，帮助戒烟者减轻吸烟带来的快感，从而提高戒烟的成功率。
我们都知道，戒烟并不是一件容易的事情。对于许多吸烟者来说，尼古丁的成瘾性使得他们在戒烟过程中面临着巨大的挑战。而威立戒的出现，为他们提供了一种科学、有效的辅助手段。
威立戒的作用原理是通过抑制尼古丁受体，减少吸烟带来的愉悦感，从而降低吸烟的欲望。同时，它还可以缓解戒烟过程中可能出现的焦虑、烦躁等不适症状，帮助戒烟者更好地应对戒烟带来的挑战。
当然，威立戒并不是的“神药”，它只是一种辅助戒烟的工具。要想成功戒烟，还需要吸烟者本身的决心和毅力。在使用威立戒的过程中，戒烟者需要坚定自己的戒烟信念，积极配合医生的指导，逐步减少吸烟量，最终实现完全戒烟的目标。
此外，对于社会来说，威立戒的上市也具有重要意义。它为控烟工作提供了一种新的手段，有助于减少吸烟对公众健康的危害。同时，它也为推动我国控烟事业的发展注入了新的动力。
总之，威立戒的上市为广大吸烟者提供了一种新的选择，为他们的戒烟之路带来了新的希望。然而，我们也要清楚地认识到，戒烟是一个需要综合努力的过程，药物只是辅助手段之一。只有吸烟者本人坚定决心，结合科学的方法和专业的支持，才能真正摆脱烟草的束缚，迈向健康的生活。
让我们共同期待威立戒能够在戒烟领域发挥出更大的作用，为更多人带来健康和幸福！","title: 威立戒——助力戒烟新突破 近日，新华网报道了一则令人振奋的消息：威智医药宣布公司生产的戒烟药威立戒（通用名：酒石酸伐尼克兰片）正式在国内上市。这一消息对于广大吸烟者来说，无疑是一个福音。 威立戒作为世界卫生组织推荐的戒烟药物之一，主要成分是酒石酸伐尼克兰。这种成分可以通过抑制尼古丁受体，帮助戒烟者减轻吸烟带来的快感，从而提高戒烟的成功率。 我们都知道，戒烟并不是一件容易的事情。对于许多吸烟者来说，尼古丁的成瘾性使得他们在戒烟过程中面临着巨大的挑战。而威立戒的出现，为他们提供了一种科学、有效的辅助手段。 威立戒的作用原理是通过抑制尼古丁受体，减少吸烟带来的愉悦感，从而降低吸烟的欲望。同时，它还可以缓解戒烟过程中可能出现的焦虑、烦躁等不适症状，帮助戒烟者更好地应对戒烟带来的挑战。 当然，威立戒并不是的“神药”，它只是一种辅助戒烟的工具。要想成功戒烟，还需要吸烟者本身的决心和毅力。在使用威立戒的过程中，戒烟者需要坚定自己的戒烟信念，积极配合医生的指导，逐步减少吸烟量，最终实现完全戒烟的目标。 此外，对于社会来说，威立戒的上市也具有重要意义。它为控烟工作提供了一种新的手段，有助于减少吸烟对公众健康的危害。同时，它也为推动我国控烟事业的发展注入了新的动力。 总之，威立戒的上市为广大吸烟者提供了一种新的选择，为他们的戒烟之路带来了新的希望。然而，我们也要清楚地认识到，戒烟是一个需要综合努力的过程，药物只是辅助手段之一。只有吸烟者本人坚定决心，结合科学的方法和专业的支持，才能真正摆脱烟草的束缚，迈向健康的生活。 让我们共同期待威立戒能够在戒烟领域发挥出更大的作用，为更多人带来健康和幸福！ summary: 近日，威智医药宣布公司生产的戒烟药威立戒正式在国内上市。这一消息对于广大吸烟者来说，无疑是一个福音。同时，它还可以缓解戒烟过程中可能出现的焦虑、烦躁等不适症状，帮助戒烟者更好地应对戒烟带来的挑战。让我们共同期待威立戒能够在戒烟领域发挥出更大的作用，为更多人带来健康和幸福！ content: 威立戒——助力戒烟新突破 近日，新华网报道了一则令人振奋的消息：威智医药宣布公司生产的戒烟药威立戒（通用名：酒石酸伐尼克兰片）正式在国内上市。这一消息对于广大吸烟者来说，无疑是一个福音。 威立戒作为世界卫生组织推荐的戒烟药物之一，主要成分是酒石酸伐尼克兰。这种成分可以通过抑制尼古丁受体，帮助戒烟者减轻吸烟带来的快感，从而提高戒烟的成功率。 我们都知道，戒烟并不是一件容易的事情。对于许多吸烟者来说，尼古丁的成瘾性使得他们在戒烟过程中面临着巨大的挑战。而威立戒的出现，为他们提供了一种科学、有效的辅助手段。 威立戒的作用原理是通过抑制尼古丁受体，减少吸烟带来的愉悦感，从而降低吸烟的欲望。同时，它还可以缓解戒烟过程中可能出现的焦虑、烦躁等不适症状，帮助戒烟者更好地应对戒烟带来的挑战。 当然，威立戒并不是的“神药”，它只是一种辅助戒烟的工具。要想成功戒烟，还需要吸烟者本身的决心和毅力。在使用威立戒的过程中，戒烟者需要坚定自己的戒烟信念，积极配合医生的指导，逐步减少吸烟量，最终实现完全戒烟的目标。 此外，对于社会来说，威立戒的上市也具有重要意义。它为控烟工作提供了一种新的手段，有助于减少吸烟对公众健康的危害。同时，它也为推动我国控烟事业的发展注入了新的动力。 总之，威立戒的上市为广大吸烟者提供了一种新的选择，为他们的戒烟之路带来了新的希望。然而，我们也要清楚地认识到，戒烟是一个需要综合努力的过程，药物只是辅助手段之一。只有吸烟者本人坚定决心，结合科学的方法和专业的支持，才能真正摆脱烟草的束缚，迈向健康的生活。 让我们共同期待威立戒能够在戒烟领域发挥出更大的作用，为更多人带来健康和幸福！ "" "" "" "" "" "" """,微头条,就OK了么,2024-01-27 11:15:51,http://www.toutiao.com/w/i1789211812175875/,未知,戒烟、控烟,正面,未知
202401017829,戒烟控烟可含橘子皮，苹果皮比糖块好,title: 戒烟控烟可含橘子皮，苹果皮比糖块好 summary: 戒烟控烟可含橘子皮，苹果皮比糖块好 content: 戒烟控烟可含橘子皮，苹果皮比糖块好,微头条,有趣的小鱼86,2024-01-27 11:00:23,未知,未知,戒烟控烟,中性,未知
202401017836,寿光市水利局组织开展乡村文化旅游节“无烟佳节与爱同行”志愿服务活动,"title: 寿光市水利局组织开展乡村文化旅游节“无烟佳节与爱同行”志愿服务活动 summary: 寿光市水利局组织开展乡村文化旅游节无烟佳节与爱同行志愿服务活动春节来临之际，为大力弘扬无烟过春节文化，引导群众养成文明健康绿色环保的生活方式。1月26日，寿光市水利局组织工作人员到洛城街道清河紫云台、屯田社区开展无烟佳节与爱同行志愿服务活动。 content: 春节来临之际，为大力弘扬无烟过春节文化，引导群众养成文明健康绿色环保的生活方式。1月26日，寿光市水利局组织工作人员到洛城街道清河紫云台、屯田社区开展“无烟佳节与爱同行”志愿服务活动。""工作人员在紫云台小区、屯田大集发放戒烟宣传手册，向群众讲解吸烟的危害及戒烟的好处。用通俗易懂的语言提醒群众为了自己和家人的健康少吸烟、不吸烟，现场群众也积极参与到控烟行动中来，并表示会劝阻身边的亲朋好友控烟戒烟。""""""下一步，寿光市水利局将继续组织开展禁烟宣传活动，加大普及控烟禁烟知识，增强群众的绿色健康意识，共同营造“无烟春节”。通讯员 曹先伟",头条号,寿光市融媒体中心,2024-01-27 10:59:22,http://www.toutiao.com/w/i7328607148429722124/,未知,戒烟、控烟、控烟戒烟,正面,未知
202401017842,"国产戒烟药获批上市，控烟效果将进一步提升！
      据新华网报道，威智医药宣布公司生产的戒烟药威立戒（通用名：酒石酸伐尼克兰片）正式在国内上市。这一消息引起了广泛关注，因为它为吸烟者提供了一个新的戒烟选择，也为全球控烟事业注入了新的动力。
 
据了解，威立戒戒烟药的成分主要是酒石酸伐尼克兰片，它","title: 国产戒烟药获批上市，控烟效果将进一步提升！ 据新华网报道，威智医药宣布公司生产的戒烟药威立戒（通用名：酒石酸伐尼克兰片）正式在国内上市。这一消息引起了广泛关注，因为它为吸烟者提供了一个新的戒烟选择，也为全球控烟事业注入了新的动力。 据了解，威立戒戒烟药的成分主要是酒石酸伐尼克兰片，它 summary: 国产戒烟药获批上市，控烟效果将进一步提升！威智医药宣布公司生产的戒烟药威立戒正式在国内上市。这一消息引起了广泛关注，因为它为吸烟者提供了一个新的戒烟选择，也为全球控烟事业注入了新的动力。据了解，威立戒戒烟药的成分主要是酒石酸伐尼克兰片，它。 content: 国产戒烟药获批上市，控烟效果将进一步提升！ 据新华网报道，威智医药宣布公司生产的戒烟药威立戒（通用名：酒石酸伐尼克兰片）正式在国内上市。这一消息引起了广泛关注，因为它为吸烟者提供了一个新的戒烟选择，也为全球控烟事业注入了新的动力。 据了解，威立戒戒烟药的成分主要是酒石酸伐尼克兰片，它""""",微头条,怪谈录诡谲,2024-01-27 10:59:14,http://www.toutiao.com/w/1789210766784588/,未知,戒烟、控烟,正面,未知
202401017848,"国产戒烟药获批上市，控烟效果将进一步提升！
据新华网报道，威智医药宣布公司生产的戒烟药威立戒（通用名：酒石酸伐尼克兰片）正式在国内上市。这一消息引起了广泛关注，因为它为吸烟者提供了一个新的戒烟选择，也为全球控烟事业注入了新的动力。
据了解，威立戒戒烟药的成分主要是酒石酸伐尼克兰片，它是世界卫生组织推荐的有效率排前列的戒烟药物之一。研究表明，伐尼克兰可以通过抑制尼古丁受体帮助戒烟者减轻吸烟带来的快感，提高戒烟成功率。
此外，威智医药在戒烟药领域的研究和创新也得到了认可。2023年，威智医药的“以戒烟药为依托的亚硝胺基因毒性杂质控制关键技术体系构建和应用”项目获得了第八届“创客中国”山东省中小企业创新创业大赛企业组三等奖。
随着国产戒烟药的获批上市，戒烟迎来了新突破，控烟效果也将进一步提升。这不仅为吸烟者提供了更多的戒烟选择，也为全球控烟事业做出了积极贡献。#戒烟真的难吗？# #帮烟民轻松戒烟# #如何才能戒烟？# #戒烟的的事儿# #戒烟新探索# #你是否已经戒烟# #戒烟有多难呢# #你已戒烟了吗# #想戒烟也难戒# #如何科学戒烟#","title: 国产戒烟药获批上市，控烟效果将进一步提升！ 据新华网报道，威智医药宣布公司生产的戒烟药威立戒（通用名：酒石酸伐尼克兰片）正式在国内上市。这一消息引起了广泛关注，因为它为吸烟者提供了一个新的戒烟选择，也为全球控烟事业注入了新的动力。 据了解，威立戒戒烟药的成分主要是酒石酸伐尼克兰片，它是世界卫生组织推荐的有效率排前列的戒烟药物之一。研究表明，伐尼克兰可以通过抑制尼古丁受体帮助戒烟者减轻吸烟带来的快感，提高戒烟成功率。 此外，威智医药在戒烟药领域的研究和创新也得到了认可。2023年，威智医药的“以戒烟药为依托的亚硝胺基因毒性杂质控制关键技术体系构建和应用”项目获得了第八届“创客中国”山东省中小企业创新创业大赛企业组三等奖。 随着国产戒烟药的获批上市，戒烟迎来了新突破，控烟效果也将进一步提升。这不仅为吸烟者提供了更多的戒烟选择，也为全球控烟事业做出了积极贡献。#戒烟真的难吗？# #帮烟民轻松戒烟# #如何才能戒烟？# #戒烟的的事儿# #戒烟新探索# #你是否已经戒烟# #戒烟有多难呢# #你已戒烟了吗# #想戒烟也难戒# #如何科学戒烟# summary: 国产戒烟药获批上市，控烟效果将进一步提升！据了解，威立戒戒烟药的成分主要是酒石酸伐尼克兰片，它是世界卫生组织推荐的有效率排前列的戒烟药物之一。##帮烟民轻松戒烟##如何才能戒烟？这不仅为吸烟者提供了更多的戒烟选择，也为全球控烟事业做出了积极贡献。#戒烟真的难吗？ content: 国产戒烟药获批上市，控烟效果将进一步提升！ 据新华网报道，威智医药宣布公司生产的戒烟药威立戒（通用名：酒石酸伐尼克兰片）正式在国内上市。这一消息引起了广泛关注，因为它为吸烟者提供了一个新的戒烟选择，也为全球控烟事业注入了新的动力。 据了解，威立戒戒烟药的成分主要是酒石酸伐尼克兰片，它是世界卫生组织推荐的有效率排前列的戒烟药物之一。研究表明，伐尼克兰可以通过抑制尼古丁受体帮助戒烟者减轻吸烟带来的快感，提高戒烟成功率。 此外，威智医药在戒烟药领域的研究和创新也得到了认可。2023年，威智医药的“以戒烟药为依托的亚硝胺基因毒性杂质控制关键技术体系构建和应用”项目获得了第八届“创客中国”山东省中小企业创新创业大赛企业组三等奖。 随着国产戒烟药的获批上市，戒烟迎来了新突破，控烟效果也将进一步提升。这不仅为吸烟者提供了更多的戒烟选择，也为全球控烟事业做出了积极贡献。#戒烟真的难吗？# #帮烟民轻松戒烟# #如何才能戒烟？# #戒烟的的事儿# #戒烟新探索# #你是否已经戒烟# #戒烟有多难呢# #你已戒烟了吗# #想戒烟也难戒# #如何科学戒烟# "" """,微头条,怪谈录诡谲,2024-01-27 10:59:14,http://www.toutiao.com/w/i1789210766784588/,未知,戒烟、控烟,正面,未知
202401017854,"全球吸烟率排名榜，终于有人整理出来了，收藏起来看看
我和朋友小张讨论了全球吸烟率排名榜，发现一些小国家的吸烟率很高，而女性吸烟率普遍较低。中国的吸烟率在全球排名不靠前，但是近年来通过加大反烟宣传和控烟政策，成功降低了吸烟率。这个榜单提醒我们吸烟的危害，呼吁大家关注健康，远离烟草。","title: 全球吸烟率排名榜，终于有人整理出来了，收藏起来看看 我和朋友小张讨论了全球吸烟率排名榜，发现一些小国家的吸烟率很高，而女性吸烟率普遍较低。中国的吸烟率在全球排名不靠前，但是近年来通过加大反烟宣传和控烟政策，成功降低了吸烟率。这个榜单提醒我们吸烟的危害，呼吁大家关注健康，远离烟草。 summary: 我和朋友小张讨论了全球吸烟率排名榜，发现一些小国家的吸烟率很高，而女性吸烟率普遍较低。中国的吸烟率在全球排名不靠前，但是近年来通过加大反烟宣传和控烟政策，成功降低了吸烟率。这个榜单提醒我们吸烟的危害，呼吁大家关注健康，远离烟草。全球吸烟率排名榜，终于有人整理出来了，收藏起来看看。 content: 全球吸烟率排名榜，终于有人整理出来了，收藏起来看看 我和朋友小张讨论了全球吸烟率排名榜，发现一些小国家的吸烟率很高，而女性吸烟率普遍较低。中国的吸烟率在全球排名不靠前，但是近年来通过加大反烟宣传和控烟政策，成功降低了吸烟率。这个榜单提醒我们吸烟的危害，呼吁大家关注健康，远离烟草。 "" "" "" "" "" "" "" "" "" "" "" "" "" "" "" "" "" """,微头条,优雅白云fL,2024-01-27 10:53:46,http://www.toutiao.com/w/i1789210422189259/,未知,控烟,正面,未知
202401017867,听别人说，天津都行商城是国有商贸城，整栋大楼共6层，6楼是办公区和餐厅，1至5层楼是商业区，里面商品琳琅满目，什么都有，整栋大楼商户和客人每天都几千人出出进进，非常繁华。就是有一点，非常重要的一点就是控烟不利，管理非常混乱，这么多的人都在厕所吸烟，这个厕所就在大楼里面，这成了一个不成文的公开的现象，这是一个允许吸烟的地方。我在想，这么大的一个商场，一旦失火，不堪设想！！！网友们你们说，这样是不是很容易出事啊？请评沦！！！[赞],"title: 听别人说，天津都行商城是国有商贸城，整栋大楼共6层，6楼是办公区和餐厅，1至5层楼是商业区，里面商品琳琅满目，什么都有，整栋大楼商户和客人每天都几千人出出进进，非常繁华。就是有一点，非常重要的一点就是控烟不利，管理非常混乱，这么多的人都在厕所吸烟，这个厕所就在大楼里面，这成了一个不成文的公开的现象，这是一个允许吸烟的地方。我在想，这么大的一个商场，一旦失火，不堪设想！！！网友们你们说，这样是不是很容易出事啊？请评沦！！！[赞] summary: 听别人说，天津都行商城是国有商贸城，整栋大楼共6层，6楼是办公区和餐厅，1至5层楼是商业区，里面商品琳琅满目，什么都有，整栋大楼商户和客人每天都几千人出出进进，非常繁华。 content: 听别人说，天津都行商城是国有商贸城，整栋大楼共6层，6楼是办公区和餐厅，1至5层楼是商业区，里面商品琳琅满目，什么都有，整栋大楼商户和客人每天都几千人出出进进，非常繁华。就是有一点，非常重要的一点就是控烟不利，管理非常混乱，这么多的人都在厕所吸烟，这个厕所就在大楼里面，这成了一个不成文的公开的现象，这是一个允许吸烟的地方。我在想，这么大的一个商场，一旦失火，不堪设想！！！网友们你们说，这样是不是很容易出事啊？请评沦！！！[赞] """,微头条,真诚孔雀yQC,2024-01-27 10:47:23,http://www.toutiao.com/w/i1789210020496400/,未知,控烟,中性,未知
202401017874,好好加强下控烟禁烟工作 这也是健康管理和消防安全的关键所在,title: 好好加强下控烟禁烟工作 这也是健康管理和消防安全的关键所在 summary: 好好加强下控烟禁烟工作 这也是健康管理和消防安全的关键所在 content: 好好加强下控烟禁烟工作 这也是健康管理和消防安全的关键所在,微头条,東籬,2024-01-27 10:43:06,未知,未知,控烟,正面,未知
202401017881,寿光市水利局&lt;span style=color: #F76435;组织&lt;/span开展乡村文化旅游节“无烟佳节与爱同行”志愿服务活动,"title: 寿光市水利局&lt;span style=color: #F76435;组织&lt;/span开展乡村文化旅游节“无烟佳节与爱同行”志愿服务活动 summary: 用通俗易懂的语言提醒群众为了自己和家人的健康少吸烟、不吸烟，现场群众也积极参与到控烟行动中来，并表示会劝阻身边的亲朋好友控烟戒烟。下一步，寿光市水利局将继续组织开展禁烟宣传活动，加大普及控烟禁烟知识，增强群众的绿色健康意识，共同营造无烟春节。 content: 春节来临之际，为大力弘扬无烟过春节文化，引导群众养成文明健康绿色环保的生活方式。1月26日，寿光市水利局组织工作人员到洛城街道清河紫云台、屯田社区开展“无烟佳节与爱同行”志愿服务活动。""工作人员在紫云台小区、屯田大集发放戒烟宣传手册，向群众讲解吸烟的危害及戒烟的好处。用通俗易懂的语言提醒群众为了自己和家人的健康少吸烟、不吸烟，现场群众也积极参与到控烟行动中来，并表示会劝阻身边的亲朋好友控烟戒烟。""下一步，寿光市水利局将继续组织开展禁烟宣传活动，加大普及控烟禁烟知识，增强群众的绿色健康意识，共同营造“无烟春节”。",人民号,新鲜寿光,2024-01-27 10:23:46,http://rmh.pdnews.cn/Pc/ArtInfoApi/article?id=39704942,未知,戒烟、控烟、控烟戒烟,正面,未知
202401017894,奇葩的单位，高喊为人民健康都要戒烟控烟专家建议把香烟的价格提高了就可以控烟，又在为财政收入大量销售烟草，结果呢把谁养肥了。,title: 奇葩的单位，高喊为人民健康都要戒烟控烟专家建议把香烟的价格提高了就可以控烟，又在为财政收入大量销售烟草，结果呢把谁养肥了。 summary: 奇葩的单位，高喊为人民健康都要戒烟控烟专家建议把香烟的价格提高了就可以控烟，又在为财政收入大量销售烟草，结果呢把谁养肥了。 content: 奇葩的单位，高喊为人民健康都要戒烟控烟专家建议把香烟的价格提高了就可以控烟，又在为财政收入大量销售烟草，结果呢把谁养肥了。,微头条,用户光明磊落A,2024-01-27 09:43:19,未知,未知,戒烟控烟、控烟,中性,未知
202401017906,"#烟草涨价,戒烟的人会变多吗?#
       1.烟草涨价，戒烟的人肯定会越来越多，因为烟草涨价的目的之一就是提高吸烟成本，实现控烟的目的。
        2.但是因烟草涨价而戒烟的人是有限的，只要能将吸烟消费列入生活预算的人，影响是非常有限的。","title: #烟草涨价,戒烟的人会变多吗?# 1.烟草涨价，戒烟的人肯定会越来越多，因为烟草涨价的目的之一就是提高吸烟成本，实现控烟的目的。 2.但是因烟草涨价而戒烟的人是有限的，只要能将吸烟消费列入生活预算的人，影响是非常有限的。 summary: 烟草涨价，戒烟的人肯定会越来越多，因为烟草涨价的目的之一就是提高吸烟成本，实现控烟的目的。但是因烟草涨价而戒烟的人是有限的，只要能将吸烟消费列入生活预算的人，影响是非常有限的。#烟草涨价,戒烟的人会变多吗? content: #烟草涨价,戒烟的人会变多吗?# 1.烟草涨价，戒烟的人肯定会越来越多，因为烟草涨价的目的之一就是提高吸烟成本，实现控烟的目的。 2.但是因烟草涨价而戒烟的人是有限的，只要能将吸烟消费列入生活预算的人，影响是非常有限的。 """,微头条,新知隐成,2024-01-27 09:21:46,http://www.toutiao.com/w/i1789204634002432/,未知,戒烟、控烟,中性,未知
202401017926,控烟有罪，烟草放开,title: 控烟有罪，烟草放开 summary: 控烟有罪，烟草放开 content: 控烟有罪，烟草放开,头条号,莫名之草,2024-01-27 08:31:51,未知,未知,控烟,中性,未知
202401017932,"泗县瓦坊镇卫生院开展禁烟控烟活动

为深入推动控烟工作，引导群众践行文明健康、绿色环保的生活方式，1月25日上午，泗县泗县泗县瓦坊镇卫生院组织医务人员走上街头，开展“无烟佳节，与爱同行”控烟活动。

活动现场，医务人员通过悬挂横幅、摆放宣传展板、发放宣传单等方式，向过往的群众广泛宣传吸烟对人体的危害","title: 泗县瓦坊镇卫生院开展禁烟控烟活动 为深入推动控烟工作，引导群众践行文明健康、绿色环保的生活方式，1月25日上午，泗县泗县泗县瓦坊镇卫生院组织医务人员走上街头，开展“无烟佳节，与爱同行”控烟活动。 活动现场，医务人员通过悬挂横幅、摆放宣传展板、发放宣传单等方式，向过往的群众广泛宣传吸烟对人体的危害 summary: 为深入推动控烟工作，引导群众践行文明健康、绿色环保的生活方式，1月25日上午，泗县泗县泗县瓦坊镇卫生院组织医务人员走上街头，开展无烟佳节，与爱同行控烟活动。活动现场，医务人员通过悬挂横幅、摆放宣传展板、发放宣传单等方式，向过往的群众广泛宣传吸烟对人体的危害泗县瓦坊镇卫生院开展禁烟控烟活动。 content: 泗县瓦坊镇卫生院开展禁烟控烟活动 为深入推动控烟工作，引导群众践行文明健康、绿色环保的生活方式，1月25日上午，泗县泗县泗县瓦坊镇卫生院组织医务人员走上街头，开展“无烟佳节，与爱同行”控烟活动。 活动现场，医务人员通过悬挂横幅、摆放宣传展板、发放宣传单等方式，向过往的群众广泛宣传吸烟对人体的危害""",微头条,医心医意全心全意,2024-01-27 08:19:33,http://www.toutiao.com/w/1789200719382604/,未知,控烟,正面,未知
202401017938,"泗县瓦坊镇卫生院开展禁烟控烟活动

为深入推动控烟工作，引导群众践行文明健康、绿色环保的生活方式，1月25日上午，泗县泗县泗县瓦坊镇卫生院组织医务人员走上街头，开展“无烟佳节，与爱同行”控烟活动。

活动现场，医务人员通过悬挂横幅、摆放宣传展板、发放宣传单等方式，向过往的群众广泛宣传吸烟对人体的危害，并倡导群众做好控烟宣传员，将控烟知识带回家。

此次活动，提高了群众对烟草危害性的认识，为营造无烟、清洁、健康的环境起到了积极作用。#2024观察日记##宿州头条##泗县##卫生院#","title: 泗县瓦坊镇卫生院开展禁烟控烟活动 为深入推动控烟工作，引导群众践行文明健康、绿色环保的生活方式，1月25日上午，泗县泗县泗县瓦坊镇卫生院组织医务人员走上街头，开展“无烟佳节，与爱同行”控烟活动。 活动现场，医务人员通过悬挂横幅、摆放宣传展板、发放宣传单等方式，向过往的群众广泛宣传吸烟对人体的危害，并倡导群众做好控烟宣传员，将控烟知识带回家。 此次活动，提高了群众对烟草危害性的认识，为营造无烟、清洁、健康的环境起到了积极作用。#2024观察日记##宿州头条##泗县##卫生院# summary: 为深入推动控烟工作，引导群众践行文明健康、绿色环保的生活方式，1月25日上午，泗县泗县泗县瓦坊镇卫生院组织医务人员走上街头，开展无烟佳节，与爱同行控烟活动。#2024观察日记##宿州头条##泗县##卫生院#. content: 泗县瓦坊镇卫生院开展禁烟控烟活动 为深入推动控烟工作，引导群众践行文明健康、绿色环保的生活方式，1月25日上午，泗县泗县泗县瓦坊镇卫生院组织医务人员走上街头，开展“无烟佳节，与爱同行”控烟活动。 活动现场，医务人员通过悬挂横幅、摆放宣传展板、发放宣传单等方式，向过往的群众广泛宣传吸烟对人体的危害，并倡导群众做好控烟宣传员，将控烟知识带回家。 此次活动，提高了群众对烟草危害性的认识，为营造无烟、清洁、健康的环境起到了积极作用。#2024观察日记##宿州头条##泗县##卫生院# """,微头条,医心医意全心全意,2024-01-27 08:19:33,http://www.toutiao.com/w/i1789200719382604/,未知,控烟,正面,未知
202401017945,为了更好劝导控烟，只有先了解吸烟的好坏，该美女很競业。,title: 为了更好劝导控烟，只有先了解吸烟的好坏，该美女很競业。 summary: 为了更好劝导控烟，只有先了解吸烟的好坏，该美女很競业。 content: 为了更好劝导控烟，只有先了解吸烟的好坏，该美女很競业。,微头条,率真星空K3,2024-01-27 08:15:39,未知,未知,控烟,正面,未知
202401017951,盐业局也是专卖，但国家控制的很好。为什么不严控烟草局？任其涨价获暴利，应加大征收和管控力度。,title: 盐业局也是专卖，但国家控制的很好。为什么不严控烟草局？任其涨价获暴利，应加大征收和管控力度。 summary: 盐业局也是专卖，但国家控制的很好。为什么不严控烟草局？任其涨价获暴利，应加大征收和管控力度。 content: 盐业局也是专卖，但国家控制的很好。为什么不严控烟草局？任其涨价获暴利，应加大征收和管控力度。,头条号,野兔逢君,2024-01-27 08:04:11,未知,未知,控烟,正面,未知
202401017964,几个小时的车程，坚持一下就好了，再说也对戒烟和控烟有好处,title: 几个小时的车程，坚持一下就好了，再说也对戒烟和控烟有好处 summary: 几个小时的车程，坚持一下就好了，再说也对戒烟和控烟有好处 content: 几个小时的车程，坚持一下就好了，再说也对戒烟和控烟有好处,微头条,淡泊慎行,2024-01-27 07:42:27,未知,未知,戒烟、控烟,正面,未知
202401017977,#提高香烟价格真的能促进烟民戒烟吗#不可能，烟草行业提髙价格名曰是促进烟民戒烟。控烟；实际上是在变相提价。,title: #提高香烟价格真的能促进烟民戒烟吗#不可能，烟草行业提髙价格名曰是促进烟民戒烟。控烟；实际上是在变相提价。 summary: #提高香烟价格真的能促进烟民戒烟吗#不可能，烟草行业提髙价格名曰是促进烟民戒烟。实际上是在变相提价。 content: #提高香烟价格真的能促进烟民戒烟吗#不可能，烟草行业提髙价格名曰是促进烟民戒烟。控烟；实际上是在变相提价。,微头条,元气菠萝m3,2024-01-27 07:22:40,http://www.toutiao.com/w/i1789197141350412/,未知,戒烟、控烟,中性,未知
202401017996,2007年，成都高校学生会控烟劝导员休息照片背后的故事。,"title: 2007年，成都高校学生会控烟劝导员休息照片背后的故事。 summary: 2007年，成都高校学生会控烟劝导员休息照片背后的故事。 content: 2007年，成都高校学生会控烟劝导员休息照片背后的故事。 """,微头条,不吃香菜,2024-01-27 05:50:27,http://www.toutiao.com/w/i1789191339174980/,未知,控烟,中性,未知
202401018002,是的，花钱还损害了身体！现在国家都在控烟！,title: 是的，花钱还损害了身体！现在国家都在控烟！ summary: 是的，花钱还损害了身体！现在国家都在控烟！ content: 是的，花钱还损害了身体！现在国家都在控烟！,微头条,阳光人生307,2024-01-27 05:14:21,未知,未知,控烟,中性,未知
202401018008,"原先一天5包，经控烟后一天三包，符合控烟要求。
人家不是禁烟员[捂脸][捂脸][捂脸]",title: 原先一天5包，经控烟后一天三包，符合控烟要求。 人家不是禁烟员[捂脸][捂脸][捂脸] summary: 原先一天5包，经控烟后一天三包，符合控烟要求。人家不是禁烟员[捂脸][捂脸][捂脸]。 content: 原先一天5包，经控烟后一天三包，符合控烟要求。 人家不是禁烟员[捂脸][捂脸][捂脸],微头条,乖巧枫叶kt,2024-01-27 04:27:54,http://www.toutiao.com/w/i1789186146008128/,未知,控烟,中性,未知
202401018019,抽烟诱导员(控烟劝导员)。[笑哭][笑哭][笑哭],title: 抽烟诱导员(控烟劝导员)。[笑哭][笑哭][笑哭] summary: 抽烟诱导员(控烟劝导员)。[笑哭][笑哭][笑哭] content: 抽烟诱导员(控烟劝导员)。[笑哭][笑哭][笑哭],微头条,优美风声LT,2024-01-27 03:37:30,未知,未知,控烟,中性,未知
202401018046,控烟，是控制数量？和特定场合不许抽。还是一律不许抽？,title: 控烟，是控制数量？和特定场合不许抽。还是一律不许抽？ summary: 控烟，是控制数量？和特定场合不许抽。还是一律不许抽？ content: 控烟，是控制数量？和特定场合不许抽。还是一律不许抽？,微头条,用云野鹤,2024-01-27 01:19:14,未知,未知,控烟,中性,未知
202401018053,危害比香烟大7倍，却得到很多吸烟者的吹捧！然而，它无法戒烟,"title: 危害比香烟大7倍，却得到很多吸烟者的吹捧！然而，它无法戒烟 summary: 危害比香烟大7倍，却得到很多吸烟者的吹捧！然而，它无法戒烟虽然如今有很多烟民仍然在质疑吸烟有害论，但看一看国外和国内不断加大的控烟力度就能从中得到真相：吸烟真的有害。 content: 虽然如今有很多烟民仍然在质疑“吸烟有害论”，但看一看国外和国内不断加大的控烟力度就能从中得到真相：吸烟真的有害。更别提烟草公司自己都在烟盒上印上“吸烟有害健康”的警示语了。话说，哪个做买卖的会说自己产品不好呢？除非他的产品真不好，而他又够诚实！在“吸烟有害”的威胁下，很多吸烟者选择了戒烟，继而将目光投至于某一款“戒烟产品”！&lt;img max-width=""600"" class=""content-image"" data-src=""i+xuDLks9VorTFRP5fQEOZdoELOq9dYs2FvlDqoCvhvMflUXYHq43fiyBZmtHkfxxZKoNGRszzbw/Si4GRDDy/HykI6TBPsXTDGb9SfIKkw="" width=""728"" height=""499"" /很多人却用它戒烟！然而，它对戒烟无用电子烟，这个产品一直以“戒烟”这个概念作为营销手段，无数吸烟者为了戒烟购买此产品。然后，只有购买后，他们才会发现自己进入了一个“骗局”，因为，电子烟对戒烟毫无作用！是的，毫、无、作、用！电子烟的戒烟原理是什么？早期，电子烟商家把吸烟说成是&lt;img max-width=""600"" class=""content-image"" data-src=""j62ER+laWpTPEkLaFdmRXoJV9OxKO8z5eAd4ob1QkIOJuZZnOcwLs4Wz3bMHaG/5uUczfeG4YUBllRpLPwiDHvHykI6TBPsXTDGb9SfIKkw="" width=""942"" height=""584"" /那么，吸烟是什么？烟瘾又是什么？这是吸烟的原理！！！看到这里，我们就明白了，不管你是用&lt;img max-width=""600"" class=""content-image"" data-src=""rktmUZKiSD+eswOQv1Y0izy9aZ7O08bIcPX84KcfibPqPcZ2gSJqyYI2U6SqU0/X4RvfJ/0el0PmaMPIkPIwbvHykI6TBPsXTDGb9SfIKkw="" width=""552"" height=""366"" /若不含的话，那烟民就获取不了尼古丁，这和断然戒烟（不再吸烟）毫无本质上区别，也和你拿根木棒吸、卷张不含烟丝的纸点燃吸毫无本质上区别；吸烟的本质是摄入尼古丁，若电子烟含了尼古丁，那和吸烟就没有本质上区别，等同于吸烟；想要少摄入尼古丁？简单啊，吸两口烟，然后丢掉不就行了；或者选择低焦油香烟。&lt;img max-width=""600"" class=""content-image"" data-src=""i+xuDLks9VorTFRP5fQEOY5ASyCbACe0N2fFyPg26Hl29TB4YLM2kDiXrUsd8m1/fEIN9orbPfgyeO9EaCj3Q/HykI6TBPsXTDGb9SfIKkw="" width=""720"" height=""480"" /电子烟骗局在于混淆了吸烟概念，因为有点骗不下去了，所以电子烟商家开始以然而，这又不是真相！&lt;img max-width=""600"" class=""content-image"" data-src=""rktmUZKiSD+eswOQv1Y0i57ujXA1xXvpDnvvcuhmYyI0LmzvVPBIqqsJ+ZK07rumj+YeLF+Z7rzwQ8rFQP5FxvHykI6TBPsXTDGb9SfIKkw="" width=""864"" height=""540"" /危害比“香烟”大7倍据知名媒体BBC公布的一份研究报告显示，研究组织对烟民、电子烟民、非烟民提取了基因进行研究发现，免疫系统是人体抵御疾病和癌症的一道重要防线，若免疫系统受损，那么各种疾病就更容易趁虚而入。因此，研究报告得出结论称：这份报告一经公布，掀起了“禁电子烟”的热潮，全世界超过16个国家和地区一经宣布禁止电子烟流通。&lt;img max-width=""600"" class=""content-image"" data-src=""vrQqgk+FQSQmr7dDCa0gdqWs/6rt/lrsfK9C47bJymfbKxSbXY00ldEirD92Pv4+bymw/BJHbVsyHA08G+nM6/HykI6TBPsXTDGb9SfIKkw="" width=""640"" height=""422"" /除了抑制免疫基因外，电子烟的重要危害还有如下：一般电子烟要配有烟油，而研究人员对烟油进行研究发现，烟油中的气溶胶可以导致血液中的血小板聚集，从而更容易诱发血栓等心脑血管疾病，其危害并不比香烟小。要知道，去年全世界约有1750万心脑血管疾病病逝者，其中约300万人是因为吸烟导致的。&lt;img max-width=""600"" class=""content-image"" data-src=""h7fbg8uT6oAdxo1xkqmC8YgNvuB5tlPqQ50r3D8b1YWVs2xDKViK3EBlimND/IgusM3o6MmYsgmz4QWibuXUXfHykI6TBPsXTDGb9SfIKkw="" width=""639"" height=""473"" /研究人员还发现，电子烟烟油中含有甲醛、乙醛和丙烯醛等可以致癌的有害物质，它们可以诱发如肺癌、鼻咽癌、白血病等多种疾病。另外，免疫系统的损坏，也会提高细胞癌变的风险。&lt;img max-width=""600"" class=""content-image"" data-src=""h7fbg8uT6oAdxo1xkqmC8YUbS00OI8o5g4OmzqS+l12eMjV27+4/t5JRcKhH7cL5jE9+zgOdsh6BPBxOlP+ctPHykI6TBPsXTDGb9SfIKkw="" width=""561"" height=""426"" /另外一项研究发现，常吸电子烟，还会导致一种罕见的肺部疾病——闭塞性支气管炎，这种肺部疾病可以导致肺部衰竭，最终致命。&lt;img max-width=""600"" class=""content-image"" data-src=""j62ER+laWpTPEkLaFdmRXpffQ20rqC9vJPUtSu0cvBb1Wl7fE1mPqon+LCaH+hemE9j3qawZiQdGyffgWHaz5vHykI6TBPsXTDGb9SfIKkw="" width=""604"" height=""438"" /你买过电子烟吗？有功效吗？不妨在下方评论区留言，分享自己对电子烟的看法吧！发布于：四川省",搜狐号,宝妈小小厨,2024-01-27 01:05:00,http://m.sohu.com/a/754149466_120654536,未知,戒烟、控烟,中性,未知
202401018065,工作是控烟，吸烟是生活。,title: 工作是控烟，吸烟是生活。 summary: 工作是控烟，吸烟是生活。 content: 工作是控烟，吸烟是生活。,微头条,潇洒善解人意闲云野鹤,2024-01-27 00:49:12,未知,未知,控烟,中性,未知
202401017035,控烟督导员,title: 控烟督导员 summary: 控烟督导员 content: 控烟督导员,微头条,乖巧生活家Tw,2024-01-26 23:55:27,未知,未知,控烟,中性,未知
202401017060,控烟员，防止大家都不吸烟,title: 控烟员，防止大家都不吸烟 summary: 控烟员，防止大家都不吸烟 content: 控烟员，防止大家都不吸烟,微头条,和137159166,2024-01-26 23:08:53,未知,未知,控烟,中性,未知
202401017066,烟瘾难戒？试试这4个方法，让你彻底戒烟！,"title: 烟瘾难戒？试试这4个方法，让你彻底戒烟！ summary: 试试这4个方法，让你彻底戒烟！#我来送健康#众所周知，吸烟有害健康。我国政府也在不断加强控烟宣传，提倡健康的生活方式。然而，依然有许多烟民沉浸在烟雾缭绕的世界中，无法自拔。戒烟，成了他们亟待解决的问题。今天，就让我这名生活健康医生创意作家来为大家提供四个戒烟方法，帮助你摆脱烟瘾的困扰，过上健康的生活！ content: #我来送健康#众所周知，吸烟有害健康。我国政府也在不断加强控烟宣传，提倡健康的生活方式。然而，依然有许多烟民沉浸在烟雾缭绕的世界中，无法自拔。戒烟，成了他们亟待解决的问题。今天，就让我这名生活健康医生创意作家来为大家提供四个戒烟方法，帮助你摆脱烟瘾的困扰，过上健康的生活！一、认清吸烟的危害许多烟民在戒烟过程中，之所以屡屡失败，很大程度上是因为他们没有认清吸烟对身体健康的严重危害。吸烟不仅会导致肺癌、心血管病、慢性阻塞性肺病等多种疾病，还会严重损害周围他人的健康。认识到吸烟的危害，让你在戒烟过程中有更坚定的决心。二、设定明确的戒烟目标戒烟不是一朝一夕的事情，需要烟民树立明确的戒烟目标。首先，确定一个戒烟的开始日期，以便让自己有所准备。其次，设定一个短期和长期的目标。短期目标可以是戒烟一周、一个月，长期目标可以是戒烟一年、五年甚至终身。明确的目标会让你在戒烟过程中更有动力。""三、寻求支持和帮助戒烟并非孤军奋战，烟民应积极寻求家人、朋友、同事的支持和帮助。他们可以成为你戒烟过程中的坚实后盾，时刻提醒你戒烟的决心，帮助你度过戒烟初期的艰难时期。此外，你还可以寻求专业医生的建议，了解戒烟药物和疗法，以提高戒烟成功率。四、培养健康的生活习惯戒烟不仅仅是摆脱烟瘾，更是一次生活品质的提升。在戒烟过程中，烟民应充分利用空闲时间培养健康的生活习惯。例如，增加锻炼，如散步、跑步、游泳等，有助于提高身体素质；培养兴趣爱好，如阅读、绘画、音乐等，丰富精神生活；改善饮食习惯，多吃新鲜蔬果，少吃油腻辛辣，实现身体健康。""此外，以下几个小建议也可能对你的戒烟之路有所帮助：1. 逐步减少吸烟量：从每天一包烟逐渐减少到每天五支，再到完全戒烟。2. 远离吸烟环境：避免置身于吸烟场所，减少吸烟的诱惑。3. 消除负面情绪：学会调整心态，避免用吸烟来缓解压力。4. 坚持戒烟：即使戒烟过程中出现反复，也要坚定信心，相信自己最终能够成功戒烟。""总之，戒烟是一次与自我的较量，也是一场生活方式的变革。只要你坚定信念，采取正确的方法，相信不久的将来，你就能摆脱烟瘾，过上健康的生活。让我们一起为了自己和家人的幸福，勇敢地迈向戒烟的成功之路吧！感谢您花费时间阅读我们的文章。如果您有任何疑问或需要进一步的帮助，请随时联系我们。祝您一切顺利!",百家号,童鹏医生,2024-01-26 22:56:40,http://baijiahao.baidu.com/s?id=1789164695687510393,未知,戒烟、控烟,中性,未知
202401017084,应该是火车站的员工，火车站员工都佩戴着控烟劝导员的袖套。,"title: 应该是火车站的员工，火车站员工都佩戴着控烟劝导员的袖套。 summary: 应该是火车站的员工，火车站员工都佩戴着""控烟劝导员""的袖套。 content: 应该是火车站的员工，火车站员工都佩戴着""控烟劝导员""的袖套。",微头条,潇洒葡萄RmC,2024-01-26 21:46:05,未知,未知,控烟,中性,未知
202401017090,控烟劝导员犯烟瘾偷着抽烟。,title: 控烟劝导员犯烟瘾偷着抽烟。 summary: 控烟劝导员犯烟瘾偷着抽烟。 content: 控烟劝导员犯烟瘾偷着抽烟。,微头条,恺撒KS,2024-01-26 21:35:01,未知,未知,控烟,中性,未知
202401017096,控烟劝导员[捂脸],title: 控烟劝导员[捂脸] summary: 控烟劝导员[捂脸] content: 控烟劝导员[捂脸],微头条,三省斋,2024-01-26 21:04:16,未知,未知,控烟,中性,未知
202401017102,"威智医药专项研发，酒石酸伐尼克兰片成功上市！#你考虑过戒烟吗# #如何科学戒烟# 
国产戒烟药成功上市，为广大烟民带来了新的希望！由威智医药专项研发的酒石酸伐尼克兰片获得上市批准，现已对外销售。
这款戒烟药的问世，为烟患者以及戒烟人士提供了一种更为有效的控烟戒烟方法。世卫组织报告显示，全球烟草使用者数量预计到 2025 年将下降至 12 亿。我们有理由相信，随着戒烟药的推广和使用，这一数字还将继续下降。
让我们共同期待，这款戒烟药能够进一步提高控烟率，降低烟草使用率，为人们的健康和生活质量带来积极的影响。
如果你或你身边的人正在为戒烟而苦恼，不妨试试这款戒烟药，让我们一起为更健康的生活努力！",title: 威智医药专项研发，酒石酸伐尼克兰片成功上市！#你考虑过戒烟吗# #如何科学戒烟# 国产戒烟药成功上市，为广大烟民带来了新的希望！由威智医药专项研发的酒石酸伐尼克兰片获得上市批准，现已对外销售。 这款戒烟药的问世，为烟患者以及戒烟人士提供了一种更为有效的控烟戒烟方法。世卫组织报告显示，全球烟草使用者数量预计到 2025 年将下降至 12 亿。我们有理由相信，随着戒烟药的推广和使用，这一数字还将继续下降。 让我们共同期待，这款戒烟药能够进一步提高控烟率，降低烟草使用率，为人们的健康和生活质量带来积极的影响。 如果你或你身边的人正在为戒烟而苦恼，不妨试试这款戒烟药，让我们一起为更健康的生活努力！ summary: 威智医药专项研发，酒石酸伐尼克兰片成功上市！#你考虑过戒烟吗##如何科学戒烟#国产戒烟药成功上市，为广大烟民带来了新的希望！这款戒烟药的问世，为烟患者以及戒烟人士提供了一种更为有效的控烟戒烟方法。如果你或你身边的人正在为戒烟而苦恼，不妨试试这款戒烟药，让我们一起为更健康的生活努力！ content: 威智医药专项研发，酒石酸伐尼克兰片成功上市！#你考虑过戒烟吗# #如何科学戒烟# 国产戒烟药成功上市，为广大烟民带来了新的希望！由威智医药专项研发的酒石酸伐尼克兰片获得上市批准，现已对外销售。 这款戒烟药的问世，为烟患者以及戒烟人士提供了一种更为有效的控烟戒烟方法。世卫组织报告显示，全球烟草使用者数量预计到 2025 年将下降至 12 亿。我们有理由相信，随着戒烟药的推广和使用，这一数字还将继续下降。 让我们共同期待，这款戒烟药能够进一步提高控烟率，降低烟草使用率，为人们的健康和生活质量带来积极的影响。 如果你或你身边的人正在为戒烟而苦恼，不妨试试这款戒烟药，让我们一起为更健康的生活努力！,微头条,率真爱意,2024-01-26 20:57:28,http://www.toutiao.com/w/i1789157807103052/,未知,戒烟、控烟戒烟、控烟,正面,未知
202401017108,控烟劝导员。,title: 控烟劝导员。 summary: 控烟劝导员。 content: 控烟劝导员。,微头条,朔风林海,2024-01-26 20:44:09,未知,未知,控烟,中性,未知
202401017133,"【湖南省政协委员瞿启云：进一步加大校园全面禁烟力度】

    2014年、2021年教育部先后印发了《关于在全国各级各类学校禁烟有关事项的通知》、颁布了《未成年人学校保护规定》，2019年国家8部门联合印发了《关于进一步加强青少年控烟工作的通知》，要求各地各部门要履行好部门职责，合力推进校园内禁烟禁酒工作。今年湖南省两会期间，湖南省政协委员，郴州思科职业学院董事长瞿启云提交了《关于进一步加大校园全面禁烟力度的提案》。

    他建议，全社会要大力宣传“吸烟有害健康”的知识，强化青少年对自身健康的保护意识。同时要建立相应的法规，加大惩戒力度，严厉查处校园内和校园周边向学生销售烟草制品和学生校园吸烟行为。他建议教育行政部门要制定相关条例，让学校对学生校园内吸烟行为进行相应处分有章可循，同时将无烟学校建设列入对学校办学考核与视导的重要内容之一。此外，他呼吁家长以身作则，为学生健康成长营造一个良好的环境。 

记者：刘畅
编审：王承永、果夫、楚雄",title: 【湖南省政协委员瞿启云：进一步加大校园全面禁烟力度】 2014年、2021年教育部先后印发了《关于在全国各级各类学校禁烟有关事项的通知》、颁布了《未成年人学校保护规定》，2019年国家8部门联合印发了《关于进一步加强青少年控烟工作的通知》，要求各地各部门要履行好部门职责，合力推进校园内禁烟禁酒工作。今年湖南省两会期间，湖南省政协委员，郴州思科职业学院董事长瞿启云提交了《关于进一步加大校园全面禁烟力度的提案》。 他建议，全社会要大力宣传“吸烟有害健康”的知识，强化青少年对自身健康的保护意识。同时要建立相应的法规，加大惩戒力度，严厉查处校园内和校园周边向学生销售烟草制品和学生校园吸烟行为。他建议教育行政部门要制定相关条例，让学校对学生校园内吸烟行为进行相应处分有章可循，同时将无烟学校建设列入对学校办学考核与视导的重要内容之一。此外，他呼吁家长以身作则，为学生健康成长营造一个良好的环境。 记者：刘畅 编审：王承永、果夫、楚雄 summary: 2014年、2021年教育部先后印发了《关于在全国各级各类学校禁烟有关事项的通知》、颁布了《未成年人学校保护规定》， 2019年国家8部门联合印发了《关于进一步加强青少年控烟工作的通知》，要求各地各部门要履行好部门职责，合力推进校园内禁烟禁酒工作。 content: 【湖南省政协委员瞿启云：进一步加大校园全面禁烟力度】 2014年、2021年教育部先后印发了《关于在全国各级各类学校禁烟有关事项的通知》、颁布了《未成年人学校保护规定》，2019年国家8部门联合印发了《关于进一步加强青少年控烟工作的通知》，要求各地各部门要履行好部门职责，合力推进校园内禁烟禁酒工作。今年湖南省两会期间，湖南省政协委员，郴州思科职业学院董事长瞿启云提交了《关于进一步加大校园全面禁烟力度的提案》。 他建议，全社会要大力宣传“吸烟有害健康”的知识，强化青少年对自身健康的保护意识。同时要建立相应的法规，加大惩戒力度，严厉查处校园内和校园周边向学生销售烟草制品和学生校园吸烟行为。他建议教育行政部门要制定相关条例，让学校对学生校园内吸烟行为进行相应处分有章可循，同时将无烟学校建设列入对学校办学考核与视导的重要内容之一。此外，他呼吁家长以身作则，为学生健康成长营造一个良好的环境。 记者：刘畅 编审：王承永、果夫、楚雄,微头条,马栏山新闻,2024-01-26 20:18:15,http://www.toutiao.com/w/i1789155340043337/,未知,控烟,正面,未知
202401017138,控烟劝导员，却自己抽烟？她是怕个个人都不抽烟那烟税那里来，应她点赞,title: 控烟劝导员，却自己抽烟？她是怕个个人都不抽烟那烟税那里来，应她点赞 summary: 控烟劝导员，却自己抽烟？她是怕个个人都不抽烟那烟税那里来，应她点赞 content: 控烟劝导员，却自己抽烟？她是怕个个人都不抽烟那烟税那里来，应她点赞,微头条,正直百香果r7,2024-01-26 20:13:54,未知,未知,控烟,中性,未知
202401017148,控烟？手拿烟儿抽起来！,title: 控烟？手拿烟儿抽起来！ summary: 控烟？手拿烟儿抽起来！ content: 控烟？手拿烟儿抽起来！,微头条,多彩辰星8WV,2024-01-26 19:25:48,未知,未知,控烟,中性,未知
202401017154,无烟佳节与爱同行——爱国卫生指导服务中心开展健康知识宣传活动,"title: 无烟佳节与爱同行——爱国卫生指导服务中心开展健康知识宣传活动 summary: 无烟佳节与爱同行——爱国卫生指导服务中心开展健康知识宣传活动为进一步推动控烟工作有序开展，引导群众践行文明健康绿色环保生活方式，营造无烟佳节氛围，1月25日下午。爱国卫生指导服务中心联合社区卫生服务中心工作人员在富兴街道办事处沃热社区组织开展无烟佳节与爱同行主题宣传活动。 content: 为进一步推动控烟工作有序开展，引导群众践行文明健康绿色环保生活方式，营造无烟佳节氛围，1月25日下午，爱国卫生指导服务中心联合社区卫生服务中心工作人员在富兴街道办事处沃热社区组织开展“无烟佳节 与爱同行 ”主题宣传活动。活动现场&lt;img class=""content-image"" data-src=""nuh/wEb6x4IxiInVMoIK8MBtPsOZN1xBjR51Pm15agGd8WJnRF8kbdI56u6BrNnp8XkO0Hz6jNIFt4TY8UjU3bIu/Om66iELPS/5BwRsHWc="" width=""1080"" height=""810"" /&lt;img class=""content-image"" data-src=""wXdZHLbub1cJf8KN0C5vfcBtPsOZN1xBjR51Pm15agF2cCyvZNqmeME3Axxf4XRlV22yWkZ6VyPiXtUkhqWMO2REoLL3PyTo5Kr+Ja+9O50="" width=""1080"" height=""810"" /活动现场，工作人员通过发放戒烟科普宣传折页，讲解吸烟危害，增强居民群众戒烟意识，大力弘扬无烟健康过节文化，倡导过节不吸烟、不敬烟、不送烟，“对二手烟说不”，共度无烟健康佳节。医护人员为前来参加活动的群众提供了免费测量血压、血糖、健康咨询服务，帮助他们了解自己的身体状况，提高群众健康意识。活动共计服务100余人，发放健康素养核心知识60条、控烟、病媒生物防制等各类宣传资料300余份，健康宣传品100余份。&lt;img class=""content-image"" data-src=""/L19E/drXjGfZ2kuFxSZZcBtPsOZN1xBjR51Pm15agEMOIY9Xh5Pg3iAYgj6S5DdunAIDBSVT/bmOrXbodBdxJnbPiAlHqsa+wyevAHWbhI="" width=""1080"" height=""810"" /&lt;img class=""content-image"" data-src=""/L19E/drXjGfZ2kuFxSZZcBtPsOZN1xBjR51Pm15agFmTJ8OixB/jyQEUHyQ7sVapjtGSj5ShBiw2o9fogYMtYcgNCsJsXN1IB/qY/+M570="" width=""1080"" height=""810"" /&lt;img class=""content-image"" data-src=""lEVudsxXQilkQo3OKeq3U8BtPsOZN1xBjR51Pm15agHvrzpyw/+LNhrdB+U0SONBJ9aZCuYQJ+yBMmW3kWwyU2xWvhD/tBfrOTAfiIPnCjQ="" width=""1080"" height=""810"" /义诊宣传通过活动，进一步提高了居民群众对控烟的认识，营造了春节期间不吸烟、不敬烟、不送烟的良好无烟佳节氛围。中心将继续加大对无烟生活和健康生活的宣传力度，引导群众积极关注控烟，主动参与控烟，做控烟的支持者、践行者和受益者。END关注我们免费了解健康科普知识 供稿：徐东胜编辑：王静审核：史俊梅发布于：北京市",搜狐号,草原古都生活宝典,2024-01-26 18:26:09,http://m.sohu.com/a/754489323_121106854,未知,控烟、戒烟,正面,未知
202401017161,"据参考消息报道，在过去的二十年中，全球人口的预期寿命普遍增长。然而，值得注意的是，男性和女性在预期寿命方面的差距正在逐渐缩小。这一趋势的出现，部分原因在于女性越来越多地参与到劳动力市场中，并在不知不觉中养成了一些以往主要在男性中流行的习惯。这些习惯包括吸烟、酗酒以及从事高强度的体力劳动等。这一现象提醒我们，女性同样需要关注和培养自身的健康习惯。 

随着科学知识的普及，越来越多的男性开始意识到健康生活方式的重要性，并积极采取措施，如控烟，以降低患病风险并延长寿命。同样，女性也应该从这些事例中汲取经验，培养起自己的健康习惯。 

首先，保持均衡的饮食是至关重要的。女性应注重摄取足够的营养物质，包括蛋白质、维生素和矿物质等，以确保身体的正常运作。此外，适量的运动也是保持身体健康的重要一环。无论是选择健身房锻炼、参加瑜伽课程还是进行户外活动，适当的运动都能有效提高身体素质，增强免疫力。 

其次，养成良好的作息规律对女性健康也大有裨益。保证充足的睡眠可以消除疲劳，提高工作效率和生活质量。而规律的作息时间有助于调节内分泌，维持身体各项机能的平衡。 

此外，情绪管理在女性养生中也占据着不可忽视的地位。保持良好的心态，学会释放压力和调节情绪，能够有效预防心理问题的发生，促进身心的和谐与健康。 

总之，女性养生是一个综合性的过程，需要从多个方面进行关注和实践。通过养成均衡饮食、适量运动、良好作息和情绪管理的习惯，女性可以更好地维护自己的身心健康，迈向更加美好的未来。

生活多点色彩，人生更有滋味。欢迎【+关注】","title: 据参考消息报道，在过去的二十年中，全球人口的预期寿命普遍增长。然而，值得注意的是，男性和女性在预期寿命方面的差距正在逐渐缩小。这一趋势的出现，部分原因在于女性越来越多地参与到劳动力市场中，并在不知不觉中养成了一些以往主要在男性中流行的习惯。这些习惯包括吸烟、酗酒以及从事高强度的体力劳动等。这一现象提醒我们，女性同样需要关注和培养自身的健康习惯。 随着科学知识的普及，越来越多的男性开始意识到健康生活方式的重要性，并积极采取措施，如控烟，以降低患病风险并延长寿命。同样，女性也应该从这些事例中汲取经验，培养起自己的健康习惯。 首先，保持均衡的饮食是至关重要的。女性应注重摄取足够的营养物质，包括蛋白质、维生素和矿物质等，以确保身体的正常运作。此外，适量的运动也是保持身体健康的重要一环。无论是选择健身房锻炼、参加瑜伽课程还是进行户外活动，适当的运动都能有效提高身体素质，增强免疫力。 其次，养成良好的作息规律对女性健康也大有裨益。保证充足的睡眠可以消除疲劳，提高工作效率和生活质量。而规律的作息时间有助于调节内分泌，维持身体各项机能的平衡。 此外，情绪管理在女性养生中也占据着不可忽视的地位。保持良好的心态，学会释放压力和调节情绪，能够有效预防心理问题的发生，促进身心的和谐与健康。 总之，女性养生是一个综合性的过程，需要从多个方面进行关注和实践。通过养成均衡饮食、适量运动、良好作息和情绪管理的习惯，女性可以更好地维护自己的身心健康，迈向更加美好的未来。 生活多点色彩，人生更有滋味。欢迎【+关注】 summary: 据参考消息报道，在过去的二十年中，全球人口的预期寿命普遍增长。然而，值得注意的是，男性和女性在预期寿命方面的差距正在逐渐缩小。这一趋势的出现，部分原因在于女性越来越多地参与到劳动力市场中，并在不知不觉中养成了一些以往主要在男性中流行的习惯。这一现象提醒我们，女性同样需要关注和培养自身的健康习惯。 content: 据参考消息报道，在过去的二十年中，全球人口的预期寿命普遍增长。然而，值得注意的是，男性和女性在预期寿命方面的差距正在逐渐缩小。这一趋势的出现，部分原因在于女性越来越多地参与到劳动力市场中，并在不知不觉中养成了一些以往主要在男性中流行的习惯。这些习惯包括吸烟、酗酒以及从事高强度的体力劳动等。这一现象提醒我们，女性同样需要关注和培养自身的健康习惯。 随着科学知识的普及，越来越多的男性开始意识到健康生活方式的重要性，并积极采取措施，如控烟，以降低患病风险并延长寿命。同样，女性也应该从这些事例中汲取经验，培养起自己的健康习惯。 首先，保持均衡的饮食是至关重要的。女性应注重摄取足够的营养物质，包括蛋白质、维生素和矿物质等，以确保身体的正常运作。此外，适量的运动也是保持身体健康的重要一环。无论是选择健身房锻炼、参加瑜伽课程还是进行户外活动，适当的运动都能有效提高身体素质，增强免疫力。 其次，养成良好的作息规律对女性健康也大有裨益。保证充足的睡眠可以消除疲劳，提高工作效率和生活质量。而规律的作息时间有助于调节内分泌，维持身体各项机能的平衡。 此外，情绪管理在女性养生中也占据着不可忽视的地位。保持良好的心态，学会释放压力和调节情绪，能够有效预防心理问题的发生，促进身心的和谐与健康。 总之，女性养生是一个综合性的过程，需要从多个方面进行关注和实践。通过养成均衡饮食、适量运动、良好作息和情绪管理的习惯，女性可以更好地维护自己的身心健康，迈向更加美好的未来。 生活多点色彩，人生更有滋味。欢迎【+关注】""",微头条,平心笑谈,2024-01-26 18:17:27,http://www.toutiao.com/w/1788771257090074/,未知,控烟,正面,未知
202401017168,"《戒烟新希望：国产戒烟药获批上市》
近年来，随着人们对健康的重视程度不断提高，戒烟成为了许多人关注的焦点。近日，由威智医药专项研发的酒石酸伐尼克兰片获得上市批准，这一消息引起了广泛关注。这款国产戒烟药的成功上市，为广大烟民和戒烟人士提供了新的选择，也为全球烟草使用率的下降趋势注入了新的动力。
长久以来，戒烟对于许多烟民来说是一项艰巨的任务。尽管他们意识到吸烟对健康的危害，但由于烟草中的尼古丁成分会让人产生依赖，戒烟过程往往伴随着强烈的戒断反应，如焦虑、烦躁、注意力不集中等。这些症状使得戒烟变得异常困难，许多人在尝试戒烟后往往会复吸。
然而，随着国产戒烟药的上市，这一困境有望得到改善。酒石酸伐尼克兰片作为一种有效的戒烟药物，通过作用于神经系统，减少尼古丁对大脑的刺激，从而减轻戒烟过程中的不适症状。这为那些希望戒烟的人提供了更多的支持和帮助，增加了他们成功戒烟的机会。
根据世卫组织发布的报告，全球烟草使用者数量预计到 2025 年下降至 12 亿。这一数据显示了全球范围内对于控烟的努力正在取得成效。而戒烟药的上市，无疑将进一步推动这一趋势的发展。它为烟民提供了更多的戒烟选择，同时也为医疗机构和戒烟服务提供了新的工具。
当然，戒烟不仅仅依赖于药物的支持，还需要综合的措施和个人的决心。教育宣传、心理支持、行为疗法等都是帮助人们戒烟的重要手段。此外，社会环境的营造也至关重要。通过提高公众对吸烟危害的认识，加强烟草控制政策的制定和执行，我们可以共同努力创造一个无烟草的健康环境。
国产戒烟药的成功上市是一个重要的里程碑，为戒烟事业带来了新的希望。然而，我们不能仅仅满足于此，还需要持续加大控烟力度，降低烟草使用率。让我们携手共进，为一个健康、无烟草的未来而努力！
#戒烟的的事儿# [赞][赞]","title: 《戒烟新希望：国产戒烟药获批上市》 近年来，随着人们对健康的重视程度不断提高，戒烟成为了许多人关注的焦点。近日，由威智医药专项研发的酒石酸伐尼克兰片获得上市批准，这一消息引起了广泛关注。这款国产戒烟药的成功上市，为广大烟民和戒烟人士提供了新的选择，也为全球烟草使用率的下降趋势注入了新的动力。 长久以来，戒烟对于许多烟民来说是一项艰巨的任务。尽管他们意识到吸烟对健康的危害，但由于烟草中的尼古丁成分会让人产生依赖，戒烟过程往往伴随着强烈的戒断反应，如焦虑、烦躁、注意力不集中等。这些症状使得戒烟变得异常困难，许多人在尝试戒烟后往往会复吸。 然而，随着国产戒烟药的上市，这一困境有望得到改善。酒石酸伐尼克兰片作为一种有效的戒烟药物，通过作用于神经系统，减少尼古丁对大脑的刺激，从而减轻戒烟过程中的不适症状。这为那些希望戒烟的人提供了更多的支持和帮助，增加了他们成功戒烟的机会。 根据世卫组织发布的报告，全球烟草使用者数量预计到 2025 年下降至 12 亿。这一数据显示了全球范围内对于控烟的努力正在取得成效。而戒烟药的上市，无疑将进一步推动这一趋势的发展。它为烟民提供了更多的戒烟选择，同时也为医疗机构和戒烟服务提供了新的工具。 当然，戒烟不仅仅依赖于药物的支持，还需要综合的措施和个人的决心。教育宣传、心理支持、行为疗法等都是帮助人们戒烟的重要手段。此外，社会环境的营造也至关重要。通过提高公众对吸烟危害的认识，加强烟草控制政策的制定和执行，我们可以共同努力创造一个无烟草的健康环境。 国产戒烟药的成功上市是一个重要的里程碑，为戒烟事业带来了新的希望。然而，我们不能仅仅满足于此，还需要持续加大控烟力度，降低烟草使用率。让我们携手共进，为一个健康、无烟草的未来而努力！ #戒烟的的事儿# [赞][赞] summary: 《戒烟新希望：国产戒烟药获批上市》.这款国产戒烟药的成功上市，为广大烟民和戒烟人士提供了新的选择，也为全球烟草使用率的下降趋势注入了新的动力。这些症状使得戒烟变得异常困难，许多人在尝试戒烟后往往会复吸。这为那些希望戒烟的人提供了更多的支持和帮助，增加了他们成功戒烟的机会。#戒烟的的事儿#[赞][赞]. content: 《戒烟新希望：国产戒烟药获批上市》 近年来，随着人们对健康的重视程度不断提高，戒烟成为了许多人关注的焦点。近日，由威智医药专项研发的酒石酸伐尼克兰片获得上市批准，这一消息引起了广泛关注。这款国产戒烟药的成功上市，为广大烟民和戒烟人士提供了新的选择，也为全球烟草使用率的下降趋势注入了新的动力。 长久以来，戒烟对于许多烟民来说是一项艰巨的任务。尽管他们意识到吸烟对健康的危害，但由于烟草中的尼古丁成分会让人产生依赖，戒烟过程往往伴随着强烈的戒断反应，如焦虑、烦躁、注意力不集中等。这些症状使得戒烟变得异常困难，许多人在尝试戒烟后往往会复吸。 然而，随着国产戒烟药的上市，这一困境有望得到改善。酒石酸伐尼克兰片作为一种有效的戒烟药物，通过作用于神经系统，减少尼古丁对大脑的刺激，从而减轻戒烟过程中的不适症状。这为那些希望戒烟的人提供了更多的支持和帮助，增加了他们成功戒烟的机会。 根据世卫组织发布的报告，全球烟草使用者数量预计到 2025 年下降至 12 亿。这一数据显示了全球范围内对于控烟的努力正在取得成效。而戒烟药的上市，无疑将进一步推动这一趋势的发展。它为烟民提供了更多的戒烟选择，同时也为医疗机构和戒烟服务提供了新的工具。 当然，戒烟不仅仅依赖于药物的支持，还需要综合的措施和个人的决心。教育宣传、心理支持、行为疗法等都是帮助人们戒烟的重要手段。此外，社会环境的营造也至关重要。通过提高公众对吸烟危害的认识，加强烟草控制政策的制定和执行，我们可以共同努力创造一个无烟草的健康环境。 国产戒烟药的成功上市是一个重要的里程碑，为戒烟事业带来了新的希望。然而，我们不能仅仅满足于此，还需要持续加大控烟力度，降低烟草使用率。让我们携手共进，为一个健康、无烟草的未来而努力！ #戒烟的的事儿# [赞][赞] "" "" """,微头条,阿木木,2024-01-26 18:14:03,http://www.toutiao.com/w/i1789147525225497/,未知,戒烟、控烟,正面,未知
202401017180,健康渌口行动丨渌口区开展“无烟佳节 与爱同行”专项 活动,"title: 健康渌口行动丨渌口区开展“无烟佳节 与爱同行”专项 活动 summary: 通讯员刘洋）为不断巩固国家卫生城市创建成果，共度无烟健康佳节，1月26日，渌口区卫健局联合渌口镇政府、区疾控中心、区人民医院、渌口镇城区卫生院开展无烟佳节与爱同行专项宣传活动。 content: 红网时刻新闻1月26日讯（通讯员 刘洋）为不断巩固国家卫生城市创建成果，共度无烟健康佳节，1月26日，渌口区卫健局联合渌口镇政府、区疾控中心、区人民医院、渌口镇城区卫生院开展“无烟佳节 与爱同行”专项宣传活动。""活动紧紧围绕“无烟佳节 与爱同行”这一主题，通过设立宣传台、拉宣传横幅、张贴宣传海报、公布戒烟门诊电话等形式，倡导春节期间亲友相互不送烟、不收烟，在家里不抽烟，共同营造良好的无烟氛围。活动现场共发放戒烟手册200余份，健康知识宣传单500余份。活动现场通过专家面对面科普，开展禁烟知识抢答，“老烟民”戒烟经验分享等，进一步加深了群众对控烟知识的了解，也让大家更深刻认识到吸烟危害，在场群众纷纷表示都要参加到拒烟禁烟宣传活动中来，从身边小事做起，为创建无烟环境贡献自己的力量。",百家号,红网,2024-01-26 17:48:20,http://baijiahao.baidu.com/s?id=1789146029375195565,未知,戒烟、控烟,正面,未知
202401017199,冬季控烟 | 无烟环境，从说“不可以”开始,"title: 冬季控烟 | 无烟环境，从说“不可以”开始 summary: 冬季气候寒冷，室内活动增多，公共场所吸烟行为也呈上升趋势，餐饮场所内部、办公楼洗手间和楼梯间、居民楼楼道或楼梯间、甚至烟民自己家中等地方都成为烟民们一吐为快的常见地点。据统计吸烟的人60岁以后患肺部疾病的比例为74%，而不吸烟的人60岁以后患肺部疾病的比例仅为4%，这是一个触目惊心的数字。 content: 控烟行动从你我开始禁烟控烟知识宣传吸烟的危害&lt;img class=""content-image"" data-src=""nuh/wEb6x4IxiInVMoIK8MBtPsOZN1xBjR51Pm15agHBvkQN/4TkLoTImC8Bu2LkowojQRJvnZWxHdbo44v12fEkFXPkZS2HsiX9Ybpol24="" width=""1080"" height=""1080"" /冬季气候寒冷，室内活动增多，公共场所吸烟行为也呈上升趋势，餐饮场所内部、办公楼洗手间和楼梯间、居民楼楼道或楼梯间、甚至烟民自己家中等地方都成为烟民们“一吐为快”的常见地点。这种行为不仅危害着吸烟者自身的健康、还威胁着受二手烟、三手烟影响的其他人的健康与安全。&lt;img class=""content-image"" data-src=""AdrUyzrPRqQ3SLRqyklRvcBtPsOZN1xBjR51Pm15agH85vFKaIeYU8QkPPDoRF2oK5w+u2xWH7UmZUpsBl3Smo1f0Anu4guylVokJWD4yj8="" width=""34"" height=""34"" /吸烟的害处很多，它不但吞噬吸咽者的健康和生命，还会污染空气，危害他人。（一 ） 肺部疾病：香烟燃烧时释放38种有毒化学物质，其中有害成份主要有焦油、一氧化碳、尼古丁、二恶英和刺激性烟雾等。焦油对口腔、喉部、气管、肺部均有损害。烟草烟雾中的焦油沉积在肺部绒毛上，破坏了绒毛的功能，使痰增加，使支气管发生慢性病变，气管炎、肺气肿、肺心病肺癌便会产生。据统计吸烟的人60岁以后患肺部疾病的比例为74%，而不吸烟的人60岁以后患肺部疾病的比例仅为4%，这是一个触目惊心的数字。（二 ）心血管疾病：香烟中的一氧化碳使血液中的氧气含量减少，造成相关的高血压等疾病。吸烟使冠状动脉血管收缩，使供血量减少或阻塞，造成心肌梗塞。吸烟可肾上腺素增加，引起心跳加快，心脏负荷加重，影响血液循环而导致心脑血管疾病、糖尿病、猝死综合症，呼吸功能下降、中风等共20多种疾病。（三）吸烟致癌：研究发现，吸烟是产生自由基最快最多的方式，每吸一口烟至少会产生10万个自由基，从而导致癌症和许多慢性病。最近，英国牛津提德克里夫医院对3.5万名吸烟者进行长达50年的研究得出了结论，结果显示，肺癌、胃癌、胰腺癌、膀胱癌、肝癌、口腔癌、鼻窦癌等11种癌症与吸烟“显著相关”。为什么吸烟的人容易感冒，是因为人体的淋巴细胞活性降低，导致癌症。鉴于吸烟致烟致癌的三大因素，戒烟要越早越好。（四） 吸烟还会导致骨质疏松，更年期提早来临。吸烟使牙齿变黄容易口臭。吸烟害人害己，被动吸烟的人受到危害是吸烟人的五倍。为了你和家人的健康，不让自己成为烟的奴隶，应尽早戒烟。（五） 吸烟对智力的危害。吸烟可使人的注意力受到影响。有人认为，吸烟可以提神，消除疲劳、触发灵感，这都是毫无科学道理的。实验证明，吸烟严重影响人的智力，记忆力，从而降低工作和学习的效率。吸烟有百害而无一利，中国53%的儿童被动吸烟，危害更大，容易患肺炎，支气管炎，重症哮喘和其它疾病。如果目前吸烟的情况持续下去，儿童的智力发育、吸烟的家庭，个人将会付出极大的代价。戒烟的益处多多&lt;img class=""content-image"" data-src=""1i8D9IaYlbNGIQCZT5KVh8BtPsOZN1xBjR51Pm15agEwPdtiPKh2erb6LcI3DgizHT+o/sBODpgi9QrMoIS1BnHCG896+2YYoAyE70gJTLA="" width=""500"" height=""333"" /戒烟人的寿命长于继续吸烟的人。一般说来，50岁以前就戒烟的人，在其以后15年内死亡的危险将比继续吸烟者降低50%。（1） 吸烟者患肺癌的相对危险度是不吸烟者的10—15倍。而一个吸烟者戒烟10年后，他患肺癌的危险性将比继续吸烟者降低30％至50％。（2） 戒烟还会降低吸烟者患喉癌、口腔癌、食道癌、胰腺癌、膀胱癌和其它多种癌症发病的危险度。（3） 吸烟者死于冠心病的危险度是从不吸烟者的2倍。而吸烟者戒烟后一年之内，这种危险就会降低50％。坚持戒烟15年之后，这种危险度就会接近于从不吸烟者的水平。（4） 与从不吸烟者相比，吸烟者在死于中风的相对危险度要高一倍。有些吸烟者在戒烟后5年内就可把这种危险性降低到从不吸烟者的水平，而有些人却需要坚持15年才能收到这个效果。（5） 吸烟是引起肺部疾病的主要原因。一个人戒烟后，可以降低患感冒、肺炎和支气管炎的危险性，并随着年龄增长而发生的肺功能下降的速度将接近于从不吸烟者的情况。（6） 戒烟后你不会因吸烟引起家庭矛盾，戒烟之后10年可以节约一大笔钱。你不会因在公共场所吸烟而被罚款。（7） 孕妇吸烟使胎儿和婴儿死亡率比正常不吸烟者高25—50％，婴儿出生体重平均低于正常值200克。若在怀孕前4个月开始戒烟，这些不良影响通常都可以改变.（8） 戒烟后将更能集中精力学习和工作，使你面容显得滋润和富有光泽。使你的嗅觉、味觉更灵敏，吃东西将更有味道。（9） 戒烟后再也不会走到哪儿都带去一股烟味，也不会再让家人、朋友、同事吃“二手烟”，与吸烟者相比，你将显得更高雅、更潇洒、更有风度。戒烟方法&lt;img class=""content-image"" data-src=""/L19E/drXjGfZ2kuFxSZZcBtPsOZN1xBjR51Pm15agHTtWtJCXVVTCU/0ov4dt3Tnjyf8q8UVW6Xb5rqRwVvBHlBhqeQJwQAl1Nnwl85s7c="" width=""734"" height=""415"" /戒烟后又吸烟不等于戒烟失败，吸了一口或一支烟后并不是“一切都太晚了”，但要仔细分析重新吸烟的原因，避免以后重犯。（一）如何戒烟1.戒烟从现在开始，完全戒烟或逐渐减少吸烟次数的方法，通常3～4个月就可以成功。2.丢掉所有的香烟、打火机、火柴和烟灰缸。3.避免参与往常习惯吸烟的场所或活动。4.餐后喝水、吃水果或散步，摆脱饭后一支烟的想法。5.烟瘾来时，要立即做深呼吸活动，或咀嚼无糖分的口香糖，避免用零食代替香烟，否则会引起血糖升高，身体过胖。 6.坚决拒绝香烟的引诱，经常提醒自己，再吸一支烟足以令戒烟的计划前功尽弃。（二）如何度过戒烟最难熬的前5天？1.两餐之间喝6－8杯水，促使尼古丁排出体外。2.每天洗温水浴，忍不住烟瘾时可立即淋裕3.在戒烟的5日当中要充分休息，生活要有规律。 4.饭后到户外散步，做深呼吸15—30分钟。5.不可喝刺激性饮料，改喝牛奶、新鲜果汁和谷类饮料。6.要尽量避免吃家禽类食物、油炸食物、糖果和甜点。7.可吃多种维生素B群，能安定神经除掉尼古丁（三）过了最初五天可按照下列方法保持戒烟“战果”1.饭后刷牙或漱口，穿干净没烟味的衣服。2.用钢笔或铅笔取代手持香烟的习惯动作。3.将大部分时间花在图书馆或其它不准抽烟的地方。4.避免到酒吧和参加宴会，避免与烟瘾很重的人在一起。5.将不抽烟省下的钱给自己买一项礼物。6.准备在2—3周戒除想抽烟的习惯。END&lt;img class=""content-image"" data-src=""AdrUyzrPRqQ3SLRqyklRvcBtPsOZN1xBjR51Pm15agHTfZzIfcMNtp8s2Fil0PuisgqPy1tX2K8WlfxbKQF03GZiVP7f3R0GKUiZO6uRX0U="" width=""1080"" height=""600"" /&lt;img class=""content-image"" data-src=""wxcWD3sAnMjy6azFPk/mH8BtPsOZN1xBjR51Pm15agGWzmGY3wb4QrLSOZ6y8WhL3G5LpRc4bq4VIIckCKPtIyUM+Jv+q214SdooMayGNd4="" width=""1080"" height=""1016"" /来源：东方宣传（转载用于公益宣传，如有侵权，敬请联系删除）发布于：山西省",搜狐号,周末健康贴士,2024-01-26 17:39:51,http://m.sohu.com/a/754482471_121118848,未知,控烟、戒烟,中性,未知
202401017218,禁止向未成年人销售烟草制品！炎陵县检察院召开公开听证会,"title: 禁止向未成年人销售烟草制品！炎陵县检察院召开公开听证会 summary: 下一步，炎陵县检察院将持续发力，进一步发挥对未成年人禁烟的法律监督职能，同时积极会同相关部门建立健全长效工作机制，加大对未成年人禁烟法治教育宣传，用心织密检察监督、行政执法、社会监督、家庭教育保护网，为未成年人营造安全健康的成长环境。 content: 红网时刻新闻1月26日讯（通讯员 陈鑫）1月26日，炎陵县人民检察院就关于督促相关部门进一步加强未成年人控烟工作召开听证会，会议邀请人民监督员、听证员以及县烟草专卖局、市场监督管理局、教育局、公安局等单位代表参加，炎陵县检察院专职委员左钟敏主持会议。""公开听证会。日前，炎陵县检察院通过调研摸底发现，辖区内部分中小学周边的商铺普遍未在显著位置设置禁止向未成年人销售香烟标志，并存在向未成年人出售卷烟、无烟草专卖零售许可证向未成年人出售电子烟等违法行为。在校园周边违规售烟侵害了不特定未成年人的公共利益，相关部门存在监管不到位的问题。为此，炎陵县检察院就建议相关部门严厉查处违法向未成年人销售烟草制品的行为、加强各部门协作配合共同履职等听证事项召开听证会。听证会上，承办检察官介绍了案件基本情况和需要听证的问题，并书面展示了公共利益被侵害的证据，阐述了检察机关召开此次听证的目的。随后，相关部门结合履职情况对听证问题进行了说明。参会各方积极发言提出了宝贵意见，分别就如何加大对烟草零售点和在校学生的宣传教育力度、加强未成年人禁烟和规范电子烟管理等提出了意见建议。参会各方一致认为，各主管部门应齐抓共管，加强对学生、家长的宣传力度，加大违规售卖烟草行为处罚力度。听证会后，炎陵县检察院组织各相关部门召开磋商会，就联合印发《关于建立炎陵县保护未成年人免受烟草侵害工作协作配合机制的实施意见》征求意见。下一步，炎陵县检察院将持续发力，进一步发挥对未成年人禁烟的法律监督职能，同时积极会同相关部门建立健全长效工作机制，加大对未成年人禁烟法治教育宣传，用心织密检察监督、行政执法、社会监督、家庭教育“保护网”，为未成年人营造安全健康的成长环境。",百家号,红网,2024-01-26 17:05:54,http://baijiahao.baidu.com/s?id=1789143449946923617,未知,控烟,中性,未知
202401017224,#评论区出主意大赛# 控烟可练练咬牙,title: #评论区出主意大赛# 控烟可练练咬牙 summary: #评论区出主意大赛# 控烟可练练咬牙#评论区出主意大赛# 控烟可练练咬牙 content: #评论区出主意大赛# 控烟可练练咬牙,微头条,有趣的小鱼86,2024-01-26 17:03:02,http://www.toutiao.com/w/1789143057616027/,未知,控烟,中性,未知
202401017231,无烟佳节与爱同行！桓台县兴华社区开展控烟禁烟主题活动,"title: 无烟佳节与爱同行！桓台县兴华社区开展控烟禁烟主题活动 summary: 无烟佳节与爱同行！桓台县兴华社区开展控烟禁烟主题活动在新春佳节即将到来之际，1月25日下午，山东省淄博市桓台县少海街道计划生育协会在兴华社区举办无烟佳节与爱同行主题宣传活动，提升居民控烟禁烟意识，共同营造健康、清洁、无烟的良好居住环境。 content: 在新春佳节即将到来之际，1月25日下午，山东省淄博市桓台县少海街道计划生育协会在兴华社区举办“无烟佳节 与爱同行”主题宣传活动，提升居民控烟禁烟意识，共同营造健康、清洁、无烟的良好居住环境。&lt;img max-width=""600"" class=""content-image"" data-src=""nuh/wEb6x4IxiInVMoIK8LHH6fOvo1dGVDmsQWqCrcWwryUS53X2h2D+7QBczc7a00vNYYe6vtPuD5GzImSQRD9FYBiQu2sJzTfA5yWdsns="" width=""750"" height=""563"" /“烟草严重危害身体健康，我们要大力倡导‘自己是健康的第一责任人’理念，过节不吸烟、不敬烟、不送烟。”兴华社区卫生服务站主治医师苗艳通过播放控烟专题宣传片和讲座形式，利用生动的案例和数据，详细阐述了吸烟对身体健康的影响，以及二手烟对周围人的危害，向居民普及戒烟的方法和技巧，鼓励居民积极参与禁烟控烟活动。此外，现场还为居民提供了免费体检服务，针对体检中发现的吸烟相关疾病，给予专业的戒烟建议。社区工作人员张贴禁烟标识和宣传海报，利用电子滚动屏宣传禁烟宣传标语，引导公众遵守公共场所禁烟规定，营造良好的控烟舆论氛围。活动现场，社区居民积极参与互动，就戒烟过程中遇到的困难和问题向苗艳请教。居民王女士说：“通过此次讲座，自己更加明白了禁烟控烟的重要性，将积极参与到禁烟控烟活动中来。”下一步，兴华社区继续开展禁烟控烟宣传，定期举办类似活动，共同营造一个无烟、健康的生活环境。“禁烟控烟，人人有责。我们将继续努力，为创建无烟社区、构建健康社会贡献力量。”兴华社区党委副书记刘玉双表示。发布于：山东省",搜狐号,桓台卫生健康,2024-01-26 17:00:12,http://m.sohu.com/a/754464722_120171260,未知,控烟、戒烟,正面,未知
202401017237,【再升小课堂】中国吸烟危害报告,title: 【再升小课堂】中国吸烟危害报告 summary: 中国吸烟危害报告为提高人民群众对烟草危害的认知水平，引导公众自觉控烟，提升全民健康素养水平，国家卫生健康委牵头，委托中日友好医院，以中国工程院院士王辰为专家组组长。#科技改变生活[话题]##给你们科普一下[话题]##再升科技无尘空调[话题]##再升科技[话题]#. content: 为提高人民群众对烟草危害的认知水平，引导公众自觉控烟，提升全民健康素养水平，国家卫生健康委牵头，委托中日友好医院，以中国工程院院士王辰为专家组组长，邀请控烟、慢性呼吸系统疾病、恶性肿瘤、心血管疾病、糖尿病、公共卫生等领域的权威专家组成专家委员会，在《中国吸烟危害健康报告（2012版）》的基础上，修订完成了《中国吸烟危害健康报告2020》，报告重点更新了吸烟和二手烟暴露的流行情况及危害健康的证据，特别是与呼吸系统疾病、恶性肿瘤、心脑血管疾病、糖尿病“四大慢病”的关系，同时新增了电子烟对健康的危害内容。 #科技改变生活[话题]# #给你们科普一下[话题]# #再升科技无尘空调[话题]# #再升科技[话题]#,小红书,ZISUN DID,2024-01-26 16:47:00,http://www.xiaohongshu.com/discovery/item/65b371ae000000002c013c30,未知,控烟,中性,未知
202401017263,6天#控烟达人,"title: 6天#控烟达人 summary: 6天#控烟达人6天#控烟达人 content: 6天#控烟达人 """,微头条,马东133,2024-01-26 16:10:05,http://www.toutiao.com/w/i7328316184565124403/,未知,控烟,中性,未知
202401017269,你说说你！这个灌云县还真是有点意思。控烟知识进社区活动，引导群众践行文明健康绿色环保生活方式，营造健康、无烟春节氛围。,title: 你说说你！这个灌云县还真是有点意思。控烟知识进社区活动，引导群众践行文明健康绿色环保生活方式，营造健康、无烟春节氛围。 summary: 你说说你！这个灌云县还真是有点意思。控烟知识进社区活动，引导群众践行文明健康绿色环保生活方式，营造健康、无烟春节氛围。 content: 你说说你！这个灌云县还真是有点意思。控烟知识进社区活动，引导群众践行文明健康绿色环保生活方式，营造健康、无烟春节氛围。,网易号,老李来啦,2024-01-26 15:58:38,未知,未知,控烟,中性,未知
202401017281,控烟劝导员，却自己在抽烟。,title: 控烟劝导员，却自己在抽烟。 summary: 控烟劝导员，却自己在抽烟。 content: 控烟劝导员，却自己在抽烟。,微头条,端庄优雅清泉qf,2024-01-26 15:54:03,未知,未知,控烟,中性,未知
202401017294,【工作动态】宝山正式启动“十月怀胎·爸爸戒烟”孕产家庭戒烟工作,"title: 【工作动态】宝山正式启动“十月怀胎·爸爸戒烟”孕产家庭戒烟工作 summary: 宝山正式启动十月怀胎·爸爸戒烟孕产家庭戒烟工作&lt;p十月怀胎·爸爸戒烟&lt;/p&lt;p宝山孕产家庭戒烟工作&lt;/p&lt;p~正式启动~&lt;/p&lt;p为保护公众。Jpg""height=""272""width=""272""&lt;p宝山疾控赞分享在看向上滑动看下一个&lt;/p&lt;p原标题：《工作动态宝山正式启动十月怀胎·爸爸戒烟孕产家庭戒烟工作》&lt;/. content: &lt;p“十月怀胎·爸爸戒烟”&lt;/p&lt;p宝山孕产家庭戒烟工作&lt;/p&lt;p~正式启动 ~&lt;/p&lt;p为保护公众及重点人群（孕产妇、胎儿及婴幼儿）健康，推进戒烟服务网络建设，降低人群吸烟率。2024年1月16日下午，“十月怀胎·爸爸戒烟”宝山区孕产家庭戒烟工作布置会正式召开。&lt;/p""&lt;p此次项目开展旨在孕妇孕产期保健服务和健康管理过程中，通过简短戒烟干预，动员孕产家庭中的吸烟者戒烟，并提供全流程、个性化、便捷、科学的闭环戒烟服务。&lt;/p""&lt;p区卫健委健康促进科楼越宸对“十月怀胎·爸爸戒烟”整体工作进行部署，区妇幼所、区疾控中心及各社区卫生服务中心相关人员参加本次会议。&lt;/p&lt;p01&lt;/p&lt;p孕产家庭成员吸烟信息&lt;/p&lt;p采集报送及干预流程介绍&lt;/p""""""""&lt;p区妇幼所副所长孙悦昕就早孕门诊工作流程、孕产家庭戒烟干预对象的识别、戒烟微信群管理流程等工作向与会人员做出具体要求。&lt;/p&lt;p02&lt;/p&lt;p吸烟人群简短戒烟干预培训&lt;/p""""""""&lt;p区疾控中心健康教育科倪骋从戒烟干预背景、戒烟网络服务资源、戒烟干预理论、简短戒烟干预介绍、精简版简短戒烟干预实践与技巧五个方面详细介绍了简短戒烟干预的方法与应用。&lt;/p""""&lt;p 现场照片&lt;/p""""&lt;p此项孕产家庭戒烟工作对推动宝山区无烟环境建设，早日实现控烟行动目标，进一步提升宝山市民的健康获得感与幸福感具有深远意义。&lt;/p&lt;p供稿 健康教育科 倪骋&lt;/p&lt;p编辑 倪骋&lt;/p&lt;p审稿 陈婷 宗莲 孟杨&lt;/p&lt;p继续滑动看下一个&lt;/p&lt;p【工作动态】宝山正式启动“十月怀胎·爸爸戒烟”孕产家庭戒烟工作 宝山疾控 ""宝山疾控&lt;/a 轻触阅读原文 &lt;/p""&lt;p 宝山疾控 赞 分享 在看 向上滑动看下一个&lt;/p&lt;p原标题：《【工作动态】宝山正式启动“十月怀胎·爸爸戒烟”孕产家庭戒烟工作》&lt;/p&lt;p""阅读原文&lt;/a&lt;/p",澎湃号,宝山疾控,2024-01-26 15:35:00,http://www.thepaper.cn/newsDetail_forward_26163538,未知,戒烟、控烟,中性,未知
202401017319,戒烟新希望：戒烟药上市，助力烟民摆脱烟瘾！,"title: 戒烟新希望：戒烟药上市，助力烟民摆脱烟瘾！ summary: 戒烟新希望：戒烟药上市，助力烟民摆脱烟瘾！近年来，随着人们对健康关注度的不断提高，戒烟成为了许多人关注的焦点。而近期，国产戒烟药的成功上市，为广大烟民和戒烟人士带来了新的希望，也为全球控烟事业注入了新的动力。 content: 近年来，随着人们对健康关注度的不断提高，戒烟成为了许多人关注的焦点。而近期，国产戒烟药的成功上市，为广大烟民和戒烟人士带来了新的希望，也为全球控烟事业注入了新的动力。""据世卫组织发布的报告显示，全球烟草使用者的数量预计到 2025 年将下降至 12 亿。这个数字虽然令人鼓舞，但我们仍需认识到，烟草对人类健康的威胁依然存在。而戒烟药的上市，为控烟戒烟提供了新的解决方案。""对于烟民来说，戒烟是一项艰巨的任务。他们往往需要克服身体和心理上对尼古丁的依赖。戒烟药的出现，为他们提供了一种科学、有效的辅助手段。通过药物的作用，可以减轻戒烟过程中的不适症状，提高成功率。对于戒烟人士来说，戒烟药的上市也是一个重要的契机。他们可以借助药物的帮助，更加坚定地走上戒烟之路。同时，戒烟药的出现也为社会创造了一个更加支持和鼓励戒烟的环境。""当然，戒烟药并不是万能的。要真正实现控烟目标，还需要我们每个人的共同努力。我们应该加强对吸烟危害的认识，积极传播控烟知识，营造一个无烟草的健康环境。""控烟戒烟是一项长期而艰巨的任务，但我们有理由相信，在全社会的共同努力下，烟草使用率将会持续下降。让我们携手共进，为创造一个健康、美好的未来而努力。最后，让我们一起期待，随着戒烟药的广泛应用，更多的烟民能够成功戒掉烟瘾，迎接一个更加健康的生活。让我们共同努力，为推动全球控烟事业贡献自己的力量！",头条号,knight,2024-01-26 14:34:00,http://www.toutiao.com/w/i7328246421785084466/,未知,戒烟、控烟、控烟戒烟,正面,未知
202401017331,可怕！河南4名男子车上抽烟，悲剧发生！新娘嫁妆被烧一空！,"title: 可怕！河南4名男子车上抽烟，悲剧发生！新娘嫁妆被烧一空！ summary: 河南4名男子车上抽烟，悲剧发生！新娘嫁妆被烧一空！一辆载着新郎、新娘及家人的婚车内，竟因为男子抽烟不慎引发火灾。据悉，这些男子将面临相应的法律制裁，并需要赔偿新娘及家人的损失。就让这场悲剧成为我们共同的反思，守护我们的幸福和安全吧！ content: #描述喜庆氛围中，河南一场不幸让人惋惜。据报道，一辆载着新郎、新娘及家人的婚车内，竟因为男子抽烟不慎引发火灾。这场悲剧火灾不仅毁掉了新娘的嫁妆，连带着整个婚车也化为灰烬。如今，只剩下车内的空调和棉被，成为了新娘故事的遗留物。""## 正文一场原本充满喜庆的婚礼，却在一瞬间变得悲壮而心碎。据目击者称，当时新娘正身穿婚纱、笑容灿烂地坐在婚车中，正准备踏上人生新的征程。然而，就在这个关键时刻，几名男子竟然在车内开始吞云吐雾，违法抽烟。我们都知道，在现如今的社会背景下，控烟已经成为了普遍意识。然而，令人难以置信的是，这些男子竟然在一个如此重要的场合下无视禁烟规定。当烟雾弥漫车内时，迅速燃起的火苗瞬间将整个车厢笼罩。新娘及周围的人们顿感恐慌，在千钧一发之际才逃出险境。""尽管没有造成人员伤亡，但火灾却毁掉了新娘的嫁妆。那些精心准备的珠宝、礼服以及其他重要物品，都化为了灰烬。值得一提的是，整个婚车也被彻底摧毁，只剩下车内的空调和棉被。这些残留物成为了新娘故事的遗留，也让我们意识到生命中的不可预测性。""这场悲剧不仅给新娘和家人带来了沉重的打击，也给我们敲响了警钟。抽烟虽然是个人行为，但它的危害却不仅限于自身。我们每个人都应该深刻认识到，违反控烟规定不仅危害自身健康，也可能导致其他人的伤害。在这个关键时刻，警察及时赶到并展开了调查。据悉，这些男子将面临相应的法律制裁，并需要赔偿新娘及家人的损失。这起事件再次提醒我们，违反禁烟规定不仅会丧失自己的道德底线，还可能付出惨重的代价。""通过这场悲剧，我们再次证明了控烟的重要性。我们应该从这起事件中吸取教训，不仅要遵守规定，更要以社会责任心为先。毕竟，在喜庆的日子里，我们应该用欢乐与温馨去装点人生的旅程，而不是用烟火去破坏一切。我们真诚地希望这场悲剧能成为对整个社会的警示，唤起每个人对违反禁烟规定的认识，并以此为契机，共同营造一个干净、卫生、健康的环境。""就让这场悲剧成为我们共同的反思，守护我们的幸福和安全吧！",头条号,有一个开路虎的梦,2024-01-26 14:12:30,http://www.toutiao.com/w/i7328285456401957395/,未知,控烟,负面,未知
202401017337,"国家不禁烟的原因主要有以下几点：
1. 人民有吸食烟草的需求，如果禁烟可能会导致烟草在地下市场泛滥，反而对健康造成更大的损害。因此，国家选择加强烟草制品的质量管理，而不是全面禁烟。
2. 虽然烟草对人体健康有害，但其具体影响有多大，目前尚无定论。因此，国家对卷烟实行降焦减害的工作从未放松。
3. 国家对烟草实行寓禁于征的政策，即对烟草制品征收高税，以提高消费者购买成本，从经济角度来减少吸食。
4. 烟草每年上交的税收占国家财政收入的百分之八，前两年甚至达到百分之十以上，几乎与军费开支持平。
5. 发达国家也很少有全面禁烟的。
6. 全面禁烟是不现实的，广大烟民也不同意。但国家正在不断加强管理，例如禁止青少年购买吸食卷烟和公共场所禁烟等方面。#控烟目标# #香烟的危害# #戒烟的的事儿# #抽烟的改变# #探讨戒烟之艰辛# #戒烟真的难吗？# #吸烟有害谁都懂# #你是老烟民吗# #探讨吸烟现状# #你考虑过戒烟吗#","title: 国家不禁烟的原因主要有以下几点： 1. 人民有吸食烟草的需求，如果禁烟可能会导致烟草在地下市场泛滥，反而对健康造成更大的损害。因此，国家选择加强烟草制品的质量管理，而不是全面禁烟。 2. 虽然烟草对人体健康有害，但其具体影响有多大，目前尚无定论。因此，国家对卷烟实行降焦减害的工作从未放松。 3. 国家对烟草实行寓禁于征的政策，即对烟草制品征收高税，以提高消费者购买成本，从经济角度来减少吸食。 4. 烟草每年上交的税收占国家财政收入的百分之八，前两年甚至达到百分之十以上，几乎与军费开支持平。 5. 发达国家也很少有全面禁烟的。 6. 全面禁烟是不现实的，广大烟民也不同意。但国家正在不断加强管理，例如禁止青少年购买吸食卷烟和公共场所禁烟等方面。#控烟目标# #香烟的危害# #戒烟的的事儿# #抽烟的改变# #探讨戒烟之艰辛# #戒烟真的难吗？# #吸烟有害谁都懂# #你是老烟民吗# #探讨吸烟现状# #你考虑过戒烟吗# summary: 国家不禁烟的原因主要有以下几点。人民有吸食烟草的需求，如果禁烟可能会导致烟草在地下市场泛滥，反而对健康造成更大的损害。但国家正在不断加强管理，例如禁止青少年购买吸食卷烟和公共场所禁烟等方面。##吸烟有害谁都懂##你是老烟民吗##探讨吸烟现状##你考虑过戒烟吗#. content: 国家不禁烟的原因主要有以下几点： 1. 人民有吸食烟草的需求，如果禁烟可能会导致烟草在地下市场泛滥，反而对健康造成更大的损害。因此，国家选择加强烟草制品的质量管理，而不是全面禁烟。 2. 虽然烟草对人体健康有害，但其具体影响有多大，目前尚无定论。因此，国家对卷烟实行降焦减害的工作从未放松。 3. 国家对烟草实行寓禁于征的政策，即对烟草制品征收高税，以提高消费者购买成本，从经济角度来减少吸食。 4. 烟草每年上交的税收占国家财政收入的百分之八，前两年甚至达到百分之十以上，几乎与军费开支持平。 5. 发达国家也很少有全面禁烟的。 6. 全面禁烟是不现实的，广大烟民也不同意。但国家正在不断加强管理，例如禁止青少年购买吸食卷烟和公共场所禁烟等方面。#控烟目标# #香烟的危害# #戒烟的的事儿# #抽烟的改变# #探讨戒烟之艰辛# #戒烟真的难吗？# #吸烟有害谁都懂# #你是老烟民吗# #探讨吸烟现状# #你考虑过戒烟吗# "" "" """,微头条,未来首富996,2024-01-26 14:10:19,http://www.toutiao.com/w/i1789132191145027/,未知,控烟、戒烟,中性,未知
202401017356,生活好些的国家到处控烟，百姓吸烟人数就低，明知吸烟对人身体不利国家就停止生产吧。吸烟就是个习惯我戒烟一年了。,title: 生活好些的国家到处控烟，百姓吸烟人数就低，明知吸烟对人身体不利国家就停止生产吧。吸烟就是个习惯我戒烟一年了。 summary: 生活好些的国家到处控烟，百姓吸烟人数就低，明知吸烟对人身体不利国家就停止生产吧。吸烟就是个习惯我戒烟一年了。 content: 生活好些的国家到处控烟，百姓吸烟人数就低，明知吸烟对人身体不利国家就停止生产吧。吸烟就是个习惯我戒烟一年了。,头条号,正觉,2024-01-26 13:18:37,未知,未知,控烟、戒烟,中性,未知
202401017362,不用靠意志力控烟的好方法！#戒烟[话题]# #戒烟方法[话题]# #意志力[话题]#,title: 不用靠意志力控烟的好方法！#戒烟[话题]# #戒烟方法[话题]# #意志力[话题]# summary: 不用靠意志力控烟的好方法！ content: 不用靠意志力控烟的好方法！#戒烟[话题]# #戒烟方法[话题]# #意志力[话题]#,小红书,戒烟导师小秦🚬,2024-01-26 12:36:00,http://www.xiaohongshu.com/discovery/item/65b336be000000002c01280a,未知,控烟、戒烟,中性,未知
202401017369,。一边控烟，一边加大投放，自相矛盾,title: 。一边控烟，一边加大投放，自相矛盾 summary: 。一边控烟，一边加大投放，自相矛盾 content: 。一边控烟，一边加大投放，自相矛盾,微头条,清闲的豆花qF,2024-01-26 12:22:45,未知,未知,控烟,中性,未知
202401017382,​过年不送烟：烟草依赖是致死性慢病 | 改变社会风气，降低烟草危害,"title: ​过年不送烟：烟草依赖是致死性慢病 | 改变社会风气，降低烟草危害 summary: 在1月18日农历传统腊八节召开的过节送礼不送烟健康快乐过大年信息交流会上，主办方新探健康发展研究中心和北京健康教育协会向与会嘉宾发布了鼓励过年不送烟，促进社会风气良性向好的一系列设计产品。 content: 春节临近，又到了置备年货准备走亲访友的时候了。不知您的预备年货清单里，是否有这样东西：烟。如果有，建议尽快拿掉。因为，社会风气已经在改变，过去每逢节假日送烟敬酒，人们会觉得很平常，但现在，年货礼品更注重健康和品质。国家呼吸医学中心控制吸烟与呼吸疾病防控部主任肖丹曾明确表示，烟草依赖是致死性慢病。显然，过年送烟，是对吸烟行为的一种变相鼓励。在1月18日农历传统腊八节召开的“过节送礼不送烟 健康快乐过大年”信息交流会上，主办方新探健康发展研究中心和北京健康教育协会向与会嘉宾发布了鼓励过年不送烟，促进社会风气良性向好的一系列设计产品，其中包括：可供社会各界免费下载使用的宣传海报、造型可爱的控烟宣传IP吉祥物、“送礼不送烟”网络互动接龙小程序等，并邀请与会嘉宾现场参与。""图源：新探健康发展研究中心副主任姜垣PPT分享数据中国疾病预防控制中心控烟办公室原主任，新探健康发展研究中心副主任姜垣介绍，2020年，中国人口占全球不到19%，但生产了全球46%的卷烟，肺癌新发病例占全球37%，死亡占39.8%。统计数据同时表明，每年春节和中秋节是卷烟销售高峰，春节期间销售超过平日的20-30%。北京健康教育协会常务副会长刘秀荣表示，中国有烟民3.5亿，被动吸烟人群达7.4亿，几乎每个人都和烟草危害息息相关。""图源：中国绿发会控烟工作组主办方提供的问卷调查数据亦显示，2023年中，收礼品烟、送礼品烟比例分别在18.4%和20.3%，仍有很大的改进空间。原中国预防医学科学院院长，新探健康发展研究中心前主任王克安在启动此次倡导接龙小程序时呼吁，不敬烟、不送烟，不在公共场合吸烟。""图源：中国绿发会控烟工作组随着我国加入世界卫生组织《烟草控制框架公约》和《健康中国行动（2019—2030年）》，人们对烟草危害的认知有了进一步的提升。春节是中华民族的传统佳节，2024年的龙年春节，也是联合国将春节（农历新年）确定为联合国假日后的首个春节。中国越来越多的传统节日和民俗文化正在被全球越来越多的国家所喜爱和接受，那么在这些节日的传承和推广中，也需要取其糟粕取其精华，让健康与环保理念得以发扬。中国生物多样性保护与绿色发展基金会（简称中国绿发会）控烟工作组从#生态保护协同控烟#角度切入推进控烟工作，先后提起了绿皮车吸烟危害公共环境健康、商场设置吸烟区污染室内公共场所等控烟领域的环境公益诉讼案例，这也是推动室内公共场所吸烟风气转变的重要内容。中国绿发会控烟工作组也将协同主办方和社会各界共同推动“送礼不送烟”的社会风气得到更多人的支持与接受。文|Tammy 审|cherry 编|dy转自：中国绿发会",头条号,中国控制吸烟协会,2024-01-26 12:04:21,http://www.toutiao.com/w/i7328252710971589159/,未知,控烟,中性,未知
202401017389,#你好乌鲁木齐#无烟佳节 与爱同行,"title: #你好乌鲁木齐#无烟佳节 与爱同行 summary: #你好乌鲁木齐#无烟佳节与爱同行#你好乌鲁木齐#无烟佳节与爱同行为进一步引导群众自觉践行文明健康绿色环保的生活方式，共同营造春节期间健康无烟环境， 1月24日，柴窝堡街道兴睦社区多措并举开展无烟佳节与爱同行专项宣传活动。提高公众防控烟草危害的意识和能力，鼓励和帮助吸烟者戒烟，守护群众健康，共度无烟健康佳节。 content: #你好乌鲁木齐#无烟佳节 与爱同行为进一步引导群众自觉践行文明健康绿色环保的生活方式，共同营造春节期间健康无烟环境，1月24日，柴窝堡街道兴睦社区多措并举开展“无烟佳节 与爱同行”专项宣传活动。""活动中，工作人员通过图片、视频等多种形式向辖区居民介绍吸烟和吸二手烟的危害，提醒居民群众不要在室内、公共场所吸烟，大力弘扬无烟健康过节文化，倡导过节不吸烟、不敬烟、不送烟，引导居民养成健康的生活方式和生活习惯。柴窝堡街道兴睦社区居民聂政说：“今天看到那些警示片我明白了吸烟的危害比我想象的还要大，之前总感觉拒绝别人递烟挺不好意思的，现在觉得很有必要。”""柴窝堡街道兴睦社区副主任衡向宁说：“通过此次宣传活动，切实提高了广大居民群众对烟草危害的认识，增强了居民控烟意识，为营造良好的无烟环境、共享健康生活打下了良好的基础，接下来，我们将继续大力传播吸烟有害健康和公共场所不吸烟的理念，提高公众防控烟草危害的意识和能力，鼓励和帮助吸烟者戒烟，守护群众健康，共度无烟健康佳节。”""""""""""",头条号,打扮成同济,2024-01-26 11:46:32,http://www.toutiao.com/w/i7328248164254220800/,未知,控烟、戒烟,中性,未知
202401017409,兰考农商银行：组织开展“无烟佳节 与爱同行”活动,title: 兰考农商银行：组织开展“无烟佳节 与爱同行”活动 summary: 新春到，健康来。为倡导无烟春节，努力营造无烟氛围，值此新春佳节来临之际，兰考农商银行按照通知要求，进一步推动控烟工作，多举措开展无烟佳节与爱同行为主题的控烟活动。该行将以无烟佳节与爱同行活动为契机，继续作好控烟工作。 content: 兰考农商银行：组织开展“无烟佳节 与爱同行”活动 河南经济报记者 杨磊 通讯员 李荣荣 新春到，健康来。为倡导无烟春节，努力营造无烟氛围，值此新春佳节来临之际，兰考农商银行按照通知要求，进一步推动控烟工作，多举措开展“无烟佳节 与爱同行”为主题的控烟活动。 通过召开会议 、LED屏、宣传折页等多种形式，对职工开展吸烟有害健康的宣传教育，提高职工的控烟知识，培养职工不吸烟行为的好习惯，增强干部职工自我保健意识和能力。 单位的办公室、会议室等公共场所，禁止吸烟，并设醒目标志。 领导带头，人人参与控烟活动。有力提高了职工的控烟责任感，增强了控烟能力。 通过此次活动提高了职工对烟草危害的认识，改变了大家以“烟”为“礼”的传统观念，共度无烟健康佳节。该行将以“无烟佳节 与爱同行”活动为契机，继续作好控烟工作。,头条号,河南经济报,2024-01-26 10:48:06,http://www.toutiao.com/w/i7328233299363512895/,未知,控烟,正面,未知
202401017422,"#烟草公司香烟涨价是否合法?#
一切都来自于规则！只要对百姓有利的就是合法。表面上看香烟涨价对百姓不利，实则国家通过涨价控烟，保护百姓身体健康才是最大利益！",title: #烟草公司香烟涨价是否合法?# 一切都来自于规则！只要对百姓有利的就是合法。表面上看香烟涨价对百姓不利，实则国家通过涨价控烟，保护百姓身体健康才是最大利益！ summary: 只要对百姓有利的就是合法。表面上看香烟涨价对百姓不利，实则国家通过涨价控烟，保护百姓身体健康才是最大利益！#烟草公司香烟涨价是否合法? content: #烟草公司香烟涨价是否合法?# 一切都来自于规则！只要对百姓有利的就是合法。表面上看香烟涨价对百姓不利，实则国家通过涨价控烟，保护百姓身体健康才是最大利益！,微头条,博弈143777215,2024-01-26 10:28:40,http://www.toutiao.com/w/i1789118246735881/,未知,控烟,中性,未知
202401017428,#预制菜在我国推广有哪些好处?#好坏不作评价，因为时间会证明一切，但是，毕竟预制菜里面添加了很多添加剂，对此国家应该加强立法，严格食品安全管控，像控烟一样，设定特定的销售环境、销售渠道和销售区域，公共食堂、餐厅，酒楼等日常餐饮场所，应该禁止使用预制菜（区别于需要二次加工的即用生鲜食材）。,title: #预制菜在我国推广有哪些好处?#好坏不作评价，因为时间会证明一切，但是，毕竟预制菜里面添加了很多添加剂，对此国家应该加强立法，严格食品安全管控，像控烟一样，设定特定的销售环境、销售渠道和销售区域，公共食堂、餐厅，酒楼等日常餐饮场所，应该禁止使用预制菜（区别于需要二次加工的即用生鲜食材）。 summary: #预制菜在我国推广有哪些好处?#好坏不作评价，因为时间会证明一切，但是，毕竟预制菜里面添加了很多添加剂，对此国家应该加强立法，严格食品安全管控，像控烟一样，设定特定的销售环境、销售渠道和销售区域，公共食堂、餐厅，酒楼等日常餐饮场所。应该禁止使用预制菜。 content: #预制菜在我国推广有哪些好处?#好坏不作评价，因为时间会证明一切，但是，毕竟预制菜里面添加了很多添加剂，对此国家应该加强立法，严格食品安全管控，像控烟一样，设定特定的销售环境、销售渠道和销售区域，公共食堂、餐厅，酒楼等日常餐饮场所，应该禁止使用预制菜（区别于需要二次加工的即用生鲜食材）。,微头条,优美天空u2,2024-01-26 10:17:27,http://www.toutiao.com/w/i1789117540731916/,未知,控烟,中性,未知
202401017442,无烟佳节与爱同行——水北社区新时代文明实践站,"title: 无烟佳节与爱同行——水北社区新时代文明实践站 summary: 无烟佳节与爱同行——水北社区新时代文明实践站为了提高社区居民的控烟意识，普及烟草危害知识，提高居民对烟草烟雾危害的认识，倡导健康生活方式，促进社区居民的身体健康。水北社区新时代文明实践站联合县疾控中心开展无烟佳节与爱同行控烟知识讲座。 content: 为了提高社区居民的控烟意识，普及烟草危害知识，提高居民对烟草烟雾危害的认识，倡导健康生活方式，促进社区居民的身体健康。水北社区新时代文明实践站联合县疾控中心开展“无烟佳节 与爱同行”控烟知识讲座。&lt;img max-width=""600"" class=""content-image"" data-src=""9jtEdtXdLrY19r1cR6XiEEfwADol0Yq3IulMe9Ld/us3ShkTZnfiYO8QXTF0NHqnPdBh5INczUfjOV9lVT1Gv7WTzmKYPwYvFkmu9a+AK6w="" width=""1258"" height=""571"" /&lt;img max-width=""600"" class=""content-image"" data-src=""rktmUZKiSD+eswOQv1Y0i4bs17Wy/w6V1OvQaDAyZgg2bLL7Uz5S/pii7ZfS+GqRA4/0sB8eJOrgVgTiIzsSrLWTzmKYPwYvFkmu9a+AK6w="" width=""1258"" height=""571"" /本次活动吸引了许多社区居民的参与，活动特别邀请县疾控中心的老师担任主讲人，为社区居民详细讲解了烟草对个人和社会的危害，以及如何科学戒烟。&lt;img max-width=""600"" class=""content-image"" data-src=""i+xuDLks9VorTFRP5fQEOSU6JcWVLyPqZ4IiKc/B2JANQjzTRMJG5PqePHE/s/3zPZlIBg9zu3fR7dy33NJRnrWTzmKYPwYvFkmu9a+AK6w="" width=""1258"" height=""571"" /老师在讲座中详细阐述了吸烟对人体健康的危害，包括但不限于肺癌、心脏病、中风等疾病的风险增加。老师强调，烟草不仅对吸烟者本人造成伤害，还会对周围的人造成二手烟的危害。因此，控烟、戒烟不仅是个人健康的选择，也是对家人和社会的责任。&lt;img max-width=""600"" class=""content-image"" data-src=""i+xuDLks9VorTFRP5fQEOSQ/BgkbbNBo6NNZIwA3SCxySC7gfEvJwZMhbOYdm0JBqjkFjTewWcw/jN4jMeMrg7WTzmKYPwYvFkmu9a+AK6w="" width=""1258"" height=""571"" /讲座还就如何科学戒烟进行了深入讲解，提供了实用的戒烟技巧和建议。老师指出，戒烟是一个需要毅力和持久性的过程，需要个人、家庭和社会的共同努力。同时，老师也强调了定期进行身体健康检查的重要性，以便及时发现并处理由吸烟引起的健康问题。最后，老师还与居民们进行了互动交流，回答了他们关于戒烟的各种问题。这次讲座活动不仅增强了社区居民的控烟意识，也为社区创建无烟环境奠定了坚实的基础。下一步，水北社区新时代文明实践站将继续开展类似的活动，为居民的健康生活提供更多的知识和支持。发布于：江西省",搜狐号,可乐信息,2024-01-26 09:56:40,http://m.sohu.com/a/754367226_121851222,未知,控烟、戒烟,中性,未知
202401017475,"国产戒烟药成功上市，全球烟草使用率下降趋势明显。
提示：吸烟有害健康。根据新华网报道，由威智医药专项研发的酒石酸伐尼克兰片获得上市批准，对外销售。戒烟药的上市为烟患者以及戒烟人士控烟戒烟提供新方向。世卫组织发布报告称，全球烟草使用者数量预计到2025年下降至12亿。戒烟药的上市或将近一步提高控烟率，降低烟草使用率。","title: 国产戒烟药成功上市，全球烟草使用率下降趋势明显。 提示：吸烟有害健康。根据新华网报道，由威智医药专项研发的酒石酸伐尼克兰片获得上市批准，对外销售。戒烟药的上市为烟患者以及戒烟人士控烟戒烟提供新方向。世卫组织发布报告称，全球烟草使用者数量预计到2025年下降至12亿。戒烟药的上市或将近一步提高控烟率，降低烟草使用率。 summary: 国产戒烟药成功上市，全球烟草使用率下降趋势明显。吸烟有害健康。由威智医药专项研发的酒石酸伐尼克兰片获得上市批准，对外销售。戒烟药的上市为烟患者以及戒烟人士控烟戒烟提供新方向。世卫组织发布报告称，全球烟草使用者数量预计到2025年下降至12亿。戒烟药的上市或将近一步提高控烟率，降低烟草使用率。 content: 国产戒烟药成功上市，全球烟草使用率下降趋势明显。 提示：吸烟有害健康。根据新华网报道，由威智医药专项研发的酒石酸伐尼克兰片获得上市批准，对外销售。戒烟药的上市为烟患者以及戒烟人士控烟戒烟提供新方向。世卫组织发布报告称，全球烟草使用者数量预计到2025年下降至12亿。戒烟药的上市或将近一步提高控烟率，降低烟草使用率。 "" """,微头条,🌈Cindy（好运气）🌈,2024-01-26 08:09:27,http://www.toutiao.com/w/i1789109487267914/,未知,戒烟、控烟戒烟、控烟,正面,未知
202401017481,"国产戒烟药成功上市，全球烟草使用率下降趋势明显。
提示：吸烟有害健康。根据新华网报道，由威智医药专项研发的酒石酸伐尼克兰片获得上市批准，对外销售。戒烟药的上市为烟患者以及戒烟人士控烟戒烟提供新方向。世卫组织发布报告称，全球烟草使用者数量预计到2025年下降至12亿。戒烟药的上市或将近一步提高控烟率，","title: 国产戒烟药成功上市，全球烟草使用率下降趋势明显。 提示：吸烟有害健康。根据新华网报道，由威智医药专项研发的酒石酸伐尼克兰片获得上市批准，对外销售。戒烟药的上市为烟患者以及戒烟人士控烟戒烟提供新方向。世卫组织发布报告称，全球烟草使用者数量预计到2025年下降至12亿。戒烟药的上市或将近一步提高控烟率， summary: 国产戒烟药成功上市，全球烟草使用率下降趋势明显。吸烟有害健康。由威智医药专项研发的酒石酸伐尼克兰片获得上市批准，对外销售。戒烟药的上市为烟患者以及戒烟人士控烟戒烟提供新方向。世卫组织发布报告称，全球烟草使用者数量预计到2025年下降至12亿。戒烟药的上市或将近一步提高控烟率。 content: 国产戒烟药成功上市，全球烟草使用率下降趋势明显。 提示：吸烟有害健康。根据新华网报道，由威智医药专项研发的酒石酸伐尼克兰片获得上市批准，对外销售。戒烟药的上市为烟患者以及戒烟人士控烟戒烟提供新方向。世卫组织发布报告称，全球烟草使用者数量预计到2025年下降至12亿。戒烟药的上市或将近一步提高控烟率，""""",微头条,🌈Cindy（好运气）🌈,2024-01-26 08:09:27,http://www.toutiao.com/w/1789109487267914/,未知,戒烟、控烟戒烟、控烟,正面,未知
202401017489,黑龙江省疾控中心发布控烟提醒：要年味，不要烟味,title: 黑龙江省疾控中心发布控烟提醒：要年味，不要烟味 summary: 要年味，不要烟味25日，新春佳节将至，空气中都仿佛弥漫着吉祥与喜悦的气息，大家走亲访友，每一件精心准备的礼品都包含着满满的心意与浓浓的温暖。吸烟可以导致多种恶性肿瘤，包括肺癌、口腔和鼻咽部恶性肿瘤、喉癌、食管癌、胃癌、肝癌、胰腺癌、肾癌、膀胱癌、宫颈癌、乳腺癌、结直肠癌、急性白血病等。 content: 25日，黑龙江省疾控中心发布控烟提醒：新春佳节将至，空气中都仿佛弥漫着吉祥与喜悦的气息，大家走亲访友，每一件精心准备的礼品都包含着满满的心意与浓浓的温暖。但是，有一种经常用作表达祝福的“礼物”，实则却是危害健康的元凶之一，那就是烟草。省疾控中心专家提醒市民要了解烟草危害，不送烟、不敬烟，不要让烟草伤害健康，共度无烟佳节。1.烟草中的尼古丁可以使人成瘾，一旦成瘾很难戒断。2.烟草烟雾至少含有69种致癌物。3.全世界前8位死因中，有6种与吸烟有关。吸烟的人比不吸烟的人平均寿命缩短10年。4.吸烟可以导致多种恶性肿瘤，包括肺癌、口腔和鼻咽部恶性肿瘤、喉癌、食管癌、胃癌、肝癌、胰腺癌、肾癌、膀胱癌、宫颈癌、乳腺癌、结直肠癌、急性白血病等。5.吸烟及二手烟暴露均严重危害健康，即使吸入少量烟草烟雾也会对人体造成危害。6.暴露于尼古丁中可能影响青少年的大脑发育；男性吸烟可以导致阳痿；女性吸烟会加速皮肤衰老，导致不孕、月经紊乱、影响生育，孕期吸烟将影响胎盘功能，增加孕期并发症、早产、低体重新生儿、死产和婴儿呼吸窘迫综合征的风险。郭恂 记者：刘菊来源：哈尔滨日报,百家号,光明网,2024-01-26 07:50:30,http://baijiahao.baidu.com/s?id=1789108625516326924,未知,控烟,中性,未知
202401017514,烟草涨价好啊[赞]经济一般的买不起就没有那么多人抽烟了，变相控烟[赞]有钱人抽呗，家里不差钱，为国家做贡献[赞],title: 烟草涨价好啊[赞]经济一般的买不起就没有那么多人抽烟了，变相控烟[赞]有钱人抽呗，家里不差钱，为国家做贡献[赞] summary: 烟草涨价好啊[赞]经济一般的买不起就没有那么多人抽烟了，变相控烟[赞]有钱人抽呗，家里不差钱，为国家做贡献[赞] content: 烟草涨价好啊[赞]经济一般的买不起就没有那么多人抽烟了，变相控烟[赞]有钱人抽呗，家里不差钱，为国家做贡献[赞],微头条,非凡清泉rG,2024-01-26 06:45:10,未知,未知,控烟,中性,未知
202401017522,大东区积极开展“无烟春节”宣传活动,title: 大东区积极开展“无烟春节”宣传活动 summary: 沈阳日报、沈报全媒体记者傅淞岩通讯员杨海佳）新春佳节即将到来，为了实施健康中国战略，倡导全社会改变送烟、敬烟这一社会习俗，努力营造无烟氛围，提高公众控烟意识。下一步，大东区卫健系统将持续通过广泛传播吸烟危害健康的知识，提升居民健康素养水平，改变不良的社会风气。 content: 转自：沈阳日报 本报讯（沈阳日报、沈报全媒体记者傅淞岩通讯员杨海佳）新春佳节即将到来，为了实施健康中国战略，倡导全社会改变送烟、敬烟这一社会习俗，努力营造无烟氛围，提高公众控烟意识。近日，大东区疾病预防控制中心走进万泉街道会客之仪口袋公园，组织开展宣传活动。 活动现场，疾控中心专家向群众重点讲解了吸烟及二手烟的危害。现场以制作条幅、宣传板的形式进行了宣传，并发放“无烟的家更多的爱”“和烟瘾做个了断”宣传折页，“烟草危害”无纺布袋等健康生活方式宣传品共计660余份，强化了公众对烟草危害的认识。 下一步，大东区卫健系统将持续通过广泛传播吸烟危害健康的知识，提升居民健康素养水平，改变不良的社会风气。,新浪号,消息动态,2024-01-26 05:50:34,http://finance.sina.cn/2024-01-26/detail-inaeuvxn0543804.d.html,未知,控烟,正面,未知
202401017528,莱芜区&lt;span style=color: #F76435;疾病预防控制中心&lt;/span开展“无烟佳节与爱同行”活动,"title: 莱芜区&lt;span style=color: #F76435;疾病预防控制中心&lt;/span开展“无烟佳节与爱同行”活动 summary: 通过无烟家庭送烟就是送危害拒吸第一支烟，做无烟新一代早戒烟早受益等有针对性的控烟宣传，向社区居民广泛科普了烟草危害，倡导自己是健康的第一责任人的理念，提倡大家过节不吸烟、不敬烟、不送烟，对二手烟说不，共度无烟健康佳节。 content: 1月24日下午，济南市莱芜区疾病预防控制中心在凤城街道孟花园社区万福小区开展“无烟佳节·与爱同行”暨“艾滋病防治进社区”的宣传活动。""活动现场，工作人员通过悬挂条幅、摆放展板、现场咨询、发放宣传折页及宣传用品等方式开展宣传。""""通过“无烟家庭”“送烟就是送危害”“拒吸第一支烟，做无烟新一代”“早戒烟早受益”等有针对性的控烟宣传，向社区居民广泛科普了烟草危害，倡导“自己是健康的第一责任人”的理念，提倡大家过节不吸烟、不敬烟、不送烟，“对二手烟说不”，共度无烟健康佳节。""同时，大力宣传艾滋病防治知识，积极提高外出务工返乡人员及假期大学生等社区居民的艾滋病防治知识知晓率，使其增强自我防范意识，真正做到知“知艾防艾不恐艾”，不仅要关爱艾滋病人，也要做好自我防护，更要携手家人朋友共同参与全社会抗艾行动。""本次活动共发放宣传折页及宣传用品1600余份，解答群众咨询200余人，获得社区居民的一致好评。提高了居民对烟草危害和艾滋病的认识，引导居民养成健康文明的生活方式，共同营造一个无烟、健康、绿色、和谐的节日氛围。（莱芜融媒记者：王月伶）",人民号,新莱芜,2024-01-26 05:11:17,http://rmh.pdnews.cn/Pc/ArtInfoApi/article?id=39687618,未知,戒烟、控烟,正面,未知
202401017542,"儿子控烟 为了减量  无嘴和平真的管用🙃🙃🙃
#戒烟 #无嘴和平 #peace","title: 儿子控烟 为了减量 无嘴和平真的管用🙃🙃🙃 #戒烟 #无嘴和平 #peace summary: #戒烟#无嘴和平#peace. content: 儿子控烟 为了减量 无嘴和平真的管用🙃🙃🙃 #戒烟 #无嘴和平 #peace "" "" """,微头条,用户1516784076077,2024-01-26 02:46:19,http://www.toutiao.com/w/i7328109063651298599/,未知,控烟、戒烟,正面,未知
202401017548,违规驾驶、吸烟，应严加处罚！决不能纵容不法行为！,"title: 违规驾驶、吸烟，应严加处罚！决不能纵容不法行为！ summary: 违规驾驶、吸烟，应严加处罚！厦门马拉松赛组委会对吸烟运动员的严厉处罚体现了禁烟的决心，也为其他赛事树立了榜样，对广大公众起到了教育和警示的作用。只有通过严格管理和明确规定，我们才能打造更加积极向上的体育赛场，让人们享受到健康友善的竞技体验。 content: 倡导文明健康 厦门马拉松赛组委会惩罚吸烟运动员体育赛事在通过各种媒体传播时具有广泛的影响力。运动员在比赛中吸烟的行为必然会被现场观众和广大网友注意到。如果对这类违规行为睁一只眼闭一只眼，不加以明确处罚，将产生负面影响，特别是对青少年的误导。他们可能会错误地认为，吸烟在比赛过程中是可以接受的甚至是时尚的行为。运动员在公共场所吸烟所带来的负面影响比家长、老师的教育和社会宣传更为严重。""公共场所的吸烟行为不仅危害吸烟者自己的健康，也对他人的健康造成被动影响。尤其是运动员在运动过程中吸烟，或暴露在二手烟中，不仅会影响他们自身的表现，还增加了健康风险。吸烟行为体现了运动员的个人道德素质有待提高，是对运动员本人和其他运动员的极不负责任的行为。运动员在赛场上吸烟不仅对个人形象造成负面影响，也严重损害了赛事的整体形象。构建“无烟社会”已成为世界各国的共识，全球范围内的禁烟行动已经取得了显著成果。然而，厦门马拉松赛事中出现运动员吸烟的情况表明我们在禁烟控烟方面仍有很长的路要走，尤其是在公共场所的禁烟控烟工作上。我们绝不能盲目乐观或丝毫松懈。""厦门马拉松赛组委会对吸烟运动员的严厉处罚体现了禁烟的决心，也为其他赛事树立了榜样，对广大公众起到了教育和警示的作用。我们应当共同倡导文明健康的竞技环境，并希望更多的体育赛事组委会能够及时采取行动，使体育赛事成为文明健康的象征。只有通过严格管理和明确规定，我们才能打造更加积极向上的体育赛场，让人们享受到健康友善的竞技体验。",一点号,狍子解体坛v,2024-01-26 00:50:04,http://www.yidianzixun.com/article/0tHZuDQh,未知,控烟,负面,未知
202401017554,"#你好乌鲁木齐# 无烟佳节 与爱同行
达坂城区零距离 2024-01-25 23:38 发表于新疆 听全文
为进一步引导群众自觉践行文明健康绿色环保的生活方式，共同营造春节期间健康无烟环境，1月24日，柴窝堡街道兴睦社区多措并举开展“无烟佳节 与爱同行”专项宣传活动。
活动中，工作人员通过图片、视频等多种形式向辖区居民介绍吸烟和吸二手烟的危害，提醒居民群众不要在室内、公共场所吸烟，大力弘扬无烟健康过节文化，倡导过节不吸烟、不敬烟、不送烟，引导居民养成健康的生活方式和生活习惯。
柴窝堡街道兴睦社区居民聂政说：“今天看到那些警示片我明白了吸烟的危害比我想象的还要大，之前总感觉拒绝别人递烟挺不好意思的，现在觉得很有必要。”
柴窝堡街道兴睦社区副主任衡向宁说：“通过此次宣传活动，切实提高了广大居民群众对烟草危害的认识，增强了居民控烟意识，为营造良好的无烟环境、共享健康生活打下了良好的基础，接下来，我们将继续大力传播吸烟有害健康和公共场所不吸烟的理念，提高公众防控烟草危害的意识和能力，鼓励和帮助吸烟者戒烟，守护群众健康，共度无烟健康佳节。”
供稿：达坂城区融媒体中心 祖白旦·买苏尔
编辑：梁良
责任编辑：吾买尔江·吾布力卡司木
编审：赵静
投稿邮箱：dbcxwb@163.com
来源于：达坂城区零距离","title: #你好乌鲁木齐# 无烟佳节 与爱同行 达坂城区零距离 2024-01-25 23:38 发表于新疆 听全文 为进一步引导群众自觉践行文明健康绿色环保的生活方式，共同营造春节期间健康无烟环境，1月24日，柴窝堡街道兴睦社区多措并举开展“无烟佳节 与爱同行”专项宣传活动。 活动中，工作人员通过图片、视频等多种形式向辖区居民介绍吸烟和吸二手烟的危害，提醒居民群众不要在室内、公共场所吸烟，大力弘扬无烟健康过节文化，倡导过节不吸烟、不敬烟、不送烟，引导居民养成健康的生活方式和生活习惯。 柴窝堡街道兴睦社区居民聂政说：“今天看到那些警示片我明白了吸烟的危害比我想象的还要大，之前总感觉拒绝别人递烟挺不好意思的，现在觉得很有必要。” 柴窝堡街道兴睦社区副主任衡向宁说：“通过此次宣传活动，切实提高了广大居民群众对烟草危害的认识，增强了居民控烟意识，为营造良好的无烟环境、共享健康生活打下了良好的基础，接下来，我们将继续大力传播吸烟有害健康和公共场所不吸烟的理念，提高公众防控烟草危害的意识和能力，鼓励和帮助吸烟者戒烟，守护群众健康，共度无烟健康佳节。” 供稿：达坂城区融媒体中心 祖白旦·买苏尔 编辑：梁良 责任编辑：吾买尔江·吾布力卡司木 编审：赵静 投稿邮箱：dbcxwb@163.com 来源于：达坂城区零距离 summary: 为进一步引导群众自觉践行文明健康绿色环保的生活方式，共同营造春节期间健康无烟环境，1月24日，柴窝堡街道兴睦社区多措并举开展无烟佳节与爱同行专项宣传活动。来源于：达坂城区零距离。 content: #你好乌鲁木齐# 无烟佳节 与爱同行 达坂城区零距离 2024-01-25 23:38 发表于新疆 听全文 为进一步引导群众自觉践行文明健康绿色环保的生活方式，共同营造春节期间健康无烟环境，1月24日，柴窝堡街道兴睦社区多措并举开展“无烟佳节 与爱同行”专项宣传活动。 活动中，工作人员通过图片、视频等多种形式向辖区居民介绍吸烟和吸二手烟的危害，提醒居民群众不要在室内、公共场所吸烟，大力弘扬无烟健康过节文化，倡导过节不吸烟、不敬烟、不送烟，引导居民养成健康的生活方式和生活习惯。 柴窝堡街道兴睦社区居民聂政说：“今天看到那些警示片我明白了吸烟的危害比我想象的还要大，之前总感觉拒绝别人递烟挺不好意思的，现在觉得很有必要。” 柴窝堡街道兴睦社区副主任衡向宁说：“通过此次宣传活动，切实提高了广大居民群众对烟草危害的认识，增强了居民控烟意识，为营造良好的无烟环境、共享健康生活打下了良好的基础，接下来，我们将继续大力传播吸烟有害健康和公共场所不吸烟的理念，提高公众防控烟草危害的意识和能力，鼓励和帮助吸烟者戒烟，守护群众健康，共度无烟健康佳节。” 供稿：达坂城区融媒体中心 祖白旦·买苏尔 编辑：梁良 责任编辑：吾买尔江·吾布力卡司木 编审：赵静 投稿邮箱：dbcxwb@163.com 来源于：达坂城区零距离 "" """,微头条,一路向北一路生花,2024-01-26 00:31:28,http://www.toutiao.com/w/i1789080674055232/,未知,控烟、戒烟,正面,未知
202401017560,成都市第三人民&lt;span style=color: #F76435;医院&lt;/span举办控烟公益活动暨健康义诊,title: 成都市第三人民&lt;span style=color: #F76435;医院&lt;/span举办控烟公益活动暨健康义诊 summary: 同时，通过《帮你戒烟》《二手烟无形杀手》《成都市公共场所控制吸烟条例》等宣传材料的免费发放，进一步向参与活动的市民普及戒烟、控烟健康知识，引导关注中国疾病预防控制中心公益平台——中国戒烟平台，深度了解戒烟门诊、戒烟科普知识等内容。 content: 为贯彻落实国务院《关于实施健康中国行动的意见》《成都市公共场所控制吸烟条例》工作精神，进一步推动社会公众了解吸烟和二手烟暴露的严重危害，营造无烟氛围，1月18日，成都市第三人民医院联合青羊区疾病预防控制中心、新华社区卫生服务中心在院内开展了以“无烟佳节 与爱同行”为主题的控烟公益活动暨健康义诊 。活动现场，成都市第三人民医院呼吸与危重症医学科医生团队为公众积极科普吸烟危害，并针对性的提供了个体化的戒烟建议。同时，通过《帮你戒烟》《二手烟无形杀手》《成都市公共场所控制吸烟条例》等宣传材料的免费发放，进一步向参与活动的市民普及戒烟、控烟健康知识，引导关注中国疾病预防控制中心公益平台——“中国戒烟平台”，深度了解戒烟门诊、戒烟科普知识等内容，推动无烟理念入脑、入心。在积极展开无烟科普的同时，医生团队也就市民关心的肺部疾病防治问题展予以了耐心解答。详尽的科普和细致专业的回复，获得参与市民的一致好评。本次活动的开展，有助于进一步提高公众对于吸烟危害的认知，增强群众戒烟意愿。下一步，成都市第三人民医院还将努力以更多形式和更高效率推进控烟工作，切实履行社会责任、维护群众健康，营造全社会共同参与的控烟氛围，让更多的人远离烟草伤害，享受健康生活，为构建健康中国贡献力量。 （夏佳文 裴小琴）,人民号,家庭与生活报,2024-01-26 00:18:03,http://rmh.pdnews.cn/Pc/ArtInfoApi/article?id=39683280,未知,控烟、戒烟,中性,未知
202401016632,吾观室内控烟之举，实为慎终之道也。烟味之烟，乃是污浊之物，不宜在居民之间滋生。,title: 吾观室内控烟之举，实为慎终之道也。烟味之烟，乃是污浊之物，不宜在居民之间滋生。 summary: 吾观室内控烟之举，实为慎终之道也。烟味之烟，乃是污浊之物，不宜在居民之间滋生。 content: 吾观室内控烟之举，实为慎终之道也。烟味之烟，乃是污浊之物，不宜在居民之间滋生。,网易号,孔子孔仲尼,2024-01-25 22:48:08,未知,未知,控烟,中性,未知
202401016638,控烟办,title: 控烟办 summary: 控烟办 content: 控烟办,微头条,虎子蛋蛋,2024-01-25 22:27:02,未知,未知,控烟,中性,未知
202401016644,莱芜区疾控中心党总支组织入党积极分子开展志愿服务活动,"title: 莱芜区疾控中心党总支组织入党积极分子开展志愿服务活动 summary: 莱芜区疾控中心党总支组织入党积极分子开展志愿服务活动1月24日下午，莱芜区疾病预防控制中心党总支组织入党积极分子到党员双报到联系点孟花园社区开展莱疾控志愿服务活动，进行艾滋病防治、麻风病防治、控烟健康宣传活动。 content: 1月24日下午，莱芜区疾病预防控制中心党总支组织入党积极分子到党员“双报到”联系点孟花园社区开展“莱疾控”志愿服务活动，进行艾滋病防治、麻风病防治、控烟健康宣传活动。""活动现场，通过悬挂条幅、摆放展板、现场咨询、发放宣传折页及宣传用品等方式开展宣传。志愿者们向广大居民讲解如何正确了解艾滋病、艾滋病的传播途径以及预防性病的措施；麻风病的传播途径、主要表现、流行情况、危害及预防措施；宣传吸烟的危害、戒烟的益处以及如何科学戒烟等常识。本次活动共发放宣传折页及宣传用品1900余份，解答群众咨询300余人，提高了公众健康意识和自我保护能力，消除了公众心理障碍，对居民的家庭和睦、社区的和谐发展与推进社区艾滋病防治、麻风病防治、控烟宣传工作起到了积极的促进作用。""""""""通过此次活动的开展，进一步坚定了入党积极分子的理想信念，提高了党性觉悟，增强了政治意识。入党积极分子们纷纷表示，在今后的工作中，将切实践行入党承诺，积极参与党员志愿服务活动，按时完成党组织交付的各项任务，进一步增强服务意识，发扬我党的优良传统，为民做事，多做实事，争取早日成为一名合格的中共党员。（莱芜融媒记者：王月伶）",头条号,澎湃新闻客户端,2024-01-25 22:25:02,http://www.toutiao.com/w/i7328041777645158924/,未知,控烟、戒烟,正面,未知
202401016650,个例不能代表上海的老头素质差。无论什么地方人只要是烟民很难控制在公共场合不吸烟，虽有控烟标识它只是提倡。饭店不容吸烟食客会锐减一半，各有各的难处。理解吧！,title: 个例不能代表上海的老头素质差。无论什么地方人只要是烟民很难控制在公共场合不吸烟，虽有控烟标识它只是提倡。饭店不容吸烟食客会锐减一半，各有各的难处。理解吧！ summary: 个例不能代表上海的老头素质差。无论什么地方人只要是烟民很难控制在公共场合不吸烟，虽有控烟标识它只是提倡。饭店不容吸烟食客会锐减一半，各有各的难处。 content: 个例不能代表上海的老头素质差。无论什么地方人只要是烟民很难控制在公共场合不吸烟，虽有控烟标识它只是提倡。饭店不容吸烟食客会锐减一半，各有各的难处。理解吧！,微头条,枯叶89318761,2024-01-25 22:22:55,http://www.toutiao.com/w/1789072585469977/,未知,控烟,正面,未知
202401016667,国产戒烟药获批上市，有望降低烟草使用率！,"title: 国产戒烟药获批上市，有望降低烟草使用率！ summary: 国产戒烟药获批上市，有望降低烟草使用率！随着国产戒烟药的成功上市，全球烟草使用率呈下降趋势，这为烟民和戒烟人士带来了新的希望。然而，我们也需要认识到，戒烟药并不是解决烟草问题的唯一答案。有人认为，戒烟药的出现为那些想要戒烟的人提供了更多选择，有助于他们摆脱烟瘾。你对国产戒烟药的上市有什么看法？ content: ""随着国产戒烟药的成功上市，全球烟草使用率呈下降趋势，这为烟民和戒烟人士带来了新的希望。由威智医药专项研发的酒石酸伐尼克兰片获得上市批准，为广大吸烟者提供了一个新的戒烟选择。世卫组织发布的报告显示，全球烟草使用者数量预计到 2025 年将下降至 12 亿。这个数字的下降趋势令人鼓舞，也说明了全球在控烟方面所做出的努力正在取得成效。然而，要实现全球烟草使用率的进一步降低，仍然需要各方的持续努力。""戒烟药的上市为控烟事业增添了新的动力。药物治疗可以为那些试图戒烟的人提供额外的支持和帮助，减少戒烟过程中的不适感和渴求。这对于那些仅凭意志力难以戒掉烟瘾的人来说尤为重要。然而，我们也需要认识到，戒烟药并不是解决烟草问题的唯一答案。戒烟是一个复杂的过程，需要综合的措施来支持和辅助。除了药物治疗，教育宣传、政策制定和社会支持也是推动控烟的关键因素。通过加强公众对烟草危害的认识，提高吸烟的社会成本，以及提供戒烟咨询和支持服务，我们可以帮助更多的人摆脱烟瘾，保护他们的健康。政府和社会各界应该共同合作，制定和执行更严格的控烟政策。这包括提高烟草税、限制烟草广告和促销、加强烟草销售的监管等。通过这些政策措施，可以减少烟草的可及性，降低吸烟率，特别是在青少年中防止新的吸烟者产生。控烟是一个全球性的挑战，需要全社会的共同参与和努力。国产戒烟药的上市是一个积极的进展，但我们不能止步于此。我们应该继续加强教育宣传、政策干预和社会支持，推动烟草使用率的进一步下降，为一个更健康、更美好的世界而努力。""这一话题引发了人们的热议。有人认为，戒烟药的出现为那些想要戒烟的人提供了更多选择，有助于他们摆脱烟瘾。但也有人担心，戒烟药可能会导致一些人对药物产生依赖，从而忽视了其他更重要的戒烟方法。无论如何，国产戒烟药的上市是一个重要的里程碑，它为我们提供了一个新的视角来应对烟草使用问题。我们期待着更多的研究和讨论，以找到最有效的方法来帮助人们戒烟，保护公众健康。你对国产戒烟药的上市有什么看法？你认为它会对全球控烟产生怎样的影响？欢迎分享你的观点！",头条号,他说要起风了,2024-01-25 21:46:33,http://www.toutiao.com/w/i7328030257369137664/,未知,戒烟、控烟,正面,未知
202401016678,戒烟药成功上市，网友说戒烟会上瘾？,"title: 戒烟药成功上市，网友说戒烟会上瘾？ summary: 戒烟药成功上市，网友说戒烟会上瘾？威智医药酒石酸伐尼克兰片上市：中国戒烟市场迎来新机遇威智医药专项研发的酒石酸伐尼克兰片获得上市批准，这一利好消息为中国的烟民以及有意戒烟的人士带来了福音。这款国产戒烟药成功上市，预示着控烟戒烟领域迎来了全新的发展机遇与希望。 content: 威智医药酒石酸伐尼克兰片上市：中国戒烟市场迎来新机遇威智医药专项研发的酒石酸伐尼克兰片获得上市批准，这一利好消息为中国的烟民以及有意戒烟的人士带来了福音。这款国产戒烟药成功上市，预示着控烟戒烟领域迎来了全新的发展机遇与希望。""烟草威胁全球健康：酒石酸伐尼克兰片的重要意义烟草使用对全球健康造成了严重威胁，长期吸烟不仅损害吸烟者自身健康，也对周围人群造成二手烟危害。据世界卫生组织发布的报告显示，全球烟草使用者的数量预计到2025年将下降至12亿人。这表明，在全球范围内，人们对控烟戒烟的重视程度正在逐渐增加。在这样的时代背景下，酒石酸伐尼克兰片的上市，无疑将进一步提高控烟率，降低烟草使用率，为全球范围内的健康事业贡献力量。""填补需求空白：酒石酸伐尼克兰片成为更有效的戒烟工具酒石酸伐尼克兰片的上市意味着中国戒烟市场的格局有望发生深刻变化。传统的尼古丁成瘾治疗剂已经无法满足人们对更高效、更安全戒烟药物的需求。而酒石酸伐尼克兰片的成功上市填补了这一空白，为烟民提供了更加有力的戒烟工具，为戒烟者提供了更加全面的支持。这将有望帮助更多吸烟者戒除尼古丁成瘾，恢复健康的生活方式，减少因吸烟导致的健康问题，为个人和社会减轻负担。""控烟戒烟事业迎来发展新阶段：酒石酸伐尼克兰片的上市带来积极变化对于吸烟者来说，戒烟是一条充满挑战的道路，但酒石酸伐尼克兰片的上市为他们提供了新的方向和希望。同时，对于社会来说，控烟戒烟是一项重要的公共卫生工作，它关乎所有人的健康和福祉。我们有理由相信，随着酒石酸伐尼克兰片的上市，控烟戒烟事业将迈入新的发展阶段，为更多人带来健康与幸福。",头条号,携手观世界,2024-01-25 21:01:29,http://www.toutiao.com/w/i7328018692779770420/,未知,戒烟、控烟戒烟、控烟,正面,未知
202401016690,虎躯三震之第二震 新加坡是烟酒人的噩梦,title: 虎躯三震之第二震 新加坡是烟酒人的噩梦 summary: 虎躯三震之第二震新加坡是烟酒人的噩梦你以为我不知道新加坡严格控烟？马路上垃圾桶带扔烟蒂顶盖的，抽烟没问题。如果顶盖被翻起锁定，那基本上在附近就能发现禁止抽烟的提示牌，抓住了罚2000新币。最糟糕的是新加坡的香烟价格：是上海的接近5倍。晚上拿着罐啤酒边喝边逛，太晚的话可能会有麻烦。 content: 你以为我不知道新加坡严格控烟？ 如图，带了便携烟缸，事先甚至查了香烟入境政策。 四十几楼辛辛苦苦下楼路边抽烟，还要鬼鬼祟祟… 马路上垃圾桶带扔烟蒂顶盖的，抽烟没问题。 如果顶盖被翻起锁定，那基本上在附近就能发现禁止抽烟的提示牌，抓住了罚2000新币。 这不是最糟糕的。 最糟糕的是新加坡的香烟价格：是上海的接近5倍。 上海的红色万宝路20不到。 新加坡折合人民币90左右。 喜力500毫升啤酒，上海便利店13.5元，超市8元。 新加坡最便宜的小店，喜力折合人民币22元。 啼笑皆非的是：新加坡晚10点半以后，公共场所禁止饮酒，也禁止售酒。 晚上拿着罐啤酒边喝边逛，太晚的话可能会有麻烦。,小红书,一指天堂,2024-01-25 20:39:00,http://www.xiaohongshu.com/discovery/item/65b25689000000002c03d27e,未知,控烟,中性,未知
202401016697,如果停止生产香烟，就没有必要控烟和戒烟！,title: 如果停止生产香烟，就没有必要控烟和戒烟！ summary: 如果停止生产香烟，就没有必要控烟和戒烟！ content: 如果停止生产香烟，就没有必要控烟和戒烟！,头条号,风趣顽石,2024-01-25 20:26:55,未知,未知,控烟、戒烟,中性,未知
202401016709,一起来，点击支持！无烟佳节，健康同行,"title: 一起来，点击支持！无烟佳节，健康同行 summary: 一起来，点击支持！无烟佳节，健康同行春节是中华民族最重视的传统佳节，是洋溢着家庭温馨与亲情欢乐的美好时刻。 content: 春节是中华民族最重视的传统佳节，是洋溢着家庭温馨与亲情欢乐的美好时刻。家人团聚，幸福温暖，其乐融融。曾经，由于我们对烟草危害了解的不多，很多人在走亲访友时会把卷烟当做礼品送给亲朋，亲友聚会时也常互相敬烟，吸烟陋习流行。我国有一半的男性居民每天吸烟，超过7亿人暴露于二手烟中。中国是全球因肺癌死亡人数最多的国家，心脑血管疾病死亡人数也逐年上升。不仅吸烟者深受其害，二手烟和三手烟也同样会对家人、孩子的身心健康造成严重危害。&lt;img width=""1080"" class=""content-image"" data-src=""/L19E/drXjGfZ2kuFxSZZcBtPsOZN1xBjR51Pm15agF33gme25bBdCfDypoGvALYBKeY7y2wyRvEOes45QkrZlhfjtAF7qIK2JIIed/GApo="" height=""1920"" /为此，新探健康发展研究中心联合江苏省健康教育协会发起了“过节送礼不送烟 健康快乐过大年”倡导活动，旨在新春佳节前，在公众中倡导新春送礼不送烟、见面聚会不吸烟、不敬烟、不劝烟，以期能够起到改变不文明习俗，共度健康文明春节的效果。&lt;img class=""content-image"" data-src=""7syuM7T2zZ+KDa0RBbYG3cmJ5ULT+qz1crB9Zo+mUNOJy6GBGeWKfhb+Ksjh9HwkYqCE4SePXCIKfOyFhpoXc1wAmwl8xkUtwV+DCyNpKhc="" width=""211"" height=""254"" /&lt;img class=""content-image"" data-src=""ungULKxG7fZmEmAzXqIZ5MmJ5ULT+qz1crB9Zo+mUNPf6BoHsia62hZGTuBnwE69Jqha2f1u8zn+WFe/TsIOa8ysvvFOMznoF38FSmgHVG4="" width=""211"" height=""254"" /行动起来 点击参与2024年的网络调查的数据进一步显示，18.4%的吸烟者在2023年收到过礼品烟，20.3%的吸烟者送过礼品烟，已经戒烟的人中这两个比例是3.3%和9.0%，从不吸烟者是1.5%和5.1%。中国国际控烟政策研究（ITC）报告显示，54.1%的吸烟者身上带着两包烟，其中一包是自己用的，另外一包是用来社交的。不敬烟、不送烟、不吸烟的社交风尚未形成。遏制烟草在中国的流行重要一点就是改变社会风气，过节不送烟、见面不敬烟，不在公共场所吸烟，从你从我，大家一起做起。识别二维码欢迎大家一起支持过节送礼不送烟健康快乐过大年倡导活动共同传递健康！传递爱！有用的知识又增加了！点赞+分享~* 部分图片来源网络，非商业用途，仅作为科普传播素材。若有侵权，请联系删除。*转载请注明来源：江苏疾控（微信号：jscdcwx）供 稿：健教所美工编辑：江苏疾控微创团队推荐阅读&lt;img class=""content-image"" data-src=""nuh/wEb6x4IxiInVMoIK8MBtPsOZN1xBjR51Pm15agE2OqA2iJhxxlL1qcVB6FjpnoIzPLJ4PrAIF/rwOyBN4XzZohSaG8HZunM6OvY2Wpc="" width=""900"" height=""383"" /为啥人身上总长几根特长的毛？1-24江苏省13设区市九价HPV疫苗接种门诊查询表（更新版）1-24投身科普事业，致力健康传播，他们获奖了！1-24发布于：江苏省",搜狐号,江苏疾控,2024-01-25 20:03:43,http://m.sohu.com/a/754276685_674764,未知,戒烟、控烟,中性,未知
202401016716,向阳社区开展“宣传禁烟控烟，守护百姓健康”健康知识讲座,"title: 向阳社区开展“宣传禁烟控烟，守护百姓健康”健康知识讲座 summary: 向阳社区开展宣传禁烟控烟，守护百姓健康健康知识讲座为进一步增强居民对吸烟危害的认识，促进辖区居民养成文明健康卫生的生活习惯，近日，向阳社区组织开展宣传禁烟控烟，守护百姓健康宣传活动。 content: 为进一步增强居民对吸烟危害的认识，促进辖区居民养成文明健康卫生的生活习惯，近日，向阳社区组织开展“宣传禁烟控烟，守护百姓健康”宣传活动。""社区工作人员及志愿者们在辖区范围内发放宣传折页，积极向商户、居民群众宣传吸烟与被动吸烟的危害，讲解控烟禁烟的相关法律政策等，希望通过全方位的宣传，让更多居民认识到吸烟有害健康以及控烟禁烟的重要性，引导居民把健康知识转变为健康行为，让居民能自觉遵守禁烟条例，共建清洁环保的无烟社区，其享健康绿色的生活环境。""通过此次禁烟控烟宣传活动，辖区居民对吸烟的危害有了更深的了解，大家纷纷表示要从自身做起，今后减少吸烟直到不吸烟，养成文明卫生的行为习惯，为构建健康整洁的社区做出努力。",头条号,九江经开区向阳街道,2024-01-25 20:03:29,http://www.toutiao.com/w/i7328005277348135450/,未知,控烟,中性,未知
202401016722,"由江西新余火灾引发的思考## 江西火灾#江西省火灾现场# 
一是要特别小心危险可燃物。比如易燃爆的化学品，比如锂电池，比如聚氨酯泡沫，当遇到这些东西的时候，安全措施要尽可能提上来，安全意识要有的。
二是要特别认识到烟气的危害，并采取控制烟气蔓延的措施。比如这次火灾，地下一层起火，烟为啥会蔓延到地上一层、二层，这种事儿要避免呀，如果烟不蔓延一层二层，那怎么可能死这么多人，这才是问题的关键和核心。所以，要采取什么样的技术措施，比如地下一层和地上部分相通的楼梯错开，或安装上防火门并保持关闭；如果这样的技术措施到位了，那几乎不会死人的了。同时，管理措施也要跟上，比如有了门，怎么能保持门是关着的，或在火灾时有人把门关上？
烟气导致了百分之八十的亡人，那么我们在日常检查中、日常管理中、日常的消防培训教育中，是否同样拿出百分之八十的精力去做这件事？
三是要特别注意抓好人员基本消防知识和技能的培训。缺乏基本的消防知识，防火干不好，火灾应急也干不好，比如有聚氨酯泡沫，动用明火时应该如何注意，这些事儿没培训没要求，火灾还会接连不断；比如地下一层起火之后，现场人员是否灭火，是否同时通知楼上的人逃生，是否同时把相关的门关好防止烟气扩散……，基本的应急任务包括应急意识，不经过培训也是不可能自动生成的。
火灾一出就治理，也应该，但抓基础，抓重点，抓能落地的东西，更为关键。我们已经吃了那么烟气致死的亏了，我们应该在防烟控烟的问题上，下更多在功夫，投入更多的资源和时间。",title: 由江西新余火灾引发的思考## 江西火灾#江西省火灾现场# 一是要特别小心危险可燃物。比如易燃爆的化学品，比如锂电池，比如聚氨酯泡沫，当遇到这些东西的时候，安全措施要尽可能提上来，安全意识要有的。 二是要特别认识到烟气的危害，并采取控制烟气蔓延的措施。比如这次火灾，地下一层起火，烟为啥会蔓延到地上一层、二层，这种事儿要避免呀，如果烟不蔓延一层二层，那怎么可能死这么多人，这才是问题的关键和核心。所以，要采取什么样的技术措施，比如地下一层和地上部分相通的楼梯错开，或安装上防火门并保持关闭；如果这样的技术措施到位了，那几乎不会死人的了。同时，管理措施也要跟上，比如有了门，怎么能保持门是关着的，或在火灾时有人把门关上？ 烟气导致了百分之八十的亡人，那么我们在日常检查中、日常管理中、日常的消防培训教育中，是否同样拿出百分之八十的精力去做这件事？ 三是要特别注意抓好人员基本消防知识和技能的培训。缺乏基本的消防知识，防火干不好，火灾应急也干不好，比如有聚氨酯泡沫，动用明火时应该如何注意，这些事儿没培训没要求，火灾还会接连不断；比如地下一层起火之后，现场人员是否灭火，是否同时通知楼上的人逃生，是否同时把相关的门关好防止烟气扩散……，基本的应急任务包括应急意识，不经过培训也是不可能自动生成的。 火灾一出就治理，也应该，但抓基础，抓重点，抓能落地的东西，更为关键。我们已经吃了那么烟气致死的亏了，我们应该在防烟控烟的问题上，下更多在功夫，投入更多的资源和时间。 summary: 由江西新余火灾引发的思考##江西火灾#江西省火灾现场#一是要特别小心危险可燃物。比如易燃爆的化学品，比如锂电池，比如聚氨酯泡沫，当遇到这些东西的时候，安全措施要尽可能提上来，安全意识要有的。我们已经吃了那么烟气致死的亏了，我们应该在防烟控烟的问题上，下更多在功夫，投入更多的资源和时间。 content: 由江西新余火灾引发的思考## 江西火灾#江西省火灾现场# 一是要特别小心危险可燃物。比如易燃爆的化学品，比如锂电池，比如聚氨酯泡沫，当遇到这些东西的时候，安全措施要尽可能提上来，安全意识要有的。 二是要特别认识到烟气的危害，并采取控制烟气蔓延的措施。比如这次火灾，地下一层起火，烟为啥会蔓延到地上一层、二层，这种事儿要避免呀，如果烟不蔓延一层二层，那怎么可能死这么多人，这才是问题的关键和核心。所以，要采取什么样的技术措施，比如地下一层和地上部分相通的楼梯错开，或安装上防火门并保持关闭；如果这样的技术措施到位了，那几乎不会死人的了。同时，管理措施也要跟上，比如有了门，怎么能保持门是关着的，或在火灾时有人把门关上？ 烟气导致了百分之八十的亡人，那么我们在日常检查中、日常管理中、日常的消防培训教育中，是否同样拿出百分之八十的精力去做这件事？ 三是要特别注意抓好人员基本消防知识和技能的培训。缺乏基本的消防知识，防火干不好，火灾应急也干不好，比如有聚氨酯泡沫，动用明火时应该如何注意，这些事儿没培训没要求，火灾还会接连不断；比如地下一层起火之后，现场人员是否灭火，是否同时通知楼上的人逃生，是否同时把相关的门关好防止烟气扩散……，基本的应急任务包括应急意识，不经过培训也是不可能自动生成的。 火灾一出就治理，也应该，但抓基础，抓重点，抓能落地的东西，更为关键。我们已经吃了那么烟气致死的亏了，我们应该在防烟控烟的问题上，下更多在功夫，投入更多的资源和时间。,微头条,图说,2024-01-25 19:59:44,http://www.toutiao.com/w/i1789063578016772/,未知,控烟,正面,未知
202401016728,市数管局开展“无烟佳节与爱同行”主题宣传活动,"title: 市数管局开展“无烟佳节与爱同行”主题宣传活动 summary: 市数管局开展无烟佳节与爱同行主题宣传活动新春佳节将至，为进一步推动控烟工作开展，引导群众践行文明健康绿色环保生活方式，弘扬无烟健康过节文化，1月25日，市数管局在市政务服务中心大厅开展无烟佳节与爱同行主题宣传活动。 content: 新春佳节将至，为进一步推动控烟工作开展，引导群众践行文明健康绿色环保生活方式，弘扬无烟健康过节文化，1月25日，市数管局在市政务服务中心大厅开展“无烟佳节 与爱同行”主题宣传活动。&lt;img class=""content-image"" data-src=""1i8D9IaYlbNGIQCZT5KVh8BtPsOZN1xBjR51Pm15agHOp4mcKvm1R1JW9JLZrimm3Tdvv1HLr/rL7DCLKtprMlbKu2a/7omto9UBXzJTAgI="" width=""301"" height=""195"" /活动现场，志愿者通过悬挂宣传横幅、发放宣传折页、现场咨询讲解等方式，向来往办事群众宣传烟草对健康和环境的危害，引导群众积极关注控烟，主动参与控烟，摒弃过节敬烟送烟陋习，做控烟的支持者和践行者。&lt;img class=""content-image"" data-src=""ungULKxG7fZmEmAzXqIZ5MmJ5ULT+qz1crB9Zo+mUNMJX4au5rfjuHLFcQ/sDpUpiJ/T55auWkGrxkZ/khmpacOZCCIyu+PipXgO9Wg1fnM="" width=""338"" height=""254"" /此次活动共计发放宣传折页80余份、春联40份，为40余名群众提供了咨询服务，进一步增强了群众的控烟意识，营造了春节期间不吸烟、不敬烟、不送烟的良好无烟佳节氛围。&lt;img class=""content-image"" data-src=""LnKryVIWBbAvgVZoNLlGM8mJ5ULT+qz1crB9Zo+mUNO4ccP2MNH7HtLsYKT2Zu6vt6OHe7PpaKoUaYUq2iqEsiM5w56dMrZLnwR75o4yy4A="" width=""435"" height=""697"" /皋城随手拍 市民更便利 “一码就医”，看病无需再携带就诊卡！主办/ 六安市数据资源管理局 协办 / 六安新周报点亮小花转发给更多小伙伴↓↓发布于：北京市",搜狐号,中部城市生活指南,2024-01-25 19:59:40,http://m.sohu.com/a/754275704_121106991,未知,控烟,正面,未知
202401016740,【控烟知识】禁烟控烟，从你我开始,"title: 【控烟知识】禁烟控烟，从你我开始 summary: 吸烟的害处很多，它不但吞噬吸咽者的健康和生命，还会污染空气，危害他人。据统计吸烟的人60岁以后患肺部疾病的比例为74%，而不吸烟的人60岁以后患肺部疾病的比例仅为4%，这是一个触目惊心的数字。戒烟后又吸烟不等于戒烟失败，吸了一口或一支烟后并不是一切都太晚了，但要仔细分析重新吸烟的原因，避免以后重犯。 content: 控烟行动从你我开始吸烟的危害&lt;img class=""content-image"" data-src=""1yUEsxyfsUpaAj7lfsOvA8BtPsOZN1xBjR51Pm15agFhDdCrlpHwwqbqE9nLSZwdUWPgZHHCFEUHIHx15cKjSxJceKZkeuyODgJTHlVDdM8="" width=""1080"" height=""1080"" /吸烟的害处很多，它不但吞噬吸咽者的健康和生命，还会污染空气，危害他人。（一）肺部疾病：香烟燃烧时释放38种有毒化学物质，其中有害成份主要有焦油、一氧化碳、尼古丁、二恶英和刺激性烟雾等。焦油对口腔、喉部、气管、肺部均有损害。烟草烟雾中的焦油沉积在肺部绒毛上，破坏了绒毛的功能，使痰增加，使支气管发生慢性病变，气管炎、肺气肿、肺心病肺癌便会产生。据统计吸烟的人60岁以后患肺部疾病的比例为74%，而不吸烟的人60岁以后患肺部疾病的比例仅为4%，这是一个触目惊心的数字。（二）心血管疾病：香烟中的一氧化碳使血液中的氧气含量减少，造成相关的高血压等疾病。吸烟使冠状动脉血管收缩，使供血量减少或阻塞，造成心肌梗塞。吸烟可肾上腺素增加，引起心跳加快，心脏负荷加重，影响血液循环而导致心脑血管疾病、糖尿病、猝死综合症，呼吸功能下降、中风等共20多种疾病。（三）吸烟致癌：研究发现，吸烟是产生自由基最快最多的方式，每吸一口烟至少会产生10万个自由基，从而导致癌症和许多慢性病。最近，英国牛津提德克里夫医院对3.5万名吸烟者进行长达50年的研究得出了结论，结果显示，肺癌、胃癌、胰腺癌、膀胱癌、肝癌、口腔癌、鼻窦癌等11种癌症与吸烟“显著相关”。为什么吸烟的人容易感冒，是因为人体的淋巴细胞活性降低，导致癌症。鉴于吸烟致烟致癌的三大因素，戒烟要越早越好。（四）吸烟还会导致骨质疏松，更年期提早来临。吸烟使牙齿变黄容易口臭。吸烟害人害己，被动吸烟的人受到危害是吸烟人的五倍。为了你和家人的健康，不让自己成为烟的奴隶，应尽早戒烟。（五）吸烟对智力的危害。吸烟可使人的注意力受到影响。有人认为，吸烟可以提神，消除疲劳、触发灵感，这都是毫无科学道理的。实验证明，吸烟严重影响人的智力，记忆力，从而降低工作和学习的效率。吸烟有百害而无一利，中国53%的儿童被动吸烟，危害更大，容易患肺炎，支气管炎，重症哮喘和其它疾病。如果目前吸烟的情况持续下去，儿童的智力发育、吸烟的家庭，个人将会付出极大的代价。戒烟的益处多多&lt;img class=""content-image"" data-src=""1i8D9IaYlbNGIQCZT5KVh8BtPsOZN1xBjR51Pm15agGXkOumgEJAg2NLhaZoWdgM9G0ZESCfFJrZDYIYjQF82cSd6Xt1P8l9Z+awrJb05Nc="" width=""500"" height=""333"" /戒烟人的寿命长于继续吸烟的人。一般说来，50岁以前就戒烟的人，在其以后15年内死亡的危险将比继续吸烟者降低50。1.吸烟者患肺癌的相对危险度是不吸烟者的10—15倍。而一个吸烟者戒烟10年后，他患肺癌的危险性将比继续吸烟者降低30％至50％。2.戒烟还会降低吸烟者患喉癌、口腔癌、食道癌、胰腺癌、膀胱癌和其它多种癌症发病的危险度。3.吸烟者死于冠心病的危险度是从不吸烟者的2倍。而吸烟者戒烟后一年之内，这种危险就会降低50％。坚持戒烟15年之后，这种危险度就会接近于从不吸烟者的水平。4.与从不吸烟者相比，吸烟者在死于中风的相对危险度要高一倍。有些吸烟者在戒烟后5年内就可把这种危险性降低到从不吸烟者的水平，而有些人却需要坚持15年才能收到这个效果。5.吸烟是引起肺部疾病的主要原因。一个人戒烟后，可以降低患感冒、肺炎和支气管炎的危险性，并随着年龄增长而发生的肺功能下降的速度将接近于从不吸烟者的情况。6.戒烟后你不会因吸烟引起家庭矛盾，戒烟之后10年可以节约一大笔钱。你不会因在公共场所吸烟而被罚款。7.孕妇吸烟使胎儿和婴儿死亡率比正常不吸烟者高25—50％，婴儿出生体重平均低于正常值200克。若在怀孕前4个月开始戒烟，这些不良影响通常都可以改变.8. 戒烟后将更能集中精力学习和工作，使你面容显得滋润和富有光泽。使你的嗅觉、味觉更灵敏，吃东西将更有味道。9.戒烟后再也不会走到哪儿都带去一股烟味，也不会再让家人、朋友、同事吃“二手烟”，与吸烟者相比，你将显得更高雅、更潇洒、更有风度。戒烟方法&lt;img class=""content-image"" data-src=""wXdZHLbub1cJf8KN0C5vfcBtPsOZN1xBjR51Pm15agHkmtNDJ1Cd9lNZRAbcqdxVwYxJmsa4svdqR1VwroCsUrMxTdgSoB657IBYanY2OBU="" width=""734"" height=""415"" /戒烟后又吸烟不等于戒烟失败，吸了一口或一支烟后并不是“一切都太晚了”，但要仔细分析重新吸烟的原因，避免以后重犯。（一）如何戒烟1.戒烟从现在开始，完全戒烟或逐渐减少吸烟次数的方法，通常3～4个月就可以成功。2.丢掉所有的香烟、打火机、火柴和烟灰缸。3.避免参与往常习惯吸烟的场所或活动。4.餐后喝水、吃水果或散步，摆脱饭后一支烟的想法。5.烟瘾来时，要立即做深呼吸活动，或咀嚼无糖分的口香糖，避免用零食代替香烟，否则会引起血糖升高，身体过胖。 6.坚决拒绝香烟的引诱，经常提醒自己，再吸一支烟足以令戒烟的计划前功尽弃。（二）如何度过戒烟最难熬的前5天？1.两餐之间喝6－8杯水，促使尼古丁排出体外。2.每天洗温水浴，忍不住烟瘾时可立即淋裕3.在戒烟的5日当中要充分休息，生活要有规律。 4.饭后到户外散步，做深呼吸15—30分钟。5.不可喝刺激性饮料，改喝牛奶、新鲜果汁和谷类饮料。6.要尽量避免吃家禽类食物、油炸食物、糖果和甜点。7.可吃多种维生素B群，能安定神经除掉尼古丁（三）过了最初五天可按照下列方法保持戒烟“战果”1.饭后刷牙或漱口，穿干净没烟味的衣服。2.用钢笔或铅笔取代手持香烟的习惯动作。3.将大部分时间花在图书馆或其它不准抽烟的地方。4.避免到酒吧和参加宴会，避免与烟瘾很重的人在一起。5.将不抽烟省下的钱给自己买一项礼物。6.准备在2—3周戒除想抽烟的习惯。&lt;img width=""256"" class=""content-image"" data-src=""1yUEsxyfsUpaAj7lfsOvA8BtPsOZN1xBjR51Pm15agGZX/PPBVdTwwXLMReK0QH0YAc5Ov2+mmiMZ3O1YHdAu5Nsoj6C+lxdt3qrKUrpTs4="" height=""256"" /来源：综合网络版权归原作者所有侵权请联系小编删除&lt;img class=""content-image"" data-src=""FlhNHe3dnu293E6ZtX6/IcBtPsOZN1xBjR51Pm15agGttHdSo2mHznq7g/G8TpeVSpnMqxBlH35SI2BZHPasqzDs6zDZMYGHtFdPgMZvRAU="" width=""1080"" height=""540"" /发布于：山西省",搜狐号,无边旅行,2024-01-25 18:24:46,http://m.sohu.com/a/754264422_121124401,未知,控烟、戒烟,中性,未知
202401016746,《国产戒烟药上市，助力全球控烟》,"title: 《国产戒烟药上市，助力全球控烟》 summary: 《国产戒烟药上市，助力全球控烟》.近日，由威智医药专项研发的酒石酸伐尼克兰片获得上市批准，这一消息引起了广泛关注。这款国产戒烟药的成功上市，为广大烟民和戒烟人士提供了新的选择，也为全球控烟事业带来了新的希望。同时，我们也期待着未来有更多的创新技术和方法出现，为人类的健康和福祉做出更大的贡献。 content: 近日，由威智医药专项研发的酒石酸伐尼克兰片获得上市批准，这一消息引起了广泛关注。这款国产戒烟药的成功上市，为广大烟民和戒烟人士提供了新的选择，也为全球控烟事业带来了新的希望。""一直以来，戒烟对于许多烟民来说是一项艰巨的任务。尽管他们深知吸烟对健康的危害，但由于烟草中的尼古丁等成分会让人产生依赖，戒烟过程往往充满了挑战。而这款国产戒烟药的出现，为想要戒烟的人提供了一个有力的工具。""酒石酸伐尼克兰片作为一种有效的戒烟药物，它可以通过作用于神经系统，减少对尼古丁的渴望，从而降低戒烟过程中的不适感。有了这款药物的辅助，戒烟者在戒烟过程中将更容易克服生理上的依赖，提高戒烟的成功率。""此外，全球烟草使用率下降的趋势也为戒烟药的推广提供了有利的环境。世界卫生组织发布的报告显示，预计到 2025 年全球烟草使用者数量将下降至 12 亿。这一数据表明，越来越多的人意识到吸烟对健康的危害，并开始采取行动。戒烟药的上市，将进一步推动这一趋势的发展，提高控烟率，降低烟草使用率。""总之，国产戒烟药的成功上市是一个重要的里程碑，为全球控烟事业注入了新的动力。我们有理由相信，在各方的共同努力下，更多的人将成功戒烟，享受健康的生活。同时，我们也期待着未来有更多的创新技术和方法出现，为人类的健康和福祉做出更大的贡献。",头条号,社会生活日记,2024-01-25 18:20:25,http://www.toutiao.com/w/i7327978089445835290/,未知,戒烟、控烟,中性,未知
202401016764,济南市平阴县榆山街道：无烟佳节与爱“童”行,"title: 济南市平阴县榆山街道：无烟佳节与爱“童”行 summary: 济南市平阴县榆山街道：无烟佳节与爱童行近日，济南市平阴县榆山街道玫城社区在社区机关幼儿园对儿童开展了无烟佳节•与爱同行的活动，帮助儿童充分认识烟草的危害，形成吸烟有害健康的意识，呼吁儿童成为家庭的控烟监督员，劝导家庭成员共同抵制吸烟行为。在社区内营造良好的控烟氛围，过个健康年。 content: 近日，济南市平阴县榆山街道玫城社区在社区机关幼儿园对儿童开展了“无烟佳节•与爱同行”的活动，帮助儿童充分认识烟草的危害，形成吸烟有害健康的意识，呼吁儿童成为家庭的控烟监督员，劝导家庭成员共同抵制吸烟行为，在社区内营造良好的控烟氛围，过个健康年。&lt;img class=""content-image"" data-src=""1i8D9IaYlbNGIQCZT5KVh8BtPsOZN1xBjR51Pm15agHCMR7IG/O4darFy7FbLnVghPglTngsp5D2uYuS/qekVnqeUj/zyFQiLBfYBZzxGfc="" width=""600"" height=""361"" /玫城社区新时代文明实践站理论宣传员张苓与小朋友们展开了一场轻松愉快的问答。“老师，我爷爷吸烟”“我爸爸也吸”“不喜欢”“太臭了”“我爸还老是偷偷抽”“不健康”“会着火”……对于老师提出的家中是否有人吸烟、喜不喜欢他们吸烟、为什么不喜欢的问题，小朋友们纷纷举手，用稚嫩的语言回答了自己的想法，十分热情;而针对老师提出的吸烟是否对身体有好处的这个问题，小朋友们则异口同声地回答“没有”。通过这个小问答，儿童树立了吸烟有害健康的意识，形成了正确的健康观念。&lt;img class=""content-image"" data-src=""/L19E/drXjGfZ2kuFxSZZcBtPsOZN1xBjR51Pm15agG7FZnAYkOCiJv+Ze6ogyb/z50J4i4TN1QvfsdlbFZuOeGbZotFLyd3z1qifNkGzX8="" width=""600"" height=""364"" /玫城社区还为小朋友们播放了禁烟动画片，用生动形象的对话和生活场景为小朋友们讲解吸烟的具体危害，它不仅会导致癌症、心血管疾病、呼吸系统疾病等，还会对人体皮肤产生老化威胁、造成记忆力减退等;动画片中提到的“一人吸烟，全家伤身，为了家人，请勿吸烟”这句话，引起了小朋友们极大的共鸣，纷纷表示会劝导家庭成员共同参与控烟行动，自觉成为控烟监督员。&lt;img class=""content-image"" data-src=""r/h2ojJAPR4iF07g/Pz9W8BtPsOZN1xBjR51Pm15agHjmHx4OVODspuOarLza+FXkzeaIfhwJRkqClticA1lVNY3oCA3SC/wImcBZkyF+g8="" width=""600"" height=""361"" /活动结束后，玫城社区新时代文明实践站理论宣传员张苓还为积极参与此次控烟活动的小朋友发放了精美的小面包礼品和控烟宣传页，鼓励他们将宣传页带回给家庭成员以增加宣传的扩散力度，小朋友们脸上也洋溢着快乐的笑容。&lt;img class=""content-image"" data-src=""1i8D9IaYlbNGIQCZT5KVh8BtPsOZN1xBjR51Pm15agFfvkyOuf9JNLtYhdEgcnjYFFWq21JjLoCPMX6OYEnlZMHUge6s2XufOY62yR3q7ac="" width=""600"" height=""363"" /春节将至，我们只要年味，不要烟味。下一步，榆山街道玫城社区将继续在春节期间开展“无烟佳节•与爱同行”活动，一是创新多种宣传方式，加强社区控烟科普，在社区内形成拒绝一手烟、关注二手烟、警惕三手烟的良好氛围；二是扩大宣传人群范围，将视野重点也要着重放在青少年中间，帮助青少年养成“拒绝第一支烟”的意识，努力成为控烟主力军，共创无烟环境，共享健康生活。发布于：北京市",搜狐号,中部城市生活指南,2024-01-25 17:50:32,http://m.sohu.com/a/754249347_121106991,未知,控烟,中性,未知
202401016776,目的是控烟，对大家好[捂脸],title: 目的是控烟，对大家好[捂脸] summary: 目的是控烟，对大家好[捂脸] content: 目的是控烟，对大家好[捂脸],微头条,时事皆醉,2024-01-25 17:22:54,未知,未知,控烟,中性,未知
202401016852,东市街道长安社区：无烟佳节 与爱同行—控烟科普宣传活动,"title: 东市街道长安社区：无烟佳节 与爱同行—控烟科普宣传活动 summary: 东市街道长安社区：无烟佳节与爱同行—控烟科普宣传活动为进一步推动控烟工作开展，引导广大居民践行文明健康绿色环保生活方式，营造春节无烟氛围，共度无烟健康佳节，2024年1月24日，东市街道长安社区新时代文明实践站联合金安区医保局，在龙湖湾阅读空间。 content: 为进一步推动控烟工作开展，引导广大居民践行文明健康绿色环保生活方式，营造春节无烟氛围，共度无烟健康佳节，2024年1月24日，东市街道长安社区新时代文明实践站联合金安区医保局，在龙湖湾阅读空间，组织开展无烟佳节 与爱同行—控烟科普宣传活动。""活动现场，社区志愿者通过播放吸烟危害健康的相关视频，向孩子们和家长普及吸烟和被动吸烟对人的身体和环境的危害、烟草引起的肺部疾病死亡和患病的严重程度等知识，呼吁居民不要在公共场所吸烟，不随地乱扔烟头，倡导春节不吸烟、不敬烟、不送烟 ，“对二手烟说不”。同时也要维护自己的健康权益，家长要监督好孩子，不让孩子因为好奇而吸烟；孩子要劝导家长不抽烟、早戒烟，倡导家中每个成员“做自己健康的第一责任人”。通过此次活动，帮助辖区未成年人树立拒绝吸烟的理念，同时通过“小手拉大手”方式，劝阻家长在日常生活中保持健康生活习惯，不吸烟、主动戒烟，为孩子健康成长作表率，做“家庭健康守护者”和“禁烟践行者”。",新浪号,六安新周报,2024-01-25 14:43:51,http://k.sina.cn/article_2413547640_8fdbd078020010j5f.html?from=news&subch=onews,未知,控烟、戒烟,中性,未知
202401016858,"#烟草涨价,戒烟的人会变多吗?#
5年前我是一名吸烟者，但我现在已经戒烟5年了。说心里话，想戒烟还点靠自己的决心。
烟草涨价是一种常见的控烟手段，涨价后会对吸烟者产生经济上的压力，进而影响他们的抽烟习惯。因此，一部分吸烟者可能会因为烟草涨价而选择逐渐减少抽烟的频率或者彻底戒烟。

不过，戒烟不只是因","title: #烟草涨价,戒烟的人会变多吗?# 5年前我是一名吸烟者，但我现在已经戒烟5年了。说心里话，想戒烟还点靠自己的决心。 烟草涨价是一种常见的控烟手段，涨价后会对吸烟者产生经济上的压力，进而影响他们的抽烟习惯。因此，一部分吸烟者可能会因为烟草涨价而选择逐渐减少抽烟的频率或者彻底戒烟。 不过，戒烟不只是因 summary: 5年前我是一名吸烟者，但我现在已经戒烟5年了。说心里话，想戒烟还点靠自己的决心。烟草涨价是一种常见的控烟手段，涨价后会对吸烟者产生经济上的压力，进而影响他们的抽烟习惯。因此，一部分吸烟者可能会因为烟草涨价而选择逐渐减少抽烟的频率或者彻底戒烟。不过，戒烟不只是因。 content: #烟草涨价,戒烟的人会变多吗?# 5年前我是一名吸烟者，但我现在已经戒烟5年了。说心里话，想戒烟还点靠自己的决心。 烟草涨价是一种常见的控烟手段，涨价后会对吸烟者产生经济上的压力，进而影响他们的抽烟习惯。因此，一部分吸烟者可能会因为烟草涨价而选择逐渐减少抽烟的频率或者彻底戒烟。 不过，戒烟不只是因""",微头条,大杰有曰,2024-01-25 14:17:24,http://www.toutiao.com/w/1789042040014876/,未知,戒烟、控烟,正面,未知
202401016864,"#烟草涨价,戒烟的人会变多吗?#
5年前我是一名吸烟者，但我现在已经戒烟5年了。说心里话，想戒烟还点靠自己的决心。
烟草涨价是一种常见的控烟手段，涨价后会对吸烟者产生经济上的压力，进而影响他们的抽烟习惯。因此，一部分吸烟者可能会因为烟草涨价而选择逐渐减少抽烟的频率或者彻底戒烟。
不过，戒烟不只是因为烟草价格的影响，还有很多其他因素，如健康因素、社会因素等。戒烟需要吸烟者本人有意愿并付出一定的努力，涨价只是提供了一个更好的机会和动力来戒烟，但并不能直接决定戒烟的人数。
因此，烟草涨价可能会对一部分人起到促进戒烟的作用，但对于那些对抽烟有强烈依赖的人，涨价可能影响不大。戒烟还需要人们重视健康、坚定信念，通过积极的方式和方法来实现。","title: #烟草涨价,戒烟的人会变多吗?# 5年前我是一名吸烟者，但我现在已经戒烟5年了。说心里话，想戒烟还点靠自己的决心。 烟草涨价是一种常见的控烟手段，涨价后会对吸烟者产生经济上的压力，进而影响他们的抽烟习惯。因此，一部分吸烟者可能会因为烟草涨价而选择逐渐减少抽烟的频率或者彻底戒烟。 不过，戒烟不只是因为烟草价格的影响，还有很多其他因素，如健康因素、社会因素等。戒烟需要吸烟者本人有意愿并付出一定的努力，涨价只是提供了一个更好的机会和动力来戒烟，但并不能直接决定戒烟的人数。 因此，烟草涨价可能会对一部分人起到促进戒烟的作用，但对于那些对抽烟有强烈依赖的人，涨价可能影响不大。戒烟还需要人们重视健康、坚定信念，通过积极的方式和方法来实现。 summary: 5年前我是一名吸烟者，但我现在已经戒烟5年了。说心里话，想戒烟还点靠自己的决心。戒烟需要吸烟者本人有意愿并付出一定的努力，涨价只是提供了一个更好的机会和动力来戒烟，但并不能直接决定戒烟的人数。戒烟还需要人们重视健康、坚定信念，通过积极的方式和方法来实现。 content: #烟草涨价,戒烟的人会变多吗?# 5年前我是一名吸烟者，但我现在已经戒烟5年了。说心里话，想戒烟还点靠自己的决心。 烟草涨价是一种常见的控烟手段，涨价后会对吸烟者产生经济上的压力，进而影响他们的抽烟习惯。因此，一部分吸烟者可能会因为烟草涨价而选择逐渐减少抽烟的频率或者彻底戒烟。 不过，戒烟不只是因为烟草价格的影响，还有很多其他因素，如健康因素、社会因素等。戒烟需要吸烟者本人有意愿并付出一定的努力，涨价只是提供了一个更好的机会和动力来戒烟，但并不能直接决定戒烟的人数。 因此，烟草涨价可能会对一部分人起到促进戒烟的作用，但对于那些对抽烟有强烈依赖的人，涨价可能影响不大。戒烟还需要人们重视健康、坚定信念，通过积极的方式和方法来实现。 """,微头条,大杰有曰,2024-01-25 14:17:24,http://www.toutiao.com/w/i1789042040014876/,未知,戒烟、控烟,正面,未知
202401016887,六十三岁老人，强行戒烟，结果是啥？60岁以后，还有必要戒烟吗？,"title: 六十三岁老人，强行戒烟，结果是啥？60岁以后，还有必要戒烟吗？ summary: 六十三岁老人，强行戒烟，结果是啥？60岁以后，还有必要戒烟吗？据统计，我国有超过3亿吸烟者，占全球吸烟人口的四分之一。吸烟人群主要集中在男性，女性吸烟者相对较少。吸烟者的年龄分布广泛，从青少年到中老年都有涉及。通过合理的戒烟方法，可以成功地戒烟，同时也有助于身体健康和长期的生活质量。 content: 我国是世界上最大的烟草生产国和消费国，烟草产业在国民经济中占据着重要的地位，然而，随着人们健康意识的提高和控烟政策的不断加强，我国吸烟状况也呈现出一些新的特点和趋势。据统计，我国有超过3亿吸烟者，占全球吸烟人口的四分之一。吸烟人群主要集中在男性，女性吸烟者相对较少。吸烟者的年龄分布广泛，从青少年到中老年都有涉及。""烟草控制和禁烟措施的力度不断加强，政府出台了一系列控烟政策，包括禁止在公共场所吸烟、加强烟草广告监管等，同时，烟草企业也在逐步推进戒烟计划，加强员工健康管理。吸烟对身体的危害首先，烟草中的尼古丁会对中枢神经系统产生负面影响，导致头痛、失眠、注意力不集中等问题。长期吸烟还可能引发焦虑、抑郁等心理问题，影响个人情绪和心理健康。其次，吸烟会对呼吸系统造成严重伤害。烟雾中的有害物质会刺激呼吸道，引发咳嗽、咳痰、气喘等症状。长期吸烟会增加患上慢性阻塞性肺疾病、肺癌等呼吸系统疾病的风险。此外，吸烟还会对心血管系统造成危害。烟草中的有害物质会导致血管痉挛、动脉粥样硬化，增加患上高血压、冠心病等心血管疾病的风险。吸烟还会影响血脂代谢，增加血液中的坏胆固醇水平，对身体健康产生不良影响。""最后，吸烟还会对身体健康产生其他负面影响。例如，吸烟会损伤消化系统，增加患上胃炎、胃溃疡等消化系统疾病的风险；吸烟还会影响生殖系统，增加不孕不育的风险。此外，吸烟还会加速皮肤老化，增加皱纹和色斑的形成，影响个人形象和自信心。六十三岁老人，强行戒烟，结果是啥？60岁以后，还有必要戒烟吗？六十三岁的老人决定强行戒烟，这是一个需要极大决心和毅力的过程，对于这位老人来说，戒烟的初衷可能是为了改善自己的身体健康状况，减少患上各种疾病的风险。然而，戒烟对于许多人来说并非易事，尤其是对于那些长期吸烟的人。在开始戒烟的初期，老人可能会经历一些戒断症状，如焦虑、头痛、食欲增加等。这些症状可能使他感到不适，但这也是身体逐渐适应没有尼古丁的过程。为了克服这些症状，老人可能需要寻求医生的专业建议，或者尝试一些戒烟辅助工具，如口香糖或戒烟贴。""经过一段时间的努力，如果老人能够成功戒烟，他的身体状况可能会得到显著改善。他的呼吸会变得更顺畅，肺部功能也可能会有所提升。此外，他的心脏病和中风的风险也会降低。这些好处都是他努力戒烟的回报。至于60岁以后是否还有必要戒烟，答案无疑是肯定的。无论年龄多大，戒烟都有利于身体健康。虽然戒烟可能不会立即带来明显的改变，但长期坚持下去，老人仍然可以享受到更好的生活质量。戒烟时要注意什么首先，心理准备。戒烟需要坚定的决心和信心，要明确戒烟的目的和意义，并充分了解吸烟的危害和戒烟的益处。其次，逐渐减少吸烟量。逐步减少吸烟量可以逐渐适应没有香烟的生活，减轻戒烟时的不适感。可以采用逐渐减少吸烟频率或逐渐减少单次吸烟量的方法来逐渐减少吸烟量。第三，替代品的使用。使用替代品可以帮助缓解戒烟时的焦虑和不适感，例如口香糖、糖果、巧克力等。同时，也可以尝试一些戒烟贴片或戒烟口香糖等辅助产品。""第四，注意身体反应。戒烟后可能会出现一些身体不适的反应，例如头痛、恶心、咳嗽、失眠等。这些反应可能是由于身体对香烟的依赖性导致的，通常会在一段时间后自行消失。如果出现严重的不适反应，应及时就医。第五，保持积极的生活方式。戒烟后应该保持积极的生活方式，例如加强锻炼、合理饮食、保证充足的睡眠等，这些都有助于缓解戒烟时的身体不适感，同时也有助于身体健康。总之，戒烟需要充分的准备和耐心，要逐步适应没有香烟的生活，并注意身体反应和保持积极的生活方式。通过合理的戒烟方法，可以成功地戒烟，同时也有助于身体健康和长期的生活质量。",百家号,海子说医聊,2024-01-25 11:43:37,http://baijiahao.baidu.com/s?id=1789032364952980220,未知,戒烟、控烟,中性,未知
202401016893,【“三抓三促”行动进行时】永靖县开展“无烟佳节 与爱同行”宣传活动,"title: 【“三抓三促”行动进行时】永靖县开展“无烟佳节 与爱同行”宣传活动 summary: 氛围,县卫健局组织县人民医院、中医院、妇保院、康盛慈民医院、刘家峡镇社区卫生服务中心等单位于1月24日在太极文化广场集中开展无烟佳节与爱同行控烟宣传活动。 content: ""氛围,县卫健局组织县人民医院、中医院、妇保院、康盛慈民医院、刘家峡镇社区卫生服务中心等单位于1月24日在太极文化广场集中开展“无烟佳节 与爱同行”控烟宣传活动。全县各机关单位和各医疗单位于1月下旬统一开展线下控烟宣传、咨询等活动。""此次控烟宣传活动共组织30余名医务人员为群众开展了“无烟佳节与爱同行”的主题宣传，通过现场量血压、测血糖、发放药品和宣传品、健康咨询等义诊活动让群众详细了解了吸烟有害健康的相关知识。各乡镇卫生院在各自辖区同步开展主题宣传活动。活动现场共悬挂横幅30条，展出健康知识和政策展板128块，发放宣传册10300份、实物6种3240份，得到广大群众的一致称赞。""临近佳节，全县党政机关、卫生健康系统充分利用电子显示屏、微信平台、微信朋友圈、快手、小视频等新媒体，大力弘扬无烟健康过节文化，倡导过节不吸烟、不敬烟、不送烟，“对二手烟说不”，共度无烟佳节 与爱同行。""""",头条号,健康永靖,2024-01-25 11:25:38,http://www.toutiao.com/w/i7327870311288799783/,未知,控烟,正面,未知
202401016899,中宁县市场监管局开展“无烟佳节 与爱同行”科普宣传活动,"title: 中宁县市场监管局开展“无烟佳节 与爱同行”科普宣传活动 summary: 为深入开展健康中国行动和爱国卫生运动，进一步推进控烟工作，倡导文明健康生活方式，营造春节期间的无烟氛围，1月24日下午，中宁县市场监管局在富康广场开展了以无烟佳节与爱同行为主题的科普宣传活动。 content: ""为深入开展健康中国行动和爱国卫生运动，进一步推进控烟工作，倡导文明健康生活方式，营造春节期间的无烟氛围，1月24日下午，中宁县市场监管局在富康广场开展了以“无烟佳节 与爱同行”为主题的科普宣传活动。""活动现场通过悬挂宣传横幅、向过往群众发放科普宣传资料、宣传品等多种方式，讲解烟草对身心健康的危害，积极引导广大群众不在公共场所吸烟，倡导群众养成文明健康的生活方式，努力营造全社会人人参与控烟、人人支持控烟的良好局面。同时，在局机关内广泛开展控烟宣传教育，做好无烟单位巩固工作。此次宣传活动共发放宣传材料和宣传画册80余份，参与人数100余人。""通过此次“无烟佳节 与爱同行”宣传活动，让广大职工群众对健康过佳节及烟草危害有了更深刻的认识，引导群众践行文明健康绿色环保的生活方式，进一步提高了群众的戒烟意识，形成了良好的无烟氛围，为营造健康、整洁、和谐的社会环境打下良好基础。（贾兆祺）编辑：马璐瑶审核：董思文""",头条号,中国食品安全报宁夏站,2024-01-25 10:36:35,http://www.toutiao.com/w/i7327854278872564236/,未知,控烟、戒烟,正面,未知
202401016905,垣曲县新城镇卫生院走进校园开展防烟控烟知识宣讲活动,"title: 垣曲县新城镇卫生院走进校园开展防烟控烟知识宣讲活动 summary: 垣曲县新城镇卫生院走进校园开展防烟控烟知识宣讲活动校园控烟，我们在行动，健康未来，我们共同创造。 content: 校园控烟，我们在行动，健康未来，我们共同创造。近日，垣曲县新城镇卫生院工作人员走进古堆小学中心学校开展防烟控烟知识讲座，旨在通过开展青少年控烟工作，加强青少年对控烟理念的理解和认同，自觉树立控烟意识，养成良好的健康生活方式，并帮助青少年树立“拒吸第一支烟，做无烟新一代。”""""做无烟校园的卫士，以民族振兴为己任，为建设无烟校园和美丽中国贡献力量。通过本次讲座，让大家更加了解了吸烟对健康的危害性，号召大家在日常生活中要积极拒绝香烟，为自己和他人的健康保驾护航，同时也呼吁社会各界共同关注青少年吸烟问题，为青少年提供更多的健康教育和支持。特 别 提 示世界卫生组织数据显示，由于使用烟草，在全球范围内，每年800万人被夺去生命。从心脏病发病风险来看，吸烟者和经常吸二手烟的人，心脏病发病风险较高。从免疫系统功能来看，吸烟会削弱免疫系统，令抗感染能力降低，容易出现呼吸道感染。此外，还有不育、糖尿病并发症、血栓等疾病不知不觉地侵入你的身体。1.远离烟草，拒绝吸烟。自觉养成不吸烟的个人生活习惯，有益于健康；不让别人吸二手烟，体现高尚的社会道德。2.自觉抵制诱惑，不主动吸烟。主动了解烟草危害知识，养成健康文明的无烟生活方式，我的健康我做主。要勇于拒绝第一支烟，主动远离电子烟，争做“不吸烟、我健康、我时尚”的一代新人。3.遵守公共场所&amp;#34;禁止吸烟&amp;#34;规定。尊重他人的健康权益，遵守公共场所文明行为规范，自觉维护无烟环境。积极劝阻他人不要在公共场所吸烟，主动对二手烟说“不”。领导干部和教师、医务人员要带头示范，树立一个好榜样。4.珍爱生命，积极参与控烟。每个人要积极成为控烟“志愿者”，共建无烟工作环境。倡导婚丧嫁娶无烟习俗，朋友交往不敬烟、过年过节不送烟。让我们携起手来，共同营造“人人关注控烟、人人参与控烟、人人享有健康”的良好氛围。""【来源：垣曲县医疗集团】",头条号,山西法眼,2024-01-25 10:36:04,http://www.toutiao.com/w/i7327857607157449216/,未知,控烟,正面,未知
202401016911,马庄街道开展“无烟佳节，与爱同行”控烟主题活动,"title: 马庄街道开展“无烟佳节，与爱同行”控烟主题活动 summary: 马庄街道开展无烟佳节，与爱同行控烟主题活动为进一步提高辖区居民对烟草危害的认识，加强控烟宣传，倡导健康生活方式。活动现场，许多居民纷纷表示，通过此次活动，他们对烟草危害有了更加深刻的认识，将自觉抵制烟草，积极参与控烟行动，为创建无烟环境贡献自己的一份力量。 content: 为进一步提高辖区居民对烟草危害的认识，加强控烟宣传，倡导健康生活方式。1月24日下午，马庄街道积极开展“无烟佳节，与爱同行”控烟主题活动。""本次活动紧紧围绕“无烟佳节，与爱同行”的主题，采取多种形式，广泛传播控烟知识。活动现场，工作人员通过设立咨询台、悬挂宣传横幅、发放宣传资料、开展控烟讲座等方式，向居民普及烟草危害知识，让广大群众了解到吸烟对身体健康的危害，提高居民的控烟意识。此外，为进一步扩大控烟宣传力度，马庄街道还充分利用辖区电子显示屏、宣传标语、宣传栏、居民微信群、控烟健康知识讲座、戒烟咨询志愿服务等形式，推送控烟知识及活动信息，引导居民关注和支持控烟工作。并通过有奖问答等形式，激发居民参与热情，让控烟知识深入人心。""活动现场，许多居民纷纷表示，通过此次活动，他们对烟草危害有了更加深刻的认识，将自觉抵制烟草，积极参与控烟行动，为创建无烟环境贡献自己的一份力量。（李搴）",网易号,城经新闻,2024-01-25 10:31:18,http://dy.163.com/article/IP9RMIRC05532VWJ.html,未知,控烟、戒烟,正面,未知
202401016923,电子烟对身体健康有什么影响？,"title: 电子烟对身体健康有什么影响？ summary: 电子烟对身体健康有什么影响？在现代社会，电子烟已经成为许多人戒烟、控烟的首选工具。然而，随着电子烟的普及，关于电子烟对身体健康的影响也成为了人们关注的焦点。今天，我们就来聊聊这个话题，看看电子烟究竟是好是坏，以及我们该如何正确使用它。电子烟并非完全无害，但相对于传统香烟来说，其危害确实要小很多。 content: 在现代社会，电子烟已经成为许多人戒烟、控烟的首选工具。然而，随着电子烟的普及，关于电子烟对身体健康的影响也成为了人们关注的焦点。今天，我们就来聊聊这个话题，看看电子烟究竟是好是坏，以及我们该如何正确使用它。我们来看看电子烟的工作原理。电子烟是通过加热含有尼古丁、甘油、丙二醇等成分的液体产生蒸汽，用户吸入后达到类似吸烟的效果。与传统香烟相比，电子烟不含烟草燃烧产生的有害物质，如焦油、一氧化碳等，因此在一定程度上减少了对身体的危害。""，电子烟真的对身体无害吗？事实上，电子烟并非完全无害。虽然电子烟中的有害物质较少，但其中含有的尼古丁仍然是上瘾的物质。长期吸食尼古丁会对人体神经系统产生影响，可能导致注意力不集中、记忆力下降等问题。此外，电子烟中的甘油和丙二醇在加热过程中可能产生甲醛、丙烯醛等有害物质，长期吸入也可能对呼吸系统产生刺激。面对这些影响，我们该如何正确使用电子烟呢？以下几点建议供大家参考：1. 选择正规品牌的电子烟产品。市面上的电子烟产品良莠不齐，选择正规品牌的产品可以降低购买到劣质产品的风险。2. 适量使用电子烟。虽然电子烟相对传统香烟危害较小，但尼古丁仍然具有一定的成瘾性。因此，建议大家适量使用电子烟，尽量不要过度依赖。3. 注意电子烟的使用环境。为了避免二手烟对他人的影响，建议大家在公共场合避免使用电子烟。4. 定期检查身体状况。如果在使用电子烟的过程中出现不适症状，如咳嗽、喉咙痛等，建议及时就医检查。5. 考虑使用无尼古丁电子烟。目前市场上已经出现了一些无尼古丁的电子烟产品，这类产品对身体的危害更小。如果您担心尼古丁的问题，可以考虑尝试无尼古丁电子烟。电子烟并非完全无害，但相对于传统香烟来说，其危害确实要小很多。正确使用电子烟，可以在一定程度上帮助我们戒烟、控烟，减少对身体的危害。当然，最好的选择还是远离烟草，过上健康的生活。",头条号,云淡风清过千帆,2024-01-25 10:04:30,http://www.toutiao.com/w/i7327850334826005004/,未知,戒烟、控烟,中性,未知
202401016935,章丘区妇女儿童活动中心开展“无烟佳节 与爱同行”主题教育活动,"title: 章丘区妇女儿童活动中心开展“无烟佳节 与爱同行”主题教育活动 summary: 为深入贯彻落实《关于领导干部带头在公共场所禁烟有关事项的通知》和《关于实施健康中国行动的意见》要求，进一步推动控烟工作开展，引导群众践行文明健康绿色环保生活方式，营造春节无烟氛围及无烟、绿色、文明的健康校园环境，加强控烟的科普宣传，确保师生身心健康。 content: ""为深入贯彻落实《关于领导干部带头在公共场所禁烟有关事项的通知》和《关于实施健康中国行动的意见》要求，进一步推动控烟工作开展，引导群众践行文明健康绿色环保生活方式，营造春节无烟氛围及”无烟、绿色、文明”的健康校园环境，加强控烟的科普宣传，确保师生身心健康，章丘区妇女儿童活动中心积极响应号召，全面启动禁烟工作，以实际行动创建无烟校园。""开展“无烟佳节 与爱同行”主题课程素质班开展了“无烟佳节 与爱同行”为主题的活动，在课堂上，同学们了解了吸烟的巨大危害性，烟草中含有多种有毒物质，尼古丁的危害最大且具有成瘾性。在观看了长期吸烟的人的肺部图片，同学们都表示回家后要劝诫自己的家人尽早戒烟。""小手拉大手共同签署“控烟〞承诺书活动中心呼吁家长一同参与“小手拉大手”活动，将禁烟活动延伸到每一户家庭。为了让孩子们健康成长，活动中心倡议从现在做起，拒绝烟草，控制吸烟，减少烟害，珍爱生命。""制作“无烟佳节 与爱同行”手抄报活动中心教师积极发动学生创作以&amp;#34;无烟佳节 与爱同行”世界无烟日为主题的手抄报，每张手抄报都围绕着吸烟的危害性进行创作。""通过一系列活动，全体师生共同了解到吸烟的危害性，唤起了学生保护身心健康的意识，倡导健康生活、绿色生活，从拒绝吸烟做起。活动中心也将一如既往地做好禁烟工作，继续创建和谐、美好的无烟校园！",头条号,章丘女性,2024-01-25 09:15:52,http://www.toutiao.com/w/i7327837862123192873/,未知,控烟、戒烟,正面,未知
202401016942,从抽7-8毫克的烟 到现在抽1毫克后 早上起来有黑痰 是不是也属于控烟的效果,title: 从抽7-8毫克的烟 到现在抽1毫克后 早上起来有黑痰 是不是也属于控烟的效果 summary: 从抽7-8毫克的烟到现在抽1毫克后早上起来有黑痰是不是也属于控烟的效果从抽7-8毫克的烟到现在抽1毫克后早上起来有黑痰是不是也属于控烟的效果。 content: 从抽7-8毫克的烟 到现在抽1毫克后 早上起来有黑痰 是不是也属于控烟的效果,微头条,大宝SKII蜜,2024-01-25 09:02:54,http://www.toutiao.com/w/i1789022253658187/,未知,控烟,中性,未知
202401016954,"泗县大杨镇卫生院开展“无烟佳节，与爱同行”控烟宣传活动

为进一步推动控烟工作，引导群众养成文明健康、绿色环保的生活方式，提高群众对吸烟危害性的认识，1月24日，泗县大杨镇卫生院在辖区街道开展“无烟佳节，与爱同行”控烟宣传活动。

活动现场，医务人员通过悬挂条幅、摆放咨询台、发放控烟宣传手册等方式，","title: 泗县大杨镇卫生院开展“无烟佳节，与爱同行”控烟宣传活动 为进一步推动控烟工作，引导群众养成文明健康、绿色环保的生活方式，提高群众对吸烟危害性的认识，1月24日，泗县大杨镇卫生院在辖区街道开展“无烟佳节，与爱同行”控烟宣传活动。 活动现场，医务人员通过悬挂条幅、摆放咨询台、发放控烟宣传手册等方式， summary: 为进一步推动控烟工作，引导群众养成文明健康、绿色环保的生活方式，提高群众对吸烟危害性的认识，1月24日，泗县大杨镇卫生院在辖区街道开展无烟佳节，与爱同行控烟宣传活动。活动现场，医务人员通过悬挂条幅、摆放咨询台、发放控烟宣传手册等方式，泗县大杨镇卫生院开展无烟佳节，与爱同行控烟宣传活动。 content: 泗县大杨镇卫生院开展“无烟佳节，与爱同行”控烟宣传活动 为进一步推动控烟工作，引导群众养成文明健康、绿色环保的生活方式，提高群众对吸烟危害性的认识，1月24日，泗县大杨镇卫生院在辖区街道开展“无烟佳节，与爱同行”控烟宣传活动。 活动现场，医务人员通过悬挂条幅、摆放咨询台、发放控烟宣传手册等方式，""""",微头条,医心医意全心全意,2024-01-25 08:43:15,http://www.toutiao.com/w/1789021017415755/,未知,控烟,正面,未知
202401016960,"泗县大杨镇卫生院开展“无烟佳节，与爱同行”控烟宣传活动
为进一步推动控烟工作，引导群众养成文明健康、绿色环保的生活方式，提高群众对吸烟危害性的认识，1月24日，泗县大杨镇卫生院在辖区街道开展“无烟佳节，与爱同行”控烟宣传活动。
活动现场，医务人员通过悬挂条幅、摆放咨询台、发放控烟宣传手册等方式，向群众讲解吸烟的危害性、戒烟的方法等知识，引导群众摒弃不良习惯，养成健康的生活方式。
通过此次活动，提高了群众对于吸烟危害性的认识，增强了群众的控烟意识，对创建健康无烟的环境起到了积极的作用。#每日创作打卡##泗县##宿州头条#","title: 泗县大杨镇卫生院开展“无烟佳节，与爱同行”控烟宣传活动 为进一步推动控烟工作，引导群众养成文明健康、绿色环保的生活方式，提高群众对吸烟危害性的认识，1月24日，泗县大杨镇卫生院在辖区街道开展“无烟佳节，与爱同行”控烟宣传活动。 活动现场，医务人员通过悬挂条幅、摆放咨询台、发放控烟宣传手册等方式，向群众讲解吸烟的危害性、戒烟的方法等知识，引导群众摒弃不良习惯，养成健康的生活方式。 通过此次活动，提高了群众对于吸烟危害性的认识，增强了群众的控烟意识，对创建健康无烟的环境起到了积极的作用。#每日创作打卡##泗县##宿州头条# summary: 为进一步推动控烟工作，引导群众养成文明健康、绿色环保的生活方式，提高群众对吸烟危害性的认识，1月24日，泗县大杨镇卫生院在辖区街道开展无烟佳节，与爱同行控烟宣传活动。#每日创作打卡##泗县##宿州头条#泗县大杨镇卫生院开展无烟佳节，与爱同行控烟宣传活动. content: 泗县大杨镇卫生院开展“无烟佳节，与爱同行”控烟宣传活动 为进一步推动控烟工作，引导群众养成文明健康、绿色环保的生活方式，提高群众对吸烟危害性的认识，1月24日，泗县大杨镇卫生院在辖区街道开展“无烟佳节，与爱同行”控烟宣传活动。 活动现场，医务人员通过悬挂条幅、摆放咨询台、发放控烟宣传手册等方式，向群众讲解吸烟的危害性、戒烟的方法等知识，引导群众摒弃不良习惯，养成健康的生活方式。 通过此次活动，提高了群众对于吸烟危害性的认识，增强了群众的控烟意识，对创建健康无烟的环境起到了积极的作用。#每日创作打卡##泗县##宿州头条# "" """,微头条,医心医意全心全意,2024-01-25 08:43:15,http://www.toutiao.com/w/i1789021017415755/,未知,控烟、戒烟,正面,未知
202401016973,嗨！白山新闻来了 | 白山代表出席省十四届人大三次会议,"title: 嗨！白山新闻来了 | 白山代表出席省十四届人大三次会议 summary: ●1月24日上午，出席省十四届人大三次会议的白山代表聆听了省长胡玉亭所做的《政府工作报告》。●近日，白山市人民检察院联合市中医院开展以党建引领促合作，义诊关爱暖人心为主题的义诊活动。近日，江源区松树社区联合镇卫生院开展远离烟草、关爱生命控烟健康知识讲座。 content: ""●1月24日上午，出席省十四届人大三次会议的白山代表聆听了省长胡玉亭所做的《政府工作报告》。●近日，白山市人民检察院联合市中医院开展以“党建引领促合作，义诊关爱暖人心”为主题的义诊活动。""●近日，市水务局携手宜宾社区组织开展“党建联盟解民忧”活动。""●近日，白山市森林消防支队深入抚松县大队指导党委专题组织生活会。●近日，市城管执法局环卫中心全面开展“节前大扫除”活动。""●抚松县：弘扬诚信文化 宣传诚信理念近日，抚松县露水河镇开展“弘扬诚信文化 宣传诚信理念”主题宣传活动。""●临江市：消除安全隐患确保安全出行近日，临江市蚂蚁河乡在辖区内组织开展了清雪除冰活动。●江源区：开展知识讲座 营造洁净环境近日，江源区松树社区联合镇卫生院开展“远离烟草、关爱生命”控烟健康知识讲座。""●长白县：筑牢消防意识 守紧消防底线近日，长白县新房子镇中学开展了线上消防安全知识培训活动。2024年1月25日 星期四白天到夜间 晴偏西风2-3级-22℃到-5℃温馨提示：“四九”末迎来回温，未来一周我市气温稳步回升，但昼夜温差较大，居民出行还需注意防寒保暖，避免感冒和心脑血管等疾病的发生。来源：白山市气象局责任编辑：李慧龙 曹阳",企鹅号,白山融媒,2024-01-25 07:25:39,http://xw.qq.com/cmsid/20240125A00WQ100,未知,控烟,中性,未知
202401016979,日本控烟？大阪亲见~~,title: 日本控烟？大阪亲见~~ summary: 大阪亲见~~大阪~街头和巷子里随处可见抽烟的和地上烟头。 content: 大阪~街头和巷子里随处可见抽烟的和地上烟头。当然很多是用“懒人烟嘴”这样不会掉烟灰也不容易被人发现……,小红书,徽州路60号,2024-01-25 07:04:00,http://www.xiaohongshu.com/discovery/item/65b19785000000000c0055f2,未知,控烟,中性,未知
202401016985,城管开展室内控烟执法检查,title: 城管开展室内控烟执法检查 summary: 记者王琪鹏通讯员刘满清）春节将至，亲朋好友聚会增多。在簋街，执法人员在对一家因控烟工作不力而被处罚的餐饮单位进行复查时发现，该餐饮单位已整改到位，只要发现顾客有吸烟的迹象，店员就会第一时间上前劝阻。对于个别不听劝阻的人员，餐饮单位会及时向执法部门报告。 content: 本报讯（记者 王琪鹏 通讯员刘满清）春节将至，亲朋好友聚会增多。为进一步推动控烟工作，东城区持续加大对商务楼宇、商场超市、餐饮单位、宾馆酒店等室内公共场所的控烟执法检查力度，确保公共场所无烟环境得到有效维护。 在建国门街道中粮大厦，街道综合行政执法队近日对大厦的控烟工作进行了突击检查。在检查中，执法队员分别对逃生通道、楼道、卫生间、电梯间等区域进行逐一检查，未发现吸烟人员。 在安定门街道，执法人员对宾馆酒店经营单位的控烟情况进行检查。执法人员将提示挂在嘴边，叮嘱经营者在旅客办理登记入住过程中明确要求室内禁止吸烟。执法人员介绍，室内公共场所严格控烟，一是为了防止“二手烟”影响其他人员身体健康，二是为了防止因疏忽大意酿成火灾。 执法人员根据投诉举报线索，还对部分餐饮单位进行了执法检查。在簋街，执法人员在对一家因控烟工作不力而被处罚的餐饮单位进行复查时发现，该餐饮单位已整改到位，只要发现顾客有吸烟的迹象，店员就会第一时间上前劝阻。对于个别不听劝阻的人员，餐饮单位会及时向执法部门报告。,新浪号,北京日报,2024-01-25 05:01:10,http://finance.sina.cn/2024-01-25/detail-inaesnst9086025.d.html,未知,控烟,中性,未知
202401016991,鄂托克旗爱国卫生运动委员会办公室开展“无烟佳节 与爱同行”宣传活动,"title: 鄂托克旗爱国卫生运动委员会办公室开展“无烟佳节 与爱同行”宣传活动 summary: 鄂托克旗爱国卫生运动委员会办公室开展无烟佳节与爱同行宣传活动为巩固国家卫生县城创建成果，引导城乡居民践行文明健康、绿色环保生活方式，营造新春佳节期间无烟氛围，1月24日。旗爱卫办联合旗公用事业服务中心、旗市监局、旗教体局、旗卫生健康综合行政执法大队等成员单位开展无烟佳节与爱同行宣传活动。 content: 为巩固国家卫生县城创建成果，引导城乡居民践行文明健康、绿色环保生活方式，营造新春佳节期间无烟氛围，1月24日，旗爱卫办联合旗公用事业服务中心、旗市监局、旗教体局、旗卫生健康综合行政执法大队等成员单位开展“无烟佳节 与爱同行”宣传活动。""此次活动正值春节前夕，工作人员通过发放宣传资料等形式向群众介绍了烟草的危害、戒烟的方法，引导和鼓励广大居民积极参与控烟活动，倡导过节不吸烟、不敬烟、不送烟，“对二手烟说不”，共度无烟佳节。""活动共发放控烟宣传册、宣传品200余份，提高了居民对吸烟危害的认识，营造了无烟佳节氛围。""编辑 | 李 伟制作 | 李 伟原标题：《鄂托克旗爱国卫生运动委员会办公室开展“无烟佳节 与爱同行”宣传活动》阅读原文",头条号,澎湃新闻客户端,2024-01-25 04:58:42,http://www.toutiao.com/w/i7327771661237994021/,未知,戒烟、控烟,正面,未知
202401017003,"#跑步多少公里才能达到瘦身目标#其实，这是一个伪命题。
第一，瘦身的方式方法是“管住嘴，迈开腿。”首先，要管住嘴，要控制饮食。控肥肉、控主食、控糖、控油、控盐、控酒控烟等一切与肥胖挂钩的饮食都必须控制。列举一些饮食细节，早餐要吃饱，但是和油条芝麻球这些油炸食品说拜拜，可现在鸡蛋白、脱脂牛奶、煮玉米红薯等；午餐要吃好，7分饱就够了，肉类选择鸡肉、牛肉、蔬菜，米饭以杂粮粗粮饭为主，多菜少饭；晚餐要吃少，基本不吃主食，可选择麦片为主，搭配鸡蛋白煮玉米煮红薯。
第二，运动，迈开腿。瘦身的运动是有氧运动和无氧运动相结合，因为我们追求的不光是瘦，还得有肌肉，还得健康，那么就需要跑步跳绳与撸铁相结合。跑步跳绳是减脂，撸铁是增肌塑造线条。
第三，以为个人亲身经历举例。连续跑步三年了，每年跑步量在700-900之间，细化一下，差不多每周跑3天，每天跑5-10公里，一周跑15-20公里。但是跑了两年半没长胖，但是基本没有瘦。原因在哪？后面结合医生的分析，是没有把管住嘴放第一位。最近半年，我首先做的就是控制饮食，如上所述，其次坚持运动。效果明显，直接瘦身5kg左右。","title: #跑步多少公里才能达到瘦身目标#其实，这是一个伪命题。 第一，瘦身的方式方法是“管住嘴，迈开腿。”首先，要管住嘴，要控制饮食。控肥肉、控主食、控糖、控油、控盐、控酒控烟等一切与肥胖挂钩的饮食都必须控制。列举一些饮食细节，早餐要吃饱，但是和油条芝麻球这些油炸食品说拜拜，可现在鸡蛋白、脱脂牛奶、煮玉米红薯等；午餐要吃好，7分饱就够了，肉类选择鸡肉、牛肉、蔬菜，米饭以杂粮粗粮饭为主，多菜少饭；晚餐要吃少，基本不吃主食，可选择麦片为主，搭配鸡蛋白煮玉米煮红薯。 第二，运动，迈开腿。瘦身的运动是有氧运动和无氧运动相结合，因为我们追求的不光是瘦，还得有肌肉，还得健康，那么就需要跑步跳绳与撸铁相结合。跑步跳绳是减脂，撸铁是增肌塑造线条。 第三，以为个人亲身经历举例。连续跑步三年了，每年跑步量在700-900之间，细化一下，差不多每周跑3天，每天跑5-10公里，一周跑15-20公里。但是跑了两年半没长胖，但是基本没有瘦。原因在哪？后面结合医生的分析，是没有把管住嘴放第一位。最近半年，我首先做的就是控制饮食，如上所述，其次坚持运动。效果明显，直接瘦身5kg左右。 summary: #跑步多少公里才能达到瘦身目标#其实，这是一个伪命题。瘦身的运动是有氧运动和无氧运动相结合，因为我们追求的不光是瘦，还得有肌肉，还得健康，那么就需要跑步跳绳与撸铁相结合。连续跑步三年了，每年跑步量在700-900之间，细化一下，差不多每周跑3天，每天跑5-10公里，一周跑15-20公里。效果明显，直接瘦身5kg左右。 content: #跑步多少公里才能达到瘦身目标#其实，这是一个伪命题。 第一，瘦身的方式方法是“管住嘴，迈开腿。”首先，要管住嘴，要控制饮食。控肥肉、控主食、控糖、控油、控盐、控酒控烟等一切与肥胖挂钩的饮食都必须控制。列举一些饮食细节，早餐要吃饱，但是和油条芝麻球这些油炸食品说拜拜，可现在鸡蛋白、脱脂牛奶、煮玉米红薯等；午餐要吃好，7分饱就够了，肉类选择鸡肉、牛肉、蔬菜，米饭以杂粮粗粮饭为主，多菜少饭；晚餐要吃少，基本不吃主食，可选择麦片为主，搭配鸡蛋白煮玉米煮红薯。 第二，运动，迈开腿。瘦身的运动是有氧运动和无氧运动相结合，因为我们追求的不光是瘦，还得有肌肉，还得健康，那么就需要跑步跳绳与撸铁相结合。跑步跳绳是减脂，撸铁是增肌塑造线条。 第三，以为个人亲身经历举例。连续跑步三年了，每年跑步量在700-900之间，细化一下，差不多每周跑3天，每天跑5-10公里，一周跑15-20公里。但是跑了两年半没长胖，但是基本没有瘦。原因在哪？后面结合医生的分析，是没有把管住嘴放第一位。最近半年，我首先做的就是控制饮食，如上所述，其次坚持运动。效果明显，直接瘦身5kg左右。 "" "" """,微头条,NicholasLeee,2024-01-25 02:48:45,http://www.toutiao.com/w/i1788998713704460/,未知,控烟,正面,未知
202401017009,"#跑步多少公里才能达到瘦身目标#其实，这是一个伪命题。
第一，瘦身的方式方法是“管住嘴，迈开腿。”首先，要管住嘴，要控制饮食。控肥肉、控主食、控糖、控油、控盐、控酒控烟等一切与肥胖挂钩的饮食都必须控制。列举一些饮食细节，早餐要吃饱，但是和油条芝麻球这些油炸食品说拜拜，可现在鸡蛋白、脱脂牛奶、煮玉米红","title: #跑步多少公里才能达到瘦身目标#其实，这是一个伪命题。 第一，瘦身的方式方法是“管住嘴，迈开腿。”首先，要管住嘴，要控制饮食。控肥肉、控主食、控糖、控油、控盐、控酒控烟等一切与肥胖挂钩的饮食都必须控制。列举一些饮食细节，早餐要吃饱，但是和油条芝麻球这些油炸食品说拜拜，可现在鸡蛋白、脱脂牛奶、煮玉米红 summary: #跑步多少公里才能达到瘦身目标#其实，这是一个伪命题。第一，瘦身的方式方法是管住嘴，迈开腿。首先，要管住嘴，要控制饮食。控肥肉、控主食、控糖、控油、控盐、控酒控烟等一切与肥胖挂钩的饮食都必须控制。列举一些饮食细节，早餐要吃饱，但是和油条芝麻球这些油炸食品说拜拜，可现在鸡蛋白、脱脂牛奶、煮玉米红。 content: #跑步多少公里才能达到瘦身目标#其实，这是一个伪命题。 第一，瘦身的方式方法是“管住嘴，迈开腿。”首先，要管住嘴，要控制饮食。控肥肉、控主食、控糖、控油、控盐、控酒控烟等一切与肥胖挂钩的饮食都必须控制。列举一些饮食细节，早餐要吃饱，但是和油条芝麻球这些油炸食品说拜拜，可现在鸡蛋白、脱脂牛奶、煮玉米红""""""",微头条,NicholasLeee,2024-01-25 02:48:45,http://www.toutiao.com/w/1788998713704460/,未知,控烟,中性,未知
202401017016,香烟价格上涨，几块钱的便宜烟不再提供,"title: 香烟价格上涨，几块钱的便宜烟不再提供 summary: 香烟价格上涨，几块钱的便宜烟不再提供&amp;gt。烟草行业掀起了一股价格风暴！网友们纷纷表示，这恐怕是控制烟民数量的好机会！你是否曾经想过，如果香烟价格上涨，能否减少烟民的数量？相较于便宜烟草，昂贵的香烟价格使得一些烟民开始重新考虑是否值得继续吸烟。 content: &amp;gt; 烟草行业掀起了一股价格风暴！近日，香烟价格大幅上涨，几块钱的便宜烟草品牌也纷纷退出市场。网友们纷纷表示，这恐怕是控制烟民数量的好机会！让我们来看看具体情况吧！""你是否曾经想过，如果香烟价格上涨，能否减少烟民的数量？最近，烟草市场上掀起了一股改革的浪潮，香烟价格普遍上涨，几块钱一包的便宜烟草品牌逐渐消失在柜台上。这一变化引发了广大网友的热议，有网友认为这是控制烟民数量的好机会。""烟草市场的这一轮改革引起了社会的广泛关注。随着种种限制措施的出台和社会舆论的引导，香烟价格正以前所未有的速度上涨。那些曾经几块钱就能买到的便宜烟草品牌，如今已经无法找到踪影。""这一价格上涨的措施引发了网友们的热议。有人表示，这是一种有效的控烟手段。在价格不断攀升的情况下，很多人不得不重新权衡自己抽烟的决定。几块钱一包的便宜烟草已经不再提供，这无疑对那些便宜烟草的忠实消费者们构成了一次挑战。""烟民们纷纷表示，虽然价格上涨让他们心疼，但也意识到这是控制烟民数量的利好消息。相较于便宜烟草，昂贵的香烟价格使得一些烟民开始重新考虑是否值得继续吸烟。曾经习惯每天一包的烟民们，面临的经济压力也在逐渐增大。""烟草行业的变革，也给一些想要戒烟的人们带来了新的希望。高昂的价格不仅促使烟民减少烟草的购买，还会有更多人因为经济压力选择戒烟。对于那些一直想要摆脱烟草束缚的人来说，这无疑是个利好的消息。""当然，烟草价格上涨的改革并非一蹴而就。戒烟并不是一件容易的事情，不同的人面临的困难和挑战也有所不同。但是，随着香烟价格的不断攀升，越来越多的烟民开始重新思考和权衡抽烟的利与弊。这也为更多人提供了一个戒烟的契机和动力。""让我们一起期待烟草行业的改革能够带来更多的正面影响！不管是对社会公共卫生的改善，还是对个人健康的关爱，每一步的进展都是我们追求美好生活的一部分。""温馨提示：吸烟有害健康，请合理调整自己的生活方式，保持健康的生活习惯。对于想要戒烟的人们，我们鼓励你们寻找适合自己的方式，坚持下去！感谢大家的关注和支持！",头条号,优雅百灵鸟,2024-01-25 00:41:43,http://www.toutiao.com/w/i7327497251968877068/,未知,控烟、戒烟,正面,未知
202401017022,控烟宣传，健康过年，无烟佳节，让我们一起呼吸清新的空气，远离烟草的危害,title: 控烟宣传，健康过年，无烟佳节，让我们一起呼吸清新的空气，远离烟草的危害 summary: 控烟宣传，健康过年，无烟佳节，让我们一起呼吸清新的空气，远离烟草的危害 content: 控烟宣传，健康过年，无烟佳节，让我们一起呼吸清新的空气，远离烟草的危害,网易号,心疼笔记本,2024-01-25 00:23:56,未知,未知,控烟,正面,未知
202401017028,"吸烟有害健康
但是谁知道我的经历#控烟达人","title: 吸烟有害健康 但是谁知道我的经历#控烟达人 summary: 但是谁知道我的经历#控烟达人。 content: 吸烟有害健康 但是谁知道我的经历#控烟达人 """,微头条,旺了斌崽,2024-01-25 00:03:16,http://www.toutiao.com/w/i7327695729743383827/,未知,控烟,中性,未知
202401016260,一方面社会控烟呼声越来强烈，国家不得不每年控制卷烟生产量，从2016年开始每年卷烟生产总量在逐年减少。另一方面国防军费开支每年都在递增，相应烟草税收也在递增，为了保税利，在年生产量只减不增的情况下，烟厂就只有通过调整产品结构，即减少四五类烟（5-10元）产量，增加高端烟（40元以上）产量，保中间普一类烟（15-30元）产量。,title: 一方面社会控烟呼声越来强烈，国家不得不每年控制卷烟生产量，从2016年开始每年卷烟生产总量在逐年减少。另一方面国防军费开支每年都在递增，相应烟草税收也在递增，为了保税利，在年生产量只减不增的情况下，烟厂就只有通过调整产品结构，即减少四五类烟（5-10元）产量，增加高端烟（40元以上）产量，保中间普一类烟（15-30元）产量。 summary: 一方面社会控烟呼声越来强烈，国家不得不每年控制卷烟生产量，从2016年开始每年卷烟生产总量在逐年减少。另一方面国防军费开支每年都在递增，相应烟草税收也在递增，为了保税利，在年生产量只减不增的情况下，烟厂就只有通过调整产品结构，即减少四五类烟（5-10元）产量，增加高端烟（40元以上）产量，保中间普一类烟（15-30元）产量。 content: 一方面社会控烟呼声越来强烈，国家不得不每年控制卷烟生产量，从2016年开始每年卷烟生产总量在逐年减少。另一方面国防军费开支每年都在递增，相应烟草税收也在递增，为了保税利，在年生产量只减不增的情况下，烟厂就只有通过调整产品结构，即减少四五类烟（5-10元）产量，增加高端烟（40元以上）产量，保中间普一类烟（15-30元）产量。,微头条,楚浏客,2024-01-24 21:23:38,未知,未知,控烟,中性,未知
202401016267,外国为了控烟、烟盒都有赖肺图案警示,title: 外国为了控烟、烟盒都有赖肺图案警示 summary: 外国为了控烟、烟盒都有赖肺图案警示 content: 外国为了控烟、烟盒都有赖肺图案警示,微头条,洒脱喜鹊WO,2024-01-24 21:06:25,未知,未知,控烟,中性,未知
202401016273,"临近春节，刘猴镇洪岗村小学开展无烟佳节与爱同行控烟宣传活动。
该校充分利用健康课、班队活动、主题班会、板报等形式向学生开展吸烟有害健康的宣传教育，让学生知晓哪些场合禁止吸烟，监督身边的大人不在公共场所吸烟，引导学生积极参与我劝父母戒烟的家校联系活动，帮助青少年树立拒吸第一支烟，做无烟新一代的理念。学校还利用周一例会时间，开展教职工的控烟、戒烟教育，进一步提高教职工的控烟能力。
通过此次活动，增强了师生自我保健意识和能力，进一步引导师生践行文明健康绿色环保生活方式，共度无烟健康佳节。","title: 临近春节，刘猴镇洪岗村小学开展无烟佳节与爱同行控烟宣传活动。 该校充分利用健康课、班队活动、主题班会、板报等形式向学生开展吸烟有害健康的宣传教育，让学生知晓哪些场合禁止吸烟，监督身边的大人不在公共场所吸烟，引导学生积极参与我劝父母戒烟的家校联系活动，帮助青少年树立拒吸第一支烟，做无烟新一代的理念。学校还利用周一例会时间，开展教职工的控烟、戒烟教育，进一步提高教职工的控烟能力。 通过此次活动，增强了师生自我保健意识和能力，进一步引导师生践行文明健康绿色环保生活方式，共度无烟健康佳节。 summary: 临近春节，刘猴镇洪岗村小学开展""无烟佳节与爱同行""控烟宣传活动。 content: 临近春节，刘猴镇洪岗村小学开展""无烟佳节与爱同行""控烟宣传活动。 该校充分利用健康课、班队活动、主题班会、板报等形式向学生开展吸烟有害健康的宣传教育，让学生知晓哪些场合禁止吸烟，监督身边的大人不在公共场所吸烟，引导学生积极参与""我劝父母戒烟""的家校联系活动，帮助青少年树立""拒吸第一支烟，做无烟新一代""的理念。学校还利用周一例会时间，开展教职工的控烟、戒烟教育，进一步提高教职工的控烟能力。 通过此次活动，增强了师生自我保健意识和能力，进一步引导师生践行文明健康绿色环保生活方式，共度无烟健康佳节。",微头条,熊明雪,2024-01-24 20:46:56,http://www.toutiao.com/w/i1788975950489610/,未知,控烟、戒烟,正面,未知
202401016279,"临近春节，刘猴镇洪岗村小学开展无烟佳节与爱同行控烟宣传活动。
该校充分利用健康课、班队活动、主题班会、板报等形式向学生开展吸烟有害健康的宣传教育，让学生知晓哪些场合禁止吸烟，监督身边的大人不在公共场所吸烟，引导学生积极参与我劝父母戒烟的家校联系活动，帮助青少年树立拒吸第一支烟，做无烟新一代","title: 临近春节，刘猴镇洪岗村小学开展无烟佳节与爱同行控烟宣传活动。 该校充分利用健康课、班队活动、主题班会、板报等形式向学生开展吸烟有害健康的宣传教育，让学生知晓哪些场合禁止吸烟，监督身边的大人不在公共场所吸烟，引导学生积极参与我劝父母戒烟的家校联系活动，帮助青少年树立拒吸第一支烟，做无烟新一代 summary: 临近春节，刘猴镇洪岗村小学开展""无烟佳节与爱同行""控烟宣传活动。 content: 临近春节，刘猴镇洪岗村小学开展""无烟佳节与爱同行""控烟宣传活动。 该校充分利用健康课、班队活动、主题班会、板报等形式向学生开展吸烟有害健康的宣传教育，让学生知晓哪些场合禁止吸烟，监督身边的大人不在公共场所吸烟，引导学生积极参与""我劝父母戒烟""的家校联系活动，帮助青少年树立""拒吸第一支烟，做无烟新一代",微头条,熊明雪,2024-01-24 20:46:56,http://www.toutiao.com/w/1788975950489610/,未知,控烟、戒烟,正面,未知
202401016298,戒烟只能是一根都不抽 控烟只会让你更难受 我相信没那个戒烟成功的人是通过控制抽烟量戒的[doge],title: 戒烟只能是一根都不抽 控烟只会让你更难受 我相信没那个戒烟成功的人是通过控制抽烟量戒的[doge] summary: 戒烟只能是一根都不抽 控烟只会让你更难受 我相信没那个戒烟成功的人是通过控制抽烟量戒的[doge] content: 戒烟只能是一根都不抽 控烟只会让你更难受 我相信没那个戒烟成功的人是通过控制抽烟量戒的[doge],小红书,嗷呜,2024-01-24 19:21:19,未知,未知,戒烟、控烟,正面,未知
202401016304,秦都区马庄街道开展“无烟佳节 与爱同行”控烟主题活动,"title: 秦都区马庄街道开展“无烟佳节 与爱同行”控烟主题活动 summary: 秦都区马庄街道开展无烟佳节与爱同行控烟主题活动为进一步提高辖区居民对烟草危害的认识，加强控烟宣传，倡导健康生活方式。活动现场，许多居民纷纷表示，通过此次活动，他们对烟草危害有了更加深刻的认识，将自觉抵制烟草，积极参与控烟行动，为创建无烟环境贡献自己的一份力量。 content: 为进一步提高辖区居民对烟草危害的认识，加强控烟宣传，倡导健康生活方式。1月24日下午，秦都区马庄街道积极开展“无烟佳节，与爱同行”控烟主题活动。""本次活动紧紧围绕“无烟佳节，与爱同行”的主题，采取多种形式，广泛传播控烟知识。活动现场，工作人员通过设立咨询台、悬挂宣传横幅、发放宣传资料、开展控烟讲座等方式，向居民普及烟草危害知识，让广大群众了解到吸烟对身体健康的危害，提高居民的控烟意识。""此外，为进一步扩大控烟宣传力度，马庄街道还充分利用辖区电子显示屏、宣传标语、宣传栏、居民微信群、控烟健康知识讲座、戒烟咨询志愿服务等形式，推送控烟知识及活动信息，引导居民关注和支持控烟工作。并通过有奖问答等形式，激发居民参与热情，让控烟知识深入人心。活动现场，许多居民纷纷表示，通过此次活动，他们对烟草危害有了更加深刻的认识，将自觉抵制烟草，积极参与控烟行动，为创建无烟环境贡献自己的一份力量。（李搴）",头条号,科普小秦,2024-01-24 18:50:50,http://www.toutiao.com/w/i7327614946324611638/,未知,控烟、戒烟,正面,未知
202401016310,这位美女竟然是“控烟劝导员”！[捂脸],"title: 这位美女竟然是“控烟劝导员”！[捂脸] summary: 这位美女竟然是控烟劝导员！ content: 这位美女竟然是“控烟劝导员”！[捂脸] """,微头条,蓦然回首看尽天下事,2024-01-24 18:37:01,http://www.toutiao.com/w/i1788967776802954/,未知,控烟,中性,未知
202401016328,过无烟健康佳节 云南省省直机关工会联合会积极落实“无烟佳节 与爱同行”活动,title: 过无烟健康佳节 云南省省直机关工会联合会积极落实“无烟佳节 与爱同行”活动 summary: 过无烟健康佳节云南省省直机关工会联合会积极落实无烟佳节与爱同行活动根据云南省爱卫办关于开展无烟佳节与爱同行活动的安排部署，近日，云南省直机关工会联合会积极贯彻落实关于开展无烟佳节与爱同行活动。 content: 根据云南省爱卫办关于开展“无烟佳节 与爱同行”活动的安排部署，近日，云南省直机关工会联合会积极贯彻落实关于开展“无烟佳节 与爱同行”活动，要求省直各级工会要深刻认识开展“无烟佳节 与爱同行”活动的重要意义，高度重视，加强领导，认真谋划，紧抓春节前后一个月时间节点，采取多种形式，认真组织开展好“无烟佳节 与爱同行”活动。省直各级工会要根据活动要求，积极配合当地有关部门开展好无烟环境建设巩固提升、健康过佳节宣传及戒烟服务推广等活动，深入开展无烟机关建设成果巩固提升活动。此外，省直各级工会要组织开展全方位、多角度的控烟宣传教育，引导干部职工关爱自身健康，尊重他人健康权利，不吸烟、主动戒烟，做控烟宣传者和倡导者。要以欢度新春佳节、关爱家人健康为契机，通过宣传标语、宣传栏、海报、视频等群众喜闻乐见的方式，结合微信公众号、视频号等新媒体传播方式，开展多种形式的无烟健康过佳节宣传活动。大力弘扬无烟健康过节文化，倡导过节不吸烟、不敬烟、不送烟，“对二手烟说不”，共度无烟健康佳节。云南网记者 杨萍,头条号,云南网,2024-01-24 17:54:15,http://www.toutiao.com/w/i7327600937701327360/,未知,戒烟、控烟,正面,未知
202401016347,"上海人平均寿命紧追日本,他们的早餐习惯,以及几点优势,值得学习
上海人的平均寿命在全国脱颖而出，达到84.11岁，主要是因为他们的早餐习惯相对清淡，喝汤、吃粗粮、多吃水果、不吸烟等健康习惯对他们的长寿起到了重要作用。此外，上海的医疗水平、控烟政策、健康观念和社会环境也对上海人的寿命有很大的影响。尽管","title: 上海人平均寿命紧追日本,他们的早餐习惯,以及几点优势,值得学习 上海人的平均寿命在全国脱颖而出，达到84.11岁，主要是因为他们的早餐习惯相对清淡，喝汤、吃粗粮、多吃水果、不吸烟等健康习惯对他们的长寿起到了重要作用。此外，上海的医疗水平、控烟政策、健康观念和社会环境也对上海人的寿命有很大的影响。尽管 summary: 上海人的平均寿命在全国脱颖而出，达到84.11岁，主要是因为他们的早餐习惯相对清淡，喝汤、吃粗粮、多吃水果、不吸烟等健康习惯对他们的长寿起到了重要作用。此外，上海的医疗水平、控烟政策、健康观念和社会环境也对上海人的寿命有很大的影响。尽管上海人平均寿命紧追日本,他们的早餐习惯,以及几点优势,值得学习。 content: 上海人平均寿命紧追日本,他们的早餐习惯,以及几点优势,值得学习 上海人的平均寿命在全国脱颖而出，达到84.11岁，主要是因为他们的早餐习惯相对清淡，喝汤、吃粗粮、多吃水果、不吸烟等健康习惯对他们的长寿起到了重要作用。此外，上海的医疗水平、控烟政策、健康观念和社会环境也对上海人的寿命有很大的影响。尽管""""""""""""""",微头条,内科专家李可乐,2024-01-24 17:26:27,http://www.toutiao.com/w/1788963336767499/,未知,控烟,正面,未知
202401016359,"临邑县开展影剧院专项卫生检查
为保障春节期间影剧院场所卫生，临邑县卫健局卫生执法人员对全县影剧院场所卫生状况进行了一次专项检查。此次检查影剧院3家。
卫生执法人员依照卫生规范要求，重点对影院经营单位持有卫生许可证、从业人员持有效健康合格证明、室内通风换气、控烟措施、各项卫生管理制度落实情况等进行检查。
从检查的情况看，各影剧院卫生管理制度基本健全，工作人员持有健康合格证明，放映厅机械通风状况良好，影院室内环境整洁，影剧院内有禁止吸烟的标识，但也存在个别影剧院影片放映场次间隔时间过短的问题，卫生监督员要求各影剧院加强公共卫生管理及各项消毒通风设施，持续跟进相关单位整改情况，切实保障相关场所卫生安全。#万能生活指南##德州头条##临邑县#","title: 临邑县开展影剧院专项卫生检查 为保障春节期间影剧院场所卫生，临邑县卫健局卫生执法人员对全县影剧院场所卫生状况进行了一次专项检查。此次检查影剧院3家。 卫生执法人员依照卫生规范要求，重点对影院经营单位持有卫生许可证、从业人员持有效健康合格证明、室内通风换气、控烟措施、各项卫生管理制度落实情况等进行检查。 从检查的情况看，各影剧院卫生管理制度基本健全，工作人员持有健康合格证明，放映厅机械通风状况良好，影院室内环境整洁，影剧院内有禁止吸烟的标识，但也存在个别影剧院影片放映场次间隔时间过短的问题，卫生监督员要求各影剧院加强公共卫生管理及各项消毒通风设施，持续跟进相关单位整改情况，切实保障相关场所卫生安全。#万能生活指南##德州头条##临邑县# summary: 为保障春节期间影剧院场所卫生，临邑县卫健局卫生执法人员对全县影剧院场所卫生状况进行了一次专项检查。此次检查影剧院3家。#万能生活指南##德州头条##临邑县#. content: 临邑县开展影剧院专项卫生检查 为保障春节期间影剧院场所卫生，临邑县卫健局卫生执法人员对全县影剧院场所卫生状况进行了一次专项检查。此次检查影剧院3家。 卫生执法人员依照卫生规范要求，重点对影院经营单位持有卫生许可证、从业人员持有效健康合格证明、室内通风换气、控烟措施、各项卫生管理制度落实情况等进行检查。 从检查的情况看，各影剧院卫生管理制度基本健全，工作人员持有健康合格证明，放映厅机械通风状况良好，影院室内环境整洁，影剧院内有禁止吸烟的标识，但也存在个别影剧院影片放映场次间隔时间过短的问题，卫生监督员要求各影剧院加强公共卫生管理及各项消毒通风设施，持续跟进相关单位整改情况，切实保障相关场所卫生安全。#万能生活指南##德州头条##临邑县# "" """,微头条,医心医意全心全意,2024-01-24 17:02:33,http://www.toutiao.com/w/i1788961833467907/,未知,控烟,正面,未知
202401016384,民乐工业园区圆梦苑社区开展“无烟佳节 与爱同行”健康宣传活动,"title: 民乐工业园区圆梦苑社区开展“无烟佳节 与爱同行”健康宣传活动 summary: 民乐工业园区圆梦苑社区开展无烟佳节与爱同行健康宣传活动为进一步强化群众对吸烟危害的认识，持续巩固卫生城市创建成果，近日，圆梦苑社区组织开展了无烟佳节，与爱同行为主题的宣传活动，致力于为广大居民营造一个无烟、清洁、健康的居住环境，文明健康过大年。 content: 为进一步强化群众对吸烟危害的认识，持续巩固卫生城市创建成果，近日，圆梦苑社区组织开展了“无烟佳节，与爱同行”为主题的宣传活动，致力于为广大居民营造一个无烟、清洁、健康的居住环境，文明健康过大年。""社区工作人员和志愿者在小区门口张贴醒目的无烟宣传语，同时向来往的居民发放宣传单页并用通俗易懂、幽默风趣的语言向广大居民普及烟草的有害成分、什么是二手烟以及二手烟给孩子带来的伤害等相关知识，让大家充分认识到吸烟的危害，希望广大居民朋友们都能主动做控烟宣传者和倡导者，共创文明环境。活动现场，我们邀请了社区爱心义诊志愿服务队的志愿者们，由他们向居民朋友们介绍戒烟的好处以及讲解如何戒烟并提供免费的戒烟咨询，提升居民戒烟的意愿，实现居民戒烟“零距离”。居民张大爷说：自己抽了十多年的烟，从来没想过戒烟，没想到一支烟有这么多有害的成分，对身体有这么大的伤害，表示会慢慢把烟戒了，为了自己的身体健康，也为自己的小孙子创造一个健康成长的环境。改变一种习惯，收获一份健康。此次控烟活动得到了社区居民的积极响应和支持，大家纷纷自发签名承诺从自身做起，拒绝吸烟，从身边做起，不吸烟、不吸二手烟、不在公共场所吸烟，加强锻炼身体，保持身体健康，积极参与全民健身活动，养成健康生活习惯，为创建一个健康、和谐的社区环境贡献自己的力量。作者：尚莉来源：民乐工业园区圆梦苑社区编辑：蔡怡琳二审：赵小康终审：张克亮总编：来荣",头条号,民乐信息发布,2024-01-24 16:08:01,http://www.toutiao.com/w/i7327573590239838760/,未知,控烟、戒烟,正面,未知
202401016391,模拟肺吸烟实验：30包香烟吸下去，肺竟变这样……,"title: 模拟肺吸烟实验：30包香烟吸下去，肺竟变这样…… summary: 模拟肺吸烟实验：30包香烟吸下去，肺竟变这样。#我来送健康#导语：吸烟，这个被誉为现代社会毒瘤的行为，每年不知让多少人陷入健康的困境。尽管各类戒烟宣传和科普知识层出不穷，但仍有不少人深陷其中。今天，我们将以一场模拟肺吸烟实验，揭示吸烟对肺部健康的严重影响。 content: #我来送健康#导语：吸烟，这个被誉为现代社会毒瘤的行为，每年不知让多少人陷入健康的困境。尽管各类戒烟宣传和科普知识层出不穷，但仍有不少人深陷其中。今天，我们将以一场模拟肺吸烟实验，揭示吸烟对肺部健康的严重影响。一、实验背景及目的为了更直观地展示吸烟对肺部的危害，我们进行了一场模拟肺吸烟实验。本次实验共选取了30包香烟，模拟吸烟者在一年内吸食的香烟数量。实验的目的是观察肺部在这段时间内的变化，以此警示吸烟者戒烟的重要性。二、实验过程及结果1. 实验准备""我们选取了一个透明的塑料肺部模型，将其作为实验的载体。为了更好地模拟真实情况，我们在肺部模型中加入了一种能显示吸烟痕迹的物质，使其在吸烟过程中能呈现出明显的颜色变化。2. 模拟吸烟在实验过程中，我们按照一天一包烟的频率，模拟人在一年内吸烟的过程。每当模拟吸烟一次，肺部模型就会呈现出一片黑暗的颜色。随着吸烟次数的增加，颜色也逐渐加深。3. 实验结果""在30包香烟全部吸完后，我们可以清晰地看到肺部模型的颜色已经变得非常黑暗，几乎看不清原本的纹理。这正是吸烟者肺部的真实写照。三、知识扩展吸烟对肺部的危害不仅仅体现在颜色的改变上。根据我国医学研究，吸烟会导致以下几种肺部疾病：1. 慢性阻塞性肺疾病：吸烟是慢性阻塞性肺疾病（COPD）的主要危险因素。据统计，约80%的COPD患者都与吸烟有关。2. 肺癌：吸烟是肺癌的最大诱因。长期吸烟者患肺癌的风险比不吸烟者高出数十倍。""3. 呼吸系统感染：吸烟降低免疫力，使呼吸系统更容易感染病毒、细菌等病原体。4. 加速肺功能减退：吸烟会导致肺功能逐年减退，最终导致呼吸困难等症状。四、干货建议面对吸烟带来的严重危害，我们应该如何应对？以下是一些建议：1. 戒烟：戒烟是预防吸烟相关疾病的最有效方法。戒烟不仅能够减轻经济负担，更能改善生活质量。2. 控烟：对于无法完全戒烟的人群，尽量减少吸烟次数，降低吸烟危害。3. 健康生活方式：保持良好的作息习惯，饮食均衡，增加锻炼，提高自身免疫力。4. 定期体检：尤其是对于长期吸烟者，定期进行肺部检查，及时发现并治疗潜在疾病。五、结语吸烟，这个看似无害的行为，实则暗藏着巨大的健康隐患。希望通过这场模拟肺吸烟实验，能让更多人认识到吸烟的危害，树立健康的生活观念。记住，生命的长度，掌握在自己手中。从现在开始，戒烟吧！感谢您花费时间阅读我们的文章。如果您有任何疑问或需要进一步的帮助，请随时联系我们。祝您一切顺利!",百家号,小壳医生的知识,2024-01-24 16:06:27,http://baijiahao.baidu.com/s?id=1788957642057285725,未知,戒烟、控烟,中性,未知
202401016397,男人守住年轻的6个习惯,title: 男人守住年轻的6个习惯 summary: 控烟限酒#年轻#男性#男生#男性健康#知识科普#健康知识科普。 content: 长期坚持这6个习惯，你会来谢我 1.让运动融入生活 2.笑口常开 3.均衡饮食 4.充足睡眠 5.做好防晒 6.控烟限酒 #年轻#男性#男生#男性健康#知识科普#健康知识科普,小红书,想不到名字啦,2024-01-24 15:43:00,http://www.xiaohongshu.com/discovery/item/65b0bfaf000000002c02aef2,未知,控烟,中性,未知
202401016421,“无烟佳节 与爱同行”王浩屯镇中心卫生院开展控烟知识进校园活动,"title: “无烟佳节 与爱同行”王浩屯镇中心卫生院开展控烟知识进校园活动 summary: 根据国家卫健委办公厅下发《关于开展无烟佳节与爱同行国通的通知》及省、市爱卫办有关工作要求，1月24日上午，牡丹区王浩屯镇中心卫生院联合镇教委到牡丹区王浩屯镇初级中学开展以无烟佳节与爱同行为主题的控烟教育活动，课堂上。 content: ""根据国家卫健委办公厅下发《关于开展“无烟佳节 与爱同行”国通的通知》及省、市爱卫办有关工作要求，1月24日上午，牡丹区王浩屯镇中心卫生院联合镇教委到牡丹区王浩屯镇初级中学开展以“无烟佳节 与爱同行”为主题的控烟教育活动，课堂上，卫生院朱洁明医师引导学生充分认识烟草危害，深刻了解控烟核心知识，帮助青少年树立“拒吸第一支烟，做无烟新一代”的理念。促进无烟学校、无烟家庭建设。""活动中，卫生院通过培训课件，发放戒烟科普宣传手册、教师和学生在宣传标语上签名以及讲解吸烟和二手烟的危害，引导教师和学生养成健康的生活方式和生活习惯。""通过此次控烟健康教育宣传活动，让青少年学生非常直观的了解到吸烟的危害，普及了健康教育知识，重点向广大青少年学生普及了烟草对人体造成危害的一般常识，以及对环境的威胁，要求广大青少年一定要洁身自律，远离烟草，学会养成健康的生活方式和卫生习惯，以健康的体魄面对生活和学习，倡导过节不吸烟、不敬烟、不送烟，共度无烟健康佳节。",头条号,畅响中国,2024-01-24 15:22:32,http://www.toutiao.com/w/i7327561628386427419/,未知,控烟、戒烟,正面,未知
202401016433,为了禁烟，政府可没少花心思！,"title: 为了禁烟，政府可没少花心思！ summary: 为了禁烟，政府可没少花心思！最近总有网友私信我，问我中国政府为什么不禁烟，其实在香烟销售方面是有严格的监管政策的，对于香烟我们真的在严格把控！在此过程中，政府将继续发挥关键作用，通过不断完善监管政策和措施，为构建无烟社会贡献力量。 content: 最近总有网友私信我，问我中国政府为什么不禁烟，其实在香烟销售方面是有严格的监管政策的，对于香烟我们真的在严格把控！""在我国，政府对香烟销售实施严格的监管政策，目的在于维护公共健康、减少吸烟对社会的负面影响。政府通过设立相关部门和法律法规，对烟草市场进行规范管理，确保烟草行业的可持续发展。""监管政策主要包括以下几个方面：烟草税政策政府通过对香烟征收高额税收，提高吸烟成本，从而降低吸烟率。尤其是对低收入群体，烟草税的提高能够有效降低吸烟普及率。广告限制政府禁止烟草广告在电视、广播、报纸、杂志等媒体上出现，限制其在公共场所的传播。这样的措施有助于减少吸烟的社会认同度，降低年轻人接触烟草的机会。""销售限制政府规定香烟销售商必须符合一定的资质要求，禁止向未成年人售卖香烟，限制香烟的销售渠道和场所。这些措施有助于减少烟草制品的消费，特别是对未成年人的保护。""室内禁烟政府通过立法禁止在公共场所、公共交通工具、室内工作场所等地吸烟，以保护非吸烟者免受二手烟的危害。此举有助于改善空气质量，提高公众对健康生活的认识。健康教育政府积极开展烟草危害健康的教育活动，提高公众对吸烟危害的认识。通过各种渠道宣传戒烟的好处，鼓励吸烟者戒烟，为戒烟者提供支持和帮助。科研支持政府鼓励科研机构开展烟草危害研究，为政府制定更加科学合理的监管政策提供依据。同时，支持替代烟草制品的研究，以促进烟草行业的转型发展。为此，香港国际控烟室也曾联合国内知名烟具厂商在烟嘴类目上做足了功课，不仅革新发明出了能过滤焦油、尼古丁、一氧化碳的带进氧孔的一次性烟嘴，而且还研究出了带过滤内芯的循环烟嘴，这一进步直接省去了清洗烟嘴的麻烦。所以，能戒烟就戒烟吧，实在戒不掉，用个烟嘴也能减少一些烟害。""在政府的大力监管下，我国烟草消费量逐年下降，吸烟人群比例也在逐步减少。然而，戒烟并非易事，仍需全社会共同努力，持续推进烟草控制工作。在此过程中，政府将继续发挥关键作用，通过不断完善监管政策和措施，为构建无烟社会贡献力量。",头条号,戒烟总动员,2024-01-24 14:48:35,http://www.toutiao.com/w/i7327553016239374899/,未知,戒烟、控烟,中性,未知
202401016440,邯郸魏县卫健局组织开展“无烟双节 与爱同行”控烟宣传活动,"title: 邯郸魏县卫健局组织开展“无烟双节 与爱同行”控烟宣传活动 summary: 郭付林郭海贞）为增强居民控烟意识，弘扬无烟健康过节文化，营造健康、清洁、无烟的生活环境，形成文明健康绿色环保生活方式，1月22日，邯郸魏县疾控中心在文侯公园开展无烟佳节，与爱同行控烟知识宣传活动。 content: 中原新闻网邯郸讯（郭付林 郭海贞）为增强居民控烟意识，弘扬无烟健康过节文化，营造健康、清洁、无烟的生活环境，形成文明健康绿色环保生活方式，1月22日，邯郸魏县疾控中心在文侯公园开展“无烟佳节，与爱同行”控烟知识宣传活动。""活动中，工作人员首先向居民介绍了吸烟对健康的危害，同时围绕我国烟民数量、吸烟现状、烟民低龄化发展趋势以及二手烟对人体的危害等方面向居民进行了详细讲解，让其了解控烟知识，意识到吸烟不仅是对环境的破坏，还是对身边人的一种伤害，使他们懂得吸烟的害处并主动规劝亲人戒烟、禁烟，共同营造健康良好的无烟环境。""""此次活动以元旦、春节为契机，通过悬挂横幅、LED屏播放等多种宣传形式播放控烟宣传标语等内容，大力弘扬无烟过节文化，倡导过节不吸烟、不敬烟、不送烟。""""责任编辑：王杰仁",头条号,中原新闻网,2024-01-24 14:46:01,http://www.toutiao.com/w/i7327552103499514405/,未知,控烟、戒烟,正面,未知
202401016447,这张照片是在2007年拍摄的，地点是成都某高校的宿舍楼道上。照片里是一位来自重庆城口县的姑娘，她在学校担任控烟劝导员。姑娘很有干劲，希望通过参与学生会的活动来锻炼自己。每周，她都会利用一天的时间在学校里进行控烟劝导工作。这位重庆姑娘很漂亮，身材也很好，平日里戴着眼镜，给人一种斯文的感觉。她的形象让人印象深刻，有一种特别的魅力。,"title: 这张照片是在2007年拍摄的，地点是成都某高校的宿舍楼道上。照片里是一位来自重庆城口县的姑娘，她在学校担任控烟劝导员。姑娘很有干劲，希望通过参与学生会的活动来锻炼自己。每周，她都会利用一天的时间在学校里进行控烟劝导工作。这位重庆姑娘很漂亮，身材也很好，平日里戴着眼镜，给人一种斯文的感觉。她的形象让人印象深刻，有一种特别的魅力。 summary: 这张照片是在2007年拍摄的，地点是成都某高校的宿舍楼道上。照片里是一位来自重庆城口县的姑娘，她在学校担任控烟劝导员。姑娘很有干劲，希望通过参与学生会的活动来锻炼自己。这位重庆姑娘很漂亮，身材也很好，平日里戴着眼镜，给人一种斯文的感觉。她的形象让人印象深刻，有一种特别的魅力。 content: 这张照片是在2007年拍摄的，地点是成都某高校的宿舍楼道上。照片里是一位来自重庆城口县的姑娘，她在学校担任控烟劝导员。姑娘很有干劲，希望通过参与学生会的活动来锻炼自己。每周，她都会利用一天的时间在学校里进行控烟劝导工作。这位重庆姑娘很漂亮，身材也很好，平日里戴着眼镜，给人一种斯文的感觉。她的形象让人印象深刻，有一种特别的魅力。 """,微头条,脑瓜嗡嗡的嗷,2024-01-24 14:30:14,http://www.toutiao.com/w/i1788952250710090/,未知,控烟,正面,未知
202401016453,#戒烟  控烟控烟，再这样抽下去，变烟鬼了,"title: #戒烟 控烟控烟，再这样抽下去，变烟鬼了 summary: #戒烟 控烟控烟，再这样抽下去，变烟鬼了#戒烟 控烟控烟，再这样抽下去，变烟鬼了 content: #戒烟 控烟控烟，再这样抽下去，变烟鬼了 """,微头条,未來0,2024-01-24 14:12:39,http://www.toutiao.com/w/i7327543666925407524/,未知,戒烟、控烟控烟,中性,未知
202401016459,"我们加入国际控烟框架，要求减少吸烟人口
所以他们为了在税收不少的前提下减少吸烟人数，就采用了减少低端烟量，提高烟价的办法。
现在知道为什么便宜烟少的原因了吗？",title: 我们加入国际控烟框架，要求减少吸烟人口 所以他们为了在税收不少的前提下减少吸烟人数，就采用了减少低端烟量，提高烟价的办法。 现在知道为什么便宜烟少的原因了吗？ summary: 我们加入国际控烟框架，要求减少吸烟人口 所以他们为了在税收不少的前提下减少吸烟人数，就采用了减少低端烟量，提高烟价的办法。 现在知道为什么便宜烟少的原因了吗？ content: 我们加入国际控烟框架，要求减少吸烟人口 所以他们为了在税收不少的前提下减少吸烟人数，就采用了减少低端烟量，提高烟价的办法。 现在知道为什么便宜烟少的原因了吗？,微头条,曾经的幽蓝,2024-01-24 14:12:05,未知,未知,控烟,正面,未知
202401016465,控烟？断烟？,title: 控烟？断烟？ summary: 无比庆幸，戒烟期间，想抽烟的时候就那么几分钟，捱过那几分钟就好，如果是全天都想抽，我大概是经不住考验的[笑哭R]遇到最大的三个问题以及应对方案1，便秘。 content: 无比庆幸，戒烟期间，想抽烟的时候就那么几分钟，捱过那几分钟就好，如果是全天都想抽，我大概是经不住考验的[笑哭R] 遇到最大的三个问题以及应对方案 1，便秘（多喝水，吃超级多的蔬菜，每天固定蹲厕所） 2，长胖（只能尽量忍住夜宵那一顿，白天忍不了一点） 3，上火（吹爆和其正，喝了半瓶，顽固了四五天的口腔溃疡好了大半）,小红书,晚晚皆安,2024-01-24 13:31:00,http://www.xiaohongshu.com/discovery/item/65b0a0bb0000000011001bcd,未知,控烟、戒烟,中性,未知
202401016477,莱西市河头店镇开展“无烟佳节与爱同行”宣传活动,"title: 莱西市河头店镇开展“无烟佳节与爱同行”宣传活动 summary: 为扎实推动控烟工作，河头店镇按照省、市爱卫办工作要求，组织开展无烟佳节与爱同行宣传活动，引导干部群众参与控烟行动，践行文明健康绿色环保生活方式，共同营造健康过春节的良好氛围。 content: ""为扎实推动控烟工作，河头店镇按照省、市爱卫办工作要求，组织开展“无烟佳节 与爱同行”宣传活动，引导干部群众参与控烟行动，践行文明健康绿色环保生活方式，共同营造健康过春节的良好氛围。坚持示范带动，打造无烟机关加强组织领导，建立控烟工作体系，明确专人负责统筹、协调、指导日常控烟工作，建立健全控烟、禁烟各项规章制度，形成控烟合力，确保无烟机关创建工作落地落实。以传统媒体与新媒体融合的方式，充分利用LED显示屏、公众号、海报展板、公益广告、控烟口号等宣传载体在机关内部开展全方位、多角度的控烟宣传教育，在各办公室、会议室、楼道、厕所及大门入口处张贴醒目的禁烟标识，引导干部不吸烟、主动戒烟，为巩固无烟党政机关建设打下良好基础。坚持典型引路，建强控烟队伍组织开展机关干部培训，在学习消防知识的同时进一步认真学习健康教育及控烟禁烟相关文件知识，在培训中为干部们介绍机关控烟形势和相关政策法规，明确控烟工作的责任主体、管理职责和义务，增强创建无烟办公环境责任感。同时，提醒党员干部在控烟工作中发挥党员示范引领作用，带头控烟戒烟，身体力行做控烟志愿者、做控烟劝阻员、做控烟先行者，共建共享绿色无烟文明办公场所。共组织1次培训活动，100余人次参加。坚持拓面联动，实现全面开花发起“无烟佳节 与爱同行”倡议书活动，组织党员、干部、群众等通过微信群、朋友圈积极转发倡议书，实现“一人倡议、多人响应”的递增扩大效应。利用腊八节胶东秧歌展演活动的机会，向观演群众分发倡议书，通过面对面向大家宣传戒烟、控烟小知识，深入浅出讲解科学戒烟、远离烟瘾、拒绝二手烟等居民关心话题，让居民了解到无烟环境的好处，提升居民戒烟意愿，引导居民养成健康的生活方式和生活习惯。倡议活动累计线上转发500余次，线下发放倡议书100余份。下一步，河头店镇将加大对无烟生活和健康中国的宣传力度，倡导过节不吸烟、不敬烟、不送烟，为广大人民群众营造一个健康、和谐、美好的生活环境。（通讯员：张俞）",头条号,数字山东,2024-01-24 13:02:22,http://www.toutiao.com/w/i7327525726897848832/,未知,控烟、戒烟、控烟戒烟,正面,未知
202401016496,东城：拒绝“二手烟”，各街道综合行政执法部门持续开展室内公共场所控烟执法检查工作,"title: 东城：拒绝“二手烟”，各街道综合行政执法部门持续开展室内公共场所控烟执法检查工作 summary: 东城：拒绝二手烟，各街道综合行政执法部门持续开展室内公共场所控烟执法检查工作近日，为进一步推动室内公共场所控烟工作，防止二手烟伤害，东城区各街道综合行政执法部门结合自身职责，根据市民群众关心关注点位和时段。 content: 近日，为进一步推动室内公共场所控烟工作，防止“二手烟”伤害，东城区各街道综合行政执法部门结合自身职责，根据市民群众关心关注点位和时段，持续加大对商务楼宇、商场超市、餐饮单位、宾馆酒店等室内公共场所控烟执法检查力度，确保公共场所无烟环境得到有效维护，守护市民群众的身体健康和财产安全。""近日（1月19日），记者跟随建国门街道综合行政执法队的队员们来到中粮大厦，对大厦的控烟工作进行突击检查。在检查中，执法队员分别对逃生通道、楼道、卫生间、电梯间等区域进行逐一检查，未发现吸烟人员。“大家现在都有不在室内公共场所吸烟的观念了，怕‘二手烟’影响他人，”大厦物业管理工作人员告诉记者，近年来在执法人员的多次检查和物业管理方的常态化巡查管控下，大厦内的工作人员们都能很好的遵守相关规定，确有需要时会到大厦室外的安全吸烟区进行吸烟。""但在检查中，执法人员发现该大厦存在控烟巡视记录不完善、卫生间等位置张贴禁烟标识无投诉举报电话等问题，执法队员当即责令大厦物业管理部门进行改正。""春节将至，亲朋好友聚会增多。执法人员根据投诉举报线索，对部分餐饮单位进行着重检查。在簋街，执法队员在对一家前期因控烟工作不力而被处罚的餐饮单位进行复查时发现，该餐饮单位整改情况良好，餐饮单位经理告诉记者只要发现有顾客有抽烟的迹象，就会第一时间上前劝阻，并记录下来，绝大部分食客都十分配合并理解控烟工作，对于个别不听劝阻的人员，餐饮单位会及时将情况向执法部门报告进行处理。""""此外，在对宾馆酒店经营单位控烟情况进行检查时，安定门街道综合行政执法队的队员就将提示“挂在嘴边”，要求经营者在旅客办理登记入住过程中明确室内禁止吸烟。据执法人员介绍，严格室内公共场所控烟工作，一是防止抽烟形成“二手烟”影响其他人员身体健康，二是以防疏忽大意发生火灾等安全事故。""记者观察，近年来通过各个部门和全社会的持续努力，室内公共场所的无烟环境得到了显著改善，市民对控烟工作的支持度不断提高，吸烟行为明显减少。室内公共场所控烟工作是一项长期而艰巨的任务，需要各方共同努力。""按照“谁执法、谁普法”的工作原则，各街道综合行政执法部门利用微信公众号、商户管理群等媒介，结合“城管进社区”、“城管开放日”等活动，大力开展控烟宣传工作。在此，执法部门提示广大市民朋友：吸烟有害健康，请勿在室内公共场所吸烟，尤其是在幼儿园、中小学、少年宫、儿童福利机构等以未成年人为主要活动人群的场所吸烟，确有吸烟需求的市民朋友请到专门设置的吸烟区，吸烟后熄灭烟头、消除安全隐患，为创造一个无烟、健康的社会环境贡献力量。文/图 刘满清 审核/范培纲 张晶晶",百家号,东城城管官方发布,2024-01-24 10:51:14,http://baijiahao.baidu.com/s?id=1788938472078633957&wfr=spider&for=pc,未知,控烟,中性,未知
202401016507,"无知也就算了，还要上网显示。
中国为什么要加入世界控烟条例？
每年有多少中国人死于烟草危害包括癌症包括二手烟？//@智勇双全圆月rZ:",title: 无知也就算了，还要上网显示。 中国为什么要加入世界控烟条例？ 每年有多少中国人死于烟草危害包括癌症包括二手烟？//@智勇双全圆月rZ: summary: 无知也就算了，还要上网显示。中国为什么要加入世界控烟条例？每年有多少中国人死于烟草危害包括癌症包括二手烟？//@智勇双全圆月rZ. content: 无知也就算了，还要上网显示。 中国为什么要加入世界控烟条例？ 每年有多少中国人死于烟草危害包括癌症包括二手烟？//@智勇双全圆月rZ:,微头条,Jack5957,2024-01-24 10:41:08,http://www.toutiao.com/w/7327489293470303039/,未知,控烟,中性,未知
202401016513,你知道每年因吸烟死亡的人数是多少吗？据WHO统计，每年因吸烟死亡的人数高达600万，每6秒钟就有1人死于吸烟相关疾病，现在吸烟者中将会有一半因吸烟提早死亡；另外，因二手烟暴露所造成的非吸烟者每年死亡人数达60万。预计2030年因吸烟死亡人数将达到800万。由此可见，控烟刻不容缓，你戒烟了吗？,title: 你知道每年因吸烟死亡的人数是多少吗？据WHO统计，每年因吸烟死亡的人数高达600万，每6秒钟就有1人死于吸烟相关疾病，现在吸烟者中将会有一半因吸烟提早死亡；另外，因二手烟暴露所造成的非吸烟者每年死亡人数达60万。预计2030年因吸烟死亡人数将达到800万。由此可见，控烟刻不容缓，你戒烟了吗？ summary: 你知道每年因吸烟死亡的人数是多少吗？据WHO统计，每年因吸烟死亡的人数高达600万，每6秒钟就有1人死于吸烟相关疾病，现在吸烟者中将会有一半因吸烟提早死亡。另外，因二手烟暴露所造成的非吸烟者每年死亡人数达60万。预计2030年因吸烟死亡人数将达到800万。由此可见，控烟刻不容缓，你戒烟了吗？ content: 你知道每年因吸烟死亡的人数是多少吗？据WHO统计，每年因吸烟死亡的人数高达600万，每6秒钟就有1人死于吸烟相关疾病，现在吸烟者中将会有一半因吸烟提早死亡；另外，因二手烟暴露所造成的非吸烟者每年死亡人数达60万。预计2030年因吸烟死亡人数将达到800万。由此可见，控烟刻不容缓，你戒烟了吗？,微头条,虚与实的探索者,2024-01-24 10:34:52,http://www.toutiao.com/w/i1788937442087945/,未知,控烟、戒烟,中性,未知
202401016519,金堂县第四人民医院开展“无烟佳节 与爱同行”系列控烟活动,"title: 金堂县第四人民医院开展“无烟佳节 与爱同行”系列控烟活动 summary: 为贯彻落实中共中央办公厅国务院办公厅有关要求，进一步推动社会公众了解吸烟和二手烟暴露的严重危害，营造元旦、春节双节期间无烟氛围，按照市爱卫办开展无烟佳节与爱同行系列控烟活动要求，2024年1月23日。金堂县第四人民医院开展倡导控烟禁烟从你我开始的宣教活动。 content: ""为贯彻落实中共中央办公厅国务院办公厅有关要求，进一步推动社会公众了解吸烟和二手烟暴露的严重危害，营造元旦、春节“双节”期间无烟氛围，按照市爱卫办开展“无烟佳节 与爱同行”系列控烟活动要求，2024年1月23日，金堂县第四人民医院开展倡导“控烟禁烟 从你我开始”的宣教活动。医院结合实际通过“对吸烟危害、被动吸烟对儿童健康有哪些危害？”“戒烟有哪些好处？”等知识对全院职工、在院患者、门诊就诊人员进行宣教。并请院职工吸烟者签署了个人控烟承诺书20份，在院患者签署个人控烟承诺书102份。活动旨在提高全院职工及群众对吸烟危害、控烟戒烟预防知识的知晓，号召大家为了自己和家人的健康，远离香烟的侵害，积极营造医院乃至全社会支持控烟的良好氛围，为共建无烟环境、共享健康生活打下良好基础。（金堂县第四人民医唐三英、医师报川卫中心陈远航）",头条号,川卫信息,2024-01-24 10:34:15,http://www.toutiao.com/w/i7327486794655269385/,未知,控烟、戒烟、控烟戒烟,正面,未知
202401016531,太平桥街道：“&lt;span style=color: #F76435;宣传&lt;/span+执法”护航无烟办公环境,"title: 太平桥街道：“&lt;span style=color: #F76435;宣传&lt;/span+执法”护航无烟办公环境 summary: 为避免楼宇内吸烟现象再次出现，综合行政执法队要求楼宇物业加强禁烟管理，并对楼道及男卫生间等区域加强巡查，对在公共场所吸烟进行及时有效地制止和劝阻。 content: 近日，在国投财富广场4号院工作的市民刘先生反映，有人经常在4号院9层楼道及男卫生间等公共场所吸烟危害他人身体健康，希望相关部门执法处理。接到反映后，综合行政执法队迅速到场，现场未发现有公共场所吸烟情况，楼道及卫生间均设置有禁烟标识且卫生间安装有烟感报警装置。随后执法人员要求物业调出监控查看吸烟情况，经查看多天的监控情况及相关负责人指认，最终锁定了吸烟人员。执法人员对吸烟者下达了《行政处罚决定书》，依据《北京市控制吸烟条例》，对其处以50元人民币罚款。""“谢谢执法人员，最近都没看到吸烟的了。”刘先生向执法人员电话感谢。为避免楼宇内吸烟现象再次出现，综合行政执法队要求楼宇物业加强禁烟管理，并对楼道及男卫生间等区域加强巡查，对在公共场所吸烟进行及时有效地制止和劝阻。同时，综合行政执法队联合党群服务中心、楼宇物业，召集4号楼9层所有非公企业负责人，对其开展禁烟宣传。执法队员结合典型案例，从公共场所经营管理单位及个人应履行的禁烟义务、吸烟点设置、违法责任等方面对《北京市控制吸烟条例》做了详细解读，进一步提高了企业对法律法规的理解。“原来，管理者负有建立禁止吸烟管理制度，做好宣传教育工作。设置明显的禁止吸烟标志和举报投诉电话号码标识；不得提供烟具和附有烟草广告的物品，开展禁止吸烟检查工作，制作并留存相关记录这些责任。以后我记住了。”某非公企业负责人表示。“不执行禁烟规定，且拒不改正的办公单位，将被处2000元以上5000元以下罚款。”太平桥街道执法人员提示。净化公共场所环境，禁烟控烟非朝夕之功。太平桥街道综合行政执法队将与党群服务中心、商务楼宇物业等形成合力，加大宣传及执法力度，创造无烟环境。来源：丰台时报通讯员：白婧丽 许贵兰编辑：林瑶",人民号,北京丰台,2024-01-24 09:38:02,http://rmh.pdnews.cn/Pc/ArtInfoApi/article?id=39635237,未知,控烟,中性,未知
202401016537,涨价为了控烟,title: 涨价为了控烟 summary: 涨价为了控烟 content: 涨价为了控烟,微头条,南阳阿建,2024-01-24 09:19:23,未知,未知,控烟,中性,未知
202401016544,湖北荆州沙市烟草开展“劝阻不文明吸烟行为”公益活动 ,title: 湖北荆州沙市烟草开展“劝阻不文明吸烟行为”公益活动 summary: 湖北荆州沙市烟草开展劝阻不文明吸烟行为公益活动近日，湖北荆州沙市烟草开展了劝阻不文明吸烟行为公益活动，区局党员志愿者和青年志愿者带领17名志愿小天使们参加活动。 content: 近日，湖北荆州沙市烟草开展了“劝阻不文明吸烟行为”公益活动，区局党员志愿者和青年志愿者带领17名志愿小天使们参加活动。上午九点半，志愿者和17名公益小天使佩戴口罩，来到北京路安良百货及人信汇广场、中山公园附近，劝导吸烟市民在公共场所不要吸烟，并用自己手里的棒棒糖换取市民手中的一支香烟。很多吸烟的市民看到小朋友的劝导，纷纷将烟蒂交给小朋友，用自己的行动来支持这次公益活动。小天使们也 获得了写有自己名字的荣誉证书和棒棒糖奖励，对能参加这次的公益活动感到无比骄傲和自豪。活动中，志愿者们还开展了劝阻青少年吸烟系列活动，宣传“吸烟有害健康”、“公共场所严禁吸烟”、“拒绝二手烟”等禁烟控烟知识，引起了良好的社会反响。此次公益活动旨在提高市民的控烟文明意识，为青少年儿童的健康成长营造清新无烟的生活环境，引导社会大众更加正确地认识控烟工作，更加理性地推进控烟履约环境建设，展现企业责任烟草的良好社会形象。(沙市区烟草专卖局潘娅供稿),人民号,湘北在线,2024-01-24 09:14:31,http://rmh.pdnews.cn/Pc/ArtInfoApi/article?id=39654889,未知,控烟,正面,未知
202401016552,太平桥街道：“宣传+执法”护航无烟办公环境,"title: 太平桥街道：“宣传+执法”护航无烟办公环境 summary: 太平桥街道：宣传+执法护航无烟办公环境近日，在国投财富广场4号院工作的市民刘先生反映，有人经常在4号院9层楼道及男卫生间等公共场所吸烟危害他人身体健康，希望相关部门执法处理。 content: 近日，在国投财富广场4号院工作的市民刘先生反映，有人经常在4号院9层楼道及男卫生间等公共场所吸烟危害他人身体健康，希望相关部门执法处理。接到反映后，综合行政执法队迅速到场，现场未发现有公共场所吸烟情况，楼道及卫生间均设置有禁烟标识且卫生间安装有烟感报警装置。随后执法人员要求物业调出监控查看吸烟情况，经查看多天的监控情况及相关负责人指认，最终锁定了吸烟人员。执法人员对吸烟者下达了《行政处罚决定书》，依据《北京市控制吸烟条例》，对其处以50元人民币罚款。""“谢谢执法人员，最近都没看到吸烟的了。”刘先生向执法人员电话感谢。为避免楼宇内吸烟现象再次出现，综合行政执法队要求楼宇物业加强禁烟管理，并对楼道及男卫生间等区域加强巡查，对在公共场所吸烟进行及时有效地制止和劝阻。同时，综合行政执法队联合党群服务中心、楼宇物业，召集4号楼9层所有非公企业负责人，对其开展禁烟宣传。执法队员结合典型案例，从公共场所经营管理单位及个人应履行的禁烟义务、吸烟点设置、违法责任等方面对《北京市控制吸烟条例》做了详细解读，进一步提高了企业对法律法规的理解。“原来，管理者负有建立禁止吸烟管理制度，做好宣传教育工作。设置明显的禁止吸烟标志和举报投诉电话号码标识；不得提供烟具和附有烟草广告的物品，开展禁止吸烟检查工作，制作并留存相关记录这些责任。以后我记住了。”某非公企业负责人表示。“不执行禁烟规定，且拒不改正的办公单位，将被处2000元以上5000元以下罚款。”太平桥街道执法人员提示。净化公共场所环境，禁烟控烟非朝夕之功。太平桥街道综合行政执法队将与党群服务中心、商务楼宇物业等形成合力，加大宣传及执法力度，创造无烟环境。来源：丰台时报通讯员：白婧丽 许贵兰编辑：林瑶",百家号,北京丰台官方发布,2024-01-24 09:01:06,http://baijiahao.baidu.com/s?id=1788931543487709898,未知,控烟,中性,未知
202401016571,怀宁县马庙镇中心学校：拒吸第一支烟 做不吸烟新一代,"title: 怀宁县马庙镇中心学校：拒吸第一支烟 做不吸烟新一代 summary: 怀宁县马庙镇中心学校：拒吸第一支烟做不吸烟新一代转自：安徽网为教育青少年儿童认清吸烟的危害，积极响应保护青少年远离传统烟草产品和电子烟的号召，1月22日，怀宁县马庙镇中心学校开展了拒吸第一支烟做不吸烟新一代宣传教育活动。 content: 转自：安徽网为教育青少年儿童认清吸烟的危害，积极响应“保护青少年远离传统烟草产品和电子烟”的号召，1月22日，怀宁县马庙镇中心学校开展了“拒吸第一支烟 做不吸烟新一代”宣传教育活动。""活动中，该校邀请了镇卫生院医师江刘生为师生开展了控烟健康知识讲座。江医师用通俗易懂的语言，讲解了香烟的有害成分，重点分析了少数青少年吸烟主要是出于好奇模仿心理、虚荣攀比心理等错误认知，深度剖析了吸烟及吸二手烟对人体造成的重大伤害。号召同学们争做禁烟宣传员，通过小手牵大手劝导社会及家庭吸烟成员开启戒烟行动，倡导健康生活。在场学生认真聆听，感受颇深。""活动现场，卫生院医师还发动师生们在“拒吸第一支烟，做不吸烟新一代”横幅上签名，号召少年儿童从小拒吸第一支烟，不当新烟民，做无烟新一代，养成低碳环保的健康生活方式。""本次宣传教育活动，提高了师生对吸烟有害健康的认识，为青少年的健康成长营造了良好的社会氛围。查海兵",新浪号,消息动态,2024-01-24 08:55:00,http://finance.sina.cn/2024-01-24/detail-inaequin6991748.d.html,未知,控烟、戒烟,中性,未知
202401016577,莱西河头店镇开展“无烟佳节 与爱同行”宣传活动,"title: 莱西河头店镇开展“无烟佳节 与爱同行”宣传活动 summary: 莱西河头店镇开展无烟佳节与爱同行宣传活动为扎实推动控烟工作，河头店镇按照省、市爱卫办工作要求，组织开展无烟佳节与爱同行宣传活动，引导干部群众参与控烟行动，践行文明健康绿色环保生活方式，共同营造健康过春节的良好氛围。源自：青岛莱西河头店。 content: 为扎实推动控烟工作，河头店镇按照省、市爱卫办工作要求，组织开展“无烟佳节 与爱同行”宣传活动，引导干部群众参与控烟行动，践行文明健康绿色环保生活方式，共同营造健康过春节的良好氛围。01坚持示范带动，打造无烟机关加强组织领导，建立控烟工作体系，明确专人负责统筹、协调、指导日常控烟工作，建立健全控烟、禁烟各项规章制度，形成控烟合力，确保无烟机关创建工作落地落实。以传统媒体与新媒体融合的方式，充分利用LED显示屏、公众号、海报展板、公益广告、控烟口号等宣传载体在机关内部开展全方位、多角度的控烟宣传教育，在各办公室、会议室、楼道、厕所及大门入口处张贴醒目的禁烟标识，引导干部不吸烟、主动戒烟，为巩固无烟党政机关建设打下良好基础。""""02坚持典型引路，建强控烟队伍组织开展机关干部培训，在学习消防知识的同时进一步认真学习健康教育及控烟禁烟相关文件知识，在培训中为干部们介绍机关控烟形势和相关政策法规，明确控烟工作的责任主体、管理职责和义务，增强创建无烟办公环境责任感。同时，提醒党员干部在控烟工作中发挥党员示范引领作用，带头控烟戒烟，身体力行做控烟志愿者、做控烟劝阻员、做控烟先行者，共建共享绿色无烟文明办公场所。共组织1次培训活动，100余人次参加。""03坚持拓面联动，实现全面开花发起“无烟佳节 与爱同行”倡议书活动，组织党员、干部、群众等通过微信群、朋友圈积极转发倡议书，实现“一人倡议、多人响应”的递增扩大效应。利用腊八节胶东秧歌展演活动的机会，向观演群众分发倡议书，通过面对面向大家宣传戒烟、控烟小知识，深入浅出讲解科学戒烟、远离烟瘾、拒绝二手烟等居民关心话题，让居民了解到无烟环境的好处，提升居民戒烟意愿，引导居民养成健康的生活方式和生活习惯。倡议活动累计线上转发500余次，线下发放倡议书100余份。""""下一步，河头店镇将加大对无烟生活和健康中国的宣传力度，倡导过节不吸烟、不敬烟、不送烟，为广大人民群众营造一个健康、和谐、美好的生活环境。源自：青岛莱西河头店",头条号,莱西信息港,2024-01-24 07:56:51,http://www.toutiao.com/w/i7327446495391760959/,未知,控烟、戒烟、控烟戒烟,正面,未知
202401016583,"#为什么烟草越来越贵?#烟草越来越贵的主要原因一是国家的高税收，烟草行业的税收是很高的。二是控烟政策，提高香烟价格是为了提倡戒烟。三是高成本，成本高主要是烟草行业的福利待遇非常好，工资高，奖金高，社保公积金等很高，有的地方甚至提供廉价住房，所以很多211、985学生到烟草行业工作，很是浪费人才。
当然，烟草行业给国家带来了很多税收，老百姓又离开不了，垄断市场是有一定道理的，但为了烟草行业健康发展，必须取消统一调配供应商户的政策，也就是变相地捆绑销售，与商户档位挂钩。实行按需供应，商户不分档位，按自己的实际需要订货，烟草公司可以规定品种的限额，这样商户就没有意见，市场不需要的香烟品种就没人订购，自然淘汰，把不需要的这么多香烟品种淘汰掉，留下一些大众喜爱的品牌产品，净化烟草市场，强化竞争力。唯有这样，香烟市场才会健康发展。",title: #为什么烟草越来越贵?#烟草越来越贵的主要原因一是国家的高税收，烟草行业的税收是很高的。二是控烟政策，提高香烟价格是为了提倡戒烟。三是高成本，成本高主要是烟草行业的福利待遇非常好，工资高，奖金高，社保公积金等很高，有的地方甚至提供廉价住房，所以很多211、985学生到烟草行业工作，很是浪费人才。 当然，烟草行业给国家带来了很多税收，老百姓又离开不了，垄断市场是有一定道理的，但为了烟草行业健康发展，必须取消统一调配供应商户的政策，也就是变相地捆绑销售，与商户档位挂钩。实行按需供应，商户不分档位，按自己的实际需要订货，烟草公司可以规定品种的限额，这样商户就没有意见，市场不需要的香烟品种就没人订购，自然淘汰，把不需要的这么多香烟品种淘汰掉，留下一些大众喜爱的品牌产品，净化烟草市场，强化竞争力。唯有这样，香烟市场才会健康发展。 summary: #为什么烟草越来越贵?#烟草越来越贵的主要原因一是国家的高税收，烟草行业的税收是很高的。二是控烟政策，提高香烟价格是为了提倡戒烟。三是高成本，成本高主要是烟草行业的福利待遇非常好，工资高，奖金高，社保公积金等很高，有的地方甚至提供廉价住房，所以很多。985学生到烟草行业工作，很是浪费人才。 content: #为什么烟草越来越贵?#烟草越来越贵的主要原因一是国家的高税收，烟草行业的税收是很高的。二是控烟政策，提高香烟价格是为了提倡戒烟。三是高成本，成本高主要是烟草行业的福利待遇非常好，工资高，奖金高，社保公积金等很高，有的地方甚至提供廉价住房，所以很多211、985学生到烟草行业工作，很是浪费人才。 当然，烟草行业给国家带来了很多税收，老百姓又离开不了，垄断市场是有一定道理的，但为了烟草行业健康发展，必须取消统一调配供应商户的政策，也就是变相地捆绑销售，与商户档位挂钩。实行按需供应，商户不分档位，按自己的实际需要订货，烟草公司可以规定品种的限额，这样商户就没有意见，市场不需要的香烟品种就没人订购，自然淘汰，把不需要的这么多香烟品种淘汰掉，留下一些大众喜爱的品牌产品，净化烟草市场，强化竞争力。唯有这样，香烟市场才会健康发展。,微头条,直爽精灵8M7,2024-01-24 07:26:02,http://www.toutiao.com/w/1788925561991172/,未知,控烟、戒烟,正面,未知
202401016596,德州市疾控中心开展控烟宣传进商场活动,"title: 德州市疾控中心开展控烟宣传进商场活动 summary: 德州市疾控中心开展控烟宣传进商场活动临近春节,为进一步营造无烟佳节的氛围,引导市民践行文明健康绿色环保生活方式,1月20日下午,德州市疾控中心工作人员利用周末,在银座商场开展无烟佳节与爱同行控烟宣传活动。 content: 临近春节,为进一步营造无烟佳节的氛围,引导市民践行文明健康绿色环保生活方式,1月20日下午,德州市疾控中心工作人员利用周末,在银座商场开展“无烟佳节 与爱同行”控烟宣传活动。 活动现场,工作人员向过往市民发放控烟福字,普及吸烟、吸电子烟及二手烟暴露的危害,宣传无烟健康过节文化,倡导市民过节不吸烟、不敬烟、不送烟,共度无烟健康佳节。 此次主题宣传活动,提高了市民对烟草危害的知晓率,为改变“以烟为礼”的不良社会习俗,减少烟草消费和使用,降低烟草危害,守护家人健康起到了良好推动作用。接下来,德州市疾控中心将继续开展系列活动,通过控烟短视频展播、健康春晚等形式,大力营造无烟佳节氛围,让更多市民积极参与到控烟工作中来,自觉成为控烟宣传者、践行者,共创无烟新环境。 (徐良)",新浪号,齐鲁晚报,2024-01-24 05:55:04,http://finance.sina.cn/2024-01-24/detail-inaeqitu0081990.d.html,未知,控烟,正面,未知
202401016602,岱下春风 | 范镇开展“无烟&lt;span style=color: #F76435;佳节&lt;/span 与爱同行”控烟活动,"title: 岱下春风 | 范镇开展“无烟&lt;span style=color: #F76435;佳节&lt;/span 与爱同行”控烟活动 summary: 工作人员通过开展控烟宣传，向群众发放宣传材料，宣传吸烟的危害以及二手烟对家人健康的影响，号召群众为了自己和家人的健康少吸烟、不吸烟，从自我做起，远离烟草，共同营造健康的生活环境。 content: 近日，范镇开展“无烟佳节 与爱同行”控烟活动， 进一步推动无烟工作开展，引导群众践行文明健康绿色环保生活方式，营造春节期间无烟氛围。""工作人员通过开展控烟宣传，向群众发放宣传材料，宣传吸烟的危害以及二手烟对家人健康的影响，号召群众为了自己和家人的健康少吸烟、不吸烟，从自我做起，远离烟草，共同营造健康的生活环境。""范镇将继续加大控烟工作宣传力度，以春节为契机，多渠道普及控烟知识，倡导过节不吸烟、不敬烟、不送烟，对二手烟说“不”，共度无烟佳节。通讯员：王燕编辑：吴琼",人民号,岱岳融媒,2024-01-24 04:49:04,http://rmh.pdnews.cn/Pc/ArtInfoApi/article?id=39653437,未知,控烟,正面,未知
202401016608,【爱卫创卫面对面】农贸市场,"title: 【爱卫创卫面对面】农贸市场 summary: 农贸市场农贸市场常见问题。出入口没有四项公示。各类食品经营店未亮证经营，熟食摊位、直接入口食品摊位防尘、防蝇、防鼠等三防设施普遍缺乏，较多暴露性加工制售。宣传内容：有电子屏、宣传栏、海报等宣传媒介，有健康教育、控制吸烟宣传、控烟标语和健康教育口号等内容，宣传栏及其内容不应被遮挡遮盖。 content: 农贸市场常见问题1.出入口没有四项公示（健康教育专栏、市场功能分区平面图、农药残留公示栏及卫生管理制度）；2.市场内环境清扫保洁不到位，垃圾清运不及时，摊（店）外经营、占道经营较多；3.市场周边环卫设施配套不足，垃圾桶内外壁污秽不堪；4.各类食品经营店未亮证经营，熟食摊位、直接入口食品摊位防尘、防蝇、防鼠等“三防”设施普遍缺乏，较多暴露性加工制售；5.活禽销售未设置独立区域，环境卫生脏乱差，蚊蝇密度高；6.市场内公厕设施损坏未及时维修，臭味明显且脏乱差。农贸市场创卫标准室外环境1.划行规市：粮食、蔬菜、熟食、鱼类、肉类等功能区划分合理，不能形成交叉。2.商品摆放:整齐，明码标价。3.清扫保洁:地面干净整洁，无油污，无异味。4.垃圾收集：①垃圾收集容器配置合理、日产日清；②每个经营户要有垃圾桶，垃圾不外溢；③水产摊位垃圾桶要有盖。5.占道摆放：无占道摆放。6.防蚊蝇：①室内的玻璃或纱窗应完好；②排风扇孔应加装铁纱网且完好无破损；③若有灭蝇灯，在生产经营场所的入口或通道外安置灭蝇灯，设置高度为1.5-2米，晚上开灯；光线较暗处的地方，白天也可以开灯，严禁在食品储存地或食品操作台上方设置灭蝇灯；④垃圾桶内无蝇类孳生。7.防鼠：①无活鼠、鼠洞、鼠粪、鼠尸、鼠咬痕；②门与地面、门与门框、门与门之间的缝隙小于0.6cm；③门及门框要能防啃咬，若是木门，则需要门及门框处包裹高度大于30cm的铁皮；④食品库房门需要设置高度大于60cm的挡鼠板，挡鼠板可设置成自动开合或拆卸式，应处于常闭状态；⑤与外界相通的门窗无破损；⑥与外界相通的空调管线孔洞必须封堵；⑦下水道管道应加竖箅子，箅子的间距或孔径应小于1cm；⑧若无竖箅子则排水沟横箅子缝隙应小于1cm，且无破损；⑨所有地漏应加盖，无破损，缝隙或孔洞小于1cm 。8.防蟑：无蟑螂、蟑迹，特别要注意角落、变电箱和消防栓内。具体摊位1.果蔬：有营业执照，内外环境整洁。2.预包装食品：有营业执照和食品经营许可证。3.生肉：有营业执照；有检疫检验合格证明；操作台整洁，给、排水设施完善；绞肉机每天进行消毒；有冷藏、冷冻冰柜。4.活禽：禁止售卖。5.水产区：水产区有营业执照；操作台整洁卫生，给、排水设施完善。6.熟食、直接入口食品:①有营业执照，有食品经营许可证和从业人员健康证；②主食等食品现场制售摊点的食品经营许可证上经营项目要包含制售；③个人卫生、服装干净，收货人员应戴发帽、口罩；④生熟分开，冷藏冷冻设施要有生熟食标识；⑤无蝇，有三防设施（防尘、防蝇、防鼠），建议使用保鲜柜；⑥米面等食品储存时要隔墙离地10cm以上。市场公厕1.达到二类以上建设标准：有完好的照明设施；独立冲水蹲位有格挡；有1.8米高的防火、防腐蚀隔断及隔断门；墙面粘砖到顶，地面有防滑地砖；设置有洗手盆、面镜、纸盒、废纸篓和挂衣钩等；有公厕指示牌、标志牌等规范齐全。2.内外环境：干净整洁，无明显臭味。3.禁烟标识：应在厕所内部、入口处进行张贴。宣传氛围1.宣传内容：有电子屏、宣传栏、海报等宣传媒介，有健康教育、控制吸烟宣传、控烟标语和健康教育口号等内容，宣传栏及其内容不应被遮挡遮盖。2.海报张贴：宣传海报应张贴在宣传栏玻璃窗内等防雨地点，破损时及时进行更换。禁烟控烟1.禁烟标识：有醒目的禁烟标识，禁烟标识要正确规范，数量及分布合理。2.无吸烟现象：地面无烟头。3.烟草广告：无任何形式的烟草广告。4.吸烟劝阻措施：有控烟劝阻员。垃圾清运1.清扫清运：有日常清扫保洁人员，垃圾日产日清，清洁到位不留死角。2.垃圾桶：外观干净整洁、有盖，垃圾无溢出、无渗滤液等。孝南区农贸市场商超标准，家的感觉↓↓↓""""""""""",头条号,澴川V线,2024-01-24 00:47:38,http://www.toutiao.com/w/i7327330749307453987/,未知,控烟,中性,未知
202401015936,室内抽烟真的很烦。,title: 室内抽烟真的很烦。 summary: 各省都有出台控烟政策，查询后乌鲁木齐也有，但都是很多年以前的文件，没有与时俱进更新，也不实实在在的落实。 content: 诶，小孕妇一枚，真的是天天被抽烟的人困扰😟。 工作单位，领导那个烟抽的云里雾里。毫无办法，也不是能说辞职就辞职的单位，只能采购各种装备，自行防备。 想出去吃个饭，装修还不错的饭店里也到处都是抽烟的，那么密闭的公共场合，就直接抽，有些人还挺好的，说了就灭了，很多人都是根本不理，还瞎理一大堆，店家也不管。估摸真的是我运气实在太差，碰见灭烟的好人真的太少了。 各省都有出台控烟政策，查询后乌鲁木齐也有，但都是很多年以前的文件，没有与时俱进更新，也不实实在在的落实。,小红书,像孩子一样简单,2024-01-23 23:24:00,http://www.xiaohongshu.com/discovery/item/65afda3a00000000110117a0,未知,控烟,中性,未知
202401015948,#手抄报作业 孩子作业大人作，画这个有啥用？#控烟手抄报,"title: #手抄报作业 孩子作业大人作，画这个有啥用？#控烟手抄报 summary: #手抄报作业孩子作业大人作，画这个有啥用？#控烟手抄报. content: #手抄报作业 孩子作业大人作，画这个有啥用？#控烟手抄报""",微头条,执着的饺子QY0,2024-01-23 22:43:27,http://www.toutiao.com/w/7327304163191278900/,未知,控烟,中性,未知
202401015960,"无烟佳节，与爱同行。
5月31日世界无烟日，青少年远离香烟宣传。
大家好，我是旗城小学一年级二十二班控烟宣传员钟政绪。2023年5月31日是第36个世界无烟日，小小一支烟危害万万千，拒绝吸烟，远离二手烟，从我做起。","title: 无烟佳节，与爱同行。 5月31日世界无烟日，青少年远离香烟宣传。 大家好，我是旗城小学一年级二十二班控烟宣传员钟政绪。2023年5月31日是第36个世界无烟日，小小一支烟危害万万千，拒绝吸烟，远离二手烟，从我做起。 summary: 无烟佳节，与爱同行。5月31日世界无烟日，青少年远离香烟宣传。大家好，我是旗城小学一年级二十二班控烟宣传员钟政绪。2023年5月31日是第36个世界无烟日，小小一支烟危害万万千，拒绝吸烟，远离二手烟，从我做起。 content: 无烟佳节，与爱同行。 5月31日世界无烟日，青少年远离香烟宣传。 大家好，我是旗城小学一年级二十二班控烟宣传员钟政绪。2023年5月31日是第36个世界无烟日，小小一支烟危害万万千，拒绝吸烟，远离二手烟，从我做起。 """,微头条,用户1369001768890,2024-01-23 22:10:50,http://www.toutiao.com/w/i1788890632266752/,未知,控烟,中性,未知
202401015966,控烟[笑哭],title: 控烟[笑哭] summary: 控烟[笑哭] content: 控烟[笑哭],微头条,爱生活的幸福清风5s,2024-01-23 22:06:31,未知,未知,控烟,中性,未知
202401015972,健康过佳节 “要年味，不要烟味”,"title: 健康过佳节 “要年味，不要烟味” summary: 健康过佳节要年味，记者李晶）为进一步增强居民控烟意识，营造健康文明的社区生活环境，1月17日，团结街道东门社区新时代文明实践站联合卫生服务中心，组织辖区党员、志愿者开展无烟佳节与爱同行戒烟知识宣传活动，进一步增强群众控烟戒烟意识。 content: 本报讯（记者 李晶）为进一步增强居民控烟意识，营造健康文明的社区生活环境，1月17日，团结街道东门社区新时代文明实践站联合卫生服务中心，组织辖区党员、志愿者开展“无烟佳节 与爱同行”戒烟知识宣传活动，进一步增强群众控烟戒烟意识，减少二手烟对人们的危害，健健康康过大年。""""""""活动中，志愿者在小区内悬挂宣传条幅，张贴海报30余张，发放宣传资料100余册，面对面向居民宣讲吸烟及二手烟的危害，进一步提高广大居民对吸烟危害的认识，引导居民了解控烟、支持控烟、主动控烟，养成健康的生活方式和生活习惯，共同营造辖区文明、健康、和谐的生活氛围。编辑：任志鸿校对：郝春映审核：王彦春",新浪号,中国通辽网,2024-01-23 21:43:23,http://k.sina.cn/article_2569810605_992c32ad02001dcr3.html?from=society,未知,控烟、戒烟、控烟戒烟,中性,未知
202401015984,我意大利炮呢？这些烟鬼们真是自私自利，不顾自己的健康，还给别人带来二手烟的危害。我们要坚决控烟，保护自己和身边的人。,title: 我意大利炮呢？这些烟鬼们真是自私自利，不顾自己的健康，还给别人带来二手烟的危害。我们要坚决控烟，保护自己和身边的人。 summary: 我意大利炮呢？这些烟鬼们真是自私自利，不顾自己的健康，还给别人带来二手烟的危害。我们要坚决控烟，保护自己和身边的人。 content: 我意大利炮呢？这些烟鬼们真是自私自利，不顾自己的健康，还给别人带来二手烟的危害。我们要坚决控烟，保护自己和身边的人。,网易号,老李来啦,2024-01-23 21:17:57,未知,未知,控烟,中性,未知
202401015990,太过份了，要禁烟涨什么价？全面实行法律控烟区，地带，违法重罚，就行了,title: 太过份了，要禁烟涨什么价？全面实行法律控烟区，地带，违法重罚，就行了 summary: 太过份了，要禁烟涨什么价？全面实行法律控烟区，地带，违法重罚，就行了 content: 太过份了，要禁烟涨什么价？全面实行法律控烟区，地带，违法重罚，就行了,微头条,自由的白云d2,2024-01-23 20:09:32,未知,未知,控烟,负面,未知
202401016002,【动态】南平市开展“无烟佳节与爱同行”活动 巩固无烟党政机关创建成果,"title: 【动态】南平市开展“无烟佳节与爱同行”活动 巩固无烟党政机关创建成果 summary: 南平市开展无烟佳节与爱同行活动巩固无烟党政机关创建成果为深入贯彻落实中共中央办公厅、国务院办公厅《关于领导干部带头在公共场所戒烟有关事项的通知》和国务院《关于实施健康中国行动的意见》要求，进一步推动全市无烟环境创建。来源｜南平疾控微健康编辑｜陈琳校对｜陈雯。 content: 为深入贯彻落实中共中央办公厅、国务院办公厅《关于领导干部带头在公共场所戒烟有关事项的通知》和国务院《关于实施健康中国行动的意见》要求，进一步推动全市无烟环境创建，充分发挥党政机关和领导干部在控烟工作中的示范引领作用，引导群众践行文明健康绿色环保生活方式，开展“无烟佳节与爱同行”活动，营造过节无烟氛围，切实维护人民群众健康，巩固我市无烟党政机关建设成果，1月15日下午南平市卫健委、市疾控中心组织专业工作人员对市税务局无烟党政机关巩固提升工作进行指导。工作人员按照《无烟党政机关建设指南》要求，通过听汇报、走现场、看资料、反馈会等形式，对无烟党政机关的组织管理、控烟考评制度、无烟环境、控烟监督巡查、控烟宣传教育及特色亮点做法等方面进行了现场指导与交流探讨。""在无烟环境布置方面，工作人员重点查看了无烟党政机关入口、食堂、电梯、楼梯、卫生间、办公室、会议室、走廊等场所的无烟环境布置及单位全面禁烟情况，并按照无烟环境建设标准提出相关意见和建议。在控烟宣传教育方面，税务局利用电子显示屏、宣传栏、海报等营造良好的控烟氛围，以“世界无烟日”为契机，向机关干部职工发送禁烟倡议书，干部职工在承诺墙上签名，使控烟工作深入人心；在特色亮点方面，税务局打造“益家健康咨询室”，每周邀请市人民医院专家坐诊，并提供控烟相关知识等健康咨询，同时咨询室配备应急药物确保干部职工健康需求。""""""""下阶段，我市将进一步巩固各项控烟措施，建立健全全市控烟工作的长效机制，推进无烟机关建设各项工作常态化，切实提高机关干部职工对无烟党政机关建设活动的知晓率和参与度，倡导健康文明的生活方式，积极创建无烟环境，全面助力“健康南平”建设。来源｜南平疾控微健康编辑｜陈 琳校对｜陈 雯""""",新浪号,健康新南平,2024-01-23 19:27:58,http://k.sina.cn/article_5664902797_151a78e8d019019ekj.html?from=news&subch=onews,未知,戒烟、控烟,正面,未知
202401016021,薛坪中心小学：开展“无烟佳节 与爱同行”宣教活动,"title: 薛坪中心小学：开展“无烟佳节 与爱同行”宣教活动 summary: 薛坪中心小学：开展无烟佳节与爱同行宣教活动为深入贯彻落实无烟佳节与爱同行的健康中国行动，践行文明健康绿色环保生活方式，营造无烟春节氛围，1月23日，薛坪中心小学开展无烟佳节与爱同行宣教活动。 content: 为深入贯彻落实“无烟佳节 与爱同行”的健康中国行动，践行文明健康绿色环保生活方式，营造无烟春节氛围，1月23日，薛坪中心小学开展“无烟佳节 与爱同行”宣教活动。""该校利用寒假前安全教育课,组织全校师生开展“拒吸第一支烟、不做吸烟新一代”横幅签名活动。各班以“无烟佳节 与爱同行”的主题班会形式，从“青少年吸烟的心理、香烟的危害、如何戒烟”等方面引导学生充分认识烟草的危害，了解控烟、戒烟知识，自觉抵制香烟的诱惑。向每一名学生家庭发放一份控烟倡议书。布置一份“当好学校、家庭控烟监督员”特殊作业，以“小手牵大手”的活动，对“二手烟”说“不”，引导家长不吸烟，主动戒烟，为青少年健康成长做表率。各班还利用班级群推广使用“中国戒烟平台”微信小程序，鼓励大家主动参与戒烟服务，让有戒烟意向的人群能科学戒烟、成功戒烟。""""该系列活动的开展，大力弘扬了无烟健康过节文化，倡导过节不吸烟、不敬烟、不送烟的新风尚；为创建“无烟单位”、“无烟社区”、“无烟家庭”、“无烟学校”奠定坚实基础，齐心共筑健康清新的工作生活环境。（未经许可 不得转载）记者：王全利 | 通讯员：周德高编辑：王晨可 | 校对：刘斌贝责编：郑海 | 审核：周嘉宾",头条号,襄阳广播电视台,2024-01-23 18:10:12,http://www.toutiao.com/w/i7327233894489899560/,未知,戒烟、控烟,正面,未知
202401016027,“春节聚会不吸烟”，东城持续开展室内控烟执法检查工作,"title: “春节聚会不吸烟”，东城持续开展室内控烟执法检查工作 summary: 春节聚会不吸烟，东城持续开展室内控烟执法检查工作春节将至，亲朋好友聚会增多。确有吸烟需求的市民朋友请到专门设置的吸烟区，吸烟后熄灭烟头、消除安全隐患，努力创造一个无烟、健康的社会环境。 content: 春节将至，亲朋好友聚会增多。为进一步推动控烟工作，东城区持续加大对商务楼宇、商场超市、餐饮单位、宾馆酒店等室内公共场所的控烟执法检查力度，确保公共场所无烟环境得到有效维护。""在建国门街道的中粮大厦，街道综合行政执法队近日对大厦的控烟工作进行了突击检查。在检查中，执法队员分别对逃生通道、楼道、卫生间、电梯间等区域进行逐一检查，未发现吸烟人员。“大家现在都有不在室内公共场所吸烟的观念了，生怕‘二手烟’影响他人。”大厦物业管理工作人员介绍，近年来，通过全社会的持续努力，室内公共场所的无烟环境得到了显著改善，市民对控烟工作的支持度不断提高，吸烟行为明显减少。室内公共场所控烟工作是一项长期而艰巨的任务，需要各方共同努力。在安定门街道，执法人员对宾馆酒店经营单位的控烟情况进行检查。执法人员将提示挂在嘴边，叮嘱经营者在旅客办理登记入住过程中明确要求室内禁止吸烟。执法人员介绍，室内公共场所严格控烟，一是为了防止“二手烟”影响其他人员身体健康，二是为了防止因疏忽大意酿成火灾。""执法人员根据投诉举报线索，还对部分餐饮单位进行了执法检查。在簋街，执法人员在对一家因控烟工作不力而被处罚的餐饮单位进行复查时发现，该餐饮单位已整改到位，只要发现顾客有吸烟的迹象，店员就会第一时间上前劝阻。对于个别不听劝阻的人员，餐饮单位将及时向执法部门报告。据了解，东城区各街道综合行政执法队利用微信公众号、商户管理群等媒介，结合“城管进社区”、“城管开放日”等活动，大力开展控烟宣传工作。执法部门提示广大市民朋友：吸烟有害健康，请勿在室内公共场所吸烟，尤其是在幼儿园、中小学、少年宫、儿童福利机构等以未成年人为主要活动人群的场所吸烟。确有吸烟需求的市民朋友请到专门设置的吸烟区，吸烟后熄灭烟头、消除安全隐患，努力创造一个无烟、健康的社会环境。",新浪号,北京日报,2024-01-23 17:57:12,http://k.sina.cn/article_1893892941_70e2834d02001hiqm.html?from=society,未知,控烟,中性,未知
202401016033,“创无烟环境守文明健康”汤旺县开展对二手烟说“不”宣传教育活动,title: “创无烟环境守文明健康”汤旺县开展对二手烟说“不”宣传教育活动 summary: 创无烟环境守文明健康汤旺县开展对二手烟说不宣传教育活动为进一步推动控烟工作有序开展，引导广大人民群众践行文明健康绿色环保的生活方式，营造无烟环境。 content: 为进一步推动控烟工作有序开展，引导广大人民群众践行文明健康绿色环保的生活方式，营造无烟环境。近日，汤旺县卫生健康局组织开展“创无烟环境 守文明健康”对二手烟说“不” 主题宣传教育活动。 一、开展控烟宣讲，巩固无烟单位成果 组织开展无烟环境进机关主题宣讲活动，宣传禁烟控烟知识，明确禁烟控烟要求，创造健康的无烟工作环境，积极践行健康理念，充分发挥党员干部在控烟工作中的示范引领作用，展现汤旺县单位良好形象，促进全社会形成全民禁烟、戒烟的良好社会氛围。 二、开展交流发言，控烟文明劝导 通过观看控烟宣传片，开展交流发言，就吸烟的危害、戒烟的好处、烟草和肺部健康等方面交流讨论，更深层次了解吸烟和二手烟暴露的严重危害，改变把烟草作为礼物赠送的不良风气。号召党员干部弘扬无烟健康文化，做自己健康的第一责任人，以不吸烟、不“敬”烟等健康行为守护家人健康。 三，丰富宣传形式，推进全县控烟 采取线上线下宣传结合、传统媒体新媒体融合的方式，以公益广告和海报等多种宣传材料为载体，利用微信、电子屏等多种平台，创新开展“送烟=送危害”宣传活动。通过宣传活动，使广大居民提高对烟草危害的认识，营造全社会支持控烟的良好氛围，为共建无烟环境，共享健康生活打下良好基础。同时，卫健局号召广大党员干部率先垂范，自觉做到不吸烟、不敬烟，及时劝阻和制止他人违规在公共场所吸烟，共同创造清新、舒适、健康、和谐的工作和生活环境。 下一步，汤旺县将以春节为契机，继续加大对无烟生活和健康生活等文明生活方式的宣传力度，引导广大人民群众养成健康的生活方式和生活习惯，营造一个健康、和谐、美好的生活环境。 来源：汤旺发布一审：程玉二审：吴汉三审：张卫国更多新闻请关注“文明伊春”视频号发布于：北京市,搜狐号,大东北生活资讯,2024-01-23 17:57:04,http://m.sohu.com/a/753822920_121106822,未知,控烟、戒烟,正面,未知
202401016039,各国吸烟率对比：中国排第几？看完惊呆了！,"title: 各国吸烟率对比：中国排第几？看完惊呆了！ summary: 各国吸烟率对比：中国排第几？各位亲爱的头条号读者，今天给大家带来一篇让人惊掉下巴的文章！为了降低吸烟率、保护人民群众的健康，中国政府应该继续加强控烟措施，提高烟草税、加强烟草广告监管等手段，让我们的空气更加清新、健康！同时，我们每个人也应该从自身做起，拒绝吸烟、远离烟草的危害。 content: 各位亲爱的头条号读者，今天给大家带来一篇让人惊掉下巴的文章！各国吸烟率大比拼，看看咱们中国排在第几位？一起来看看吧！""首先，让我们来了解一下吸烟的危害。烟草中含有大量的有害物质，如尼古丁、焦油等，长期吸烟会对人体健康造成极大的危害。据统计，每年全球有数百万人因吸烟而死亡。因此，各国政府都在积极采取措施来降低吸烟率。 各国吸烟率大比拼""接下来，让我们来看看各国吸烟率的对比情况。根据最新数据，中国的吸烟率排名世界前列。然而，令人惊奇的是，中国的吸烟率并不是最高的。下面是一份各国吸烟率的排名：1. 俄罗斯：俄罗斯的吸烟率高达39%，是全球最高的国家之一。2. 土耳其：土耳其的吸烟率紧随其后，达到了33%。3. 中国：中国的吸烟率排在世界第三位，达到了27%。4. 印度：印度的吸烟率达到了23%。5. 美国：美国的吸烟率排名第五，达到了16%。""从上面的数据可以看出，中国的吸烟率高达27%，是一个相当高的数字。然而，与俄罗斯和土耳其相比，中国的吸烟率并不是最高的。这可能是因为中国政府近年来采取了严厉的控烟措施，限制烟草广告、提高烟草税等措施，有效降低了吸烟率。中国控烟措施中国政府在控烟方面采取了一系列措施。例如，自2016年起，中国实施了《烟草控制框架公约》，限制烟草广告、加强烟草制品的包装和标识等。此外，中国政府还通过提高烟草税、开展控烟宣传等手段，加强对烟草的控制。这些措施的实施，有效地降低了吸烟率，保护了人民群众的健康。""通过各国吸烟率的对比可以看出，中国的吸烟率虽然高居世界前列，但并不是最高的。这得益于中国政府近年来采取的严厉控烟措施。为了降低吸烟率、保护人民群众的健康，中国政府应该继续加强控烟措施，提高烟草税、加强烟草广告监管等手段，让我们的空气更加清新、健康！同时，我们每个人也应该从自身做起，拒绝吸烟、远离烟草的危害。让我们共同努力，为创造一个无烟的环境而奋斗！ 感谢各位亲爱的头条号读者阅读本篇文章。如果您觉得本文有价值，请点赞、分享和留言。如果您有任何问题或建议，欢迎随时联系我们。祝您健康快乐每一天！",头条号,阿杰有话说,2024-01-23 17:23:13,http://www.toutiao.com/w/i7327221349758976547/,未知,控烟,中性,未知
202401016057,有无适合单位开会集体观看的控烟宣传视频,title: 有无适合单位开会集体观看的控烟宣传视频 summary: 有无适合单位开会集体观看的控烟宣传视频找了半天没找到 求推荐一下 #工作#职场日常#职场#打工人 content: 找了半天没找到 求推荐一下 #工作#职场日常#职场#打工人,小红书,小红薯646E8570,2024-01-23 16:47:00,http://www.xiaohongshu.com/discovery/item/65af7d2e00000000110091cc,未知,控烟,中性,未知
202401016069,开封市城乡一体化示范区新西门社区开展“无烟佳节 与爱同行”宣传教育活动,"title: 开封市城乡一体化示范区新西门社区开展“无烟佳节 与爱同行”宣传教育活动 summary: 开封市城乡一体化示范区新西门社区开展无烟佳节与爱同行宣传教育活动为加强控烟科普宣传，引导居民切实增强自觉禁烟意识，共同营造健康、清洁、无烟的生活环境，提升居民健康素养水平助力文明城市创建，近日。 content: 为加强控烟科普宣传，引导居民切实增强自觉禁烟意识，共同营造健康、清洁、无烟的生活环境，提升居民健康素养水平助力文明城市创建，近日，开封市城乡一体化示范区城西街道新西门社区开展“无烟佳节 与爱同行”宣传教育活动。""活动中，社区工作人员通过PPT课件耐心向居民讲解吸烟、特别是二手烟对身体造成的伤害以及戒烟带来的好处，告知大家烟草制品容易使人上瘾，极易诱发心肺疾病，同时还科普了戒烟的误区及科学的戒烟方法，呼吁家长关注孩子健康，坚决杜绝电子烟，形成“大众戒烟，人人参与”的良好氛围。随后社区新时代文明实践站志愿者对辖区周边重点路段两侧路面、绿化带、沿街商铺等公共区域的烟头、垃圾袋进行了清理，并沿街发放禁烟宣传单页，号召居民做到“无烟佳节 与爱同行”。""此次控烟宣传活动的开展，号召大家携起手来积极践行文明健康绿色环保的生活方式，从自身做起，珍爱健康、拒绝烟草，有效提升了居民对烟草危害健康的认知，共建无烟环境，共享健康生活。（黄鲁豫）",头条号,小央观豫,2024-01-23 16:30:09,http://www.toutiao.com/w/i7327204176000221733/,未知,控烟、戒烟,正面,未知
202401016076,这张照片是在2007年拍摄的，地点是成都某高校的宿舍楼道上。当时学校的学生会控烟劝导员正在休息。这位姑娘来自重庆市城口县，上了大学后非常希望能够通过参与学生会来锻炼自己，于是成为了学校的控烟劝导员，每周都会在学校里进行控烟劝导工作。重庆妹儿长得漂亮，身材也很好，戴着眼镜显得斯斯文文的，给人一种特别的感觉。,"title: 这张照片是在2007年拍摄的，地点是成都某高校的宿舍楼道上。当时学校的学生会控烟劝导员正在休息。这位姑娘来自重庆市城口县，上了大学后非常希望能够通过参与学生会来锻炼自己，于是成为了学校的控烟劝导员，每周都会在学校里进行控烟劝导工作。重庆妹儿长得漂亮，身材也很好，戴着眼镜显得斯斯文文的，给人一种特别的感觉。 summary: 这张照片是在2007年拍摄的，地点是成都某高校的宿舍楼道上。当时学校的学生会控烟劝导员正在休息。这位姑娘来自重庆市城口县，上了大学后非常希望能够通过参与学生会来锻炼自己，于是成为了学校的控烟劝导员，每周都会在学校里进行控烟劝导工作。 content: 这张照片是在2007年拍摄的，地点是成都某高校的宿舍楼道上。当时学校的学生会控烟劝导员正在休息。这位姑娘来自重庆市城口县，上了大学后非常希望能够通过参与学生会来锻炼自己，于是成为了学校的控烟劝导员，每周都会在学校里进行控烟劝导工作。重庆妹儿长得漂亮，身材也很好，戴着眼镜显得斯斯文文的，给人一种特别的感觉。 """,微头条,love,2024-01-23 16:20:39,http://www.toutiao.com/w/i1788868599866396/,未知,控烟,正面,未知
202401016082,团团小课堂 | 二手烟，伤害就在身边！,"title: 团团小课堂 | 二手烟，伤害就在身边！ summary: 团团小课堂|。二手烟，伤害就在身边！吸烟不仅损害吸烟者的健康，更导致大部分的非吸烟者成为二手烟的受害者。二手烟暴露问题在很多国家已经成为普遍现象，甚至在医疗机构和卫生专业人员中都存在，任何允许吸烟的地方都会有二手烟暴露的问题，家庭、工作场所、公共场所都是接触二手烟的地方。 content: &lt;img class=""content-image"" data-src=""1yUEsxyfsUpaAj7lfsOvA8BtPsOZN1xBjR51Pm15agF2Kg/KwSM1I0gTq2FU3x6sJth1+JZ2Tb07L9uhz8C5+vmI3k7XU7PLeqp5Md9sK3I="" width=""900"" height=""1076"" /看到这张海报，你是否会感觉到触目惊心？吸烟不仅损害吸烟者的健康，更导致大部分的非吸烟者成为二手烟的受害者。二手烟暴露问题在很多国家已经成为普遍现象，甚至在医疗机构和卫生专业人员中都存在，任何允许吸烟的地方都会有二手烟暴露的问题，家庭、工作场所、公共场所都是接触二手烟的地方。什么是二手烟？‍二手烟：由主流烟（吸烟者呼出的烟雾）和侧流烟（香烟燃烧端产生的烟雾）构成，它造成人们被动的、非自愿的吸烟，是危害最广泛、最严重的室内空气污染，是全球重大死亡原因之一。二手烟暴露所吸入的烟草烟雾与吸烟者吸入的主流烟雾相比，其化学成分及各成分浓度有所不同。一些对人体有严重危害的化学成分，在二手烟中的含量甚至要高于一手烟：一氧化碳是主流烟雾的5倍！尼古丁是主流烟雾的3倍！强致癌性的苯并芘是主流烟雾的4倍！强致癌物亚硝胺的含量为主流烟雾含量的50倍！什么是二手烟暴露？二手烟暴露的判定标准：非吸烟者每周至少有1天时间吸入吸烟者呼出的烟雾超过15分钟。我国是世界上最大的烟草生产国和消费国，也是最大的烟草受害国。我国每年100多万人死于烟草危害，至少10万人死于二手烟暴露。二手烟暴露没有所谓安全水平，即使短时间暴露于二手烟之中也会对人体的健康造成危害。排风扇、空调等通风装置，都无法避免非吸烟者吸入二手烟。&lt;img class=""content-image"" data-src=""wXdZHLbub1cJf8KN0C5vfcBtPsOZN1xBjR51Pm15agFqHtpb3p5THNForVvr49C9EaqlGq4GYSejNKGA4ZpivrqjEUg9Hgw6VjG8TaqPImM="" width=""440"" height=""660"" /二手烟暴露有哪些危害呢？1.患癌几率增加。二手烟暴露可导致肺癌、冠心病、脑卒中、乳腺癌、鼻窦癌。每日和吸烟者在一起呆上15分钟以上，吸二手烟者的危害便等同于吸烟者。肺癌患者有75%因素最后追究到吸烟上，且二手烟暴露量越大、年限越长，人们罹患肺癌的风险就越高。2.可导致成年人急慢性呼吸道症状、肺功能下降、支气管哮喘和慢性阻塞性肺疾病；3.可导致儿童支气管哮喘、肺功能下降和中耳炎。长期被二手烟伤害的孩子，其智力发育会受到很大影响，在记忆、阅读、数学等学习方面的能力都会因此受限。4.孕妇暴露于二手烟可以导致婴儿出生体重降低、婴儿猝死综合征、早产、新生儿神经管畸形和唇腭裂。5.对女性来说，长期暴露在二手烟下可导致容颜早衰、月经紊乱、雌激素低下、骨质疏松，严重的还将引发宫颈癌、子宫癌等疾病。6.罹患糖尿病的几率变高。通过研究发现，主动吸烟或被动吸烟均可以导致年轻人出现葡萄糖耐受不良的危险。而吸二手烟也是导致一个人出现葡萄糖耐受不良的新的危险因素。如果人体出现葡萄糖耐受不良的情况，那么体内的血糖水平会随之提高，罹患糖尿病的几率将非常高。如何降低或避免二手烟的伤害？1.吸烟者尽早戒烟或减少吸烟，不在公共场所、工作场所吸烟，保护非吸烟者维护自身健康的权利。2.非吸烟者如果需要经常出入有二手烟的地方，可以尽量减少暴露时间。3.加快控烟立法，为了最大限度的降低二手烟对非吸烟人群身心健康的危害，立法是禁止在公共场所吸烟的关键措施。很多国家禁止吸烟的公共场所已从公共交通工具、电影院、展览馆、购物中心、银行、学校、医院等，逐步扩展到办公场所(包括政府办公楼、公司的写字楼等)，又进而扩展到大众餐饮娱乐场所(包括餐厅、酒吧、夜总会、按摩院等)。&lt;img class=""content-image"" data-src=""wxcWD3sAnMjy6azFPk/mH8BtPsOZN1xBjR51Pm15agG1lQo09lH1P4xsEzLNrQ+wBk7H2kebl+iBe2/6YhCLoQXqCz5u17RfOJzuB8XUlIw="" width=""440"" height=""660"" /为了自己和他人的健康，尽早戒烟吧！和吸烟一样，二手烟暴露的危害具有滞后性。如果不对儿童的二手烟暴露情况加以有效控制，可以预计未来几十年我国由吸烟相关的各大慢性疾病导致的负担将继续上升。为了自己和他人的平安、健康和未来，让我们努力共创和谐无烟环境。— END — 来源 | 健康中国、人民日报关于征集2024年东胜区大学生实习“扬帆计划”工作岗位的公告忠诚担当守初心 笃行实干履职责 | 团区委召开东胜区2023年度团组织书记抓基层团建暨大队辅导员抓队建工作述职评议会团团职通车 | 这周四~东胜有招聘会！胜都聚才 胜请您来 | 实习招募！大学生快来加入我们→发布于：北京市",搜狐号,草原古都生活宝典,2024-01-23 16:07:39,http://m.sohu.com/a/753791434_121106854,未知,戒烟、控烟,中性,未知
202401016115,临汾市卫生健康委员&lt;b会&lt;/b、临汾市教育局倡议:创建无烟中小学校,title: 临汾市卫生健康委员&lt;b会&lt;/b、临汾市教育局倡议:创建无烟中小学校 summary: 临汾市卫生健康委员&lt;b会&lt;/b、临汾市教育局倡议:创建无烟中小学校为贯彻落实《健康中国行动》控烟行动有关要求，进一步推动广大中小学教师和学生了解吸烟和二手烟暴露的危害，追求健康和谐的生活方式，共建生态文明的美丽临汾。 content: 为贯彻落实《健康中国行动（2019－2030年）》控烟行动有关要求，进一步推动广大中小学教师和学生了解吸烟和二手烟暴露的危害，追求健康和谐的生活方式，共建生态文明的美丽临汾，树立和展现临汾市中小学生良好的精神面貌，养成文明健康的生活习惯，创造洁净、优美的中小学校园环境，构建无烟美丽的中小学校园，临汾市卫生健康委员会、临汾市教育局向广大中小学教师及学生发出如下倡议：一、从我做起，营造无烟中小学校园环境。自觉远离传统卷烟和电子烟，倡导文明健康的生活习惯。二、远离吸烟危害，争做健康公民。三、主动参与控烟，互相监督，做控烟表率。学习控烟知识，并互相监督，让更多的人远离传统卷烟和电子烟。四、请对校园里的每一个人友好的提醒和劝诫，并提醒其吸烟的危害。五、树立社会责任感和使命感，作无烟中小学校园的卫士，以民族振兴为己任，为创建生态文明的美丽临汾贡献力量。广大中小学教师是为人师表的园丁，应率先垂范做好控烟工作，中小学生是时代的先锋，是祖国的未来，让我们携起手来，从自身做起，从现在做起，争做文明市民，追求健康文明的生活方式，为守护家人健康、共享健康生活贡献力量！（文：王继发、张金华、禹伟）,快传号,中国网,2024-01-23 11:55:00,http://www.360kuai.com/mob/transcoding?url=93e34022d870e1fe0,未知,控烟,正面,未知
202401016144,"1月18日（周四）国际新闻
全球范围内，世卫组织宣布烟草使用率持续下降。这一数据表明，呼吸健康和公共健康意识的提高正在全球范围内起到积极作用，为降低吸烟相关疾病和健康风险，各国需继续努力加强控烟政策的实施。
在欧洲，欧盟公布对哈马斯领导人叶海亚·辛瓦尔的制裁决定。在乌克兰局势下，北约秘书长警告形势十分严峻，表明乌克兰所面临的挑战极大，需谨慎看待俄罗斯的态势。
美国国会参议院否决了与以色列人权相关的决议案。与此同时，美国国防部长的秘密住院信息曝光，引发社会广泛关注，凸显了政府部门的信息保密需引起关注。
美国军方对也门胡塞武装控制地区的反舰弹道导弹相关目标实施了打击行动。这一举措表明了美国在地区安全问题上的严肃态度，以及对地区局势的高度警惕。
在国际外交领域，普京与朝鲜外务相举行会谈，突显了国际间利益交织和地缘政治的复杂性。普京就俄乌冲突表态称，若非部分人的不理智行为，俄乌冲突早在一年半前结束。
此外，加拿大总理特鲁多对特朗普连任表达质疑，预示了美国政治对国际关系的潜在影响。这些国际新闻事件凸显了国际政治和外交中所存在的复杂挑战和不确定性。
这里是原星系，感谢大家的支持！","title: 1月18日（周四）国际新闻 全球范围内，世卫组织宣布烟草使用率持续下降。这一数据表明，呼吸健康和公共健康意识的提高正在全球范围内起到积极作用，为降低吸烟相关疾病和健康风险，各国需继续努力加强控烟政策的实施。 在欧洲，欧盟公布对哈马斯领导人叶海亚·辛瓦尔的制裁决定。在乌克兰局势下，北约秘书长警告形势十分严峻，表明乌克兰所面临的挑战极大，需谨慎看待俄罗斯的态势。 美国国会参议院否决了与以色列人权相关的决议案。与此同时，美国国防部长的秘密住院信息曝光，引发社会广泛关注，凸显了政府部门的信息保密需引起关注。 美国军方对也门胡塞武装控制地区的反舰弹道导弹相关目标实施了打击行动。这一举措表明了美国在地区安全问题上的严肃态度，以及对地区局势的高度警惕。 在国际外交领域，普京与朝鲜外务相举行会谈，突显了国际间利益交织和地缘政治的复杂性。普京就俄乌冲突表态称，若非部分人的不理智行为，俄乌冲突早在一年半前结束。 此外，加拿大总理特鲁多对特朗普连任表达质疑，预示了美国政治对国际关系的潜在影响。这些国际新闻事件凸显了国际政治和外交中所存在的复杂挑战和不确定性。 这里是原星系，感谢大家的支持！ summary: 全球范围内，世卫组织宣布烟草使用率持续下降。这一数据表明，呼吸健康和公共健康意识的提高正在全球范围内起到积极作用，为降低吸烟相关疾病和健康风险，各国需继续努力加强控烟政策的实施。这里是原星系，感谢大家的支持！ content: 1月18日（周四）国际新闻 全球范围内，世卫组织宣布烟草使用率持续下降。这一数据表明，呼吸健康和公共健康意识的提高正在全球范围内起到积极作用，为降低吸烟相关疾病和健康风险，各国需继续努力加强控烟政策的实施。 在欧洲，欧盟公布对哈马斯领导人叶海亚·辛瓦尔的制裁决定。在乌克兰局势下，北约秘书长警告形势十分严峻，表明乌克兰所面临的挑战极大，需谨慎看待俄罗斯的态势。 美国国会参议院否决了与以色列人权相关的决议案。与此同时，美国国防部长的秘密住院信息曝光，引发社会广泛关注，凸显了政府部门的信息保密需引起关注。 美国军方对也门胡塞武装控制地区的反舰弹道导弹相关目标实施了打击行动。这一举措表明了美国在地区安全问题上的严肃态度，以及对地区局势的高度警惕。 在国际外交领域，普京与朝鲜外务相举行会谈，突显了国际间利益交织和地缘政治的复杂性。普京就俄乌冲突表态称，若非部分人的不理智行为，俄乌冲突早在一年半前结束。 此外，加拿大总理特鲁多对特朗普连任表达质疑，预示了美国政治对国际关系的潜在影响。这些国际新闻事件凸显了国际政治和外交中所存在的复杂挑战和不确定性。 这里是原星系，感谢大家的支持！ """,微头条,原星系,2024-01-23 10:52:05,http://www.toutiao.com/w/i1788816121716810/,未知,控烟,正面,未知
202401016150,2024美国癌症报告发布：死亡率下降，发病率上升！防癌检查别走弯路！,"title: 2024美国癌症报告发布：死亡率下降，发病率上升！防癌检查别走弯路！ summary: 2024美国癌症报告发布：死亡率下降，发病率上升！1月18日， 2024美国癌症报告发布，预计2024年美国将新增癌症患者超200万例，死亡61万例。在全人群中，致死率最高的分别是肺癌、结直肠癌和胰腺癌。针对普通人群，《中国抗癌协会乳腺癌诊治指南》推荐40-45岁的女性应每年做一次乳腺X线检查，45-69岁女性每1-2年进行一次。 content: ​1月18日，2024美国癌症报告发布，预计2024年美国将新增癌症患者超200万例，死亡61万例。在全人群中，致死率最高的分别是肺癌、结直肠癌和胰腺癌。总体来看，美国癌症死亡率呈逐年下降趋势，自1991年以来，死亡人数预估减少了400万。然而，癌症发病率仍在上升，在10种主要癌症中，有6种癌症的患病率仍在不断上升。①""为什么美国癌症死亡率下降？一、严格控烟力度首要的原因在于美国控烟行动使得肺癌患病率逐年下降。肺癌一直以来都是致死最主要的原因，但随着美国的控烟力度，肺癌发病率与死亡率都在逐年下降。二、新的治疗技术其次，近年来美国在癌症的诊断、治疗技术上的创新，为癌症治疗提供了新的可能性。随着靶向治疗、免疫疗法等新型治疗方法的出现，许多患者获得了更好的治疗效果。此外基因编辑技术也为癌症治疗带来了革命性的突破。三、及早发现癌症早期发现也是减少癌症死亡的关键因素。美国拥有先进的筛查技术和广泛的筛查计划，使得早期发现和治疗成为可能，例如结肠癌和宫颈癌的早期筛查已经显著降低了这些癌症的死亡率。可见，远离致癌因素、及早发现早期癌症更加关键，即使未来有更多新的癌症治疗技术和方法，越是在癌症早期发现，治疗效果也就越好。从癌细胞发展到癌症，有2个最佳干预时机！多数癌症的发生不是一个一蹴而就的过程，有着不同的发展阶段。厦门大学附属中山医院肿瘤内科主任医师潘战和2023年1月在个人微信号刊文表示，癌症不是一日长成的，在确诊癌症前，其实至少要按年来算，癌症的形成需要多年、十几年甚至几十年。其中有2个最佳干预时机！""癌症发生过程示意图1. 癌前病变——最佳干预时机癌前病变就是恶性肿瘤（癌症）的癌前阶段，也就是说人体细胞已经发生了一定程度的异常改变，不过还没有发展到真正的癌症阶段，仍然不是癌症，有一定的可逆性，它既有可能进一步继续往前发展为真正的癌症，也有可能自行或在采取某些有效的处理措施之后重新恢复到以前的正常状态。2. 原位癌——最佳干预时机原位癌其实不是通常意义上所说的癌症，它还没有往深部间质浸润，不具有侵袭性，预后非常好，通过手术治疗完全可以除掉它，也就是说可以治愈。3. 浸润癌——这是真正的癌症这个阶段的癌症，就是我们所说的真正的癌症，也就是所谓的浸润癌，比如我们通常说乳腺癌、肺癌等，指的就是浸润癌。4. 晚期转移——癌症开始转移这个阶段癌症发生了转移，也就是通常所说的癌症已经晚期，已经转移到远处了，比如肝转移、肺转移、骨转移，也包括远处的非区域淋巴结转移。②防癌检查千万别走弯路！年年体检正常却查出癌症？其实很多癌症没能早期查出来，主要是检查方法选错了！所以，防癌检查选对检查项目太重要了，千万别走弯路！记住，这些才是查癌的“金标准”！1. 查肺癌——低剂量螺旋CT以前很多人通过X光片来筛查肺癌。中国中医科学院西苑医院肿瘤科主任医师杨宇飞曾在健康时报刊文中介绍，由于胸部X光片分辨率低，检出率比较低，如果能用胸部X光片检查诊断是肺癌，临床常常就已经到晚期了，早期筛查意义不大。杨宇飞医生建议，用低剂量CT查肺癌，其分辨率高，肺癌肿瘤在1厘米，甚至0.8厘米时即可被查出，因此建议50岁以后的中老年人或有肺癌家族史的人，体检中把X光片换成低剂量CT。③2023版《居民常见恶性肿瘤筛查和预防推荐》也建议，肺癌高危人群，要进行低剂量螺旋CT筛查。④""单明铭 摄2. 查胃癌——胃镜+活检很多人不到万不得已不会主动去做胃镜。山东大学齐鲁医院消化科主任左秀丽2019年在健康时报刊文中指出，晚期胃癌的五年生存率不及20%，而90%的早期胃癌是可以治愈的。令人痛心的是，我国90%的胃癌发现时已是中晚期。而胃镜检查是胃部疾病诊断的一线方法，通过胃镜+活检筛查，胃癌其实是可以预防的。所以一定要及时根据具体病情和医生建议进行胃镜检查，千万不要等到病情恶化时才考虑做胃镜。⑤3. 查肝癌——甲胎蛋白+B超查肝癌需要做“甲胎蛋白+B超”联合检查。需要注意的是，单独用甲胎蛋白普查，会有一定漏诊。根据多年的临床试验证明，B超联合血清甲胎蛋白检测肝癌准确率达到90%以上，是临床诊断早期肝癌首选的检查方法。⑥2023年版《居民常见恶性肿瘤筛查和预防推荐》也建议，肝癌筛查联合应用血清甲胎蛋白（AFP）和肝脏B超检查，高危人群每6个月筛查1次。④4. 查结直肠癌——肠镜作为肠癌检查的有效手段，很多人对于肠镜的接受程度同样不高。中国工程院院士、海军军医大学附属长海医院消化内科主任李兆申2018年接受健康时报采访时表示，从事消化科工作多年，一直让我耿耿于怀的是患者对于胃肠镜检查的排斥和抵触。他也在公开场合多次强调，超过45岁一定要做肠镜，做一次肠镜管你五年、十年没问题，你不会得结直肠癌。⑦2023年版《居民常见恶性肿瘤筛查和预防推荐》强调，大肠癌筛查从45岁开始，无论男女，每年1次大便隐血检测，每10年1次肠镜检查，直到75岁。④5. 查乳腺癌——钼靶检查上海市医学会放射学分会乳腺学组组长、复旦肿瘤医院的放射诊断科主任顾雅佳2019年在接受健康时报采访时介绍，针对乳腺癌的X线检查，又称钼钯检查，是目前诊断乳腺疾病简单有效的筛查方式。上海交通大学医学院附属瑞金医院放射科行政副主任柴维敏解释，对于超声或磁共振等无法看出的微小钙化灶，X影像检查恰好比较敏感。加上拍好还有成片可供保存，因此无论是国际上还是国内均为首选。针对普通人群，《中国抗癌协会乳腺癌诊治指南》推荐40-45岁的女性应每年做一次乳腺X线检查，45-69岁女性每1-2年进行一次。⑧6. 查食管癌——内镜检查河南省安阳市肿瘤医院胸外科大科主任郝安林教授2021年在接受健康时报采访时介绍，“食管癌早期症状不太典型，容易被忽略。”因此对于食管癌，想要早发现，仅仅通过症状来诊断，是不够的，最重要的还是要尽早筛查。⑨2023版《居民常见恶性肿瘤筛查和预防推荐》建议，食道癌筛查优选普通内镜检查，高危人群每2年检查1次。内镜检查病理学检查结果提示轻度异型增生，每年1次内镜检查；内镜检查病理学检查结果提示中度异型增生，每半年1次内镜检查。④7. 甲状腺癌——颈部超声在大多数恶性癌症中，甲状腺癌相对来说是“温和”的，它一般不会侵害其他器官，只要规范治疗，不少患者可以长期生存。甲状腺癌最有效的筛查手段是颈部超声检查。一般人群20-29岁每2-3年1次临床颈部体检，30岁以后每年1次。30岁后每年1次颈部超声检查（包括甲状腺、颈部、锁骨上）。女性孕前和哺乳期结束时，建议分别进行1次颈部超声检查。④本文综合自：①Don S. Dizon,Arif H. Kamal, Cancer statistics 2024: All hands on deck, CA: A Cancer Journal for Clinicians, 10.3322/caac.21824, 74, 1, (8-9), (2024).②2023-01-11微信公众号“肿瘤专科医生”《阻断癌症有两个最佳时机，转发提醒家人一定不要错过！》③2013-01-24健康时报《数数不靠谱的体检项目》④2023-04-15上海市抗癌协会、复旦大学附属肿瘤医院《居民常见恶性肿瘤筛查和预防推荐》（2023版）⑤2019-03-19健康时报《全球超半数胃癌在中国》⑥2014-06-24南方日报《B超容易误诊“大肝癌”》⑦2018-07-20健康时报《中国工程院院士李兆申——早发现一例癌挽救一个家》⑧2019-11-01健康时报《X线、超声、磁共振…乳腺癌筛查方法怎么选？专家这样说》（尹薇）⑨2021-12-13健康时报《确诊到去世仅1个月！著名演员涂们去世，全球有一半食道癌患者在我国》（赵苑旨）​​​​来源：健康时报",头条号,长城新媒体,2024-01-23 10:23:59,http://www.toutiao.com/w/i7327113549829489179/,未知,控烟,中性,未知
202401016156,"烟草价格上涨是否会导致更多的人选择戒烟，这是一个复杂的问题，涉及到许多因素。
首先，烟草价格上涨确实可能会在一定程度上影响吸烟行为。根据中国疾病预防控制中心的研究，大幅提高烟草价格能改善全球数百万人健康状况和贫困，并能提高戒烟率并减少年轻人吸烟 。研究显示，烟草价格的增加与吸烟人数的下降之间存在着一定的关联。价格上涨会使吸烟成本增加，进而降低吸烟的吸引力，导致一些人选择戒烟或减少吸烟的意愿。
然而，烟草价格上涨并不能完全解决吸烟问题。对于一些顽固的烟瘾者来说，涨价可能只是增加他们获得烟草的经济压力，并不能真正激发他们戒烟的意愿。因此，除了提高烟草价格外，还需要综合运用各种措施，如吸烟宣传和教育、戒烟服务和支持等，来帮助吸烟者戒烟。
此外，对于一些经济困难的人来说，烟草价格上涨可能会增加他们的经济压力，导致他们被迫戒烟。据专家预测，由于卷烟的涨价，10块钱的香烟将会消失，许多经济状况较差的人将“被迫戒烟”。
总的来说，烟草价格上涨可能会在一定程度上影响吸烟行为，促使一部分人戒烟或减少吸烟，但并不能完全解决吸烟问题。对于吸烟者来说，除了价格因素外，个人的烟瘾、生活环境、社会压力等都可能影响他们的吸烟行为。因此，解决吸烟问题需要综合考虑各种因素，采取综合措施。 
#烟草涨价,戒烟的人会变多吗?##你考虑过戒烟吗# #你是否已经戒烟# #戒烟真的难吗？# #你已戒烟了吗# #香烟的危害# #你准备戒烟了吗# #你戒烟了吗？# #戒烟的的事儿# #探讨戒烟之艰辛# #你戒烟了吗？！# #中国烟草”、“# #美丽的花烟草# #烟有这么好吗# #菊花的精神# #烟烟有害健康# #植物那些事儿# #烟民[话题]# #控烟目标# #国产戒烟药问世#","title: 烟草价格上涨是否会导致更多的人选择戒烟，这是一个复杂的问题，涉及到许多因素。 首先，烟草价格上涨确实可能会在一定程度上影响吸烟行为。根据中国疾病预防控制中心的研究，大幅提高烟草价格能改善全球数百万人健康状况和贫困，并能提高戒烟率并减少年轻人吸烟 。研究显示，烟草价格的增加与吸烟人数的下降之间存在着一定的关联。价格上涨会使吸烟成本增加，进而降低吸烟的吸引力，导致一些人选择戒烟或减少吸烟的意愿。 然而，烟草价格上涨并不能完全解决吸烟问题。对于一些顽固的烟瘾者来说，涨价可能只是增加他们获得烟草的经济压力，并不能真正激发他们戒烟的意愿。因此，除了提高烟草价格外，还需要综合运用各种措施，如吸烟宣传和教育、戒烟服务和支持等，来帮助吸烟者戒烟。 此外，对于一些经济困难的人来说，烟草价格上涨可能会增加他们的经济压力，导致他们被迫戒烟。据专家预测，由于卷烟的涨价，10块钱的香烟将会消失，许多经济状况较差的人将“被迫戒烟”。 总的来说，烟草价格上涨可能会在一定程度上影响吸烟行为，促使一部分人戒烟或减少吸烟，但并不能完全解决吸烟问题。对于吸烟者来说，除了价格因素外，个人的烟瘾、生活环境、社会压力等都可能影响他们的吸烟行为。因此，解决吸烟问题需要综合考虑各种因素，采取综合措施。 #烟草涨价,戒烟的人会变多吗?##你考虑过戒烟吗# #你是否已经戒烟# #戒烟真的难吗？# #你已戒烟了吗# #香烟的危害# #你准备戒烟了吗# #你戒烟了吗？# #戒烟的的事儿# #探讨戒烟之艰辛# #你戒烟了吗？！# #中国烟草”、“# #美丽的花烟草# #烟有这么好吗# #菊花的精神# #烟烟有害健康# #植物那些事儿# #烟民[话题]# #控烟目标# #国产戒烟药问世# summary: 烟草价格上涨是否会导致更多的人选择戒烟，这是一个复杂的问题，涉及到许多因素。##你考虑过戒烟吗##你是否已经戒烟##戒烟真的难吗？##中国烟草、##美丽的花烟草##烟有这么好吗##菊花的精神##烟烟有害健康##植物那些事儿##烟民[话题]##控烟目标##国产戒烟药问世#. content: 烟草价格上涨是否会导致更多的人选择戒烟，这是一个复杂的问题，涉及到许多因素。 首先，烟草价格上涨确实可能会在一定程度上影响吸烟行为。根据中国疾病预防控制中心的研究，大幅提高烟草价格能改善全球数百万人健康状况和贫困，并能提高戒烟率并减少年轻人吸烟 。研究显示，烟草价格的增加与吸烟人数的下降之间存在着一定的关联。价格上涨会使吸烟成本增加，进而降低吸烟的吸引力，导致一些人选择戒烟或减少吸烟的意愿。 然而，烟草价格上涨并不能完全解决吸烟问题。对于一些顽固的烟瘾者来说，涨价可能只是增加他们获得烟草的经济压力，并不能真正激发他们戒烟的意愿。因此，除了提高烟草价格外，还需要综合运用各种措施，如吸烟宣传和教育、戒烟服务和支持等，来帮助吸烟者戒烟。 此外，对于一些经济困难的人来说，烟草价格上涨可能会增加他们的经济压力，导致他们被迫戒烟。据专家预测，由于卷烟的涨价，10块钱的香烟将会消失，许多经济状况较差的人将“被迫戒烟”。 总的来说，烟草价格上涨可能会在一定程度上影响吸烟行为，促使一部分人戒烟或减少吸烟，但并不能完全解决吸烟问题。对于吸烟者来说，除了价格因素外，个人的烟瘾、生活环境、社会压力等都可能影响他们的吸烟行为。因此，解决吸烟问题需要综合考虑各种因素，采取综合措施。 #烟草涨价,戒烟的人会变多吗?##你考虑过戒烟吗# #你是否已经戒烟# #戒烟真的难吗？# #你已戒烟了吗# #香烟的危害# #你准备戒烟了吗# #你戒烟了吗？# #戒烟的的事儿# #探讨戒烟之艰辛# #你戒烟了吗？！# #中国烟草”、“# #美丽的花烟草# #烟有这么好吗# #菊花的精神# #烟烟有害健康# #植物那些事儿# #烟民[话题]# #控烟目标# #国产戒烟药问世# "" "" "" "" "" """,微头条,邦超归来,2024-01-23 10:15:18,http://www.toutiao.com/w/i1788845613922315/,未知,戒烟、控烟,正面,未知
202401016193,"泗县屏山镇卫生院进校园开展“无烟佳节 与爱同行”控烟宣传活动
为推动辖区控烟工作，引导学生们远离烟草，促进学生们养成文明健康的生活方式，近日，泗县屏山镇卫生院积极组织医务人员走进辖区校园，开展“无烟佳节 与爱同行”控烟宣传活动。
活动现场，医务人员对该班53名学生讲解烟草中所含危害成分、吸烟的危害、二手烟的危害等知识，同时发放禁烟宣传折页、控烟核心信息宣传材料。
通过此次活动，提高了学生们对烟草危害的认识，对学生们远离烟草发挥了积极的作用，活动受到师生们的一致欢迎和认可。#我来唠家常##宿州头条##泗县#","title: 泗县屏山镇卫生院进校园开展“无烟佳节 与爱同行”控烟宣传活动 为推动辖区控烟工作，引导学生们远离烟草，促进学生们养成文明健康的生活方式，近日，泗县屏山镇卫生院积极组织医务人员走进辖区校园，开展“无烟佳节 与爱同行”控烟宣传活动。 活动现场，医务人员对该班53名学生讲解烟草中所含危害成分、吸烟的危害、二手烟的危害等知识，同时发放禁烟宣传折页、控烟核心信息宣传材料。 通过此次活动，提高了学生们对烟草危害的认识，对学生们远离烟草发挥了积极的作用，活动受到师生们的一致欢迎和认可。#我来唠家常##宿州头条##泗县# summary: 为推动辖区控烟工作，引导学生们远离烟草，促进学生们养成文明健康的生活方式，近日，泗县屏山镇卫生院积极组织医务人员走进辖区校园，开展无烟佳节与爱同行控烟宣传活动。#我来唠家常##宿州头条##泗县#. content: 泗县屏山镇卫生院进校园开展“无烟佳节 与爱同行”控烟宣传活动 为推动辖区控烟工作，引导学生们远离烟草，促进学生们养成文明健康的生活方式，近日，泗县屏山镇卫生院积极组织医务人员走进辖区校园，开展“无烟佳节 与爱同行”控烟宣传活动。 活动现场，医务人员对该班53名学生讲解烟草中所含危害成分、吸烟的危害、二手烟的危害等知识，同时发放禁烟宣传折页、控烟核心信息宣传材料。 通过此次活动，提高了学生们对烟草危害的认识，对学生们远离烟草发挥了积极的作用，活动受到师生们的一致欢迎和认可。#我来唠家常##宿州头条##泗县# """,微头条,医心医意全心全意,2024-01-23 08:32:14,http://www.toutiao.com/w/i1788839129896068/,未知,控烟,正面,未知
202401016199,"泗县屏山镇卫生院进校园开展“无烟佳节 与爱同行”控烟宣传活动

为推动辖区控烟工作，引导学生们远离烟草，促进学生们养成文明健康的生活方式，近日，泗县屏山镇卫生院积极组织医务人员走进辖区校园，开展“无烟佳节 与爱同行”控烟宣传活动。

活动现场，医务人员对该班53名学生讲解烟草中所含危害成分、吸烟的危","title: 泗县屏山镇卫生院进校园开展“无烟佳节 与爱同行”控烟宣传活动 为推动辖区控烟工作，引导学生们远离烟草，促进学生们养成文明健康的生活方式，近日，泗县屏山镇卫生院积极组织医务人员走进辖区校园，开展“无烟佳节 与爱同行”控烟宣传活动。 活动现场，医务人员对该班53名学生讲解烟草中所含危害成分、吸烟的危 summary: 为推动辖区控烟工作，引导学生们远离烟草，促进学生们养成文明健康的生活方式，近日，泗县屏山镇卫生院积极组织医务人员走进辖区校园，开展无烟佳节与爱同行控烟宣传活动。活动现场，医务人员对该班53名学生讲解烟草中所含危害成分、吸烟的危泗县屏山镇卫生院进校园开展无烟佳节与爱同行控烟宣传活动。 content: 泗县屏山镇卫生院进校园开展“无烟佳节 与爱同行”控烟宣传活动 为推动辖区控烟工作，引导学生们远离烟草，促进学生们养成文明健康的生活方式，近日，泗县屏山镇卫生院积极组织医务人员走进辖区校园，开展“无烟佳节 与爱同行”控烟宣传活动。 活动现场，医务人员对该班53名学生讲解烟草中所含危害成分、吸烟的危""",微头条,医心医意全心全意,2024-01-23 08:32:14,http://www.toutiao.com/w/1788839129896068/,未知,控烟,正面,未知
202401016242,吸烟不仅伤身，还伤及他人，禁烟控烟，健康每一天,title: 吸烟不仅伤身，还伤及他人，禁烟控烟，健康每一天 summary: 吸烟不仅伤身，还伤及他人，禁烟控烟，健康每一天 content: 吸烟不仅伤身，还伤及他人，禁烟控烟，健康每一天,网易号,天黑自然萌,2024-01-23 00:21:23,未知,未知,控烟,中性,未知
202401015588,“以为只是习惯？这三个时间段吸烟，可能正在悄悄伤害您的健康！”,"title: “以为只是习惯？这三个时间段吸烟，可能正在悄悄伤害您的健康！” summary: 据医学研究显示，长期吸烟会导致多种慢性疾病，甚至是癌症。他们会建议通过调整生活方式，如合理饮食、适度运动以及保持良好的精神状态，来促进身体健康，从而减少对不良习惯的依赖，比如吸烟。通过调整生活习惯，在关键时刻控制吸烟，我们不仅能改善自身的健康状况，还能为家人和社会创造一个更加健康的环境。 content: 在古老的中国典籍中，有这样一句话：“养生之道，无过于宁静淡泊，淡定自然。”这句话提醒我们，在快节奏的现代生活中，保持一颗平和的心态对健康至关重要。就如同李华的故事一样，他曾是一个有着十年烟龄的烟民，每天必须抽烟以缓解压力。但在一次体检后，李华发现自己的肺部健康指数堪忧。这成了他决定改变的转折点。""吸烟，这个看似寻常的习惯，实则隐藏着健康的巨大威胁。据医学研究显示，长期吸烟会导致多种慢性疾病，甚至是癌症。而控制吸烟，尤其是在某些关键时刻，对于保护我们的身体至关重要。但对于烟民而言，戒烟或控制吸烟，无疑是一场艰难的挑战。**主题重要性**长期吸烟不仅会损伤肺部，还会增加心血管疾病的风险，影响整体健康。医学研究表明，吸烟是导致多种癌症的主要原因之一。因此，控制吸烟，尤其是在某些关键时刻，对于维护健康来说极为重要。""**权威观点**医学专家指出，在特定的时间段吸烟会加剧对身体的伤害。例如，早晨刚醒时，身体各器官处于一天中最敏感的时刻，此时吸烟会导致更多有害物质吸收。而饭后吸烟会影响消化系统的功能，加重胃肠道负担。**具体建议**1. **晨起控烟**：早晨起床后，应避免立即吸烟。可以尝试进行深呼吸练习或轻微的体操，以此来唤醒身体。2. **饭后控烟**：饭后40分钟内不宜吸烟。这段时间可以进行散步或轻松的阅读，帮助消化同时分散对吸烟的渴望。3. **厕所中避免吸烟**：厕所空间狭小，容易造成烟雾滞留，对身体造成二次伤害。可以在上厕所前后做一些简单的拉伸运动。""**案例分析**以李华为例，他通过改变早晨的第一件事，用冥想和早晨散步替代晨起吸烟，逐渐减少了对烟草的依赖。1.深呼吸练习可减轻对烟草的渴望。2.增加户外活动，提高身体的新陈代谢。3.饮食以清淡为主，减少刺激性食物的摄入，从而降低吸烟欲望。4.保持充足的睡眠，有助于稳定情绪和减少压力，降低吸烟的冲动。5.培养一项新的兴趣爱好，如绘画、音乐或园艺，以转移对吸烟的注意力。**古人养生智慧**古代名医如华佗和孙思邈都强调了生活习惯对健康的重要性。他们会建议通过调整生活方式，如合理饮食、适度运动以及保持良好的精神状态，来促进身体健康，从而减少对不良习惯的依赖，比如吸烟。""**总结**吸烟有害健康，这是一个不争的事实。通过调整生活习惯，在关键时刻控制吸烟，我们不仅能改善自身的健康状况，还能为家人和社会创造一个更加健康的环境。正如古人所言：“养生之道，在于调和。” 让我们从小处着手，从现在开始，为了一个更健康的自己和更美好的明天。",大鱼号,李大姐话养生,2024-01-22 23:34:19,http://mparticle.uc.cn/article.html#!wm_cid=599567492395831296,未知,戒烟、控烟,中性,未知
202401015595,防新冠投入那么大精力，财力，人力物力，为什控烟，禁烟就无人管？,title: 防新冠投入那么大精力，财力，人力物力，为什控烟，禁烟就无人管？ summary: 防新冠投入那么大精力，财力，人力物力，为什控烟，禁烟就无人管？ content: 防新冠投入那么大精力，财力，人力物力，为什控烟，禁烟就无人管？,百家号,折含桃u1,2024-01-22 23:02:55,未知,未知,控烟,正面,未知
202401015600,香港街道比较窄，过马路方便，北京马路大概是香港马路宽度的6倍，然后都是等公交地铁按秩序排队，挺好的，最后控烟方面需要向香港学习。,title: 香港街道比较窄，过马路方便，北京马路大概是香港马路宽度的6倍，然后都是等公交地铁按秩序排队，挺好的，最后控烟方面需要向香港学习。 summary: 香港街道比较窄，过马路方便，北京马路大概是香港马路宽度的6倍，然后都是等公交地铁按秩序排队，挺好的，最后控烟方面需要向香港学习。 content: 香港街道比较窄，过马路方便，北京马路大概是香港马路宽度的6倍，然后都是等公交地铁按秩序排队，挺好的，最后控烟方面需要向香港学习。,小红书,小红薯C700DA39,2024-01-22 22:29:33,未知,未知,控烟,正面,未知
202401015606,期末拍了拍我的小可爱们 汗流浃背了吧🙈家人们💦,"title: 期末拍了拍我的小可爱们 汗流浃背了吧🙈家人们💦 summary: 期末拍了拍我的小可爱们汗流浃背了吧家人们早安周一。下雪了，2024的第一场雪，雪天里的友情也是极浪漫的。值周班小红帽们不惧风雪开工啦。午快闪去拿了花绳比赛的证书，赶回班里走一个禁烟控烟教育。 content: 早安周一。好久不更的vlog来了，今天是办公室第一名。国旗下讲话开启本学期最后完整的一周。下雪了，2024的第一场雪，雪天里的友情也是极浪漫的。这个小可爱蹦蹦跳的样子莫名好喜欢。值周班小红帽们不惧风雪开工啦。积雪了，虽然大概只维持了半小时。午快闪去拿了花绳比赛的证书，赶回班里走一个禁烟控烟教育。临近期末，这是老班特别的爱。开了个期末工作会再回班里看看。一天结束咯。""记得点赞关注哦。""",头条号,自信伯特5C6,2024-01-22 22:16:39,http://www.toutiao.com/w/i7326926387313377818/,未知,控烟,中性,未知
202401015612,🧩日常plog｜聊聊办公室的那些事‼️,title: 🧩日常plog｜聊聊办公室的那些事‼️ summary: 公共场合禁烟法想知道大家都是如何抵制办公室二手烟的，有没有什么好办法可以分享#plog#日常Plog#日常plog#日常碎片PLOG#笔记灵感#二手烟危害#拒绝二手烟#必胜客#毛绒#控烟#小红书#小红书涨粉#小红薯给流量#小红薯成长助手。 content: 🎆🎆 分享细细碎碎的日常 🤗🤗欢迎来到我的世界，也感谢你的关注和喜欢 今日歌单分享： 《达尔文》 “那些打不倒我们的，终将成就我们。” 🌇今日碎碎念 办公室二手烟真的要人命😓十几平的不通风办公室有着两个烟民🚬每天吸得头晕脑胀😨奈何领导不解决实际问题😡真的曾一度想因为这个辞职🚶‍♀️ 虽然烟草能给国家带来大笔税收💰但是公共场所吸烟真的很没有道德和素质🤬国家什么时候才能出台公共场合禁烟法📖 想知道大家都是如何抵制办公室二手烟的，有没有什么好办法可以分享🚭 #plog#日常Plog#日常plog#日常碎片PLOG#笔记灵感#二手烟危害#拒绝二手烟#必胜客#毛绒#控烟#小红书#小红书涨粉#小红薯给流量#小红薯成长助手,小红书,想再吃一块榴莲,2024-01-22 21:24:00,http://www.xiaohongshu.com/discovery/item/65ae6c9c000000000f0348a8,未知,控烟,中性,未知
202401015624,跑马吸烟被禁赛，应推广到所有体育赛事,"title: 跑马吸烟被禁赛，应推广到所有体育赛事 summary: 跑马吸烟被禁赛，应推广到所有体育赛事1月16日，世界卫生组织发布了《2000至2030年全球烟草使用流行趋势报告》称，全球烟草使用率继续下降。对此，相关部门应当学习厦门马拉松赛组委会竞赛部的做法，在所有的体育赛事和演艺场所，以及公共场所禁烟，不要再让烟草绑架公众的健康和生命，还人们一个洁净的生存环境。 content: ""1月16日，世界卫生组织发布了《2000至2030年全球烟草使用流行趋势报告》称，全球烟草使用率继续下降。在中国，与这一报告形成对照的是近日有人在马拉松赛时公开吸烟。有网友布视频，厦门马拉松比赛中，有选手在跑步时抽烟，可能影响其他参赛者的健康。对此，厦门马拉松赛组委会竞赛部1月12日晚通报称，参赛号H1***4陈某仙在赛道吸烟。该行为违反了《2024建发厦门马拉松赛竞赛规程》中处罚办法第（二）条的相关规定，组委会决定取消陈某仙2024建发厦门马拉松赛的成绩和排名，禁止参加厦门马拉松赛组委会举办的各项赛事两年，并报请中国田径协会追加处罚。""厦门马拉松赛组委会竞赛部的处罚决定非常及时，也值得推广到全国的所有体育赛事，以及公共场所活动，所演艺表演，无论是室内还是室外。理由也十分充足。吸烟有害自己和他人的健康，禁烟有利自己和他人的健康，这是常识。但还是有人在公众场合吸烟，这种行为不仅放大了吸烟的伤害，而且很难消除吸烟对人的影响。陈某仙在赛道吸烟不只是可能影响他自己和旁边的很多运动员，而且对于全国观众是一个不良的扩大宣传，尤其让很多青少年以为在公众场合，如运动场、演艺会等吸烟无伤大雅，即便吸烟也造成不了多大伤害。如果这种行为不制止和进行处罚，就会鼓励更多的人吸烟，让中国和世界的控烟成果销蚀殆尽。全球性的禁烟始于2003年，当时通过了《世界卫生组织烟草控制框架公约》，从那时起，全球在打造“无烟社会”的征途上已经走过20载。自公约公布以来，现在已经有168个缔约方，包括欧盟，已成为联合国历史上接受最为广泛的条约之一。2007年，世界卫生组织又推出了被命名为MPOWER的烟草控制系列措施。这些年来，由于各国纷纷参与控烟行动，如今全球控烟取得了显著成果。世界卫生组织发布的《2000至2030年全球烟草使用流行趋势报告》列举的内容让人宽慰。2022年的趋势显示，全球烟草使用率继续下降，全世界约有1/5的成年人吸烟，在2000年时这一比例为1/3。2022年，全球约有12.45亿成年烟草使用者，其中男性烟草使用者超过10亿，女性烟草使用者约2.24亿。报告预测，如果继续目前的控烟政策和行动，全球成年烟草使用者数量预计到2025年下降至12亿。世界卫生组织提出的MPOWER是全球控烟的系统性政策和行为，代表了6大控烟战略，其中的每一个字母都代表了控烟的一项战略，包括：监测烟草使用和预防政策；保护人们不受二手烟危害；为希望戒烟者提供帮助；警示所有人烟草的危害；确保禁止烟草广告、促销和赞助；提高烟税。由于很多国家的共同努力，目前全球有56亿人受到至少一项MPOWER烟草控制措施的保护，占世界人口的71%。而在2007年，这一人数仅为11亿。尽管中国也是《世界卫生组织烟草控制框架公约》的签约国，而且在控烟方面做了很多努力，但是，在MPOWER的6项控烟政策的实施中，中国只有“监测烟草使用”一项达到“最佳做法”等级。由于控烟行动并不到位，中国人的吸烟人数并未减少。《中国吸烟危害健康报告2020》指出，我国吸烟人数超过3亿，15岁及以上人群吸烟率为26.6%，其中成年男性吸烟率高达50.5%。现在，中国在控烟方面的最大努力和做法是，创造无烟环境。从2014年起，要求所有室内公共场所一律禁止吸烟。同时，以未成年人为主要活动人群的公共场所的室外区域，高等学校的室外教学区域，妇幼保健机构、儿童医院、妇产医院的室外区域，体育、健身场馆的室外观众坐席、赛场区域，公共交通工具的室外等候区域等也全面禁止吸烟。个人在禁止吸烟场所（区域）吸烟的，可处以50元以上500元以下的罚款。但是，这些规定在不同省份、城市和地方有不同的政策和做法，有些地方是室内禁止吸烟，但室外不管。而且即便是室内禁止吸烟，有的地方也是形同虚设，难以执行。同时，还有一些人认为，室外吸烟危害不大，烟雾马上就会扩散，不会危害他人。在这种情况下，室外环境，包括马拉松在内的室外运动会、演艺会等，还有不少人吸烟。而且，他们吸烟，也成为了流动的吸烟活广告，对控烟行动产生了逆向效应。事实上，即便在空旷处吸烟，散发的烟雾也会让旁边的人吸二手烟，烟雾中的有害物质也会粘附在旁边人和吸烟者的衣物上，成为三手烟的来源，危害家人和孩子。现在，厦门马拉松赛组委会竞赛部#优质作者榜#对吸烟选手的处罚表明，这是在用行动响应并支持全球的禁烟运动，也是对中国公众提出警示和示范。对此，相关部门应当学习厦门马拉松赛组委会竞赛部的做法，在所有的体育赛事和演艺场所，以及公共场所禁烟，不要再让烟草绑架公众的健康和生命，还人们一个洁净的生存环境。""",百家号,专栏作者张田勘,2024-01-22 20:47:59,http://baijiahao.baidu.com/s?id=1788794771421132140,未知,控烟、戒烟,中性,未知
202401015631,烟民冬天咋整？,title: 烟民冬天咋整？ summary: 本人隔天洗澡洗头换衣服，就是羽绒服不可能隔三差五洗吧，只能穿好挂那里。又不想戒烟。 content: 这2年已经控烟到每天5支、抽细烟、抽一半就扔，冬天还是一身烟味，咋整啊？本人隔天洗澡洗头换衣服，就是羽绒服不可能隔三差五洗吧，只能穿好挂那里。又不想戒烟。,小红书,律动,2024-01-22 20:27:00,http://www.xiaohongshu.com/discovery/item/65ae5f14000000001003d2e7,未知,控烟、戒烟,中性,未知
202401015643,社会事业局：无烟宣传进校园撑起健康“保护伞”,"title: 社会事业局：无烟宣传进校园撑起健康“保护伞” summary: 社会事业局：无烟宣传进校园撑起健康保护伞社会事业局：无烟宣传进校园撑起健康保护伞为普及吸烟的危害性，倡导广大青少年远离香烟，崇尚健康文明的生活方式，1月11日下午，景区社会事业局在云台中学组织开展无烟佳节与爱同行主题宣传活动。 content: 社会事业局：无烟宣传进校园 撑起健康“保护伞” 为普及吸烟的危害性，倡导广大青少年远离香烟，崇尚健康文明的生活方式，1月11日下午，景区社会事业局在云台中学组织开展“无烟佳节 与爱同行”主题宣传活动，让广大学生充分认识了烟草危害，了解了更多控烟核心知识，全校200余名学生聆听了主题讲座。&lt;img img_width=""1080"" img_height=""631"" class=""content-image"" data-src=""nuh/wEb6x4IxiInVMoIK8MBtPsOZN1xBjR51Pm15agH6bnqOajBgICk4IANVEUX+yrB5atlNvXGoU36oAgLsj/JFWtEHuesRFfs4MxVN6b8="" width=""1080"" height=""631"" /主题讲座系统科普了烟草烟雾和电子烟的危害，帮助青少年树立“拒吸第一支烟，做无烟新一代”的理念，倡导广大青少年远离香烟，崇尚健康文明的生活方式，并鼓励广大青少年成为学校、家庭控烟监督员，促进无烟学校、无烟家庭建设。本次活动提升了学生对烟草危害的认知，同学们纷纷表示，将主动远离传统烟草制品和电子烟，坚决不吸第一支烟，并劝导亲友早戒烟，培育了“不送烟、不递烟、拒香烟”的健康文明家风。下一步，景区社会事业局将通过各类宣传活动将无烟校园、无烟党政机关、无烟家庭等无烟环境建设工作引向深入，提升群众对烟草危害的认识和健康素养，营造浓厚的宣传教育氛围，引导大家养成文明健康生活方式，共建共享无烟环境。注：转载请标注来源。总值班：郑晓璇 审核：张峰 供稿：金立江 责编：汤少卿、乔晓晓 （来源：云台山风景区门户网站） 【投稿、区域合作请邮件 信息新报 3469887933#qq.com24小时内回复。】 发布于：四川省",搜狐号,新报观察,2024-01-22 19:08:00,http://m.sohu.com/a/753587833_120991886,未知,控烟、戒烟,中性,未知
202401015649,望城街道开展“无烟佳节 与爱同行”健康教育宣传活动,"title: 望城街道开展“无烟佳节 与爱同行”健康教育宣传活动 summary: 望城街道开展无烟佳节与爱同行健康教育宣传活动为进一步推进辖区健康教育工作开展，引导广大居民践行文明健康绿色环保生活方式，营造元旦、春节两节无烟氛围，共度无烟健康佳节。 content: 为进一步推进辖区健康教育工作开展，引导广大居民践行文明健康绿色环保生活方式，营造元旦、春节“两节”无烟氛围，共度无烟健康佳节。1月15日，金安区望城街道南湖社区联合辖区南山新区中心幼儿园开展了“无烟佳节 与爱同行”健康教育进校园主题宣传活动。""活动中，志愿者认真收集相关资料，利用通俗易懂的动画片向幼儿宣传二手烟的危害，让幼儿们了解了禁烟控烟知识，意识到吸烟不仅是对环境的破坏，还是对身边人的一种伤害，使他们懂得吸烟的害处并主动规劝亲人戒烟、禁烟，共同营造健康良好的无烟环境。同时，该活动还号召全体幼儿师生一起行动，大力弘扬无烟健康过节文化，倡导孩子家长们过节不吸烟、不敬烟、不送烟，“对二手烟说不”，共度无烟健康佳节。""通过此次活动，不仅增强幼儿对控烟的意识，也让大家认识到吸烟对人体的危害，纷纷表示都要参加到控烟宣传活动中来，从身边的人、事做起，为创建无烟家庭、无烟环境贡献自己的力量。（施小庆）",头条号,皖西风采,2024-01-22 19:05:10,http://www.toutiao.com/article/7326876860938863138/,未知,控烟、戒烟,正面,未知
202401015661,"新加坡写字楼外的吸烟区。下雨天只能打伞了。
禁烟法是在1970年实施的法令，目的是为了要保护非吸烟者不受二手烟的影响。法令实施之后，新加坡环境局一而再再而三的扩大和增加管制的范围，将许多地方列入禁止吸烟的名单。2022年7月1日起，新加坡政府在公园、沙滩和蓄水池实施全面禁烟，吸烟人士只有去像露天停车场的角落才能一解烟瘾。
早在2017年，新加坡就通过了《烟草广告与销售管制修正法案》。法案规定，从2019年1月1日起，，购买、使用、拥有、销售和供应烟草制品的最低法定年龄将从18岁提高至19岁；2020年1月1日起，提高至20岁；2021年1月1日起，进一步提高至21岁。新加坡卫生部长说，根据研究数据表示，如果人们在21岁前不吸烟，那么他有可能永远不会吸烟。这就是为什么卫生部通过了上述法律，以减少青少年吸烟的机会。
这项严格的规定，也显示了新加坡政府控烟禁烟的决心。零售商向低于法定年龄的人出售烟草产品，第一次违规最高可被罚款5000新元，若再次违规最高可被罚款10000新元。","title: 新加坡写字楼外的吸烟区。下雨天只能打伞了。 禁烟法是在1970年实施的法令，目的是为了要保护非吸烟者不受二手烟的影响。法令实施之后，新加坡环境局一而再再而三的扩大和增加管制的范围，将许多地方列入禁止吸烟的名单。2022年7月1日起，新加坡政府在公园、沙滩和蓄水池实施全面禁烟，吸烟人士只有去像露天停车场的角落才能一解烟瘾。 早在2017年，新加坡就通过了《烟草广告与销售管制修正法案》。法案规定，从2019年1月1日起，，购买、使用、拥有、销售和供应烟草制品的最低法定年龄将从18岁提高至19岁；2020年1月1日起，提高至20岁；2021年1月1日起，进一步提高至21岁。新加坡卫生部长说，根据研究数据表示，如果人们在21岁前不吸烟，那么他有可能永远不会吸烟。这就是为什么卫生部通过了上述法律，以减少青少年吸烟的机会。 这项严格的规定，也显示了新加坡政府控烟禁烟的决心。零售商向低于法定年龄的人出售烟草产品，第一次违规最高可被罚款5000新元，若再次违规最高可被罚款10000新元。 summary: 新加坡写字楼外的吸烟区。下雨天只能打伞了。新加坡卫生部长说，根据研究数据表示，如果人们在21岁前不吸烟，那么他有可能永远不会吸烟。零售商向低于法定年龄的人出售烟草产品，第一次违规最高可被罚款5000新元，若再次违规最高可被罚款10000新元。 content: 新加坡写字楼外的吸烟区。下雨天只能打伞了。 禁烟法是在1970年实施的法令，目的是为了要保护非吸烟者不受二手烟的影响。法令实施之后，新加坡环境局一而再再而三的扩大和增加管制的范围，将许多地方列入禁止吸烟的名单。2022年7月1日起，新加坡政府在公园、沙滩和蓄水池实施全面禁烟，吸烟人士只有去像露天停车场的角落才能一解烟瘾。 早在2017年，新加坡就通过了《烟草广告与销售管制修正法案》。法案规定，从2019年1月1日起，，购买、使用、拥有、销售和供应烟草制品的最低法定年龄将从18岁提高至19岁；2020年1月1日起，提高至20岁；2021年1月1日起，进一步提高至21岁。新加坡卫生部长说，根据研究数据表示，如果人们在21岁前不吸烟，那么他有可能永远不会吸烟。这就是为什么卫生部通过了上述法律，以减少青少年吸烟的机会。 这项严格的规定，也显示了新加坡政府控烟禁烟的决心。零售商向低于法定年龄的人出售烟草产品，第一次违规最高可被罚款5000新元，若再次违规最高可被罚款10000新元。 """,微头条,Dan,2024-01-22 18:43:06,http://www.toutiao.com/w/i1788786965075994/,未知,控烟,正面,未知
202401015679,七个慢阻肺防治“误区” 您知道吗？,title: 七个慢阻肺防治“误区” 您知道吗？ summary: 七个慢阻肺防治误区您知道吗？当我们面对慢阻肺这一疾病时，了解其治疗方法和预防措施至关重要。空气中的微粒物、二氧化硫、氮氧化物、烟尘以及某些工业污染物能够刺激和损害呼吸道黏膜，导致炎症反应加剧，进一步损伤肺部结构，从而引起或促进慢阻肺急性加重。 content: 当我们面对慢阻肺这一疾病时，了解其治疗方法和预防措施至关重要。你是否曾经或正在经历慢阻肺的困扰？是否对如何治疗和预防这一疾病感到困惑？如果你有任何关于慢阻肺的疑问和困惑，那么这篇文章可能对你有所帮助。什么是慢阻肺？慢阻肺即慢性阻塞性肺疾病，是一种以气流受限为特点的常见呼吸系统疾病，通常由有害颗粒或气体显著暴露引起的气道和或肺泡异常所导致。常说的“肺气肿、慢性支气管炎”是慢性阻塞性肺病的临床亚型，具体来说肺气肿是病理学术语，用于描述肺部结构性改变特点，并不能反映气流是否受限，而慢性支气管炎则定义为连续2年每年慢性咳痰3个月，其可能在气流受限之前或之后出现。得了慢阻肺该如何治疗？药物治疗：药物治疗是慢阻肺治疗的基础，主要是使用支气管扩张剂，包括β2受体激动剂、M受体阻断剂、缓释茶碱等。另外，对于有痰的患者可以使用祛痰剂，也可以根据自身体质使用中医药治疗。氧疗、呼吸机治疗：对于病情严重的患者，可以采用氧疗、呼吸机治疗，以改善呼吸困难、缺氧等症状。戒烟、避免接触有害颗粒和气体：这是预防慢阻肺的重要措施，对于已经患病的患者，应该尽快戒烟，同时避免接触空气中的有害颗粒和气体。慢阻肺防治的常见误区误区一、长期吸烟和慢阻肺没有关系实际上，长期吸烟与慢性阻塞性肺疾病之间存在直接且密切的关系。多项医学研究和统计数据表明，吸烟是导致慢阻肺发病的最主要原因之一，70%至80%的慢阻肺患者有长期吸烟史。烟草烟雾中的有害物质如尼古丁、焦油等会损害呼吸道纤毛的功能，增加黏液分泌，引起气道炎症，并最终导致肺组织结构破坏和不可逆的气流受限。长期大量吸烟者患慢阻肺的风险显著高于非吸烟者，且患病概率可以高出5到6倍。随着吸烟年限的增长和吸烟量的增多，罹患慢阻肺的可能性和严重程度也会相应增加。因此，强调控烟和戒烟对于预防和控制慢阻肺至关重要。误区二、老年人长期咳嗽、咳痰、气促，扛一扛就好了，不用看病老年人，特别是长期吸烟的，如果长期咳嗽、咳痰，提示临床上可能出现慢性气管支气管炎病情，如果再逐渐出现劳动时气喘症状，则可能存在气流受限，这时需要到医院完善胸片、肺功能等相关检查，如果确诊慢阻肺，则需要用药物治疗，避免肺功能持续下降。因为有研究显示当患者出现气促症状时，肺功能已经丧失50%以上，并错过了最佳的治疗时机。误区三、慢阻肺就是慢性病，不会致死的慢阻肺以持续性呼吸系统症状和气流受限为特征，在临床上表现为反复咳嗽、咳痰伴随气喘症状，急性期症状加重，稳定期症状缓解，但是长期的慢阻肺病情同样存在并发症，如慢性肺源性心脏病，常是疾病加重、变得复杂的原因，严重时危及生命。有数据显示我国慢阻肺年均死亡人数达96万，每分钟就有约2.5人死于慢阻肺。误区四、治疗慢阻肺的吸入激素副作用大因为慢阻肺长期存在气道慢性炎症病理改变，吸入激素药物有抗炎作用，是治疗慢阻肺的重要药物。因吸入类药物可直达肺部、不良反应少、症状缓解快、用药方便等特点目前已被广泛应用于慢阻肺的临床诊治中。吸入药物后漱口即可减少咽喉局部药物沉积并降低局部继发感染的风险。误区五、症状缓解后就可以停药了慢阻肺在急性期时临床上咳嗽、咳痰、气促症状会比较严重，有效的治疗后症状常会逐渐缓解，但是即使在稳定期同样需要药物治疗以维持病情稳定，避免急性加重。有研究显示规律用药的患者死亡率下降60%，急性加重的发生率减少40%。误区六、只要去医院一次诊断明确并开药就好，以后就不用再复诊了病情诊断明确及起始药物治疗会带来病情缓解，之后需要根据病情的严重程度及变化来调整用药的剂量。如果病情急性加重则需要尽快至医院复诊，门诊及时的诊治会降低需要住院的风险，避免误工。稳定期一般需要3月复诊一次，了解病情变化及调整药物治疗方案。误区七、长期处于空气污染严重的环境中，不会加重慢阻肺病情长期处于空气污染严重的环境中，或者频繁接触职业性粉尘、化学物质等有害物质，实际上会增加患慢性阻塞性肺疾病的风险，并且对于已患有慢阻肺的患者来说，这些因素确实可以加重其病情。空气中的微粒物、二氧化硫、氮氧化物、烟尘以及某些工业污染物能够刺激和损害呼吸道黏膜，导致炎症反应加剧，进一步损伤肺部结构，从而引起或促进慢阻肺急性加重。,搜狐号,大河健康报,2024-01-22 17:59:27,http://m.sohu.com/a/753572104_121434689,未知,戒烟、控烟,中性,未知
202401015698,边抽边戒不叫戒烟呀，最多叫控烟，我和你一样屡戒屡败，还是得一次性戒断不能抽，不然必败,title: 边抽边戒不叫戒烟呀，最多叫控烟，我和你一样屡戒屡败，还是得一次性戒断不能抽，不然必败 summary: 边抽边戒不叫戒烟呀，最多叫控烟，我和你一样屡戒屡败，还是得一次性戒断不能抽，不然必败 content: 边抽边戒不叫戒烟呀，最多叫控烟，我和你一样屡戒屡败，还是得一次性戒断不能抽，不然必败,小红书,镫骨棱,2024-01-22 17:50:49,未知,未知,戒烟、控烟,中性,未知
202401015710,照片拍摄于2007年，地点在成都的一所高校宿舍楼道上。照片中的女孩是来自重庆市城口县的大学生，她在学校担任控烟劝导员。每周，她都会在学校里进行控烟劝导工作，这也是她进入学生会后最希望锻炼自己的一个机会。这位重庆姑娘长相甜美，身材苗条，戴着眼镜给人一种斯文的感觉，让人印象深刻。身为一名控烟劝导员，她用,"title: 照片拍摄于2007年，地点在成都的一所高校宿舍楼道上。照片中的女孩是来自重庆市城口县的大学生，她在学校担任控烟劝导员。每周，她都会在学校里进行控烟劝导工作，这也是她进入学生会后最希望锻炼自己的一个机会。这位重庆姑娘长相甜美，身材苗条，戴着眼镜给人一种斯文的感觉，让人印象深刻。身为一名控烟劝导员，她用 summary: 照片拍摄于2007年，地点在成都的一所高校宿舍楼道上。照片中的女孩是来自重庆市城口县的大学生，她在学校担任控烟劝导员。每周，她都会在学校里进行控烟劝导工作，这也是她进入学生会后最希望锻炼自己的一个机会。这位重庆姑娘长相甜美，身材苗条，戴着眼镜给人一种斯文的感觉，让人印象深刻。身为一名控烟劝导员，她用。 content: 照片拍摄于2007年，地点在成都的一所高校宿舍楼道上。照片中的女孩是来自重庆市城口县的大学生，她在学校担任控烟劝导员。每周，她都会在学校里进行控烟劝导工作，这也是她进入学生会后最希望锻炼自己的一个机会。这位重庆姑娘长相甜美，身材苗条，戴着眼镜给人一种斯文的感觉，让人印象深刻。身为一名控烟劝导员，她用""",微头条,淡泊的蜻蜓h,2024-01-22 17:16:24,http://www.toutiao.com/w/1788781510682636/,未知,控烟,正面,未知
202401015716,【四送四进四提升】无烟佳节，与爱同行——疾控中心开展控烟知识宣传,"title: 【四送四进四提升】无烟佳节，与爱同行——疾控中心开展控烟知识宣传 summary: 无烟佳节，与爱同行——疾控中心开展控烟知识宣传近日，为进一步宣传控烟知识，在春节即将来临之际，武城县疾病控制预防中心走进武城德百广场、月季主题公园开展无烟佳节与爱同行幸福健康共渡新春主题健康教育活动，向公众宣传无烟控烟知识。 content: 近日，为进一步宣传控烟知识，在春节即将来临之际，武城县疾病控制预防中心走进武城德百广场、月季主题公园开展“无烟佳节与爱同行 幸福健康共渡新春”主题健康教育活动，向公众宣传无烟控烟知识。活动现场，悬挂条幅，摆放“无烟佳节 与爱同行”宣传展板，设置咨询台。工作人员为广大市民详细讲解吸烟和二手烟的危害、如何践行健康生活方式等健康知识，倡导居民走亲访友、亲朋聚会时，不送烟，不敬烟，不劝烟，树立健康新风尚，过一个没有烟味的健康年。现场为居民发放控烟主题福字、红包、海报、控烟知识读本、健康知识读本、围裙等宣传品共500余份，解答群众咨询300余人次。&lt;img class=""content-image"" data-src=""wxcWD3sAnMjy6azFPk/mH8BtPsOZN1xBjR51Pm15agHZMzrZS0w7aOZ18jYMe3Q7ecdCL+gIDDQFMTAquAlF2HRuCRzyI/F1RmrzzZftJLo="" width=""1080"" height=""1620"" /&lt;img class=""content-image"" data-src=""wxcWD3sAnMjy6azFPk/mH8BtPsOZN1xBjR51Pm15agEmtzw+a/eSmf4P3vY5N22y8Jb8djm1pMSZHqriIQSN7+0ULHS9Z9CDVMWwjmBaOCw="" width=""1080"" height=""2427"" /&lt;img class=""content-image"" data-src=""nuh/wEb6x4IxiInVMoIK8MBtPsOZN1xBjR51Pm15agGBVnl4kkhARz/7l1b/CSunoRas7hjTqs51Si876Nym09AWX75yMTv8uckwVQ68j6Y="" width=""1080"" height=""2427"" /发布于：北京市",搜狐号,中部城市生活指南,2024-01-22 17:15:43,http://m.sohu.com/a/753560929_121106991,未知,控烟,正面,未知
202401015722,【健康生活】“无烟佳节 与爱同行”快来查收这份春节礼包,"title: 【健康生活】“无烟佳节 与爱同行”快来查收这份春节礼包 summary: 无烟佳节与爱同行快来查收这份春节礼包正值新年元旦与新春佳节双节交替之际，空气中都仿佛弥漫着吉祥与喜悦的气息，大家走亲访友，每一件精心准备的礼品都包含着满满的心意与浓浓的温暖。但是，有一种经常用作表达祝福的礼物，实则却是危害健康的元凶之一，那就是烟草！ content: 正值新年元旦与新春佳节双节交替之际，空气中都仿佛弥漫着吉祥与喜悦的气息，大家走亲访友，每一件精心准备的礼品都包含着满满的心意与浓浓的温暖。 但是，有一种经常用作表达祝福的“礼物”，实则却是危害健康的元凶之一，那就是烟草！&lt;img width=""1080"" class=""content-image"" data-src=""AdrUyzrPRqQ3SLRqyklRvcBtPsOZN1xBjR51Pm15agG6W32jlE0l/hwl+ccgXOzmB1L2td3ZJQ2pjsDb0mJsgNeLBG8AsQxLLDRu2c6OFbc="" height=""720"" /图片来源于摄图网以往，烟常被作为过节礼品，殊不知，送烟不是送礼，而是送危害。烟草是人类健康的“致命杀手”，烟草烟雾中含有7000多种化学物质、250多种有毒有害物质、其中至少有70多种能够致癌。吸烟会损伤肺部和呼吸道，众所周知，吸烟能增加肺癌的风险，中国52.3%的肺癌死亡是由于吸烟引起的；吸烟还会增加罹患心血管疾病的风险，吸烟者患冠心病的风险是不吸烟者的2.2倍，且发病风险随着吸烟量的增加而增加；此外，吸烟还可能导致中风，中国男性10.8%的脑卒中死亡归因于吸烟[1]。更可怕的是，不仅吸烟者会受到烟草烟雾荼毒，二手烟也会对非吸烟者的健康产生严重危害。&lt;img width=""278"" class=""content-image"" data-src=""wxcWD3sAnMjy6azFPk/mH8BtPsOZN1xBjR51Pm15agGH5O1JzJxOwqhHn3j68/Mf2z3sViJ8SqVQ/1AVHsoa9Z/rW5nIX4GxxShgp6rtYSQ="" height=""285"" /图片来源于中国疾控中心&lt;img width=""1080"" class=""content-image"" data-src=""wXdZHLbub1cJf8KN0C5vfcBtPsOZN1xBjR51Pm15agHVPcjNmoVBhNs8eHfjvHN4sHT37TGG1vP+kkgatKdPtuZQdzSuLFokwdzPlipB29Y="" height=""1855"" /&lt;img width=""1080"" class=""content-image"" data-src=""nuh/wEb6x4IxiInVMoIK8MBtPsOZN1xBjR51Pm15agGPg/e/bCKWOOyyTUJk7yiUYsl/Gw8nu17dZvIQe6G2gjcz5rNri+QsQ8TdqVm5ntI="" height=""1412"" /&lt;img width=""1080"" class=""content-image"" data-src=""/L19E/drXjGfZ2kuFxSZZcBtPsOZN1xBjR51Pm15agH3Xn1fe3myi8cyBeCL5S8E08ghQ4umE0EZMrIgwYFeFAE2I1aSEWw5ZEVZAwhHUIM="" height=""1276"" /美好佳节，正是亲朋好友相聚、阖家团圆欢庆的时刻，怎能纵容烟草来破坏？为了保障自己和家人朋友们的健康，请摒弃烟草，共度无烟佳节。守护更多的健康，才能有更多的爱！ &lt;img width=""640"" class=""content-image"" data-src=""EPTTjIc7stRUWFVloIo6UcmJ5ULT+qz1crB9Zo+mUNOHo/nuu2E82znJdi4Psz0q+eofYNB07Vg9Gzm0gpgguJc+D2XJiDpoYOC5O7ZILOY="" height=""768"" /为落实《国家卫生健康委办公厅关于开展“无烟佳节 与爱同行”活动的通知》（国卫办规划函〔2023〕470号）要求，营造双节期间良好的控烟氛围，全市将开展""无烟佳节 与爱同行""控烟活动，开展无烟党政机关建设巩固提升活动、控烟健康教育活动、戒烟咨询服务活动、“送烟等于送危害”健康过佳节宣传活动，引导市民公众践行文明健康绿色环保生活方式。&lt;img width=""589"" class=""content-image"" data-src=""1i8D9IaYlbNGIQCZT5KVh8BtPsOZN1xBjR51Pm15agG5xpaEtt/CGyX2X0kzd/EhZe/6plGpTNM6Z+yLsucHg3Hv8ie37hTAPvB1Bq2iuM8="" height=""706"" /&lt;img width=""587"" class=""content-image"" data-src=""1i8D9IaYlbNGIQCZT5KVh8BtPsOZN1xBjR51Pm15agGwOL2DM7sjuu5pg9dCW8/88He4+zteeloaB3ghd2kbjXMRNDkmwyWwuHeG3tD5uMQ="" height=""666"" /&lt;img width=""586"" class=""content-image"" data-src=""1i8D9IaYlbNGIQCZT5KVh8BtPsOZN1xBjR51Pm15agHrFQ+Qa3GNv6uMPBzidRx7E18v1AcyIvGbnjKbgI0QUNlyOzgIlb9YvsUDWb74SHo="" height=""684"" /&lt;img width=""512"" class=""content-image"" data-src=""1i8D9IaYlbNGIQCZT5KVh8BtPsOZN1xBjR51Pm15agG0xdtfyLQY226daWi9c29sKhy+s8ZXLn8Q5wnHl5imK4YsMbNpyVDeuqRTrmt0MW4="" height=""752"" /来源：中国疾控中心点击“在看”，关注锦绣龙湾！发布于：北京市",搜狐号,京津冀消息通,2024-01-22 16:36:06,http://m.sohu.com/a/753544162_121106842,未知,控烟、戒烟,中性,未知
202401015730,WHO: 到2025年，全球吸烟者数量有望减少至12亿,"title: WHO: 到2025年，全球吸烟者数量有望减少至12亿 summary: WHO:到2025年，全球吸烟者数量有望减少至12亿近日，世界卫生组织公布了全球烟草使用情况的最新研究报告。研究显示，截至2022年，全球吸烟者人数有所减少，占成年人口总数的五分之一，而在2000年这个数字是三分之一。值得注意的是，本次报告的调查对象不包括电子烟，仅涵盖了传统的加热卷烟、叶片盒装烟及无烟烟草等产品。 content: 近日，世界卫生组织（WHO）公布了全球烟草使用情况的最新研究报告。据欧洲新闻网17日发表的报道，研究显示，截至2022年，全球吸烟者人数有所减少，占成年人口总数的五分之一（1.45亿人），而在2000年这个数字是三分之一。然而，预计到2025年，这一数字将进一步降至12亿人。同时，从整个全球范围看，已有150个国家成功降低了烟草使用率，例如巴西和荷兰做得尤为突出，在过去的12年间，他们各自的吸烟者数量分别减少了35%和30%之多。WHO健康促进司司长克雷希对此表达了乐观态度，他认为近年来的控烟措施已经初见成效，但并未到可以放松警惕的时候，因为一旦政策放松，烟草行业将会趁机扩大其市场份额。尽管全球吸烟者人数逐渐降低，但根据预测到2025年仅有56个国家能够达到吸烟者数量在2010年基础上减少30%的全球目标。其中，埃及、印度尼西亚、约旦等国家的吸烟者数量却仍然呈现增长态势。对此，WHO强烈呼吁各国继续加强控烟策略。值得注意的是，本次报告的调查对象不包括电子烟，仅涵盖了传统的加热卷烟、叶片盒装烟及无烟烟草等产品。""",头条号,梦幻书签H,2024-01-22 16:15:35,http://www.toutiao.com/w/i7326832338242404864/,未知,控烟,正面,未知
202401015736,无烟佳节 与爱同行 ——突泉县总工会入村开展控烟宣传活动,"title: 无烟佳节 与爱同行 ——突泉县总工会入村开展控烟宣传活动 summary: 无烟佳节与爱同行——突泉县总工会入村开展控烟宣传活动为进一步推动我县控烟工作取得的成效，引导职工群众践行文明健康、绿色环保的生活方式，营造春节、元宵双节无烟氛围。近日，突泉县总工会前往溪柳村组织青年职工群众开展无烟佳节与爱同行控烟宣传活动。 content: 为进一步推动我县控烟工作取得的成效，引导职工群众践行文明健康、绿色环保的生活方式，营造春节、元宵“双节”无烟氛围。近日，突泉县总工会前往溪柳村组织青年职工群众开展“无烟佳节 与爱同行”控烟宣传活动。&lt;img class=""content-image"" data-src=""lEVudsxXQilkQo3OKeq3U8BtPsOZN1xBjR51Pm15agEr51EVnEIfzVL+AjP1Dm00S0NGahuhEz6bCTJ2rWUlhAcBCpNhBZNhSGXOxdUpCaU="" width=""552"" height=""414"" /活动中，通过座谈、现场讲解等形式，向办事群众及工作人员宣传普及烟草危害知识，大力弘扬无烟健康过节文化，倡导过节不吸烟、不敬烟、不送烟，“对二手烟说不”，共度无烟健康佳节。同时，还着重强调了青少年远离烟草的重要性，呼吁家长们要引导孩子树立正确的价值观和健康观念，养成健康生活方式和生活习惯，营造讲文明、铸健康的良好风尚。此次活动，普及了控烟禁烟重要性，增强了职工群众和工作人员的控烟戒烟意识，让践行文明健康绿色环保生活方式的理念深入人心，自觉成为控烟行动的宣传者、践行者。&lt;img class=""content-image"" data-src=""r/h2ojJAPR4iF07g/Pz9W8BtPsOZN1xBjR51Pm15agEaJBSZ82dJ55Yz2G+1yMgeabQQX0Coymbu5RH4EdYqbd7dtjVWDeNM41GKYG3J+vE="" width=""632"" height=""678"" /World No Tobacco Day燃烧的是香烟 消耗的是生命&lt;img class=""content-image"" data-src=""wxcWD3sAnMjy6azFPk/mH8BtPsOZN1xBjR51Pm15agEBk0MI0+rup2l01N0pf4KC6fr41KEecaNUZHApxiqC33sZdocyI0PwljAC2nm2pT0="" width=""114"" height=""86"" /供稿：孙 博编辑：耿佳莹一审：艾雪峰二审：王莉莉三审：李利娟发布于：北京市",搜狐号,草原古都生活宝典,2024-01-22 15:22:59,http://m.sohu.com/a/753525022_121106854,未知,控烟、控烟戒烟,正面,未知
202401015748,"“无烟佳节  与爱同行”  邯山区中医医院
新春佳节即将来临，为巩固国家卫生城市创建，营造干净整洁、优美舒适的城市环境，保障人民群众欢度健康快乐的佳节，于2024年1月22日在我院门前开展了“无烟佳节与爱同行”义诊宣传活动，呼吁所有人行动起来，支持控烟、参与控烟、积极推进控烟行动，建设无烟环境，树立健康向上的社会风尚，享受无烟佳节。
我院倡议，当好自己健康的第一责任人，对第一支烟坚决说“不”，勇敢捍卫自身健康权利;吸烟者不在公共场所、室内工作场所和公共交通工具内吸烟，不让别人吸二手烟;争做无烟家庭，每个家庭成员要做到自己不吸烟、来客不敬烟、走亲访友不送烟、劝导亲友早戒烟，为孩子们营造健康温馨的港湾。
活动中医护人员为广大居民免费测量血压、中医诊脉并采取多种形式，开展具有地方特色的控烟系列宣传活动，通过电子屏、海报、视频、宣传单、发放春联等群众喜闻乐见的方式，大力弘扬无烟健康过节文化，倡导过节不吸烟、不敬烟、不送烟，“对二手烟说不”，共度无烟健康佳节。
改变一种生活习惯，收获一份健康长寿。通过本次“无烟佳节 与爱同行”的宣传让居民直观地了解到吸烟的危害及戒烟的好处，普及了健康教育知识，提高了群众对吸烟危害的认识，增强了吸烟群体对控制吸烟的信心。加强了社会责任感以及厚重的人文情怀，为我区无烟工作环境，无烟公共场所的创建工作出一份力。
编辑：万路杰   张娟
摄影：申俊娥
责任编辑：吕晴
责任校对：王鑫
咨询电话：0310 - 2112963
医院地址：邯山区和平路181号（国风商场斜对过）","title: “无烟佳节 与爱同行” 邯山区中医医院 新春佳节即将来临，为巩固国家卫生城市创建，营造干净整洁、优美舒适的城市环境，保障人民群众欢度健康快乐的佳节，于2024年1月22日在我院门前开展了“无烟佳节与爱同行”义诊宣传活动，呼吁所有人行动起来，支持控烟、参与控烟、积极推进控烟行动，建设无烟环境，树立健康向上的社会风尚，享受无烟佳节。 我院倡议，当好自己健康的第一责任人，对第一支烟坚决说“不”，勇敢捍卫自身健康权利;吸烟者不在公共场所、室内工作场所和公共交通工具内吸烟，不让别人吸二手烟;争做无烟家庭，每个家庭成员要做到自己不吸烟、来客不敬烟、走亲访友不送烟、劝导亲友早戒烟，为孩子们营造健康温馨的港湾。 活动中医护人员为广大居民免费测量血压、中医诊脉并采取多种形式，开展具有地方特色的控烟系列宣传活动，通过电子屏、海报、视频、宣传单、发放春联等群众喜闻乐见的方式，大力弘扬无烟健康过节文化，倡导过节不吸烟、不敬烟、不送烟，“对二手烟说不”，共度无烟健康佳节。 改变一种生活习惯，收获一份健康长寿。通过本次“无烟佳节 与爱同行”的宣传让居民直观地了解到吸烟的危害及戒烟的好处，普及了健康教育知识，提高了群众对吸烟危害的认识，增强了吸烟群体对控制吸烟的信心。加强了社会责任感以及厚重的人文情怀，为我区无烟工作环境，无烟公共场所的创建工作出一份力。 编辑：万路杰 张娟 摄影：申俊娥 责任编辑：吕晴 责任校对：王鑫 咨询电话：0310 - 2112963 医院地址：邯山区和平路181号（国风商场斜对过） summary: 新春佳节即将来临，为巩固国家卫生城市创建，营造干净整洁、优美舒适的城市环境，保障人民群众欢度健康快乐的佳节，于2024年1月22日在我院门前开展了无烟佳节与爱同行义诊宣传活动，呼吁所有人行动起来，支持控烟、参与控烟、积极推进控烟行动，建设无烟环境。树立健康向上的社会风尚，享受无烟佳节。 content: “无烟佳节 与爱同行” 邯山区中医医院 新春佳节即将来临，为巩固国家卫生城市创建，营造干净整洁、优美舒适的城市环境，保障人民群众欢度健康快乐的佳节，于2024年1月22日在我院门前开展了“无烟佳节与爱同行”义诊宣传活动，呼吁所有人行动起来，支持控烟、参与控烟、积极推进控烟行动，建设无烟环境，树立健康向上的社会风尚，享受无烟佳节。 我院倡议，当好自己健康的第一责任人，对第一支烟坚决说“不”，勇敢捍卫自身健康权利;吸烟者不在公共场所、室内工作场所和公共交通工具内吸烟，不让别人吸二手烟;争做无烟家庭，每个家庭成员要做到自己不吸烟、来客不敬烟、走亲访友不送烟、劝导亲友早戒烟，为孩子们营造健康温馨的港湾。 活动中医护人员为广大居民免费测量血压、中医诊脉并采取多种形式，开展具有地方特色的控烟系列宣传活动，通过电子屏、海报、视频、宣传单、发放春联等群众喜闻乐见的方式，大力弘扬无烟健康过节文化，倡导过节不吸烟、不敬烟、不送烟，“对二手烟说不”，共度无烟健康佳节。 改变一种生活习惯，收获一份健康长寿。通过本次“无烟佳节 与爱同行”的宣传让居民直观地了解到吸烟的危害及戒烟的好处，普及了健康教育知识，提高了群众对吸烟危害的认识，增强了吸烟群体对控制吸烟的信心。加强了社会责任感以及厚重的人文情怀，为我区无烟工作环境，无烟公共场所的创建工作出一份力。 编辑：万路杰 张娟 摄影：申俊娥 责任编辑：吕晴 责任校对：王鑫 咨询电话：0310 - 2112963 医院地址：邯山区和平路181号（国风商场斜对过） "" "" "" "" "" "" "" "" "" """,微头条,hanshanquZYYYgwk,2024-01-22 14:52:50,http://www.toutiao.com/w/i1788772477997193/,未知,控烟、戒烟,正面,未知
202401015755,霍山县东西溪乡卫生院到乡中心学校开展控烟宣讲活动,"title: 霍山县东西溪乡卫生院到乡中心学校开展控烟宣讲活动 summary: 霍山县东西溪乡卫生院到乡中心学校开展控烟宣讲活动为进一步提高东西溪乡中心学校师生对于吸烟危害的认识，营造健康、清洁的生活环境。2024年元月19日，霍山县东西溪乡卫生院防保站站长蔡立宏一行来到乡中心学校，开展以珍爱生命远离烟草为主题的宣讲活动。 content: 为进一步提高东西溪乡中心学校师生对于吸烟危害的认识，营造健康、清洁的生活环境。2024年元月19日，霍山县东西溪乡卫生院防保站站长蔡立宏一行来到乡中心学校，开展以“珍爱生命 远离烟草”为主题的宣讲活动。""""活动现场，发放宣传资料30余份，蔡站长还就控烟活动的目的和意义进行了详细讲解，并列举了吸烟对呼吸系统的影响的事例，告诫学生吸烟不仅危害吸烟者自身健康，还殃及他人，祸及下一代。发出了“拒吸第一支烟”的忠告。同时，他告知学生可以劝阻吸烟者不随手乱丢烟头，积极践行“烟头不落地”文明行为，共建和美人居环境。""此次宣讲活动的开展，提高了辖区师生对烟草危害的认识，引导师生自觉远离烟草，为营造健康、绿色的无烟生活环境，促进全社会和谐发展打下了良好氛围基础。（撰稿：金伟奇 初审：储成坤 复审：王雷 终审：彭飞）",头条号,月亮湾望星河,2024-01-22 14:25:10,http://www.toutiao.com/w/i7325986854250234409/,未知,控烟,正面,未知
202401015761,挺蠢的一个规定。和控烟一样没有可操作性。,title: 挺蠢的一个规定。和控烟一样没有可操作性。 summary: 挺蠢的一个规定。和控烟一样没有可操作性。 content: 挺蠢的一个规定。和控烟一样没有可操作性。,头条号,琦794216789,2024-01-22 14:23:15,未知,未知,控烟,中性,未知
202401015774,"陈戌源：撇下烟头不离手的场景竟成为名副其实的标志！
陈戌源因其抽烟习惯而声名在外，每逢开会必摆放香烟，期间更不忘抽上一根，仿佛成为了开会的一种仪式。
这种作风似乎有些像地痞流氓，一个身居中国足协主席之位的领导竟然在中国这样一个讲究礼仪的国家里如此不加节制，哪有领导人会在开会时手持烟？这简直毫无领导风范。
中国足协的作风就是被陈戌源带坏了，习惯了国有企业的作风，来到足协后却一直无法改变，但如今终于有望改变了陈戌源这一地方。这样也许可以给中国足协注入新的活力。 #微头条首发挑战赛#
这件事在陈戌源一身的行为举止之中并不孤立。抛下过去的固有印象，我们不妨简单了解一下，抽烟在中国的状况。据统计，截止到2023年，中国的吸烟人口高达3.6亿，抽烟人数之多令人震惊。每年，因吸烟导致的疾病和死亡人数也是十分庞大。举国更是在积极推进控烟工作。所以，领导人应该成为模范，发挥榜样的作用，这样的行为未免让人大跌眼镜。
从这个事件我们也能从侧面看到，足协的工作作风出现的问题。中国足协需要一种新的改变，新的氛围给予中国足协带来不一样的辉煌前程。","title: 陈戌源：撇下烟头不离手的场景竟成为名副其实的标志！ 陈戌源因其抽烟习惯而声名在外，每逢开会必摆放香烟，期间更不忘抽上一根，仿佛成为了开会的一种仪式。 这种作风似乎有些像地痞流氓，一个身居中国足协主席之位的领导竟然在中国这样一个讲究礼仪的国家里如此不加节制，哪有领导人会在开会时手持烟？这简直毫无领导风范。 中国足协的作风就是被陈戌源带坏了，习惯了国有企业的作风，来到足协后却一直无法改变，但如今终于有望改变了陈戌源这一地方。这样也许可以给中国足协注入新的活力。 #微头条首发挑战赛# 这件事在陈戌源一身的行为举止之中并不孤立。抛下过去的固有印象，我们不妨简单了解一下，抽烟在中国的状况。据统计，截止到2023年，中国的吸烟人口高达3.6亿，抽烟人数之多令人震惊。每年，因吸烟导致的疾病和死亡人数也是十分庞大。举国更是在积极推进控烟工作。所以，领导人应该成为模范，发挥榜样的作用，这样的行为未免让人大跌眼镜。 从这个事件我们也能从侧面看到，足协的工作作风出现的问题。中国足协需要一种新的改变，新的氛围给予中国足协带来不一样的辉煌前程。 summary: 陈戌源：撇下烟头不离手的场景竟成为名副其实的标志！这种作风似乎有些像地痞流氓，一个身居中国足协主席之位的领导竟然在中国这样一个讲究礼仪的国家里如此不加节制，哪有领导人会在开会时手持烟？中国足协需要一种新的改变，新的氛围给予中国足协带来不一样的辉煌前程。 content: 陈戌源：撇下烟头不离手的场景竟成为名副其实的标志！ 陈戌源因其抽烟习惯而声名在外，每逢开会必摆放香烟，期间更不忘抽上一根，仿佛成为了开会的一种仪式。 这种作风似乎有些像地痞流氓，一个身居中国足协主席之位的领导竟然在中国这样一个讲究礼仪的国家里如此不加节制，哪有领导人会在开会时手持烟？这简直毫无领导风范。 中国足协的作风就是被陈戌源带坏了，习惯了国有企业的作风，来到足协后却一直无法改变，但如今终于有望改变了陈戌源这一地方。这样也许可以给中国足协注入新的活力。 #微头条首发挑战赛# 这件事在陈戌源一身的行为举止之中并不孤立。抛下过去的固有印象，我们不妨简单了解一下，抽烟在中国的状况。据统计，截止到2023年，中国的吸烟人口高达3.6亿，抽烟人数之多令人震惊。每年，因吸烟导致的疾病和死亡人数也是十分庞大。举国更是在积极推进控烟工作。所以，领导人应该成为模范，发挥榜样的作用，这样的行为未免让人大跌眼镜。 从这个事件我们也能从侧面看到，足协的工作作风出现的问题。中国足协需要一种新的改变，新的氛围给予中国足协带来不一样的辉煌前程。 """,微头条,cai小趴菜cai,2024-01-22 13:46:37,http://www.toutiao.com/w/i1788764206369836/,未知,控烟,正面,未知
202401015781,控烟6天，长胖5斤，沙了我吧,title: 控烟6天，长胖5斤，沙了我吧 summary: 这样胖下去烟还没戒掉我要先癫了啊啊啊啊啊啊救救孩子吧球球[笑哭R]#家人们求助#在线求助#帮帮我#戒烟日常#戒烟食欲大开。 content: 苍天啊～～～～大地啊～～～～～ 控烟6天胖了五斤 这和猪有什么区别啊啊啊啊啊啊啊 咱就是说，消化系统就异常的好，一天要吃好几顿，这样胖下去烟还没戒掉我要先癫了啊啊啊啊啊啊 救救孩子吧球球[笑哭R] #家人们求助#在线求助#帮帮我#戒烟日常#戒烟食欲大开,小红书,晚晚皆安,2024-01-22 13:20:00,http://www.xiaohongshu.com/discovery/item/65adfb240000000010039446,未知,控烟、戒烟,中性,未知
202401015787,控烟不力！张家口某三甲医院被约谈,title: 控烟不力！张家口某三甲医院被约谈 summary: 该局将继续以明察暗访等形式对该医院的控烟效果进行巡查，同时加强全市医疗机构的控烟工作督察力度，认真推动《张家口市公共场所控制吸烟条例》有效贯彻落实。 content: 日前，市卫计委综合监督执法局针对市内某三甲医院控烟不力问题对其进行了行政约谈。这是《张家口市公共场所控制吸烟条例》正式实施以来，行政执法单位首次约谈责任单位。2023年以来，12345政务服务平台多次收到群众对该医院因病区走廊有陪护、保安、医务人员吸烟问题而进行的投诉。为进一步强化该院控烟主体责任，督促该院切实有效落实控烟措施，市卫计委综合监督执法局依据相关法律法规对该院主管控烟工作主管领导等进行行政指导和警示谈话，现场对《张家口市公共场所控烟吸烟条例》有关条款进行解读，并就在前期询问和走访调查中发现的问题进行了通报，分别指出了该院在控烟法律法规宣传、人员控烟知识培训、禁烟标识张贴、室外吸烟区设置、吸烟劝阻方式、管理制度落实等方面存在的问题与不足，要求该院严格做好控烟工作的第一责任人，认真开展自查自纠，多渠道继续推广控烟宣传，共同打造文明清新的无烟环境。目前，该院已对所涉及的相关控烟投诉问题进行了全院通报，对涉事人员进行了处罚，并制定了可行、有效的控烟管理制度。该局将继续以明察暗访等形式对该医院的控烟效果进行巡查，同时加强全市医疗机构的控烟工作督察力度，认真推动《张家口市公共场所控制吸烟条例》有效贯彻落实。,大风号,燕赵风,2024-01-22 13:08:44,http://i.ifeng.com/c/8WYBLNFv1W0,未知,控烟,负面,未知
202401015793,是不是俄罗斯控烟不得力a,title: 是不是俄罗斯控烟不得力a summary: 是不是俄罗斯控烟不得力a content: 是不是俄罗斯控烟不得力a,头条号,毂底草,2024-01-22 11:51:43,未知,未知,控烟,负面,未知
202401015804,"在2024年的元旦之后，我走进烟店，打算购买一包平民烟，却发现价格居然涨了两块钱。这微小的变化传递着一个强烈的信号：国家着手控烟工作了。对我而言，这表示未来抽烟的成本将更高，甚至可能抽不起烟了。内心深处，我感慨今后可能要迎接戒烟的时刻。默默对祖国说：“对不起了，作为一个烟龄超过30年的烟民，我不能再为你贡献一分力量了。”春节结束后，我下定决心要戒烟了！观察到这一变化让我认识到，控烟力度可能逐渐增大。随着烟草价格上涨，对吸烟者而言将是一大挑战，同时也是一个催化剂，激励他们考虑改变生活方式。研究显示，抽烟对健康有害无益，戒烟对身体有明显好处。生活在这新的大环境中，我开始思考，难道戒烟不是一件值得鼓励的事吗？是时候转变思维，成为身心更健康的我了。
在烟草价格上涨的背后，是国家在控烟方面加大力度的决心。吸烟者面临的挑战不仅仅是经济负担的增加，更是一种对生活方式的深刻反思。研究的数据清晰地指出，抽烟对健康造成严重危害，而戒烟则为身体带来积极的好处。在这个新的环境中，我意识到戒烟可能是一次艰难而必要的选择。或许是时候转变思维，放下烟草，成为一个更加健康的自己。
这次微小的烟草价格上涨，实际上是国家对控烟工作的积极响应。吸烟者将面临更大的经济压力，这也是一个鼓励他们重新审视烟瘾的契机。观察到这一点，我开始认识到，抽烟的代价不仅仅是经济上的，更是身体健康的风险。研究表明，戒烟可以为身体带来明显的好处。在这个全新的环境中，我决定下定决心，戒烟成为我新的生活目标。","title: 在2024年的元旦之后，我走进烟店，打算购买一包平民烟，却发现价格居然涨了两块钱。这微小的变化传递着一个强烈的信号：国家着手控烟工作了。对我而言，这表示未来抽烟的成本将更高，甚至可能抽不起烟了。内心深处，我感慨今后可能要迎接戒烟的时刻。默默对祖国说：“对不起了，作为一个烟龄超过30年的烟民，我不能再为你贡献一分力量了。”春节结束后，我下定决心要戒烟了！观察到这一变化让我认识到，控烟力度可能逐渐增大。随着烟草价格上涨，对吸烟者而言将是一大挑战，同时也是一个催化剂，激励他们考虑改变生活方式。研究显示，抽烟对健康有害无益，戒烟对身体有明显好处。生活在这新的大环境中，我开始思考，难道戒烟不是一件值得鼓励的事吗？是时候转变思维，成为身心更健康的我了。 在烟草价格上涨的背后，是国家在控烟方面加大力度的决心。吸烟者面临的挑战不仅仅是经济负担的增加，更是一种对生活方式的深刻反思。研究的数据清晰地指出，抽烟对健康造成严重危害，而戒烟则为身体带来积极的好处。在这个新的环境中，我意识到戒烟可能是一次艰难而必要的选择。或许是时候转变思维，放下烟草，成为一个更加健康的自己。 这次微小的烟草价格上涨，实际上是国家对控烟工作的积极响应。吸烟者将面临更大的经济压力，这也是一个鼓励他们重新审视烟瘾的契机。观察到这一点，我开始认识到，抽烟的代价不仅仅是经济上的，更是身体健康的风险。研究表明，戒烟可以为身体带来明显的好处。在这个全新的环境中，我决定下定决心，戒烟成为我新的生活目标。 summary: 在2024年的元旦之后，我走进烟店，打算购买一包平民烟，却发现价格居然涨了两块钱。随着烟草价格上涨，对吸烟者而言将是一大挑战，同时也是一个催化剂，激励他们考虑改变生活方式。研究显示，抽烟对健康有害无益，戒烟对身体有明显好处。生活在这新的大环境中，我开始思考，难道戒烟不是一件值得鼓励的事吗？ content: 在2024年的元旦之后，我走进烟店，打算购买一包平民烟，却发现价格居然涨了两块钱。这微小的变化传递着一个强烈的信号：国家着手控烟工作了。对我而言，这表示未来抽烟的成本将更高，甚至可能抽不起烟了。内心深处，我感慨今后可能要迎接戒烟的时刻。默默对祖国说：“对不起了，作为一个烟龄超过30年的烟民，我不能再为你贡献一分力量了。”春节结束后，我下定决心要戒烟了！观察到这一变化让我认识到，控烟力度可能逐渐增大。随着烟草价格上涨，对吸烟者而言将是一大挑战，同时也是一个催化剂，激励他们考虑改变生活方式。研究显示，抽烟对健康有害无益，戒烟对身体有明显好处。生活在这新的大环境中，我开始思考，难道戒烟不是一件值得鼓励的事吗？是时候转变思维，成为身心更健康的我了。 在烟草价格上涨的背后，是国家在控烟方面加大力度的决心。吸烟者面临的挑战不仅仅是经济负担的增加，更是一种对生活方式的深刻反思。研究的数据清晰地指出，抽烟对健康造成严重危害，而戒烟则为身体带来积极的好处。在这个新的环境中，我意识到戒烟可能是一次艰难而必要的选择。或许是时候转变思维，放下烟草，成为一个更加健康的自己。 这次微小的烟草价格上涨，实际上是国家对控烟工作的积极响应。吸烟者将面临更大的经济压力，这也是一个鼓励他们重新审视烟瘾的契机。观察到这一点，我开始认识到，抽烟的代价不仅仅是经济上的，更是身体健康的风险。研究表明，戒烟可以为身体带来明显的好处。在这个全新的环境中，我决定下定决心，戒烟成为我新的生活目标。 """,微头条,哭泣小米,2024-01-22 11:48:39,http://www.toutiao.com/w/i1788713690011660/,未知,控烟、戒烟,正面,未知
202401015810,在2024年的元旦之后，我走进烟店，打算购买一包平民烟，却发现价格居然涨了两块钱。这微小的变化传递着一个强烈的信号：国家着手控烟工作了。对我而言，这表示未来抽烟的成本将更高，甚至可能抽不起烟了。内心深处，我感慨今后可能要迎接戒烟的时刻。默默对祖国说：“对不起了，作为一个烟龄超过30年的烟民，我不能再,"title: 在2024年的元旦之后，我走进烟店，打算购买一包平民烟，却发现价格居然涨了两块钱。这微小的变化传递着一个强烈的信号：国家着手控烟工作了。对我而言，这表示未来抽烟的成本将更高，甚至可能抽不起烟了。内心深处，我感慨今后可能要迎接戒烟的时刻。默默对祖国说：“对不起了，作为一个烟龄超过30年的烟民，我不能再 summary: 在2024年的元旦之后，我走进烟店，打算购买一包平民烟，却发现价格居然涨了两块钱。这微小的变化传递着一个强烈的信号：国家着手控烟工作了。对我而言，这表示未来抽烟的成本将更高，甚至可能抽不起烟了。内心深处，我感慨今后可能要迎接戒烟的时刻。 content: 在2024年的元旦之后，我走进烟店，打算购买一包平民烟，却发现价格居然涨了两块钱。这微小的变化传递着一个强烈的信号：国家着手控烟工作了。对我而言，这表示未来抽烟的成本将更高，甚至可能抽不起烟了。内心深处，我感慨今后可能要迎接戒烟的时刻。默默对祖国说：“对不起了，作为一个烟龄超过30年的烟民，我不能再""",微头条,哭泣小米,2024-01-22 11:48:39,http://www.toutiao.com/w/1788713690011660/,未知,控烟、戒烟,正面,未知
202401015816,【工作动态】船营区大东街道开展无烟佳节宣传活动,"title: 【工作动态】船营区大东街道开展无烟佳节宣传活动 summary: 船营区大东街道开展无烟佳节宣传活动根据上级爱卫办《通知》要求，结合元旦、春节两节,进一步推动控烟工作深入开展，大力营造节日期间无烟氛围，引导群众主动践行卫生健康绿色环保生活方式。船营区大东街道积极开展无烟佳节宣传主题活动。 content: 根据上级爱卫办《通知》要求，结合元旦、春节“两节”,进一步推动控烟工作深入开展，大力营造节日期间无烟氛围，引导群众主动践行卫生健康绿色环保生活方式。船营区大东街道积极开展无烟佳节宣传主题活动。&lt;img class=""content-image"" data-src=""1i8D9IaYlbNGIQCZT5KVh8BtPsOZN1xBjR51Pm15agE5XavCj97/5vGEMkHhQZMOEEFt4eyjAnsU38ZpEpjqGhbK3nUAV2k0PUJwZwIHbIA="" width=""1080"" height=""449"" /为了进一步提高社区居民对吸烟危害的认识,减少烟草对健康得危害，打造一个健康的生活环境。元旦、春节“两节”前夕，大东街道各社区的社工志愿者在辖区内开展了各色各样的主题活动。&lt;img class=""content-image"" data-src=""wxcWD3sAnMjy6azFPk/mH8BtPsOZN1xBjR51Pm15agFc/bvBjfNdr9jHhS1Aeieqs9RTpBNlueQxcgeZxw4HkhyBqDAcPRn0hKALRp76c5U="" width=""1080"" height=""498"" /&lt;img class=""content-image"" data-src=""1i8D9IaYlbNGIQCZT5KVh8BtPsOZN1xBjR51Pm15agGovAfZ4osCvkPZJ2I/HnwLsa/ZiOGDuzbvqd2Nq27y7JMxLKNA9CpNJUoDhJq7OJM="" width=""1080"" height=""408"" /松北一区宣传活动以讲座的形式开展，重点围绕吸烟及二手烟的流行状况、烟草烟雾对健康的危害、引导广大居民充分认识吸烟、二手烟对人体健康及环境的危害，当天的活动现场吸引了众多群众前来咨询和参与。松北二区联合社区卫生服务中心开展戒烟咨询义诊服务，详细阐述戒烟的益处和戒烟方法，通过实例进行生动、细致的讲解。使广大群众拍手称赞。大东街道通过此次主题宣传活动,使广大群众、特殊群体充分认识到吸烟的危害,为营造健康、整洁、优美和谐的社区环境提供了重要保障。End编辑：王晔嘉责任编辑：陆洪峰发布于：北京市",搜狐号,大东北生活资讯,2024-01-22 11:30:32,http://m.sohu.com/a/753475455_121106822,未知,控烟、戒烟,正面,未知
202401015834,金安区望城街道：开展“无烟佳节 与爱同行”健康教育讲座,"title: 金安区望城街道：开展“无烟佳节 与爱同行”健康教育讲座 summary: 金安区望城街道：开展无烟佳节与爱同行健康教育讲座为巩固国家卫生城市创建成果，助力全国文明城市创建，营造元旦、春节两节无烟氛围。2024年1月19日上午，望城街道望城岗社区新时代文明实践站、望城岗社区党总支联合贝斯特幼儿园开展了无烟佳节与爱同行健康教育讲座。养成文明健康绿色环保生活方式，共度无烟健康佳节。 content: 为巩固国家卫生城市创建成果，助力全国文明城市创建，营造元旦、春节“两节”无烟氛围。2024年1月19日上午，望城街道望城岗社区新时代文明实践站、望城岗社区党总支联合贝斯特幼儿园开展了“无烟佳节 与爱同行”健康教育讲座。""望城岗社区志愿者首先为幼儿们播放了“无烟的家，更多的爱”公益宣传动画片，向小朋友科普吸烟的危害并且鼓励动员小朋友们成为学校、家庭控烟监督员，通过“小手牵大手”活动，引导家长不吸烟，主动戒烟，成为无烟家庭的践行者。然后，志愿者发放戒烟科普宣传手册并向幼儿详细讲解戒烟的方法、戒烟的益处及宣传文明健康绿色环保生活方式，让小朋友们把今天学到的知识“带回家”，倡导每一位幼儿成为家庭控烟大使。活动过程中，幼儿们积极踊跃发言，提出各种疑问，例如：“爸爸不听话怎么办？”“爷爷在家里不吸烟但在公共场所吸烟怎么办？”等，志愿者耐心且有针对性地解答幼儿们的问题。""通过此次控烟健康教育讲座，幼儿们更加了解了不吸烟对家庭的重要性，都争当家庭控烟大使，为营造无烟家庭、无烟社会出一份力。春节将至，望城岗社区已通过宣传标语、宣传栏、公益宣传等多渠道开展健康过佳节宣传活动，希望通过群众喜闻乐见的方式，引导居民树立每个人是自己健康第一责任人的理念，共同营造不吸烟、不劝烟、不递烟、不敬烟的良好风气，对“二手烟”敢于说不，养成文明健康绿色环保生活方式，共度无烟健康佳节。（王敬玲）""""",头条号,皖西在线网,2024-01-22 11:05:14,http://www.toutiao.com/w/i7326747826011030053/,未知,控烟、戒烟,中性,未知
202401015893,跑马吸烟被处罚，对不守规矩的就不应该惯着！,"title: 跑马吸烟被处罚，对不守规矩的就不应该惯着！ summary: 跑马吸烟被处罚，对不守规矩的就不应该惯着！厦门马拉松赛组委会没有再惯着抽烟哥，组委会竞赛部随后发布通报，称组委会决定取消这名选手的成绩和排名，并禁止其参加厦门马拉松赛组委会举办的各项赛事两年。 content: 近日，在2024厦门马拉松赛道上，“抽烟哥”陈某某嘴里叼着点燃的香烟，一边奔跑一边吞云吐雾。据报道，在2018年和2019年的马拉松赛道上，这名陈大哥都抽着烟跑完了全程，引起轰动。厦门马拉松赛组委会没有再惯着“抽烟哥”，组委会竞赛部随后发布通报，称组委会决定取消这名选手的成绩和排名，并禁止其参加厦门马拉松赛组委会举办的各项赛事两年。对厦门马拉松赛组委会的处罚决定鼓掌叫好。一些运动员的坏毛病就是惯出来的，一些赛事的坏风气也是长期纵容的结果。“厦马”组委会用严厉的手段处罚违规运动员终于开了一个好头，呼吁有更多的体育赛事组会委能够及时跟进，使体育赛事成为文明健康的赛事。也许有人对此不以为然，觉得是小题大做，其实，在体育赛场上公开吸烟影响极广，影响极坏。1、一场体育赛事会通过各种媒体(包括自媒体)广为传播。运动员在比赛中吸烟的行为一定会被现场和网上的广大马拉松爱好者看见，如果遮遮掩掩，不旗帜鲜明依规处罚，必然会产生负面影响，特别是对青少年会产生误导。他们也许会想:连运动员在比赛过程中都能吸烟，看来吸烟也没啥不好的，还能耍酷。运动员在公共场所的吸烟行为带来的负能量比家长、老师的教育和大街上的控烟宣传标语影响要大得多。2、在公共场所吸烟不光有害自己的健康，也迫使他人被动吸烟，影响他人的健康。特别是运动员在运动中吸烟，或吸入二手烟会降低运动表现，增加健康风险。吸烟行为是对运动员本人和其他运动员的极不负责任。这种行为也反映出运动员的个人道德素质有待提高。3、运动员在上赛场上吸烟，严重影响了赛事形象。禁烟控烟，打造“无烟社会”是世界各国的共识，全球性的禁烟活动已经开展二十多年，各国都取得了显著成就。厦门马拉松赛事上出现运动员吸烟情况说明我们的禁烟控烟工作，特别是公共场所的禁烟控烟工作仍任重道远，不能盲目乐观，更不能有丝毫松懈。厦门马拉松赛组委会对吸烟运动员的处罚用实际行动表明了我们禁烟的决心，对其他赛事起到了示范引领作用，对广大公众起到了教育警示作用。""""",头条号,长林微言,2024-01-22 06:37:27,http://www.toutiao.com/w/i7326566417514562058/,未知,控烟,负面,未知
202401015906,美国癌症死亡率下降，但发病率上升，控烟力度是其中关键因素，希望更多国家能够加强防控措施,title: 美国癌症死亡率下降，但发病率上升，控烟力度是其中关键因素，希望更多国家能够加强防控措施 summary: 美国癌症死亡率下降，但发病率上升，控烟力度是其中关键因素，希望更多国家能够加强防控措施 content: 美国癌症死亡率下降，但发病率上升，控烟力度是其中关键因素，希望更多国家能够加强防控措施,网易号,丢呆呆,2024-01-22 00:22:12,未知,未知,控烟,正面,未知
202401015912,揭秘全球吸烟率：谁才是真正的烟民大国？,"title: 揭秘全球吸烟率：谁才是真正的烟民大国？ summary: 揭秘全球吸烟率：谁才是真正的烟民大国？在全球范围内，吸烟已经成为一个不容忽视的问题。据统计，每年有数百万人死于与吸烟相关的疾病。为了更直观地了解全球吸烟状况，有人整理出了全球吸烟率排名。本文将通过分析这些数据，探讨吸烟背后的深层次原因，并呼吁各国政府和民众共同努力，降低吸烟率，提高公众健康水平。 content: 在全球范围内，吸烟已经成为一个不容忽视的问题。据统计，每年有数百万人死于与吸烟相关的疾病。为了更直观地了解全球吸烟状况，有人整理出了全球吸烟率排名。本文将通过分析这些数据，探讨吸烟背后的深层次原因，并呼吁各国政府和民众共同努力，降低吸烟率，提高公众健康水平。""【全球吸烟率排名：各国差异显著】""根据最新数据，全球吸烟率排名中，中国、印度和俄罗斯位列前三。这些国家的吸烟率普遍较高，成为全球烟民大国。相比之下，一些西方国家的吸烟率则相对较低。这种差异背后反映了不同国家和地区的文化、社会和经济因素对吸烟行为的影响。""【中国：禁烟之路任重道远】作为全球吸烟率最高的国家之一，中国政府一直在采取措施控制吸烟。然而，由于历史和现实原因，中国的禁烟之路仍然任重道远。一方面，中国有着悠久的烟草文化和消费习惯；另一方面，烟草行业在经济中占据重要地位，对地方政府财政收入有较大影响。因此，中国政府需要在控制吸烟和经济发展之间寻求平衡。【印度：尼古丁成瘾危机】与中国的吸烟状况不同，印度的吸烟问题主要集中在男性群体。据统计，印度男性的吸烟率高达30%以上，而女性吸烟率则相对较低。这一现象与印度的社会文化和经济发展密切相关。印度政府也在积极采取措施降低吸烟率，但由于种种原因，成效并不显著。【俄罗斯：烟草消费的阴霾】俄罗斯的吸烟问题同样严重。据统计，俄罗斯的吸烟率高达35%以上，成为全球之最。在俄罗斯，烟草行业一直是国家经济的重要组成部分。然而，随着烟草对健康的危害日益凸显，俄罗斯政府也开始采取措施限制烟草消费。例如，提高烟草税、禁止在公共场所吸烟等措施已逐步实施。【共同应对全球吸烟问题】面对全球吸烟问题，各国政府和国际组织需要共同努力，采取有效措施降低吸烟率。一方面，政府应加大对烟草行业的监管力度，限制烟草广告和促销活动，提高烟草税等；另一方面，国际组织应加强合作，推动各国政府采取更有力的控烟措施。此外，公众的健康意识也是降低吸烟率的关键因素。通过教育宣传提高公众对吸烟危害的认识，培养健康的生活方式是至关重要的。总之，全球吸烟问题是一个复杂的社会现象，需要多方面的努力来解决。通过分析全球吸烟率排名，我们可以更好地了解不同国家和地区的吸烟状况及其背后的原因。只有政府、国际组织和公众共同努力，才能有效降低吸烟率，提高全球公众健康水平。",百家号,飞哥玩矩阵,2024-01-22 00:21:27,http://baijiahao.baidu.com/s?id=1788717655194791532,未知,控烟,中性,未知
202401015918,"打造无烟环境，共筑健康珠海——解读全新修订的《珠海经济特区控烟条例》
随着社会进步和人们健康意识的提高，越来越多的人开始关注并参与到公共场所的禁烟行动中。为了进一步推动控烟工作，珠海市近日对其《珠海经济特区控烟条例》进行了全新修订，旨在通过法律手段，为市民创造一个更加健康、舒适的生活环境。
一、背景：从“深圳模式”到“珠海实践”
回顾过去，深圳作为中国改革开放的前沿，在控烟方面曾被誉为“深圳模式”。通过严格的法规约束和有效的执法监督，深圳成功实现了室内公共场所全面禁烟。如今，珠海市在借鉴深圳经验的基础上，结合本地实际情况，推出了更具针对性和可操作性的《珠海经济特区控烟条例》。
二、修订内容：更加严格的禁烟规定
新修订的《珠海经济特区控烟条例》主要从以下几个方面进行了严格规定：
扩大禁烟范围：除已有禁烟规定的场所外，新规增加了学校、医院、图书馆等公共机构的室内区域以及餐饮服务场所、商场、公共浴室、健身房等室内营业场所的禁烟要求。
严格执法监督：加大对违法行为的处罚力度，对违反禁烟规定的个人和单位分别处以罚款，并纳入社会信用体系进行惩戒。
强化宣传教育：加强禁烟宣传教育，提高市民对吸烟危害的认识，倡导健康生活方式。
三、影响与意义：共筑健康珠海的控烟新篇章
新修订的《珠海经济特区控烟条例》不仅是对现有法规的补充完善，更是对健康生活方式的倡导和推广。通过严格的法规约束和有效的执法监督，我们相信珠海将在控烟工作上取得更大的突破，为市民创造一个更加健康、舒适的生活环境。
同时，这也将为其他城市提供有益的借鉴和参考，推动全社会共同参与到控烟行动中来，共同为实现“健康中国”的目标贡献力量。
四、结语：携手共筑无烟美好未来
健康是我们共同的追求和愿望。《珠海经济特区控烟条例》的修订和实施，不仅是对个人健康的关注和保护，更是对社会文明进步的推动和促进。让我们携手共筑无烟美好未来，共同为健康珠海、健康中国贡献力量！
在新的《珠海经济特区控烟条例》的指导下，我们期待珠海能成为全国乃至全球范围内的控烟典范，引领更多城市加入到无烟环境的建设中来，共同为创造一个更加健康、美好的生活环境而努力。","title: 打造无烟环境，共筑健康珠海——解读全新修订的《珠海经济特区控烟条例》 随着社会进步和人们健康意识的提高，越来越多的人开始关注并参与到公共场所的禁烟行动中。为了进一步推动控烟工作，珠海市近日对其《珠海经济特区控烟条例》进行了全新修订，旨在通过法律手段，为市民创造一个更加健康、舒适的生活环境。 一、背景：从“深圳模式”到“珠海实践” 回顾过去，深圳作为中国改革开放的前沿，在控烟方面曾被誉为“深圳模式”。通过严格的法规约束和有效的执法监督，深圳成功实现了室内公共场所全面禁烟。如今，珠海市在借鉴深圳经验的基础上，结合本地实际情况，推出了更具针对性和可操作性的《珠海经济特区控烟条例》。 二、修订内容：更加严格的禁烟规定 新修订的《珠海经济特区控烟条例》主要从以下几个方面进行了严格规定： 扩大禁烟范围：除已有禁烟规定的场所外，新规增加了学校、医院、图书馆等公共机构的室内区域以及餐饮服务场所、商场、公共浴室、健身房等室内营业场所的禁烟要求。 严格执法监督：加大对违法行为的处罚力度，对违反禁烟规定的个人和单位分别处以罚款，并纳入社会信用体系进行惩戒。 强化宣传教育：加强禁烟宣传教育，提高市民对吸烟危害的认识，倡导健康生活方式。 三、影响与意义：共筑健康珠海的控烟新篇章 新修订的《珠海经济特区控烟条例》不仅是对现有法规的补充完善，更是对健康生活方式的倡导和推广。通过严格的法规约束和有效的执法监督，我们相信珠海将在控烟工作上取得更大的突破，为市民创造一个更加健康、舒适的生活环境。 同时，这也将为其他城市提供有益的借鉴和参考，推动全社会共同参与到控烟行动中来，共同为实现“健康中国”的目标贡献力量。 四、结语：携手共筑无烟美好未来 健康是我们共同的追求和愿望。《珠海经济特区控烟条例》的修订和实施，不仅是对个人健康的关注和保护，更是对社会文明进步的推动和促进。让我们携手共筑无烟美好未来，共同为健康珠海、健康中国贡献力量！ 在新的《珠海经济特区控烟条例》的指导下，我们期待珠海能成为全国乃至全球范围内的控烟典范，引领更多城市加入到无烟环境的建设中来，共同为创造一个更加健康、美好的生活环境而努力。 summary: 打造无烟环境，共筑健康珠海——解读全新修订的《珠海经济特区控烟条例》。新修订的《珠海经济特区控烟条例》主要从以下几个方面进行了严格规定：扩大禁烟范围：除已有禁烟规定的场所外，新规增加了学校、医院、图书馆等公共机构的室内区域以及餐饮服务场所、商场、公共浴室、健身房等室内营业场所的禁烟要求。 content: 打造无烟环境，共筑健康珠海——解读全新修订的《珠海经济特区控烟条例》 随着社会进步和人们健康意识的提高，越来越多的人开始关注并参与到公共场所的禁烟行动中。为了进一步推动控烟工作，珠海市近日对其《珠海经济特区控烟条例》进行了全新修订，旨在通过法律手段，为市民创造一个更加健康、舒适的生活环境。 一、背景：从“深圳模式”到“珠海实践” 回顾过去，深圳作为中国改革开放的前沿，在控烟方面曾被誉为“深圳模式”。通过严格的法规约束和有效的执法监督，深圳成功实现了室内公共场所全面禁烟。如今，珠海市在借鉴深圳经验的基础上，结合本地实际情况，推出了更具针对性和可操作性的《珠海经济特区控烟条例》。 二、修订内容：更加严格的禁烟规定 新修订的《珠海经济特区控烟条例》主要从以下几个方面进行了严格规定： 扩大禁烟范围：除已有禁烟规定的场所外，新规增加了学校、医院、图书馆等公共机构的室内区域以及餐饮服务场所、商场、公共浴室、健身房等室内营业场所的禁烟要求。 严格执法监督：加大对违法行为的处罚力度，对违反禁烟规定的个人和单位分别处以罚款，并纳入社会信用体系进行惩戒。 强化宣传教育：加强禁烟宣传教育，提高市民对吸烟危害的认识，倡导健康生活方式。 三、影响与意义：共筑健康珠海的控烟新篇章 新修订的《珠海经济特区控烟条例》不仅是对现有法规的补充完善，更是对健康生活方式的倡导和推广。通过严格的法规约束和有效的执法监督，我们相信珠海将在控烟工作上取得更大的突破，为市民创造一个更加健康、舒适的生活环境。 同时，这也将为其他城市提供有益的借鉴和参考，推动全社会共同参与到控烟行动中来，共同为实现“健康中国”的目标贡献力量。 四、结语：携手共筑无烟美好未来 健康是我们共同的追求和愿望。《珠海经济特区控烟条例》的修订和实施，不仅是对个人健康的关注和保护，更是对社会文明进步的推动和促进。让我们携手共筑无烟美好未来，共同为健康珠海、健康中国贡献力量！ 在新的《珠海经济特区控烟条例》的指导下，我们期待珠海能成为全国乃至全球范围内的控烟典范，引领更多城市加入到无烟环境的建设中来，共同为创造一个更加健康、美好的生活环境而努力。 "" """,微头条,良树叔,2024-01-22 00:17:35,http://www.toutiao.com/w/i1788717412358144/,未知,控烟,正面,未知
202401015924,"打造无烟环境，共筑健康珠海——解读全新修订的《珠海经济特区控烟条例》

随着社会进步和人们健康意识的提高，越来越多的人开始关注并参与到公共场所的禁烟行动中。为了进一步推动控烟工作，珠海市近日对其《珠海经济特区控烟条例》进行了全新修订，旨在通过法律手段，为市民创造一个更加健康、舒适的生活环境。

一、","title: 打造无烟环境，共筑健康珠海——解读全新修订的《珠海经济特区控烟条例》 随着社会进步和人们健康意识的提高，越来越多的人开始关注并参与到公共场所的禁烟行动中。为了进一步推动控烟工作，珠海市近日对其《珠海经济特区控烟条例》进行了全新修订，旨在通过法律手段，为市民创造一个更加健康、舒适的生活环境。 一、 summary: 打造无烟环境，共筑健康珠海——解读全新修订的《珠海经济特区控烟条例》。随着社会进步和人们健康意识的提高，越来越多的人开始关注并参与到公共场所的禁烟行动中。为了进一步推动控烟工作，珠海市近日对其《珠海经济特区控烟条例》进行了全新修订，旨在通过法律手段，为市民创造一个更加健康、舒适的生活环境。 content: 打造无烟环境，共筑健康珠海——解读全新修订的《珠海经济特区控烟条例》 随着社会进步和人们健康意识的提高，越来越多的人开始关注并参与到公共场所的禁烟行动中。为了进一步推动控烟工作，珠海市近日对其《珠海经济特区控烟条例》进行了全新修订，旨在通过法律手段，为市民创造一个更加健康、舒适的生活环境。 一、""""",微头条,良树叔,2024-01-22 00:17:35,http://www.toutiao.com/w/1788717412358144/,未知,控烟,正面,未知
202401015384,现在全世界都在控烟，强烈支持烟草大涨价，逐步减少烟草产量,title: 现在全世界都在控烟，强烈支持烟草大涨价，逐步减少烟草产量 summary: 现在全世界都在控烟，强烈支持烟草大涨价，逐步减少烟草产量 content: 现在全世界都在控烟，强烈支持烟草大涨价，逐步减少烟草产量,微头条,LXGVSWCY,2024-01-21 22:24:53,未知,未知,控烟,中性,未知
202401015446,内地女子香港酒店内抽烟遭天价罚款，是冤枉还是罪有应得？,"title: 内地女子香港酒店内抽烟遭天价罚款，是冤枉还是罪有应得？ summary: 内地女子香港酒店内抽烟遭天价罚款，是冤枉还是罪有应得？内地女子香港酒店内抽烟被罚8500港币，网友：不冤。这位内地女子在香港一家知名酒店入住时，无视酒店的禁烟规定，在房间内抽烟。让我们携手共进，为创造一个更加健康、文明、和谐的社会而努力奋斗！ content: 内地女子香港酒店内抽烟被罚8500港币，网友：不冤最近一则新闻引起了广泛的关注，一位内地女子在香港酒店内抽烟，被发现后认罚8500港币，不少网友纷纷表示：不冤。今天我们就来聊聊这个话题。""据报道，这位内地女子在香港一家知名酒店入住时，无视酒店的禁烟规定，在房间内抽烟。当酒店工作人员发现后，她态度强硬，拒不认错。最终，酒店方面报警处理，该女子被带回警局并罚款8500港币。这起事件引起了网友们的广泛关注和热议。不少人表示，抽烟是一种不文明的行为，尤其在酒店这样的公共场所更应遵守规定。而且，酒店禁烟是为了维护其他客人的健康权益，该女子的行为不仅损害了自己的形象，也给他人带来了不必要的困扰和伤害。从法律角度来看，香港的控烟法规相当严格。在公共场所抽烟不仅可能面临高额罚款，还可能被处以社会服务令等其他惩罚措施。因此，该女子被罚款8500港币并不冤枉。""当然，也有一些人认为，酒店方面应该采取更加人性化的方式来处理此事，比如提醒客人遵守规定而不是直接报警。但事实上，作为一家知名酒店，工作人员已经多次提醒客人不要在房间内抽烟，并且酒店禁烟规定也十分明确。因此，从酒店的角度来看，报警处理也是一种无奈之举。总之，这起事件给我们敲响了警钟：在公共场所应该遵守规定，尊重他人的权益。抽烟不仅有害健康，更是一种不文明的行为。尤其是在旅游、商务等场合，更应该注意自己的言行举止。作为游客或商务人士，我们不仅代表了自己，更代表了一个国家和地区的形象。因此，我们应该时刻保持良好的行为习惯和道德素养，为促进和谐、文明的社会做出自己的贡献。""同时，对于酒店等公共场所的管理者来说，应该加强禁烟规定的宣传和执行力度。除了在显眼位置张贴禁烟标志外，还可以通过客房内的温馨提示、口头提醒等方式来提高客人的遵守意识。此外，对于违规行为要及时制止并采取相应的处罚措施，以维护公共场所的秩序和卫生环境。此外，政府部门也应该加强对公共场所禁烟规定的监管力度。对于违反规定的行为要依法予以严惩，起到震慑作用。同时，还要加强宣传教育，提高公众对吸烟危害的认识，培养健康的生活方式和社会风气。最后，我们也要认识到吸烟不仅仅是一种个人行为，更是一种社会问题。只有全社会共同努力、共同参与，才能够有效地解决吸烟问题，保护人们的健康和环境的质量。让我们携手共进，为创造一个更加健康、文明、和谐的社会而努力奋斗！",头条号,怀才看世界,2024-01-21 16:37:15,http://www.toutiao.com/w/i7326467575965401609/,未知,控烟,负面,未知
202401015485,香港的香烟包装上那些吸烟有害健康的警示，简直比国内的还要吓人，看了之后真的觉得抽烟太可怕了。这种做法确实挺狠的！不过，也难怪他们要这样做，毕竟吸烟对身体的伤害是真的大，能够有效地提醒人们不要去碰烟，也算是一种为了大众健康负责的表现吧。不过，香港这种做法值得国内借鉴一下，说不定能够对控烟有所帮助呢。毕竟，身体健康可是大事，再美味的烟也不值得我们为此去冒着健康风险。所以，看到这些吸烟有害健康的警示，还是乖乖远离烟草，保护好自己的身体才是最重要的。,"title: 香港的香烟包装上那些吸烟有害健康的警示，简直比国内的还要吓人，看了之后真的觉得抽烟太可怕了。这种做法确实挺狠的！不过，也难怪他们要这样做，毕竟吸烟对身体的伤害是真的大，能够有效地提醒人们不要去碰烟，也算是一种为了大众健康负责的表现吧。不过，香港这种做法值得国内借鉴一下，说不定能够对控烟有所帮助呢。毕竟，身体健康可是大事，再美味的烟也不值得我们为此去冒着健康风险。所以，看到这些吸烟有害健康的警示，还是乖乖远离烟草，保护好自己的身体才是最重要的。 summary: 香港的香烟包装上那些吸烟有害健康的警示，简直比国内的还要吓人，看了之后真的觉得抽烟太可怕了。不过，也难怪他们要这样做，毕竟吸烟对身体的伤害是真的大，能够有效地提醒人们不要去碰烟，也算是一种为了大众健康负责的表现吧。所以，看到这些吸烟有害健康的警示，还是乖乖远离烟草，保护好自己的身体才是最重要的。 content: 香港的香烟包装上那些吸烟有害健康的警示，简直比国内的还要吓人，看了之后真的觉得抽烟太可怕了。这种做法确实挺狠的！不过，也难怪他们要这样做，毕竟吸烟对身体的伤害是真的大，能够有效地提醒人们不要去碰烟，也算是一种为了大众健康负责的表现吧。不过，香港这种做法值得国内借鉴一下，说不定能够对控烟有所帮助呢。毕竟，身体健康可是大事，再美味的烟也不值得我们为此去冒着健康风险。所以，看到这些吸烟有害健康的警示，还是乖乖远离烟草，保护好自己的身体才是最重要的。 "" """,微头条,晴天不怕天冷雨,2024-01-21 14:22:26,http://www.toutiao.com/w/i1788679968620612/,未知,控烟,正面,未知
202401015516,卫健局：尧塘街道水计生协开展“无烟佳节 与爱同行”控烟主题活动,"title: 卫健局：尧塘街道水计生协开展“无烟佳节 与爱同行”控烟主题活动 summary: 为进一步推动控烟工作开展，引导广大居民朋友践行文明健康绿色环保生活方式，营造元旦、春节两节无烟氛围，共度无烟健康佳节，近日，尧塘街道妇联联合计生协会开展了无烟佳节与爱同行控烟主题活动。 content: ""为进一步推动控烟工作开展，引导广大居民朋友践行文明健康绿色环保生活方式，营造元旦、春节“两节”无烟氛围，共度无烟健康佳节，近日，尧塘街道妇联联合计生协会开展了“无烟佳节与爱同行”控烟主题活动。活动中，巾帼志愿者通过PPT展示，围绕我国烟民数量、吸烟现状、烟民低龄化发展趋势以及二手烟对人体的危害等方面向居民朋友们进行了详细讲解，鲜明的主题、活泼的形式和丰富的内容让居民们了解了控烟知识，意识到吸烟不仅是对环境的破坏，还是对身边人的一种伤害，使他们懂得吸烟的害处并主动规劝亲人戒烟、禁烟，共同营造健康良好的无烟环境。现场工作人员还宣读了关于禁烟的相关规定，发放了戒烟科普宣传手册及禁烟环保袋，倡导过节不吸烟、不敬烟、不送烟、“对二手烟说不”，号召广大居民朋友们行动起来，共度无烟健康佳节，引导居民养成健康的生活方式和生活习惯。同时街道表示可以提供免费戒烟咨询，帮助居民提高戒烟成功率，实现居民戒烟服务“零”距离。通过此次活动，不仅提高了辖区居民控烟的意识，也让大家认识到吸烟对人体的危害，纷纷表示都要参加到拒烟宣传活动中来，从身边的小事做起，为创建无烟环境贡献自己的力量。 （杜娟）（来源：金坛区人民政府网站）",网易号,信息新报,2024-01-21 11:25:18,http://dy.163.com/article/IOVL6JG30552ADWT.html,未知,控烟、戒烟,正面,未知
202401015534,公共场合抽烟开始罚款了呦！ 虽然罚不多但也足以证明， 控烟力度在升级…… 你还在抽烟🚬🚬🚬吗？[闭嘴] 别在让自己和家人吸二手烟了[微笑],title: 公共场合抽烟开始罚款了呦！ 虽然罚不多但也足以证明， 控烟力度在升级…… 你还在抽烟🚬🚬🚬吗？[闭嘴] 别在让自己和家人吸二手烟了[微笑] summary: 公共场合抽烟开始罚款了呦！虽然罚不多但也足以证明，控烟力度在升级。你还在抽烟吗？ content: 公共场合抽烟开始罚款了呦！ 虽然罚不多但也足以证明， 控烟力度在升级…… 你还在抽烟🚬🚬🚬吗？[闭嘴] 别在让自己和家人吸二手烟了[微笑],小红书,小红薯654E0032,2024-01-21 09:38:00,http://www.xiaohongshu.com/discovery/item/65ac757b000000002e00752f,未知,控烟,负面,未知
202401015540,禁烟主题，无烟未来，控烟主题儿童水彩画,title: 禁烟主题，无烟未来，控烟主题儿童水彩画 summary: 禁烟主题，无烟未来，控烟主题儿童水彩画#禁烟#禁烟绘画#无烟未来主题画#绘少年力量画无烟未来#禁烟主题画#青少年控烟 content: #禁烟#禁烟绘画#无烟未来主题画#绘少年力量画无烟未来#禁烟主题画#青少年控烟,小红书,向小葵手绘(接稿中),2024-01-21 08:46:00,http://www.xiaohongshu.com/discovery/item/65ac697a000000000a033b29,未知,控烟,中性,未知
202401015546,"Nature Medicine：二手烟增加心血管疾病、肺癌、糖尿病等疾病风险
烟草使用是全球疾病负担和死亡率的主要风险因素之一，全球疾病负担（GBD）数据显示，其在2019年导致了2.298亿伤残调整寿命年（包括因早死所致的寿命损失年数和疾病所致伤残引起的健康寿命损失年数），以及870万人死亡。
而二手烟（SHS）暴露，也称为被动或非自愿吸烟，是非吸烟者面临的一个主要烟草相关公共卫生问题。尽管过去半个世纪以来吸烟率逐渐下降，但全球仍约有37%的人口暴露在烟草制品燃烧或吸烟者呼出的二手烟烟雾中，尤其是女性和儿童。这一情况令人担忧，因为烟草燃烧产生的烟雾由数千种化学物质和化合物组成，包括尼古丁等许多致癌物，吸入时会损害人体并导致疾病和死亡。
全球疾病负担（GBD）数据显示，2019年全球有130万例死亡可归因于二手烟，尤其是在中低收入国家。这提醒了我们，二手烟暴露成为控烟工作的重点之一。因此，提供有关二手烟暴露与多种不良健康结果之间的暴露-反应关系的最新摘要，并创新地量化支持这些关系的证据强度，对于控烟政策制定，以及吸烟行为的个人决策至关重要。
2024年1月9日，华盛顿大学的研究人员在 Nature Medicine 期刊发表了题为：Health effects associated with… 的研究论文。
该研究使用举证责任风险函数（BPRF）量化了二手烟暴露与九种健康风险之间的关联，结果显示，二手烟暴露与九种健康风险增加都有关，保守估计，二手烟暴露会使缺血性心脏病（IDH）、卒中、2型糖尿病和肺癌的风险分别增加至少8%、5%、1% 和 1%，支持这些关联的证据被评为弱（两颗星）。而支持二手烟与中耳炎、哮喘、下呼吸道感染、乳腺癌和慢性阻塞性肺病（COPD）之间关联的证据被评为更弱（一颗星）。尽管这些关联的基础证据薄弱，但这些结果强化了二手烟对健康的有害影响，以及需要优先考虑通过公共卫生政策和教育举措相结合来减少主动和被动吸烟的努力。
这项研究旨在客观、全面地量化二手烟（SHS）与九种健康结果之间的关联，以及这种关联的强弱。这九种健康结果分别是：肺癌、乳腺癌、缺血性心脏病（IHD）、卒中、慢性阻塞性肺病（COPD）、下呼吸道感染、哮喘、2型糖尿病，以及中耳炎。一星代表关联证据弱，五星代表关联证据强。
研究团队审查了1970年1月1日至2022年7月31日之间在PubMed和Web of Science中发布的7109篇论文，并通过引文搜索发现了1972项额外的论文用于筛选。从中筛选了410篇与二手烟暴露的健康风险有关的论文进行进一步分析。
二手烟暴露与九种健康结局之间关联的证据强度
二手烟与心血管疾病风险
该研究量化了二手烟（SHS）暴露与缺血性心脏病（IHD）和卒中之间的关联，二手烟暴露与缺血性心脏病（IHD）的举证责任风险函数（BPRF）为1.08，这表明二手烟暴露会与缺血性心脏病（IHD）风险至少增加8%有关，而这它们之间的关联证据为两颗星。同样，二手烟暴露与卒中的BPRF为1.05，这表明二手烟暴露与卒中风险至少增加5%有关，它们之间的关联证据同样为两颗星。
二手烟与癌症风险
该分析显示，二手烟暴露与肺癌风险增加有弱相关性，二手烟暴露与肺癌的BPRF为1.01，二手烟暴露与肺癌风险至少增加1%有关，它们之间的关联证据为两颗星的下限。而二手烟暴露和乳腺癌风险增加之间的关联更微弱，关联证据强度仅为一颗星。
二手烟与呼吸系统疾病风险
该研究评估了二手烟暴露与三种呼吸系统疾病之间的关联：哮喘、下呼吸道感染和慢性阻塞性肺病（COPD）。基于保守的BPRF框架，当考虑到研究间异质性和其他偏倚来源时，支持这些关联的证据均较弱，均为一颗星。
二手烟与其他健康风险
该研究显示，二手烟暴露与2型糖尿病风险之间的关联较弱，BPRF为1.01，这表明二手烟暴露与2型糖尿病风险至少增加1%有关，它们之间的关联证据强度为两颗星。二手烟暴露与中耳炎风险之间的关联较弱，BPRF为0.95，它们之间的关联证据强度为一颗星。
总的来说，该研究应用举证责任风险函数（BPRF）量化了二手烟暴露与九种健康结果之间的关系，并评估这些关联的证据强度。结果显示，二手烟暴露与所有九种健康风险在统计学上显着增加相关。二手烟暴露会使缺血性心脏病（IHD）、卒中和2型糖尿病的风险增加至少8%，5%和1%，分别对应于与二手烟暴露的两颗星关联。二手烟暴露与肺癌的关联证据强度也为两颗星，二手烟暴露会使肺癌风险至少增加1%左右。而二手烟暴露与中耳炎、哮喘、下呼吸道感染、乳腺癌和慢性阻塞性肺病（COPD）之间的关联性更弱，关联证据强度为一颗星。
来源:生物世界 iNews","title: Nature Medicine：二手烟增加心血管疾病、肺癌、糖尿病等疾病风险 烟草使用是全球疾病负担和死亡率的主要风险因素之一，全球疾病负担（GBD）数据显示，其在2019年导致了2.298亿伤残调整寿命年（包括因早死所致的寿命损失年数和疾病所致伤残引起的健康寿命损失年数），以及870万人死亡。 而二手烟（SHS）暴露，也称为被动或非自愿吸烟，是非吸烟者面临的一个主要烟草相关公共卫生问题。尽管过去半个世纪以来吸烟率逐渐下降，但全球仍约有37%的人口暴露在烟草制品燃烧或吸烟者呼出的二手烟烟雾中，尤其是女性和儿童。这一情况令人担忧，因为烟草燃烧产生的烟雾由数千种化学物质和化合物组成，包括尼古丁等许多致癌物，吸入时会损害人体并导致疾病和死亡。 全球疾病负担（GBD）数据显示，2019年全球有130万例死亡可归因于二手烟，尤其是在中低收入国家。这提醒了我们，二手烟暴露成为控烟工作的重点之一。因此，提供有关二手烟暴露与多种不良健康结果之间的暴露-反应关系的最新摘要，并创新地量化支持这些关系的证据强度，对于控烟政策制定，以及吸烟行为的个人决策至关重要。 2024年1月9日，华盛顿大学的研究人员在 Nature Medicine 期刊发表了题为：Health effects associated with… 的研究论文。 该研究使用举证责任风险函数（BPRF）量化了二手烟暴露与九种健康风险之间的关联，结果显示，二手烟暴露与九种健康风险增加都有关，保守估计，二手烟暴露会使缺血性心脏病（IDH）、卒中、2型糖尿病和肺癌的风险分别增加至少8%、5%、1% 和 1%，支持这些关联的证据被评为弱（两颗星）。而支持二手烟与中耳炎、哮喘、下呼吸道感染、乳腺癌和慢性阻塞性肺病（COPD）之间关联的证据被评为更弱（一颗星）。尽管这些关联的基础证据薄弱，但这些结果强化了二手烟对健康的有害影响，以及需要优先考虑通过公共卫生政策和教育举措相结合来减少主动和被动吸烟的努力。 这项研究旨在客观、全面地量化二手烟（SHS）与九种健康结果之间的关联，以及这种关联的强弱。这九种健康结果分别是：肺癌、乳腺癌、缺血性心脏病（IHD）、卒中、慢性阻塞性肺病（COPD）、下呼吸道感染、哮喘、2型糖尿病，以及中耳炎。一星代表关联证据弱，五星代表关联证据强。 研究团队审查了1970年1月1日至2022年7月31日之间在PubMed和Web of Science中发布的7109篇论文，并通过引文搜索发现了1972项额外的论文用于筛选。从中筛选了410篇与二手烟暴露的健康风险有关的论文进行进一步分析。 二手烟暴露与九种健康结局之间关联的证据强度 二手烟与心血管疾病风险 该研究量化了二手烟（SHS）暴露与缺血性心脏病（IHD）和卒中之间的关联，二手烟暴露与缺血性心脏病（IHD）的举证责任风险函数（BPRF）为1.08，这表明二手烟暴露会与缺血性心脏病（IHD）风险至少增加8%有关，而这它们之间的关联证据为两颗星。同样，二手烟暴露与卒中的BPRF为1.05，这表明二手烟暴露与卒中风险至少增加5%有关，它们之间的关联证据同样为两颗星。 二手烟与癌症风险 该分析显示，二手烟暴露与肺癌风险增加有弱相关性，二手烟暴露与肺癌的BPRF为1.01，二手烟暴露与肺癌风险至少增加1%有关，它们之间的关联证据为两颗星的下限。而二手烟暴露和乳腺癌风险增加之间的关联更微弱，关联证据强度仅为一颗星。 二手烟与呼吸系统疾病风险 该研究评估了二手烟暴露与三种呼吸系统疾病之间的关联：哮喘、下呼吸道感染和慢性阻塞性肺病（COPD）。基于保守的BPRF框架，当考虑到研究间异质性和其他偏倚来源时，支持这些关联的证据均较弱，均为一颗星。 二手烟与其他健康风险 该研究显示，二手烟暴露与2型糖尿病风险之间的关联较弱，BPRF为1.01，这表明二手烟暴露与2型糖尿病风险至少增加1%有关，它们之间的关联证据强度为两颗星。二手烟暴露与中耳炎风险之间的关联较弱，BPRF为0.95，它们之间的关联证据强度为一颗星。 总的来说，该研究应用举证责任风险函数（BPRF）量化了二手烟暴露与九种健康结果之间的关系，并评估这些关联的证据强度。结果显示，二手烟暴露与所有九种健康风险在统计学上显着增加相关。二手烟暴露会使缺血性心脏病（IHD）、卒中和2型糖尿病的风险增加至少8%，5%和1%，分别对应于与二手烟暴露的两颗星关联。二手烟暴露与肺癌的关联证据强度也为两颗星，二手烟暴露会使肺癌风险至少增加1%左右。而二手烟暴露与中耳炎、哮喘、下呼吸道感染、乳腺癌和慢性阻塞性肺病（COPD）之间的关联性更弱，关联证据强度为一颗星。 来源:生物世界 iNews summary: 烟草使用是全球疾病负担和死亡率的主要风险因素之一，全球疾病负担数据显示，其在2019年导致了2.298亿伤残调整寿命年，以及870万人死亡。结果显示，二手烟暴露与所有九种健康风险在统计学上显着增加相关。 content: Nature Medicine：二手烟增加心血管疾病、肺癌、糖尿病等疾病风险 烟草使用是全球疾病负担和死亡率的主要风险因素之一，全球疾病负担（GBD）数据显示，其在2019年导致了2.298亿伤残调整寿命年（包括因早死所致的寿命损失年数和疾病所致伤残引起的健康寿命损失年数），以及870万人死亡。 而二手烟（SHS）暴露，也称为被动或非自愿吸烟，是非吸烟者面临的一个主要烟草相关公共卫生问题。尽管过去半个世纪以来吸烟率逐渐下降，但全球仍约有37%的人口暴露在烟草制品燃烧或吸烟者呼出的二手烟烟雾中，尤其是女性和儿童。这一情况令人担忧，因为烟草燃烧产生的烟雾由数千种化学物质和化合物组成，包括尼古丁等许多致癌物，吸入时会损害人体并导致疾病和死亡。 全球疾病负担（GBD）数据显示，2019年全球有130万例死亡可归因于二手烟，尤其是在中低收入国家。这提醒了我们，二手烟暴露成为控烟工作的重点之一。因此，提供有关二手烟暴露与多种不良健康结果之间的暴露-反应关系的最新摘要，并创新地量化支持这些关系的证据强度，对于控烟政策制定，以及吸烟行为的个人决策至关重要。 2024年1月9日，华盛顿大学的研究人员在 Nature Medicine 期刊发表了题为：Health effects associated with… 的研究论文。 该研究使用举证责任风险函数（BPRF）量化了二手烟暴露与九种健康风险之间的关联，结果显示，二手烟暴露与九种健康风险增加都有关，保守估计，二手烟暴露会使缺血性心脏病（IDH）、卒中、2型糖尿病和肺癌的风险分别增加至少8%、5%、1% 和 1%，支持这些关联的证据被评为弱（两颗星）。而支持二手烟与中耳炎、哮喘、下呼吸道感染、乳腺癌和慢性阻塞性肺病（COPD）之间关联的证据被评为更弱（一颗星）。尽管这些关联的基础证据薄弱，但这些结果强化了二手烟对健康的有害影响，以及需要优先考虑通过公共卫生政策和教育举措相结合来减少主动和被动吸烟的努力。 这项研究旨在客观、全面地量化二手烟（SHS）与九种健康结果之间的关联，以及这种关联的强弱。这九种健康结果分别是：肺癌、乳腺癌、缺血性心脏病（IHD）、卒中、慢性阻塞性肺病（COPD）、下呼吸道感染、哮喘、2型糖尿病，以及中耳炎。一星代表关联证据弱，五星代表关联证据强。 研究团队审查了1970年1月1日至2022年7月31日之间在PubMed和Web of Science中发布的7109篇论文，并通过引文搜索发现了1972项额外的论文用于筛选。从中筛选了410篇与二手烟暴露的健康风险有关的论文进行进一步分析。 二手烟暴露与九种健康结局之间关联的证据强度 二手烟与心血管疾病风险 该研究量化了二手烟（SHS）暴露与缺血性心脏病（IHD）和卒中之间的关联，二手烟暴露与缺血性心脏病（IHD）的举证责任风险函数（BPRF）为1.08，这表明二手烟暴露会与缺血性心脏病（IHD）风险至少增加8%有关，而这它们之间的关联证据为两颗星。同样，二手烟暴露与卒中的BPRF为1.05，这表明二手烟暴露与卒中风险至少增加5%有关，它们之间的关联证据同样为两颗星。 二手烟与癌症风险 该分析显示，二手烟暴露与肺癌风险增加有弱相关性，二手烟暴露与肺癌的BPRF为1.01，二手烟暴露与肺癌风险至少增加1%有关，它们之间的关联证据为两颗星的下限。而二手烟暴露和乳腺癌风险增加之间的关联更微弱，关联证据强度仅为一颗星。 二手烟与呼吸系统疾病风险 该研究评估了二手烟暴露与三种呼吸系统疾病之间的关联：哮喘、下呼吸道感染和慢性阻塞性肺病（COPD）。基于保守的BPRF框架，当考虑到研究间异质性和其他偏倚来源时，支持这些关联的证据均较弱，均为一颗星。 二手烟与其他健康风险 该研究显示，二手烟暴露与2型糖尿病风险之间的关联较弱，BPRF为1.01，这表明二手烟暴露与2型糖尿病风险至少增加1%有关，它们之间的关联证据强度为两颗星。二手烟暴露与中耳炎风险之间的关联较弱，BPRF为0.95，它们之间的关联证据强度为一颗星。 总的来说，该研究应用举证责任风险函数（BPRF）量化了二手烟暴露与九种健康结果之间的关系，并评估这些关联的证据强度。结果显示，二手烟暴露与所有九种健康风险在统计学上显着增加相关。二手烟暴露会使缺血性心脏病（IHD）、卒中和2型糖尿病的风险增加至少8%，5%和1%，分别对应于与二手烟暴露的两颗星关联。二手烟暴露与肺癌的关联证据强度也为两颗星，二手烟暴露会使肺癌风险至少增加1%左右。而二手烟暴露与中耳炎、哮喘、下呼吸道感染、乳腺癌和慢性阻塞性肺病（COPD）之间的关联性更弱，关联证据强度为一颗星。 来源:生物世界 iNews "" "" """,微头条,茶韵书香,2024-01-21 08:30:37,http://www.toutiao.com/w/i1788657834574976/,未知,控烟,正面,未知
202401015552,"这六个字的来源凝聚了一个感人的故事。在美国，有一位老奶奶因为丈夫长期吸烟而罹患肺癌，不幸离世。医生断定她的死因是烟中内含有的尼古丁而中毒。
深感责任的老奶奶毅然将烟草公司告上法庭，指责其明知香烟对人体有致命危险，却故意隐瞒。为了提醒人们吸烟的危害，她历时七年，奔波于法庭之间，随后赢得了胜诉。法院裁定所有香烟盒都需要刻上“吸烟有害健康”的警告，且面积不得小于包装可见部位的1/3。
这六个字如今成为每个烟盒上的定论，时时刻刻提醒着人们吸烟的风险。在每次点燃香烟前，烟盒上的六个大字似乎都在默默诉说着一个老奶奶为了社会的警觉而付出的努力。或许我们曾疏忽，或者明知道危险仍无法戒烟。年轻时可能认为一切尚早，但请记住，戒烟并非不可能。为了“控烟”，许多人在努力着，致力于让更多人避免吸到二手烟，也在传递着世界不仅仅有烟草，还有无尽的美食。
戒烟可能需要适应的过程，但当因吸烟而导致生病，甚至危及身边人的健康时，或许我们会感到懊悔。然而，后悔并非解药。因此，请铭记那六个大字，“吸烟有害健康”，这是老奶奶七年心血的结晶。愿我们都能摆脱烟草，不负那位老奶奶的艰辛努力。
如果你有戒烟的经验或者愿意分享对这个故事的感悟，欢迎在评论区留下你的见解。让我们一起传递这个故事，为更多人唤起对健康的重视。点赞支持，共同努力，让“吸烟有害健康”这个警示成为每个人心中的座右铭。","title: 这六个字的来源凝聚了一个感人的故事。在美国，有一位老奶奶因为丈夫长期吸烟而罹患肺癌，不幸离世。医生断定她的死因是烟中内含有的尼古丁而中毒。 深感责任的老奶奶毅然将烟草公司告上法庭，指责其明知香烟对人体有致命危险，却故意隐瞒。为了提醒人们吸烟的危害，她历时七年，奔波于法庭之间，随后赢得了胜诉。法院裁定所有香烟盒都需要刻上“吸烟有害健康”的警告，且面积不得小于包装可见部位的1/3。 这六个字如今成为每个烟盒上的定论，时时刻刻提醒着人们吸烟的风险。在每次点燃香烟前，烟盒上的六个大字似乎都在默默诉说着一个老奶奶为了社会的警觉而付出的努力。或许我们曾疏忽，或者明知道危险仍无法戒烟。年轻时可能认为一切尚早，但请记住，戒烟并非不可能。为了“控烟”，许多人在努力着，致力于让更多人避免吸到二手烟，也在传递着世界不仅仅有烟草，还有无尽的美食。 戒烟可能需要适应的过程，但当因吸烟而导致生病，甚至危及身边人的健康时，或许我们会感到懊悔。然而，后悔并非解药。因此，请铭记那六个大字，“吸烟有害健康”，这是老奶奶七年心血的结晶。愿我们都能摆脱烟草，不负那位老奶奶的艰辛努力。 如果你有戒烟的经验或者愿意分享对这个故事的感悟，欢迎在评论区留下你的见解。让我们一起传递这个故事，为更多人唤起对健康的重视。点赞支持，共同努力，让“吸烟有害健康”这个警示成为每个人心中的座右铭。 summary: 这六个字的来源凝聚了一个感人的故事。在美国，有一位老奶奶因为丈夫长期吸烟而罹患肺癌，不幸离世。医生断定她的死因是烟中内含有的尼古丁而中毒。如果你有戒烟的经验或者愿意分享对这个故事的感悟，欢迎在评论区留下你的见解。点赞支持，共同努力，让吸烟有害健康这个警示成为每个人心中的座右铭。 content: 这六个字的来源凝聚了一个感人的故事。在美国，有一位老奶奶因为丈夫长期吸烟而罹患肺癌，不幸离世。医生断定她的死因是烟中内含有的尼古丁而中毒。 深感责任的老奶奶毅然将烟草公司告上法庭，指责其明知香烟对人体有致命危险，却故意隐瞒。为了提醒人们吸烟的危害，她历时七年，奔波于法庭之间，随后赢得了胜诉。法院裁定所有香烟盒都需要刻上“吸烟有害健康”的警告，且面积不得小于包装可见部位的1/3。 这六个字如今成为每个烟盒上的定论，时时刻刻提醒着人们吸烟的风险。在每次点燃香烟前，烟盒上的六个大字似乎都在默默诉说着一个老奶奶为了社会的警觉而付出的努力。或许我们曾疏忽，或者明知道危险仍无法戒烟。年轻时可能认为一切尚早，但请记住，戒烟并非不可能。为了“控烟”，许多人在努力着，致力于让更多人避免吸到二手烟，也在传递着世界不仅仅有烟草，还有无尽的美食。 戒烟可能需要适应的过程，但当因吸烟而导致生病，甚至危及身边人的健康时，或许我们会感到懊悔。然而，后悔并非解药。因此，请铭记那六个大字，“吸烟有害健康”，这是老奶奶七年心血的结晶。愿我们都能摆脱烟草，不负那位老奶奶的艰辛努力。 如果你有戒烟的经验或者愿意分享对这个故事的感悟，欢迎在评论区留下你的见解。让我们一起传递这个故事，为更多人唤起对健康的重视。点赞支持，共同努力，让“吸烟有害健康”这个警示成为每个人心中的座右铭。 "" "" "" """,微头条,Belief思维跳跃,2024-01-21 08:13:26,http://www.toutiao.com/w/i1788596415443980/,未知,戒烟、控烟,正面,未知
202401015564,人家是真的想控烟。,title: 人家是真的想控烟。 summary: 人家是真的想控烟。 content: 人家是真的想控烟。,微头条,XXCross,2024-01-21 04:23:08,未知,未知,控烟,中性,未知
202401015571,其实最有效办法就是一根都不抽，控烟基本达不成戒烟目的,title: 其实最有效办法就是一根都不抽，控烟基本达不成戒烟目的 summary: 其实最有效办法就是一根都不抽，控烟基本达不成戒烟目的 content: 其实最有效办法就是一根都不抽，控烟基本达不成戒烟目的,小红书,Alfie Hu,2024-01-21 04:03:21,未知,未知,控烟、戒烟,正面,未知
202401015576,除了动手打人还有啥是违反治安管理条例的，家暴也是个人行为问题，也是个人素质问题，不能过问的，所以家暴要一直存在？因为不违反治安管理条例？二手烟影响路人了，也是个人素质问题，治安管理条例里也没要求，露天抽烟你管不着的。控烟条例里的罚款根本不会实现。天呐，只要稳定就行，那解决不了制造问题的，解决有意见的人的确是绝对的捷径啊，聪明人都会这么干，也一直是这么干的是吧。,title: 除了动手打人还有啥是违反治安管理条例的，家暴也是个人行为问题，也是个人素质问题，不能过问的，所以家暴要一直存在？因为不违反治安管理条例？二手烟影响路人了，也是个人素质问题，治安管理条例里也没要求，露天抽烟你管不着的。控烟条例里的罚款根本不会实现。天呐，只要稳定就行，那解决不了制造问题的，解决有意见的人的确是绝对的捷径啊，聪明人都会这么干，也一直是这么干的是吧。 summary: 除了动手打人还有啥是违反治安管理条例的，家暴也是个人行为问题，也是个人素质问题，不能过问的，所以家暴要一直存在？因为不违反治安管理条例？二手烟影响路人了，也是个人素质问题，治安管理条例里也没要求，露天抽烟你管不着的。 content: 除了动手打人还有啥是违反治安管理条例的，家暴也是个人行为问题，也是个人素质问题，不能过问的，所以家暴要一直存在？因为不违反治安管理条例？二手烟影响路人了，也是个人素质问题，治安管理条例里也没要求，露天抽烟你管不着的。控烟条例里的罚款根本不会实现。天呐，只要稳定就行，那解决不了制造问题的，解决有意见的人的确是绝对的捷径啊，聪明人都会这么干，也一直是这么干的是吧。,小红书,林慧,2024-01-21 03:39:00,http://www.xiaohongshu.com/discovery/item/65ac2174000000002c0015f0,未知,控烟,中性,未知
202401015113,无烟佳节 与爱同行—旧县镇幼儿园科普烟草烟雾和电子烟的危害活动,"title: 无烟佳节 与爱同行—旧县镇幼儿园科普烟草烟雾和电子烟的危害活动 summary: 无烟佳节与爱同行—旧县镇幼儿园科普烟草烟雾和电子烟的危害活动为了给孩子们营造良好的学习生活环境、强化教职员工、幼儿家长的控烟意识、倡导健康文明的生活方式，树立健康向上的社会风尚，让孩子们身心健康茁壮成长，1月12日，按照园长李冬青的安排。 content: 为了给孩子们营造良好的学习生活环境、强化教职员工、幼儿家长的控烟意识、倡导健康文明的生活方式，树立健康向上的社会风尚，让孩子们身心健康茁壮成长，1月12日，按照园长李冬青的安排，旧县镇中心幼儿园开展了禁烟控烟宣传教育活动。""各班老师通过家长会、主题班会，动画、图片、故事、情境表演等形式，引导幼儿认识禁烟标志，向幼儿宣传吸烟的危害，帮助孩子们真切地认识到烟草带来的危害，劝阻家长戒烟，坚决拒绝二手烟。""""""""控烟禁烟非一日之功,旧县镇中心幼儿园坚持把禁烟控烟宣传活动常态化,让孩子们通过“小手牵大手”的方式一起行动起来，为净化身边的美好环境而做出应有的努力，创建一个健康、和谐的无烟绿色校园。",头条号,邹晓轩,2024-01-20 21:35:13,http://www.toutiao.com/w/i7326171839007965696/,未知,控烟、戒烟,中性,未知
202401015126,"严格收缴打火机，加强劝阻院区吸烟。作为全国的首都，北京市绝对是华北地区烟民最密集的城市之一。而医院往往是吸烟者的重灾区。除了对自身健康的危害之外，在医院吸烟更是一种社会责任的缺失。这一问题已经引起社会各界高度重视，并在不断取得改善。本文将从医院控烟问题、全国性控烟政策和个人健康责任等方面，谈叙我个人对于控烟问题的看法。


首先，控烟难题是多年积累的问题。近年来，北京市卫健委和各大医院针对控烟难题进行了联合行动和整改，并取得了明显的改善效果。针对专家建议推广缓解烟瘾的替代办法，市卫健委工作人员也表示，现在北京市很多医院都设置了戒烟门诊，为吸烟者戒烟提供帮助。现在国内生产的戒烟药物已经在这些医院的戒烟门诊中到位，方便患者诊疗、开药。笔者认为，只有北京市和各方力量共同合作，才能逐渐摆脱这种劣习和做法。
同时，近年来全国性控烟政策也得到了重视。去年5月1日起，新修订的《控制吸烟条例》正式实施。新的《条例》增加了全民公共场所禁烟区域，进一步强化了公共场所禁烟的意识。显然，只有全民的力量，才能达到禁烟拒烟的效果。
最后，我个人认为，每个人都应该对自身健康负责。吸烟会对自身健康造成极大的危害。吸烟者不仅会使自己身体机能下降，烟雾还会对周围的人造成不良影响。个人有健康的责任感，禁烟不仅能够护卫自身健康，也能够对周边环境健康起到帮助和积极作用。同时，家长教育孩子拒烟也非常必要。孩子们需要在健康的环境中长大成长。而教育孩子拒烟是远离吸烟的重要一步。
总之，禁烟和拒烟是一项长期而艰巨的任务。而打赢这场大卫生战的关键在于全民的力量。为了减少吸烟所带来的负面影响，我们必须要共同努力。全社会要加强禁烟意识和宣传力度，控制公共场所和医院内吸烟问题；个人更要逐步转变吸烟和健康的知识观念，做好健康生活的示范者和推动者。让我们共同建立健康文明的社会环境，缔造健康美好的生活。
","title: 严格收缴打火机，加强劝阻院区吸烟。作为全国的首都，北京市绝对是华北地区烟民最密集的城市之一。而医院往往是吸烟者的重灾区。除了对自身健康的危害之外，在医院吸烟更是一种社会责任的缺失。这一问题已经引起社会各界高度重视，并在不断取得改善。本文将从医院控烟问题、全国性控烟政策和个人健康责任等方面，谈叙我个人对于控烟问题的看法。 首先，控烟难题是多年积累的问题。近年来，北京市卫健委和各大医院针对控烟难题进行了联合行动和整改，并取得了明显的改善效果。针对专家建议推广缓解烟瘾的替代办法，市卫健委工作人员也表示，现在北京市很多医院都设置了戒烟门诊，为吸烟者戒烟提供帮助。现在国内生产的戒烟药物已经在这些医院的戒烟门诊中到位，方便患者诊疗、开药。笔者认为，只有北京市和各方力量共同合作，才能逐渐摆脱这种劣习和做法。 同时，近年来全国性控烟政策也得到了重视。去年5月1日起，新修订的《控制吸烟条例》正式实施。新的《条例》增加了全民公共场所禁烟区域，进一步强化了公共场所禁烟的意识。显然，只有全民的力量，才能达到禁烟拒烟的效果。 最后，我个人认为，每个人都应该对自身健康负责。吸烟会对自身健康造成极大的危害。吸烟者不仅会使自己身体机能下降，烟雾还会对周围的人造成不良影响。个人有健康的责任感，禁烟不仅能够护卫自身健康，也能够对周边环境健康起到帮助和积极作用。同时，家长教育孩子拒烟也非常必要。孩子们需要在健康的环境中长大成长。而教育孩子拒烟是远离吸烟的重要一步。 总之，禁烟和拒烟是一项长期而艰巨的任务。而打赢这场大卫生战的关键在于全民的力量。为了减少吸烟所带来的负面影响，我们必须要共同努力。全社会要加强禁烟意识和宣传力度，控制公共场所和医院内吸烟问题；个人更要逐步转变吸烟和健康的知识观念，做好健康生活的示范者和推动者。让我们共同建立健康文明的社会环境，缔造健康美好的生活。 summary: 严格收缴打火机，加强劝阻院区吸烟。而医院往往是吸烟者的重灾区。除了对自身健康的危害之外，在医院吸烟更是一种社会责任的缺失。针对专家建议推广缓解烟瘾的替代办法，市卫健委工作人员也表示，现在北京市很多医院都设置了戒烟门诊，为吸烟者戒烟提供帮助。 content: 严格收缴打火机，加强劝阻院区吸烟。作为全国的首都，北京市绝对是华北地区烟民最密集的城市之一。而医院往往是吸烟者的重灾区。除了对自身健康的危害之外，在医院吸烟更是一种社会责任的缺失。这一问题已经引起社会各界高度重视，并在不断取得改善。本文将从医院控烟问题、全国性控烟政策和个人健康责任等方面，谈叙我个人对于控烟问题的看法。 首先，控烟难题是多年积累的问题。近年来，北京市卫健委和各大医院针对控烟难题进行了联合行动和整改，并取得了明显的改善效果。针对专家建议推广缓解烟瘾的替代办法，市卫健委工作人员也表示，现在北京市很多医院都设置了戒烟门诊，为吸烟者戒烟提供帮助。现在国内生产的戒烟药物已经在这些医院的戒烟门诊中到位，方便患者诊疗、开药。笔者认为，只有北京市和各方力量共同合作，才能逐渐摆脱这种劣习和做法。 同时，近年来全国性控烟政策也得到了重视。去年5月1日起，新修订的《控制吸烟条例》正式实施。新的《条例》增加了全民公共场所禁烟区域，进一步强化了公共场所禁烟的意识。显然，只有全民的力量，才能达到禁烟拒烟的效果。 最后，我个人认为，每个人都应该对自身健康负责。吸烟会对自身健康造成极大的危害。吸烟者不仅会使自己身体机能下降，烟雾还会对周围的人造成不良影响。个人有健康的责任感，禁烟不仅能够护卫自身健康，也能够对周边环境健康起到帮助和积极作用。同时，家长教育孩子拒烟也非常必要。孩子们需要在健康的环境中长大成长。而教育孩子拒烟是远离吸烟的重要一步。 总之，禁烟和拒烟是一项长期而艰巨的任务。而打赢这场大卫生战的关键在于全民的力量。为了减少吸烟所带来的负面影响，我们必须要共同努力。全社会要加强禁烟意识和宣传力度，控制公共场所和医院内吸烟问题；个人更要逐步转变吸烟和健康的知识观念，做好健康生活的示范者和推动者。让我们共同建立健康文明的社会环境，缔造健康美好的生活。 """,微头条,塔希提岛的Moon,2024-01-20 21:04:36,http://www.toutiao.com/w/i1788614673717444/,未知,控烟、戒烟,正面,未知
202401015132,不用几个原因戒烟控烟是好事不是坏事，让您有一个好的身体，有人说他爷爷奶奶抽一辈子活到98岁，你爷爷抽的烟和现在一样自种的烟和洋烟有区别,title: 不用几个原因戒烟控烟是好事不是坏事，让您有一个好的身体，有人说他爷爷奶奶抽一辈子活到98岁，你爷爷抽的烟和现在一样自种的烟和洋烟有区别 summary: 不用几个原因戒烟控烟是好事不是坏事，让您有一个好的身体，有人说他爷爷奶奶抽一辈子活到98岁，你爷爷抽的烟和现在一样自种的烟和洋烟有区别不用几个原因戒烟控烟是好事不是坏事，让您有一个好的身体，有人说他爷爷奶奶抽一辈子活到98岁。 content: 不用几个原因戒烟控烟是好事不是坏事，让您有一个好的身体，有人说他爷爷奶奶抽一辈子活到98岁，你爷爷抽的烟和现在一样自种的烟和洋烟有区别,微头条,自强不息原野FJ,2024-01-20 20:58:23,http://www.toutiao.com/w/i1788614282871836/,未知,戒烟控烟,正面,未知
202401015151,2024年第三周社区工作,title: 2024年第三周社区工作 summary: 2024年第三周社区工作我清～我清～～我清清清～～～车棚子，大柜子，女人当男人使，男人当XX使[叹气R]统计平房院厕所，活久见嘿，手伸的够长的嘿，第一次干这事嘿[抠鼻R]控烟，检查， 抱团的12345周末，值班，俩人，一堆件儿，老旧小区停车，这个问题，不管怎么弄。 content: 我清～我清～～我清清清～～～车棚子，大柜子，女人当男人使，男人当XX使[叹气R] 统计平房院厕所，活久见嘿，手伸的够长的嘿，第一次干这事嘿[抠鼻R] 控烟，检查，“抱团”的12345 周末，值班，俩人，一堆件儿，老旧小区停车，这个问题，不管怎么弄，不达到个人利益，就永远有人不满意；弄了三年的垃圾分类驿站，现在问为什么要弄，要求给拆了，什么孩子没地儿玩了，什么拆了可以多弄点车位吧，100个人100张嘴200个心眼儿300个想法[叹气R]上下嘴皮子一动，什么问题都打12345，最后都丢给社区，觉得都是特简单的事，社区就是不干，就是不作为，网络上叫“键盘侠”，现实生活中呢，这叫什么？ 下周，噩梦来了，轮到我们组弄12345接诉即办[惊恐R] 个人感受，哈哈哈😂被算计了，今年某些人改变身份后，事儿琢磨少了，开始琢磨人了，都不是刚出校门没进社会的学生，都是上了那么多年班的人了，别把别人当傻子行吗？！觉得自己是大聪明，位置可以拿捏所有人，但其实，自己才是那个大笑话，做的太明显了吧，呵呵哒[赞R] 再说别的，这礼拜不是看见撞车的，就是看见摔车的，要不就是看见sjb闯🚥趴人车上拍人车的，还都是上班路上碰见的，搞的我都不想上了，骑车紧张[笑哭R] 关于自己，这周剪了头发，重新贴了个手机膜，换了个手机壳[大笑R] 最后想说，现在这个环境，生活不容易，挣💰不容易，活着不容易，我可以装sz，可以装sha，可以装🦐，但最终，得看我，愿不愿意装，太累，我就不想装！！！ 个人觉得已经习以为常，见怪不怪了，心态还可以[害羞R] #水瓶座女孩#北京#社区工作者#社区工作#打工人的日常#北京社工,小红书,Jing,2024-01-20 20:12:00,http://www.xiaohongshu.com/discovery/item/65abb8a9000000000f03700f,未知,控烟,中性,未知
202401015164,"1月18日（周四）国际新闻
在全球范围内，世界卫生组织发布的数据显示，烟草使用率继续呈下降趋势，为全球公众健康带来了积极的信号。这一数据表明了全球在控烟宣传和政策实施方面的努力取得了一定的成效。
此外，欧盟宣布对哈马斯领导人叶海亚·辛瓦尔进行制裁。关于乌克兰局势，北约秘书长表示形势十分严峻，俄罗斯军队在多个战线上持续推进，警告称永远不应低估俄罗斯。
美国国会参议院否决了涉以色列人权的决议案。同时，美国国防部长秘密住院前报警电话录音曝光，其助理要求救护车“低调”处理，引发公众关注。
另一方面，美国对也门胡塞武装控制地区的反舰弹道导弹相关目标进行了打击，加剧了该地区的紧张局势。
在外交领域，普京在克里姆林宫会见了到访的朝鲜外务相崔善姬。同时，普京表示俄罗斯正在对乌克兰全境的军事设施实施精准打击，并指责称：要不是一些没头脑的人，俄乌冲突一年半前就已经结束了。
此外，法国总统马克龙表示，为避免局势升级，法国不会加入美英空袭胡塞武装联盟，同时警告称乌克兰危机是欧洲面临的“最大风险”。
在地区动荡方面，日本能登半岛发生地震，造成232人死亡。韩国共同民主党党首李在明遭遇袭击15天后重返岗位，表示自己经历的意外微不足道。
冲突持续升级的情况下，以色列对加沙城多处住宅发动袭击，造成至少25人死亡。同时，也门胡塞武装声称使用导弹袭击了一艘货船。
另一方面，土耳其总统称土耳其军队在伊拉克和叙利亚境内打死了78名库尔德武装人员，并拘留了165名与库尔德工人党有关的非法活动嫌疑人。
在外交上，巴基斯坦外交部宣布召回驻伊朗大使，显示出地区局势不断演变的复杂情况。
最后，吉尔吉斯斯坦的一架军用直升机坠毁，造成1人死亡和8人受伤。这一系列事件表明国际形势动荡，各种冲突和紧张局势仍然在全球范围内持续发酵。#论乌克兰事态# #全球冲突之策# #世界为何动荡# #此时世界最消停# #俄乌事件的启示# #全球局势观# #世界局势不稳# #谈谈全球冲突# #谈谈国际冲突# #俄乌局势解读#","title: 1月18日（周四）国际新闻 在全球范围内，世界卫生组织发布的数据显示，烟草使用率继续呈下降趋势，为全球公众健康带来了积极的信号。这一数据表明了全球在控烟宣传和政策实施方面的努力取得了一定的成效。 此外，欧盟宣布对哈马斯领导人叶海亚·辛瓦尔进行制裁。关于乌克兰局势，北约秘书长表示形势十分严峻，俄罗斯军队在多个战线上持续推进，警告称永远不应低估俄罗斯。 美国国会参议院否决了涉以色列人权的决议案。同时，美国国防部长秘密住院前报警电话录音曝光，其助理要求救护车“低调”处理，引发公众关注。 另一方面，美国对也门胡塞武装控制地区的反舰弹道导弹相关目标进行了打击，加剧了该地区的紧张局势。 在外交领域，普京在克里姆林宫会见了到访的朝鲜外务相崔善姬。同时，普京表示俄罗斯正在对乌克兰全境的军事设施实施精准打击，并指责称：要不是一些没头脑的人，俄乌冲突一年半前就已经结束了。 此外，法国总统马克龙表示，为避免局势升级，法国不会加入美英空袭胡塞武装联盟，同时警告称乌克兰危机是欧洲面临的“最大风险”。 在地区动荡方面，日本能登半岛发生地震，造成232人死亡。韩国共同民主党党首李在明遭遇袭击15天后重返岗位，表示自己经历的意外微不足道。 冲突持续升级的情况下，以色列对加沙城多处住宅发动袭击，造成至少25人死亡。同时，也门胡塞武装声称使用导弹袭击了一艘货船。 另一方面，土耳其总统称土耳其军队在伊拉克和叙利亚境内打死了78名库尔德武装人员，并拘留了165名与库尔德工人党有关的非法活动嫌疑人。 在外交上，巴基斯坦外交部宣布召回驻伊朗大使，显示出地区局势不断演变的复杂情况。 最后，吉尔吉斯斯坦的一架军用直升机坠毁，造成1人死亡和8人受伤。这一系列事件表明国际形势动荡，各种冲突和紧张局势仍然在全球范围内持续发酵。#论乌克兰事态# #全球冲突之策# #世界为何动荡# #此时世界最消停# #俄乌事件的启示# #全球局势观# #世界局势不稳# #谈谈全球冲突# #谈谈国际冲突# #俄乌局势解读# summary: 在全球范围内，世界卫生组织发布的数据显示，烟草使用率继续呈下降趋势，为全球公众健康带来了积极的信号。这一数据表明了全球在控烟宣传和政策实施方面的努力取得了一定的成效。 content: 1月18日（周四）国际新闻 在全球范围内，世界卫生组织发布的数据显示，烟草使用率继续呈下降趋势，为全球公众健康带来了积极的信号。这一数据表明了全球在控烟宣传和政策实施方面的努力取得了一定的成效。 此外，欧盟宣布对哈马斯领导人叶海亚·辛瓦尔进行制裁。关于乌克兰局势，北约秘书长表示形势十分严峻，俄罗斯军队在多个战线上持续推进，警告称永远不应低估俄罗斯。 美国国会参议院否决了涉以色列人权的决议案。同时，美国国防部长秘密住院前报警电话录音曝光，其助理要求救护车“低调”处理，引发公众关注。 另一方面，美国对也门胡塞武装控制地区的反舰弹道导弹相关目标进行了打击，加剧了该地区的紧张局势。 在外交领域，普京在克里姆林宫会见了到访的朝鲜外务相崔善姬。同时，普京表示俄罗斯正在对乌克兰全境的军事设施实施精准打击，并指责称：要不是一些没头脑的人，俄乌冲突一年半前就已经结束了。 此外，法国总统马克龙表示，为避免局势升级，法国不会加入美英空袭胡塞武装联盟，同时警告称乌克兰危机是欧洲面临的“最大风险”。 在地区动荡方面，日本能登半岛发生地震，造成232人死亡。韩国共同民主党党首李在明遭遇袭击15天后重返岗位，表示自己经历的意外微不足道。 冲突持续升级的情况下，以色列对加沙城多处住宅发动袭击，造成至少25人死亡。同时，也门胡塞武装声称使用导弹袭击了一艘货船。 另一方面，土耳其总统称土耳其军队在伊拉克和叙利亚境内打死了78名库尔德武装人员，并拘留了165名与库尔德工人党有关的非法活动嫌疑人。 在外交上，巴基斯坦外交部宣布召回驻伊朗大使，显示出地区局势不断演变的复杂情况。 最后，吉尔吉斯斯坦的一架军用直升机坠毁，造成1人死亡和8人受伤。这一系列事件表明国际形势动荡，各种冲突和紧张局势仍然在全球范围内持续发酵。#论乌克兰事态# #全球冲突之策# #世界为何动荡# #此时世界最消停# #俄乌事件的启示# #全球局势观# #世界局势不稳# #谈谈全球冲突# #谈谈国际冲突# #俄乌局势解读# """,微头条,妍妍说日常,2024-01-20 19:29:14,http://www.toutiao.com/w/i1788526196324364/,未知,控烟,正面,未知
202401015170,烟民危机！便宜烟价格攀升导致供应断崖式下降，控烟新时代来临！,"title: 烟民危机！便宜烟价格攀升导致供应断崖式下降，控烟新时代来临！ summary: 便宜烟价格攀升导致供应断崖式下降，控烟新时代来临！#烟民危机！过去，便宜烟的价格优势吸引了大量的烟民，但是如今，越来越多的人开始认识到抽烟的危害，并选择戒烟或减少吸烟的频率。通过控制烟民数量，可以减少各类与吸烟相关的疾病，降低社会的医疗支出，促进社会的健康发展。更多精彩内容，敬请关注我们的头条号。 content: # 烟民危机！便宜烟价格攀升导致供应断崖式下降，控烟新时代来临！ #&amp;gt; 惊爆消息！香烟市场即将迎来一次巨大的变革！便宜烟的时代或将终结！控制烟民数量成为当务之急！阅读本文，了解背后的故事和影响！## 1. 价廉物美的便宜烟告别历史舞台 ##以往，几块钱就能买到口感不错的便宜烟已经成为许多烟民的选择。然而，近日，行业传来了令人震惊的消息：香烟价格攀升，廉价烟品供应出现断崖式下降的趋势。这意味着，以往的烟民们将无法再享受到那些具有性价比的便宜烟。""## 2. 控制烟民数量成为新的挑战 ##随着便宜烟的逐渐退出市场，控制烟民数量成为了各方关注的焦点。烟草行业相关部门正在积极思考如何推动控烟工作，以应对数量激增的烟民。各类控烟政策将逐渐实行，包括提高烟草税、加强宣传教育等手段都将被采取。""## 3. 烟草行业面临巨大变革 ##便宜烟的退出只是一个信号，预示着烟草行业即将迎来一次重大变革。随着社会对健康意识的不断增强，人们对烟草的需求也在不断下降。因此，烟草企业正在积极寻求转型，推出更加健康、环保的产品，以满足市场的需求。## 4. 烟草消费观念的改变 ##“抽烟有害健康”，这个观念已经深入人心。过去，便宜烟的价格优势吸引了大量的烟民，但是如今，越来越多的人开始认识到抽烟的危害，并选择戒烟或减少吸烟的频率。这种消费观念的改变正推动着烟草行业走向健康发展的方向。""## 5. 控制烟民数量的重要性 ##控制烟民数量对于社会的健康和稳定具有重要意义。抽烟不仅对个人健康造成威胁，也增加了医疗资源的负担。通过控制烟民数量，可以减少各类与吸烟相关的疾病，降低社会的医疗支出，促进社会的健康发展。## 结语 ##香烟价格上涨，便宜烟的退出预示着烟草行业即将迎来一次巨变。控制烟民数量成为了当务之急，各类措施将逐渐实施。随着消费观念的改变，人们对吸烟的需求正在下降，烟草企业将不得不面对转型的挑战。保持健康的生活方式，摒弃吸烟的坏习惯，才是我们共同的目标！以上就是本文带给大家关于烟民危机的报道。如果您对此感兴趣，欢迎留言分享你的看法。更多精彩内容，敬请关注我们的头条号。",头条号,半只老虎,2024-01-20 18:53:17,http://www.toutiao.com/w/i7326131327093719579/,未知,控烟、戒烟,正面,未知
202401015177,是控烟员还是抽烟员？,title: 是控烟员还是抽烟员？ summary: 是控烟员还是抽烟员？ content: 是控烟员还是抽烟员？,微头条,cq醉东风,2024-01-20 18:45:15,未知,未知,控烟,中性,未知
202401015201,自己多看看烟草规定吧，烟草一直控烟抬高烟价你不知道吗？,title: 自己多看看烟草规定吧，烟草一直控烟抬高烟价你不知道吗？ summary: 自己多看看烟草规定吧，烟草一直控烟抬高烟价你不知道吗？ content: 自己多看看烟草规定吧，烟草一直控烟抬高烟价你不知道吗？,头条号,自强不息精灵ue,2024-01-20 17:30:20,未知,未知,控烟,中性,未知
202401015207,控烟行动，从我做起，让我们共同守护健康！,title: 控烟行动，从我做起，让我们共同守护健康！ summary: 控烟行动，从我做起，让我们共同守护健康！ content: 控烟行动，从我做起，让我们共同守护健康！,微头条,戒烟专业导师燕子,2024-01-20 17:08:11,未知,未知,控烟,中性,未知
202401015213,禁止吸烟，保护环境。#号召全民戒烟# #吸烟有害谁都懂# #你戒烟了吗？！# #烟民# #控烟目标# #你准备戒烟了吗#,"title: 禁止吸烟，保护环境。#号召全民戒烟# #吸烟有害谁都懂# #你戒烟了吗？！# #烟民# #控烟目标# #你准备戒烟了吗# summary: 禁止吸烟，保护环境。#号召全民戒烟##吸烟有害谁都懂##你戒烟了吗？ content: 禁止吸烟，保护环境。#号召全民戒烟# #吸烟有害谁都懂# #你戒烟了吗？！# #烟民# #控烟目标# #你准备戒烟了吗# """,微头条,戒烟专业导师燕子,2024-01-20 17:03:59,http://www.toutiao.com/w/i1788599535155203/,未知,戒烟、控烟,中性,未知
202401015220,控烟劝导员自己还抽烟,title: 控烟劝导员自己还抽烟 summary: 控烟劝导员自己还抽烟 content: 控烟劝导员自己还抽烟,微头条,断水流34506525,2024-01-20 16:49:47,未知,未知,控烟,中性,未知
202401015234,"据世界卫生组织（who）发布的最新报告显示，2022年全球吸烟者数量正在快速下降，占成年人口的比例约为五分之一，也就是12.45亿人。而在2000年时，这一比例还是三分之一。预计到2025年，全球吸烟者数量预计将减少至12亿。可是即使全球吸烟者数量有所下降，但2025年实现全球目标的阻力确实令人担忧。 预计仅有56个国家可以达到减少30%吸烟者总数的目标。另外像埃及、印度尼西亚和约旦这些国家的吸烟率却在上升。who强调各国应该继续实施控烟政策，提倡未来的全球烟草限制。当然该报告并未涵盖电子烟等新型替代产品的情况。虽然近年来很多人转向使用电子烟等替代品，但是这些替代品可能存在潜在风险，关于是否要全面禁止电子烟等替代品以遏制烟草危害的争论依旧存在。在这种情况下，扶植绿色、健康、环保型替代品，对于走向更健康的未来具有重要意义。
#2025年全球吸烟者预计降至12亿#
#戒烟的的事儿# #抽烟的改变# #如何才能戒烟？# #你是否已经戒烟# #你考虑过戒烟吗# #你已戒烟了吗# #你戒烟了吗？# #戒烟有多难呢# #号召全民戒烟# #你戒烟了吗？！#","title: 据世界卫生组织（who）发布的最新报告显示，2022年全球吸烟者数量正在快速下降，占成年人口的比例约为五分之一，也就是12.45亿人。而在2000年时，这一比例还是三分之一。预计到2025年，全球吸烟者数量预计将减少至12亿。可是即使全球吸烟者数量有所下降，但2025年实现全球目标的阻力确实令人担忧。 预计仅有56个国家可以达到减少30%吸烟者总数的目标。另外像埃及、印度尼西亚和约旦这些国家的吸烟率却在上升。who强调各国应该继续实施控烟政策，提倡未来的全球烟草限制。当然该报告并未涵盖电子烟等新型替代产品的情况。虽然近年来很多人转向使用电子烟等替代品，但是这些替代品可能存在潜在风险，关于是否要全面禁止电子烟等替代品以遏制烟草危害的争论依旧存在。在这种情况下，扶植绿色、健康、环保型替代品，对于走向更健康的未来具有重要意义。 #2025年全球吸烟者预计降至12亿# #戒烟的的事儿# #抽烟的改变# #如何才能戒烟？# #你是否已经戒烟# #你考虑过戒烟吗# #你已戒烟了吗# #你戒烟了吗？# #戒烟有多难呢# #号召全民戒烟# #你戒烟了吗？！# summary: 据世界卫生组织发布的最新报告显示，2022年全球吸烟者数量正在快速下降，占成年人口的比例约为五分之一，也就是12.45亿人。虽然近年来很多人转向使用电子烟等替代品，但是这些替代品可能存在潜在风险，关于是否要全面禁止电子烟等替代品以遏制烟草危害的争论依旧存在。 content: 据世界卫生组织（who）发布的最新报告显示，2022年全球吸烟者数量正在快速下降，占成年人口的比例约为五分之一，也就是12.45亿人。而在2000年时，这一比例还是三分之一。预计到2025年，全球吸烟者数量预计将减少至12亿。可是即使全球吸烟者数量有所下降，但2025年实现全球目标的阻力确实令人担忧。 预计仅有56个国家可以达到减少30%吸烟者总数的目标。另外像埃及、印度尼西亚和约旦这些国家的吸烟率却在上升。who强调各国应该继续实施控烟政策，提倡未来的全球烟草限制。当然该报告并未涵盖电子烟等新型替代产品的情况。虽然近年来很多人转向使用电子烟等替代品，但是这些替代品可能存在潜在风险，关于是否要全面禁止电子烟等替代品以遏制烟草危害的争论依旧存在。在这种情况下，扶植绿色、健康、环保型替代品，对于走向更健康的未来具有重要意义。 #2025年全球吸烟者预计降至12亿# #戒烟的的事儿# #抽烟的改变# #如何才能戒烟？# #你是否已经戒烟# #你考虑过戒烟吗# #你已戒烟了吗# #你戒烟了吗？# #戒烟有多难呢# #号召全民戒烟# #你戒烟了吗？！# """,微头条,请你摘下仁慈的面孔,2024-01-20 16:32:25,http://www.toutiao.com/w/i1788587799861322/,未知,控烟、戒烟,正面,未知
202401015245,【扫黄打非】护苗系列｜ 校园周边烟草零售点不得向未成年人销售香烟,"title: 【扫黄打非】护苗系列｜ 校园周边烟草零售点不得向未成年人销售香烟 summary: 护苗系列｜校园周边烟草零售点不得向未成年人销售香烟。为干部画像营造实干氛围——称多县集中约谈工作慢作为的部门单位负责人甩掉加重基层负担的形式主义包袱玉树州委召开常委会会议专题传达学习省委十四届四次全会精神发布于：北京市。 content: &lt;img class=""content-image"" data-src=""wxcWD3sAnMjy6azFPk/mH8BtPsOZN1xBjR51Pm15agFfULLv9IIwe3fTDu29J0nVznPK1ddwMpvEBc2DrBizJtX/Eq3zZPPgvbN+4J3gb58="" width=""1080"" height=""608"" /01场景呈现某区人民检察院在开展公益诉讼专项监督活动中发现，某区部分烟草零售商户违反校园周边50米范围内不得设置烟草零售点的规定销售香烟，未在显著位置设置“不得向未成年人出售烟草制品”的标识。偶有未成年人来买香烟。02案件事实某区人民检察院在开展公益诉讼专项监督活动中发现，某区部分烟草零售商户违反校园周边50米范围内不得设置烟草零售点的规定销售香烟，未在显著位置设置“不得向未成年人出售烟草制品”的标识。上述违法行为，一方面，使未成年人可轻易获得烟草制品，给其身心健康带来严重危害；另一方面，也会严重影响未成年人的学习、生活，给其健康成长带来负面影响。03查处过程一现场执法检查&lt;img class=""content-image"" data-src=""/L19E/drXjGfZ2kuFxSZZcBtPsOZN1xBjR51Pm15agEY1it3YoHWrLHnuormUtoAYkuROuQ4V1x+usc+Gx0J97jfE+tuakHYyl7WsEGjzcQ="" width=""288"" height=""285"" /某区人民检察院未检部门、法警大队组成专项工作小组，对某区某小学、某中学附近商户进行摸排走访和调查取证，查看了各商户的营业执照、烟草专卖许可证、悬挂标识等情况，详细询问了是否有向未成年人售卖香烟的情况，同时制作了询问笔录，对各烟草零售点与学校进出通道口的实际距离进行实测，并当场拍照、采用执法记录仪固定现场检查证据。经查发现，一家零售点存在与幼儿园距离不足50米的情况，部分商户存在未按规定公示许可证、悬挂“不得向未成年人出售烟草制品”标识的情况，上述违法行为可能造成未成年人轻松购买到烟草制品的隐患。检察官现场对销售点经营者进行了《中华人民共和国未成年人保护法》的相关法治宣传，阐明了向未成年人售卖香烟制品的危害，并对相关销售点提出整改意见。二制发公益诉讼诉前检察建议&lt;img class=""content-image"" data-src=""AdrUyzrPRqQ3SLRqyklRvcBtPsOZN1xBjR51Pm15agGiji8ZPuxJGJTOWO7VdG+A9MFazZyLE86imXDqYWVprzlgptXyDqWOWEDAPrvgups="" width=""288"" height=""285"" /针对检查中发现的问题，某区人民检察院召开了“整治校园周边烟草零售点”的专题讨论，会上检察长作出指示，“在校园周边50米范围内设置烟草零售点，增加了未成年人接触烟草制品的风险。未成年人正处于身心发育的关键时期，一旦沾染上烟瘾，将会产生严重的危害。守护未成年人健康成长是检察机关义不容辞的责任。以公益诉讼促进行政机关依法行使行政职权，加强对校园周边控烟监管力度，是我们检察人的职责，也是公益诉讼制度价值之所在”。经检察长批准，某区人民检察院依法向某区烟草专卖局、某区市场监督管理局制发了公益诉讼诉前检察建议，建议上述部门加强对某区校园周边烟草零售点的监管，督促其依法履行监管职责。对某区中、小学校园周边烟草零售点开展专项整治活动，全面摸底清查，对不符合法律规定的依法予以查处、取缔；对未在显著位置悬挂“不得向未成年人出售烟草制品”标识的烟草零售点进行清查整改；要求烟草零售商户签订《不向未成年人售烟承诺书》；建立未成年人控烟监督管理长效机制，定期开展《中华人民共和国未成年人保护法》《中华人民共和国预防未成年人犯罪法》的宣传活动，净化校园周边烟草销售环境。04行政机关整改一部署“守护成长”专项整治行动某区烟草专卖局、某区市场监督管理局在收到《检察建议书》后高度重视，随即组织开展了保护未成年人免受香烟侵害的“守护成长”专项整治行动，并会同某区人民检察院未检部门召开了前期部署会。会上，根据某区人民检察院前期检查摸排情况以及烟草专卖局之前掌握的问题线索，确定了专项行动的针对方向及路线图，对无证照经营、无烟草专卖许可证进行销售以及销售假烟等违规违法行为的职能管辖问题确定了各自的职责以及执法衔接程序。各部门一致表示，将从速从严落实检察建议相关要求，并及时将整改落实情况反馈给检察机关。二开展联合执法2021年7月16日，某区人民检察院联合某区烟草专卖局、某区市场监督管理局的执法人员，对辖区内某小学和中学周边共9家商户进行了联合执法检查，对上述学校周边商铺进行全面排查清理，共排查出4家“50米红线”内烟草零售点，其中3家属无烟草专卖许可经营，烟草专卖局、市场监督管理局对3家零售点所售香烟进行现场清点并依法查扣，共查扣香烟200余条。同时，对部分商户存在未悬挂烟草专卖许可证、未悬挂警示标识的情形责令现场整改，指导商户在经营场所显著位置张贴“禁止向未成年人销售烟草制品”的警示标识。执法的同时，某区人民检察院、某区烟草专卖局、某区市场监督管理局三部门工作人员还同时发放了“关爱未成年人，保障未成年人合法权益”的宣传单，与商户签订了承诺书，劝导商户恪守经营红线，合法合规经营，不向未成年人销售烟草制品。在联合执法行动后，某区烟草专卖局、市场监督管理局及时将落实情况以“检察建议回复函”的形式函复某区人民检察院，并对查扣的商户香烟进行了依法交接，依法依规对无证销售的零售点商户进行处罚，同时劝导校园周边持证商户在期满后主动退出烟草售卖。05巩固提升整治成果为最大限度地保护未成年人免受烟草制品的侵害，切实履行好法定监管职责，某区人民检察院以此次联合执法检查行动为契机，开展了“回头看”工作，回访效果良好。某区人民检察院以公益诉讼诉前检察建议方式，加强了烟草专卖局、市场监督管理局两部门之间的配合联动，督促其依法履行职责，助推其建立了信息共享机制，形成了互通、互助的执法格局。某区人民检察院未检部门受某区烟草专卖局的邀请，面向该区烟草零售商户开展了《中华人民共和国未成年人保护法》的法治宣讲活动，在该区某商场门前联合发放200余份“禁止向未成年人售卖香烟”的宣传单，既增强了烟草零售商户的守法经营意识，也营造了关爱未成年人、保护未成年人合法权益的良好社会氛围。06案件启示未成年人是祖国的未来，让下一代远离烟草、免受烟草制品的侵害，是检察机关履行公益诉讼检察职能、保护国家利益和社会公共利益的应有之义。人民检察院应发挥检察监督职能，加强与相关职能部门的衔接配合，在未成年人文身、日租房管理，未成年人食品安全、游乐设施安全等涉及未成年人领域，实现检察监督监管新突破，督促相关行政主管部门全面履职、依法行政，为未成年人健康成长提供全方位的司法保护。撰稿：辽宁省营口市鲅鱼圈区人民检察院第一检察部未检部门 刘思畅、董巍&lt;img class=""content-image"" data-src=""wXdZHLbub1cJf8KN0C5vfcBtPsOZN1xBjR51Pm15agHSS0edEcxsjJD59m0zCcad5P0N3mQGTWF6yoEygDwJN7zE03QcZcUVflq2MkflSg0="" width=""1080"" height=""1210"" /称多发布综合@ 扫黄打非服务应用称多发布学習称多乡村振兴乡镇讯息为干部“画像” 营造实干氛围——称多县集中约谈工作慢作为的部门单位负责人甩掉加重基层负担的形式主义“包袱”玉树州委召开常委会（扩大）会议专题传达学习省委十四届四次全会精神发布于：北京市",搜狐号,大西北消息速览,2024-01-20 15:57:21,http://m.sohu.com/a/753166431_121106869,未知,控烟,负面,未知
202401015251,这张照片是在2007年拍摄的，地点是成都市某高校的宿舍楼道上，当时是学校的学生会控烟劝导员休息的场景。这位姑娘来自重庆市城口县，考上大学后非常渴望通过参与学生会活动来锻炼自己，所以成为了学校的控烟劝导员，每周都会在学校里进行控烟劝导工作。重庆妹儿有一种别样的美，长相姣好，身材匀称，戴着眼镜显得斯文大方，给人留下了深刻的印象。,"title: 这张照片是在2007年拍摄的，地点是成都市某高校的宿舍楼道上，当时是学校的学生会控烟劝导员休息的场景。这位姑娘来自重庆市城口县，考上大学后非常渴望通过参与学生会活动来锻炼自己，所以成为了学校的控烟劝导员，每周都会在学校里进行控烟劝导工作。重庆妹儿有一种别样的美，长相姣好，身材匀称，戴着眼镜显得斯文大方，给人留下了深刻的印象。 summary: 这张照片是在2007年拍摄的，地点是成都市某高校的宿舍楼道上，当时是学校的学生会控烟劝导员休息的场景。这位姑娘来自重庆市城口县，考上大学后非常渴望通过参与学生会活动来锻炼自己，所以成为了学校的控烟劝导员，每周都会在学校里进行控烟劝导工作。 content: 这张照片是在2007年拍摄的，地点是成都市某高校的宿舍楼道上，当时是学校的学生会控烟劝导员休息的场景。这位姑娘来自重庆市城口县，考上大学后非常渴望通过参与学生会活动来锻炼自己，所以成为了学校的控烟劝导员，每周都会在学校里进行控烟劝导工作。重庆妹儿有一种别样的美，长相姣好，身材匀称，戴着眼镜显得斯文大方，给人留下了深刻的印象。 """,微头条,疯哑送,2024-01-20 15:29:11,http://www.toutiao.com/w/i1788593571346522/,未知,控烟,正面,未知
202401015258,别小瞧了这个小习惯，经常做真的容易中风！,"title: 别小瞧了这个小习惯，经常做真的容易中风！ summary: 别小瞧了这个小习惯，经常做真的容易中风！中风就是没关窗户睡觉？调整生活习惯：保持良好的生活习惯，如适量运动、均衡饮食、充足睡眠等，有助于降低吸烟引起的中风风险。总之，吸烟与中风风险密切相关。为了自己和家人的健康，广大烟民应积极戒烟，调整生活习惯，控制相关疾病，降低中风的发生概率。 content: 中风就是没关窗户睡觉？浅了！你想得太浅了！""实际上，抽烟和中风之间是有一定关联的，这个平时小小的习惯，还真的不仅仅是黑肺这么简单！根据研究表明，香烟的吸食量和吸食频率与中风的风险密切相关。根据我国多项研究显示，吸烟是导致中风的主要危险因素之一。长期吸烟会导致血管痉挛、加速动脉硬化进程，进而增加中风的发生概率。""吸烟与中风的关系存在以下几种关系：第一，尼古丁刺激：香烟中的尼古丁会刺激神经系统，导致心率加快、血压升高。长期吸烟者容易出现心脏负荷加重、心肌缺氧等症状，从而增加中风的风险。第二，氧化应激：吸烟会导致体内氧化应激反应增强，产生大量自由基。这些自由基会损伤血管内皮细胞，促进血栓形成，增加中风的风险。第三，血脂异常：吸烟可引起血脂代谢紊乱，导致血浆总胆固醇、甘油三酯等脂质成分升高，进一步促进动脉硬化进程，增加中风的风险。第四，炎症反应：吸烟会刺激免疫系统，引发炎症反应。炎症介质会损伤血管壁，促使血小板聚集，形成血栓，增加中风的发生概率。""如何降低吸烟引起的中风风险其实通过一些手段，改变我们的一些生活习惯，是可以降低中风风险的。首先就是戒烟，戒烟是降低吸烟相关中风风险的最有效方法。戒烟后，心血管病发病风险逐渐降低，且戒烟时间越长，风险降低越明显。很多朋友觉得烟很难戒，其实用对方法戒烟并不难，如果你用了很多方法都戒不掉烟，那么不妨试试用上这种过滤烟嘴，也能减少一些烟害！""另外，要学会控制血压。高血压是中风的主要危险因素。吸烟者应定期检查血压，及时发现并控制高血压，降低中风风险。调整生活习惯：保持良好的生活习惯，如适量运动、均衡饮食、充足睡眠等，有助于降低吸烟引起的中风风险。""最后，定期体检也很重要，吸烟者应定期进行体检，关注血脂、血糖等指标，及时发现并控制相关疾病，降低中风风险。总之，吸烟与中风风险密切相关。为了自己和家人的健康，广大烟民应积极戒烟，调整生活习惯，控制相关疾病，降低中风的发生概率。同时，政府和社会各界也要继续加大对控烟的宣传力度，创造一个无烟的健康环境。",头条号,戒烟总动员,2024-01-20 15:16:27,http://www.toutiao.com/w/i7326075861915304475/,未知,戒烟、控烟,中性,未知
202401015270,"近日，世界卫生组织（WHO）发布了一份关于全球烟草流行趋势的报告。根据欧洲新闻网17日的报道，预计到2022年，全球吸烟者数量将呈下降趋势，约有1/5的成年人吸烟，相比之下，2000年这一比例为1/3。并且据预测，到2025年，全球吸烟者数量将降至12亿。
报告指出，全球有150个国家成功减少了烟草使用，其中巴西和荷兰取得了较大的成效，分别减少了35%和30%左右的吸烟者，与2010年相比。WHO健康促进司司长克雷希表示，近年来控烟工作取得了良好进展，但不能掉以轻心。一旦政府放松对烟草业的管控，烟草业就会抓住机会扩张。
尽管全球吸烟者数量持续下降，但预计到2025年，还无法实现在2010年吸烟者数量基础上减少30%的全球目标。只有56个国家有望实现该目标。相反，埃及、印度尼西亚、约旦等国的吸烟者数量仍在上升。因此，WHO敦促各国继续实施控烟政策。
需要注意的是，此次调查对象包含加热式的纸卷烟、叶卷、无烟烟草等，但不包括电子烟。电子烟在近年来的市场上迅速崛起，并成为一个备受争议的话题。尽管电子烟被一些人认为是戒烟的替代品，但其安全性和潜在危害仍需要更多的研究和监管。
总之，全球吸烟率的下降是一个积极的趋势，但仍需继续努力。政府和各利益相关者应该意识到控烟工作的重要性，并采取有效的措施来减少吸烟者数量，保护公众的健康。同时，对于新兴的烟草替代品如电子烟，应加强监管和研究，确保公众的安全和健康。#烟# #抽烟的改变#","title: 近日，世界卫生组织（WHO）发布了一份关于全球烟草流行趋势的报告。根据欧洲新闻网17日的报道，预计到2022年，全球吸烟者数量将呈下降趋势，约有1/5的成年人吸烟，相比之下，2000年这一比例为1/3。并且据预测，到2025年，全球吸烟者数量将降至12亿。 报告指出，全球有150个国家成功减少了烟草使用，其中巴西和荷兰取得了较大的成效，分别减少了35%和30%左右的吸烟者，与2010年相比。WHO健康促进司司长克雷希表示，近年来控烟工作取得了良好进展，但不能掉以轻心。一旦政府放松对烟草业的管控，烟草业就会抓住机会扩张。 尽管全球吸烟者数量持续下降，但预计到2025年，还无法实现在2010年吸烟者数量基础上减少30%的全球目标。只有56个国家有望实现该目标。相反，埃及、印度尼西亚、约旦等国的吸烟者数量仍在上升。因此，WHO敦促各国继续实施控烟政策。 需要注意的是，此次调查对象包含加热式的纸卷烟、叶卷、无烟烟草等，但不包括电子烟。电子烟在近年来的市场上迅速崛起，并成为一个备受争议的话题。尽管电子烟被一些人认为是戒烟的替代品，但其安全性和潜在危害仍需要更多的研究和监管。 总之，全球吸烟率的下降是一个积极的趋势，但仍需继续努力。政府和各利益相关者应该意识到控烟工作的重要性，并采取有效的措施来减少吸烟者数量，保护公众的健康。同时，对于新兴的烟草替代品如电子烟，应加强监管和研究，确保公众的安全和健康。#烟# #抽烟的改变# summary: 近日，世界卫生组织发布了一份关于全球烟草流行趋势的报告。预计到2022年，全球吸烟者数量将呈下降趋势，约有1/5的成年人吸烟，相比之下，2000年这一比例为1/3。并且据预测，到2025年，全球吸烟者数量将降至12亿。尽管全球吸烟者数量持续下降，但预计到2025年，还无法实现在2010年吸烟者数量基础上减少30%的全球目标。 content: 近日，世界卫生组织（WHO）发布了一份关于全球烟草流行趋势的报告。根据欧洲新闻网17日的报道，预计到2022年，全球吸烟者数量将呈下降趋势，约有1/5的成年人吸烟，相比之下，2000年这一比例为1/3。并且据预测，到2025年，全球吸烟者数量将降至12亿。 报告指出，全球有150个国家成功减少了烟草使用，其中巴西和荷兰取得了较大的成效，分别减少了35%和30%左右的吸烟者，与2010年相比。WHO健康促进司司长克雷希表示，近年来控烟工作取得了良好进展，但不能掉以轻心。一旦政府放松对烟草业的管控，烟草业就会抓住机会扩张。 尽管全球吸烟者数量持续下降，但预计到2025年，还无法实现在2010年吸烟者数量基础上减少30%的全球目标。只有56个国家有望实现该目标。相反，埃及、印度尼西亚、约旦等国的吸烟者数量仍在上升。因此，WHO敦促各国继续实施控烟政策。 需要注意的是，此次调查对象包含加热式的纸卷烟、叶卷、无烟烟草等，但不包括电子烟。电子烟在近年来的市场上迅速崛起，并成为一个备受争议的话题。尽管电子烟被一些人认为是戒烟的替代品，但其安全性和潜在危害仍需要更多的研究和监管。 总之，全球吸烟率的下降是一个积极的趋势，但仍需继续努力。政府和各利益相关者应该意识到控烟工作的重要性，并采取有效的措施来减少吸烟者数量，保护公众的健康。同时，对于新兴的烟草替代品如电子烟，应加强监管和研究，确保公众的安全和健康。#烟# #抽烟的改变# """,微头条,小歪,2024-01-20 14:15:00,http://www.toutiao.com/w/i1788571055195148/,未知,控烟、戒烟,正面,未知
202401015296,#控烟 #知识培训 #戒烟,"title: #控烟 #知识培训 #戒烟 summary: #控烟 #知识培训 #戒烟#控烟 #知识培训 #戒烟 content: #控烟 #知识培训 #戒烟 "" "" "" "" "" "" "" "" "" "" "" "" """,微头条,淡泊的面条Nu,2024-01-20 13:22:19,http://www.toutiao.com/w/i7326046396165950759/,未知,控烟、戒烟,中性,未知
202401015302,"#烟草涨价,戒烟的人会变多吗?#吸烟已经成为一种严重的社会问题，烟草制品对人体健康的危害已经得到了科学证明，吸烟不仅危害本人，还会对周围人群造成二手烟的危害。国家采取各种措施控烟，对烟草制品的涨价我认为也是其中之一。随着烟草的涨价可能会促使一些人戒烟或减少吸烟，烟草价格的上涨，与吸烟人数的下降之间存在一定的关联，当吸烟成本增加时，会降低吸烟者的吸引力，从而可能使一些人选择戒烟或少吸烟的意愿增强，特别是低收入群对由吸烟造成经济压力增大，就想通过少吸烟或戒烟来缓解经济压力，虽然烟草涨价可能在一定程度上促进人们戒烟，但这并不意味着所有吸烟人都会因涨价而戒烟。不过，随着人们对吸烟危害健康的认知程度的提高，加上政府的控烟政策措施的实施，我认为吸烟人数肯定会减少，选择戒烟的人会越来越多。#你考虑过戒烟吗# #戒烟的的事儿# #你已戒烟了吗#","title: #烟草涨价,戒烟的人会变多吗?#吸烟已经成为一种严重的社会问题，烟草制品对人体健康的危害已经得到了科学证明，吸烟不仅危害本人，还会对周围人群造成二手烟的危害。国家采取各种措施控烟，对烟草制品的涨价我认为也是其中之一。随着烟草的涨价可能会促使一些人戒烟或减少吸烟，烟草价格的上涨，与吸烟人数的下降之间存在一定的关联，当吸烟成本增加时，会降低吸烟者的吸引力，从而可能使一些人选择戒烟或少吸烟的意愿增强，特别是低收入群对由吸烟造成经济压力增大，就想通过少吸烟或戒烟来缓解经济压力，虽然烟草涨价可能在一定程度上促进人们戒烟，但这并不意味着所有吸烟人都会因涨价而戒烟。不过，随着人们对吸烟危害健康的认知程度的提高，加上政府的控烟政策措施的实施，我认为吸烟人数肯定会减少，选择戒烟的人会越来越多。#你考虑过戒烟吗# #戒烟的的事儿# #你已戒烟了吗# summary: #烟草涨价,戒烟的人会变多吗?随着烟草的涨价可能会促使一些人戒烟或减少吸烟，烟草价格的上涨，与吸烟人数的下降之间存在一定的关联，当吸烟成本增加时，会降低吸烟者的吸引力，从而可能使一些人选择戒烟或少吸烟的意愿增强，特别是低收入群对由吸烟造成经济压力增大。 content: #烟草涨价,戒烟的人会变多吗?#吸烟已经成为一种严重的社会问题，烟草制品对人体健康的危害已经得到了科学证明，吸烟不仅危害本人，还会对周围人群造成二手烟的危害。国家采取各种措施控烟，对烟草制品的涨价我认为也是其中之一。随着烟草的涨价可能会促使一些人戒烟或减少吸烟，烟草价格的上涨，与吸烟人数的下降之间存在一定的关联，当吸烟成本增加时，会降低吸烟者的吸引力，从而可能使一些人选择戒烟或少吸烟的意愿增强，特别是低收入群对由吸烟造成经济压力增大，就想通过少吸烟或戒烟来缓解经济压力，虽然烟草涨价可能在一定程度上促进人们戒烟，但这并不意味着所有吸烟人都会因涨价而戒烟。不过，随着人们对吸烟危害健康的认知程度的提高，加上政府的控烟政策措施的实施，我认为吸烟人数肯定会减少，选择戒烟的人会越来越多。#你考虑过戒烟吗# #戒烟的的事儿# #你已戒烟了吗# "" """,微头条,安然62162536,2024-01-20 11:23:19,http://www.toutiao.com/w/i1788577936172032/,未知,戒烟、控烟,中性,未知
202401015308,吸烟有益健康？#中视频伙伴计划,"title: 吸烟有益健康？#中视频伙伴计划 summary: 吸烟有益健康？#中视频伙伴计划到了1965年，美国法律明确规定必须在香烟包装上写上&amp;#34.吸烟危害健康&amp;#34。1967年各电台和电视台被要求播放反对吸烟的公益广告。1971年则全面禁止了香烟广告。为了我们的健康和未来，让我们一起努力选择戒烟吧！ content: 到了1965年，美国法律明确规定必须在香烟包装上写上&amp;#34;吸烟危害健康&amp;#34;的提醒。1967年各电台和电视台被要求播放反对吸烟的公益广告。1971年则全面禁止了香烟广告。·三、控烟在中国。1897年上海出现了第一根中国香烟，随即迅速&amp;#34;风靡&amp;#34;。很快我国医学界就有人意识到了香烟的危害。早在1934年我国科学家吕富华用实验证明了烟草焦油对家兔具有致癌性。1978年起有&amp;#34;中国控烟之父&amp;#34;之称的翁心植教授联合其他多位医学专家开始发表文章成立组织，力劝大家远离香烟，还促成了《关于宣传吸烟有害与控制吸烟的通知》，开启了中国的控烟运动。""1991年我国颁布相关法律，明确禁止未成年人吸烟，并要求卷烟和雪茄的包装盒上必须标明焦油含量级和&amp;#34;吸烟有害健康&amp;#34;。21世纪以来随着对香烟的危害认识的加深以及相关研究的增多，我国在控烟方面的举措也越来越完善。如今我们国家能够抽烟的公共场所越来越少，不得不说这是我国长久反烟控烟的巨大成效。""·四、吸烟有害健康：证据持续增加。2021年8月，研究人员发现由于抽烟会损坏身体的抗氧化系统和代谢能力，因此对听力和视觉都会产生负面影响。2022年12月研究发现在中国卷烟与56种疾病和22种死因显著相关。""亲爱的朋友我和您分享的这些吸烟的信息是想告诉你：虽然吸烟可能是一种习惯或者社交活动，但它对我们的身体健康有很大的危害。吸烟会增加患心脏病、中风、肺癌等疾病的风险，同时也会影响您的生活质量。我理解戒烟可能是一个艰难的过程但请不要放弃。""有许多方法可以帮助您。有许多方法可以帮助您戒烟，如制定戒烟计划、寻求支持、避免诱因、增加锻炼、学会应对压力以及奖励自己等等。同时也可以向家人、朋友或专业人士寻求帮助和支持。为了我们的健康和未来，让我们一起努力选择戒烟吧！",头条号,小疑小答,2024-01-20 11:19:14,http://www.toutiao.com/w/i7326014794262741523/,未知,控烟、戒烟,正面,未知
202401015327,控烟是好的，但是收缴打火机有些不妥，打火机虽然价值不高（高档的除外），但毕竟是个人财产，法律有明文规定，个人财产受法律保护。医院可以加强巡视管理，对于不听劝阻的可以选择报警或者打热线处理！,title: 控烟是好的，但是收缴打火机有些不妥，打火机虽然价值不高（高档的除外），但毕竟是个人财产，法律有明文规定，个人财产受法律保护。医院可以加强巡视管理，对于不听劝阻的可以选择报警或者打热线处理！ summary: 控烟是好的，但是收缴打火机有些不妥，打火机虽然价值不高（高档的除外），但毕竟是个人财产，法律有明文规定，个人财产受法律保护。医院可以加强巡视管理，对于不听劝阻的可以选择报警或者打热线处理！ content: 控烟是好的，但是收缴打火机有些不妥，打火机虽然价值不高（高档的除外），但毕竟是个人财产，法律有明文规定，个人财产受法律保护。医院可以加强巡视管理，对于不听劝阻的可以选择报警或者打热线处理！,企鹅号,用户7p3v098,2024-01-20 09:01:33,未知,未知,控烟,正面,未知
202401015334,"为了戒烟，我想出了两个方法，可是到最后都失败了，看来，想彻底戒烟比娶老婆还难啊！

这几年我一直咳嗽，可是去医院检查，身体又没有什么问题，所以我严重怀疑我咳嗽就是抽烟造成的。

于是我就想到了戒烟，可是抽了几十年的烟，说一下子彻底戒掉也不可能，我就想到了两个方法。

方法一：我以前一般都是抽10块钱左右的烟，因为便宜，所以抽再多也不心疼，一天至少抽一包。我想到了一个方法，不如抽贵一点的烟，因为价格贵，所以肯定不舍得多抽，一天抽半包就可以了，先控烟后戒烟。谁知道抽了几天价格贵的烟后，由于味道太好抽了，反而比以前抽得更多了，最后这个方法失败了。

方法二：有一段时间我咳得太厉害了，可是又不能彻底戒烟，有一次我抽烟的时候，突然灵机一动，一支烟可以分两次抽，就是抽到一半，然后掐灭，留一半到下次抽。抽着抽着，我发现这个方法也不行，因为每次抽半支烟根本不够抽，必须抽整根的才行。

我这两个戒烟方法到最后都失败了！

这几年我饱受咳嗽困扰，想戒烟又戒不掉，大家有没有什么戒烟的好方法啊？","title: 为了戒烟，我想出了两个方法，可是到最后都失败了，看来，想彻底戒烟比娶老婆还难啊！ 这几年我一直咳嗽，可是去医院检查，身体又没有什么问题，所以我严重怀疑我咳嗽就是抽烟造成的。 于是我就想到了戒烟，可是抽了几十年的烟，说一下子彻底戒掉也不可能，我就想到了两个方法。 方法一：我以前一般都是抽10块钱左右的烟，因为便宜，所以抽再多也不心疼，一天至少抽一包。我想到了一个方法，不如抽贵一点的烟，因为价格贵，所以肯定不舍得多抽，一天抽半包就可以了，先控烟后戒烟。谁知道抽了几天价格贵的烟后，由于味道太好抽了，反而比以前抽得更多了，最后这个方法失败了。 方法二：有一段时间我咳得太厉害了，可是又不能彻底戒烟，有一次我抽烟的时候，突然灵机一动，一支烟可以分两次抽，就是抽到一半，然后掐灭，留一半到下次抽。抽着抽着，我发现这个方法也不行，因为每次抽半支烟根本不够抽，必须抽整根的才行。 我这两个戒烟方法到最后都失败了！ 这几年我饱受咳嗽困扰，想戒烟又戒不掉，大家有没有什么戒烟的好方法啊？ summary: 为了戒烟，我想出了两个方法，可是到最后都失败了，看来，想彻底戒烟比娶老婆还难啊！于是我就想到了戒烟，可是抽了几十年的烟，说一下子彻底戒掉也不可能，我就想到了两个方法。这几年我饱受咳嗽困扰，想戒烟又戒不掉，大家有没有什么戒烟的好方法啊？ content: 为了戒烟，我想出了两个方法，可是到最后都失败了，看来，想彻底戒烟比娶老婆还难啊！ 这几年我一直咳嗽，可是去医院检查，身体又没有什么问题，所以我严重怀疑我咳嗽就是抽烟造成的。 于是我就想到了戒烟，可是抽了几十年的烟，说一下子彻底戒掉也不可能，我就想到了两个方法。 方法一：我以前一般都是抽10块钱左右的烟，因为便宜，所以抽再多也不心疼，一天至少抽一包。我想到了一个方法，不如抽贵一点的烟，因为价格贵，所以肯定不舍得多抽，一天抽半包就可以了，先控烟后戒烟。谁知道抽了几天价格贵的烟后，由于味道太好抽了，反而比以前抽得更多了，最后这个方法失败了。 方法二：有一段时间我咳得太厉害了，可是又不能彻底戒烟，有一次我抽烟的时候，突然灵机一动，一支烟可以分两次抽，就是抽到一半，然后掐灭，留一半到下次抽。抽着抽着，我发现这个方法也不行，因为每次抽半支烟根本不够抽，必须抽整根的才行。 我这两个戒烟方法到最后都失败了！ 这几年我饱受咳嗽困扰，想戒烟又戒不掉，大家有没有什么戒烟的好方法啊？ "" """,微头条,hello！兔先生,2024-01-20 08:54:43,http://www.toutiao.com/w/i1788568753560588/,未知,戒烟、控烟,正面,未知
202401015340,"泗县泗县瓦坊镇卫生院开展“无烟佳节 与爱同行”宣传活动

为进一步推动控烟工作，积极营造健康的无烟环境，引导群众践行文明健康、绿色环保的生活方式，1月18日上午，泗县瓦坊镇卫生院组织人员走进学校开展以“无烟佳节，与爱同行”为主题的宣传活动。

活动现场，医务人员向学生们发放宣传单，从烟草中含有的有害",title: 泗县泗县瓦坊镇卫生院开展“无烟佳节 与爱同行”宣传活动 为进一步推动控烟工作，积极营造健康的无烟环境，引导群众践行文明健康、绿色环保的生活方式，1月18日上午，泗县瓦坊镇卫生院组织人员走进学校开展以“无烟佳节，与爱同行”为主题的宣传活动。 活动现场，医务人员向学生们发放宣传单，从烟草中含有的有害 summary: 为进一步推动控烟工作，积极营造健康的无烟环境，引导群众践行文明健康、绿色环保的生活方式，1月18日上午，泗县瓦坊镇卫生院组织人员走进学校开展以无烟佳节，与爱同行为主题的宣传活动。活动现场，医务人员向学生们发放宣传单，从烟草中含有的有害泗县泗县瓦坊镇卫生院开展无烟佳节与爱同行宣传活动。 content: 泗县泗县瓦坊镇卫生院开展“无烟佳节 与爱同行”宣传活动 为进一步推动控烟工作，积极营造健康的无烟环境，引导群众践行文明健康、绿色环保的生活方式，1月18日上午，泗县瓦坊镇卫生院组织人员走进学校开展以“无烟佳节，与爱同行”为主题的宣传活动。 活动现场，医务人员向学生们发放宣传单，从烟草中含有的有害,微头条,医心医意全心全意,2024-01-20 08:33:34,http://www.toutiao.com/w/1788567422869578/,未知,控烟,正面,未知
202401015352,"元旦过后我前往购买烟草，却惊讶地发现原先的平民烟居然每包涨价了两块钱。这无疑是一个引人注目的信号！看来国家开始采取行动控制吸烟了。眼前的变化让我不禁暗自思索，要做好准备迎接戒烟的时刻了。内心里，我默默地感叹：“祖国，对不起了。作为一个抽烟已有30多年的老烟民，我不能再为你效力了。”春节过后，我下定决心要戒烟！
观察数据也不难发现，烟草价格的上涨势必会成为许多烟民戒烟的契机。国家采取的控烟政策显然是在倡导健康生活，也让更多的人意识到戒烟的必要性。此刻，我深知自己在戒烟之路上将会面临许多挑战，但决心坚定的想要迎接这个挑战，为自己的健康负责，也为国家的倡导健康生活贡献一份力量。
当然，要戒烟绝非易事，但健康是最重要的。面对未来的挑战，我也将寻求亲友的支持与鼓励，坚信每一位戒烟者都有坚定的决心和毅力，一定能够走上戒烟成功的道路。元旦过后发生的这一切，无疑是对我戒烟计划的一次强有力的鞭策。期待着未来，我相信戒烟的过程将充满挑战，但也必将充满希望。","title: 元旦过后我前往购买烟草，却惊讶地发现原先的平民烟居然每包涨价了两块钱。这无疑是一个引人注目的信号！看来国家开始采取行动控制吸烟了。眼前的变化让我不禁暗自思索，要做好准备迎接戒烟的时刻了。内心里，我默默地感叹：“祖国，对不起了。作为一个抽烟已有30多年的老烟民，我不能再为你效力了。”春节过后，我下定决心要戒烟！ 观察数据也不难发现，烟草价格的上涨势必会成为许多烟民戒烟的契机。国家采取的控烟政策显然是在倡导健康生活，也让更多的人意识到戒烟的必要性。此刻，我深知自己在戒烟之路上将会面临许多挑战，但决心坚定的想要迎接这个挑战，为自己的健康负责，也为国家的倡导健康生活贡献一份力量。 当然，要戒烟绝非易事，但健康是最重要的。面对未来的挑战，我也将寻求亲友的支持与鼓励，坚信每一位戒烟者都有坚定的决心和毅力，一定能够走上戒烟成功的道路。元旦过后发生的这一切，无疑是对我戒烟计划的一次强有力的鞭策。期待着未来，我相信戒烟的过程将充满挑战，但也必将充满希望。 summary: 元旦过后我前往购买烟草，却惊讶地发现原先的平民烟居然每包涨价了两块钱。眼前的变化让我不禁暗自思索，要做好准备迎接戒烟的时刻了。作为一个抽烟已有30多年的老烟民，我不能再为你效力了。春节过后，我下定决心要戒烟！期待着未来，我相信戒烟的过程将充满挑战，但也必将充满希望。 content: 元旦过后我前往购买烟草，却惊讶地发现原先的平民烟居然每包涨价了两块钱。这无疑是一个引人注目的信号！看来国家开始采取行动控制吸烟了。眼前的变化让我不禁暗自思索，要做好准备迎接戒烟的时刻了。内心里，我默默地感叹：“祖国，对不起了。作为一个抽烟已有30多年的老烟民，我不能再为你效力了。”春节过后，我下定决心要戒烟！ 观察数据也不难发现，烟草价格的上涨势必会成为许多烟民戒烟的契机。国家采取的控烟政策显然是在倡导健康生活，也让更多的人意识到戒烟的必要性。此刻，我深知自己在戒烟之路上将会面临许多挑战，但决心坚定的想要迎接这个挑战，为自己的健康负责，也为国家的倡导健康生活贡献一份力量。 当然，要戒烟绝非易事，但健康是最重要的。面对未来的挑战，我也将寻求亲友的支持与鼓励，坚信每一位戒烟者都有坚定的决心和毅力，一定能够走上戒烟成功的道路。元旦过后发生的这一切，无疑是对我戒烟计划的一次强有力的鞭策。期待着未来，我相信戒烟的过程将充满挑战，但也必将充满希望。 """,微头条,戊戌,2024-01-20 08:29:32,http://www.toutiao.com/w/i1788564788069450/,未知,戒烟、控烟,正面,未知
202401015359,邓州市城区六小：“无烟佳节 与爱同行”，文明健康过新年,"title: 邓州市城区六小：“无烟佳节 与爱同行”，文明健康过新年 summary: 邓州市城区六小：无烟佳节与爱同行，文明健康过新年冬至阳生，岁回律转。为了让同学们进一步认识到烟草烟雾和电子烟的危害，帮助同学们树立拒吸第一支烟，做无烟新一代的理念，1月18日，邓州市城区六小组织。通过此次主题班会，邓州市城区六小以小手牵大手的形式，为控烟、为构建文明健康的生活方式勾画了美好的蓝图。 content: 冬至阳生，岁回律转。为了让同学们进一步认识到烟草烟雾和电子烟的危害，帮助同学们树立“拒吸第一支烟，做无烟新一代”的理念，1月18日，邓州市城区六小组织五、六年级召开了“无烟佳节 与爱同行——文明健康过新年”主题班会。""""各班班主任制作了PPT，利用课件展示和讲解相结合的方法，给同学们普及了吸烟和二手烟的危害；鼓励同学们成为家庭控烟监督员，引导家长不吸烟，主动戒烟，为青少年健康成长作表率，促进无烟家庭建设；养成健康的生活方式和生活习惯。""无烟佳节，与爱同行。通过此次主题班会，邓州市城区六小以“小手牵大手”的形式，为控烟、为构建文明健康的生活方式勾画了美好的蓝图。（孙明彦）",一点号,鸿煊教育,2024-01-20 07:49:20,http://www.yidianzixun.com/article/0tBwYOiT,未知,控烟、戒烟,中性,未知
202401014741,"世卫组织：全球烟草使用率继续下降
1月17日消息，世界卫生组织发布了《2000至2030年全球烟草使用流行趋势报告》称，全球烟草使用率继续下降。根据这份报告，2022年的趋势显示，全球烟草使用率继续下降，全世界约有五分之一的成年人吸烟，在2000年时这一比例为三分之一。2022年，全球约有12.45亿成年烟草使用者，其中男性烟草使用者超过10亿，女性烟草使用者约2.24亿。
#香烟的危害# #为啥都是烟😱# #抽烟的代价# #抽烟的改变# #烟有这么好吗# #控烟目标# #烟是不可能戒了# #戒烟真的难吗？# #资深烟民见解# #抽烟的错误选择#","title: 世卫组织：全球烟草使用率继续下降 1月17日消息，世界卫生组织发布了《2000至2030年全球烟草使用流行趋势报告》称，全球烟草使用率继续下降。根据这份报告，2022年的趋势显示，全球烟草使用率继续下降，全世界约有五分之一的成年人吸烟，在2000年时这一比例为三分之一。2022年，全球约有12.45亿成年烟草使用者，其中男性烟草使用者超过10亿，女性烟草使用者约2.24亿。 #香烟的危害# #为啥都是烟😱# #抽烟的代价# #抽烟的改变# #烟有这么好吗# #控烟目标# #烟是不可能戒了# #戒烟真的难吗？# #资深烟民见解# #抽烟的错误选择# summary: 世界卫生组织发布了《2000至2030年全球烟草使用流行趋势报告》称，全球烟草使用率继续下降。根据这份报告，2022年的趋势显示，全球烟草使用率继续下降，全世界约有五分之一的成年人吸烟，在2000年时这一比例为三分之一。2022年，全球约有12.45亿成年烟草使用者，其中男性烟草使用者超过10亿，女性烟草使用者约2.24亿。 content: 世卫组织：全球烟草使用率继续下降 1月17日消息，世界卫生组织发布了《2000至2030年全球烟草使用流行趋势报告》称，全球烟草使用率继续下降。根据这份报告，2022年的趋势显示，全球烟草使用率继续下降，全世界约有五分之一的成年人吸烟，在2000年时这一比例为三分之一。2022年，全球约有12.45亿成年烟草使用者，其中男性烟草使用者超过10亿，女性烟草使用者约2.24亿。 #香烟的危害# #为啥都是烟😱# #抽烟的代价# #抽烟的改变# #烟有这么好吗# #控烟目标# #烟是不可能戒了# #戒烟真的难吗？# #资深烟民见解# #抽烟的错误选择# """,微头条,洛儿Dr暖心话,2024-01-19 22:42:22,http://www.toutiao.com/w/i1788530228064329/,未知,控烟、戒烟,正面,未知
202401014753,南阳市市场监督管理局发布禁烟控烟倡议书,title: 南阳市市场监督管理局发布禁烟控烟倡议书 summary: 广大市民朋友们、企业经营户：为深入贯彻落实中共中央办公厅国务院办公厅《关于领导干部带头在公共场所禁烟有关事项的通知》和国务院《关于实施健康中国行动的意见》要求，进一步推动控烟工作开展，引导全体市民同志践行文明健康绿色环保的生活方式。 content: 禁烟控烟倡议书广大市民朋友们、企业经营户：为深入贯彻落实中共中央办公厅国务院办公厅《关于领导干部带头在公共场所禁烟有关事项的通知》和国务院《关于实施健康中国行动的意见》要求，进一步推动控烟工作开展，引导全体市民同志践行文明健康绿色环保的生活方式，营造元旦春节“两节”无烟氛围，按照市爱卫办要求，我局决定开展“无烟佳节 与爱同行”控烟活动。为把禁烟规定落到实处，我们向全体市民同志们发出如下倡议：一、充分认识烟草危害，模范遵守公共场所禁烟规定，树立、维护我市良好形象。二、树立无烟理念，营造无烟环境，重点区域张贴醒目“禁止吸烟”标识，不摆放烟草制品和烟缸等烟具。三、强化保护自身健康和他人健康的意识，不在公共场所吸烟，不在同事、朋友和家人面前吸烟，尤其是不在儿童面前吸烟，使他们免受被动吸烟的危害。四、主动学习和传播吸烟危害健康知识，提高防控烟草危害意识和能力，积极向亲友同事宣传吸烟有害健康的卫生常识，帮助和鼓励吸烟者戒烟，主动做控烟宣传者和倡导者。五、党员干部要率先垂范，大力弘扬无烟健康过节文化，带头过节不吸烟、不敬烟、不送烟，对“二手烟”说不，鼓励和帮助吸烟市民戒烟。让我们共同行动起来，从自身做起，从现在做起，拒绝烟草烟雾危害，共创洁净、文明、美丽、和谐的美好家园，共度无烟健康佳节。南阳市市场监督管理局2024年1月19日来源：南阳市场监管编辑：赵若冰校对：岳弘彬审核：王小军,头条号,豫府号,2024-01-19 22:01:43,http://www.toutiao.com/w/i7325808984841110056/,未知,控烟、戒烟,正面,未知
202401014765,工作动态 | 西乌旗开展“无烟佳节 与爱同行”宣传活动,"title: 工作动态 | 西乌旗开展“无烟佳节 与爱同行”宣传活动 summary: 工作动态|。西乌旗开展无烟佳节与爱同行宣传活动为进一步引导群众践行文明健康绿色环保生活方式，营造无烟节日氛围，1月19日，旗爱卫办开展了无烟佳节与爱同行控烟宣传活动。 content: 为进一步引导群众践行文明健康绿色环保生活方式，营造无烟节日氛围，1月19日，旗爱卫办开展了“无烟佳节 与爱同行”控烟宣传活动。&lt;img class=""content-image"" data-src=""/L19E/drXjGfZ2kuFxSZZcBtPsOZN1xBjR51Pm15agGdpu+O3hjkZFwQqWOriozAnyV/ldSTPAGd9qfAuxU1KCi9CkintejOP2cDzdMwtlY="" width=""625"" height=""551"" /&lt;img class=""content-image"" data-src=""lEVudsxXQilkQo3OKeq3U8BtPsOZN1xBjR51Pm15agHg/30oCS5itx3uz+6Pc9OfWWf2vhifIsew5W2NzcWV0xKBiONTBQxaXp3NLAEuljU="" width=""642"" height=""552"" /活动现场，工作人员向居民群众详细讲解吸烟和二手烟的危害，提升居民戒烟意愿，呼吁大家禁止在公共场所吸烟，引导居民养成健康的生活方式和生活习惯。活动共发放无烟倡议书、戒烟宣传折页120余份，医务人员现场接受戒烟干预咨询30余人。通过本次宣传活动，使广大居民充分认识到控烟工作的重要性，持续提高控烟意识，引导参与劝导监督工作，为营造“迎新春”无烟氛围贡献自己的一份力量。&lt;img class=""content-image"" data-src=""nuh/wEb6x4IxiInVMoIK8MBtPsOZN1xBjR51Pm15agHBoQMjOkpTPCiXhSDeIuZb+Aa1ZoNufuT+ZBG1AwidNlTntxl6TpIy59CCg1uJ0XA="" width=""641"" height=""529"" /一审：朱超二审：塔娜三审：魏国发布于：北京市",搜狐号,草原古都生活宝典,2024-01-19 21:44:14,http://m.sohu.com/a/753029740_121106854,未知,控烟、戒烟,正面,未知
202401014776,北京市控烟条例规定儿童医院和妇幼保健机构属于全面禁烟单位！楼内楼外都不得吸烟。其他医院属于室内禁烟单位[吃瓜群众][吃瓜群众][吃瓜群众],title: 北京市控烟条例规定儿童医院和妇幼保健机构属于全面禁烟单位！楼内楼外都不得吸烟。其他医院属于室内禁烟单位[吃瓜群众][吃瓜群众][吃瓜群众] summary: 北京市控烟条例规定儿童医院和妇幼保健机构属于全面禁烟单位！楼内楼外都不得吸烟。其他医院属于室内禁烟单位[吃瓜群众][吃瓜群众][吃瓜群众] content: 北京市控烟条例规定儿童医院和妇幼保健机构属于全面禁烟单位！楼内楼外都不得吸烟。其他医院属于室内禁烟单位[吃瓜群众][吃瓜群众][吃瓜群众],头条号,凌剑bj,2024-01-19 21:22:02,未知,未知,控烟,中性,未知
202401014782,北京市控烟条例，儿童医院和妇幼保健机构属于全面禁烟范围，楼外也不行,title: 北京市控烟条例，儿童医院和妇幼保健机构属于全面禁烟范围，楼外也不行 summary: 北京市控烟条例，儿童医院和妇幼保健机构属于全面禁烟范围，楼外也不行 content: 北京市控烟条例，儿童医院和妇幼保健机构属于全面禁烟范围，楼外也不行,头条号,凌剑bj,2024-01-19 21:21:04,未知,未知,控烟,中性,未知
202401014788,学学北京控烟条例，儿童医院和妇幼保健机构全面禁烟。楼外也不让抽烟[吃瓜群众],title: 学学北京控烟条例，儿童医院和妇幼保健机构全面禁烟。楼外也不让抽烟[吃瓜群众] summary: 学学北京控烟条例，儿童医院和妇幼保健机构全面禁烟。楼外也不让抽烟[吃瓜群众] content: 学学北京控烟条例，儿童医院和妇幼保健机构全面禁烟。楼外也不让抽烟[吃瓜群众],头条号,凌剑bj,2024-01-19 21:20:19,未知,未知,控烟,中性,未知
202401014794,香烟涨价，真的能控烟吗？59一包的烟，你还会抽吗？,"title: 香烟涨价，真的能控烟吗？59一包的烟，你还会抽吗？ summary: 香烟涨价，真的能控烟吗？你有没有发现，猪肉降价了，房子降价了，白菜几毛钱一斤了。而香烟却越来越贵了，低价烟越来越难买到了，市场上低于十块钱的烟基本没有了，你知道为什么吗？提高烟草税，烟草价格，香烟的价格自然就会上涨，那些低价香烟也就面临淘汰。 content: 你有没有发现，猪肉降价了，房子降价了，白菜几毛钱一斤了。而香烟却越来越贵了，低价烟越来越难买到了，市场上低于十块钱的烟基本没有了，你知道为什么吗？主要是烟草公司控制了廉价香烟的供应，价格的低门槛容易让更多的人染上烟瘾。""提高烟草税，烟草价格，香烟的价格自然就会上涨，那些低价香烟也就面临淘汰。""但是通过提高香烟价格来实施控烟，甚至如专家说的提高至五十九元一包香烟的时候，真就能控烟吗？""或许少部分烟民因为经济上的原因，能减少吸烟量。但大部分烟民该每天抽一包还是抽一包，不会因为价格的变化而减少吸烟量，变化的只是每个烟民在香烟的消费上提高了好几倍。由此可见，通过提高香烟的价格来达到控烟的目的是不乐观的，反而加重了烟民的经济负担。虽然效果不乐观，但通过此措施和人们的自觉性，长此以往的话，还是有效的减少吸烟率的。""",头条号,微笑哥,2024-01-19 19:27:52,http://www.toutiao.com/w/i7325760359045218851/,未知,控烟,中性,未知
202401014800,"烟草行业的价格上涨是否导致销量下降和利润减少？这个问题的答案不止于价格因素。研究显示，随着健康意识的提高，越来越多的消费者减少了对烟草制品的消费，甚至戒烟。此外，政策变化和消费观念的改变也会对销售情况产生影响。
为了在激烈的市场竞争中获得更好的发展，卖家们需要重新审视产品定位和营销策略，更好地满足消费者的需求。推出更多健康的烟草产品、强调绿色环保理念和加强新产品的研发和创新等方式可能是他们满足现今消费者需求的方式。然而，要做到这些需要花费大量的时间和资金。因此，他们需要在平衡市场需求、经济利益和社会责任等方面寻找最佳方案。
最后，我们需要意识到，控制烟草消费量的目标不只限于个人健康，还包括社会公共利益。我们希望更多烟草卖家能够从整个社会和未来可持续发展的角度出发，为保护社会健康和可持续发展做出贡献。让我们携手努力，建设美好社会。
#控烟目标# #为啥都是烟😱# #烟草行业有多牛# #烟有保质期吗# #到超市买烟# #戒烟实体店# #消费者意识觉醒# #香烟的危害# #资深烟民见解# #超市中的思考#","title: 烟草行业的价格上涨是否导致销量下降和利润减少？这个问题的答案不止于价格因素。研究显示，随着健康意识的提高，越来越多的消费者减少了对烟草制品的消费，甚至戒烟。此外，政策变化和消费观念的改变也会对销售情况产生影响。 为了在激烈的市场竞争中获得更好的发展，卖家们需要重新审视产品定位和营销策略，更好地满足消费者的需求。推出更多健康的烟草产品、强调绿色环保理念和加强新产品的研发和创新等方式可能是他们满足现今消费者需求的方式。然而，要做到这些需要花费大量的时间和资金。因此，他们需要在平衡市场需求、经济利益和社会责任等方面寻找最佳方案。 最后，我们需要意识到，控制烟草消费量的目标不只限于个人健康，还包括社会公共利益。我们希望更多烟草卖家能够从整个社会和未来可持续发展的角度出发，为保护社会健康和可持续发展做出贡献。让我们携手努力，建设美好社会。 #控烟目标# #为啥都是烟😱# #烟草行业有多牛# #烟有保质期吗# #到超市买烟# #戒烟实体店# #消费者意识觉醒# #香烟的危害# #资深烟民见解# #超市中的思考# summary: 烟草行业的价格上涨是否导致销量下降和利润减少？这个问题的答案不止于价格因素。研究显示，随着健康意识的提高，越来越多的消费者减少了对烟草制品的消费，甚至戒烟。 content: 烟草行业的价格上涨是否导致销量下降和利润减少？这个问题的答案不止于价格因素。研究显示，随着健康意识的提高，越来越多的消费者减少了对烟草制品的消费，甚至戒烟。此外，政策变化和消费观念的改变也会对销售情况产生影响。 为了在激烈的市场竞争中获得更好的发展，卖家们需要重新审视产品定位和营销策略，更好地满足消费者的需求。推出更多健康的烟草产品、强调绿色环保理念和加强新产品的研发和创新等方式可能是他们满足现今消费者需求的方式。然而，要做到这些需要花费大量的时间和资金。因此，他们需要在平衡市场需求、经济利益和社会责任等方面寻找最佳方案。 最后，我们需要意识到，控制烟草消费量的目标不只限于个人健康，还包括社会公共利益。我们希望更多烟草卖家能够从整个社会和未来可持续发展的角度出发，为保护社会健康和可持续发展做出贡献。让我们携手努力，建设美好社会。 #控烟目标# #为啥都是烟😱# #烟草行业有多牛# #烟有保质期吗# #到超市买烟# #戒烟实体店# #消费者意识觉醒# #香烟的危害# #资深烟民见解# #超市中的思考# """,微头条,春天的每日见闻,2024-01-19 18:36:48,http://www.toutiao.com/w/i1788502566276160/,未知,戒烟、控烟,正面,未知
202401014806,无烟佳节与爱同行——固安县疾控中心开展无烟党政机关建设巩固提升活动,"title: 无烟佳节与爱同行——固安县疾控中心开展无烟党政机关建设巩固提升活动 summary: 无烟佳节与爱同行——固安县疾控中心开展无烟党政机关建设巩固提升活动为倡导健康文明的生活方式，引导干部职工提高控烟意识，积极参与控烟行动，1月19日，固安县疾控中心组织开展无烟佳节与爱同行无烟党政机关建设巩固提升活动。发布于：北京市。 content: 为倡导健康文明的生活方式，引导干部职工提高控烟意识，积极参与控烟行动，1月19日，固安县疾控中心组织开展“无烟佳节 与爱同行”无烟党政机关建设巩固提升活动。&lt;img class=""content-image"" data-src=""1i8D9IaYlbNGIQCZT5KVh8BtPsOZN1xBjR51Pm15agGM+O2aaxUxz6E+Wfm4TR8Dx9HxwuYlvUWJZESnS/Zhv5rQO/7KG4BX5QJ2bwOulgc="" width=""1080"" height=""639"" /活动中，大家共同学习了《廊坊市无烟党政机关建设实施方案》，进一步明确了具体要求，听取了创建无烟党政机关的倡议书，深入开展烟草烟雾危害、吸烟有害健康、控烟制度等内容的宣传教育和培训，按照要求营造良好的无烟环境和氛围，强调要充分发挥领导干部在控烟工作中的示范引领作用，引导干部不吸烟、主动戒烟，主动做控烟宣传者和倡导者。&lt;img class=""content-image"" data-src=""nuh/wEb6x4IxiInVMoIK8MBtPsOZN1xBjR51Pm15agE2SZ29jPa2utO84Pe5Uk8IAqG+H5bgyl183hUkdvTg4XpelUevEVDDo/WTZyrYzrE="" width=""1080"" height=""674"" /此次活动，牢固树立健康生活理念，养成良好生活习惯，营造无烟、健康、文明、和谐的工作环境，展示无烟机关、卫生单位良好形象。撰稿：刘聪编辑：宣教科发布于：北京市",搜狐号,京津冀消息通,2024-01-19 18:12:21,http://m.sohu.com/a/752997814_121106842,未知,控烟、戒烟,正面,未知
202401014823,成都市“创建无烟环境 共享健康生活”控烟宣传活动在金牛区举行,"title: 成都市“创建无烟环境 共享健康生活”控烟宣传活动在金牛区举行 summary: 烟草有毒，吸烟有害。据了解，金牛区各街道也同步组织《成都市公共场所控制吸烟条例》宣传活动，区卫健局、商务局、文体旅局、市场监管局等执法部门还走进商场，对各类商家进行现场控烟联合执法，提醒商家在醒目位置张贴禁止吸烟的标志，并对商家宣讲、解读公共场所控烟的相关条例。 content: ""“烟草有毒，吸烟有害。我们倡议：为了您和他人的健康，请从我做起，从现在做起，共同营造无烟家庭，创建无烟单位，建设无烟社区！”在2024年新春佳节来临之际，商家代表在“无烟佳节·与爱同行”控烟宣传活动上共同发起倡议。元月12日，由成都市爱国卫生运动委员会办公室主办的“创建无烟环境·共享健康生活”控烟宣传活动在金牛区万达广场举行，这次活动旨在宣传《成都市公共场所控制吸烟条例》，弘扬无烟健康的过节文化。参加现场活动的市卫健委、金牛区卫健局和相关部门负责人共同启动控烟宣传活动，向社会公众和学校、企事业单位倡导共创没有烟草危害的清新环境与和谐社会。""据介绍，吸烟可导致多种癌症和疾病发生，对健康有着极大的危害。统计显示，目前我国吸烟人数超过3亿人，有7.4亿人受到被动吸烟的危害。当天的活动现场吸引了众多群众前来咨询和参与，金牛区荷花池社区卫生服务中心的医务人员，还为群众提供戒烟咨询和义诊服务，妙趣横生的控烟游园活动也在大家期盼中顺利开展。""金牛区卫健局副局长白中毅表示，“本次活动通过启动仪式、控烟倡议、戒烟咨询义诊服务、执法人员联合执法、游园活动等方式，使市民自觉认识到社会控烟和个人戒烟的必要性，增强市民的控烟、戒烟意识。”据了解，金牛区各街道也同步组织《成都市公共场所控制吸烟条例》宣传活动，区卫健局、商务局、文体旅局、市场监管局等执法部门还走进商场，对各类商家进行现场控烟联合执法，提醒商家在醒目位置张贴“禁止吸烟”的标志，并对商家宣讲、解读公共场所控烟的相关条例。希望通过此次活动号召全社会积极参与，不断普及健康知识，同时也扩大《条例》影响力，倡导广大市民积极共建无烟环境，共享健康美好生活。（王凯斯）",头条号,大众健康报,2024-01-19 17:47:35,http://www.toutiao.com/w/i7325743697449222667/,未知,控烟、戒烟,中性,未知
202401014840,感知山东|泰安市岱岳区范镇开展“无烟佳节与爱同行”控烟活动,"title: 感知山东|泰安市岱岳区范镇开展“无烟佳节与爱同行”控烟活动 summary: 感知山东|。泰安市岱岳区范镇开展无烟佳节与爱同行控烟活动为进一步推动无烟工作开展，引导群众践行文明健康绿色环保生活方式，营造春节期间无烟氛围，近日，泰安市岱岳区范镇开展无烟佳节与爱同行控烟活动。 content: 为进一步推动无烟工作开展，引导群众践行文明健康绿色环保生活方式，营造春节期间无烟氛围，近日，泰安市岱岳区范镇开展“无烟佳节 与爱同行”控烟活动。开展控烟宣传进社区，向居民发放宣传材料，宣传吸烟的危害，以及二手烟对家人健康的影响，号召居民为了自己和家人的健康少吸烟、不吸烟，从自我做起，远离烟草，共同营造健康的生活环境。&lt;img max-width=""600"" class=""content-image"" data-src=""FlhNHe3dnu293E6ZtX6/IbHH6fOvo1dGVDmsQWqCrcUh1+uucp2jUu/LqxjBxZW1oJ84zwblVMH5rTs+FPFcIw+CSf4+yTwaNNYx2I+fPhw="" width=""986"" height=""654"" /范镇各中小学开展以“拒吸第一支烟 做不吸烟的新一代”为主题的班会，老师围绕吸烟的危害、二手烟和三手烟对儿童青少年的影响、如何拒绝尝试吸烟及劝导吸烟等内容进行宣传，加强了青少年对控烟理念的认同，自觉树立控烟意识，让师生摒弃吸烟这一不良行为习惯，营造无烟绿色清洁的校园环境。&lt;img max-width=""600"" class=""content-image"" data-src=""wxcWD3sAnMjy6azFPk/mH7HH6fOvo1dGVDmsQWqCrcUzdoQqqIfScIUgAx5zSpoFzjXAok2stUDgFTD0ww05TDOsHp/TN0Ik4mYrzWmmQSc="" width=""963"" height=""644"" /下一步，范镇将继续加大控烟工作宣传力度，以春节为契机，多渠道普及控烟知识，倡导过节不吸烟、不敬烟、不送烟，“对二手烟说不”，共度无烟佳节。发布于：山东省",搜狐号,感知山东,2024-01-19 17:07:23,http://m.sohu.com/a/752974652_545547,未知,控烟,正面,未知
202401014875,【推动疾控体系高质量发展】“无烟佳节与爱同行”——金乡县疾控中心开展控烟科普宣传进公园活动,"title: 【推动疾控体系高质量发展】“无烟佳节与爱同行”——金乡县疾控中心开展控烟科普宣传进公园活动 summary: 无烟佳节与爱同行——金乡县疾控中心开展控烟科普宣传进公园活动为进一步推动控烟工作开展，引导群众践行文明健康绿色环保的生活方式，营造元旦、春节两节无烟氛围，近日，县疾控中心依托2024年春节山东乡村文化旅游节金乡启动仪式，开展无烟佳节。与爱同行系列科普宣传活动。发布于：北京市。 content: 为进一步推动控烟工作开展，引导群众践行文明健康绿色环保的生活方式，营造元旦、春节“两节”无烟氛围，近日，县疾控中心依托2024年春节山东乡村文化旅游节金乡启动仪式，开展“无烟佳节，与爱同行”系列科普宣传活动。&lt;img class=""content-image"" data-src=""1i8D9IaYlbNGIQCZT5KVh8BtPsOZN1xBjR51Pm15agGAEejoHbNya9l+ffiswbkarRBvbH7sa2plSmgs3rI56gww/TQ1r5CeuQaJkuTa/Ek="" width=""830"" height=""553"" /活动现场，工作人员通过发放控烟海报、福字，面对面向群众讲解吸烟不仅可伤害肺部，还引起口臭、皮肤变差、致癌等危害。对有戒烟意愿的烟民建议其去戒烟门诊戒烟，并推广中国控烟平台小程序，倡导过节不吸烟、不敬烟、不送烟、不劝烟。本次活动，现场咨询人数100余人，发放宣传材料500份。&lt;img class=""content-image"" data-src=""wXdZHLbub1cJf8KN0C5vfcBtPsOZN1xBjR51Pm15agETKV2L2/Enw3o/bhYPvNwTzPkVO7Gfi2e2CGa8/f9VD7joFyHt0pjB99NBH9morws="" width=""761"" height=""571"" /此次活动，将引导群众形成和坚持健康的生活方式，养成良好的生活习惯，带动身边更多的群众积极参与到控烟行动中，共同营造无烟环境，共度无烟佳节。供稿：岳思雨校对：邱凤芳编辑：岳思雨审核：张忠秋金乡疾控扫一扫 码上健康咨询电话：预防接种门诊：0537-8719966犬咬伤处置门诊：0537-8718667办公室：0537-8716698发布于：北京市",搜狐号,中部城市生活指南,2024-01-19 16:55:24,http://m.sohu.com/a/752972293_121106991,未知,控烟、戒烟,正面,未知
202401014887,"我们村有位烟民高手，自己从来不买烟抽，可是他总是随身携带打火机，如果有人给他递烟的情况，他也能连抽好几支烟，这样我非常佩服他的控制力和自律性！
究竟是什么让他如此懂得掌控烟草的呢？
如果我们回顾一下数据，就会发现吸烟对健康的危害是相当巨大的。根据世界卫生组织的统计数据，吸烟导致的各种疾病每年使数百万人遭受残疾，而且它也是心血管疾病、慢性阻塞性肺病和肺癌的危险因素之一。

这位高手的做法给我们树立了一个良好的榜样，展示了控烟的可行性。他的行为表明，我们可以通过自我控制来克服对不良习惯的依赖。或许，我们也可以在生活中找到更好的方法来控制自己，以实现更健康的生活方式。
这位高手向我们表明，“烟瘾”并不是一种无法抑制的冲动。透过自律和坚定的意志，我们完全能够戒掉对烟草的依赖，拥有更健康的生活。","title: 我们村有位烟民高手，自己从来不买烟抽，可是他总是随身携带打火机，如果有人给他递烟的情况，他也能连抽好几支烟，这样我非常佩服他的控制力和自律性！ 究竟是什么让他如此懂得掌控烟草的呢？ 如果我们回顾一下数据，就会发现吸烟对健康的危害是相当巨大的。根据世界卫生组织的统计数据，吸烟导致的各种疾病每年使数百万人遭受残疾，而且它也是心血管疾病、慢性阻塞性肺病和肺癌的危险因素之一。 这位高手的做法给我们树立了一个良好的榜样，展示了控烟的可行性。他的行为表明，我们可以通过自我控制来克服对不良习惯的依赖。或许，我们也可以在生活中找到更好的方法来控制自己，以实现更健康的生活方式。 这位高手向我们表明，“烟瘾”并不是一种无法抑制的冲动。透过自律和坚定的意志，我们完全能够戒掉对烟草的依赖，拥有更健康的生活。 summary: 我们村有位烟民高手，自己从来不买烟抽，可是他总是随身携带打火机，如果有人给他递烟的情况，他也能连抽好几支烟，这样我非常佩服他的控制力和自律性！根据世界卫生组织的统计数据，吸烟导致的各种疾病每年使数百万人遭受残疾，而且它也是心血管疾病、慢性阻塞性肺病和肺癌的危险因素之一。 content: 我们村有位烟民高手，自己从来不买烟抽，可是他总是随身携带打火机，如果有人给他递烟的情况，他也能连抽好几支烟，这样我非常佩服他的控制力和自律性！ 究竟是什么让他如此懂得掌控烟草的呢？ 如果我们回顾一下数据，就会发现吸烟对健康的危害是相当巨大的。根据世界卫生组织的统计数据，吸烟导致的各种疾病每年使数百万人遭受残疾，而且它也是心血管疾病、慢性阻塞性肺病和肺癌的危险因素之一。 这位高手的做法给我们树立了一个良好的榜样，展示了控烟的可行性。他的行为表明，我们可以通过自我控制来克服对不良习惯的依赖。或许，我们也可以在生活中找到更好的方法来控制自己，以实现更健康的生活方式。 这位高手向我们表明，“烟瘾”并不是一种无法抑制的冲动。透过自律和坚定的意志，我们完全能够戒掉对烟草的依赖，拥有更健康的生活。 """,微头条,爱生活的咖啡Ys,2024-01-19 16:38:04,http://www.toutiao.com/w/i1788507308172355/,未知,控烟,中性,未知
202401014908,巩义市新华路街道货场路社区组织开展控烟宣传活动,"title: 巩义市新华路街道货场路社区组织开展控烟宣传活动 summary: 巩义市新华路街道货场路社区组织开展控烟宣传活动为加强控烟科普宣传，提升居民健康素养水平。2024年1月19日，巩义市新华路街道货场路社区组织开展吸烟有害健康无烟佳节与爱同行主题控烟宣传活动，引导居民切实增强自觉禁烟意识，共同营造健康、清洁、无烟的生活环境。 content: 为加强控烟科普宣传，提升居民健康素养水平。2024年1月19日，巩义市新华路街道货场路社区组织开展“吸烟有害健康 无烟佳节与爱同行”主题控烟宣传活动，引导居民切实增强自觉禁烟意识，共同营造健康、清洁、无烟的生活环境。&lt;img max-width=""600"" class=""content-image"" data-src=""EmSa7bvKq1EE4aebFHMv9wSqddHR3CnWg3GR9KkIUwB6N6zi0i8amrNOVyR8RA2X5oTbhRv1iEz8h+A4lEFR0LWTzmKYPwYvFkmu9a+AK6w="" width=""1148"" height=""778"" /活动中，社区工作人员走访辖区沿街商户、居民院落通过发放禁烟宣传手册、张贴禁烟标识等形式，积极向居民宣传吸烟与被动吸烟造成的危害，讲解控烟禁烟的相关法律政策等，引导居民把健康知识转变为健康行为，共建清洁环保的无烟社区，共享健康绿色的生活环境。&lt;img max-width=""600"" class=""content-image"" data-src=""h7fbg8uT6oAdxo1xkqmC8WF300N3CcsPhoXehSEyJh3L5eIi8PXjE8Kc2RO+5SVP6PciTW8K7ByMlSBPNQ2h47WTzmKYPwYvFkmu9a+AK6w="" width=""1150"" height=""774"" /烟头不落地，城市更美丽。随后，货场路社区新时代文明实践志愿者对辖区周边重点路段两侧、楼院绿化带、沿街商铺等公共区域的烟头、白色垃圾进行了清理。&lt;img max-width=""600"" class=""content-image"" data-src=""vrQqgk+FQSQmr7dDCa0gdhr/tor92w+Vb5574qWYztYghuGf0CtilupSd2WdijDsLdix4EYir+r+vG4JGbrdG7WTzmKYPwYvFkmu9a+AK6w="" width=""1148"" height=""782"" /通过此次控烟宣传及文明实践活动的开展，号召大家积极践行文明健康绿色环保生活方式，珍爱健康、拒绝烟草，有效提升了居民群众对烟草危害健康的认知，倡导“无烟生活”，携手共创美好生活环境。来源：货场路社区发布于：河南省",搜狐号,伊洛河畔看巩义,2024-01-19 16:22:20,http://m.sohu.com/a/752962021_609752,未知,控烟,正面,未知
202401014914,美女控烟劝导员，校园里的一道亮丽风景线！,title: 美女控烟劝导员，校园里的一道亮丽风景线！ summary: 美女控烟劝导员，校园里的一道亮丽风景线！ content: 美女控烟劝导员，校园里的一道亮丽风景线！,微头条,蓝颜知己592,2024-01-19 15:56:09,未知,未知,控烟,正面,未知
202401014926,德城区开展全区影&lt;span style=color: #F76435;剧院&lt;/span场所卫生专项检查,"title: 德城区开展全区影&lt;span style=color: #F76435;剧院&lt;/span场所卫生专项检查 summary: 从检查的情况看，各影剧院卫生管理制度基本健全，工作人员持有健康合格证明，放映厅机械通风状况良好，影院室内环境整洁，影剧院内有禁止吸烟的标识，配置的3D眼镜数量充足，严格按照要求进行消毒方法。 content: 为保障节日期间影剧院场所卫生，近日，德州市德城区疾病控制预防中心卫生执法人员对全区影剧院场所卫生状况进行了一次专项检查。此次检查共出动卫生监督员20人次，检查影剧院5家。卫生执法人员依照卫生规范要求，重点对影院经营单位持有卫生许可证、从业人员持有效健康合格证明、供顾客使用的3D 眼镜消毒措施、室内通风换气、控烟措施、各项卫生管理制度落实情况等进行检查。""""从检查的情况看，各影剧院卫生管理制度基本健全，工作人员持有健康合格证明，放映厅机械通风状况良好，影院室内环境整洁，影剧院内有禁止吸烟的标识，配置的3D眼镜数量充足，严格按照要求进行消毒方法。但也存在个别影剧院影片放映场次间隔时间过短的问题，卫生监督员要求各影剧院加强公共卫生管理，放映电影场次间隔时间不少于30分钟。来源|德城区疫控中心 编辑|郭晓璇德城区融媒体中心",人民号,德城区融媒体中心,2024-01-19 15:45:45,http://rmh.pdnews.cn/Pc/ArtInfoApi/article?id=39609396,未知,控烟,正面,未知
202401014939,国家控烟也不是你乱涨价的理由，活该,title: 国家控烟也不是你乱涨价的理由，活该 summary: 国家控烟也不是你乱涨价的理由，活该 content: 国家控烟也不是你乱涨价的理由，活该,头条号,乘风破浪的鲸鱼ET,2024-01-19 15:08:56,未知,未知,控烟,中性,未知
202401014945,这张照片是在2007年拍摄的，地点是成都市某高校的宿舍楼道上，拍到了学校学生会的控烟劝导员在休息时的情景。这位姑娘来自重庆市城口县，她考上大学后非常希望能够通过参加学生会锻炼自己，于是成为了学校的控烟劝导员，每周都会在学校里进行控烟劝导工作。重庆妹儿长得漂亮，身材也很好，戴着眼镜显得斯斯文文的，给人一种特别的感觉。,"title: 这张照片是在2007年拍摄的，地点是成都市某高校的宿舍楼道上，拍到了学校学生会的控烟劝导员在休息时的情景。这位姑娘来自重庆市城口县，她考上大学后非常希望能够通过参加学生会锻炼自己，于是成为了学校的控烟劝导员，每周都会在学校里进行控烟劝导工作。重庆妹儿长得漂亮，身材也很好，戴着眼镜显得斯斯文文的，给人一种特别的感觉。 summary: 这张照片是在2007年拍摄的，地点是成都市某高校的宿舍楼道上，拍到了学校学生会的控烟劝导员在休息时的情景。这位姑娘来自重庆市城口县，她考上大学后非常希望能够通过参加学生会锻炼自己，于是成为了学校的控烟劝导员，每周都会在学校里进行控烟劝导工作。 content: 这张照片是在2007年拍摄的，地点是成都市某高校的宿舍楼道上，拍到了学校学生会的控烟劝导员在休息时的情景。这位姑娘来自重庆市城口县，她考上大学后非常希望能够通过参加学生会锻炼自己，于是成为了学校的控烟劝导员，每周都会在学校里进行控烟劝导工作。重庆妹儿长得漂亮，身材也很好，戴着眼镜显得斯斯文文的，给人一种特别的感觉。 """,微头条,黄豆芽不是绿豆芽,2024-01-19 15:02:30,http://www.toutiao.com/w/i1788501295146075/,未知,控烟,正面,未知
202401014957,"【世卫组织发布报告：2025年全球吸烟者预计降至12亿】
据《环球时报》援引欧洲新闻网消息，世界卫生组织（WHO）日前发布了全球烟草使用流行趋势报告。报告称，2022年全球吸烟者数量呈下降趋势，约有1/5（12.45亿）的成年人吸烟，2000年这一比例为1/3。

预计到2025年，全球吸烟者数量将降至12亿。尽管全球吸烟者数量持续下降，但预计到2025年，还无法实现在2010年吸烟者数量基础上减少30%的全球目标，预计只有56个国家能实现该目标。

埃及、印度尼西亚、约旦等国的吸烟者数量仍在上升。WHO敦促各国继续实施控烟政策。WHO此次调查对象包含加热式的纸卷烟、叶卷、无烟烟草等，但不包括电子烟。","title: 【世卫组织发布报告：2025年全球吸烟者预计降至12亿】 据《环球时报》援引欧洲新闻网消息，世界卫生组织（WHO）日前发布了全球烟草使用流行趋势报告。报告称，2022年全球吸烟者数量呈下降趋势，约有1/5（12.45亿）的成年人吸烟，2000年这一比例为1/3。 预计到2025年，全球吸烟者数量将降至12亿。尽管全球吸烟者数量持续下降，但预计到2025年，还无法实现在2010年吸烟者数量基础上减少30%的全球目标，预计只有56个国家能实现该目标。 埃及、印度尼西亚、约旦等国的吸烟者数量仍在上升。WHO敦促各国继续实施控烟政策。WHO此次调查对象包含加热式的纸卷烟、叶卷、无烟烟草等，但不包括电子烟。 summary: 世界卫生组织日前发布了全球烟草使用流行趋势报告。报告称，2022年全球吸烟者数量呈下降趋势，约有1/5的成年人吸烟，2000年这一比例为1/3。预计到2025年，全球吸烟者数量将降至12亿。尽管全球吸烟者数量持续下降，但预计到2025年，还无法实现在2010年吸烟者数量基础上减少30%的全球目标，预计只有56个国家能实现该目标。 content: 【世卫组织发布报告：2025年全球吸烟者预计降至12亿】 据《环球时报》援引欧洲新闻网消息，世界卫生组织（WHO）日前发布了全球烟草使用流行趋势报告。报告称，2022年全球吸烟者数量呈下降趋势，约有1/5（12.45亿）的成年人吸烟，2000年这一比例为1/3。 预计到2025年，全球吸烟者数量将降至12亿。尽管全球吸烟者数量持续下降，但预计到2025年，还无法实现在2010年吸烟者数量基础上减少30%的全球目标，预计只有56个国家能实现该目标。 埃及、印度尼西亚、约旦等国的吸烟者数量仍在上升。WHO敦促各国继续实施控烟政策。WHO此次调查对象包含加热式的纸卷烟、叶卷、无烟烟草等，但不包括电子烟。 """,微头条,36氪快讯,2024-01-19 14:48:08,http://www.toutiao.com/w/i1788500391804931/,未知,控烟,正面,未知
202401014969,控烟[微笑R] 最好的方式不是禁止售卖吗？把烟草公司关了吧，一了百了，免得还得通过小手牵大手来引导家长戒烟，学校里的奇葩任务越来越多了,title: 控烟[微笑R] 最好的方式不是禁止售卖吗？把烟草公司关了吧，一了百了，免得还得通过小手牵大手来引导家长戒烟，学校里的奇葩任务越来越多了 summary: 控烟[微笑R]最好的方式不是禁止售卖吗？ content: 控烟[微笑R] 最好的方式不是禁止售卖吗？把烟草公司关了吧，一了百了，免得还得通过小手牵大手来引导家长戒烟，学校里的奇葩任务越来越多了,小红书,木恩,2024-01-19 12:33:00,http://www.xiaohongshu.com/discovery/item/65a9fb9a000000002b003275,未知,控烟、戒烟,中性,未知
202401014975,简阳市踏水镇开展“无烟佳节.与爱同行”控烟宣传活动,"title: 简阳市踏水镇开展“无烟佳节.与爱同行”控烟宣传活动 summary: 简阳市踏水镇开展无烟佳节.活动现场，工作人员通过悬挂横幅、发放宣传资料等方式，向群众讲解吸烟的危害和戒烟的重要性，积极倡导无烟家庭无烟佳节送烟=送危害等理念，改变以烟为礼的不良社会习俗。 content: 欢歌笑语辞旧岁，龙腾虎跃闹新春。2024年新春佳节即将到来，为进一步营造无烟佳节的氛围，引导群众践行文明健康绿色环保生活方式，1月19日上午，简阳市踏水镇治理办、镇司法所工作人员利用逢场天在人群密集的市场开展“无烟佳节.与爱同行”控烟宣传活动。&lt;img max-width=""600"" class=""content-image"" data-src=""i+xuDLks9VorTFRP5fQEOdh0d7KwZI7t0JqxDdGtnrr0RpaaNHhCf0JS+wLzkYsnUIVrXzLo7T3Z5jcJG2LoLZ0AJbsfJSbRKoXiyIIa2GY="" width=""534"" height=""364"" /活动现场，工作人员通过悬挂横幅、发放宣传资料等方式，向群众讲解吸烟的危害和戒烟的重要性，积极倡导“无烟家庭”“无烟佳节”“送烟=送危害”等理念，改变“以烟为礼”的不良社会习俗。除了现场宣传，各驻镇单位、村（社区）还充分利用LED屏等现代传媒手段，滚动播放控烟宣传标语和烟草危害的相关知识，让控烟理念深入人心，同时大大提升了群众自主戒烟的意愿，大力弘扬了无烟健康过节文化。&lt;img max-width=""600"" class=""content-image"" data-src=""EmSa7bvKq1EE4aebFHMv9/nSfGDqqoQtyOMkG5fvZF3a4mhtWDxQIwUZQoJbLmdzVbBjjFNMi9QMDgG14n/q4Z0AJbsfJSbRKoXiyIIa2GY="" width=""531"" height=""365"" /据统计，此次活动共发放宣传资料数千份，覆盖全场数千户家庭，得到了群众的强烈响应。许多群众表示，控烟是一场持久战，需要大家共同努力，要坚决“对二手烟说不”，远离烟味，用实际行动为我们的家人、朋友和社区创造一个无烟的环境，让健康成为春节的美好祝福。（踏水镇人民政府）发布于：北京市",搜狐号,中国长江号,2024-01-19 12:15:54,http://m.sohu.com/a/752902301_120756848,未知,控烟、戒烟,正面,未知
202401014987,过年不送烟：烟草依赖是致死性慢病|改变社会风气，降低烟草危害|绿会控烟组支持,"title: 过年不送烟：烟草依赖是致死性慢病|改变社会风气，降低烟草危害|绿会控烟组支持 summary: 过年不送烟：烟草依赖是致死性慢病|。改变社会风气，降低烟草危害|。在1月18日农历传统腊八节召开的过节送礼不送烟健康快乐过大年信息交流会上，主办方新探健康发展研究中心和北京健康教育协会向与会嘉宾发布了鼓励过年不送烟，促进社会风气良性向好的一系列设计产品。 content: 过年不送烟春节临近，又到了置备年货准备走亲访友的时候了。不知您的预备年货清单里，是否有这样东西：烟。如果有，建议尽快拿掉。因为，社会风气已经在改变，过去每逢节假日送烟敬酒，人们会觉得很平常，但现在，年货礼品更注重健康和品质。国家呼吸医学中心控制吸烟与呼吸疾病防控部主任肖丹曾明确表示，烟草依赖是致死性慢病。显然，过年送烟，是对吸烟行为的一种变相鼓励。在1月18日农历传统腊八节召开的“过节送礼不送烟 健康快乐过大年”信息交流会上，主办方新探健康发展研究中心和北京健康教育协会向与会嘉宾发布了鼓励过年不送烟，促进社会风气良性向好的一系列设计产品，其中包括：可供社会各界免费下载使用的宣传海报、造型可爱的控烟宣传IP吉祥物、“送礼不送烟”网络互动接龙小程序等，并邀请与会嘉宾现场参与。&lt;img class=""content-image"" data-src=""FlhNHe3dnu293E6ZtX6/IcBtPsOZN1xBjR51Pm15agEkMxF6KTaUzpZiC5B5qpgezJldP46aZHQLhsbgiCG53VcdUkDUYDWa283qmLRmEQY="" width=""1080"" height=""2376"" /中国疾病预防控制中心控烟办公室原主任，新探健康发展研究中心副主任姜垣介绍，2020年，中国人口占全球不到19%，但生产了全球46%的卷烟，肺癌新发病例占全球37%，死亡占39.8%。统计数据同时表明，每年春节和中秋节是卷烟销售高峰，春节期间销售超过平日的20-30%。&lt;img class=""content-image"" data-src=""1yUEsxyfsUpaAj7lfsOvA8BtPsOZN1xBjR51Pm15agEyND2gNntxwmaEmMj+j9GBfu4DsT65W/crfXPA06h1MqUIuoMyE0GHbVp9uxHl2E0="" width=""1080"" height=""810"" /（图源：中国绿发会控烟工作组）北京健康教育协会常务副会长刘秀荣表示，中国有烟民3.5亿，被动吸烟人群达7.4亿，几乎每个人都和烟草危害息息相关。&lt;img class=""content-image"" data-src=""AdrUyzrPRqQ3SLRqyklRvcBtPsOZN1xBjR51Pm15agHyG2JwJOoq1YVUa4BtLD2MipG7Wc3/mgrnc5H470moae2kSTNW/jczThO6rDrMg50="" width=""1080"" height=""810"" /（图源：中国绿发会控烟工作组）主办方提供的问卷调查数据亦显示，2023年中，收礼品烟、送礼品烟比例分别在18.4%和20.3%，仍有很大的改进空间。原中国预防医学科学院院长，新探健康发展研究中心前主任王克安在启动此次倡导接龙小程序时呼吁，不敬烟、不送烟，不在公共场合吸烟。&lt;img class=""content-image"" data-src=""wxcWD3sAnMjy6azFPk/mH8BtPsOZN1xBjR51Pm15agGHdz95OHUYxsypDJogtgoN0z8xxsort1s5m+5koY1exOQt0z3z/yzhsVpF1Y07bPM="" width=""1080"" height=""606"" /（图源：新探健康发展研究中心副主任姜垣PPT分享数据）随着我国加入世界卫生组织《烟草控制框架公约》和《健康中国行动（2019—2030年）》，人们对烟草危害的认知有了进一步的提升。春节是中华民族的传统佳节，2024年的龙年春节，也是联合国将春节（农历新年）确定为联合国假日后的首个春节。中国越来越多的传统节日和民俗文化正在被全球越来越多的国家所喜爱和接受，那么在这些节日的传承和推广中，也需要取其糟粕取其精华，让健康与环保理念得以发扬。中国生物多样性保护与绿色发展基金会（简称中国绿发会）控烟工作组从#生态保护协同控烟#角度切入推进控烟工作，先后提起了绿皮车吸烟危害公共环境健康、商场设置吸烟区污染室内公共场所等控烟领域的环境公益诉讼案例，这也是推动室内公共场所吸烟风气转变的重要内容。中国绿发会控烟工作组也将协同主办方和社会各界共同推动“送礼不送烟”的社会风气得到更多人的支持与接受。文/Tammy 审/cherry 编/angel长按识别，支出募捐【""熄""烟捡烟头,一起护环境!】发布于：北京市",搜狐号,中国绿发会,2024-01-19 11:57:46,http://m.sohu.com/a/752899782_100001695,未知,控烟,中性,未知
202401014993,​过年不送烟：&lt;span style=color: #F76435;烟草&lt;/span依赖是致死性慢病 | 改变社会风气，降低&lt;span style=color: #F76435;烟草&lt;/span危害 | 绿会控烟,"title: ​过年不送烟：&lt;span style=color: #F76435;烟草&lt;/span依赖是致死性慢病 | 改变社会风气，降低&lt;span style=color: #F76435;烟草&lt;/span危害 | 绿会控烟 summary: 中国绿发会控烟工作组也将协同主办方和社会各界共同推动送礼不送烟的社会风气得到更多人的支持与接受。 content: 春节临近，又到了置备年货准备走亲访友的时候了。不知您的预备年货清单里，是否有这样东西：烟。如果有，建议尽快拿掉。因为，社会风气已经在改变，过去每逢节假日送烟敬酒，人们会觉得很平常，但现在，年货礼品更注重健康和品质。国家呼吸医学中心控制吸烟与呼吸疾病防控部主任肖丹曾明确表示，烟草依赖是致死性慢病。显然，过年送烟，是对吸烟行为的一种变相鼓励。在1月18日农历传统腊八节召开的“过节送礼不送烟 健康快乐过大年”信息交流会上，主办方新探健康发展研究中心和北京健康教育协会向与会嘉宾发布了鼓励过年不送烟，促进社会风气良性向好的一系列设计产品，其中包括：可供社会各界免费下载使用的宣传海报、造型可爱的控烟宣传IP吉祥物、“送礼不送烟”网络互动接龙小程序等，并邀请与会嘉宾现场参与。""图源：新探健康发展研究中心副主任姜垣PPT分享数据中国疾病预防控制中心控烟办公室原主任，新探健康发展研究中心副主任姜垣介绍，2020年，中国人口占全球不到19%，但生产了全球46%的卷烟，肺癌新发病例占全球37%，死亡占39.8%。统计数据同时表明，每年春节和中秋节是卷烟销售高峰，春节期间销售超过平日的20-30%。北京健康教育协会常务副会长刘秀荣表示，中国有烟民3.5亿，被动吸烟人群达7.4亿，几乎每个人都和烟草危害息息相关。""图源：中国绿发会控烟工作组主办方提供的问卷调查数据亦显示，2023年中，收礼品烟、送礼品烟比例分别在18.4%和20.3%，仍有很大的改进空间。原中国预防医学科学院院长，新探健康发展研究中心前主任王克安在启动此次倡导接龙小程序时呼吁，不敬烟、不送烟，不在公共场合吸烟。""图源：中国绿发会控烟工作组随着我国加入世界卫生组织《烟草控制框架公约》和《健康中国行动（2019—2030年）》，人们对烟草危害的认知有了进一步的提升。春节是中华民族的传统佳节，2024年的龙年春节，也是联合国将春节（农历新年）确定为联合国假日后的首个春节。中国越来越多的传统节日和民俗文化正在被全球越来越多的国家所喜爱和接受，那么在这些节日的传承和推广中，也需要取其糟粕取其精华，让健康与环保理念得以发扬。中国生物多样性保护与绿色发展基金会（简称中国绿发会）控烟工作组从#生态保护协同控烟#角度切入推进控烟工作，先后提起了绿皮车吸烟危害公共环境健康、商场设置吸烟区污染室内公共场所等控烟领域的环境公益诉讼案例，这也是推动室内公共场所吸烟风气转变的重要内容。中国绿发会控烟工作组也将协同主办方和社会各界共同推动“送礼不送烟”的社会风气得到更多人的支持与接受。文|Tammy 审|cherry 编|dy",人民号,中国绿发会,2024-01-19 11:49:17,http://rmh.pdnews.cn/Pc/ArtInfoApi/article?id=39605400,未知,控烟,中性,未知
202401015005,健康教育进校园 护航&lt;span style=color: #F76435;学生健康&lt;/span成长,"title: 健康教育进校园 护航&lt;span style=color: #F76435;学生健康&lt;/span成长 summary: 此次健康教育进校园活动将持续到1月19日，城区各中小学校、各托幼机构将以健康讲座、班会、家长会等形式开展健康科普宣传，提高老师和孩子们的自我保护意识和卫生防病能力，为即将到来的假期营造一个更为健康、安全的环境，推动健康知识的普及。 content: 1月16日，南宁市武鸣区爱卫办、教育局、中医医院和妇幼保健院在红岭小学、武鸣区直属机关保育院开展2024年元旦春节“两节”“健康教育进校园”宣讲活动，为学校师生普及健康知识，进一步提高青少年儿童的健康素养，引导形成健康的行为和生活方式。""""活动中，医护人员运用幻灯片展示、交流互动、播放视频等方式，从生活细节入手，向学生们讲解爱国卫生运动、儿童青少年近视及肥胖防控、呼吸系统疾病防治、控烟等健康知识和技能，鼓励学生将学到的个人卫生知识带入家庭，通过“小手拉大手”带动家庭成员践行健康生活方式，保持家庭环境干净整洁，预防疾病的发生。""""此次“健康教育进校园”活动将持续到1月19日，城区各中小学校、各托幼机构将以健康讲座、班会、家长会等形式开展健康科普宣传，提高老师和孩子们的自我保护意识和卫生防病能力，为即将到来的假期营造一个更为健康、安全的环境，推动健康知识的普及。",人民号,南宁市武鸣区,2024-01-19 11:21:31,http://rmh.pdnews.cn/Pc/ArtInfoApi/article?id=39605671,未知,控烟,中性,未知
202401015011,严格收缴打火机，加强劝阻院区吸烟,"title: 严格收缴打火机，加强劝阻院区吸烟 summary: 严格收缴打火机，加强劝阻院区吸烟北京日报客户端|。针对这样的情况，医院相关职能科室加大了劝导和宣传的力度，在医院容易出现吸烟问题的区域增设了宣传板，同时加大了人员提醒力度。针对此前报道中专家建议推广缓解烟瘾的替代办法，市卫健委工作人员告诉记者，目前北京很多医院都设置了戒烟门诊，为吸烟者戒烟提供帮助。 content: 北京日报客户端 | 记者 景一鸣1月12日，本报报道了本市多家医院的控烟难题，其中不乏儿童、孕产妇集中就诊的专科医院。如何严格遵守《北京市控制吸烟条例》的规定，让患者远离烟草危害引起相关各方的关注。在报道发出当日，北京市卫健委、各家医院以及医院所在的辖区街道联合行动，发挥各自职能，就控烟问题进行了针对性的检查整改。1月15日记者再访首都医科大学附属北京儿童医院，发现烟头明显减少了，院内吸烟问题已有改善。""1月15日上午，记者来到首都医科大学附属北京儿童医院，对比首次探访，刚到院门就感觉到了明显变化。进入安检通道，不仅能看到劝导患儿家长主动放弃打火机的提示，语音广播也增加了频次，安检人员的手检也更细致了。记者注意到，一位患儿家长进入通道前，见此阵仗忙把打火机从裤兜里“调整”到了上衣兜里，但羽绒服的厚度并没让打火机“蒙混过关”，在安检过程中，很快被安检人员发现了。而更多患儿家长能够配合控烟工作，主动掏出了打火机。在收集弃置打火机的塑料筐里，打火机摞成了小山。“您好，这里仍然是禁烟区，请您不要在这里吸烟。”安保人员正在提醒离院的患儿家长。首次探访过程中，门诊楼前区域是吸烟者最密集的地方，很多吸烟者出了院门便迫不及待地点起了烟。安保人员指着门前地面上禁止吸烟的标线标识告诉记者，医院门前区域实际上也属禁烟区。按照首次探访路线，记者把医院的门诊楼前、超市门前以及楼内的卫生间等易出现烟头的点位重新走了一遍，发现安保人员的提醒和保洁人员的清理都更频繁了。记者还注意到，连超市的员工都加入了监督控烟的行列，他们说因为超市有“门前三包”的职责，“要是管不住吸烟的人，那我们‘门前三包’范围内的烟头就清不干净。”记者从首都医科大学附属北京儿童医院了解到，根据统计，每天来到医院的患儿家长达2万至3万人，其中超过40%来自于外省市，不同省市控烟程度有差别，很多人不知道《北京市控制吸烟条例》对于妇幼保健机构和儿童医院室内外区域都禁烟的规定。针对这样的情况，医院相关职能科室加大了劝导和宣传的力度，在医院容易出现吸烟问题的区域增设了宣传板，同时加大了人员提醒力度。为了帮助医院更好地展开控烟工作，属地月坛街道工作人员也来到了医院。工作人员说，属地会尽最大力量支持医院控烟，增加宣传活动的频次。如果遇到吸烟者不听劝阻的情况，也会快速协调执法力量，保障控烟工作的力度。据北京市卫健委工作人员介绍，本报报道发出当日，市卫健委联合各大医院全面展开了检查工作。正在改善的医院不仅包括报道中提到的各家妇幼医院，还扩大到了全市医疗系统，进一步强化医院的控烟工作。针对此前报道中专家建议推广缓解烟瘾的替代办法，市卫健委工作人员告诉记者，目前北京很多医院都设置了戒烟门诊，为吸烟者戒烟提供帮助。“现在国内生产的戒烟药物在这些医院的戒烟门诊都已经到位了，以方便患者诊疗、开药。”",新浪号,北京日报,2024-01-19 11:13:47,http://k.sina.cn/article_1893892941_70e2834d02001hh0z.html?from=news&subch=onews,未知,控烟、戒烟,中性,未知
202401015017,"元旦后，我去买烟时惊讶地发现，原本的平民烟每包都比以前贵了整整2块钱。这一消息无疑传递出了一个明确的信号——国家开始加强对烟草的管控了。对我而言，这意味着未来可能无法继续承担吸烟的费用，或许我已经到了戒烟的时候了。在心里默默念叨着：“祖国，对不起了，我这个烟龄已达30多年，或许再也无法继续为你贡献一丝一毫了。”随着春节的临近，我已下定决心，决定在春节过后彻底戒烟。
从数据上看，烟草价格的上涨必然会给吸烟者带来经济负担，这一举措也是国家在进一步强化控烟意识。事实上，控烟政策的实施已经成为世界范围内的潮流。各国都在加大烟草控制力度，通过提高烟草税、禁止在公共场所吸烟等手段，来鼓励人们远离烟草。个人戒烟不仅仅是为了自身健康着想，更是为了响应国家的政策，积极参与到构建健康中国的过程中去，这是每个烟民都应该思考的问题。#抽烟的回报# #戒烟心路历程# #多久没抽过的烟# #抽烟的代价# #需要好烟过年的# #你每天出来买烟# #烟是不可能戒了# #你考虑过戒烟吗# #却抽不了烟# #探讨戒烟之艰辛#","title: 元旦后，我去买烟时惊讶地发现，原本的平民烟每包都比以前贵了整整2块钱。这一消息无疑传递出了一个明确的信号——国家开始加强对烟草的管控了。对我而言，这意味着未来可能无法继续承担吸烟的费用，或许我已经到了戒烟的时候了。在心里默默念叨着：“祖国，对不起了，我这个烟龄已达30多年，或许再也无法继续为你贡献一丝一毫了。”随着春节的临近，我已下定决心，决定在春节过后彻底戒烟。 从数据上看，烟草价格的上涨必然会给吸烟者带来经济负担，这一举措也是国家在进一步强化控烟意识。事实上，控烟政策的实施已经成为世界范围内的潮流。各国都在加大烟草控制力度，通过提高烟草税、禁止在公共场所吸烟等手段，来鼓励人们远离烟草。个人戒烟不仅仅是为了自身健康着想，更是为了响应国家的政策，积极参与到构建健康中国的过程中去，这是每个烟民都应该思考的问题。#抽烟的回报# #戒烟心路历程# #多久没抽过的烟# #抽烟的代价# #需要好烟过年的# #你每天出来买烟# #烟是不可能戒了# #你考虑过戒烟吗# #却抽不了烟# #探讨戒烟之艰辛# summary: 元旦后，我去买烟时惊讶地发现，原本的平民烟每包都比以前贵了整整2块钱。这一消息无疑传递出了一个明确的信号——国家开始加强对烟草的管控了。对我而言，这意味着未来可能无法继续承担吸烟的费用，或许我已经到了戒烟的时候了。随着春节的临近，我已下定决心，决定在春节过后彻底戒烟。 content: 元旦后，我去买烟时惊讶地发现，原本的平民烟每包都比以前贵了整整2块钱。这一消息无疑传递出了一个明确的信号——国家开始加强对烟草的管控了。对我而言，这意味着未来可能无法继续承担吸烟的费用，或许我已经到了戒烟的时候了。在心里默默念叨着：“祖国，对不起了，我这个烟龄已达30多年，或许再也无法继续为你贡献一丝一毫了。”随着春节的临近，我已下定决心，决定在春节过后彻底戒烟。 从数据上看，烟草价格的上涨必然会给吸烟者带来经济负担，这一举措也是国家在进一步强化控烟意识。事实上，控烟政策的实施已经成为世界范围内的潮流。各国都在加大烟草控制力度，通过提高烟草税、禁止在公共场所吸烟等手段，来鼓励人们远离烟草。个人戒烟不仅仅是为了自身健康着想，更是为了响应国家的政策，积极参与到构建健康中国的过程中去，这是每个烟民都应该思考的问题。#抽烟的回报# #戒烟心路历程# #多久没抽过的烟# #抽烟的代价# #需要好烟过年的# #你每天出来买烟# #烟是不可能戒了# #你考虑过戒烟吗# #却抽不了烟# #探讨戒烟之艰辛# """,微头条,高冷小猫K3,2024-01-19 11:09:26,http://www.toutiao.com/w/i1788449345324042/,未知,戒烟、控烟,正面,未知
202401015024,长顺审计局举办“无烟佳节，与爱同行”活动,"title: 长顺审计局举办“无烟佳节，与爱同行”活动 summary: 长顺审计局举办无烟佳节，与爱同行活动遵照《中共中央办公厅国务院办公厅关于领导干部在公共场所禁烟规定》及《国务院关于实施健康中国行动的意见》之精神，为深入推进控烟工作，引导公众走向文明、健康、绿色的生活道路，并营造浓郁的无烟春节气氛。长顺县审计局将响应贵州省爱国卫生运动委员会号召，开展以&amp;#34。 content: 遵照《中共中央办公厅 国务院办公厅关于领导干部在公共场所禁烟规定》及《国务院关于实施健康中国行动的意见》之精神，为深入推进控烟工作，引导公众走向文明、健康、绿色的生活道路，并营造浓郁的无烟春节气氛，长顺县审计局将响应贵州省爱国卫生运动委员会号召，开展以&amp;#34;无烟佳节，与爱同行&amp;#34;为主题的活动。在此次活动中，我们采取了多项措施。首先，我们组织全体干部召开会议，要求大家严格遵守《无烟党政机关建设指南》中的要求，切实执行不在公共场所吸烟，力所能及地推广控烟知识，并成为文明行为的引领者。""此外，我们还充分利用信息技术。局办公室通过短信平台向全局审计干部职工发送倡导短信，呼吁大家共同度过无烟健康春节，发扬无烟过节的良好习俗；同时也借助下乡调研的机会，走访挂帮村，实地开展无烟宣传活动。通过详细解析吸烟和二手烟的危害，提高村民的戒烟意识，引导他们改变生活习惯，形成&amp;#34;不吸烟、主动戒烟&amp;#34;的生活态度，持续推广&amp;#34;对二手烟说不&amp;#34;这种健康生活理念。""",头条号,极速小猫GY5,2024-01-19 11:03:32,http://www.toutiao.com/w/i7325637423021687336/,未知,控烟、戒烟,中性,未知
202401015036,【世卫组织：#2025年全球吸烟者预计降至12亿#】据《环球时报》援引欧洲新闻网消息，世界卫生组织（WHO）日前发布了全球烟草使用流行趋势报告。报告称，2022年全球吸烟者数量呈下降趋势，约有1/5（12.45亿）的成年人吸烟，2000年这一比例为1/3。预计到2025年，全球吸烟者数量将降至12亿。尽管全球吸烟者数量持续下降，但预计到2025年，还无法实现在2010年吸烟者数量基础上减少30%的全球目标，预计只有56个国家能实现该目标。埃及、印度尼西亚、约旦等国的吸烟者数量仍在上升。WHO敦促各国继续实施控烟政策。WHO此次调查对象包含加热式的纸卷烟、叶卷、无烟烟草等，但不包括电子烟。https://www.thepaper.cn/newsDetail_forward_26066866,"title: 【世卫组织：#2025年全球吸烟者预计降至12亿#】据《环球时报》援引欧洲新闻网消息，世界卫生组织（WHO）日前发布了全球烟草使用流行趋势报告。报告称，2022年全球吸烟者数量呈下降趋势，约有1/5（12.45亿）的成年人吸烟，2000年这一比例为1/3。预计到2025年，全球吸烟者数量将降至12亿。尽管全球吸烟者数量持续下降，但预计到2025年，还无法实现在2010年吸烟者数量基础上减少30%的全球目标，预计只有56个国家能实现该目标。埃及、印度尼西亚、约旦等国的吸烟者数量仍在上升。WHO敦促各国继续实施控烟政策。WHO此次调查对象包含加热式的纸卷烟、叶卷、无烟烟草等，但不包括电子烟。https://www.thepaper.cn/newsDetail_forward_26066866 summary: 世界卫生组织日前发布了全球烟草使用流行趋势报告。报告称，2022年全球吸烟者数量呈下降趋势，约有1/5的成年人吸烟，2000年这一比例为1/3。尽管全球吸烟者数量持续下降，但预计到2025年，还无法实现在2010年吸烟者数量基础上减少30%的全球目标，预计只有56个国家能实现该目标。 content: 【世卫组织：#2025年全球吸烟者预计降至12亿#】据《环球时报》援引欧洲新闻网消息，世界卫生组织（WHO）日前发布了全球烟草使用流行趋势报告。报告称，2022年全球吸烟者数量呈下降趋势，约有1/5（12.45亿）的成年人吸烟，2000年这一比例为1/3。预计到2025年，全球吸烟者数量将降至12亿。尽管全球吸烟者数量持续下降，但预计到2025年，还无法实现在2010年吸烟者数量基础上减少30%的全球目标，预计只有56个国家能实现该目标。埃及、印度尼西亚、约旦等国的吸烟者数量仍在上升。WHO敦促各国继续实施控烟政策。WHO此次调查对象包含加热式的纸卷烟、叶卷、无烟烟草等，但不包括电子烟。https://www.thepaper.cn/newsDetail_forward_26066866 """,微头条,澎湃新闻,2024-01-19 10:13:55,http://www.toutiao.com/w/i1788486040617984/,未知,控烟,正面,未知
202401015043,阿尔山市林海街道开展“无烟佳节 与爱同行”控烟宣传活动,"title: 阿尔山市林海街道开展“无烟佳节 与爱同行”控烟宣传活动 summary: 阿尔山市林海街道开展无烟佳节与爱同行控烟宣传活动新春佳节将至，为进一步推动控烟工作开展，引导干部职工、居民践行文明健康生活方式，更好地推广控烟理念、倡导无烟环境建设，促进公众减少烟草使用行为，营造良好的控烟氛围。1月18日，林海街道开展无烟佳节与爱同行控烟宣传活动。 content: 新春佳节将至，为进一步推动控烟工作开展，引导干部职工、居民践行文明健康生活方式，更好地推广控烟理念、倡导“无烟环境”建设，促进公众减少烟草使用行为，营造良好的控烟氛围。1月18日，林海街道开展“无烟佳节 与爱同行”控烟宣传活动。""""活动中，工作人员首先对单位内禁烟标识、海报的张贴情况进行查看，对破损、缺失的及时进行更换、张贴，引导广大干部职工不吸烟、不备烟、不敬烟，对外来办事人员吸烟行为及时进行劝阻。随后向居民发放控烟宣传资料，大力弘扬无烟健康过节文化，倡导“送烟=送危害”，积极向居民宣讲吸烟与被动吸烟造成的危害，引导辖区居民把健康知识转变为健康行为，提升居民的戒烟意识。""""""下一步，街道将继续加强无烟单位巩固创建工作，在做好干部职工宣传教育工作同时，也将加大对辖区居民的引导，从自己做起，从现在做起，追求文明健康、绿色低碳的生活方式，拒绝烟草危害，珍爱生命！（稿源：阿尔山市林海街道办事处 文字：张小梅）",头条号,阿尔山市林海街办事处,2024-01-19 08:55:31,http://www.toutiao.com/w/i7325606530785804809/,未知,控烟、戒烟,正面,未知
202401015080,为证吸烟无害，上世纪英国对48只狗进行实验，三年每天吸食10,"title: 为证吸烟无害，上世纪英国对48只狗进行实验，三年每天吸食10 summary: 为证吸烟无害，上世纪英国对48只狗进行实验，三年每天吸食10标题：《缭绕千年的烟云：吸烟文化的奇幻历史与公共健康之挑战》。吸烟文化的未来展望随着全球范围内对烟草危害的认知不断提高，吸烟文化的未来充满了挑战与机遇。愿公众更加理性看待吸烟，为共建一个更加清新健康的未来共同努力。 content: 标题：《缭绕千年的烟云：吸烟文化的奇幻历史与公共健康之挑战》""在历史的深远光影中，吸烟这一古老的仪式如同一抹悠悠炊烟，烙印着人类文明的多重维度。从印第安部落的医疗神秘到现代控烟运动的激烈斗争，吸烟文化的传承承载着医学、宗教、社交和权力等元素。在这篇推文中，我们将追溯吸烟的古老根源，探索其传播演变的脉络，并聚焦于吸烟文化引发的公共健康之争。""烟草的起源：印第安文明的草本奇迹""远在5000至3000年前，美洲印第安人最早发现了烟草这一神秘的植物。起初，他们将烟草用作医药，治愈蛇虫咬伤、头痛和焦虑等症状。烟草逐渐融入部落的宗教仪式，成为祭祀祖先或与神灵交流的象征。然而，这一发现在1492年的哥伦布航海中引起了欧洲殖民者的好奇与震撼。""欧洲的吸烟热潮：社交、时尚与权势象征""哥伦布的接触让欧洲人瞠目结舌地发现印第安人吸烟的神秘方式。这一发现成为欧洲殖民者第一次接触烟草的契机。从此，烟草、烟斗和雪茄成为上层社会的时尚象征。各国贵族、文人学者纷纷效仿，吸烟不仅是一种自发的文化体验，更成为社交场合彰显地位和财富的手段。""吸烟文化的传播与认同""从16世纪中期开始，吸烟习俗在欧洲和世界各地迅速传播。社会各界对吸烟的态度呈现多层次，普通大众因新奇而好奇，而上层社会则通过吸烟仪式展示威严和魅力。尽管当时对烟草潜在风险认知不足，吸烟在文化上得到了广泛传播和认同。""烟草的演变：从烟斗到香烟""然而，烟草的吸食方式在历史进程中发生了演变。早期的烟草吸食方式与后来的香烟有明显区别，含尼古丁总量较低，通过口腔而非肺部吸入，对人体生理系统的危害相对较小。这一演变在很大程度上减缓了对烟草潜在风险的认知。""香烟的崛起与公共健康之忧""19世纪中期，奥斯曼帝国的烟草吸食方式成为香烟的雏形，其简便、低廉的特点使其在西方国家迅速传播。香烟成为大众生活中的主要烟草消费方式，但伴随而来的是对其潜在危害的担忧。科学家们开始关注烟草对健康的影响，但由于政治环境和烟草经济利益，公众对此关注有限。""狗的悲惨实验与揭露""20世纪中后期，烟草公司为了维护利益，资助大量动物实验以争取舆论支持。其中，英国帝国烟草公司在1953至1956年间的虐待狗的实验引起了公愤。科学家和商人无视伦理底线，将狗当作利润工具，甚至为掩盖真相而设置了两套通风系统，将烟雾毒害实验动物。""揭露与抵制：公共健康运动的崛起""在这场虐待狗实验的丑闻中，英国女记者玛丽·贝丝发挥了重要作用。她通过卧底实验室亲身经历了狗的虐待场景，最终揭露了烟草公司的不道德行为。这起案例引发了公众的愤慨，推动了一系列制止烟草公司滥用动物实验的法律和监管措施。""全球控烟运动的兴起""随着公共健康领域对烟草影响的关注增加，全球范围内控烟运动逐渐兴起。2003年，世界卫生组织通过了《烟草控制框架公约》，呼吁各国政府采取行动遏制烟草产业的社会危害。这标志着全球范围内控烟运动的高潮到来。""吸烟文化的历史反思：公共健康的未来之路""吸烟文化的历史演变既是文明的一部分，也是对健康和社会责任的思考。控烟运动的崛起展示了人类对公共健康的关切，尽管面对强大的经济利益和政策阻力，越来越多的人选择站在民众健康的一方，展开反烟运动。这场关乎公共利益的社会争论仍在继续，吸烟文化的历史故事也在我们的日常生活中持续演绎。""吸烟文化的未来展望随着全球范围内对烟草危害的认知不断提高，吸烟文化的未来充满了挑战与机遇。尽管控烟运动取得了一系列胜利，但仍然有不少人持续选择吸烟，这使得公共健康仍然受到威胁。未来，我们需要更加深入地思考如何在维护个体自由的同时，有效降低吸烟对社会健康的负面影响。科技与控烟创新科技的进步为控烟运动带来了新的希望。电子烟的兴起成为一个备受关注的话题。虽然电子烟在一定程度上可以减少对传统烟草的依赖，但其安全性和长期影响仍然存在争议。探索科技创新，研发更为安全的替代品将成为未来控烟努力的一部分。全球合作与政策推动吸烟问题是一个全球性的挑战，需要跨国合作和共同努力。各国政府应加强合作，分享成功经验和最佳实践，共同应对烟草产业的挑战。通过国际性的政策框架，促使全球范围内的吸烟控制取得更为显著的成果。教育与宣传的加强公众教育和宣传是控制吸烟的重要手段。借鉴过去成功的反烟宣传案例，未来的教育活动可以更加针对不同年龄层次和社会群体，通过多媒体、社交媒体等渠道传递吸烟对健康的危害信息，提高公众对吸烟的警惕性。个体责任与社会支持在推动公共健康的同时，也需要强调个体责任。吸烟者应该更加自觉地关注自己的健康，并积极寻求戒烟的支持。社会应提供更多的戒烟辅助措施，为那些希望摆脱吸烟困扰的人提供更多的选择。文化多元性的尊重与协调吸烟文化在不同地区有着不同的历史和文化根基。在控烟的过程中，需要尊重并理解这些文化差异，制定灵活而有针对性的措施。文化多元性的尊重将更有助于控制吸烟问题，避免因过于强硬的手段而引发反感。绿色控烟：环保与健康的共赢未来的控烟运动还应关注烟蒂对环境的影响。烟蒂是一种常见的垃圾，含有有害物质，对土壤和水源造成污染。推动绿色控烟，鼓励使用可降解材料制作烟蒂，有助于实现环保与健康的双重共赢。结语吸烟文化的历史是一个演绎千年的故事，它记录着人类与烟雾的交缠，以及对健康、社交和文明的思考。控烟运动的历史反映了人类对公共健康的不懈追求。未来，我们期待通过科技、教育、全球合作和绿色控烟的努力，为吸烟文化的健康未来奠定基石。愿公众更加理性看待吸烟，为共建一个更加清新健康的未来共同努力。",头条号,上进的拒绝不了马内,2024-01-19 07:00:00,http://www.toutiao.com/w/i7325139298339078656/,未知,控烟、戒烟,正面,未知
202401014373,你说说你！这些美国人真是会搞事情！他们控烟运动做得好，吸烟人数减少了，肺癌的发病率和死亡率自然就下降了。,title: 你说说你！这些美国人真是会搞事情！他们控烟运动做得好，吸烟人数减少了，肺癌的发病率和死亡率自然就下降了。 summary: 你说说你！这些美国人真是会搞事情！他们控烟运动做得好，吸烟人数减少了，肺癌的发病率和死亡率自然就下降了。 content: 你说说你！这些美国人真是会搞事情！他们控烟运动做得好，吸烟人数减少了，肺癌的发病率和死亡率自然就下降了。,网易号,忧愁几许,2024-01-18 23:48:29,未知,未知,控烟,负面,未知
202401014380,没办法，做控烟圈把火力变太小。艾烟大只能考虑排烟。,title: 没办法，做控烟圈把火力变太小。艾烟大只能考虑排烟。 summary: 没办法，做控烟圈把火力变太小。艾烟大只能考虑排烟。 content: 没办法，做控烟圈把火力变太小。艾烟大只能考虑排烟。,小红书,朱斯琦蕲艾灸王,2024-01-18 22:35:29,未知,未知,控烟,中性,未知
202401014395,楼道抽烟监测报警系统 员工违规吸烟检测系统,"title: 楼道抽烟监测报警系统 员工违规吸烟检测系统 summary: 楼道抽烟监测报警系统员工违规吸烟检测系统楼道抽烟监测报警系统员工违规吸烟检测系统利用现场已有的监控摄像头，楼道抽烟监测报警系统员工违规吸烟检测系统通过先进的图像处理和模式识别技术，对监控区域内的人员抽烟行为进行实时监测和识别。 content: 楼道抽烟监测报警系统 员工违规吸烟检测系统利用现场已有的监控摄像头，楼道抽烟监测报警系统 员工违规吸烟检测系统通过先进的图像处理和模式识别技术，对监控区域内的人员抽烟行为进行实时监测和识别。一旦发现有吸烟行为，系统会立即发出警报，以最快的方式通知相关人员进行处理。与传统的方法和技术相比，楼道抽烟监测报警系统 员工违规吸烟检测系统具有许多优势。它能够实现全方位实时监控，弥补了传统方法的盲区。""在当今社会，安全生产已成为各行各业关注的焦点。尤其在建筑工地、办公室、楼道等公共场所，对于烟蒂的管控更是重中之重。如何有效地监测并阻止吸烟行为，成为了一个亟待解决的问题。而基于AI人工智能机器视觉分析识别技术的抽烟识别检测系统，正是解决这一问题的有力工具。该系统具有高度的准确性和可靠性，大大降低了误报和漏报的可能性。此外，该系统还能主动发现吸烟行为，变被动“监督”为主动“监控”，大大提高了工作效率和安全性。""楼道抽烟监测报警系统 员工违规吸烟检测系统的应用，不仅为安全生产管理提供了先进的技术手段，更有助于构建智能监控和防范体系。楼道抽烟监测报警系统 员工违规吸烟检测系统能够有效地预防火灾等安全事故的发生，保障人民群众的生命财产安全。同时，该系统的实施也符合国家对于公共场所控烟的政策要求，有助于推动社会的文明进步。楼道抽烟监测报警系统 员工违规吸烟检测系统将在更多领域得到应用。它将成为保障公共安全的重要工具，助力各行各业实现安全生产智能化升级。让我们共同期待这一天的到来，为构建和谐、安全的社会环境贡献力量。""",百家号,燧机科技SuiJi,2024-01-18 22:20:12,http://baijiahao.baidu.com/s?id=1788438236378203256,未知,控烟,负面,未知
202401014415,右手拿着烟？还控烟劝导员？,title: 右手拿着烟？还控烟劝导员？ summary: 右手拿着烟？还控烟劝导员？ content: 右手拿着烟？还控烟劝导员？,微头条,多彩葡萄Tg,2024-01-18 20:51:24,未知,未知,控烟,中性,未知
202401014427,"全球吸烟问题一直备受关注，各国的吸烟率也成为社会研究的重要指标。根据最新的数据显示，瑙鲁以惊人的48.5%高居全球吸烟率榜首，成为吸烟量最大的国家。
紧随其后的是缅甸，吸烟率高达44.1%，位列第二。而排名第三的国家是基里巴斯，其吸烟率达到40.6%。这些数据引发了人们对于吸烟问题的深入思考。
在这些数据之中，我们不难发现，多数国家吸烟率在30%以上，甚至超过40%，这给全球公共卫生和医疗体系带来了巨大挑战。长期吸烟不仅容易导致各种慢性疾病，还会加重医疗负担。
这些数据背后，无疑反映出全球吸烟问题的严峻性，也提醒我们需要加强全球范围内的吸烟控制和预防工作，促进全球范围内的健康生活方式。只有坚决控烟，才能更好地保障人民的身体健康和全球公共卫生安全。
素材源于网络，侵删，欢迎转发评论！#戒烟真的难吗？# #资深烟民见解# #抽烟的错误选择# #香烟的危害# #你戒烟了吗？# #你考虑过戒烟吗# #探讨戒烟之艰辛# #你戒烟了吗？！# #戒烟有多难呢# #探讨吸烟现状#","title: 全球吸烟问题一直备受关注，各国的吸烟率也成为社会研究的重要指标。根据最新的数据显示，瑙鲁以惊人的48.5%高居全球吸烟率榜首，成为吸烟量最大的国家。 紧随其后的是缅甸，吸烟率高达44.1%，位列第二。而排名第三的国家是基里巴斯，其吸烟率达到40.6%。这些数据引发了人们对于吸烟问题的深入思考。 在这些数据之中，我们不难发现，多数国家吸烟率在30%以上，甚至超过40%，这给全球公共卫生和医疗体系带来了巨大挑战。长期吸烟不仅容易导致各种慢性疾病，还会加重医疗负担。 这些数据背后，无疑反映出全球吸烟问题的严峻性，也提醒我们需要加强全球范围内的吸烟控制和预防工作，促进全球范围内的健康生活方式。只有坚决控烟，才能更好地保障人民的身体健康和全球公共卫生安全。 素材源于网络，侵删，欢迎转发评论！#戒烟真的难吗？# #资深烟民见解# #抽烟的错误选择# #香烟的危害# #你戒烟了吗？# #你考虑过戒烟吗# #探讨戒烟之艰辛# #你戒烟了吗？！# #戒烟有多难呢# #探讨吸烟现状# summary: 全球吸烟问题一直备受关注，各国的吸烟率也成为社会研究的重要指标。根据最新的数据显示，瑙鲁以惊人的48.5%高居全球吸烟率榜首，成为吸烟量最大的国家。这些数据背后，无疑反映出全球吸烟问题的严峻性，也提醒我们需要加强全球范围内的吸烟控制和预防工作，促进全球范围内的健康生活方式。 content: 全球吸烟问题一直备受关注，各国的吸烟率也成为社会研究的重要指标。根据最新的数据显示，瑙鲁以惊人的48.5%高居全球吸烟率榜首，成为吸烟量最大的国家。 紧随其后的是缅甸，吸烟率高达44.1%，位列第二。而排名第三的国家是基里巴斯，其吸烟率达到40.6%。这些数据引发了人们对于吸烟问题的深入思考。 在这些数据之中，我们不难发现，多数国家吸烟率在30%以上，甚至超过40%，这给全球公共卫生和医疗体系带来了巨大挑战。长期吸烟不仅容易导致各种慢性疾病，还会加重医疗负担。 这些数据背后，无疑反映出全球吸烟问题的严峻性，也提醒我们需要加强全球范围内的吸烟控制和预防工作，促进全球范围内的健康生活方式。只有坚决控烟，才能更好地保障人民的身体健康和全球公共卫生安全。 素材源于网络，侵删，欢迎转发评论！#戒烟真的难吗？# #资深烟民见解# #抽烟的错误选择# #香烟的危害# #你戒烟了吗？# #你考虑过戒烟吗# #探讨戒烟之艰辛# #你戒烟了吗？！# #戒烟有多难呢# #探讨吸烟现状# """,微头条,Tiy耶,2024-01-18 19:44:37,http://www.toutiao.com/w/i1788359919917194/,未知,控烟、戒烟,正面,未知
202401014432,应该将香烟涨价，在现有价格基础上，再涨两倍到五倍。用价格杠杆控烟也是一个可行办法！,title: 应该将香烟涨价，在现有价格基础上，再涨两倍到五倍。用价格杠杆控烟也是一个可行办法！ summary: 应该将香烟涨价，在现有价格基础上，再涨两倍到五倍。用价格杠杆控烟也是一个可行办法！ content: 应该将香烟涨价，在现有价格基础上，再涨两倍到五倍。用价格杠杆控烟也是一个可行办法！,大风号,凤凰网友HNFK1,2024-01-18 18:54:19,未知,未知,控烟,中性,未知
202401014438,"全球吸烟率下降背后的隐忧：我们真的在赢得战斗吗？
尽管全球烟草使用率持续下降，但烟草带来的健康问题仍然存在，且新型烟草产品的崛起可能将年轻一代带入另一种形式的烟瘾。因此，我们需要继续推进全球控烟工作，加强对新型烟草产品的监管，提高公众对烟草危害的认识，并支持低收入国家建立更强大的烟草控制体系。","title: 全球吸烟率下降背后的隐忧：我们真的在赢得战斗吗？ 尽管全球烟草使用率持续下降，但烟草带来的健康问题仍然存在，且新型烟草产品的崛起可能将年轻一代带入另一种形式的烟瘾。因此，我们需要继续推进全球控烟工作，加强对新型烟草产品的监管，提高公众对烟草危害的认识，并支持低收入国家建立更强大的烟草控制体系。 summary: 全球吸烟率下降背后的隐忧：我们真的在赢得战斗吗？尽管全球烟草使用率持续下降，但烟草带来的健康问题仍然存在，且新型烟草产品的崛起可能将年轻一代带入另一种形式的烟瘾。因此，我们需要继续推进全球控烟工作，加强对新型烟草产品的监管，提高公众对烟草危害的认识，并支持低收入国家建立更强大的烟草控制体系。 content: 全球吸烟率下降背后的隐忧：我们真的在赢得战斗吗？ 尽管全球烟草使用率持续下降，但烟草带来的健康问题仍然存在，且新型烟草产品的崛起可能将年轻一代带入另一种形式的烟瘾。因此，我们需要继续推进全球控烟工作，加强对新型烟草产品的监管，提高公众对烟草危害的认识，并支持低收入国家建立更强大的烟草控制体系。 """,微头条,普适不存在,2024-01-18 18:40:30,http://www.toutiao.com/w/i1788424413767936/,未知,控烟,正面,未知
202401014445,全球吸烟率下降背后的隐忧：我们真的在赢得战斗吗？,"title: 全球吸烟率下降背后的隐忧：我们真的在赢得战斗吗？ summary: 全球吸烟率下降背后的隐忧：我们真的在赢得战斗吗？世界卫生组织最新发布的《2000至2030年全球烟草使用流行趋势报告》揭示了一个看似振奋人心的趋势：全球烟草使用率持续下降。控烟斗争远未结束，新型烟草产品的崛起、烟草控制政策的不平等、烟草产业的隐秘战术，以及烟草带来的持续健康负担，这些都是我们不能忽视的问题。 content: ""世界卫生组织最新发布的《2000至2030年全球烟草使用流行趋势报告》揭示了一个看似振奋人心的趋势：全球烟草使用率持续下降。数据显示，2022年全球约有五分之一的成年人吸烟，而2000年这一比例为三分之一。这表面上的胜利似乎传递出了一个信息：全球控烟工作正取得显著成效。但在这些数据的背后，隐藏着我们不得不面对的隐忧。烟草消费下降：表象与实质报告中的数据确实令人鼓舞，全球约有12.45亿成年烟草使用者，男性超过10亿，女性约2.24亿。然而，这些数字的下降并不意味着烟草带来的威胁已经消失。事实上，随着烟草公司的市场策略转变，新型烟草产品如电子烟的流行，可能正将年轻一代带入另一种形式的烟瘾。新型烟草产品的崛起电子烟等新型烟草产品的兴起，被一些人誉为戒烟的替代品，但其长期健康影响仍然是未知数。研究表明，电子烟的使用正在迅速增加，尤其是在年轻人群中。这种趋势引发了公共卫生专家的担忧：我们是否只是在用一种瘾替换另一种瘾？烟草控制政策的不平等尽管全球烟草使用率总体下降，但这一趋势在不同国家和地区之间是不均匀的。发展中国家，特别是低收入国家，仍然面临烟草消费高企的问题。这部分原因在于烟草公司将目标市场转移到了这些地区，另一部分原因则是这些国家的烟草控制措施相对薄弱。烟草产业的隐秘战术烟草产业为了保持其市场份额，不断采用隐秘策略来规避控烟政策。从赞助体育赛事到社交媒体营销，烟草公司在寻找新的途径以吸引消费者，特别是年轻人。这种策略的狡猾之处在于它们往往难以被直接监管。烟草带来的健康负担烟草使用的下降并没有根本上解决烟草带来的健康问题。世界卫生组织估计，每年有800万人因烟草使用而死亡。这个数字是惊人的，意味着每天有近22000人死于与烟草相关的疾病。结论：警惕乐观的陷阱尽管全球烟草使用率的下降是一个积极信号，但我们必须警惕乐观的陷阱。控烟斗争远未结束，新型烟草产品的崛起、烟草控制政策的不平等、烟草产业的隐秘战术，以及烟草带来的持续健康负担，这些都是我们不能忽视的问题。我们必须坚持不懈地推进全球控烟工作，加强对新型烟草产品的监管，提高公众对烟草危害的认识，并支持低收入国家建立更强大的烟草控制体系。只有这样，我们才能确保这场战斗取得真正的胜利。那么，你认为我们应该如何应对新型烟草产品的挑战？对于烟草公司的隐秘市场策略，我们又该如何应对？欢迎在评论区留下你的观点。",头条号,普适不存在,2024-01-18 18:40:10,http://www.toutiao.com/w/i7325385945749766690/,未知,控烟、戒烟,中性,未知
202401014457,全民健康网格化服务丨漳墩镇开展“共建无烟环境，共享健康生活”主题宣传活动,"title: 全民健康网格化服务丨漳墩镇开展“共建无烟环境，共享健康生活”主题宣传活动 summary: 全民健康网格化服务丨漳墩镇开展共建无烟环境，共享健康生活主题宣传活动为了净化漳墩镇卫生环境，助力全市创建全国文明城市工作，提升广大群众主动戒烟意识，漳墩镇开展了共建无烟环境共享健康生活健康教育宣传活动。 content: 为了净化漳墩镇卫生环境，助力全市创建全国文明城市工作，提升广大群众主动戒烟意识，漳墩镇开展了“共建无烟环境 共享健康生活”健康教育宣传活动。此次活动中，工作人员向群众传达禁烟、控烟知识，包括烟草的危害、二手烟的危害以及戒烟方法等。工作人员向前来咨询的群众科普了烟草对人体和环境的危害，科学引导大家远离烟草，自觉树立控烟意识，养成良好的健康生活习惯和文明生活方式，并呼吁大家做无烟理念的倡导者和无烟行动的先行者，以“小行动”呼唤“大健康”。&lt;img class=""content-image"" data-src=""t3/aQzRlO0/sBY0zrGUHDsmJ5ULT+qz1crB9Zo+mUNN7smUrPvZERDis5o00eCUOTD7hHTiwDGSxwa+9Aj/1kI7XT6NIgMh8j/QBVDZgl3M="" width=""1080"" height=""810"" /工作人员到漳墩中心小学进行“世界无烟日”的宣传，倡导青少年勇于拒绝第一支烟，争做“不吸烟、我健康、我时尚”的新一代，主动远离传统烟草产品和电子烟，远离烟草危害。 &lt;img class=""content-image"" data-src=""Ia4yZ4hqAGnFYOx5SsJGIMmJ5ULT+qz1crB9Zo+mUNNb5dimqgapn6dqvEUnMX09eB1Hp7ElyzukZ1p6Y6ll0nF4bmZ5p7ATFiXxCrQZpKE="" width=""1080"" height=""810"" /在进行宣传的同时，倡议机关干部和人民群众签署控烟戒烟承诺书，累计收到承诺书100余份。通过此次宣传活动，进一步提高了群众对烟草危害的认识，自觉树立控烟意识，养成良好的健康生活方式，积极参与，传递文明，逐步做到不在公共场所吸烟，不敬烟、不送烟，共创一个没有烟草危害的清新环境与和谐社会。 &lt;img class=""content-image"" data-src=""ungULKxG7fZmEmAzXqIZ5MmJ5ULT+qz1crB9Zo+mUNMfpqdmEhfns+RzhfYuHm/j/ftOmW/cHAschA69H/cLQDrghZzad8NUtBnX3WAE9jQ="" width=""1080"" height=""810"" /烟头不落地，环境更美丽，让我们携起手来共同营造“人人关注、人人参与、人人共享”的无烟氛围，积极践行文明健康绿色环保生活方式，共建共享大美漳墩、健康中国！图：通讯员文：黄厚辉编辑：余广聪初审初校：黄厚辉复审复校：暨运晖终审终校：傅丽宏发布于：北京市",搜狐号,东南沿海消息通,2024-01-18 17:43:34,http://m.sohu.com/a/752772498_121106994,未知,戒烟、控烟、控烟戒烟,正面,未知
202401014463,"#中国烟草为何亏损#中国烟草亏损的原因可能有以下几个方面：
	●	政府的控烟政策：政府开始制定各种政策，减少烟草广告的传播，并增加了对烟草公司的税收，通过提高香烟的价格来对此进行应对，这也间接增加了购买香烟者的负担。
	●	政策的调整：国家对烟草的管理相对宽松，现在中国开始对烟草的价格进行严格的管控，不再只关注烟草产业带来的经济利润，而是更加注重公民的健康。
	●	科技的发展：随着电子烟的兴起，更多的人了解到相比传统的香烟，电子烟不含有焦油，对肺部的危害较小，因此，电子烟成了老烟民的首选，这对传统卷烟形成了强大的冲击和竞争。
中国烟草作为国有独资公司，尽管烟草行业利润丰厚，但真正进入烟草公司囊中的收入却很少。如需了解更多相关信息，可以继续向我提问。",title: #中国烟草为何亏损#中国烟草亏损的原因可能有以下几个方面： ● 政府的控烟政策：政府开始制定各种政策，减少烟草广告的传播，并增加了对烟草公司的税收，通过提高香烟的价格来对此进行应对，这也间接增加了购买香烟者的负担。 ● 政策的调整：国家对烟草的管理相对宽松，现在中国开始对烟草的价格进行严格的管控，不再只关注烟草产业带来的经济利润，而是更加注重公民的健康。 ● 科技的发展：随着电子烟的兴起，更多的人了解到相比传统的香烟，电子烟不含有焦油，对肺部的危害较小，因此，电子烟成了老烟民的首选，这对传统卷烟形成了强大的冲击和竞争。 中国烟草作为国有独资公司，尽管烟草行业利润丰厚，但真正进入烟草公司囊中的收入却很少。如需了解更多相关信息，可以继续向我提问。 summary: #中国烟草为何亏损#中国烟草亏损的原因可能有以下几个方面： ●政府的控烟政策：政府开始制定各种政策，减少烟草广告的传播，并增加了对烟草公司的税收，通过提高香烟的价格来对此进行应对，这也间接增加了购买香烟者的负担。 content: #中国烟草为何亏损#中国烟草亏损的原因可能有以下几个方面： ● 政府的控烟政策：政府开始制定各种政策，减少烟草广告的传播，并增加了对烟草公司的税收，通过提高香烟的价格来对此进行应对，这也间接增加了购买香烟者的负担。 ● 政策的调整：国家对烟草的管理相对宽松，现在中国开始对烟草的价格进行严格的管控，不再只关注烟草产业带来的经济利润，而是更加注重公民的健康。 ● 科技的发展：随着电子烟的兴起，更多的人了解到相比传统的香烟，电子烟不含有焦油，对肺部的危害较小，因此，电子烟成了老烟民的首选，这对传统卷烟形成了强大的冲击和竞争。 中国烟草作为国有独资公司，尽管烟草行业利润丰厚，但真正进入烟草公司囊中的收入却很少。如需了解更多相关信息，可以继续向我提问。,微头条,浩哥在路上,2024-01-18 17:29:05,http://www.toutiao.com/w/i1788419920988297/,未知,控烟,正面,未知
202401014487,吸烟五十年，岁月匆匆一晃间；回首往事，多少喜怒哀乐相伴,"title: 吸烟五十年，岁月匆匆一晃间；回首往事，多少喜怒哀乐相伴 summary: 吸烟五十年，岁月匆匆一晃间。回首往事，多少喜怒哀乐相伴这篇关于吸烟经历的散文有5500多字，能耐心看完的网友，说明你有阅读的兴趣，我相信你也能从中感受到阅读的快感。我国有3亿多烟民，每个人都有如何学上吸烟，以及在人生的路上与吸烟相伴随的很多故事。 content: 这篇关于吸烟经历的散文有5500多字，能耐心看完的网友，说明你有阅读的兴趣，我相信你也能从中感受到阅读的快感。我国有3亿多烟民，每个人都有如何学上吸烟，以及在人生的路上与吸烟相伴随的很多故事。如果你下过乡，又是烟民，我们会有共同语言。我是下乡后学上抽烟的，算来有半个多世纪的烟龄了。想想这五十多年来，按保守估计也得抽了15000多盒三十万支烟了，这三十多万支烟，伴随着人生旅途中的风风雨雨，承载了多少孤独寂寞，悲欢离合？如果把这些烟的长度接起来，得有两万多米长，不过，如果和这五十多年来走的路相比，两万多米也不算多，不就四十里路嘛，如果开车，也就是一支烟的功夫。我下乡那个村，不抽烟的男人屈指可数。他们抽的烟都是各家自留地里种的，烟叶收获后扎成捆，挂在屋檐下晾干，随用随取。中老年抽烟的，大都用烟斗（当地人叫烟袋），有黑色电木的，也有铜烟袋锅加烟杆烟嘴的，有些烟嘴还是玉石的，年代久远。年轻人大都买张白纸，割成条状，用来卷烟。盛烟丝的器物叫烟荷包，有些烟荷包还绣着花，很漂亮，是女孩送的定情信物。""烟斗盛烟很方便，把它伸进烟荷包里掏一下即可，烟锅盛的烟不多，抽上几口就没了，那些烟瘾大的，就会把烟灰磕出来，再来上一锅。用纸卷烟是个技术，得把纸条放在手指间，从烟荷包里捏出烟丝，均匀地撒到纸条上，然后两只手配合，才能卷成头大尾小的锥形烟卷，头上多余的纸捻要用牙咬掉，方便点火，整个过程有一种仪式感。那个年代，商品短缺。有时候火柴不好买，那些用烟斗抽烟的就用火镰火石加木炭取火，先要在烟锅的烟叶上面覆上一层木炭，把火石贴近烟锅，用火镰快速刮擦火石，蹦出的火星落在木炭上，在抽烟人的狂吸下，烟就点着了，这是一种很原始的取火方式，给人一种古老的况味。那个时候，在生产队里干活，抽烟是不可或缺的一项内容。天热时，领着干活的就说抽袋烟凉快凉快，天冷时，说抽袋烟暖和暖和（寒冷的冬天修大寨田，休息时找个避风的沟坎抽根烟，确实很温暖），干了一会活时，说抽袋烟歇息歇息，一天到晚离不开烟。在这种抽烟的大环境下，你不想学会抽烟都难。队里那些半大小子就开始学着抽烟，没有烟叶，就拿干地瓜叶，葫芦杆当烟抽。其实，干了的地瓜叶很像烟叶。葫芦杆里面有细孔，是天然的一支烟，我也抽过，挺刺舌头。我有一次回城，买了一包海燕牌烟斗丝，大概得有一斤多，那种味道像花草一样又香又甜，闻起来令人迷醉。我学着他们的样子，也用纸卷了一只，点燃后抽了几口，觉得味道比闻烟斗丝的感觉差远了。最初抽烟的感觉并不舒服，谁知断断续续地抽了一段时间后，竟然上瘾了，时间长了不抽，就会觉得心里空空荡荡的，抽上一根，就觉得没有了心事，就这样，我成了烟民。海燕牌烟斗丝抽完了，就买红梅、山花、金鱼等一毛多钱的烟抽，有时也买盒大前门犒劳犒劳，偶尔也抽老乡的旱烟，不过，旱烟的劲太大，我有一次抽了旱烟，觉着头晕了。工作后，厂子里的烟民也不少，不过都是抽“洋烟”，没有抽农村那种旱烟的。很长时间，我都是抽青岛卷烟厂出的蓝金鹿，两毛六一盒。后来又抽红金、云门、石林，宏图等，我喜欢抽劲小的烟。烟，除了是用来抽，还是一种交际工具。你求人帮忙办事，需要给人家“上烟”，“上烟”的过程当然得面带微笑，把烟递上去，然后掏出打火机给人家点烟。人家接收了你的“上烟”，并且抽上了你点的烟，等于接受了你的请求。如果你也会抽烟，那样最好，两个人一起抽烟，有一种志同道合，狐朋狗友的意味，有利于拉近两个人的距离，显得比较亲热。当然了，不是所有的“上烟”都是这种理想的结局，有的人接过烟来，会仔细看看是什么牌子（所以出门得拿好烟），一时不方便抽，或者是不想抽的，就夹在耳朵上暂存，这让“上烟”者略显尴尬。能把上的烟夹在耳朵上的，还算是给面子。我的两个编辑部的同事去南方出差，晚上在火车硬座上坐累了，想补两张卧铺票，就找到列车员，满脸堆笑地递上一支烟，一面恳切地表达诉求。谁知那个家伙看了看烟的牌子，直接在手指间捏吧捏吧，扔在地上了，弄得他两个狼狈不堪。回来后，说起这事，两个人异口同声，简直就是奇耻大辱啊。“上烟”这种事在同事之间也需要。谁买了好烟，也会“上烟”，你一支，他一支，一盒烟一会发完。两三个同事在一起干活，如果谁先掏出烟来，也要分享，不能自个抽。除非你在别处，偷偷地点支烟后，再来到同伙中，那还说得过去。如果你当着同事的面，掏出烟盒，抽出一支烟，再把烟盒掖进口袋，那就显得不够义气，让人瞧不起。所以，烟这玩意儿不仅用来抽，还涉及到能否搞好人际关系的问题。一般来说，那些经常“上烟”的人，比较受欢迎，谁不喜欢仗义疏财，态度恭敬的人啊？那些接受“上烟”的人，也不单是一支烟的问题，更重要的是，满足了被尊重的需要，而和谐温馨的人际关系，就在吞云吐雾中形成和延续。不抽烟的人对抽烟有种种不解和困惑。有位女同事曾经问我：“抽烟有什么好处？我听你们抽烟的说，干活累了想抽，吃完饭了想抽，喝了酒了想抽，失恋了想抽，约会完了想抽，孤独寂寞了想抽，想念一个人的时候想抽，碰上烦心事了想抽，遇上高兴事了还想抽，还有上厕所了想抽，街上看见美女了，怦然心动，更想抽。抽烟是种什么感觉，为什么在这些情况下特别想抽烟，抽烟能起什么作用吗？”不知她这是听哪个烟民说的，不过总结得倒是挺全面。但要回答这些问题，很有难度。一般来说，当寂寞，苦闷、忧伤、思念、想象、幻想、开心、愉悦、激动，这些情绪、感受在心中涌动的时候，特别想抽烟。上世纪八十年代，还没有抽烟有害健康的说法，火车上，公交车上，电影院里，单位里开大会，都可以抽烟。因为那些烟瘾大的，几个小时不抽烟，心里就痒痒，熬不住，就得抽一支。我有一领导，烟瘾特大，那天晚上家里断烟了，烟瘾上来了，附近又没处买烟，不知如何是好。正在难受得坐立不安之时，忽然想起来去食堂买饭回来的路上，看见旁边窗台上有半截烟，于是，就黑灯瞎火地去把那半截烟拿回来抽了，才算心安了。不抽烟的人理解不了上了烟瘾是怎么回事。1983年，我在高校，有一天上课，老教师来得挺早，还没几个学生，他上来烟瘾了，手头又没有烟，就满地上找烟蒂，然后撕下一块纸，把从烟蒂里剥出来的烟丝卷起来抽了。是不是不可思议？我有一段时间呼吸不畅，特别是晚上睡觉前，觉着憋得慌，心想是不是得了肺癌了？那时，我正在给报社副刊写稿子，脑子空的时候就想抽支烟，想抽烟的时候，就想到了肺癌，想到肺癌就有所犹豫，犹豫的结果是：如果还没得肺癌，那么，抽一根也无妨，如果已经得了肺癌，那抽一根就更无妨了，于是，就抽一根。大约从2000年以后，“吸烟有害健康”的宣传，逐渐深入人心，说是烟里有一千多种有害物质，有几十种致癌物质。那些相信科学，怕吸烟影响了健康，乃至小命不保的人，开始戒烟；有些对“吸烟有害健康”的说法将信将疑的人，开始控制吸烟量；还有一些对控烟宣传置若罔闻，我行我素，照抽不误的人。我单位的小冯（习惯叫小冯实际是老冯了），烟瘾超大，一天三盒烟打不住。他最难受的是坐班车，五十多分钟不能抽烟啊。每当车快到站时，他就提前把烟捏在手里准备好了，一开车门，脚还没落地，先点上烟了。他自己一个办公室，什么时候去，看见的三个大烟灰缸都是满满的烟蒂，屋里一股浓浓的烟味，才两年多的白色墙壁，早已熏成了黄色。他闲着时抽烟，干活时叼着烟，走着路时，像过去的那种蒸汽火车，一路走，一路冒烟。我曾经想，他迟早会得肺癌，这么个抽烟法，他若不得肺癌，说不过去呀。我们退休后，有很长时间没见着他了，我想他可能出问题了。打听跟他熟悉的人，说是没听说他生病啊。有一天，在路上看见他了，还是和过去一样，像蒸汽火车，一路走，一路冒烟。如果说吸烟一定会大幅缩短寿命，一定会得肺癌，我想所有的烟民都会戒烟。我是属于那种对“吸烟有害健康”将信将疑的人。退休后，一天控制在四五支左右。我为什么对“吸烟有害健康”将信将疑？五零后都熟悉那个年代常说的一句话：理论是苍白的，生命之树长青。我几个舅舅抽烟很凶，都活了九十多岁。我几个叔叔大爷没什么文化，抽烟喝酒，也活了八十岁上下，我父亲北师大毕业，有文化，重健康，不抽烟不喝酒爱运动，活了七十三岁。国学大师南怀瑾嗜烟如命，一天三包，活了95岁。""宋美龄也抽烟，活了106岁，是姊妹中寿命最长的。""外国这种情况更是比比皆是。我们看到的英国前首相丘吉尔的影视画面，嘴里整天叼着比手指还粗的雪茄，吞云吐雾，须臾不离，活了91岁。""与丘吉尔同时代的诺贝尔奖获得者，一生充满着对爱情的渴望，对知识的追求，对苦难不可抑制的同情的罗素，也是个大烟鬼，活了97岁。要知道，上世纪五六十年代，英国的平均寿命才45岁。""世界上寿命最长的男人是印度尼西亚的姆巴·戈多。他生于1870年，死于2016年，他抽了130年烟，活了146岁。""世界上寿命最长的女人是法国的让娜·路易丝·卡尔芒（就是九十岁时与律师签订了以房养老协议的那个）。她从21岁开始抽烟，一直到 117岁因为眼睛看不见点烟了，才不抽了。她抽了96年烟，活了122岁。""为什么这两个老人抽了一辈子烟，反而是最长寿的人呢？总不能说，这两个人如果不抽烟的话，会活得时间更长吧？一个抽了130年烟，一个抽了96年烟，按说得吸进去多少毒，肺得呛成什么样了？结果不仅没影响喘气，反而成了最长寿的人，其中必有深层次的原因。最近，中国科学院的研究团队在顶刊《自然》上发表论文，发现长期摄入低剂量尼古丁，可以减缓老化进程，延展端粒长度，降低死亡率达40%。新陈代谢、神经认知等生理指标也得到了有效改善。研究人员选取了48只健康的新生小鼠，并随机分为2组。每日在实验组小鼠的饮用水中，添加2mg/L的低剂量尼古丁，对照组则不做任何处理，将喂食情况及环境的温度、湿度均保持一致。等到16个月时，小鼠步入暮年，研究人员发现，尼古丁组小鼠依然生机勃发，存活率超过90%，反观对照组小鼠纷纷奄奄一息，已有50%左右离世。简言之，经尼古丁干预后，小鼠的死亡率竟降低了40%。具体测量实验组小鼠的生理指标发现，在心脏、肝脏、肌肉、骨髓等组织中，“生命时钟”端粒的长度均出现了不同程度的延伸，肌肉中端粒的延长幅度甚至达到惊人的200%。同时机体的神经系统也涌现出积极结果，机体炎症、焦虑痴呆等情况得到大幅缓解。""以上研究成果，为吸烟长寿的原因找到了疑似答案。有人说，做实验的小白鼠和人不一样，另外，摄入尼古丁的数量也很有限，远远低于吸烟的含量，可小白鼠的体重不过30至40克，人的体重是小白鼠的两千多倍啊。科学研究总是不断发现。上世纪七十年代，医学研究团队对广东鼻咽癌高发得出的结论是：广东一带有吃咸鱼的饮食习惯，因为咸鱼中含大量致癌的亚硝酸盐，是鼻咽癌高发的原因。九十年代末，这个结论被推翻了。因为在北美一带有大量广东人的后裔，他们在当地已经繁衍了几代人了，早就不吃咸鱼了，可鼻咽癌依然高发。因为我是烟民，所以对吸烟与肺癌的关系特别关注，特地花260元买了一本《2018中国肿瘤登记年报》（统计数据延后，没有更新版本），因为全国各省、市、自治区有吸烟率统计数据，我想知道两者之间到底是怎样一种关系。""据《中国省级吸烟率排行榜》（南方都市报.2020-01-06）统计数据，2018年，31个省级行政区划中，吸烟率最高的是云南（35.7%），最低的是上海（17.8%）""上海是全国吸烟率最低的城市，如果说肺癌和吸烟正相关，那么，上海的肺癌发病率是不是应该最低呢？据《2018中国肿瘤登记年报》显示：全国的肺癌平均发病率为10万分之58.91（男77.09/10万，女40.02/10万），而上海的肺癌发病率是10万分之98.07（男116.44/10万，女79.70/10万），不仅远超全国的平均值（58.91/10万），甚至是全国肺癌发病率最高的地区。我省（山东））的吸烟率为21.8%，也属于吸烟率很低的省份，通过26个肿瘤登记处的统计，肺癌发病率为10万分之73.55（男95.8/10万，女51.3/10万），也远超全国肺癌发病率平均值（58.91/10万）。我们再看看全国吸烟率最高的两个省份贵州省和云南省。贵州省通过11个肿瘤登记处的统计，肺癌发病率为10万分之41.74（男62.05/10万，女32.22/10万），远低于全国肺癌发病率平均值。云南省通过12个肿瘤登记处的统计，肺癌发病率为10万分之41.16（男56.49/10万，女25.82/10万），也远低于全国肺癌发病率平均值。通过以上数据可以看出，吸烟率最低的两个地区，肺癌发病率反而高，吸烟率最高的两个地区，肺癌发病率反而低。统计数据至少可以说明：吸烟与肺癌没有正相关。我们从男女吸烟率和肺癌发病率的比值上也可以发现这个问题。我国有3亿多吸烟者，其中男性2.9亿人左右，女性0.1亿人左右，男性占吸烟的96.6%，女性占吸烟的3.4%。而男性肺癌发病率为77.09/10万，女性肺癌发病率为40.20/10万，可见吸烟和肺癌发病率没有可比性。肺癌发病率和什么有关？我们通过一张全国各省区市的平均寿命图表，或许可以发现端倪。""全国平均寿命最高的是上海，最低的是西藏、云南、贵州。（西藏的肺癌发病率仅为10万分之5.7，全国最低）。由此可见，肺癌发病率和人均寿命正相关。以上数据来自官方媒体，非网络信息，皆有据可查。肺癌发病率来自《2018中国肿瘤登记年报》，《中国省级吸烟率排行榜》来自《南方都市报》（2020-01-06）。科学研究建立在实验的基础上，应该从统计数据上发现问题。很希望广大医学科研者，对吸烟有害健康，做出更科学的判断，以造福人类。结束语我吸了五十多年烟，觉得吸烟有害健康的程度，因人而异。有些人抽烟没事，有些人抽烟抽出问题来，如果你觉得吸烟已经影响到健康，那就必须戒烟，如果你觉得吸烟对身体没什么影响，烟瘾又难戒，那就控制吸烟的数量，一天吸两三支，过过瘾就行了，不能像我同事小冯那样，一天到晚地抽，在马路上一路走，一路像火车冒烟，虽然烟草行业每年给国家交税超万亿，但也不能和小冯这么个贡献法呀。",头条号,曾经千帆阅尽,2024-01-18 16:30:27,http://www.toutiao.com/w/i7325335153843618358/,未知,戒烟、控烟,正面,未知
202401014500,陶辛镇清凉渡村：开展控烟宣传，塑造健康无烟居民生活环境,"title: 陶辛镇清凉渡村：开展控烟宣传，塑造健康无烟居民生活环境 summary: 陶辛镇清凉渡村：开展控烟宣传，塑造健康无烟居民生活环境为大力宣传吸烟与二手烟暴露的危害，传播控烟知识，提高公众对烟草危害肺部健康的认识，营造迎新春无烟氛围。近日，清凉渡村开展无烟佳节，与爱同行控烟主题宣传活动，将禁烟控烟宣传深入村民心中。 content: 为大力宣传吸烟与二手烟暴露的危害，传播控烟知识，提高公众对烟草危害肺部健康的认识，营造“迎新春”无烟氛围。近日，清凉渡村开展“无烟佳节，与爱同行”控烟主题宣传活动，将禁烟控烟宣传深入村民心中。&lt;img width=""598"" class=""content-image"" data-src=""/L19E/drXjGfZ2kuFxSZZcBtPsOZN1xBjR51Pm15agHcmLUFi3+MjYuxXiquZ9DKELGkyo+jW1fVqJDzSbkD5UJTIj7bThAdozWHgXSQJaM="" height=""449"" /以身作则，营造健康无烟乡村氛围清凉渡召开村“两委”会，解读《芜湖市公共场所控制吸烟管理规定（试行）》，要求村“两委”成员要在禁烟活动中起到表率作用，以身作则。在室内区域全面禁止吸烟，室外也要规范吸烟，要在吸烟区内吸烟，鼓励吸烟的村干部进行戒烟，营造健康无烟的乡村氛围。多样化宣传，共度无烟健康佳节使用村广播、宣传栏、电子显示屏对村民进行宣传，在村民下班、接送学生期间，使用村广播让村民了解吸烟以及二手烟的危害；村民来往村部时，使用电子显示屏和宣传栏让村民了解戒烟的好处。各包片村干部对各片区内的村民进行入户宣传，对烟龄短的村民劝导其戒烟；对年龄较大、烟龄较长的村民好言相劝，劝导其减少吸烟。为村民散发宣传手册，让每家每户都了解到吸烟的危害，提高村民戒烟意愿，确保村民在春节期间不吸烟、不敬烟、不送烟，共度无烟健康佳节。&lt;img class=""content-image"" data-src=""Ia4yZ4hqAGnFYOx5SsJGIMmJ5ULT+qz1crB9Zo+mUNPc0hskQ41brLsRhw7QOGY2faSQVhKkDmVhLn5VwZ8p4taCcruh8nGhurMPCwPGZAw="" width=""252"" height=""173"" /本次主题宣传活动，提高了广大村民对吸烟危害的认识，为创造清新、舒适的节日无烟环境做出贡献。下一步，清凉渡村将以农家书屋为中心，对来往农家书屋借阅书籍的学生、青年人普及烟草的危害，让学生从小养成吸烟有害健康的意识，引导学生树立正确的价值观，自觉抵制吸烟行为，共同创建一个健康无烟的居民生活环境。END供稿：陶辛镇妇联编辑：张 慧初审：潘 多终审：吴琴之发布于：北京市",搜狐号,中部城市生活指南,2024-01-18 16:21:49,http://m.sohu.com/a/752710376_121106991,未知,控烟、戒烟,中性,未知
202401014507,长顺县审计局开展“无烟佳节，与爱同行”活动,"title: 长顺县审计局开展“无烟佳节，与爱同行”活动 summary: 长顺县审计局开展无烟佳节，与爱同行活动为深入贯彻落实《中共中央办公厅国务院办公厅关于领导干部带头在公共场所禁烟有关事项的通知》和《国务院关于实施健康中国行动的意见》要求，进一步推动控烟工作有序开展，引导群众践行文明健康绿色环保生活方式。 content: 为深入贯彻落实《中共中央办公厅 国务院办公厅关于领导干部带头在公共场所禁烟有关事项的通知》和《国务院关于实施健康中国行动的意见》要求，进一步推动控烟工作有序开展，引导群众践行文明健康绿色环保生活方式，营造春节无烟氛围，长顺县审计局根据《省爱卫办关于开展“无烟佳节 与爱同行”活动的通知》的要求，积极开展“无烟佳节 与爱同行”活动。""近日，局党组组织全体干部职工召开工作例会，要求全体干部按照《无烟党政机关建设指南》要求，自觉做到不在公共场所吸烟，主动戒烟，主动做控烟宣传者和倡导者，做好文明行动的带头人。""活动期间，局办公室利用短信平台向全局审计干部职工发送倡导短信，倡导不吸烟、不敬烟、不送烟，共度无烟健康佳节，大力弘扬无烟健康过节文化。同时，利用下乡走访到挂帮村开展无烟宣传。旨在通过讲解吸烟和二手烟的危害，提升挂帮村村民戒烟意愿，引导村民养成不吸烟、主动戒烟的生活方式，养成“对二手烟说不”的健康生活习惯。",头条号,大黄蜂侠,2024-01-18 15:52:22,http://www.toutiao.com/w/i7325342909467804196/,未知,控烟、戒烟,正面,未知
202401014513,控烟不上行责和刑责，等于扯淡。,title: 控烟不上行责和刑责，等于扯淡。 summary: 控烟不上行责和刑责，等于扯淡。 content: 控烟不上行责和刑责，等于扯淡。,搜狐号,糊涂的棉花糖mV,2024-01-18 15:26:51,未知,未知,控烟,中性,未知
202401014519,盈江县总工会关于开展“无烟佳节与爱同行”活动的通知,"title: 盈江县总工会关于开展“无烟佳节与爱同行”活动的通知 summary: 各基层工会：根据云南省爱卫办关于开展无烟佳节与爱同行活动的安排部署，现将有关工作通知如下：一、各基层工会要深刻认识到开展无烟佳节与爱同行活动的重要意义，高度重视，加强领导，认真谋划，紧抓春节前后一个月时间节点，采取多种形式。 content: 盈江县总工会关于开展“无烟佳节 与爱同行”活动的通知各基层工会：根据云南省爱卫办关于开展“无烟佳节 与爱同行”活动的安排部署，现将有关工作通知如下：一、各基层工会要深刻认识到开展“无烟佳节 与爱同行”活动的重要意义，高度重视，加强领导，认真谋划，紧抓春节前后一个月时间节点，采取多种形式，认真组织开展好辖区内“无烟佳节 与爱同行”活动。 二、各基层工会要认真落实活动要求，积极配合当地有关部门开展好无烟环境建设巩固提升、健康过佳节宣传、学校控烟健康教育及戒烟服务推广等活动。要结合国家卫生城市（县）创建和健康云南行动建设工作要求，深入开展无烟机关建设成果巩固提升活动。要组织开展全方位、多角度的控烟宣传教育，引导干部职工关爱自身健康，尊重他人健康权利，不吸烟、主动戒烟，做控烟宣传者和倡导者。要以欢度新春佳节、关爱家人健康为契机，通过宣传标语、宣传栏、海报、视频等群众喜闻乐见的方式，结合微信公众号、视频号等新媒体传播方式，开展多种形式的无烟健康过佳节宣传活动。大力弘扬无烟健康过节文化，倡导过节不吸烟、不敬烟、不送烟，“对二手烟说不”，共度无烟健康佳节。 三、各基层工会要及时总结提炼活动中的典型经验、亮点做法，于2024年2月19日（星期五）前将工作开展情况总结（如有活动图片、视频请择优）通过邮箱报县总工会法维股 邮箱：771315921@qq.com。 联系人：刀仪微 8106802 附 件： “无烟佳节 与爱同行”活动宣传资料下载方式 盈江县总工会 2024年1月18日 附件： “无烟佳节 与爱同行”活动宣传资料下载方式 方式1：通过百度网盘链接下载，https://pan.baidu.com/s/19rAtvauaa2QfG6DXCBHQmA提取码：0531 方式2：关注“云南控烟 YN”微信公众号，在素材库下载。 方式3：微信扫描以下二维码获取。&lt;img class=""content-image"" data-src=""1yUEsxyfsUpaAj7lfsOvA8BtPsOZN1xBjR51Pm15agE9YfeM4YeL8mHL/pG1sXPpYG9h/f+v4Bwv3s3yVQusbwM6HpYdQwGrLdIWoHa4nSo="" width=""1080"" height=""1121"" /撰稿：刀仪微编辑：左昌科审核：程云发布于：北京市",搜狐号,云贵高原生活指南,2024-01-18 15:16:52,http://m.sohu.com/a/752689867_121106902,未知,控烟、戒烟,正面,未知
202401014525,国家出台禁烟新规！3亿烟民即将受到管控，国家要动真格了?,"title: 国家出台禁烟新规！3亿烟民即将受到管控，国家要动真格了? summary: 国家出台禁烟新规！3亿烟民即将受到管控，国家要动真格了?不抽烟的人厌恶别人抽烟，正是因为即使自己不抽烟，但仍然还遭到二手烟和三手烟的伤害。其实不仅仅是不抽烟的人，在烟民中也有6成的人希望，可以加强禁烟环境，不能到处都烟雾环绕，就有人提出应该立法禁烟。烟草也有辐射，戒烟需要坚持》。 content: ""提到抽烟，你是什么反应呢？最近有消息传出，国家将出台最严禁烟新规，未来国内的3亿烟民，再想抽烟可不能随心所欲了。烟草，这是一种对身体百害而无一利的东西。""不抽烟的人厌恶别人抽烟，正是因为即使自己不抽烟，但仍然还遭到二手烟和三手烟的伤害。目前我国一共有3.5亿左右的吸烟人群，这个数字是相当庞大的。因为全世界所有的烟民当中，1/3都在中国。更恐怖的是，15岁以上人群的吸烟率高达35.8%，尤其是男性的吸烟率更是高达66.0%。""这些年来，随着人们经济水平的不断提高，我国的吸烟人群还有了明显年轻化的趋势。换句话说，在我国的烟民当中，有相当一部分是未成年人。一个正在长身体的青少年，每天学习大人吞云吐雾，那么他的身体又会变成什么样呢？这样的事情让大家不寒而栗。""事实上，我国遭受烟草危害的青少年，比这个数字要庞大很多。因为还有2种接触烟草的方式，那就是二手烟和三手烟。有相关数据显示，我国遭受被动吸烟危害的人高达5.4亿，其中15岁以下儿童就有1.8亿。""加上我国3.5亿的吸烟人群，中国有9亿左右，超过半数的人口，都正在被烟草伤害。遇到了有素质的抽烟者还好一些，他们会在抽烟场所抽烟。可有些素质低下的烟民，根本不在意身边是否有他人，甚至公然在禁烟场所抽烟。所以大部分接受二手烟的人，都是在家中公共场所和工作场所。这9亿左右被烟草伤害的人口，又将面临怎样的风险呢？""烟草在燃烧的过程中，会产生4000多种物质。其中具有毒性的有400多种，致癌的超过50种。抽烟会导致多种恶性疾病，比如鼻咽癌、膀胱癌、白血病等等，但最经常出现的是肺癌，尤其是中心型肺癌。吸烟者比接触不到烟草的患者，在肺部出现炎症后出现重度症状或者死亡的概率更高。""小小的一根香烟，其实含有的放射性物质多得令人惊骇。烟民手中抽的根本不是香烟，而是化学武器。具体来说，每抽上一包半的香烟，受到的辐射相当于做了一次胸片。很多人可能没办法理解，抽烟怎么会有放射物质呢？烟草中最常见的放射性核素是钋-210、铅-210和镭-226，注意仅仅是主要的，也就意味着还有很多其他的放射性核素。""烟草在种植的时候，会使用高磷酸盐肥料，而这些肥料会使用含有铅-210的磷矿石。铅-210衰变后，也就产生了钋-210。人真的很奇怪，平常生病拍一次胸片都要担心辐射，心惊胆战地总怕会导致患癌风险升高。可每天抽烟，甚至让别人被动吸入二手烟，却又觉得没什么。如果家里有小朋友，更建议应该尽快戒烟，因为烟草中的物质非常容易诱发婴儿出现猝死综合征、急慢性呼吸系统疾病，对儿童的身高和智力发育有很大的影响。""有相关数据显示，我国平均每分钟就有两个人死于和抽烟相关的疾病，每年有100万例死亡和抽烟有关。“由卷烟或其他烟草产品燃烧端释放出的及由吸烟者呼出的烟草烟雾所形成的混合烟雾”就是我们常说的二手烟，在这样的环境中持续待15分钟，即使你没有抽烟，一样会罹患各种抽烟相关的重疾。""至于三手烟，则是烟民抽烟后，残留在衣服、墙壁、地毯、皮肤、头发等多处的残留物，短则几天，长则数月。换句话说，一个人抽烟后除非是马上洗澡洗头换衣服，不然和他接触的时候，也会受到烟草的污染和伤害。因为这些吸附在物体表面的烟草残留物，会再次散发到空气中，和氧化剂反应后，造成二次污染。""所以对不抽烟的人来说，抽烟是一种损人不利己的行为。烟民不仅不在乎自己的身体健康，还无形中伤害了别人的身体健康。因此这些年来，随着人们卫生安全意识的不断提高，禁烟令也越来越严，许多场所都贴上了禁烟标志。根据相关规定，室内的工作场所、公共场所和公共交通工具内，都是不允许吸烟的。尤其是在学校、培训机构和未成年人活动的室外教学区域，也是明令禁烟。""儿童和孕妇、医疗服务机构等等，室外区域也不允许抽烟。总结来说就是一句话，有儿童、孕妇和病人的地方，不论室内，室外一律禁止抽烟。在大众活动的区域内、室内环境严禁抽烟，室外也需要到空旷无人场所，或指定抽烟点抽烟。有些烟民虽然不抽燃烧的香烟，但会抽电子烟。""大家要注意，不要觉得禁烟令只对传统香烟有用，电子烟一样被纳入了禁烟范围。而且很多地区的禁烟标志，都已经明确把电子烟也画上了。我们都知道抽烟不好，很多人也反应禁烟场所禁烟，其实完全看个人素质。对于没素质的人，即使面对儿童，也能点燃香烟，旁若无人地抽起来。其实不仅仅是不抽烟的人，在烟民中也有6成的人希望，可以加强禁烟环境，不能到处都烟雾环绕，就有人提出应该立法禁烟。""为什么在中国禁烟就这么难呢？第一个原因是很多人对烟草的依赖度很高，尤其是不少男士认为烟草可以调节情绪，疏解疲劳。实际上这本身就是一个伪命题，因为烟草给人的是心理安慰，真想解除疲劳和调节情绪，而是要依靠运动。""第二个原因是中国的烟酒文化，逢年过节或者谈生意的时候，总要送些烟酒作为礼物。如果真的把禁烟当成一项法规去执行，必然会影响到一些人的正常工作。最后一个原因，也是最主要的原因，就是中国的烟草税收。有记者做过调查，一包18块钱的烟，成本只占了三成，利润是两成，剩余的五成全部是税收。不过从健康的角度出发，还是希望广大的烟民能够尽早熄灭手中香烟，为了自己，也为了家人和孩子。""参考资料：[1] 澎湃新闻《【健康教育】禁烟控烟，从你我做起！》2023-12-27[2] 澎湃新闻《禁烟标识升级了，您身边的标识更新了吗？》2024-01-09[3] 湖南省卫生健康委员会《中国式禁烟：政策无效人人烦，爱在心中口难开》2020-03-18[4] 红星新闻《最新研究出炉：一包18.69元的烟 税收约占5成，成本约占3成，利润约占2成》2023-11-03[5] 东方网《科普｜孕妈妈警惕二手烟、三手烟的隐形危害！》2024-01-13[6] 澎湃新闻《世界无烟日 | 烟草也有辐射，戒烟需要坚持》2023-05-31",头条号,科普DoReMi,2024-01-18 14:54:42,http://www.toutiao.com/w/i7325246940609004095/,未知,戒烟、控烟,中性,未知
202401014561,"过年了，镇府提倡控烟
控烟是当今社会一个备受关注的话题。吸烟不仅对个人的健康造成严重威胁,还对周围的人造成危害。因此,控烟非常重要。
吸烟产生的二手烟对非吸烟者的健康影响尤为严重。吸烟者吸烟时,会产生一种叫做一氧化碳的气体,这种气体会对人体的血红蛋白结合能力比氧气还要强,从而导致血液中氧气供应不足,引起各种健康问题。此外,吸烟还会导致肺部疾病、心脏病、中风等严重疾病。
控烟还可以减少医疗资源的浪费。每年全球有数百万人在吸烟相关疾病中去世,这些疾病包括心血管疾病、癌症、呼吸系统疾病等。控烟可以减少这些疾病的发病率,从而降低医疗资源的消耗。
控烟还可以提高烟草的社会成本。烟草业是一个庞大的产业,全球烟草市场的规模超过万亿美元。控烟可以减少烟草的使用和消费,从而减少烟草业的经济效益,同时也可以减少因吸烟而产生的各种社会成本。
控烟对于个人、家庭和社会的健康和经济都有积极的影响。因此,我们应该积极参与控烟活动,拒绝吸烟,同时也要鼓励身边的人也控烟。","title: 过年了，镇府提倡控烟 控烟是当今社会一个备受关注的话题。吸烟不仅对个人的健康造成严重威胁,还对周围的人造成危害。因此,控烟非常重要。 吸烟产生的二手烟对非吸烟者的健康影响尤为严重。吸烟者吸烟时,会产生一种叫做一氧化碳的气体,这种气体会对人体的血红蛋白结合能力比氧气还要强,从而导致血液中氧气供应不足,引起各种健康问题。此外,吸烟还会导致肺部疾病、心脏病、中风等严重疾病。 控烟还可以减少医疗资源的浪费。每年全球有数百万人在吸烟相关疾病中去世,这些疾病包括心血管疾病、癌症、呼吸系统疾病等。控烟可以减少这些疾病的发病率,从而降低医疗资源的消耗。 控烟还可以提高烟草的社会成本。烟草业是一个庞大的产业,全球烟草市场的规模超过万亿美元。控烟可以减少烟草的使用和消费,从而减少烟草业的经济效益,同时也可以减少因吸烟而产生的各种社会成本。 控烟对于个人、家庭和社会的健康和经济都有积极的影响。因此,我们应该积极参与控烟活动,拒绝吸烟,同时也要鼓励身边的人也控烟。 summary: 控烟是当今社会一个备受关注的话题。吸烟不仅对个人的健康造成严重威胁,还对周围的人造成危害。吸烟产生的二手烟对非吸烟者的健康影响尤为严重。吸烟者吸烟时,会产生一种叫做一氧化碳的气体,这种气体会对人体的血红蛋白结合能力比氧气还要强,从而导致血液中氧气供应不足,引起各种健康问题。 content: 过年了，镇府提倡控烟 控烟是当今社会一个备受关注的话题。吸烟不仅对个人的健康造成严重威胁,还对周围的人造成危害。因此,控烟非常重要。 吸烟产生的二手烟对非吸烟者的健康影响尤为严重。吸烟者吸烟时,会产生一种叫做一氧化碳的气体,这种气体会对人体的血红蛋白结合能力比氧气还要强,从而导致血液中氧气供应不足,引起各种健康问题。此外,吸烟还会导致肺部疾病、心脏病、中风等严重疾病。 控烟还可以减少医疗资源的浪费。每年全球有数百万人在吸烟相关疾病中去世,这些疾病包括心血管疾病、癌症、呼吸系统疾病等。控烟可以减少这些疾病的发病率,从而降低医疗资源的消耗。 控烟还可以提高烟草的社会成本。烟草业是一个庞大的产业,全球烟草市场的规模超过万亿美元。控烟可以减少烟草的使用和消费,从而减少烟草业的经济效益,同时也可以减少因吸烟而产生的各种社会成本。 控烟对于个人、家庭和社会的健康和经济都有积极的影响。因此,我们应该积极参与控烟活动,拒绝吸烟,同时也要鼓励身边的人也控烟。 "" "" """,微头条,海哥聊乡村,2024-01-18 14:11:58,http://www.toutiao.com/w/i1788407519054857/,未知,控烟,正面,未知
202401014567,"据世卫组织最新报告，2022年全球烟草使用率继续下降，只有20.4%的成年人吸烟，而在2000年时这一比例高达33.3%。这意味着二十年间，抽烟的人少了近一半儿！这是怎么做到的呢？
其实，这背后有很多因素，比如政府的控烟政策，社会的健康意识，以及经济的变化。让我们来看看一些具体的例子。
首先，很多国家都采取了控烟措施，比如提高烟草税，禁止在公共场所吸烟，限制烟草广告，增加烟包上的警示标签等等。
这些措施都有助于减少烟草的供给和需求，从而降低烟草使用率。比如，英国在2016年实施了全面的平面包装法，要求所有的烟包都使用统一的颜色和字体，不得有任何品牌标识或吸引人的图案。
这样做的目的是减少烟包对消费者的诱惑，增加对烟草危害的认知。结果显示，这一法律的实施有效地降低了英国的吸烟率，从2016年的15.8%下降到2020年的13.9%。
其次，随着社会的进步和发展，人们对健康的重视程度也越来越高。很多人意识到，抽烟不仅对自己有害，也对周围的人造成二手烟的危害。
因此，很多人选择戒烟或减少吸烟，以保护自己和他人的健康。比如，美国的著名演员汤姆·汉克斯，就是因为患上了糖尿病，而决定戒烟的。
他说，他不想因为抽烟而影响自己的生活质量，也不想让自己的家人担心。他说，戒烟是他做过的最好的决定之一。
最后，经济的变化也是一个重要的因素。在经济下行时，很多人的收入会减少，而烟草的价格却不断上涨。这就导致了很多人无法负担抽烟的费用，或者不愿意在烟草上花费太多的钱。
因此，很多人会选择戒烟或减少吸烟，以节省开支或投资于更有价值的事物。如，一位网友就在微博上分享了他的戒烟经历。
他说，他原来是一个烟瘾很大的人，每天要抽一包多的烟。但是，自从他失业后，他就开始考虑戒烟的事情。
他说，他不想再浪费钱在烟上，而是想用这些钱来学习一些新的技能，或者给自己的家人买些礼物。他说，戒烟让他感觉更有动力和信心，也让他的身体和心情都变得更好。
综上可见，全球烟草使用率的下降，是一个多方面的结果，也是一个积极的趋势。抽烟不仅对个人，也对社会有很多的负面影响，比如增加医疗费用，降低工作效率，污染环境等等，也就是说，吸烟人数的减少，健康的好转，反而成为了经济下行的好处。
对此你怎么看？
#微头条首发挑战赛#","title: 据世卫组织最新报告，2022年全球烟草使用率继续下降，只有20.4%的成年人吸烟，而在2000年时这一比例高达33.3%。这意味着二十年间，抽烟的人少了近一半儿！这是怎么做到的呢？ 其实，这背后有很多因素，比如政府的控烟政策，社会的健康意识，以及经济的变化。让我们来看看一些具体的例子。 首先，很多国家都采取了控烟措施，比如提高烟草税，禁止在公共场所吸烟，限制烟草广告，增加烟包上的警示标签等等。 这些措施都有助于减少烟草的供给和需求，从而降低烟草使用率。比如，英国在2016年实施了全面的平面包装法，要求所有的烟包都使用统一的颜色和字体，不得有任何品牌标识或吸引人的图案。 这样做的目的是减少烟包对消费者的诱惑，增加对烟草危害的认知。结果显示，这一法律的实施有效地降低了英国的吸烟率，从2016年的15.8%下降到2020年的13.9%。 其次，随着社会的进步和发展，人们对健康的重视程度也越来越高。很多人意识到，抽烟不仅对自己有害，也对周围的人造成二手烟的危害。 因此，很多人选择戒烟或减少吸烟，以保护自己和他人的健康。比如，美国的著名演员汤姆·汉克斯，就是因为患上了糖尿病，而决定戒烟的。 他说，他不想因为抽烟而影响自己的生活质量，也不想让自己的家人担心。他说，戒烟是他做过的最好的决定之一。 最后，经济的变化也是一个重要的因素。在经济下行时，很多人的收入会减少，而烟草的价格却不断上涨。这就导致了很多人无法负担抽烟的费用，或者不愿意在烟草上花费太多的钱。 因此，很多人会选择戒烟或减少吸烟，以节省开支或投资于更有价值的事物。如，一位网友就在微博上分享了他的戒烟经历。 他说，他原来是一个烟瘾很大的人，每天要抽一包多的烟。但是，自从他失业后，他就开始考虑戒烟的事情。 他说，他不想再浪费钱在烟上，而是想用这些钱来学习一些新的技能，或者给自己的家人买些礼物。他说，戒烟让他感觉更有动力和信心，也让他的身体和心情都变得更好。 综上可见，全球烟草使用率的下降，是一个多方面的结果，也是一个积极的趋势。抽烟不仅对个人，也对社会有很多的负面影响，比如增加医疗费用，降低工作效率，污染环境等等，也就是说，吸烟人数的减少，健康的好转，反而成为了经济下行的好处。 对此你怎么看？ #微头条首发挑战赛# summary: 据世卫组织最新报告，2022年全球烟草使用率继续下降，只有20.4%的成年人吸烟，而在2000年时这一比例高达33.3%。这意味着二十年间，抽烟的人少了近一半儿！结果显示，这一法律的实施有效地降低了英国的吸烟率，从2016年的15.8%下降到2020年的13.9%。#微头条首发挑战赛#. content: 据世卫组织最新报告，2022年全球烟草使用率继续下降，只有20.4%的成年人吸烟，而在2000年时这一比例高达33.3%。这意味着二十年间，抽烟的人少了近一半儿！这是怎么做到的呢？ 其实，这背后有很多因素，比如政府的控烟政策，社会的健康意识，以及经济的变化。让我们来看看一些具体的例子。 首先，很多国家都采取了控烟措施，比如提高烟草税，禁止在公共场所吸烟，限制烟草广告，增加烟包上的警示标签等等。 这些措施都有助于减少烟草的供给和需求，从而降低烟草使用率。比如，英国在2016年实施了全面的平面包装法，要求所有的烟包都使用统一的颜色和字体，不得有任何品牌标识或吸引人的图案。 这样做的目的是减少烟包对消费者的诱惑，增加对烟草危害的认知。结果显示，这一法律的实施有效地降低了英国的吸烟率，从2016年的15.8%下降到2020年的13.9%。 其次，随着社会的进步和发展，人们对健康的重视程度也越来越高。很多人意识到，抽烟不仅对自己有害，也对周围的人造成二手烟的危害。 因此，很多人选择戒烟或减少吸烟，以保护自己和他人的健康。比如，美国的著名演员汤姆·汉克斯，就是因为患上了糖尿病，而决定戒烟的。 他说，他不想因为抽烟而影响自己的生活质量，也不想让自己的家人担心。他说，戒烟是他做过的最好的决定之一。 最后，经济的变化也是一个重要的因素。在经济下行时，很多人的收入会减少，而烟草的价格却不断上涨。这就导致了很多人无法负担抽烟的费用，或者不愿意在烟草上花费太多的钱。 因此，很多人会选择戒烟或减少吸烟，以节省开支或投资于更有价值的事物。如，一位网友就在微博上分享了他的戒烟经历。 他说，他原来是一个烟瘾很大的人，每天要抽一包多的烟。但是，自从他失业后，他就开始考虑戒烟的事情。 他说，他不想再浪费钱在烟上，而是想用这些钱来学习一些新的技能，或者给自己的家人买些礼物。他说，戒烟让他感觉更有动力和信心，也让他的身体和心情都变得更好。 综上可见，全球烟草使用率的下降，是一个多方面的结果，也是一个积极的趋势。抽烟不仅对个人，也对社会有很多的负面影响，比如增加医疗费用，降低工作效率，污染环境等等，也就是说，吸烟人数的减少，健康的好转，反而成为了经济下行的好处。 对此你怎么看？ #微头条首发挑战赛# """,微头条,雨境价值观,2024-01-18 13:29:03,http://www.toutiao.com/w/i1788404818996228/,未知,控烟、戒烟,正面,未知
202401014578,库尔勒市新城街道：创建无烟环境 共享健康生活,"title: 库尔勒市新城街道：创建无烟环境 共享健康生活 summary: 库尔勒市新城街道：创建无烟环境共享健康生活为进一步增强居民控烟意识，营造健康、清洁、无烟的社区生活环境，形成文明健康绿色环保生活方式，提高居民对吸烟危害的认识，近日，库尔勒市新城街道新苇社区开展创建无烟环境。共享健康生活禁烟控烟知识宣传活动。 content: （通讯员 王月显）为进一步增强居民控烟意识，营造健康、清洁、无烟的社区生活环境，形成文明健康绿色环保生活方式，提高居民对吸烟危害的认识，近日，库尔勒市新城街道新苇社区开展“创建无烟环境，共享健康生活”禁烟控烟知识宣传活动。&lt;img max-width=""600"" class=""content-image"" data-src=""j62ER+laWpTPEkLaFdmRXgAx6TN9XxNk4X3MDmpMRTPzbGm3JFSWPvnqzbXttViPh70TXEuP5dvC1+s9cu7NGrWTzmKYPwYvFkmu9a+AK6w="" width=""600"" height=""450"" /活动中，新苇社区工作人员、志愿者来到辖区单位、企业、沿街商铺等公共场所，张贴禁止吸烟的标志，向居民详细讲解吸烟导致的疾病以及吸烟带来的污染。通过发放戒烟科普宣传手册，讲解吸烟和二手烟的危害，提升居民戒烟意愿，引导居民养成健康的生活方式和生活习惯。“今天听了社区干部宣传禁烟控烟知识，对我触动很大，虽然知道吸烟的对身体有害，但总是因为各种原因无法把烟戒掉，现在家里有小孙子，为了家人的健康，我也要加入戒烟的队伍。”居民许廷辉说。今后，新苇社区将持续开展控烟宣传活动，切实维护广大居民的身心健康，为爱国卫生运动和健康中国行动的深入实施贡献力量。发布于：四川省",搜狐号,搜狐城市-巴音郭楞,2024-01-18 12:54:38,http://m.sohu.com/a/752655784_121391967,未知,控烟、戒烟,中性,未知
202401014584,"全球吸烟率最高的国家
在当今社会，吸烟已成为全球范围内的一个严重问题，给人们的生活和健康带来了巨大的危害。根据最新数据统计显示，全球吸烟率最高的国家排名已然初现端倪，这些数据背后的趋势和原因令人深思。
排在榜首的是瑙鲁，其吸烟率高达48.5%，这颇具震撼。这个数据影响深远，因为高吸烟率代表着更多的健康问题和社会成本。而紧随其后的缅甸和基里巴斯，分别达到了44.1%和40.6%的吸烟率。
这种情况背后，我们不得不思考为何在这些国家吸烟率如此之高。其中一个重要的原因是文化和传统的影响。吸烟在这些国家可能被视为一种社交仪式，或是一种身份象征。
另一方面，吸烟率高也与教育水平、经济状况和政策相关。在一些国家，缺乏公共健康教育和吸烟控制政策，以及较为低廉的香烟售价可能会助长吸烟行为。
关注全球吸烟率最高的国家排名背后的原因，不仅有助于更深入地了解这些国家的文化和社会状况，也可以促进全球吸烟问题的解决与改善。对于这些国家来说，加强公共教育、改进政策、提高香烟价格等诸多方面的努力都是至关重要的，这样才能逐步降低吸烟率，改善国民的整体健康水平。#戒烟真的难吗？# #探讨戒烟之艰辛# #资深烟民见解# #香烟的危害# #如何才能戒烟？# #你考虑过戒烟吗# #控烟目标# #你戒烟了吗？# #探讨吸烟现状# #你戒烟了吗？！#","title: 全球吸烟率最高的国家 在当今社会，吸烟已成为全球范围内的一个严重问题，给人们的生活和健康带来了巨大的危害。根据最新数据统计显示，全球吸烟率最高的国家排名已然初现端倪，这些数据背后的趋势和原因令人深思。 排在榜首的是瑙鲁，其吸烟率高达48.5%，这颇具震撼。这个数据影响深远，因为高吸烟率代表着更多的健康问题和社会成本。而紧随其后的缅甸和基里巴斯，分别达到了44.1%和40.6%的吸烟率。 这种情况背后，我们不得不思考为何在这些国家吸烟率如此之高。其中一个重要的原因是文化和传统的影响。吸烟在这些国家可能被视为一种社交仪式，或是一种身份象征。 另一方面，吸烟率高也与教育水平、经济状况和政策相关。在一些国家，缺乏公共健康教育和吸烟控制政策，以及较为低廉的香烟售价可能会助长吸烟行为。 关注全球吸烟率最高的国家排名背后的原因，不仅有助于更深入地了解这些国家的文化和社会状况，也可以促进全球吸烟问题的解决与改善。对于这些国家来说，加强公共教育、改进政策、提高香烟价格等诸多方面的努力都是至关重要的，这样才能逐步降低吸烟率，改善国民的整体健康水平。#戒烟真的难吗？# #探讨戒烟之艰辛# #资深烟民见解# #香烟的危害# #如何才能戒烟？# #你考虑过戒烟吗# #控烟目标# #你戒烟了吗？# #探讨吸烟现状# #你戒烟了吗？！# summary: 在当今社会，吸烟已成为全球范围内的一个严重问题，给人们的生活和健康带来了巨大的危害。根据最新数据统计显示，全球吸烟率最高的国家排名已然初现端倪，这些数据背后的趋势和原因令人深思。 content: 全球吸烟率最高的国家 在当今社会，吸烟已成为全球范围内的一个严重问题，给人们的生活和健康带来了巨大的危害。根据最新数据统计显示，全球吸烟率最高的国家排名已然初现端倪，这些数据背后的趋势和原因令人深思。 排在榜首的是瑙鲁，其吸烟率高达48.5%，这颇具震撼。这个数据影响深远，因为高吸烟率代表着更多的健康问题和社会成本。而紧随其后的缅甸和基里巴斯，分别达到了44.1%和40.6%的吸烟率。 这种情况背后，我们不得不思考为何在这些国家吸烟率如此之高。其中一个重要的原因是文化和传统的影响。吸烟在这些国家可能被视为一种社交仪式，或是一种身份象征。 另一方面，吸烟率高也与教育水平、经济状况和政策相关。在一些国家，缺乏公共健康教育和吸烟控制政策，以及较为低廉的香烟售价可能会助长吸烟行为。 关注全球吸烟率最高的国家排名背后的原因，不仅有助于更深入地了解这些国家的文化和社会状况，也可以促进全球吸烟问题的解决与改善。对于这些国家来说，加强公共教育、改进政策、提高香烟价格等诸多方面的努力都是至关重要的，这样才能逐步降低吸烟率，改善国民的整体健康水平。#戒烟真的难吗？# #探讨戒烟之艰辛# #资深烟民见解# #香烟的危害# #如何才能戒烟？# #你考虑过戒烟吗# #控烟目标# #你戒烟了吗？# #探讨吸烟现状# #你戒烟了吗？！# """,微头条,有话说的楠子,2024-01-18 12:35:21,http://www.toutiao.com/w/i1788357738468356/,未知,戒烟、控烟,正面,未知
202401014596,控烟,title: 控烟 summary: 控烟 content: 控烟,搜狐号,轻松的万宝路i,2024-01-18 11:38:13,未知,未知,控烟,中性,未知
202401014602,马勇：控烟履约需要生态环境部的参与和支持,"title: 马勇：控烟履约需要生态环境部的参与和支持 summary: 马勇：控烟履约需要生态环境部的参与和支持马勇：控烟履约需要生态环境部的参与和支持｜2024年彭博减少烟草使用倡议行动中国项目合作伙伴会。 content: 马勇：控烟履约需要生态环境部的参与和支持｜“2024年彭博减少烟草使用倡议行动（BI）中国项目合作伙伴会”1月16日，中国生物多样性保护与绿色发展基金会控烟工作组（简称“绿会控烟组”）受邀参加“2024年彭博减少烟草使用倡议行动（BI）中国项目合作伙伴会议”，共同回顾近期的控烟工作进展、探讨2024年控烟工作策略、展望并探索如何更加有效地推进中国的控烟事业。世界卫生组织、国家卫健委等有关领导和控烟领域机构代表近百人出席会议。绿会副秘书长马勇分享了“环境保护协同控烟工作”相关进展，以下刊出主要内容：""中国在推动控烟工作中，政府在履约的同时社会组织也在积极行动。中国绿发会以环境保护为切入点，协同推进控烟工作：第1， 开展控烟公益诉讼。目前我们共提起三件有关于控烟的环境公益诉讼。（一）无烟列车、无烟奥运第一案：针对旅客多次反映的“绿皮车”内配置吸烟装置、设置吸烟区，损害乘客身体健康的问题，对三家铁路公司提起环境公益诉讼，此案成功推动北京与张家口对开的涉案列车取消吸烟区、吸烟装置并进行控烟宣传，同时其他全国普速列车也在逐步取消吸烟区和吸烟装置，后续采购绿皮车也一律不设吸烟装置。这是《民法典》实施后的首例环境公益诉讼案，也是推进无烟列车、无烟奥运的首例环境公益诉讼；（二）室内公共场所控烟第一案：一国际大型儿童主题的连锁商场内设置吸烟区并毗邻母婴室，烟雾大量外溢，导致室内空气严重污染，绿会控烟组接到群众反映并实地调研后提起环境公益诉讼，成功推动该商场关停吸烟室、取消吸烟标识。这是全国首例关注室内空气质量、体现“环保+控烟”诉求的公益诉讼案，对推进国内无烟商场建设起到积极引领作用；（三）烟草企业污染长江水系案：除了吸烟带来的环境污染和危害，整体的烟草产业链条，均会对生态环境，比如森林、土壤、水源等带来持续危害。2022年，中国绿发会收到公众反映，云南一烟草公司违规向螳螂川超标排放工业废水。螳螂川是长江的二级支流，是云南滇池唯一的天然出口。烟草企业的这一行为严重违背了长江生态安全，中国绿发会就此提起环境公益诉讼。目前该案正在审理中。第二，建议生态环境部加入烟草控制框架公约履约部际协调领导小组。目前烟草控制框架公约履约部际协调领导小组由国家卫生健康委员会牵头，组成单位包括外交部、工业和信息化部等共计十二个部委，但随着烟草行业在种植、生产、运输、消费等全过程对气候变化和生态环境的负面影响日益引起全世界的关注，环境保护协同控烟工作就显得日益重要和紧迫。特别是近两年，世界卫生组织将世界无烟日的主题聚焦烟草对环境的影响，旨在加强公众对烟草危害的认识，提高公众戒烟意识。鉴于生态环境部是气候变化应对和生态环境保护的主管部委，为进一步做好控烟履约工作，加强环境保护协同控烟工作，建议将生态环境部作为领导小组组成单位。第2， 绿会控烟组向国家烟草专卖局申请信息公开。就全国烟叶种植面积及产量、卷烟产量及销售量、烟草制品生产企业年度总产量计划及《关于烟草行业做好碳达峰、碳中和的实施意见》等向国家烟草专卖局申请信息公开并收到了国家烟草专卖局发来的《政府信息公开申请答复书》（以下简称《答复书》），《答复书》称，绿会所申请公开的“2022年度全国烟叶种植面积”“2022年度全国烟叶产量”“2022年度全国卷烟产量”“2022年度全国卷烟销售量”等内容，需要对现有政府信息进行加工分析，根据《中华人民共和国政府信息公开条例》第三十八条的规定，本机关不予提供；“全国烟草制品生产企业2022年度总产量计划”涉及国家机密，不予公开；就“《关于烟草行业做好碳达峰、碳中和的实施意见》”予以公开。所以我们也希望和在座的各位一起来推动这项基础性的工作。共同助力实现“2030碳达峰，2060碳中和”目标，推进美丽中国建设。整理：阿西叶 审：绿宣 编辑：石头",网易号,中国绿发会,2024-01-18 11:33:49,http://dy.163.com/article/IONUG05005346JLK.html,未知,控烟、戒烟,中性,未知
202401014608,过年送礼不送烟：中国肺癌死亡人数全球最多，超7亿人暴露于二手烟,"title: 过年送礼不送烟：中国肺癌死亡人数全球最多，超7亿人暴露于二手烟 summary: 过年送礼不送烟：中国肺癌死亡人数全球最多，超7亿人暴露于二手烟吸烟危害健康。 content: 吸烟危害健康。春节临近，2024年1月 18日，新探健康发展研究中心联合北京健康教育协会发起了“过节送礼不送烟 健康快乐过大年”倡导活动，旨在新春佳节前，在公众中倡导新春送礼不送烟、见面聚会不吸烟、不敬烟、不劝烟，以期能够起到改变不文明习俗，共度健康文明春节的果效。""戒烟志愿者杜一夫在活动现场分享自己的戒烟经验。 澎湃新闻记者 刁凡超 摄澎湃新闻（www.thepaper.cn）从当日举办的信息交流会上获悉，我国有一半的男性居民每天吸烟，超过7亿人暴露于二手烟中，中国是全球因肺癌死亡人数最多的国家，心脑血管疾病死亡人数也逐年上升，烟草使用还会增加患糖尿病等疾病的风险。不仅吸烟有害健康，二手烟和三手烟也同样可以严重危害家人、孩子的身心健康，特别是孩子的呼吸道和肺部。春节，是洋溢着家庭温馨与亲情欢乐的美好时刻，家人团聚幸福温暖其乐融融。曾经，由于我们对烟草危害了解的不多，很多人在传统佳节，走亲访友时会把卷烟当做礼品送给亲朋，亲友聚会时也常互相敬烟，吸烟陋习流行。“统计数据表明，每年春节和中秋节是卷烟销售高峰，春节期间销售超过平日20-30%；2005年有数据表明，19.11%，9.02%的吸烟者在过去三个月送过、收到过礼品烟，超过23%的吸烟者或者送过礼品烟或者收到过礼品烟。”中国疾病预防控制中心控烟办公室原主任，新探健康发展研究中心副主任、研究员姜垣说。据姜垣介绍，2024年的网络调查的数据进一步显示，18.4%的吸烟者在2023年收到过礼品烟，20.3%的吸烟者送过礼品烟，已经戒烟的人中这两个比例是3.3%和9.0%，从不吸烟者是1.5%和5.1%。中国国际控烟政策研究（ITC）报告显示，54.1%的吸烟者身上带着两包烟，其中一包是自己用的，另外一包是用来社交的。不吸烟的社会风尚未形成。“目前中国超过一半的男性是吸烟者。烟草使用的危害就是全球近40%的肺癌死亡发生在中国，心梗年龄越来越低，心脑血管疾病死亡依旧在上升。遏制烟草在中国的流行重要一点就是改变社会风气，过节不送烟、见面不敬烟，不在公共场所吸烟，从你从我，大家一起做”。姜垣说。据北京健康教育协会常务副会长刘秀荣介绍，为确保本次倡导活动顺利进行，主办单位新探健康发展研究中心特别制作了活动工具包，其中包括活动宣传海报、新探IP形象小新、小探以及支持“送礼不送烟”网络接龙H5”。活动工具包将通过烟草控制资源中心网站（www.tcrc.org.cn），以及北京健康教育协会官方网站（http://www.bjjkjy.org.cn） 发布并向有需要的单位或个人提供免费下载。原中国预防医学科学院院长，新探健康发展研究中心前主任王克安，启动了此次倡导活动小程序。他说：“烟草严重危害了我们的健康！不敬烟、不送烟，不在公共场合吸烟。2024年，改变社会风气从点滴做起，靠你、靠我、靠大家。”",网易号,澎湃新闻,2024-01-18 11:26:34,http://dy.163.com/article/IONU2N5V0514R9P4.html,未知,戒烟、控烟,负面,未知
202401014626,哈哈，不是以高价达到“控烟”吗？现在好了，大家戒烟了，而它们急了[击掌][击掌][击掌][击掌][击掌],title: 哈哈，不是以高价达到“控烟”吗？现在好了，大家戒烟了，而它们急了[击掌][击掌][击掌][击掌][击掌] summary: 现在好了，大家戒烟了，而它们急了[击掌][击掌][击掌][击掌][击掌]哈哈，不是以高价达到控烟吗？ content: 哈哈，不是以高价达到“控烟”吗？现在好了，大家戒烟了，而它们急了[击掌][击掌][击掌][击掌][击掌],微头条,少林寺驻武当山办事处王喇嘛1,2024-01-18 11:08:29,http://www.toutiao.com/w/i1788395975693312/,未知,控烟、戒烟,正面,未知
202401014664,"在2007年，这张照片记录了成都市某高校宿舍的楼道情景，展现了一位来自重庆市城口县的姑娘。她是学校的学生会控烟劝导员，利用休息时间，展示了她的工作状态。这位姑娘是因为渴望在大学期间锻炼自己，所以主动选择成为学生会的控烟劝导员，每周定期在学校开展控烟工作。与众不同的重庆妹儿不仅外表漂亮，身材也很突出，戴着眼镜给人斯斯文文的感觉，显得与众不同。
通过这张照片，我们看到了她作为一名学生，放下了个人形象，选择了社会责任。对于她来说，控烟并不只是一项任务，更是在工作中发挥自己的个人特长，实现自身价值的过程。她的行为展现了当代大学生应该积极践行社会责任的一面，表达了她对非吸烟环境的追求和呵护。
在当今社会，大学生作为社会的中坚力量，他们的行为和行动给予我们更多的启示。这张照片所呈现的画面不仅仅是一张照片，更是对当代大学生在校园社会中积极作用的真实写照，也是对社会责任表述的生动注解。","title: 在2007年，这张照片记录了成都市某高校宿舍的楼道情景，展现了一位来自重庆市城口县的姑娘。她是学校的学生会控烟劝导员，利用休息时间，展示了她的工作状态。这位姑娘是因为渴望在大学期间锻炼自己，所以主动选择成为学生会的控烟劝导员，每周定期在学校开展控烟工作。与众不同的重庆妹儿不仅外表漂亮，身材也很突出，戴着眼镜给人斯斯文文的感觉，显得与众不同。 通过这张照片，我们看到了她作为一名学生，放下了个人形象，选择了社会责任。对于她来说，控烟并不只是一项任务，更是在工作中发挥自己的个人特长，实现自身价值的过程。她的行为展现了当代大学生应该积极践行社会责任的一面，表达了她对非吸烟环境的追求和呵护。 在当今社会，大学生作为社会的中坚力量，他们的行为和行动给予我们更多的启示。这张照片所呈现的画面不仅仅是一张照片，更是对当代大学生在校园社会中积极作用的真实写照，也是对社会责任表述的生动注解。 summary: 在2007年，这张照片记录了成都市某高校宿舍的楼道情景，展现了一位来自重庆市城口县的姑娘。她是学校的学生会控烟劝导员，利用休息时间，展示了她的工作状态。这位姑娘是因为渴望在大学期间锻炼自己，所以主动选择成为学生会的控烟劝导员，每周定期在学校开展控烟工作。 content: 在2007年，这张照片记录了成都市某高校宿舍的楼道情景，展现了一位来自重庆市城口县的姑娘。她是学校的学生会控烟劝导员，利用休息时间，展示了她的工作状态。这位姑娘是因为渴望在大学期间锻炼自己，所以主动选择成为学生会的控烟劝导员，每周定期在学校开展控烟工作。与众不同的重庆妹儿不仅外表漂亮，身材也很突出，戴着眼镜给人斯斯文文的感觉，显得与众不同。 通过这张照片，我们看到了她作为一名学生，放下了个人形象，选择了社会责任。对于她来说，控烟并不只是一项任务，更是在工作中发挥自己的个人特长，实现自身价值的过程。她的行为展现了当代大学生应该积极践行社会责任的一面，表达了她对非吸烟环境的追求和呵护。 在当今社会，大学生作为社会的中坚力量，他们的行为和行动给予我们更多的启示。这张照片所呈现的画面不仅仅是一张照片，更是对当代大学生在校园社会中积极作用的真实写照，也是对社会责任表述的生动注解。 """,微头条,7囍不够甜,2024-01-18 10:04:06,http://www.toutiao.com/w/i1788358990268416/,未知,控烟,正面,未知
202401014671,邱县卫生健康局开展“无烟佳节 与爱同行”控烟宣传活动,"title: 邱县卫生健康局开展“无烟佳节 与爱同行”控烟宣传活动 summary: 邱县卫生健康局开展无烟佳节与爱同行控烟宣传活动为进一步推动控烟工作开展，1月11日，邱县卫健局组织疾控中心到各医疗机构开展控烟宣传活动，引导广大医务人员、患者及其家属践行文明健康绿色环保生活方式，积极营造双节无烟氛围，扎实推进无烟佳节。 content: 为进一步推动控烟工作开展，1月11日，邱县卫健局组织疾控中心到各医疗机构开展控烟宣传活动，引导广大医务人员、患者及其家属践行文明健康绿色环保生活方式，积极营造“双节”无烟氛围，扎实推进“无烟佳节，与爱同行”主题活动开展。""活动中，通过张贴宣传海报、发放控烟手册和控烟宣传品，面对面向群众讲解吸烟从生理、心理方面对身体的影响，让人们了解吸烟是一种不健康的生活习惯，倡导春节期间亲友聚会不抽烟，共同营造无烟佳节良好氛围。此次活动，共发放禁烟宣传资料（宣传品）1000余份。下一步卫健局将在佳节前夕持续开展控烟宣传“进机关”“进社区”“进企业”“进学校”“进乡村”“进社区”“进家庭”活动，做实“无烟佳节，与爱同行”主题宣传的落实。（邱县卫健局）",头条号,邱县普法,2024-01-18 09:33:47,http://www.toutiao.com/w/i7325245371192820243/,未知,控烟,正面,未知
202401014677,临邑公路分中心积极开展“无烟佳节·与爱同行”活动,"title: 临邑公路分中心积极开展“无烟佳节·与爱同行”活动 summary: 为引导全体干部职工践行文明健康绿色环保生活方式，营造元旦、春节两节无烟氛围，山东省德州市临邑公路分中心积极开展无烟佳节·与爱同行控烟活动，倡导全体干部职工过节不吸烟、不敬烟、不送烟，对二手烟说不，共度无烟佳节。 content: ""为引导全体干部职工践行文明健康绿色环保生活方式，营造元旦、春节“两节”无烟氛围，山东省德州市临邑公路分中心积极开展“无烟佳节·与爱同行”控烟活动，倡导全体干部职工过节不吸烟、不敬烟、不送烟，对二手烟说不，共度无烟佳节。""对于此次活动，该分中心召开了“无烟党政机关”工作推进会，强调要充分发挥领导干部在控烟工作中的示范引领作用，进一步营造“绿色、文明、无烟”的健康环境。同时要以元旦、春节“双节”为契机，利用一楼大厅电子横幅、LED大小屏、取阅架等多种宣传形式开展控烟宣传，动员单位干部职工积极参与无烟工作，在全单位掀起创建无烟环境的热潮。此外，该分中心负责人还强调，要强化无烟单位环境布置，在工作场所张贴禁烟标志，告知职工及来访者不得在办公场所内吸烟；室内禁止摆放烟草制品及烟灰缸等烟具。负责人还表示，临邑公路分中心将持续开展形式多样的控烟宣传和教育，以实际行动推动健康德州建设。（贾冀儒 文/图）",头条号,城市新消费,2024-01-18 09:24:53,http://www.toutiao.com/w/i7325243178561749556/,未知,控烟,正面,未知
202401014689,【“无烟佳节 与爱同行” 控烟活动】突泉县“无烟佳节 与爱同行”倡议书,"title: 【“无烟佳节 与爱同行” 控烟活动】突泉县“无烟佳节 与爱同行”倡议书 summary: 突泉县无烟佳节与爱同行倡议书。戒烟服务专家走进基层社区和单位，通过发放戒烟科普宣传手册，讲解吸烟和二手烟的危害，提升居民戒烟意愿，引导居民养成健康的生活方式和生活习惯。让我们共同行动起来，从自身做起、从现在做起，追求文明健康的生活方式，过节不吸烟、不敬烟、不送烟，对二手烟说不，共度无烟健康佳节。 content: &lt;img class=""content-image"" data-src=""lEVudsxXQilkQo3OKeq3U8BtPsOZN1xBjR51Pm15agFEwLD7gFJ3njro31iTA4nrwRxIbja8KBBZiCWxqF9Ebm33Ysh5kRmdu61scmOPCkQ="" width=""111"" height=""119"" /吸烟不仅有害健康、导致多种疾病，还会因烟蒂乱丢引起火灾，给国家和人民造成巨大的经济损失，公共场所吸烟更是危害着周围的人群。春节是中国人一年中最为重要的节日，礼物传递着对亲朋好友的关爱和祝福。烟草作为健康的无形杀手，送人烟草就等于送人危害。为此，我们向全社会发出如下倡议：一、机关单位带头开展自查自纠，发现问题及时整改，巩固无烟单位建设成果。在单位内部开展全方位、多角度的控烟宣传教育，引导干部职工不吸烟、主动戒烟，主动做控烟宣传者和倡导者。二、中小学加强假期教育，引导学生充分认识烟草危害，了解控烟核心知识。青少年树立“拒吸第一支烟，做无烟新一代”理念，做学校、家庭控烟监督员，通过“小手牵大手”，促进无烟学校、无烟家庭建设。家长不吸烟，主动戒烟，为青少年健康成长作表率。不吸烟，主动戒烟，康三、戒烟服务专家走进基层社区和单位，通过发放戒烟科普宣传手册，讲解吸烟和二手烟的危害，提升居民戒烟意愿，引导居民养成健康的生活方式和生活习惯。基层医疗卫生机构提供免费戒烟咨询，提高戒烟成功率，实现居民戒烟服务“零”距离。让我们共同行动起来，从自身做起、从现在做起，追求文明健康的生活方式，过节不吸烟、不敬烟、不送烟，“对二手烟说不”，共度无烟健康佳节。突泉县爱国卫生服务中心2024年1月5日来源：健康突泉发布于：山西省",搜狐号,城市线上生活,2024-01-18 08:03:15,http://m.sohu.com/a/752583266_121117468,未知,控烟、戒烟,中性,未知
202401014695,"新年伊始，我走进烟草店，却惊讶地发现曾经熟悉的平民烟居然涨价了，每包都多了2块钱。这意味着什么呢？我不禁开始思索。或许这是国家开始推进控烟政策的一个明显信号。烟草价格的上涨可能是为了降低吸烟率，减少吸烟对健康的影响。
这个变化引发了我内心深处的思考。作为一个吸烟者，我感到这或许是时候做出改变了。去年已经开始有关于加大控烟力度的消息，而如今的这次涨价可能是新政策的具体体现。或许是时候对自己的身体健康和对社会的责任做出回应了。
统计数据显示，吸烟对人体健康产生了严重影响，并且给社会带来了巨大的医疗负担。政府出台控烟政策势在必行。同时，社会上也越来越多的人开始意识到吸烟对健康的危害，开始积极参与到控烟的行动中来。
作为一个有30多年烟龄的老烟民，我也深感愧疚。作为一个普通公民，我决定在春节过后正式踏上戒烟之路。我希望能通过自己的努力，为社会减少一份负担，同时也为自己的健康负责。国家在推行控烟政策的同时，我们也应该理性看待吸烟对健康的危害，积极参与到戒烟的行动当中来。愿我们能够共同努力，为建设一个更加健康的社会贡献自己的一份力量。","title: 新年伊始，我走进烟草店，却惊讶地发现曾经熟悉的平民烟居然涨价了，每包都多了2块钱。这意味着什么呢？我不禁开始思索。或许这是国家开始推进控烟政策的一个明显信号。烟草价格的上涨可能是为了降低吸烟率，减少吸烟对健康的影响。 这个变化引发了我内心深处的思考。作为一个吸烟者，我感到这或许是时候做出改变了。去年已经开始有关于加大控烟力度的消息，而如今的这次涨价可能是新政策的具体体现。或许是时候对自己的身体健康和对社会的责任做出回应了。 统计数据显示，吸烟对人体健康产生了严重影响，并且给社会带来了巨大的医疗负担。政府出台控烟政策势在必行。同时，社会上也越来越多的人开始意识到吸烟对健康的危害，开始积极参与到控烟的行动中来。 作为一个有30多年烟龄的老烟民，我也深感愧疚。作为一个普通公民，我决定在春节过后正式踏上戒烟之路。我希望能通过自己的努力，为社会减少一份负担，同时也为自己的健康负责。国家在推行控烟政策的同时，我们也应该理性看待吸烟对健康的危害，积极参与到戒烟的行动当中来。愿我们能够共同努力，为建设一个更加健康的社会贡献自己的一份力量。 summary: 新年伊始，我走进烟草店，却惊讶地发现曾经熟悉的平民烟居然涨价了，每包都多了2块钱。我不禁开始思索。或许这是国家开始推进控烟政策的一个明显信号。烟草价格的上涨可能是为了降低吸烟率，减少吸烟对健康的影响。愿我们能够共同努力，为建设一个更加健康的社会贡献自己的一份力量。 content: 新年伊始，我走进烟草店，却惊讶地发现曾经熟悉的平民烟居然涨价了，每包都多了2块钱。这意味着什么呢？我不禁开始思索。或许这是国家开始推进控烟政策的一个明显信号。烟草价格的上涨可能是为了降低吸烟率，减少吸烟对健康的影响。 这个变化引发了我内心深处的思考。作为一个吸烟者，我感到这或许是时候做出改变了。去年已经开始有关于加大控烟力度的消息，而如今的这次涨价可能是新政策的具体体现。或许是时候对自己的身体健康和对社会的责任做出回应了。 统计数据显示，吸烟对人体健康产生了严重影响，并且给社会带来了巨大的医疗负担。政府出台控烟政策势在必行。同时，社会上也越来越多的人开始意识到吸烟对健康的危害，开始积极参与到控烟的行动中来。 作为一个有30多年烟龄的老烟民，我也深感愧疚。作为一个普通公民，我决定在春节过后正式踏上戒烟之路。我希望能通过自己的努力，为社会减少一份负担，同时也为自己的健康负责。国家在推行控烟政策的同时，我们也应该理性看待吸烟对健康的危害，积极参与到戒烟的行动当中来。愿我们能够共同努力，为建设一个更加健康的社会贡献自己的一份力量。 """,微头条,1505皑皑,2024-01-18 07:55:29,http://www.toutiao.com/w/i1788374852147268/,未知,控烟、戒烟,正面,未知
202401014728,【潘杨湖新观察】室内公共场所&lt;span style=color: #F76435;抽烟&lt;/span惹人厌,title: 【潘杨湖新观察】室内公共场所&lt;span style=color: #F76435;抽烟&lt;/span惹人厌 summary: 记者了解到，目前按照规定，几乎所有室内公共场所都张贴了禁止吸烟的标志，但这些规定仅仅是对公共场所经营者的原则性要求，约束的只是经营者，无法对吸烟者进行处罚，也没有对执法主体的执法范围提出明确要求，操作性不强，控烟效果不好。 content: 全媒体记者康冀楠报道 吸烟有害健康，这是人人都知道的事。然而，记者近日走访我市车站、医院、饭店等公共场所发现，部分公共场所依然是控烟的死角，控烟工作任重而道远。1月14日下午，记者在我市部分商场看到，随着人们禁烟意识的增强，在商场公共区域吸烟的现象难觅。不过，记者在商场卫生间门口的垃圾桶内依旧能看到散落的烟头。随后，记者来到我市一所三甲医院的住院部，尽管墙上有禁止吸烟的标识，但在一些楼层的电梯口和卫生间门口，仍聚集着不少烟民。除了上述的公共场所，我市一些饭店也是烟雾缭绕。1月14日晚，记者走访了市区部分餐馆饭店，许多饭店大厅内有顾客在“吞云吐雾”，并不顾及周围的食客。“在饭店吃饭，就怕遇到抽烟的，呛得人受不了，衣服上还都是烟味，很难闻。”正在晋安路一家饭店就餐的胡女士气愤地说。控烟不能仅靠倡议和宣传全媒体记者康冀楠报道 据了解，我国自2011年起，在所有室内公共场所、室内工作场所、公共交通工具和其他可能的室外工作场所全面禁止吸烟。但是，很多市民表示，杜绝这些场所的“吞云吐雾”，光靠倡议和宣传不行，如果没有强制手段，很难落到实处。吸烟除了给自己和他人的身体健康造成危害外，在公共场所吸烟，还会带来火灾等其他社会问题。记者了解到，目前按照规定，几乎所有室内公共场所都张贴了禁止吸烟的标志，但这些规定仅仅是对公共场所经营者的原则性要求，约束的只是经营者，无法对吸烟者进行处罚，也没有对执法主体的执法范围提出明确要求，操作性不强，控烟效果不好。在我国，烟民基数偏大，部分烟民的法律意识欠缺，绝大多数人还把吸烟当作是正当的生活消遣，对控烟执法不理解、不支持。对这种行为，仅仅靠公众的谴责并没有真正的约束力。记者点评立法控烟势在必行全媒体记者康冀楠“控烟令”“禁烟令”在我国并不是一个新鲜概念。近年，城市控烟“有法可依”不断加速，国内多地陆续修订或出台控烟政策，城市控烟立法步伐明显加快。目前，国家层面的立法正在积极推动，同时也要求各个地方结合地方的实际情况出台控烟的法律法规。立法控烟，势在必行。这意味着将控烟提升到了法律层面，因而使控烟实现有法必依、违法必究。从不少城市实现室内公共场所全面禁烟来看，目前整体执行效果良好。当前，健康中国行动、健康中原行动和健康开封行动都把控烟工作列入了专项行动之一。只有尽快推进无烟环境建设、加快对控烟行动的立法进程，才能让控烟工作有法可依，人民健康得到保障。此外，政府部门还可设立违反控烟条例行为的举报电话，受理来自个人、单位举报的控烟投诉事项，建立专业的监督检查队伍，制定严格的监督检查措施和具体的惩处细则，确保公众严格遵守禁止在公众场合吸烟的法规和规定。责任编辑：刘薇薇,人民号,开封之声,2024-01-18 01:35:11,http://rmh.pdnews.cn/Pc/ArtInfoApi/article?id=39576469,未知,控烟,负面,未知
202401014189,楼主别什么都拿市场竞争说事，低端烟减少与其说是市场竞争的结果不如说是国家控烟的必然。,title: 楼主别什么都拿市场竞争说事，低端烟减少与其说是市场竞争的结果不如说是国家控烟的必然。 summary: 楼主别什么都拿市场竞争说事，低端烟减少与其说是市场竞争的结果不如说是国家控烟的必然。 content: 楼主别什么都拿市场竞争说事，低端烟减少与其说是市场竞争的结果不如说是国家控烟的必然。,微头条,丁雨农,2024-01-17 22:06:55,http://www.toutiao.com/w/i1788346803316747/,未知,控烟,中性,未知
202401014083,马泉街道集中开展爱国卫生及“无烟佳节·与爱同行”控烟宣传活动,"title: 马泉街道集中开展爱国卫生及“无烟佳节·与爱同行”控烟宣传活动 summary: 马泉街道集中开展爱国卫生及无烟佳节·与爱同行控烟宣传活动为提高社区居民对吸烟危害的认识，倡导健康生活方式，1月15日开始，秦都区马泉街道各社区新时代文明实践站集中开展2024年新春爱国卫生及无烟佳节·与爱同行控烟宣传活动。 content: 为提高社区居民对吸烟危害的认识，倡导健康生活方式，1月15日开始，秦都区马泉街道各社区新时代文明实践站集中开展2024年新春爱国卫生及“无烟佳节·与爱同行”控烟宣传活动。""活动现场，街道秦都区花苑社区志愿者和网格员们，在新时代文明实践站，通过集中播放“帮您戒烟PPT”、线上宣传、发放戒烟折页、“无烟佳节·与爱同行”倡议书等形式，向居民们介绍了一些有效的戒烟方法和技巧，帮助他们克服戒烟过程中的困难，号召居民为了自己和家人的健康不吸或少吸烟，共建无烟环境，共享健康生活。马泉花苑、宝泉路北、茂西社区新文明实践站通过悬挂横幅、发放2024年新春爱国卫生及“无烟佳节·与爱同行”倡议书、开展“珍爱生命·远离烟草”群众禁烟签名活动，引导广大居民践行文明健康绿色环保的生活方式，减少烟草危害，共同营造元旦、春节健康无烟良好环境，。改变一种习惯，收获一份健康。此次控烟活动得到了社区居民的积极响应和支持，大家纷纷自发签名承诺从自身做起，拒绝吸烟，从身边做起，不吸烟、不吸二手烟、不在公共场所吸烟，加强锻炼身体，保持身体健康，积极参与全民健身活动，养成健康生活习惯，为创建一个健康、和谐的社区环境贡献自己的力量。（作者：何东京）",头条号,科普小秦,2024-01-17 21:29:05,http://www.toutiao.com/w/i7325058397326066213/,未知,控烟、戒烟,正面,未知
202401014318,科技戒烟控烟，当天见效，无效退款！,title: 科技戒烟控烟，当天见效，无效退款！ summary: 科技戒烟控烟，当天见效，无效退款！ content: 科技戒烟控烟，当天见效，无效退款！,小红书,科技戒烟控烟中心,2024-01-17 18:42:00,http://www.xiaohongshu.com/discovery/item/65a7af270000000028022f3f,未知,戒烟控烟,中性,未知
202401014132,"青涩麻酱vZT：尼古丁所受关注已久，它作为香烟的主要成分之一，长期以来被看作是致癌元凶。最新研究却质疑了这一观点。香烟是否真的如我们想象的那样危险？尼古丁作为其中的重要成分，到底对人体健康有何影响？本文将深入探讨香烟与尼古丁的健康影响，揭开其中的真相。
尼古丁一直被认为是导致吸烟者罹患癌症的主要元凶，但医学研究提供了一些令人深思的观点。尼古丁本身并不会引发癌症。吸烟带来的癌症风险主要来自烟草燃烧产生的有害化学物质，特别是焦油。焦油中含有许多致癌物质，它们会直接损害肺部组织，增加罹患肺癌的风险。尼古丁并非是导致吸烟与癌症相关的主要因素。
尽管如此，尼古丁确实是一种能够导致成瘾的化学物质。它通过刺激大脑中的多巴胺系统，让人感到愉悦和满足，从而形成吸烟的习惯。此外，香烟燃烧时产生的大量有害物质，如焦油、一氧化碳等，被认为是导致吸烟与健康问题的主要因素之一。
尼古丁在医学领域中也有一定的用途。它曾被用作治疗烟草成瘾的药物，帮助吸烟者戒烟。此外，尼古丁贴片和尼古丁口香糖等尼古丁替代疗法也被广泛使用，以帮助人们逐渐减少尼古丁的摄入，最终实现戒烟的目标。一些研究还发现尼古丁可能对某些神经系统疾病有一定的治疗效果。
无可否认的是，吸烟依然与许多其他健康问题密切相关。吸烟不仅增加了罹患癌症的风险，还被广泛认为是心血管疾病、慢性阻塞性肺病、中风等健康问题的主要风险因素之一。吸烟还与口腔、喉咙、食道、膀胱、胃等癌症相关联。除了个人健康之外，吸烟还会对吸烟者的家人和周围的人造成被动吸烟危害。
尽管尼古丁并非直接的致癌物质，吸烟仍然是一个极其不健康的习惯。吸烟的危害主要来自烟草燃烧产生的有害化学物质，而非尼古丁本身。控烟依然是迈向更健康生活的最佳选择，对于追求健康的人们来说，远离吸烟是至关重要的。
以上内容仅代表个人观点，供读者们娱乐自辨。如果涉及到相关政策法规还请以官方文件为主！
#冬日生活打卡季#、#评论区出主意大赛#、#万能生活指南#",title: 青涩麻酱vZT：尼古丁所受关注已久，它作为香烟的主要成分之一，长期以来被看作是致癌元凶。最新研究却质疑了这一观点。香烟是否真的如我们想象的那样危险？尼古丁作为其中的重要成分，到底对人体健康有何影响？本文将深入探讨香烟与尼古丁的健康影响，揭开其中的真相。 尼古丁一直被认为是导致吸烟者罹患癌症的主要元凶，但医学研究提供了一些令人深思的观点。尼古丁本身并不会引发癌症。吸烟带来的癌症风险主要来自烟草燃烧产生的有害化学物质，特别是焦油。焦油中含有许多致癌物质，它们会直接损害肺部组织，增加罹患肺癌的风险。尼古丁并非是导致吸烟与癌症相关的主要因素。 尽管如此，尼古丁确实是一种能够导致成瘾的化学物质。它通过刺激大脑中的多巴胺系统，让人感到愉悦和满足，从而形成吸烟的习惯。此外，香烟燃烧时产生的大量有害物质，如焦油、一氧化碳等，被认为是导致吸烟与健康问题的主要因素之一。 尼古丁在医学领域中也有一定的用途。它曾被用作治疗烟草成瘾的药物，帮助吸烟者戒烟。此外，尼古丁贴片和尼古丁口香糖等尼古丁替代疗法也被广泛使用，以帮助人们逐渐减少尼古丁的摄入，最终实现戒烟的目标。一些研究还发现尼古丁可能对某些神经系统疾病有一定的治疗效果。 无可否认的是，吸烟依然与许多其他健康问题密切相关。吸烟不仅增加了罹患癌症的风险，还被广泛认为是心血管疾病、慢性阻塞性肺病、中风等健康问题的主要风险因素之一。吸烟还与口腔、喉咙、食道、膀胱、胃等癌症相关联。除了个人健康之外，吸烟还会对吸烟者的家人和周围的人造成被动吸烟危害。 尽管尼古丁并非直接的致癌物质，吸烟仍然是一个极其不健康的习惯。吸烟的危害主要来自烟草燃烧产生的有害化学物质，而非尼古丁本身。控烟依然是迈向更健康生活的最佳选择，对于追求健康的人们来说，远离吸烟是至关重要的。 以上内容仅代表个人观点，供读者们娱乐自辨。如果涉及到相关政策法规还请以官方文件为主！ #冬日生活打卡季#、#评论区出主意大赛#、#万能生活指南# summary: 尼古丁所受关注已久，它作为香烟的主要成分之一，长期以来被看作是致癌元凶。最新研究却质疑了这一观点。香烟是否真的如我们想象的那样危险？尼古丁作为其中的重要成分，到底对人体健康有何影响？本文将深入探讨香烟与尼古丁的健康影响，揭开其中的真相。 content: 尼古丁所受关注已久，它作为香烟的主要成分之一，长期以来被看作是致癌元凶。最新研究却质疑了这一观点。香烟是否真的如我们想象的那样危险？尼古丁作为其中的重要成分，到底对人体健康有何影响？本文将深入探讨香烟与尼古丁的健康影响，揭开其中的真相。 尼古丁一直被认为是导致吸烟者罹患癌症的主要元凶，但医学研究提供了一些令人深思的观点。尼古丁本身并不会引发癌症。吸烟带来的癌症风险主要来自烟草燃烧产生的有害化学物质，特别是焦油。焦油中含有许多致癌物质，它们会直接损害肺部组织，增加罹患肺癌的风险。尼古丁并非是导致吸烟与癌症相关的主要因素。 尽管如此，尼古丁确实是一种能够导致成瘾的化学物质。它通过刺激大脑中的多巴胺系统，让人感到愉悦和满足，从而形成吸烟的习惯。此外，香烟燃烧时产生的大量有害物质，如焦油、一氧化碳等，被认为是导致吸烟与健康问题的主要因素之一。 尼古丁在医学领域中也有一定的用途。它曾被用作治疗烟草成瘾的药物，帮助吸烟者戒烟。此外，尼古丁贴片和尼古丁口香糖等尼古丁替代疗法也被广泛使用，以帮助人们逐渐减少尼古丁的摄入，最终实现戒烟的目标。一些研究还发现尼古丁可能对某些神经系统疾病有一定的治疗效果。 无可否认的是，吸烟依然与许多其他健康问题密切相关。吸烟不仅增加了罹患癌症的风险，还被广泛认为是心血管疾病、慢性阻塞性肺病、中风等健康问题的主要风险因素之一。吸烟还与口腔、喉咙、食道、膀胱、胃等癌症相关联。除了个人健康之外，吸烟还会对吸烟者的家人和周围的人造成被动吸烟危害。 尽管尼古丁并非直接的致癌物质，吸烟仍然是一个极其不健康的习惯。吸烟的危害主要来自烟草燃烧产生的有害化学物质，而非尼古丁本身。控烟依然是迈向更健康生活的最佳选择，对于追求健康的人们来说，远离吸烟是至关重要的。 以上内容仅代表个人观点，供读者们娱乐自辨。如果涉及到相关政策法规还请以官方文件为主！ #冬日生活打卡季#、#评论区出主意大赛#、#万能生活指南#,微头条,青涩麻酱vZT,2024-01-17 18:28:58,http://www.toutiao.com/w/1788276141065216/,未知,戒烟、控烟,正面,未知
202401014068,简阳教育发布丨踏水学校开展“无烟佳节 与爱同行”主题教育活动,"title: 简阳教育发布丨踏水学校开展“无烟佳节 与爱同行”主题教育活动 summary: 简阳教育发布丨踏水学校开展无烟佳节与爱同行主题教育活动为增强师生禁烟的自觉性，提倡无烟健康过节，做到不吸烟、不敬烟、不送烟，近日，我校再次组织师生学习了《成都市控制吸烟条例》，引导青少年正确树立拒吸第一支烟，做无烟新一代的健康思想。 content: 为增强师生禁烟的自觉性，提倡无烟健康过节，做到“不吸烟、不敬烟、不送烟”，近日，我校再次组织师生学习了《成都市控制吸烟条例》，引导青少年正确树立“拒吸第一支烟，做无烟新一代”的健康思想。""教职工学习《成都市公共场所控制吸烟条例》""在开展禁烟宣传教育主题班会中，班主任从烟民的现状、青少年吸烟的心理、吸烟及二手烟对人体的危害、如何正确面对烟草等几个方面进行了详细的讲解，帮助同学们了解控烟知识，提高了师生对吸烟以及二手烟危害的重视程度。""""""""在学校的精心组织下，在师生的积极参与下，我校严格落实禁烟规定，此项工作为我校的德育教育增添了新的亮点。",头条号,简阳教育,2024-01-17 17:50:43,http://www.toutiao.com/w/i7324956985425084968/,未知,控烟,正面,未知
202401014097,男子每天抽10包烟，双肺千疮百孔,"title: 男子每天抽10包烟，双肺千疮百孔 summary: 男子每天抽10包烟，双肺千疮百孔#全民健康说#男子每日抽10包烟，双肺千疮百孔，警醒世人！据统计，我国吸烟人数已逾3亿，每年因吸烟导致的疾病死亡人数高达100万。烟草中含有的尼古丁、焦油、一氧化碳等有害物质，通过燃烧过程进入烟雾，进而被吸入肺部。吸烟是其主要诱因之一，长期大量吸烟容易导致肺纤维化。 content: #全民健康说#男子每日抽10包烟，双肺千疮百孔，警醒世人！导语：吸烟，这一看似普通却又深远影响人类健康的行为，在我国有着庞大的群体。据统计，我国吸烟人数已逾3亿，每年因吸烟导致的疾病死亡人数高达100万。今天，我们要讲述的就是一个关于吸烟危害的典型案例，以期警醒更多人远离烟草。：在一个普通的日子，我们接诊了一位45岁的男性患者，张先生。他因为持续咳嗽、气促等症状就诊。在了解到他有长达20年的吸烟史，每日吸烟量高达10包后，我们为他安排了详细的检查。结果出来后，令人震惊：双肺千疮百孔，患上严重的肺纤维化。知识扩展：1. 烟草中的有害物质""烟草中含有的尼古丁、焦油、一氧化碳等有害物质，通过燃烧过程进入烟雾，进而被吸入肺部。这些有害物质会对呼吸系统造成直接损害，导致慢性炎症、黏膜损伤等。2. 吸烟与肺部疾病吸烟是导致慢性阻塞性肺疾病（COPD）的主要危险因素，其中包括慢性支气管炎、肺气肿等。此外，吸烟还与肺癌、肺结核、肺炎等疾病密切相关。3. 肺纤维化""肺纤维化是一种严重的肺部疾病，表现为肺部组织逐渐变硬、纤维化，导致呼吸功能受限。吸烟是其主要诱因之一，长期大量吸烟容易导致肺纤维化。干货建议：1. 戒烟戒烟是预防吸烟相关疾病最有效的方法。戒烟初期可能会出现戒断症状，如焦虑、烦躁、失眠等。此时，可寻求专业医生指导，采用药物、心理干预等方法辅助戒烟。2. 加强锻炼""规律进行户外运动，增强体质，提高免疫力。锻炼可以促进肺部功能恢复，缓解吸烟引起的呼吸道症状。3. 保持良好的生活习惯养成良好的作息规律，保持充足的睡眠，避免过度劳累。保持饮食均衡，多吃新鲜蔬果，补充足量的维生素和矿物质。4. 定期体检对于长期吸烟者，建议定期进行肺部检查，如胸部X光、肺功能等。早期发现异常，及时干预，降低吸烟相关疾病的风险。结语：张先生的病例警示我们，吸烟对健康的危害不容忽视。让我们积极行动起来，远离烟草，分享健康生活。同时，也希望政府、社会和个人共同努力，加大控烟宣传力度，创造一个无烟的环境，为下一代创造一个健康的成长环境。感谢您花费时间阅读我们的文章。如果您有任何疑问或需要进一步的帮助，请随时联系我们。祝您一切顺利!",百家号,神外钮优生医生,2024-01-17 17:40:16,http://baijiahao.baidu.com/s?id=1788330027922908144,未知,戒烟、控烟,中性,未知
202401014175,全球烟草使用率下降，但行业干预威胁公共卫生进步呼吁加强行动力,title: 全球烟草使用率下降，但行业干预威胁公共卫生进步呼吁加强行动力 summary: 全球烟草使用率下降，但行业干预威胁公共卫生进步呼吁加强行动力在全球公共卫生领域取得的显著成就中，烟草使用的减少无疑是其中一项重要成果。 content: 在全球公共卫生领域取得的显著成就中，烟草使用的减少无疑是其中一项重要成果。然而，据联合国新闻报道，世界卫生组织在最新发布的报告中指出，尽管全球烟草使用者数量自2000年以来已从三分之一降至五分之一，表明反烟草努力取得了初步成效，但这一进步正面临着来自烟草行业的严峻挑战。数据显示，当前全世界约有五分之一的成年人仍在使用烟草制品，这个看似有所改善的比例背后，仍隐藏着每年800多万人因烟草相关原因离世的残酷现实，这其中包含了700万直接吸烟者以及130万无辜的二手烟暴露者。这一触目惊心的数据将烟草流行描绘为全球公共卫生面临的最大威胁之一。世卫组织在报告中严厉谴责了烟草行业为了维护其商业利益而采取的一系列破坏性行为。他们揭露了烟草业惯用的狡猾手段，包括利用前沿团体和第三方传播误导信息、借助社交媒体网红进行隐蔽营销、赞助各类活动以提升形象，甚至资助科学家进行有利于自身的研究等，试图以此来削弱乃至颠覆全球在消除烟草危害方面所付出的努力。报告进一步预测，至2025年，全球烟草使用率预计会较2010年下降25%，但这仍然无法达到全球自愿设定的降低30%的目标。目前仅有56个国家有望实现这一目标，相较于三年前的60个国家，形势不进反退，这无疑是对全球控烟努力的一大警示。面对此种情况，世卫组织强烈敦促各国政府持续坚定地实施有效的烟草控制政策，并且加大抵制烟草行业干预的力度。同时，世卫组织提醒，全球范围内保护公共卫生政策免受烟草行业干预的能力似乎正在逐步减弱，这是一个需要国际社会共同警惕的现象。#世卫组织称烟草使用率在下降#在我们追求更加健康、无烟的世界道路上，不禁要问：面对如此强大的对手，我们如何才能在全球范围内更有效地联手对抗烟草行业的干扰，确保公共卫生政策的公正执行，进而切实保护公众免受烟草的危害？这个问题的答案，不仅关乎每个国家的公民健康权益，更是对全球公共卫生治理体系的一次重大考验。唯有各国团结一致，坚定立场，方能赢得这场与烟草恶魔的持久战，真正迈向一个无烟的美好未来。,百家号,巨观视界,2024-01-17 16:20:47,http://baijiahao.baidu.com/s?id=1788325026770642722,未知,控烟,正面,未知
202401014325,不能控制自己的烟量，怎么控制自己的人生！,"title: 不能控制自己的烟量，怎么控制自己的人生！ summary: 不能控制自己的烟量，怎么控制自己的人生！总之，控制吸烟对降低肺部疾病的发生具有重要意义。通过全社会共同努力，我们有望降低吸烟率，减少肺部疾病患者，提高人民群众的健康水平。同时，我们还应关注二手烟的危害，保护非吸烟者免受其影响。在控烟道路上，每一个人都是参与者，让我们共同努力，为打造健康中国贡献力量。 content: “多抽一根，少抽一根没什么区别！”“吸都吸了，吸的频点有什么要紧？”""冰冻三尺非一日之寒，或许你认为少抽一根多抽一根没什么区别，但最怕的就是量的积累，一旦你抽的烟量足够多，你信我话，什么好肺也都被你糟蹋透了！""说到底人生到最后拼的就是一个健康，谁活的久谁的赢面就大。能从平时的一些小习惯来为健康加码也确实是不错的选择，对于香烟导致肺部疾病风险的原因来说，吸食频率以及香烟的吸食量起到了重要决定作用。研究表明，香烟的吸食量和吸食频率是导致肺部疾病的主要因素。长期大量吸烟的人群，患上慢性阻塞性肺病、肺结核、肺癌等疾病的风险显著增加。此外，吸烟还可能导致哮喘、肺炎等其他呼吸道疾病。""烟草中的有害物质在燃烧过程中产生大量有害气体和颗粒物，如尼古丁、一氧化碳、焦油等。这些有害物质进入人体后，会对肺部组织造成损伤，导致肺功能减退。长期暴露在这些有害物质中，肺部疾病的风险逐渐累积，最终可能导致严重疾病。吸烟不仅对吸烟者自身健康造成威胁，还可能对周围人产生二手烟的危害。二手烟中含有与一手烟相似的有害物质，同样会增加非吸烟者患上肺部疾病的风险。儿童、孕妇和老年人等特殊人群更容易受到二手烟的影响，导致呼吸道疾病和肺部疾病的发生。""在我国，政府高度重视吸烟对人体健康的危害，采取了一系列措施来控制吸烟。例如，禁止在公共场所吸烟、提高烟草税、开展烟草危害宣传教育等。这些举措在一定程度上降低了吸烟率，保护了人民群众的健康。然而，控烟工作仍然任重道远，需要全社会共同努力。尤其对于烟民个人来讲，如果实在戒不掉香烟，最好也要在吸烟之前加上一个过滤烟嘴，这样也能在一定程度上减少烟害！""为了降低肺部疾病的发生率，政府部门、卫生机构、社会组织和广大民众需携手共进，共同推动控烟事业的发展。首先，加大对烟草危害的宣传力度，提高公众对吸烟危害的认识。其次，加强对吸烟者的劝诫，帮助其戒烟。此外，完善法律法规，进一步限制烟草销售和广告，营造无烟环境。总之，控制吸烟对降低肺部疾病的发生具有重要意义。通过全社会共同努力，我们有望降低吸烟率，减少肺部疾病患者，提高人民群众的健康水平。同时，我们还应关注二手烟的危害，保护非吸烟者免受其影响。在控烟道路上，每一个人都是参与者，让我们共同努力，为打造健康中国贡献力量。",头条号,戒烟总动员,2024-01-17 16:13:01,http://www.toutiao.com/w/i7324977186950316579/,未知,控烟、戒烟,中性,未知
202401014359,健康小贴士 |通道街街道：无烟佳节，与爱同行！共度无烟健康佳节,"title: 健康小贴士 |通道街街道：无烟佳节，与爱同行！共度无烟健康佳节 summary: 健康小贴士|。通道街街道：无烟佳节，与爱同行！共度无烟健康佳节为有效落实呼和浩特市爱卫办《关于开展无烟佳节、与爱同行活动的通知》要求，改变人们以烟为礼的传统观念，营造良好的节日期间无烟氛围，通道街街道以无烟佳节与爱同行为主题，强化控烟知识宣传力度，倡导无烟健康过节文化。 content: 为有效落实呼和浩特市爱卫办《关于开展“无烟佳节、与爱同行”活动的通知》要求，改变人们以“烟”为“礼”的传统观念，营造良好的节日期间“无烟”氛围，通道街街道以“无烟佳节 与爱同行”为主题，强化控烟知识宣传力度，倡导无烟健康过节文化，持续提高控烟工作水平，营造无烟健康环境。新的一年，新的开始，希望大家积极行动起来，共同参与到控烟活动中！""新年伊始，万象更新。随着健康意识的不断提高“拥有健康才能有一切”的理念逐渐深入人心。那么，谁决定健康与我们同行呢？答案是每天的生活方式！1、身体活动，动则有益有规律地进行身体活动对健康大有裨益。要牢记动则有益、贵在坚持、多动更好、适度量力的原则。抓住可以动起来的机会，养成习惯，在能力允许范围内，应坚持进行规律的身体活动，减少久坐时间。★ 建议进行每天30分钟、每周150分钟的中等强度的身体活动。每次活动至少达到10分钟，每天活动的总时间可以累计。★ 应以有氧运动为主，如步行、慢跑、骑自行车、游泳等。★ 同时结合举哑铃、俯卧撑等抗阻力活动，建议每周2～3次，隔日进行。★ 注意锻炼关节柔韧性和灵活性，提高身体平衡能力和协调性。★ 要考虑自身体质和健康状况、运动技能水平，量力而行、循序渐进、注意安全。必要时应在科学评估后，在医生指导下进行。""2、平衡膳食，合理营养吃得好，更重要的是吃得健康。以满足自身营养与健康需要为先，在此基础上再追求味蕾的享受。食物多样，谷类为主每天的膳食应包括谷薯类、蔬菜水果、畜禽鱼蛋奶、大豆坚果等食物，以谷类为主，平均每天应摄入12种以上食物，每周25种以上。新鲜果蔬，必不可少保证新鲜蔬菜、水果以及豆类、全谷物及坚果的食用量入，这是维生素、矿物质和膳食纤维的良好来源。减盐减油，控糖限酒培养清淡饮食习惯。成人每天食盐不超过5克，每天烹调油25～30克，限制饱和脂肪的摄入。足量饮水，少喝或不喝甜味饮料，少饮或不饮酒。""""3、戒烟！戒烟！戒烟！烟草使用百害而无一利。烟草烟雾没有安全的接触阈值。★ 任何形式的烟草使用都有害。烟草使用几乎会损害身体的每一个器官，使多种慢性疾病的发生风险增高。电子烟使用同样有害。★ 不吸烟者也会受害，戒烟势在必行。吸烟时产生的“二手烟”、在烟草熄灭后残留在环境中和物体表面“三手烟”，会对不吸烟者，特别是婴幼儿产生健康威胁。因此，戒烟势在必行。""""4、保证优质睡眠，健康息息相关睡眠可以让大脑的绝大部分神经细胞充分休息，还可以促进蛋白质的合成，增强人体免疫机能。将睡眠作为生活中的重要事项来安排，这需要做到：★ 有一个睡眠时间表，即使在周末也要坚持。成年人一般每天需要7～9个小时的睡眠，最佳的睡眠时间是晚上10点至早晨6点。★ 睡前放松情绪，保持理想的温度、声音和光线。睡前不要再思考工作内容或使用电子产品，尽量放松情绪。室内温度以20～23℃为宜，睡前关闭大灯，尽量减少光线和噪声的影响。★ 在能力允许范围内，坚持进行适量运动。适量运动有助于调节生物钟，加快入睡时间，并加深睡眠深度。但晚上8点后就不宜再进行运动了，否则会让大脑过于兴奋而无法入睡。★ 规律三餐，小心酒精饮料和咖啡等影响睡眠。晚餐与睡眠应间隔至少3小时，不要一吃饱就睡觉。睡前也不要喝茶、酒和咖啡。""""5、掌握自己的健康指标，如有需要，早诊断，早治疗在自我感觉健康时，也要定期进行体检，可以对自己身体状况有充分的掌握，了解自己的健康指标水平。同时，也可以提醒我们及时调整不良生活方式，优化饮食结构，加强身体活动，强化自我保健。有基础疾病的人群要遵医嘱按时按量服药，监测健康指标。若病情不稳，必要时应及时就医，早诊断早治疗。""""",头条号,通道街街道,2024-01-17 16:09:38,http://www.toutiao.com/w/i7324975497111470627/,未知,控烟、戒烟,中性,未知
202401014352,最新研究：中年人群二手烟暴露堪忧，工作场所二手烟增加,"title: 最新研究：中年人群二手烟暴露堪忧，工作场所二手烟增加 summary: 最新研究：中年人群二手烟暴露堪忧，工作场所二手烟增加最新发表的一项研究显示，2019年中国40岁以上人群二手烟暴露率达到46.4%，其中女性二手烟暴露率显著高于男性，家庭、工作场所等是接触二手烟的主要场所，且来自工作场所的二手烟正在增加。 content: 最新发表的一项研究显示，2019年中国40岁以上人群二手烟暴露率达到46.4%，其中女性二手烟暴露率显著高于男性，家庭、工作场所等是接触二手烟的主要场所，且来自工作场所的二手烟正在增加。以上结论来自2024年1月刊出的中华流行病学杂志。来自中国疾病预防控制中心慢性非传染性疾病预防控制中心的研究团队发表了《2019-2020 年中国 40 岁及以上人群二手烟暴露状况分析》一文。研究基于2019-2020 年中国居民慢性阻塞性肺疾病监测数据的结果，分析了40岁及以上人群二手烟暴露情况。该研究有效调查人数达到64142人 ，采用全国范围的多阶段分层整群抽样得出。""乘务员在列车上向旅客讲解禁烟知识，动员旅客群众自觉不吸烟、主动戒烟，践行文明健康绿色环保生活方式。 新华社发吸烟及二手烟均可能导致慢性阻塞性肺疾病，还会增加患心脏病、卒中、呼吸系统疾病、糖尿病和癌症的风险。世卫组织数据显示，全球每年有约 130 万人死于二手烟暴露。而多年来，中国居民一直面临较高的二手烟影响。在研究团队2014年调查数据中，中国居民40 岁及以上人群二手烟暴露率为44.9%，2019年的调查上升至46.4%细分数据中，女性二手烟暴露率为47.2%，高于男性的44.8%。研究团队特别强调，虽然中国女性的吸烟率远低于男性，但其二手烟暴露率和暴露强度却高于男性，因此需要特别重视女性的二手烟暴露防控。从接触二手烟的场所看，家中和工作场所是接触二手烟的两大主要场所，占比分别达到24.3%和23.3%，此外，餐厅和公共交通工具接触二手烟的比例分别为 6.6%和 2.2%。女性在家中接触二手烟的比例高于男性，研究者建议，应鼓励女性在家中宣传禁烟，并对家庭成员的吸烟行为进行教育和劝诫。公共场所中，职业为办事人员者在工作场所接触二手烟的比例最高（48.7%），同时，行政干部二手烟暴露率也高达50.6%。研究者认为，这反映出正在实施的禁烟法规和条例并未得到严格执行，相关监督的力度和有效性需进一步加强和提高。""邢台市第三中学学生在倡议禁烟。 新华社发 此前有控烟专家告诉南都记者，公共控烟工作很难直接介入家庭和工作场所，因此立法加强对公共场所的控烟尤其重要。此次研究显示，与2014年相比，2019年调查对象在家中接触二手烟的比例下降，在工作场所接触二手烟的比例上升，且职业为农林牧渔水利业的人群上升幅度最大，提示农林牧渔水利业的户外工作场所，可能被现行禁烟法规和条例所忽略，需要加强关注和宣传。然而， 从新冠疫情至今，控烟界已经明显观察到国内无烟立法阻力骤增，控烟执法力度下降。“家庭外环境的二手烟仍需以禁烟条例和法规的形式进行控制，并应采取更有效的措施监督其严格实施。”论文写道。采写：南都记者 宋承翰 发自北京",网易号,南方都市报,2024-01-17 15:51:15,http://dy.163.com/article/IOLQQMRD05129QAF.html,未知,戒烟、控烟,中性,未知
202401014332,疾控中心走进第四中学举办控烟知识讲座,"title: 疾控中心走进第四中学举办控烟知识讲座 summary: 疾控中心走进第四中学举办控烟知识讲座为帮助青少年树立拒吸第一支烟，做无烟新一代的理念，在寒假即将来临之际，疾控中心走进第四中学，举办控烟知识讲座。活动现场师生约500人，工作人员为每位师生发放烟草的危害知识读本、健康素养66条。 content: 为帮助青少年树立“拒吸第一支烟，做无烟新一代”的理念，在寒假即将来临之际，疾控中心走进第四中学，举办控烟知识讲座。活动现场师生约500人，工作人员为每位师生发放烟草的危害知识读本、健康素养66条。&lt;img class=""content-image"" data-src=""AdrUyzrPRqQ3SLRqyklRvcBtPsOZN1xBjR51Pm15agGRNg6qOwjfsiQ5CkzeL0fm+quVv9j9JMatHpgZkqbRoeG+gszSnTa7PdMXqX+jZqI="" width=""820"" height=""1230"" /健康教育专业人员通过图文并茂的PPT和轻松幽默的语言为广大师生讲解烟草的流行趋势、烟草中的有害成分、吸烟为什么会成瘾、吸烟的危害，并重点讲解了烟草对青少年的危害。&lt;img class=""content-image"" data-src=""AdrUyzrPRqQ3SLRqyklRvcBtPsOZN1xBjR51Pm15agGcBK+P6pr5cjaeAkL4VaGb7WuKsMqilAp9kX4QxmcfPRHvBx3XNW82TuM7wVdaiM4="" width=""800"" height=""600"" /邀请到场学生在“拒吸第一支烟，做无烟新一代”条幅上签名，承诺做不吸烟的新一代。鼓励广大青少年成为学校、家庭控烟监督员，通过“小手牵大手”，引导家长不吸烟，主动戒烟，为青少年健康成长作表率，为无烟学校、无烟家庭的建设起到促进作用。&lt;img class=""content-image"" data-src=""nuh/wEb6x4IxiInVMoIK8MBtPsOZN1xBjR51Pm15agFvuS4kgsS7lYPhMy5u0a/dE4xYsZiD8/X13GdaloPrIlHRoIWJSLBzEnTaE2BKclk="" width=""820"" height=""1230"" /发布于：北京市",搜狐号,中部城市生活指南,2024-01-17 15:49:23,http://m.sohu.com/a/752451134_121106991,未知,控烟、戒烟,中性,未知
202401014261,长沙市梅岭社区：禁烟控烟，健康生活,"title: 长沙市梅岭社区：禁烟控烟，健康生活 summary: 长沙市梅岭社区：禁烟控烟，健康生活为提高社区居民对吸烟危害性的认识和了解，维护文明健康绿色的公共环境，长沙市天心区文源街道梅岭社区于2024年1月17日下午在社区新时代文明实践站开展了一场禁烟控烟培训宣传活动。 content: （通讯员：谭凡星）为提高社区居民对吸烟危害性的认识和了解，维护文明健康绿色的公共环境，长沙市天心区文源街道梅岭社区于2024年1月17日下午在社区新时代文明实践站开展了一场禁烟控烟培训宣传活动。""活动中，社区工作人员细心地向居民讲述吸烟带来的危害和后果，告知大家在日常生活中如何提高自己的控烟戒烟意识，劝导居民不在公共场所吸烟，不随地乱扔烟头，讲文明、讲卫生，自觉维护公共场所的无烟环境，不少烟民都争先恐后表示要从现在开始戒烟，不仅为了自己，更是为了身边的人。""社区居民邓叔叔说：“有时候一进电梯就能闻到烟味，熏得喘气都困难，我非常支持社区的控烟活动，以后见到在电梯抽烟的人也要劝阻，大家共同维护公共环境。”通过此次培训宣传活动，不仅提高了社区居民对吸烟的危害性的认识，让大家主动远离烟草烟雾，营造一个健康科学的社区环境，为长沙市创建卫生城市营造一个美好氛围。",头条号,社区目击,2024-01-17 15:37:45,http://www.toutiao.com/w/i7324966786280145417/,未知,控烟、控烟戒烟、戒烟,中性,未知
202401014090,无烟佳节 与爱同行——随县小林镇卫生院到镇一中开展健教活动,"title: 无烟佳节 与爱同行——随县小林镇卫生院到镇一中开展健教活动 summary: 无烟佳节与爱同行——随县小林镇卫生院到镇一中开展健教活动无烟佳节与爱同行-随县小林镇卫生院到镇一中开展健教活动。 content: 无烟佳节 与爱同行-随县小林镇卫生院到镇一中开展健教活动春节将至，为进一步推动控烟工作,引导广大学生践行文明健康绿色生活方式,营造春节无烟氛围,随县小林镇卫生院组织宣教专班,到该镇第一中学开展了“无烟佳节 与爱同行”健康宣教活动。""""本次宣教活动主要是利用中、小学放假前最后一节课进行假期教育，引导学生充分认识到烟草的危害，让学生了解控烟的核心内容和知识，帮助学生树立“拒吸第一支烟，做无烟新一代”的健康生活理念，鼓励学生成为学校、家庭、社会的控烟监督员，进一步促进无烟学校、无烟家庭建设活动。（夏辉）",百家号,今日随州,2024-01-17 14:53:48,http://baijiahao.baidu.com/s?id=1788319532997292204,未知,控烟,正面,未知
202401014147,"#戒烟很难,老烟民怎么戒烟才有效?#国家控烟，不如禁烟，所有烟厂全部关闭，大家都不抽，容易戒。","title: #戒烟很难,老烟民怎么戒烟才有效?#国家控烟，不如禁烟，所有烟厂全部关闭，大家都不抽，容易戒。 summary: #戒烟很难,老烟民怎么戒烟才有效?#国家控烟，不如禁烟，所有烟厂全部关闭，大家都不抽，容易戒。 content: #戒烟很难,老烟民怎么戒烟才有效?#国家控烟，不如禁烟，所有烟厂全部关闭，大家都不抽，容易戒。",微头条,敏锐钢琴de,2024-01-17 14:38:52,http://www.toutiao.com/w/i1788318614303744/,未知,戒烟、控烟,正面,未知
202401014276,宁夏观察丨银川社区控烟给全国打样,"title: 宁夏观察丨银川社区控烟给全国打样 summary: 宁夏观察丨银川社区控烟给全国""打样""由吸烟带来的健康危险是可预防的，其预防之本，便是厉行控烟。两年来，银川市通过探索实践，蹚出了一条以社区戒烟小切口撬动健康宁夏大治理的新路子，银川也因此成为国内唯一入选世卫组织社区戒烟综合干预模式的多中心临床研究项目的城市。 content: 由吸烟带来的健康危险是可预防的，其预防之本，便是厉行控烟。2021年底，在国家和自治区卫健委的关心支持下，银川市正式启动国家社区戒烟综合干预试点项目。两年来，银川市通过探索实践，蹚出了一条以社区戒烟小切口撬动健康宁夏大治理的新路子，银川也因此成为国内唯一入选世卫组织“社区戒烟综合干预模式的多中心临床研究项目”的城市。“宁夏银川控烟工作经验值得学习，也带动了整个健康中国建设工作的新局面。”去年，国家卫生健康委员会副主任于学军对银川控烟工作给出如上评价。银川何以能在控烟工作方面为全国“打样”？""了解戒烟知识。一个42年烟龄，一个20年烟龄两位“老烟民”成功戒烟1月9日上午，在银川市西夏区朔方路街道恩和社区二楼戒烟门诊咨询室，梧桐花园社区卫生服务站主管护师万宝娟听取3位纳入社区戒烟心理干预项目的“烟民”分享戒烟经验，评估他们的健康状况。“以前烟瘾重的时候一天两包烟，一个月最少得3条烟。”从1982年一盒烟卖3毛5分钱到现在一盒烟十几块，68岁的蒋桂林抽了42年的烟，尽管明白吸烟有害，但就是下不了决心。“2022年4月，社区卫生专干上门宣传银川市社区戒烟综合干预试点项目，既然能帮助戒烟，就想先加入看看，能戒掉当然最好。”自此，每个月蒋桂林都会和其他“烟民”一起到社区报到，听健康讲座，还有心理咨询师帮他们疏导戒烟带来的焦虑、心烦意乱、抑郁等情绪变化。42年的烟龄，说戒就戒，真没那么容易。“第一天戒烟还挺新鲜，感觉什么事都没有，之后几天喉咙发干，早上起来有轻微的咳嗽，看到别人抽烟，真的就像几天没吃饭的人突然看到了山珍海味一样。”蒋桂林说，当时的感受只有戒过烟的人才知道那种感觉有多么强烈，“平常养成了起床后抽一根烟的习惯，所以每天到那个点，身体就会提示你该抽烟了！”蒋桂林坦诚地说，他坚持了一周后，还是没忍住，又抽上了。不过，“自从加入戒烟项目，老伴就成了监督员，在家不敢抽，出门碰上社区工作人员，他们就劝导我，想着大家都是为了我们的身体健康着想，就下狠心要彻底戒掉。”蒋桂林通过吃瓜子、吃糖、散步等方式转移注意力，“反正就不让自己闲着”。大概过了两三个月，“想抽烟的感觉慢慢变淡了，现在别人抽烟，我自己闻着都难受。”蒋桂林笑着跟万宝娟开玩笑说，“万大夫，你看我的脸色是不是好多了，以前抽烟，肤色黑青。”万宝娟笑着回应，“不仅脸色好，还看着年轻有活力了。”“很多‘烟民’说烟瘾难戒，其实，只要自己的意志力够强大，戒烟，并没有什么困难的。只要熬过了前10天，戒烟的效果就出来了，有时候看见别人抽烟，虽然身体会难受，但最起码能控制自己不再吸烟了。”说这话的是53岁的江历，烟龄20年，自从去年夏天承包了恩和社区的幸福食堂后，在社区工作人员的监督下成功戒烟。“之前干过工程，一天两包中华，不管干啥都在抽烟，不仅自己抽，还用来男人之间的交际，你来我往互相递烟，一个月下来光烟钱就得3000多元。”当健康遇到人情世故，江历最终选择了健康。去年7月，江历承包的幸福食堂开业，“社区工作人员建议我打造无烟食堂，首先自己得身体力行。”因食堂紧挨着恩和社区，江历和社区工作人员低头不见抬头见，“只要他们碰见我抽烟就来劝导，后来，我见到社区工作人员都成条件反射了，立马把烟掐掉。”也正是在社区工作人员耐心的劝导下，江历吸烟的量从一盒减到到半盒，再到15根、10根、3根、1根，直到半个月后彻底戒断。“小半年不抽烟了，不咳不喘，感觉肺活量明显提高了，嗓子也比以前更清爽。”江历用自己的经历认定，“没有戒不了的烟，关键得看你自己想不想戒，内心的动力足不足。”""“烟民”近距离了解烟草危害。“一人戒”反复戒反复吸 “众人帮”不受罪戒得快社区戒烟试点项目让烟头越来越少对于吸烟者来说，戒烟是一件非常困难的事情，很少有人能轻松成功戒烟。为了将“一人戒”，没方法、没人帮、反复戒、反复吸，变成“众人帮”，不花钱、不受罪、戒得快，戒彻底，2021年底，银川市在国家和自治区卫健委的关心支持下，正式启动国家社区戒烟综合干预试点项目。凡纳入银川市社区戒烟综合干预试点项目的社区，在项目扶持下设立社区控烟工作站、戒烟门诊咨询师、心理干预辅导室，目的是让“烟民”近距离认识烟草成分，让他们对吸烟造成的身体损害和对他人健康造成的威胁，认识更加清晰，让他们彻底戒断烟草的决心更加强烈。同时，为戒烟对象提供定期随访、简短戒烟咨询指导、心理干预、健康体检等服务。恩和社区是银川市开展社区戒烟综合干预工作的试点之一。“我们从2021年12月开始这项工作，共摸排有吸烟史的居民398人，其中138人愿意戒烟。”该社区党委书记高淑琴介绍，这138名有戒烟意愿的居民年龄从24岁到79岁不等，烟龄最长的达50多年。“这138人纳入社区戒烟综合干预试点项目，建档统一管理，并通过体检评估他们的身体水平和肺功能状态。其亲友作为监督者，再由社区卫生专干每周定期跟踪随访。同时，引入第三方心理咨询团队为戒烟者疏导内心对烟草的依赖，每周开展健康讲座讲解戒烟知识，再通过‘钉钉’打卡群，由专家推送戒烟技巧和鼓励信息，烟友们分享戒烟经验，让戒烟者增强戒烟信心。”高淑琴表示，通过该项目科学的戒烟方式，社区目前减烟人数达98人，戒烟人数达28人。随着社区戒烟综合干预试点项目的推进，小区居民控烟、戒烟意识明显提升，地上的烟头越来越少。“以前小区每个月捡烟头，2.5公斤的黑色塑料袋能装一袋子，通过现在的戒烟活动，两到三个月能捡一袋子。捡回来的烟头有时候掰开，放在水里浸泡，用来浇花，大部分直接送到垃圾分类房处置。”高淑琴说。作为银川市社区戒烟综合干预试点县区，西夏区卫健局相关负责人表示，2023年以来，西夏区在28家基层医疗卫生服务机构成立戒烟服务团队64支。在社区居委会、社区卫生服务机构设置社区控烟工作站59个、戒烟咨询点19个、心理干预辅导室57个、健康教育（控烟）宣传阵地64个，成立社区控烟服务团队223支，实现了阵地全覆盖。还推出中医特色疗法，运用耳穴疗法、穴位按摩、中草药茶饮、针灸疗法等中医药特色戒烟干预，帮助戒烟对象减轻戒断症状，提高戒烟效果。同时，倡导妇女做家庭控烟的“宣传员”“监督员”，对持续戒烟的居民给予奖励，并通过示范带动等方式持续推进无烟环境建设。""现场观摩了解烟草对人体的危害。10%烟民建立档案 减烟率达到19.64%戒烟工作已成一项民生工程幸福工程73岁的王晓迪是贺兰县富兴街街道如意湖社区亲水嘉苑小区第二党支部书记。作为退休老党员，他对社区戒烟干预工作充满热情，每次戒烟宣传活动，他都争当志愿者。倡导党员带头戒烟，认真落实戒烟帮扶机制，逐步形成“红色联盟+亲友监督”的社区控烟模式，这是银川市社区戒烟干预试点工作的一个创新之举。目前，全市共有2091名党员带头戒烟，并成功带动2610名戒烟者主动戒烟，5587名志愿者参与社区戒烟服务。自开展社区戒烟综合干预试点工作以来，银川市委、市政府高度重视，将此项工作作为民生工程、幸福工程纳入健康银川建设考核范围。先后印发了《银川市社区戒烟综合干预试点项目工作实施方案》和《银川市社区戒烟综合干预试点项目工作指南》，为工作顺利开展提供了强有力的组织保障。2022年试点期间，全市9家社区共完成吸烟人群摸底11254人，建立社区戒烟档案714人；时点戒烟率、减烟率分别达到29.4%和38.3%。2023年以来，银川市加快推进社区戒烟提质扩面工作，共组建社区戒烟服务团队936个，社区专业戒烟干预团队215个，第三方心理服务团队37个，在全市28个街道办事处、20个镇、6个乡和320个居民委员会、270个村民委员会进行复制推广，社区戒烟工作覆盖率达到100%。根据银川市卫生健康委员会的统计数据，截至2023年10月31日，银川市共完成吸烟人员摸底254939人，建立社区戒烟档案25059人。其中，持续戒烟超过1个月人数4736人，时点戒烟率（即过去一周完全不吸烟占比）18.9%；持续戒烟超过3个月人数3422人，时点戒烟率13.65%；持续戒烟超过6个月人数2405人，时点戒烟率9.6%；减烟4923人，减烟率19.64%。全市无烟环境建设进一步向好发展，居民健康素养水平明显提高，控烟意识得到显著提升。""社区工作人员为居民量血压。搭建互联网+戒烟门诊 力促戒烟药物纳入医保为了无烟健康生活政府真操心今年，除了继续巩固社区戒烟银川模式外，还将不断强化街道、社区工作职能，改进服务举措，创新工作方法，加大控烟宣传，全力推进无烟社区建设，形成有利于健康的生活方式、生态环境和社会环境，全方位、全周期维护人民健康。同时，统筹银川市戒烟门诊的优势医疗资源，与京东互联网医院合作搭建互联网+戒烟门诊，与北京朝阳医院建立长期对口交流合作关系，聘请相关专家，每周固定线上坐诊服务；择优选派骨干人员定期前往该院戒烟门诊进修学习，大力提升社区戒烟服务能力。在巩固开展原有戒烟服务的基础上，继续加大与区、市医保部门的沟通联系，力争将伐尼克兰、盐酸安非他酮缓释片等戒烟药物纳入医保报销范围，减少戒烟者戒断反应，降低失访率和复吸率，增加其随访应答率和依从性，大幅提高戒烟成功率。社区戒烟工作卓有成效 引来世卫组织一戒烟项目“银川经验”将转化为中国方案推向世界为了健康银川建设，银川市已经将戒烟工作上升到民生工程、幸福工程的高度，而且为提高戒烟率、减烟率，采取各种措施，丰富戒烟的方式和手段，探索出独有的戒烟模式，取得了良好效果。正基于此，2023年9月，银川市社区戒烟综合干预模式的多中心临床研究试点项目工作正式启动，银川从而成为国内唯一入选世卫组织“社区戒烟综合干预模式的多中心临床研究项目”的城市。 这一由基层卫生服务机构、社区居委会和第三方社会组织共同组成的社区戒烟综合干预新模式，结合实际选择了20个同质社区，分别设立10个干预组和10个对照组，开展多中心临床随机对照试验研究，并对社区场所、一般人群和吸烟居民进行干预，进一步探索有效戒烟方式方法。此次社区戒烟综合干预模式多中心临床研究项目工作，银川市作为全国唯一入选城市承接此项目，将按照项目内容要求，结合实际开展多中心临床随机对照试验研究，做好干预服务工作，进一步增强社区居民对吸烟危害的认识，提高吸烟人群戒烟意愿，进而降低各类人群吸烟率。同时，也是把银川经验转化为中国方案、推向世界的良好机遇。“多中心临床研究项目旨在整合社区各种资源，因地制宜发展多种基于社区层面的戒烟干预策略，既是总结项目成果，也是找到科学依据的过程。”在银川市卫生健康委主任章玉明看来，银川市承接世卫银川项目，通过科学的方式进一步完善和论证银川市自2022年以来开展社区戒烟综合干预试点工作经验，也是从小切口入手，寻找公共卫生服务更优供给方案的有益探索，有助于社区戒烟银川模式走向全国、把银川戒烟故事讲给世界，因此，实施该项目意义重大，使命光荣。""“银川经验”走向全国、世界推广。该项目启动一个月后，世界卫生组织总部无烟草部门、中国疾控中心控烟办相关负责人一行便来到银川，分别到贺兰县如意湖等7个社区，实地考察调研。世界卫生组织总部无烟草部门医学官员傅东波表示，银川市依托现有社区网络社区资源结合专业戒烟队伍，开展社区戒烟干预强化模式，提高戒烟成功率，做法值得肯定，项目成果和积累的经验，将为我国制定社区戒烟相关政策和开展服务模式推广工作方面提供科学依据，也将为世界卫生组织把戒烟工作的中国经验推广向全世界具有重大贡献。（新消息报记者 安小霞/文 韩胜利/图）",头条号,宁夏日报,2024-01-17 14:11:30,http://www.toutiao.com/w/i7324945498019627546/,未知,控烟、戒烟,中性,未知
202401014061,本不打算控烟的，身上和头发有臭味，冬天隔天洗头洗澡，衣服两天换一次。现在没办法控制在每天不超过5支，好多了。,title: 本不打算控烟的，身上和头发有臭味，冬天隔天洗头洗澡，衣服两天换一次。现在没办法控制在每天不超过5支，好多了。 summary: 本不打算控烟的，身上和头发有臭味，冬天隔天洗头洗澡，衣服两天换一次。现在没办法控制在每天不超过5支，好多了。 content: 本不打算控烟的，身上和头发有臭味，冬天隔天洗头洗澡，衣服两天换一次。现在没办法控制在每天不超过5支，好多了。,小红书,律动,2024-01-17 12:20:48,未知,未知,控烟,中性,未知
202401014283,合肥海恒教育如园幼儿园“无烟佳节 与爱同行”控烟禁烟宣传活动,"title: 合肥海恒教育如园幼儿园“无烟佳节 与爱同行”控烟禁烟宣传活动 summary: 合肥海恒教育如园幼儿园无烟佳节与爱同行控烟禁烟宣传活动吸烟有害健康，拒绝香烟，珍爱生命。为给幼儿创造一个无烟、舒适、健康的园所环境，强化全园教职工、家长、幼儿的控烟知识、态度和行为，倡导健康文明的生活方式，合肥海恒教育如园幼儿园于2024年1月17日开展了无烟佳节与爱同行主题教育活动。 content: 吸烟有害健康，拒绝香烟，珍爱生命。为给幼儿创造一个无烟、舒适、健康的园所环境，强化全园教职工、家长、幼儿的控烟知识、态度和行为，倡导健康文明的生活方式，合肥海恒教育如园幼儿园于2024年1月17日开展了“无烟佳节与爱同行”主题教育活动。教师通过趣味动画、图片、视频、周一国旗下讲话等多种形式，向幼儿宣传吸烟对人体的危害，引导幼儿认识禁烟标志，帮助幼儿真切地认识到烟草带来的危害，坚决拒绝二手烟。""""为进一步加强禁烟控烟工作，园所组织召开全体教职工大会，集体学习上级有关文件要求，提高师生对禁烟控烟重要性的认识，共创美丽洁净的园所环境。""幼儿园还通过电子屏、QQ群等形式向家长宣传禁烟知识，让家长进一步认识到烟草对身体的危害，从自身做起，远离烟草。""过无烟佳节，享健康生活。家园携手，共创无烟世界，为全社会营造一个健康的生活环境。（文图：叶如丹 葛爱勤 彭曼 宣杨杨）",百家号,手机中国网,2024-01-17 12:20:03,http://baijiahao.baidu.com/s?id=1788310997170621933,未知,控烟,中性,未知
202401014161,"世界范围内，吸烟率居高不下的国家分布广泛。数据显示，全球吸烟率最高的国家前20名中，瑙鲁以48.5%的吸烟率居首，紧随其后的是缅甸（44.1%）和基里巴斯（40.6%）。而这一数据又一次凸显了吸烟对世界各国人民健康的严重影响。
吸烟不仅对个人健康造成负面影响，更对整体社会经济造成沉重负担。据统计，吸烟引起的相关疾病和早逝给世界经济造成的直接和间接危害极为巨大，而这些国家的高吸烟率也意味着面临着更多潜在的健康风险和经济压力。
也不可忽视的是，各国在应对吸烟问题上采取的措施各有不同。有些国家可能在控烟政策上存在不足，也有些国家可能在控烟方面取得了一定成就。针对吸烟问题，不同国家需要制定符合自身国情和实际情况的控烟政策，加大宣传力度，促使更多人意识到吸烟对健康和社会的危害，帮助更多人摆脱吸烟的困扰。
对于高吸烟率国家来说，采取切实有效的控烟政策，提高人们的健康意识，尤为重要。希望这一数据能够引起更多人和各国政府的重视，推动更多针对吸烟问题的有效行动。#寿命与吸烟# #抽烟的代价# #抽烟的改变# #香烟的危害# #戒烟的的事儿# #戒烟真的难吗？# #探讨戒烟之艰辛# #纪录生活看世界# #探讨吸烟现状# #探讨吸烟危害#","title: 世界范围内，吸烟率居高不下的国家分布广泛。数据显示，全球吸烟率最高的国家前20名中，瑙鲁以48.5%的吸烟率居首，紧随其后的是缅甸（44.1%）和基里巴斯（40.6%）。而这一数据又一次凸显了吸烟对世界各国人民健康的严重影响。 吸烟不仅对个人健康造成负面影响，更对整体社会经济造成沉重负担。据统计，吸烟引起的相关疾病和早逝给世界经济造成的直接和间接危害极为巨大，而这些国家的高吸烟率也意味着面临着更多潜在的健康风险和经济压力。 也不可忽视的是，各国在应对吸烟问题上采取的措施各有不同。有些国家可能在控烟政策上存在不足，也有些国家可能在控烟方面取得了一定成就。针对吸烟问题，不同国家需要制定符合自身国情和实际情况的控烟政策，加大宣传力度，促使更多人意识到吸烟对健康和社会的危害，帮助更多人摆脱吸烟的困扰。 对于高吸烟率国家来说，采取切实有效的控烟政策，提高人们的健康意识，尤为重要。希望这一数据能够引起更多人和各国政府的重视，推动更多针对吸烟问题的有效行动。#寿命与吸烟# #抽烟的代价# #抽烟的改变# #香烟的危害# #戒烟的的事儿# #戒烟真的难吗？# #探讨戒烟之艰辛# #纪录生活看世界# #探讨吸烟现状# #探讨吸烟危害# summary: 世界范围内，吸烟率居高不下的国家分布广泛。数据显示，全球吸烟率最高的国家前20名中，瑙鲁以48.5%的吸烟率居首，紧随其后的是缅甸和基里巴斯。针对吸烟问题，不同国家需要制定符合自身国情和实际情况的控烟政策，加大宣传力度，促使更多人意识到吸烟对健康和社会的危害，帮助更多人摆脱吸烟的困扰。 content: 世界范围内，吸烟率居高不下的国家分布广泛。数据显示，全球吸烟率最高的国家前20名中，瑙鲁以48.5%的吸烟率居首，紧随其后的是缅甸（44.1%）和基里巴斯（40.6%）。而这一数据又一次凸显了吸烟对世界各国人民健康的严重影响。 吸烟不仅对个人健康造成负面影响，更对整体社会经济造成沉重负担。据统计，吸烟引起的相关疾病和早逝给世界经济造成的直接和间接危害极为巨大，而这些国家的高吸烟率也意味着面临着更多潜在的健康风险和经济压力。 也不可忽视的是，各国在应对吸烟问题上采取的措施各有不同。有些国家可能在控烟政策上存在不足，也有些国家可能在控烟方面取得了一定成就。针对吸烟问题，不同国家需要制定符合自身国情和实际情况的控烟政策，加大宣传力度，促使更多人意识到吸烟对健康和社会的危害，帮助更多人摆脱吸烟的困扰。 对于高吸烟率国家来说，采取切实有效的控烟政策，提高人们的健康意识，尤为重要。希望这一数据能够引起更多人和各国政府的重视，推动更多针对吸烟问题的有效行动。#寿命与吸烟# #抽烟的代价# #抽烟的改变# #香烟的危害# #戒烟的的事儿# #戒烟真的难吗？# #探讨戒烟之艰辛# #纪录生活看世界# #探讨吸烟现状# #探讨吸烟危害# """,微头条,奶罐Atzy,2024-01-17 11:49:46,http://www.toutiao.com/w/i1788259387133955/,未知,控烟、戒烟,正面,未知
202401014154,世界上唯一一个禁烟的国家，吸烟罚款，私带烟草入狱三年,"title: 世界上唯一一个禁烟的国家，吸烟罚款，私带烟草入狱三年 summary: 世界上唯一一个禁烟的国家，吸烟罚款，私带烟草入狱三年说到烟草，大部分人对它的态度都是厌烦甚至憎恶的，因为它不仅威胁烟民的健康，也会对周围的人造成危害。纵观全球，能真正做到全民禁烟的国家只有一个，它就是不丹，其禁烟力度之强没有任何一个国家能与之相比。但不丹禁烟令的暂时休止也表明，禁烟的形势依然很严峻。 content: 说到烟草，大部分人对它的态度都是厌烦甚至憎恶的，因为它不仅威胁烟民的健康，也会对周围的人造成危害。这两年禁烟控烟宣传的渐入佳境，离不开大众在背后的默默支持。但尽管处罚力度越来越大，但是在公共场所抽烟的现象依然屡见不鲜，根本无法杜绝。事实上，禁烟在每个国家都是让政府头疼的棘手问题，他们想了很多办法，却都收效甚微。&lt;img max-width=""600"" class=""content-image"" data-src=""wxcWD3sAnMjy6azFPk/mH7HH6fOvo1dGVDmsQWqCrcXKNdWwJqC3LRxDwnjWVASwQqooeuv/YrjVzKSKLxQDPCbsHChNMhLfI787Kb3nJ9U="" width=""1280"" height=""762"" /就在发达国家的政府都束手无策的时候，有一个国家却早就实现了全面禁烟，彻底解决了公共场所吸烟的问题。它就是一直默默无闻，低调避世的南亚小国——不丹。其实对于不丹，中国网友还有些朦胧的印象。有一段时间，和它相关的安利帖子曾经在社交网站刷屏，让不少人记住了这个全员佛系、山清水秀的国家。对于禁烟这个究极难题，不丹政府究竟是如何搞定的？&lt;img max-width=""600"" class=""content-image"" data-src=""nuh/wEb6x4IxiInVMoIK8LHH6fOvo1dGVDmsQWqCrcXuHL82Z0RtCyD5/0E8rehubqJP8LX5pveX5S9PhoSS/PGy/xhXA6bM+sCnHsXp5ac="" width=""1280"" height=""868"" /各国政府的禁烟之战很多人不知道的是，烟草最初面世时堪称是济世之物。它一度是非常优秀的草药，不仅可以用来治疗伤寒，还是在瘟疫肆虐的时候，最好用的消毒杀菌物品。在彻底展现“天使”的一面后，世人对烟草奉若至宝。欧洲殖民者将其视为禁脔，垄断了全球的烟草贸易。而这些人在殖民地百无聊赖的时候，无意间发现了烟草的另一个用途，随之打开了一个遗祸无穷的潘多拉魔盒。这些欧洲的殖民者发现吸食烟草后，整个人会变得亢奋，颇有些提神醒脑的功效，似乎还有一点成瘾性。这个发现，让他们意识到烟草背后隐藏的巨大商业价值。随后，欧洲人开始在全世界推广烟草，越来越多的人对小小的香烟上瘾，从此无法自拔。&lt;img max-width=""600"" class=""content-image"" data-src=""nuh/wEb6x4IxiInVMoIK8LHH6fOvo1dGVDmsQWqCrcXIAryrNdTzFMJ0INM8Y0ardCaPLFAh/lnZoRsDQcjdCDDs6zDZMYGHtFdPgMZvRAU="" width=""1280"" height=""736"" /一直到20世纪中后期，伴随着医疗技术的进步，世人才彻底发现烟草的可怕之处。原来它不仅有成瘾性，还会对身体造成极大的危害。其中的尼古丁等有害物质会威胁人体的内脏，还会引发一系列的疾病，让吸烟者的寿命大幅缩短。而且在吸食烟草的过程中，它飘散的烟雾也会对周围人造成极大的威胁，某种程度上甚至危害更甚。这个医学发现的公布让无数人目瞪口呆，各国政府随即意识到禁烟的必要性。但是烟草的成瘾性太强了，并不是说禁就能禁的，他们只能退而求其次，先在公共场所禁烟。&lt;img max-width=""600"" class=""content-image"" data-src=""r/h2ojJAPR4iF07g/Pz9W7HH6fOvo1dGVDmsQWqCrcVNO+lTfW+bZiOhhR3po2o2mjYLmvqcVFjMjmESw+ExVb6qKF70htGbNV2fPWNVVLs="" width=""1280"" height=""762"" /为了达到这个目标，各个国家制定了一系列相关政策，但是在推行的过程中却遇到了很多问题。一方面是因为大部分烟民的抗拒，他们会想各种手段来绕过禁令；另一方面则是烟草公司为了保护自身利益，不停游说政府，不断阻止禁令的推广。因此，能真正严格执行公共场所禁烟的国家并不多，而且很多地方的执行效果连差强人意都做不到。比如美国各州的法令都是地方自制，而在公共场所禁烟的州只有一半多一点，个别州虽然政策制定得非常严格，但是无法影响到周边地区，这就给了烟民们大量的可利用空间。纵观全球，能真正做到全民禁烟的国家只有一个，它就是不丹，其禁烟力度之强没有任何一个国家能与之相比。&lt;img max-width=""600"" class=""content-image"" data-src=""FlhNHe3dnu293E6ZtX6/IbHH6fOvo1dGVDmsQWqCrcWLaWfBDjyiqiLrp+uWZnW8nXvQ272bPT8jf3XJh8wRQn6H4Bo6BNgtbw0AEj/ynd8="" width=""1280"" height=""698"" /唯一的禁烟国家作为一个南亚的边陲小国，不丹在很长时间里都闭关锁国，一直到1999年，才彻底放开。可以说，它和香烟的结缘时间并不长，但是对后者的痛恨程度在全世界都非常罕见。之所以会如此，是因为不丹曾经发生过一起大型火灾，导致7000公顷的森林付之一炬。而它的导火索就是一个扔在地上没有及时踩灭的烟头。因为这次恶性事件，不丹上到官方、下到民间都对烟草深恶痛绝，禁烟令的推行自然没有了阻碍。大部分国家的禁烟政策力度都比较温和，即便公共场所抽烟被抓，也是以罚款和教育为主。但是不丹完全不同，它的政策之决绝让人咋舌。要知道，这里可是全世界唯一一个把生产和销售香烟视为犯罪的国家。它能实现全面禁烟，是因为在每个环节都铲除了烟草生存的空间。&lt;img max-width=""600"" class=""content-image"" data-src=""r/h2ojJAPR4iF07g/Pz9W7HH6fOvo1dGVDmsQWqCrcUOhDTDpRtXh7xmE5yac/92NnsQX6LBJeFrzd5a2PsWzmtW9CI2Swop2csUug097Y0="" width=""1300"" height=""775"" /2004年，不丹正式通过了全民戒烟的法令。这个法令公布的次年，它就强行关闭了境内所有的烟草厂家，从根子上掐灭了本土的香烟生产，任何人想要抽烟都只能选择昂贵的进口货。在这项法令中，不丹政府规定在所有的公共场所都禁止公民吸烟。它对于公共场所的定义比全世界所有国家都要广，不仅包含了大众熟悉的商店、餐馆和夜总会，甚至连厕所也禁止吸烟。和其他国家对吸烟者小打小闹的处罚不同，在不丹被抓到吸烟，要面临高达225美元的罚款，而且这个金额还不设置上限。对于屡教不改者，法院甚至可以判处其监禁，最能达到五年。&lt;img max-width=""600"" class=""content-image"" data-src=""1i8D9IaYlbNGIQCZT5KVh7HH6fOvo1dGVDmsQWqCrcUYeayk8vca7So4hyoSHYtrIvc2KDmlhb8iRTqQ4FPWgUKCIx5S3Mk80sdsZgcTSMA="" width=""1280"" height=""862"" /如此严苛的律法一出，在不丹的公共场所，已经完全看不到吸烟的痕迹。毕竟冒着高罚款和蹲大牢的风险只为在外面吸口烟，根本就不是正常人会做的事情。对烟草恨之入骨的不丹政府在2010年完善了相关的法律，颁布了《烟草控制法》。这项法律更进一步，宣布销售香烟的人也要面临刑罚，可判处1年以上、3年以下有期徒刑。为了彻底堵住香烟的入境通道，法律对走私的量刑更狠，一旦有类似行为，将判处3年以上的有期徒刑。不丹政府对新法律的执行非常坚决，完全不留一丝情面。2011年，僧人次仁从印度回返不丹的时候秘密带回了价值25美元的香烟，放到其他国家这个量连走私都算不上。但是次仁被警察发现后，很快就被判入狱三年，彻底震慑了想在不丹走私香烟的违法之徒。&lt;img max-width=""600"" class=""content-image"" data-src=""FlhNHe3dnu293E6ZtX6/IbHH6fOvo1dGVDmsQWqCrcXH//5rzo4lYbORvECKqAO8NUAKBaW7j1kT64QD9/T4KNi3kXX3KkvIfxH0dIw1JQg="" width=""1280"" height=""708"" /不过，别以为在家里抽烟就没事了。不丹政府不满足于只在公共场合禁烟，连私人场所也加入了管控范围。2010年，它公布了禁烟令的补充条款：警察在巡逻过程中发现有人在家中吸烟必须出面阻止，甚至可以暴力破门。而吸烟者必须配合，否则将被判刑。虽然这个条款被国际舆论认为是对隐私权的侵犯，但是不丹官方依然不管不顾地推行，足见其禁绝烟草的坚定信念。&lt;img max-width=""600"" class=""content-image"" data-src=""wxcWD3sAnMjy6azFPk/mH7HH6fOvo1dGVDmsQWqCrcWY+0vHEpnozpu9t6ObC6BFZxRONJ4rjiUMqIXIIjlWBXqeUj/zyFQiLBfYBZzxGfc="" width=""1280"" height=""844"" /它为何能成功遏制既然不丹已经做了如此优秀的示范，那它的政策是否可以在全球推行，让大部分国家都成功禁烟呢？实事求是地说，不丹的成功经验有着极大的局限性，并不具备推广的可能性。首先，这里的禁烟阻力远比想象中要小，因为这个国家超过四分之三的人都是佛教徒。而这里流行的喇嘛教对吸烟这种行为是比较抗拒的，认为这样做是对佛祖的不敬。有了这些人的支持，政府推广禁烟令自然会轻松很多。其次，不丹在很长时间都在闭关锁国，它和国际社会的联系其实非常薄弱。即便如今已经彻底放开，但是这个国家的地理位置决定了，政府如果想要围堵某个物品的流入会非常轻松。这是一个被喜马拉雅山脉包围的内陆国家，它唯一接壤的邻国就是印度。只要在通往印度的关口严防死守，就能基本阻止香烟的流入，而大部分国家根本不具备这样的条件。&lt;img max-width=""600"" class=""content-image"" data-src=""nuh/wEb6x4IxiInVMoIK8LHH6fOvo1dGVDmsQWqCrcXPXQPgdbyWNHFMm58AHBFb8M7jjMtsQORiVY6G/agph8Tu2vNcz0nGn8EZFaYDFKg="" width=""1280"" height=""690"" /与此同时，不丹还是一个奉行君主制的国家，国王对民众有着极强的约束力。加之很长一段时间里，人民与外界接触较少，相较于现代国家会更容易管理。若非如此，前面提到的“警察看到有人在家中吸烟，就可以破门而入”的政策也不能实施，在大部分国家这项法令根本不会通过。最后，不丹是一个总面积只有3.8万平方公里，人口不到75万的小国，其治理难度甚至不如中国的很多地级市。此类国家实施成功的政策并不具备普适性，尤其是对世界级大国。或许这才是不丹能真正禁烟的关键，一个人口不足百万、制度还比较封建的国家，只要统治者愿意全力支持禁烟政策，就可以并不费力地斩断烟草来源。&lt;img max-width=""600"" class=""content-image"" data-src=""1i8D9IaYlbNGIQCZT5KVh7HH6fOvo1dGVDmsQWqCrcWBBPabmyeYl+xgHskRtYYEVaNfMH0cX9+Bd9nHNL7Q/q6umaUihwmobN9dNG2rqIU="" width=""1280"" height=""556"" /禁烟之战道阻且长一方面是昂贵的进口烟，另一方面又是政府的严格限制，不丹人民彻底放弃烟草似乎只是时间问题。然而真实情况却并非如此，烟草这样容易成瘾的物品，普通人一旦接触，除非有极强的个人意愿，否则很难彻底戒掉。不丹的政策在公共面上确实“消灭”了烟草，但是在监管之外它依然顽强生存。在如今的不丹，官方越是封禁黑市的烟草价格就越高，正所谓财帛动人心，甘冒奇险的走私者依然络绎不绝。马克思早就说过，如果有超过100%的利润，资本会践踏一切法律。&lt;img max-width=""600"" class=""content-image"" data-src=""nuh/wEb6x4IxiInVMoIK8LHH6fOvo1dGVDmsQWqCrcV2jbSe3qHmWRxLUW3meb5mPtpflqdrR/Bw/F7pJNRKZU6gyfnN4ZW9Ncb9mQT3+bE="" width=""640"" height=""724"" /2020年，新冠疫情在全球蔓延，各国政府都在努力防疫。在这个时候，不丹却忽然宣布了一项与之无关的全新政策，内容是取消禁烟令，由官方出面销售香烟。这个石破天惊的消息震惊了很多人，很多人都不理解为何不丹政府忽然放弃了多年的禁令。其实它背后的逻辑非常简单，取消禁烟令为了避免疫情的传播。虽然有新冠的威胁，但是不丹民间购买外来走私烟的人还是源源不断。而后者基本都是从印度进货的，这个国家当时正遭受非常严重的疫情，因此不丹的买烟人也有不少被感染。&lt;img max-width=""600"" class=""content-image"" data-src=""/L19E/drXjGfZ2kuFxSZZbHH6fOvo1dGVDmsQWqCrcWVQnFv7AGKIdudZtbFRCOHnsyxXkpbxUA/HDaLEXSc1odb+S+rNYKu2ee9Z7Dzmwg="" width=""1300"" height=""773"" /为了避免局面进一步恶化，不丹政府只能出此下策。虽然它很快就宣布这是临时政策，疫情结束后，立刻会取消。但此举还是暴露出一点，即便是如此严苛的政策，也并没有让不丹做到真正的禁烟。新冠疫情已经蔓延三年，目前根本看不到终结日期，不丹政府的“短期”政策是否会绵绵无绝期？而且官卖香烟必然会催生出一条新的产业链，过程中会涉及到很多人。有一句老话叫：“请神容易送神难”，等到疫情结束后，不丹真的能毫无阻碍地重启禁令吗？&lt;img max-width=""600"" class=""content-image"" data-src=""FlhNHe3dnu293E6ZtX6/IbHH6fOvo1dGVDmsQWqCrcVAj0hSO+C762yB5whZvizPL3a6DJB5NYQz/bY0VksrhPVm656kFMtUB0JL/ZBkQDQ="" width=""1200"" height=""815"" /结语虽然不具备全球的普适性，但是不丹的禁烟成功还是证明了一点，只要提出严格的禁烟措施并且认真执行下去，是可以在公共场所“消灭”香烟的。其实对大部分普通人来说，政府只要能做到这一步就已经足够，算是杜绝了二手烟的危害。但不丹禁烟令的暂时休止也表明，禁烟的形势依然很严峻。哪怕全力封堵，全球整体吸烟人数依然在提升。在政策之余还是得继续在宣传层面发力，既要提升吸烟者的自我认识，还要让青少年认识到吸烟的负面危害，或许这样才能实现真正的全民禁烟。参考资料《不丹全国禁售香烟 成为世界禁烟第一国》——楚天都市报《不丹宣布疫情期间取消禁烟令 由政府直接售卖香烟》——环球时报发布于：天津市",搜狐号,史前魔王,2024-01-17 11:24:15,http://m.sohu.com/a/752388983_121164116,未知,控烟、戒烟,负面,未知
202401014196,站台也属于全面禁烟区域,title: 站台也属于全面禁烟区域 summary: 站台属于公共交通工具的室外等候区域，属于全面禁烟区域。 content: 烟民的自觉那是不牢靠的，有的反而越抽越嚣张。“不吸烟的人要学会运用法律武器，来维护公共场所的无烟环境。”搜索“控烟条例”，多了解才能制止这些人。站台属于公共交通工具的室外等候区域，属于全面禁烟区域。,小红书,林慧,2024-01-17 11:22:00,http://www.xiaohongshu.com/discovery/item/65a7480b000000002902cbaa,未知,控烟,中性,未知
202401014268,"2007年，在成都市的一所高校宿舍楼道，一张特殊的照片被拍摄下来。照片中，一位来自重庆市城口县的女生正休息，她是学校学生会控烟劝导员。这位女生通过不懈的努力成功考入大学，怀着锻炼自己的愿望，加入了学生会，成为了一名控烟劝导员。每周，她都会用心投入到校园的控烟工作中。
重庆女孩的美丽令人惊叹，她身材修长玲珑，戴着眼镜显得温文尔雅，给人一种独特的感觉。她以自己的实际行动，在校园里营造了一个清新无烟的环境，为全体师生树立了良好榜样。她所展现出的努力和奉献精神，值得我们大家敬佩和学习。
这位重庆女孩的故事，传递着对坚持与努力的赞美，无论面临怎样的考验，她始终如一地投身于控烟工作中，她的执着和奉献精神着实让人动容。每个人都可以在自己的岗位上，用心做事，默默耕耘，哪怕只是一个微不足道的角落，也能绽放出耀眼的光芒。
重庆女孩的故事，告诉我们，无论做什么工作，只要心怀热忱，坚持努力，就一定能收获成果。每个人都可以成为身边的一盏明灯，照亮他人，也照亮自己。就像她一样，为身边的人树立榜样，用自己的实际行动影响着他人，这种正能量，值得我们永远传颂。
愿我们都能向重庆女孩一样，用心做事，热爱生活，传播正能量，绽放自己的光芒，成为身边人的榜样。#你身边的重庆事# #重庆身边的事# #重庆新鲜事儿# #重庆同城事# #重庆本地新鲜事#","title: 2007年，在成都市的一所高校宿舍楼道，一张特殊的照片被拍摄下来。照片中，一位来自重庆市城口县的女生正休息，她是学校学生会控烟劝导员。这位女生通过不懈的努力成功考入大学，怀着锻炼自己的愿望，加入了学生会，成为了一名控烟劝导员。每周，她都会用心投入到校园的控烟工作中。 重庆女孩的美丽令人惊叹，她身材修长玲珑，戴着眼镜显得温文尔雅，给人一种独特的感觉。她以自己的实际行动，在校园里营造了一个清新无烟的环境，为全体师生树立了良好榜样。她所展现出的努力和奉献精神，值得我们大家敬佩和学习。 这位重庆女孩的故事，传递着对坚持与努力的赞美，无论面临怎样的考验，她始终如一地投身于控烟工作中，她的执着和奉献精神着实让人动容。每个人都可以在自己的岗位上，用心做事，默默耕耘，哪怕只是一个微不足道的角落，也能绽放出耀眼的光芒。 重庆女孩的故事，告诉我们，无论做什么工作，只要心怀热忱，坚持努力，就一定能收获成果。每个人都可以成为身边的一盏明灯，照亮他人，也照亮自己。就像她一样，为身边的人树立榜样，用自己的实际行动影响着他人，这种正能量，值得我们永远传颂。 愿我们都能向重庆女孩一样，用心做事，热爱生活，传播正能量，绽放自己的光芒，成为身边人的榜样。#你身边的重庆事# #重庆身边的事# #重庆新鲜事儿# #重庆同城事# #重庆本地新鲜事# summary: 2007年，在成都市的一所高校宿舍楼道，一张特殊的照片被拍摄下来。照片中，一位来自重庆市城口县的女生正休息，她是学校学生会控烟劝导员。这位女生通过不懈的努力成功考入大学，怀着锻炼自己的愿望，加入了学生会，成为了一名控烟劝导员。#你身边的重庆事##重庆身边的事##重庆新鲜事儿##重庆同城事##重庆本地新鲜事#. content: 2007年，在成都市的一所高校宿舍楼道，一张特殊的照片被拍摄下来。照片中，一位来自重庆市城口县的女生正休息，她是学校学生会控烟劝导员。这位女生通过不懈的努力成功考入大学，怀着锻炼自己的愿望，加入了学生会，成为了一名控烟劝导员。每周，她都会用心投入到校园的控烟工作中。 重庆女孩的美丽令人惊叹，她身材修长玲珑，戴着眼镜显得温文尔雅，给人一种独特的感觉。她以自己的实际行动，在校园里营造了一个清新无烟的环境，为全体师生树立了良好榜样。她所展现出的努力和奉献精神，值得我们大家敬佩和学习。 这位重庆女孩的故事，传递着对坚持与努力的赞美，无论面临怎样的考验，她始终如一地投身于控烟工作中，她的执着和奉献精神着实让人动容。每个人都可以在自己的岗位上，用心做事，默默耕耘，哪怕只是一个微不足道的角落，也能绽放出耀眼的光芒。 重庆女孩的故事，告诉我们，无论做什么工作，只要心怀热忱，坚持努力，就一定能收获成果。每个人都可以成为身边的一盏明灯，照亮他人，也照亮自己。就像她一样，为身边的人树立榜样，用自己的实际行动影响着他人，这种正能量，值得我们永远传颂。 愿我们都能向重庆女孩一样，用心做事，热爱生活，传播正能量，绽放自己的光芒，成为身边人的榜样。#你身边的重庆事# #重庆身边的事# #重庆新鲜事儿# #重庆同城事# #重庆本地新鲜事# """,微头条,半眠桃子,2024-01-17 10:24:55,http://www.toutiao.com/w/i1788286668894218/,未知,控烟,正面,未知
202401014125,撒下“吸烟有害”种子，永做自强不“吸”少年——鹤山区鹤山小学,"title: 撒下“吸烟有害”种子，永做自强不“吸”少年——鹤山区鹤山小学 summary: 撒下吸烟有害种子，永做自强不吸少年——鹤山区鹤山小学为了让学生从小就认识到吸烟的害处，营造健康、文明、无烟的校园环境，近日，鹤山区鹤山小学开展了以携手禁烟控烟，共创文明校园为主题的系列教育活动。这项活动的开展，使吸烟有害的理念深入人心，为营造健康、文明、和谐的校园环境奠定了良好基础。 content: 为了让学生从小就认识到吸烟的害处，营造健康、文明、无烟的校园环境，近日，鹤山区鹤山小学开展了以“携手禁烟控烟，共创文明校园”为主题的系列教育活动。""""""首先，各班召开了“携手禁烟控烟，共创文明校园”班会。班主任按照学校部署利用班会课向同学们讲解香烟对健康的危害，并通过具体案例，给学生敲响警钟。其次，班主任指导学生们制作了主题黑板报、手抄报、书法绘画作品。同学们通过一件件构思新颖、书写美观、图文并茂的作品，向大家普及吸烟危害健康的常识，呼吁大家远离烟草。最后，各班举行了“携手禁烟控烟，共创文明校园”知识竞赛活动。这项活动的开展，使“吸烟有害”的理念深入人心，为营造健康、文明、和谐的校园环境奠定了良好基础。",百家号,向德文化融媒,2024-01-17 10:20:00,http://baijiahao.baidu.com/s?id=1788302328018243826,未知,控烟,中性,未知
202401014103,"戒烟不迷路，控烟有保障。
有事找姚哥[灵光一闪]","title: 戒烟不迷路，控烟有保障。 有事找姚哥[灵光一闪] summary: 戒烟不迷路，控烟有保障。有事找姚哥[灵光一闪]。 content: 戒烟不迷路，控烟有保障。 有事找姚哥[灵光一闪] """,微头条,用户东方锋,2024-01-17 09:14:28,http://www.toutiao.com/w/i1788298205398016/,未知,戒烟、控烟,正面,未知
202401014338,"泗县小梁卫生院开展“无烟佳节，与爱同行”控烟活动

为进一步推动控烟工作开展，引导群众践行健康的生活方式，1月16日，小梁卫生院组织相关医务人员前往黑塔第三小学开展“无烟佳节，与爱同行”控烟活动。

医务人员向同学们宣传控烟知识以及吸烟的危害等知识，并要求每一位同学要做好一名控烟活动的宣传员和监督员，积极向亲友普及吸烟的危害，监督身边的人不吸烟、少吸烟，形成以学生带动家长、辐射社区的浓厚控烟氛围。

通过此次活动，向学生们普及了控烟相关知识，提高了学生们对吸烟有害性的知识，对促进学生们养成良好的健康生活方式起到了积极的作用。#冬日生活打卡季##宿州头条##泗县#","title: 泗县小梁卫生院开展“无烟佳节，与爱同行”控烟活动 为进一步推动控烟工作开展，引导群众践行健康的生活方式，1月16日，小梁卫生院组织相关医务人员前往黑塔第三小学开展“无烟佳节，与爱同行”控烟活动。 医务人员向同学们宣传控烟知识以及吸烟的危害等知识，并要求每一位同学要做好一名控烟活动的宣传员和监督员，积极向亲友普及吸烟的危害，监督身边的人不吸烟、少吸烟，形成以学生带动家长、辐射社区的浓厚控烟氛围。 通过此次活动，向学生们普及了控烟相关知识，提高了学生们对吸烟有害性的知识，对促进学生们养成良好的健康生活方式起到了积极的作用。#冬日生活打卡季##宿州头条##泗县# summary: 为进一步推动控烟工作开展，引导群众践行健康的生活方式，1月16日，小梁卫生院组织相关医务人员前往黑塔第三小学开展无烟佳节，与爱同行控烟活动。 content: 泗县小梁卫生院开展“无烟佳节，与爱同行”控烟活动 为进一步推动控烟工作开展，引导群众践行健康的生活方式，1月16日，小梁卫生院组织相关医务人员前往黑塔第三小学开展“无烟佳节，与爱同行”控烟活动。 医务人员向同学们宣传控烟知识以及吸烟的危害等知识，并要求每一位同学要做好一名控烟活动的宣传员和监督员，积极向亲友普及吸烟的危害，监督身边的人不吸烟、少吸烟，形成以学生带动家长、辐射社区的浓厚控烟氛围。 通过此次活动，向学生们普及了控烟相关知识，提高了学生们对吸烟有害性的知识，对促进学生们养成良好的健康生活方式起到了积极的作用。#冬日生活打卡季##宿州头条##泗县# """,微头条,医心医意全心全意,2024-01-17 08:12:13,http://www.toutiao.com/w/i1788294288886788/,未知,控烟,正面,未知
202401014290,又一位美女打卡中，一天包半烟的美女，第一天就抽了2根半，相信科学，相信事实，用事实来说话，纯天然无任何副作用，不伤身体，轻松戒烟，控烟。“加油✊”,"title: 又一位美女打卡中，一天包半烟的美女，第一天就抽了2根半，相信科学，相信事实，用事实来说话，纯天然无任何副作用，不伤身体，轻松戒烟，控烟。“加油✊” summary: 又一位美女打卡中，一天包半烟的美女，第一天就抽了2根半，相信科学，相信事实，用事实来说话，纯天然无任何副作用，不伤身体，轻松戒烟，控烟。 content: 又一位美女打卡中，一天包半烟的美女，第一天就抽了2根半，相信科学，相信事实，用事实来说话，纯天然无任何副作用，不伤身体，轻松戒烟，控烟。“加油✊” "" """,微头条,用户东方锋,2024-01-17 07:41:34,http://www.toutiao.com/w/i1788292360287300/,未知,戒烟、控烟,正面,未知
202401013734,"全球吸烟情况引起关注，数据显示，吸烟率最高的国家排名前二十位均集中在亚洲、欧洲和大洋洲地区。其中，排名第一的国家为瑙鲁，吸烟率高达48.5%，紧随其后的是缅甸和基里巴斯，分别为44.1%和40.6%。在欧洲地区，塞尔维亚和保加利亚吸烟率分别达到39.8%和39%，居全球前列。同时，印度尼西亚和孟加拉国等国吸烟问题也十分严重，分别排名九和十七位，呈现严峻的吸烟情况。
吸烟不仅对个人健康造成危害，也对全球公共卫生产生负面影响。吸烟导致的健康问题不仅负担了国家医疗系统，也造成了经济损失。数据显示，根据世界卫生组织的估算，吸烟相关疾病每年导致全球超过700万人死亡。各国应该加强吸烟控制措施，通过宣传教育、提高烟草税等手段来减少吸烟率，确保全球公民的健康。同时，通过全球合作，共同应对吸烟问题，减少吸烟对全球社会经济的负面影响。#吸烟的真相揭秘# #香烟的危害# #寿命与吸烟# #资深烟民见解# #烟民大集合# #烟民看过来的# #控烟目标# #吸烟控制# #烟民注意了# #探讨吸烟危害#","title: 全球吸烟情况引起关注，数据显示，吸烟率最高的国家排名前二十位均集中在亚洲、欧洲和大洋洲地区。其中，排名第一的国家为瑙鲁，吸烟率高达48.5%，紧随其后的是缅甸和基里巴斯，分别为44.1%和40.6%。在欧洲地区，塞尔维亚和保加利亚吸烟率分别达到39.8%和39%，居全球前列。同时，印度尼西亚和孟加拉国等国吸烟问题也十分严重，分别排名九和十七位，呈现严峻的吸烟情况。 吸烟不仅对个人健康造成危害，也对全球公共卫生产生负面影响。吸烟导致的健康问题不仅负担了国家医疗系统，也造成了经济损失。数据显示，根据世界卫生组织的估算，吸烟相关疾病每年导致全球超过700万人死亡。各国应该加强吸烟控制措施，通过宣传教育、提高烟草税等手段来减少吸烟率，确保全球公民的健康。同时，通过全球合作，共同应对吸烟问题，减少吸烟对全球社会经济的负面影响。#吸烟的真相揭秘# #香烟的危害# #寿命与吸烟# #资深烟民见解# #烟民大集合# #烟民看过来的# #控烟目标# #吸烟控制# #烟民注意了# #探讨吸烟危害# summary: 全球吸烟情况引起关注，数据显示，吸烟率最高的国家排名前二十位均集中在亚洲、欧洲和大洋洲地区。#吸烟的真相揭秘##香烟的危害##寿命与吸烟##资深烟民见解##烟民大集合##烟民看过来的##控烟目标##吸烟控制##烟民注意了##探讨吸烟危害#. content: 全球吸烟情况引起关注，数据显示，吸烟率最高的国家排名前二十位均集中在亚洲、欧洲和大洋洲地区。其中，排名第一的国家为瑙鲁，吸烟率高达48.5%，紧随其后的是缅甸和基里巴斯，分别为44.1%和40.6%。在欧洲地区，塞尔维亚和保加利亚吸烟率分别达到39.8%和39%，居全球前列。同时，印度尼西亚和孟加拉国等国吸烟问题也十分严重，分别排名九和十七位，呈现严峻的吸烟情况。 吸烟不仅对个人健康造成危害，也对全球公共卫生产生负面影响。吸烟导致的健康问题不仅负担了国家医疗系统，也造成了经济损失。数据显示，根据世界卫生组织的估算，吸烟相关疾病每年导致全球超过700万人死亡。各国应该加强吸烟控制措施，通过宣传教育、提高烟草税等手段来减少吸烟率，确保全球公民的健康。同时，通过全球合作，共同应对吸烟问题，减少吸烟对全球社会经济的负面影响。#吸烟的真相揭秘# #香烟的危害# #寿命与吸烟# #资深烟民见解# #烟民大集合# #烟民看过来的# #控烟目标# #吸烟控制# #烟民注意了# #探讨吸烟危害# """,微头条,招财又进宝,2024-01-16 22:43:44,http://www.toutiao.com/w/i1788249320875012/,未知,控烟,正面,未知
202401013748,戒烟控烟中心,title: 戒烟控烟中心 summary: 戒烟控烟中心戒烟控烟中心 content: 戒烟控烟中心,小红书,本宝宝有小情绪了,2024-01-16 21:37:00,http://www.xiaohongshu.com/discovery/item/65a68683000000002a006e1e,未知,戒烟控烟,中性,未知
202401013755,"碧山涢水888：#市井百态##市井杂谈身边事# 
大家是否留意到，医院这种越是不适合抽烟的场合，越是有人抽烟。
医院是看病的地方，本来是来医院冶疗身体不适的地方，然而，在等待区域如门诊外，住院区病房外，却到处可以看到抽烟的，地上到处是扔的烟头。抽烟有送病人看病的人，有穿着病号服的住院病人。尽管 禁止吸烟标识明显位置张贴在那，还有穿着护士服㐽带“禁烟”袖标劝导员，都成了摆设。
应证了那句越是危险了的地方，往往是越安全地方，越是没有人管。现在好多大的公众场合控烟是比较严格的，医院人流量大，吸烟有害他人健康，更应严格执行控烟规定。光靠贴标识，配几个不管事的劝导员这种形式主义起不了多大作用，还得踏踏实实地落实，控烟任重道远！",title: 碧山涢水888：#市井百态##市井杂谈身边事# 大家是否留意到，医院这种越是不适合抽烟的场合，越是有人抽烟。 医院是看病的地方，本来是来医院冶疗身体不适的地方，然而，在等待区域如门诊外，住院区病房外，却到处可以看到抽烟的，地上到处是扔的烟头。抽烟有送病人看病的人，有穿着病号服的住院病人。尽管 禁止吸烟标识明显位置张贴在那，还有穿着护士服㐽带“禁烟”袖标劝导员，都成了摆设。 应证了那句越是危险了的地方，往往是越安全地方，越是没有人管。现在好多大的公众场合控烟是比较严格的，医院人流量大，吸烟有害他人健康，更应严格执行控烟规定。光靠贴标识，配几个不管事的劝导员这种形式主义起不了多大作用，还得踏踏实实地落实，控烟任重道远！ summary: #市井百态##市井杂谈身边事#大家是否留意到，医院这种越是不适合抽烟的场合，越是有人抽烟。医院是看病的地方，本来是来医院冶疗身体不适的地方，然而，在等待区域如门诊外，住院区病房外，却到处可以看到抽烟的，地上到处是扔的烟头。抽烟有送病人看病的人，有穿着病号服的住院病人。 content: #市井百态##市井杂谈身边事# 大家是否留意到，医院这种越是不适合抽烟的场合，越是有人抽烟。 医院是看病的地方，本来是来医院冶疗身体不适的地方，然而，在等待区域如门诊外，住院区病房外，却到处可以看到抽烟的，地上到处是扔的烟头。抽烟有送病人看病的人，有穿着病号服的住院病人。尽管 禁止吸烟标识明显位置张贴在那，还有穿着护士服㐽带“禁烟”袖标劝导员，都成了摆设。 应证了那句越是危险了的地方，往往是越安全地方，越是没有人管。现在好多大的公众场合控烟是比较严格的，医院人流量大，吸烟有害他人健康，更应严格执行控烟规定。光靠贴标识，配几个不管事的劝导员这种形式主义起不了多大作用，还得踏踏实实地落实，控烟任重道远！,微头条,碧山涢水888,2024-01-16 21:00:10,http://www.toutiao.com/w/1788252006781955/,未知,控烟,正面,未知
202401013762,国家出台了多项控烟政策，烟价上涨，朋友们纷纷考虑戒烟。我也决定戒烟，从改变习惯开始，寻求家人理解和支持。戒烟是为了健康，是对家人的责任。戒烟之路充满挑战和希望，我们一起迎接新生活。,"title: 国家出台了多项控烟政策，烟价上涨，朋友们纷纷考虑戒烟。我也决定戒烟，从改变习惯开始，寻求家人理解和支持。戒烟是为了健康，是对家人的责任。戒烟之路充满挑战和希望，我们一起迎接新生活。 summary: 国家出台了多项控烟政策，烟价上涨，朋友们纷纷考虑戒烟。我也决定戒烟，从改变习惯开始，寻求家人理解和支持。戒烟是为了健康，是对家人的责任。戒烟之路充满挑战和希望，我们一起迎接新生活。 content: 国家出台了多项控烟政策，烟价上涨，朋友们纷纷考虑戒烟。我也决定戒烟，从改变习惯开始，寻求家人理解和支持。戒烟是为了健康，是对家人的责任。戒烟之路充满挑战和希望，我们一起迎接新生活。 """,微头条,幽默的娱乐大瓜,2024-01-16 20:47:41,http://www.toutiao.com/w/i1788251221867524/,未知,控烟、戒烟,正面,未知
202401013778,"农村手动卷烟机：省时省钱带来的健康隐忧
最近在农村集市上，手动卷烟机异常火爆，售价仅20块钱一台。搭配10块钱的烟叶和几分钱的过滤嘴烟卷，半小时内就能轻松卷制数十根烟，成为广受欢迎的新宠。尤其对一些财力紧张的老两口来说，这无疑是一大福音，解决了因吸烟引发的家庭矛盾。
我们不得不担心这种行为是否合法。尽管手动卷烟机的使用并未违法，但是廉价的烟草所带来的健康风险却不容忽视。吸烟一直被视为不健康的生活方式，其对人体的危害是众所周知的。
实际情况是很多人出于各种原因难以戒烟。在这种情况下，使用手动卷烟机成为比购买现成烟草更为现实的选择。毕竟，对于老年人或一些经济拮据的家庭而言，这种节省开支的方式显得更加实际。
我们虽然不主张吸烟，但如果您无法摆脱烟草的诱惑，就请尽量减少对身体的危害，合理控制开支。对于控烟之举，我们应该倍加呵护，关注老年人以及经济上举步维艰的家庭。这不仅是一件符合民生的事，更是关乎每个人身体健康的大事。
这种农村手动卷烟机的现象，不仅体现了农村生活的务实与现实，更暗藏着健康风险与社会关怀的双重信息，希望社会能够对此多一些关注与帮助。#农村人的身边事# #农村辛酸事# #农村心酸事# #聊聊农村时事# #讲讲农村的事儿# #多农村人的智慧# #农民的真实状况# #农关注老人# #乡村生活真相# #农村生活身边事##农户用过都说好# #农民的各种智慧# #农村人的身边事# #农村人身边的事# #聊聊农村时事# #乡村生活真相# #种地老人说经验# #农村业佘爱好者# #三农那些事儿# #扯淡三农事#","title: 农村手动卷烟机：省时省钱带来的健康隐忧 最近在农村集市上，手动卷烟机异常火爆，售价仅20块钱一台。搭配10块钱的烟叶和几分钱的过滤嘴烟卷，半小时内就能轻松卷制数十根烟，成为广受欢迎的新宠。尤其对一些财力紧张的老两口来说，这无疑是一大福音，解决了因吸烟引发的家庭矛盾。 我们不得不担心这种行为是否合法。尽管手动卷烟机的使用并未违法，但是廉价的烟草所带来的健康风险却不容忽视。吸烟一直被视为不健康的生活方式，其对人体的危害是众所周知的。 实际情况是很多人出于各种原因难以戒烟。在这种情况下，使用手动卷烟机成为比购买现成烟草更为现实的选择。毕竟，对于老年人或一些经济拮据的家庭而言，这种节省开支的方式显得更加实际。 我们虽然不主张吸烟，但如果您无法摆脱烟草的诱惑，就请尽量减少对身体的危害，合理控制开支。对于控烟之举，我们应该倍加呵护，关注老年人以及经济上举步维艰的家庭。这不仅是一件符合民生的事，更是关乎每个人身体健康的大事。 这种农村手动卷烟机的现象，不仅体现了农村生活的务实与现实，更暗藏着健康风险与社会关怀的双重信息，希望社会能够对此多一些关注与帮助。#农村人的身边事# #农村辛酸事# #农村心酸事# #聊聊农村时事# #讲讲农村的事儿# #多农村人的智慧# #农民的真实状况# #农关注老人# #乡村生活真相# #农村生活身边事##农户用过都说好# #农民的各种智慧# #农村人的身边事# #农村人身边的事# #聊聊农村时事# #乡村生活真相# #种地老人说经验# #农村业佘爱好者# #三农那些事儿# #扯淡三农事# summary: 最近在农村集市上，手动卷烟机异常火爆，售价仅20块钱一台。搭配10块钱的烟叶和几分钱的过滤嘴烟卷，半小时内就能轻松卷制数十根烟，成为广受欢迎的新宠。尤其对一些财力紧张的老两口来说，这无疑是一大福音，解决了因吸烟引发的家庭矛盾。 content: 农村手动卷烟机：省时省钱带来的健康隐忧 最近在农村集市上，手动卷烟机异常火爆，售价仅20块钱一台。搭配10块钱的烟叶和几分钱的过滤嘴烟卷，半小时内就能轻松卷制数十根烟，成为广受欢迎的新宠。尤其对一些财力紧张的老两口来说，这无疑是一大福音，解决了因吸烟引发的家庭矛盾。 我们不得不担心这种行为是否合法。尽管手动卷烟机的使用并未违法，但是廉价的烟草所带来的健康风险却不容忽视。吸烟一直被视为不健康的生活方式，其对人体的危害是众所周知的。 实际情况是很多人出于各种原因难以戒烟。在这种情况下，使用手动卷烟机成为比购买现成烟草更为现实的选择。毕竟，对于老年人或一些经济拮据的家庭而言，这种节省开支的方式显得更加实际。 我们虽然不主张吸烟，但如果您无法摆脱烟草的诱惑，就请尽量减少对身体的危害，合理控制开支。对于控烟之举，我们应该倍加呵护，关注老年人以及经济上举步维艰的家庭。这不仅是一件符合民生的事，更是关乎每个人身体健康的大事。 这种农村手动卷烟机的现象，不仅体现了农村生活的务实与现实，更暗藏着健康风险与社会关怀的双重信息，希望社会能够对此多一些关注与帮助。#农村人的身边事# #农村辛酸事# #农村心酸事# #聊聊农村时事# #讲讲农村的事儿# #多农村人的智慧# #农民的真实状况# #农关注老人# #乡村生活真相# #农村生活身边事##农户用过都说好# #农民的各种智慧# #农村人的身边事# #农村人身边的事# #聊聊农村时事# #乡村生活真相# #种地老人说经验# #农村业佘爱好者# #三农那些事儿# #扯淡三农事# """,微头条,奶牛猫微语录,2024-01-16 19:44:57,http://www.toutiao.com/w/i1788241536046090/,未知,戒烟、控烟,中性,未知
202401013792,香烟价格上涨，便宜烟消失！网友：这是控制烟民的妙招！,"title: 香烟价格上涨，便宜烟消失！网友：这是控制烟民的妙招！ summary: 香烟价格上涨，便宜烟消失！网友：这是控制烟民的妙招！而对于那些有一定经济基础的烟民来说，虽然香烟价格上涨对他们有一定影响，但他们可能更容易接受这种变化。香烟价格上涨是一个复杂的问题，涉及到公众健康、经济利益和社会责任等多个方面。 content: #q1# 香烟价格上涨，便宜烟消失！网友：这是控制烟民的妙招！**烟草新政来袭，便宜烟成了历史？**近日，一则关于香烟价格上涨的消息在社交媒体上引发热议。据报道，为了响应健康号召和减少烟草消费，相关部门决定调整烟草税率，导致香烟价格普遍上涨。这一举措看似平常，却在烟民中掀起了不小的波澜。尤其是那些习惯抽便宜烟的烟民们，现在不得不面临一个现实：几块钱的烟已经不再提供！""**香烟价格上涨背后的原因**香烟价格上涨的原因是多方面的。除了税率的调整，还有对烟草生产的限制以及对未成年人吸烟的严格管控等因素。这些措施旨在减少烟草消费，提高公众健康水平。然而，对于那些已经养成抽烟习惯的人来说，香烟价格上涨无疑增加了他们的经济负担。**网友热议：这是控制烟民的妙招？**面对香烟价格上涨，许多网友纷纷发表自己的看法。有人认为这是政府控制烟民数量的有效手段，通过提高烟草价格，可以减少吸烟人群的数量，从而降低烟草对社会的危害。也有人表示理解和支持，认为这是为了公众健康着想。但也有一些人表达了担忧和不满，认为香烟价格上涨会导致一些人戒烟困难，甚至可能促使他们转向更便宜的非法烟草。""**便宜烟消失的影响**香烟价格上涨后，便宜烟几乎消失殆尽。对于那些经济条件较差的烟民来说，这无疑是一个沉重的打击。他们不得不承受更高的烟草费用，这可能导致他们的生活更加困难。而对于那些有一定经济基础的烟民来说，虽然香烟价格上涨对他们有一定影响，但他们可能更容易接受这种变化。**控烟措施的利与弊**提高烟草价格是政府控制吸烟的有效手段之一。高昂的烟草价格可以减少烟草消费量，从而降低吸烟对公众健康的危害。然而，这种措施也可能带来一些负面影响。例如，高昂的烟草价格可能会导致一些人戒烟困难，尤其是对于经济条件较差的人来说。此外，提高烟草价格还可能促使一些人转向更便宜的非法烟草，这不仅可能对他们的健康造成危害，还可能助长非法贸易。**专家观点：如何平衡控烟与公众健康**针对香烟价格上涨的现象，专家们提出了不同的看法和建议。一些专家认为政府应该采取更严厉的措施来控制吸烟行为，包括提高烟草税、限制烟草广告等。他们认为这样可以有效降低吸烟率，提高公众健康水平。而另一些专家则担心这些措施可能对低收入人群造成不公平的影响，建议政府在实施控烟政策时应该充分考虑不同群体的利益平衡问题。**如何应对香烟价格上涨**面对香烟价格上涨的现状，我们应该如何应对呢？首先，对于那些想要戒烟的人来说，这是一个很好的机会。他们可以通过逐渐减少吸烟频率或选择替代品等方式来降低烟草消费量。此外，政府和社会也应该提供更多的戒烟支持和帮助，如提供戒烟课程、心理咨询等。而对于那些无法戒烟的人来说，他们可以选择寻找更经济实惠的烟草替代品或减少其他开支来应对香烟价格上涨的影响。""**结语**香烟价格上涨是一个复杂的问题，涉及到公众健康、经济利益和社会责任等多个方面。虽然这一政策在一定程度上可以控制吸烟行为和提高公众健康水平，但我们也需要关注它可能带来的负面影响。希望政府和社会能够共同努力，为公众创造一个更加健康、公平的生活环境。",头条号,英明果断蜻蜓0v,2024-01-16 19:30:30,http://www.toutiao.com/w/i7324656992793248294/,未知,戒烟、控烟,正面,未知
202401013807,全球最新癌症数据：肺癌仍是“最强杀手”，远离癌症你需要做到……,"title: 全球最新癌症数据：肺癌仍是“最强杀手”，远离癌症你需要做到…… summary: 全球最新癌症数据：肺癌仍是最强杀手，远离癌症你需要做到。当癌症降临的时候，每个人都猝不及防。对他们而言，生存与死亡的问题，确实有些残忍。但越来越多的癌症正在侵袭，面对汹涌癌情，我们能做些什么？ content: 当癌症降临的时候，每个人都猝不及防。对他们而言，生存与死亡的问题，确实有些残忍。但越来越多的癌症正在侵袭，面对汹涌癌情，我们能做些什么？从中国拓展到世界，癌症正在逐渐成为人类健康的头号杀手。2015年，恶性肿瘤位居中国城乡居民死亡原因首位，远超心脏病及脑血管疾病。&lt;img max-width=""600"" class=""content-image"" data-src=""h7fbg8uT6oAdxo1xkqmC8SpkZ+O78fcPn1MUDfkfQ35SbmO5QzP/stAsx0Y/Xuff+PJXbPvnnPvHdTre8IuC6/HykI6TBPsXTDGb9SfIKkw="" width=""512"" height=""676"" /抗击癌症，并不仅仅是中国将面临的严峻问题，同时也是全球面临的严峻问题。全球癌症负担持续增长中国大概占据了其中的五分之一。如果说发病率这个冰冷的数据无法让你直接感知到癌症的威胁，那么每个人一生患癌的概率或许更加直观：根据2015年中国癌症大数据调查，每位中国人的一生，将有37%的概率罹患癌症；而每个中国家庭将有97%的概率面临亲人罹患癌症。与之对应的，在全球范围内的癌症患者数量将高达4380万人。甚至超过了整个加拿大的人口数量。癌症负担的增长是由多重因素造成的，但其中最重要的因素在于人口老龄化及人口增长。在全球部分国家，癌症人口数量的增高还与社会经济发展状态相关，一些所谓的“穷癌”正在渐渐被“富癌”所取代。此外，值得欣慰的是，部分癌症由于我们采取了有效的控制手段，发病率已经有了卓有成效的降低。比如美国的肺癌发病率从实施控烟起明显下降了25%；非洲地区的宫颈癌防病率因采取了预防措施也有了明显下降。当然，局部的控制并不能掩盖整体形势。几乎所有国家都面临着新增肿瘤患者数量显著提升的问题。全球癌症地图，到底是什么样的？而在欧洲，尽管人口仅占全球的9%，但其癌症病例数和癌症死亡人数并不低，分别为全球的23.4%和20.3%。美洲人口位为全球的13.3%，其发病数和死亡数分别为全球的21.0%和14.4%。与全球其他地区相比，亚洲和非洲的癌症死亡数占全球的比例（分别为57.3%和7.3%）高于发病数占比（分别为48.4%和5.8%）。这主要由于亚洲与非洲的高发癌症通常多为呼吸道及消化道癌症，这些癌症的主要特点就是预后差、死亡率高，而不及时的诊断和治疗加剧了这些国家的癌症死亡率。&lt;img max-width=""600"" class=""content-image"" data-src=""EmSa7bvKq1EE4aebFHMv998nca4/kLYs5nO4LSrsQSBmuhzDbghv3TLbk9NymFkmmJHIf8Kw8kPB0mO+cKOL1fHykI6TBPsXTDGb9SfIKkw="" width=""512"" height=""302"" /&lt;img max-width=""600"" class=""content-image"" data-src=""sWGYY5yy0kWHb3ShJgzYTM3GkyuoPNXvxG0tqTLIU0/HI3CGmJBVUyTw7KnIMcbiopVsAbMNIzsnCc3SXrpMaPHykI6TBPsXTDGb9SfIKkw="" width=""512"" height=""527"" /哪些癌症夺走最多生命？在癌症发病率这一点上，调查结果与我们所想象的并不相同。全球范围内，肺癌、女性乳腺癌和结肠直肠癌为发病数最高的三种癌症，其死亡数也均居高不下（分别为第一、第五、第二）。这三种癌症共同造成了全球癌症发病和死亡总负担的1/3。而在中国高发的肝癌、胃癌等消化道疾病，在全球的发病率则相对较低。在发病数量与死亡人数上，肺癌是当之无愧的“癌中之王”。由于预后不佳，肺癌将是死亡人数最多的癌种（180万例死亡，占总数18.4%）；其次为结直肠癌（881000例死亡，9.2%）、胃癌（783000例，8.2%）和肝癌（782000例，8.2%）。&lt;img max-width=""600"" class=""content-image"" data-src=""EmSa7bvKq1EE4aebFHMv98Lu98RalO+LVkV6eWoWF6nOjZosNwPsU2moFXQ0x3HZgiRpzzZjrR5vMaWLzkAlKvHykI6TBPsXTDGb9SfIKkw="" width=""512"" height=""312"" /在患癌这件事上，男女是否真的平等？答案是否定的。肺癌是男性最常见的癌症（男性占总病例的14.5%，女性占8.4%），也是男性癌症死亡的主要原因（22.0%）。在男性中，发病数占比高的其次为前列腺癌（13.5%）和结肠直肠癌（10.9%），死亡数占比其次为肝癌（10.2%）和胃癌（9.5%）。乳腺癌则在女性中最为常见，占女性癌症总病例数的24.2%。同时它也是女性癌症死亡的主要原因（15.0%）。全球女性死亡率其次为肺癌（13.8%）、结肠直肠癌（9.5%）和宫颈癌（7.5%）。&lt;img max-width=""600"" class=""content-image"" data-src=""j62ER+laWpTPEkLaFdmRXqZ/Vuk7A8mFU7EOuUMjc+mUcTw9DO1QfXd0EvC6CNQZ2cGsKw8WDm1+SioxtWJSqPHykI6TBPsXTDGb9SfIKkw="" width=""512"" height=""638"" /&lt;img max-width=""600"" class=""content-image"" data-src=""sWGYY5yy0kWHb3ShJgzYTAevXOQlQgqO5qKxRck8ttcVlFQqCbkHCLLb3h2g7QzBE24qvJOI23FbdON6brk+wfHykI6TBPsXTDGb9SfIKkw="" width=""512"" height=""456"" /&lt;img max-width=""600"" class=""content-image"" data-src=""9jtEdtXdLrY19r1cR6XiEGTm9sN2iWYNLvWBpV1L0x1+i6DckdkNI4N8WMlGDPh8wKSEwjsrtK/B8QHAdnD2/vHykI6TBPsXTDGb9SfIKkw="" width=""512"" height=""454"" /防癌控癌：提前预防是最佳方法虽然女同胞们的患癌人数更低，确实值得舒一口气，但面对肺癌这个全球的“癌中之王”，却一点都马虎不得。在全球28个国家，肺癌都是女性癌症死亡的首要原因。女性肺癌发病率最高地区分别是北美、北欧和西欧（特别是丹麦和荷兰）、中国、澳大利亚和新西兰，其中，匈牙利名列榜首。防控肺癌的最佳方式就是控制烟草。这一点从美国60年代以来的控烟政策对肺癌发病率降低的贡献中就可以看出来。然而在多数国家，对烟草的防控仍然不尽如人意。尽管癌情汹涌，但我们依然坚信抗癌的光明未来。一方面我们将拥有更多对癌症的防控措施，未来更多癌症将被预防，更多癌症患者将在早期被诊断；另一方面我们拥有了更多消灭癌症的利器，更精准的靶向治疗、免疫治疗将为我们提供治愈晚期癌症的希望。我们坚信，抗癌必胜！发布于：四川省",搜狐号,娜样做美食,2024-01-16 19:12:00,http://m.sohu.com/a/751774108_120734823,未知,控烟,负面,未知
202401013814,"全球吸烟率最高的国家依次是：瑙鲁、缅甸、基里巴斯、塞尔维亚、巴布亚新几内亚、东帝汶、保加利亚、黎巴嫩、印度尼西亚、拉托维亚、克罗地亚、所罗门群岛、图瓦卢、塞浦路斯、波黑、约旦、孟加拉国、希腊和法国。这些数据引发我们对吸烟问题的深思。
吸烟不仅危害个人健康，还对社会经济造成重要影响。各国政府应进一步加强控烟政策，提高公众意识。同时，个人也应该关注自身健康，远离烟草，保持良好的生活习惯。
你认为吸烟问题应该如何解决？你有何看法和建议？
","title: 全球吸烟率最高的国家依次是：瑙鲁、缅甸、基里巴斯、塞尔维亚、巴布亚新几内亚、东帝汶、保加利亚、黎巴嫩、印度尼西亚、拉托维亚、克罗地亚、所罗门群岛、图瓦卢、塞浦路斯、波黑、约旦、孟加拉国、希腊和法国。这些数据引发我们对吸烟问题的深思。 吸烟不仅危害个人健康，还对社会经济造成重要影响。各国政府应进一步加强控烟政策，提高公众意识。同时，个人也应该关注自身健康，远离烟草，保持良好的生活习惯。 你认为吸烟问题应该如何解决？你有何看法和建议？ summary: 全球吸烟率最高的国家依次是：瑙鲁、缅甸、基里巴斯、塞尔维亚、巴布亚新几内亚、东帝汶、保加利亚、黎巴嫩、印度尼西亚、拉托维亚、克罗地亚、所罗门群岛、图瓦卢、塞浦路斯、波黑、约旦、孟加拉国、希腊和法国。这些数据引发我们对吸烟问题的深思。吸烟不仅危害个人健康，还对社会经济造成重要影响。你有何看法和建议？ content: 全球吸烟率最高的国家依次是：瑙鲁、缅甸、基里巴斯、塞尔维亚、巴布亚新几内亚、东帝汶、保加利亚、黎巴嫩、印度尼西亚、拉托维亚、克罗地亚、所罗门群岛、图瓦卢、塞浦路斯、波黑、约旦、孟加拉国、希腊和法国。这些数据引发我们对吸烟问题的深思。 吸烟不仅危害个人健康，还对社会经济造成重要影响。各国政府应进一步加强控烟政策，提高公众意识。同时，个人也应该关注自身健康，远离烟草，保持良好的生活习惯。 你认为吸烟问题应该如何解决？你有何看法和建议？ """,微头条,悠闲轮船4m1b,2024-01-16 18:48:01,http://www.toutiao.com/w/i1788241525868544/,未知,控烟,正面,未知
202401013828,老烟民———请尽早戒烟的,title: 老烟民———请尽早戒烟的 summary: 老烟民———请尽早戒烟的戒烟贴我比较喜欢图上的那款逸舜宝戒烟贴使用完也没依赖性，贴上也不干痒最重要的是成分安全，零焦油不含尼古丁我用一次就一整个爱住~-#如何戒烟#轻松戒烟#意志力戒烟#香烟#好物推荐#戒烟方法#戒烟神器#干货分享#戒烟打卡#一起戒烟。 content: 戒烟（控烟）贴 我比较喜欢图上的那款逸舜宝戒烟贴 使用完也没依赖性，贴上也不干痒 最重要的是成分安全，零焦油不含尼古丁 我用一次就一整个爱住~ - #如何戒烟#轻松戒烟#意志力戒烟#香烟#好物推荐#戒烟方法#戒烟神器#干货分享#戒烟打卡#一起戒烟,小红书,不正经草莓A,2024-01-16 17:48:00,http://www.xiaohongshu.com/discovery/item/65a650ff00000000280294ff,未知,戒烟、控烟,中性,未知
202401013842,校园禁烟我们是认真的🚭,title: 校园禁烟我们是认真的🚭 summary: 校园禁烟我们是认真的No smoking inside the school premises吸烟被世界卫生组织称为人类第五种威胁。校园禁烟#培根国际学院。 content: No smoking inside the school premises 吸烟被世界卫生组织（WHO）称为人类“第五种威胁”（前四种是战争、饥荒、瘟疫、污染）。为了保护大家的健康，创造良好的生活和学习环境，提高获得感和幸福感，共享健康生活，学校特此发布禁烟通知，禁烟控烟，从你我做起！[派对R][派对R] #校园禁烟#培根国际学院,小红书,布敦·培根国际教育代表处,2024-01-16 16:58:00,http://www.xiaohongshu.com/discovery/item/65a645480000000029014489,未知,控烟,正面,未知
202401013850,"在2024年的元旦过后，当我走进烟店，想要购买一包平民烟时，才发现它的价格居然涨了两块钱。这个看似微小的变化，却传递着一个强烈的信号：国家开始着手控烟工作了。对我而言，这意味着未来抽烟的成本将变得更高，甚至有可能抽不起烟了。心里不禁从内心感叹今后可能要做好准备迎接戒烟的时刻。我默默地对祖国说：“对不起了，今后作为一个烟龄超过30年的烟民，我不能再为你贡献一分力量了。”春节结束后，我下定决心要戒烟了！
观察到的这一变化让我意识到，控烟力度可能会逐渐加大。随着烟草价格上涨，对于吸烟者来说将是一大挑战，同时也是一个催化剂，激励他们思考着改变现有的生活方式。基于研究显示，抽烟对健康有害无益，戒烟对身体会有明显的好处。生活在这个新的大环境中，我开始思考，难道戒烟不是一件值得鼓励的事吗？是时候转变思维，成为身心更健康的我了。","title: 在2024年的元旦过后，当我走进烟店，想要购买一包平民烟时，才发现它的价格居然涨了两块钱。这个看似微小的变化，却传递着一个强烈的信号：国家开始着手控烟工作了。对我而言，这意味着未来抽烟的成本将变得更高，甚至有可能抽不起烟了。心里不禁从内心感叹今后可能要做好准备迎接戒烟的时刻。我默默地对祖国说：“对不起了，今后作为一个烟龄超过30年的烟民，我不能再为你贡献一分力量了。”春节结束后，我下定决心要戒烟了！ 观察到的这一变化让我意识到，控烟力度可能会逐渐加大。随着烟草价格上涨，对于吸烟者来说将是一大挑战，同时也是一个催化剂，激励他们思考着改变现有的生活方式。基于研究显示，抽烟对健康有害无益，戒烟对身体会有明显的好处。生活在这个新的大环境中，我开始思考，难道戒烟不是一件值得鼓励的事吗？是时候转变思维，成为身心更健康的我了。 summary: 在2024年的元旦过后，当我走进烟店，想要购买一包平民烟时，才发现它的价格居然涨了两块钱。心里不禁从内心感叹今后可能要做好准备迎接戒烟的时刻。我默默地对祖国说：对不起了，今后作为一个烟龄超过30年的烟民，我不能再为你贡献一分力量了。春节结束后，我下定决心要戒烟了！ content: 在2024年的元旦过后，当我走进烟店，想要购买一包平民烟时，才发现它的价格居然涨了两块钱。这个看似微小的变化，却传递着一个强烈的信号：国家开始着手控烟工作了。对我而言，这意味着未来抽烟的成本将变得更高，甚至有可能抽不起烟了。心里不禁从内心感叹今后可能要做好准备迎接戒烟的时刻。我默默地对祖国说：“对不起了，今后作为一个烟龄超过30年的烟民，我不能再为你贡献一分力量了。”春节结束后，我下定决心要戒烟了！ 观察到的这一变化让我意识到，控烟力度可能会逐渐加大。随着烟草价格上涨，对于吸烟者来说将是一大挑战，同时也是一个催化剂，激励他们思考着改变现有的生活方式。基于研究显示，抽烟对健康有害无益，戒烟对身体会有明显的好处。生活在这个新的大环境中，我开始思考，难道戒烟不是一件值得鼓励的事吗？是时候转变思维，成为身心更健康的我了。 """,微头条,情囚zrra,2024-01-16 16:53:15,http://www.toutiao.com/w/i1788235809643588/,未知,控烟、戒烟,正面,未知
202401013857,烟民们的烦恼：烟价上涨暗示国家加大控烟力度，是否意味着真的戒烟时刻已经来临呢？元旦后，一位烟民惊讶地发现平民烟的售价涨了2块钱。这让他深感国家开始严厉控烟了。这一变化让他感到内心无比沉重，作为一个烟龄达30多年的老烟民，他开始为戒烟做准备。 春节过后，他决定迈出戒烟的第一步。烟价上涨后，他内心默念着“祖国，对不起了。”是否意味着更多的烟民也会迎来戒烟的决定呢？,"title: 烟民们的烦恼：烟价上涨暗示国家加大控烟力度，是否意味着真的戒烟时刻已经来临呢？元旦后，一位烟民惊讶地发现平民烟的售价涨了2块钱。这让他深感国家开始严厉控烟了。这一变化让他感到内心无比沉重，作为一个烟龄达30多年的老烟民，他开始为戒烟做准备。 春节过后，他决定迈出戒烟的第一步。烟价上涨后，他内心默念着“祖国，对不起了。”是否意味着更多的烟民也会迎来戒烟的决定呢？ summary: 烟民们的烦恼：烟价上涨暗示国家加大控烟力度，是否意味着真的戒烟时刻已经来临呢？元旦后，一位烟民惊讶地发现平民烟的售价涨了2块钱。这一变化让他感到内心无比沉重，作为一个烟龄达30多年的老烟民，他开始为戒烟做准备。烟价上涨后，他内心默念着祖国，对不起了。是否意味着更多的烟民也会迎来戒烟的决定呢？ content: 烟民们的烦恼：烟价上涨暗示国家加大控烟力度，是否意味着真的戒烟时刻已经来临呢？元旦后，一位烟民惊讶地发现平民烟的售价涨了2块钱。这让他深感国家开始严厉控烟了。这一变化让他感到内心无比沉重，作为一个烟龄达30多年的老烟民，他开始为戒烟做准备。 春节过后，他决定迈出戒烟的第一步。烟价上涨后，他内心默念着“祖国，对不起了。”是否意味着更多的烟民也会迎来戒烟的决定呢？ """,微头条,单枳1,2024-01-16 16:17:53,http://www.toutiao.com/w/i1788180142758915/,未知,控烟、戒烟,正面,未知
202401013864,“实在忍不到发年终奖，我直接把老板举报了”,"title: “实在忍不到发年终奖，我直接把老板举报了” summary: 实在忍不到发年终奖，我直接把老板举报了真是反了天了！有些员工看着低调温顺、唯唯诺诺，但投诉老板和领导抽烟的，也是他们。原来，80后不是不整顿职场，而是整顿别人家的职场。年轻人整顿的，可不光是老板，还有抽烟的同事。深圳市控烟办。 content: “真是反了天了！”我是一家小公司的老板公司虽小我也深谙“管理之道”""""但最近我发现自家员工好像个个都“有心事”聊天从来不带我我一靠近他们，还没张嘴他们就皱起眉头、捂住口鼻找借口溜走""""▲图源：soogif正当我一筹莫展我的心腹悄悄来传话：“害，就那个谁~阿伟他把您给举报了！”""""▲图源：电影《年会不能停》阿伟？？就那个低眉顺眼、勤勤恳恳浑身都是软肋和弱点的阿伟？""▲图源：电影《年会不能停》“到底举报我啥啊？！”话音未落门口窜进来3个“红马甲”把我团团围住“您已违反深圳控烟条例人烟并获！”""""01年轻人不仅整顿职场还整顿“烟场”【讲述人 控烟志愿者：李丹莲（化名）、冯罗拉、霍惠莲】我们就是上面说的3位“红马甲”——深圳控烟志愿者。做控烟这么多年，跑过的写字楼无数，有一点让我们大跌眼镜就是：意想不到的“叛逆”。有些员工看着低调温顺、唯唯诺诺，但投诉老板和领导抽烟的，也是他们。在我们处理的单中，这样的“反骨仔”真不少，对待违法抽烟这件事，他们一点也不含糊，反手就是一个“举报”。以前老看网上说，90后、00后整顿职场，我还不信。自从有个00后小伙子，直接把老板“捅”到我们这，我终于信了。当时，那个小伙子怒气冲冲地给我们留言，他的工位刚好就在老板办公室门口，一闻到烟味，他直奔小程序里投诉。""""还有年轻人实在受不了老板抽烟带来的满屋烟味，直接冲进老板办公室，严肃警告他。相比之下，80后中年人有点怂，一般不敢在自己老板面前说“不”。但有意思的是，他们也投诉：投诉隔壁公司的老板。""▲图源：小红书用户“别人的大阳子”原来，80后不是不整顿职场，而是整顿“别人家的职场”。我们真心希望，这种整顿职场和“烟场”的“反骨仔”越来越多。老板带头不抽烟，才能真的让写字楼的空气变好。02在一根烟面前同事间“兄弟都没得做”【讲述人 控烟志愿者：李丹莲（化名）、冯罗拉、霍惠莲】年轻人整顿的，可不光是老板，还有抽烟的同事。看看我们在“别抽啦”小程序后台收到的举报照片，职场同事间的“小九九”一下子就藏不住了——什么“中国好同事”，表面上看着称兄道弟、情同手足，一碰到抽烟这件事，气氛就变得很微妙。美女同事主动给你送口香糖，可能不是为了表露好感，而是你嘴里的烟味太臭了。""就算是最怕伤和气的“老好人”，忍无可忍了，也“好”不起来，撕破脸皮都要投诉办公室里的“烟鬼”同事。有的人真的受不了“油腻同事”身上的浓重烟味，表面是拍拍肩膀的好战友，可转身就上我们的小程序留言：哪怕只是跟他擦肩而过，都忍不住想吐。""""▲图源：soogif在投诉单中，我们也能看到女孩在办公室的“弱势”。有的女孩确实受不了烟味，劝阻男同事时，经常会遭遇冷嘲热讽：“你太敏感了吧！”“你以后最好找个不抽烟的男朋友！”……无奈之下，她们只能投诉到我们这儿来。""少了烟，同事之间真的能少很多矛盾。把时间花在搞钱上，不香吗？当然，观摩这些职场里的暗流涌动，并不是我们志愿者的日常。我们最重要的工作是——处理好吸烟投诉，宣传控烟条例和知识，还给打工人一个无烟环境。可能别的志愿者是“赠人玫瑰、手留余香”，但控烟志愿者就“惨”一点，是“掐人烟头、骂声绕梁”。控烟并不是老头老太太闲来没事找点乐子，那是一片看得见“硝烟”的战场。01在餐厅里，堵“枪”眼【讲述人 控烟志愿者：冯罗拉】一个人吃饱喝足，从兜里摸出一根烟，正准备“饭后一支烟、快乐似神仙”，忽然被人打断，火气能有多大？这个我懂，因为他们都把火撒在了我身上。去餐厅做控烟督导时，我们经常要堵“枪”眼——烟枪的“枪”。“抽根烟怎么了？”“多管闲事！”""但怼归怼，餐厅老板经常拉着我说悄悄话：“幸好你们来了，我们怎么劝都不听，应该重重地罚。”我一开始还挺意外，抽烟的顾客个个都叫嚣着“烟都不让抽，以后不来吃饭了”，怎么餐厅老板还来感谢我们？接触多了才知道，在餐厅里，抽烟者其实是“赶客”的——“赶”走更多不抽烟的客人。没有人抽烟，生意才能好。""提醒一下烟民在整个人群中，属于极少数群体。深圳2022年成人烟草流行调查显示，深圳市15岁及以上成人吸烟率为19.07%，在内地城市居于较低水平[1]。""02被写字楼，“怼”保安【讲述人 控烟志愿者：李丹莲（化名）】身为控烟志愿者，我们常常要化身“侦察兵”——到写字楼等“重灾区”蹲点。而写字楼的投诉，总是一抓一个准。厕所、楼道都是重灾区，有的楼道还有当烟灰缸的月饼盒。只要蹲一蹲，就能“抓”到现行。""""▲都市奇观 之 冒烟蹲坑不过，并不是所有的写字楼都配合，有的写字楼对志愿者不太友好。有一次，我去到一座5A的写字楼楼下，保安就是不许我上楼。我周旋了好久，最后只能亮出“杀手锏”：“如果我们多次督导无果，下一次，就是执法人员过来了！”这句话一出，物业终于怂了，最后答应派人带我们上楼。03在高铁站，扑“火苗”【讲述人 控烟志愿者：霍惠莲】我在香港住了十几年，一直都有当义工的习惯。来深圳之后，我也报名成为控烟志愿者，“扎根”在深圳北站。北站的情况很复杂，投诉不停，我们的工作就停不下来。大部分深圳人听说过控烟条例，可外地人并不知道。他们在高铁上憋了很久，一到深圳下了高铁，统一动作就是掏出打火机，咔咔点烟。""""每天从早到晚都有高铁抵达深圳，所以我们就得跑断腿，用粤语说就是“做极都做唔完”。""态度好的人，听我们讲解完控烟条例后，就把烟灭了；但有时候遇到态度恶劣的，他们会指着我们鼻子骂：“关你X事？”我一点也不沮丧，做了这么多年义工，早已见惯风雨。我心里只有一个念头：做得一D系一D，毕竟我哋系做紧好事啊嘛！""其实我们做义工，也是为了自己，大环境变好了，自己才能更健康。我曾经得过哮喘病，我的战友李丹莲有鼻炎，我们都知道烟的杀伤力。目前，在“别抽啦”小程序上注册的控烟志愿者有5344位“只要你敢拍，我们就stand by”""发现有人违法抽烟拍下ta丑照，狠狠投诉！""“别抽啦”投诉流程保姆级攻略① 进入 “深圳卫健委”微信公众号后，点击“便民服务” - “别抽啦” 。""进入“别抽啦” 小程序后，点击“我要投诉”。也可以直接搜索微信小程序“别抽啦”点击“我要投诉”""② 选择正确的场所定位、场所类型和违规行为。""③ 写下具体吸烟位置与相关情况。""④ 上传照片后提交（带红色星标*为必上传项）""✎ 近景细节图：烟头/烟灰/烟具/正在抽烟的人（脸部打码）的照片，任意一种即可，至少一张。吸烟者近景细节图示例：""""烟具/烟头/烟灰近景细节图示例：""""✎ 正门或招牌图：比如这样的""△ 此为示意图，市民上传时无需打码 △（投诉信息仅后台可见，不对外开放，供审核现场督导线索之用）爱自己，做自己勇敢和老板提年终奖也可以勇敢走出这一步""参考文献[1] 卢文龙，林炳亮，蓝丽娜，等.2022年深圳市成人烟草流行现况调查[J]首都公共卫生，2023,17（4）：193-196.采写：郑健阳信息来源：深圳市控烟办",头条号,深圳卫健委,2024-01-16 16:00:00,http://www.toutiao.com/w/i7324229683120423436/,未知,控烟,中性,未知
202401013878,国家卫健委：引导干部戒烟，鼓励青少年做控烟监督员,"title: 国家卫健委：引导干部戒烟，鼓励青少年做控烟监督员 summary: 国家卫健委：引导干部戒烟，鼓励青少年做控烟监督员2024年1月3日，国家卫生健康委发布关于开展无烟佳节与爱同行活动的通知，活动内容包括开展无烟党政机关建设巩固提升活动、控烟健康教育活动、戒烟咨询服务活动以及健康过佳节宣传活动。引导群众践行文明健康绿色环保生活方式，营造元旦、春节两节无烟氛围。 content: 2024年1月3日，国家卫生健康委发布关于开展“无烟佳节 与爱同行”活动的通知，活动内容包括开展无烟党政机关建设巩固提升活动、控烟健康教育活动、戒烟咨询服务活动以及健康过佳节宣传活动，引导群众践行文明健康绿色环保生活方式，营造元旦、春节“两节”无烟氛围。""活动强调，要引导干部不吸烟、主动戒烟，主动做控烟宣传者和倡导者；鼓励广大青少年成为学校、家庭控烟监督员，促进无烟学校、无烟家庭建设；要组织专家指导基层医务人员开展戒烟服务，提升基层戒烟服务能力。另外，各地要以元旦、春节“双节”为契机，通过宣传标语、宣传栏、海报、视频、公益宣传等群众喜闻乐见的方式，大力弘扬无烟健康过节文化，倡导过节不吸烟、不敬烟、不送烟，“对二手烟说不”，共度无烟健康佳节。本文来自【人民日报健康客户端】",头条号,法治青白江,2024-01-16 15:01:02,http://www.toutiao.com/w/i7324223107181543986/,未知,戒烟、控烟,正面,未知
202401013898,"我吸了一辈子的烟，现在已经65岁了，有点开始惜命了，于是把烟戒了。但是今天早上刚起床，吓了我一跳，我突然莫名地开始干咳icon然后咳黑痰我都戒烟了为什么还会这样我感觉戒烟之后我整个人精神恍惚每天无精打采的岁以后到底该不该戒烟。
我吸了一辈子的烟，那浓厚的尼古丁味道仿佛已成为我生活的必需品，与我共度了无数个日夜。如今，我已是个65岁的老人，开始有些惜命的感觉，于是决定把烟戒了。然而，今天早上刚起床，我突然感到一阵莫名的干咳，接着咳出了黑色的痰。这让我大吃一惊，戒烟之后为何还会出现这样的状况？我感到精神恍惚，每天无精打采，不禁开始怀疑戒烟的决定是否正确。
在我年轻的时候，抽烟是一种时尚，一种释放压力的方式。我曾以为自己可以掌控烟草，却未曾想到它早已悄悄侵蚀着我的身体。如今，戒烟后的我仿佛失去了灵魂，整天恍恍惚惚，不知道自己该何去何从。我时常怀念那股尼古丁的味道，怀念那种烟雾缭绕的岁月。
可是，为何戒烟之后还会出现咳黑痰的情况呢？我开始关注这个问题，寻求医生的帮助。原来，戒烟后身体需要排出长期积攒在体内的毒素，而咳黑痰正是排毒的表现。这一解释让我恍然大悟，原来这是身体在自我修复、自我调整的过程。
岁以后该不该戒烟？这是一个让许多人困扰的问题。戒烟固然痛苦，但长久的健康才是最重要的。虽然我现在精神状态不太好，但我相信这只是暂时的，只要我坚持下去，终会迎来身体的康复。
尼古丁的诱惑仍然时时刻刻困扰着我，但我知道这是我过去犯下的错。现在，我要勇敢面对，坚定地走在戒烟的道路上。也许过程会漫长而艰辛，但只要我心中有信念，有对健康的渴望，我就能战胜这个恶魔。
于是，我重新拾起了生活的信心。我开始关注健康饮食、适量运动，努力让自己的身体恢复到最佳状态。每一天都是新的开始，我要珍惜每一天，珍惜生命中的每一刻。
回望过去的烟海岁月，我深知戒烟的不易。但我坚信，只要我们勇敢面对，坚定信念，终究会走出阴霾，迎接健康的生活。对于那些仍在吸烟的朋友们，我衷心希望你们能够尽早戒掉烟瘾，为自己和家人的健康负责。而已经戒烟的朋友们，让我们一起坚定信念，继续前行，迎接更美好的未来！",title: 我吸了一辈子的烟，现在已经65岁了，有点开始惜命了，于是把烟戒了。但是今天早上刚起床，吓了我一跳，我突然莫名地开始干咳icon然后咳黑痰我都戒烟了为什么还会这样我感觉戒烟之后我整个人精神恍惚每天无精打采的岁以后到底该不该戒烟。 我吸了一辈子的烟，那浓厚的尼古丁味道仿佛已成为我生活的必需品，与我共度了无数个日夜。如今，我已是个65岁的老人，开始有些惜命的感觉，于是决定把烟戒了。然而，今天早上刚起床，我突然感到一阵莫名的干咳，接着咳出了黑色的痰。这让我大吃一惊，戒烟之后为何还会出现这样的状况？我感到精神恍惚，每天无精打采，不禁开始怀疑戒烟的决定是否正确。 在我年轻的时候，抽烟是一种时尚，一种释放压力的方式。我曾以为自己可以掌控烟草，却未曾想到它早已悄悄侵蚀着我的身体。如今，戒烟后的我仿佛失去了灵魂，整天恍恍惚惚，不知道自己该何去何从。我时常怀念那股尼古丁的味道，怀念那种烟雾缭绕的岁月。 可是，为何戒烟之后还会出现咳黑痰的情况呢？我开始关注这个问题，寻求医生的帮助。原来，戒烟后身体需要排出长期积攒在体内的毒素，而咳黑痰正是排毒的表现。这一解释让我恍然大悟，原来这是身体在自我修复、自我调整的过程。 岁以后该不该戒烟？这是一个让许多人困扰的问题。戒烟固然痛苦，但长久的健康才是最重要的。虽然我现在精神状态不太好，但我相信这只是暂时的，只要我坚持下去，终会迎来身体的康复。 尼古丁的诱惑仍然时时刻刻困扰着我，但我知道这是我过去犯下的错。现在，我要勇敢面对，坚定地走在戒烟的道路上。也许过程会漫长而艰辛，但只要我心中有信念，有对健康的渴望，我就能战胜这个恶魔。 于是，我重新拾起了生活的信心。我开始关注健康饮食、适量运动，努力让自己的身体恢复到最佳状态。每一天都是新的开始，我要珍惜每一天，珍惜生命中的每一刻。 回望过去的烟海岁月，我深知戒烟的不易。但我坚信，只要我们勇敢面对，坚定信念，终究会走出阴霾，迎接健康的生活。对于那些仍在吸烟的朋友们，我衷心希望你们能够尽早戒掉烟瘾，为自己和家人的健康负责。而已经戒烟的朋友们，让我们一起坚定信念，继续前行，迎接更美好的未来！ summary: 但是今天早上刚起床，吓了我一跳，我突然莫名地开始干咳icon然后咳黑痰我都戒烟了为什么还会这样我感觉戒烟之后我整个人精神恍惚每天无精打采的岁以后到底该不该戒烟。原来，戒烟后身体需要排出长期积攒在体内的毒素，而咳黑痰正是排毒的表现。而已经戒烟的朋友们，让我们一起坚定信念，继续前行，迎接更美好的未来！ content: 我吸了一辈子的烟，现在已经65岁了，有点开始惜命了，于是把烟戒了。但是今天早上刚起床，吓了我一跳，我突然莫名地开始干咳icon然后咳黑痰我都戒烟了为什么还会这样我感觉戒烟之后我整个人精神恍惚每天无精打采的岁以后到底该不该戒烟。 我吸了一辈子的烟，那浓厚的尼古丁味道仿佛已成为我生活的必需品，与我共度了无数个日夜。如今，我已是个65岁的老人，开始有些惜命的感觉，于是决定把烟戒了。然而，今天早上刚起床，我突然感到一阵莫名的干咳，接着咳出了黑色的痰。这让我大吃一惊，戒烟之后为何还会出现这样的状况？我感到精神恍惚，每天无精打采，不禁开始怀疑戒烟的决定是否正确。 在我年轻的时候，抽烟是一种时尚，一种释放压力的方式。我曾以为自己可以掌控烟草，却未曾想到它早已悄悄侵蚀着我的身体。如今，戒烟后的我仿佛失去了灵魂，整天恍恍惚惚，不知道自己该何去何从。我时常怀念那股尼古丁的味道，怀念那种烟雾缭绕的岁月。 可是，为何戒烟之后还会出现咳黑痰的情况呢？我开始关注这个问题，寻求医生的帮助。原来，戒烟后身体需要排出长期积攒在体内的毒素，而咳黑痰正是排毒的表现。这一解释让我恍然大悟，原来这是身体在自我修复、自我调整的过程。 岁以后该不该戒烟？这是一个让许多人困扰的问题。戒烟固然痛苦，但长久的健康才是最重要的。虽然我现在精神状态不太好，但我相信这只是暂时的，只要我坚持下去，终会迎来身体的康复。 尼古丁的诱惑仍然时时刻刻困扰着我，但我知道这是我过去犯下的错。现在，我要勇敢面对，坚定地走在戒烟的道路上。也许过程会漫长而艰辛，但只要我心中有信念，有对健康的渴望，我就能战胜这个恶魔。 于是，我重新拾起了生活的信心。我开始关注健康饮食、适量运动，努力让自己的身体恢复到最佳状态。每一天都是新的开始，我要珍惜每一天，珍惜生命中的每一刻。 回望过去的烟海岁月，我深知戒烟的不易。但我坚信，只要我们勇敢面对，坚定信念，终究会走出阴霾，迎接健康的生活。对于那些仍在吸烟的朋友们，我衷心希望你们能够尽早戒掉烟瘾，为自己和家人的健康负责。而已经戒烟的朋友们，让我们一起坚定信念，继续前行，迎接更美好的未来！,微头条,豁达海浪ryZ,2024-01-16 13:02:19,http://www.toutiao.com/w/i1788218179264592/,未知,戒烟、控烟,正面,未知
202401013912,桑植行政中心:控烟文明劝导、共建美好家园,"title: 桑植行政中心:控烟文明劝导、共建美好家园 summary: 桑植行政中心:控烟文明劝导、共建美好家园为倡导绿色健康的工作、生活方式，减少烟草对职工健康的危害。1月15日-16日，桑植县行政中心持续开展劝烟行动，传播无烟理念，共建清新环境。通过此次活动，进一步提高干部职工对烟草危害的认识，为创建无烟办公、创建和谐文明、健康的生活环境营造了良好氛围。 content: (通讯员：张延斌)为倡导绿色健康的工作、生活方式，减少烟草对职工健康的危害。1月15日-16日，桑植县行政中心持续开展劝烟行动，传播无烟理念，共建清新环境。""""""桑植县机关事务服务中心首先在302会议室召开干部职工动员部署会，成立“无烟单位”创建活动工作小组，全面负责县行政中心无烟工作的组织实施安排。其次干部职工带领行政大楼保安、物业人员变身“禁烟劝导员”，积极参与禁烟劝导工作，前往行政大楼、政务中心、过道、绿化带及停车场等地捡拾烟头，劝导吸烟人员。同时，讲解了烟草所含的有害物质、吸烟引起的危害相关等方面的内容，还加强宣传引领，呼吁大家不要在办公室、公共场所、交通工具内吸烟，不制造“二手烟”，自觉遵守，相互监督。通过此次活动，进一步提高干部职工对烟草危害的认识，为创建无烟办公、创建和谐文明、健康的生活环境营造了良好氛围。",头条号,梦启航,2024-01-16 12:06:59,http://www.toutiao.com/w/i7324541901544456738/,未知,控烟,正面,未知
202401013954,香烟市场或将迎来“大调整”，3.5亿烟民该怎么办？老烟民早了解,"title: 香烟市场或将迎来“大调整”，3.5亿烟民该怎么办？老烟民早了解 summary: 香烟市场或将迎来大调整，3.5亿烟民该怎么办？老烟民早了解#营养养生很重要#全球范围内，大约有10亿的吸烟者，而中国就占据了惊人的3.5亿。吸烟的危害是多方面的，它不仅对吸烟者本人的身体健康造成负面影响，还会对周围的人产生二手烟的危害。 content: #营养养生很重要#全球范围内，大约有10亿的吸烟者，而中国就占据了惊人的3.5亿。令人震惊的是，这其中的80%来自那些低收入和中等偏低收入的国家。吸烟，这一普遍存在的公共卫生问题，如同一只潜伏在暗处的猛兽，与多种健康问题紧密相连，如呼吸道疾病、心脑血管疾病甚至是癌症等。""为了抵御这一全球性的健康威胁，各国和各类组织都在积极行动，推动控烟政策的实施，提高公众对吸烟危害的认识，并努力帮助烟民戒掉这个坏习惯。通过这些措施，我们有望减少吸烟对身体的损害，从而保护更多人的健康。吸烟有什么害处？吸烟的危害是多方面的，它不仅对吸烟者本人的身体健康造成负面影响，还会对周围的人产生二手烟的危害。烟草中含有大量的有害物质，如尼古丁、焦油和一氧化碳等，这些物质对人体健康的影响是长期的、复杂的。损伤呼吸系统烟草中的有害物质会对气管、支气管和肺部造成刺激和损伤，导致慢性支气管炎、肺气肿和肺癌等疾病的发生。吸烟者的呼吸道抵抗力较低，容易感染病毒和细菌，从而增加患感冒、流感和其他呼吸道疾病的风险。""损伤心血管系统吸烟还会对心血管系统产生负面影响。烟草中的尼古丁和其他有害物质会导致血管收缩和血压升高，增加患心脏病和脑卒中的风险。长期吸烟还会加速动脉粥样硬化的进程，使心脏和血管的负担加重，进一步增加患心血管疾病的风险。降低免疫力它会影响人体的免疫系统，降低抵抗力，使人体更容易受到病毒和细菌的侵害。吸烟还会对消化系统产生不良影响，增加患胃溃疡和慢性胃炎等胃部疾病的风险。""二手烟的危害除了对吸烟者本人的危害之外，吸烟还会对周围的人造成二手烟的危害。二手烟中含有与吸烟者吸入的烟雾同样多的有害物质，对被动吸烟者的健康造成潜在的威胁。特别是对于儿童和孕妇来说，长期处于二手烟的环境中会对他们的身体健康造成严重的影响。""综上所述，吸烟的危害是多方面的，它不仅对吸烟者本人的身体健康造成负面影响，还会对周围的人产生二手烟的危害。因此，我们应该坚决抵制吸烟行为，保护自己和他人的健康。为什么吸烟有瘾性？为什么吸烟会上瘾呢？这是由于烟草中含有尼古丁这种物质。尼古丁会使大脑释放出多巴胺，这是一种神经递质，可以让人感到愉悦和兴奋。随着时间的推移，大脑会对尼古丁产生依赖，导致吸烟者需要不断吸烟来维持这种愉悦感。此外，吸烟还与心理因素有关。一些人可能因为压力、焦虑、抑郁等原因开始吸烟，而吸烟则成为了一种缓解这些负面情绪的方式。""吸烟的危害是非常严重的。长期吸烟会增加患肺癌、心血管疾病等疾病的风险，对身体健康造成极大的威胁。此外，吸烟还会对周围的人造成二手烟的危害，对家人的健康也会造成影响。因此，我们应该积极宣传吸烟的危害，鼓励吸烟者戒烟，并采取有效的措施来减少烟草对人类的危害。为了帮助吸烟者戒烟，可以使用尼古丁替代疗法、药物治疗、心理辅导等多种方法。这些方法可以帮助吸烟者逐渐减少对尼古丁的依赖，从而逐渐戒烟。此外，政府和社会也应该加强对烟草的控制和监管，限制烟草广告和销售渠道，提高烟草税等措施也可以有效地减少烟草的使用和危害。总之，吸烟是一种非常危险的行为，我们应该采取有效的措施来预防和控制吸烟的危害。对于吸烟者来说，戒烟是一种非常有益的选择，可以减少患病的危险，提高生活质量。""香烟市场或将迎来“大调整”，3.5亿烟民该怎么办？老烟民早了解随着社会对健康问题的日益关注，香烟市场可能会面临一场前所未有的“大调整”。这一趋势对3.5亿烟民来说，无疑是一个巨大的挑战。那么，面对可能的市场变革，这些烟民应该如何应对呢？首先，对于烟民来说，了解香烟对健康的危害是至关重要的。随着医学研究的深入，越来越多的证据表明吸烟会增加患癌症、心血管疾病等严重疾病的风险。因此，烟民们需要充分认识到吸烟的危害，并下定决心戒烟或减少吸烟量。其次，如果烟民们难以戒掉烟瘾，可以寻求专业帮助。现在市面上有许多戒烟产品和服务，如尼古丁替代品、戒烟课程等。这些产品和服务可以帮助烟民逐渐减少对香烟的依赖，最终成功戒烟。""此外，对于那些还未成为烟民的人，应该坚决拒绝吸烟。青少年和年轻人应该树立正确的价值观和健康观念，远离烟草的诱惑。同时，社会各界也应该加强对吸烟危害的宣传和教育，提高公众对吸烟危害的认识，共同营造一个无烟环境。总之，面对香烟市场的“大调整”，烟民们应该采取积极措施应对。无论是戒烟还是减少吸烟量，都应该努力保护自己的健康。同时，全社会也应该共同努力，加强对吸烟危害的宣传和教育，共同营造一个无烟环境。""延伸阅读：二手烟比一手烟更容易致癌？近年来，关于二手烟和一手烟对健康的危害引起了广泛关注。有观点认为，吸食二手烟可能比直接吸烟对健康的危害更大。那么，这种说法是否具有科学依据呢？首先，我们需要了解二手烟的形成。当烟草燃烧时，烟雾中包含了数百种有毒物质和致癌物质。当吸烟者吸入这些烟雾时，这些物质会进入他们的肺部并被吸收到血液中。当吸烟者呼出烟雾时，这些有害物质会释放到空气中，被周围的人吸入。""与吸烟者直接吸入烟雾相比，吸食二手烟的人摄入的有害物质虽然较少，但长期暴露在二手烟的环境中，其危害不容忽视。研究显示，长期吸食二手烟会增加患肺癌、心血管疾病等疾病的风险。此外，二手烟对儿童的危害尤为严重。儿童的呼吸系统更为脆弱，且正处于生长发育的关键时期。长期暴露在二手烟的环境中，可能会影响儿童的肺部发育和免疫系统功能。那么，如何降低二手烟对健康的危害呢？首先，吸烟者应该尽快戒烟，这是减少二手烟危害的最根本方法。""其次，在公共场所和工作场所禁止吸烟是减少二手烟暴露的有效措施。此外，加强宣传和教育，提高公众对二手烟危害的认识也是必要的。综上所述，虽然二手烟的危害相对于一手烟较小，但其长期暴露仍然会对健康造成严重威胁。因此，我们应该重视二手烟的危害，采取有效措施减少其暴露，保护自己和他人的健康。对此你还有什么想说的？欢迎下方留言评论。",百家号,赵安老师讲科普,2024-01-16 11:06:37,http://baijiahao.baidu.com/s?id=1788214664165862643,未知,控烟、戒烟,正面,未知
202401013961,无所谓，我会每天学习烟草知识直到考试,title: 无所谓，我会每天学习烟草知识直到考试 summary: 无所谓，我会每天学习烟草知识直到考试。提升五个形象即全m提升行业深化改g的形象，全m提升行业科学发展的形象，全m提升行业控烟履约的形象，全m提升行业规范管理的形象，全m提升行业干bu队伍的形象。取之不尽用之不竭啊#烟草#烟草考试#烟草系统#烟草招聘#烟草备考#找工作#应届生#中国烟草。 content: 1、1982年1月1日，中国烟草总公司正式成立，对烟草行业实行产供销、人财物的集中统一管理 2、1984年1月，轻工业部烟草专卖Ju更名为国 家烟草专卖ju，与中国烟草总公司一套机构，两块牌子 3、1983年，国 w院颁布《烟草专卖条例》，标志着我国正式简历烟草专卖制度 4、1991年《烟草专 卖法》通过，在1992年正式实施，把烟草专 卖制度用国 家立 法的形式确定下来，我过烟草行业从此走上了依法治烟的轨道 5、“三大课题”即谋划改ge的红利在哪里，发展的潜力在哪里，追赶的目标在哪里 6、提升“五个形象”即全m提升行业深化改g的形象，全m提升行业科学发展的形象，全m提升行业控烟履约的形象，全m提升行业规范管理的形象，全m提升行业干bu 队伍的形象 7、《烟草专 卖法》规定，烟草制品是卷烟、雪茄烟、烟丝、复烤烟叶 8、《烟草专 卖法》规定，中小学禁止吸烟 9、《烟草专 卖法》的解释权属于全国r大常w会 10、对烟草专 卖行 政主管部门做出的行 政处罚决 定有权进行复议的机 关是上一 级烟草专 卖行 政主管部门或当地r民z府 11、我国现行卷烟零售价g政c是零售价全部放开 ... 烟草知识真的好多，我都是从王雪松烟草的专业知识部分抄来的...取之不尽用之不竭啊 #烟草 #烟草考试 #烟草系统 #烟草招聘 #烟草备考 #找工作 #应届生 #中国烟草,小红书,州,2024-01-16 10:24:00,http://www.xiaohongshu.com/discovery/item/65a5e8d7000000001200b098,未知,控烟,中性,未知
202401013968,"2007年的一幕发生在成都市某高校宿舍的楼道上。在这个照片中，我们看到了一名姑娘，她是学校学生会的控烟劝导员，她正躺在休息。这位来自重庆市城口县的姑娘，怀着进入学生会锻炼自己的期望，成为了学校的控烟劝导员。她每周都会在学校里进行控烟劝导工作。
重庆妹儿优美的容颜，窈窕的身姿，戴着眼镜显得斯斯文文，给人一种特别的感觉。这张照片凸显出一份青春活力和专注的美丽。也许她是在享受片刻的休憩，也许她正在思索着下一步的工作，或者是在回味自己为学生的服务而产生的成就感。
照片所传达的信息，不仅仅是一名青年志愿者的休憩瞬间，更是这个年代青年人的热情和奉献精神的体现。控烟劝导员是青年志愿者中的一员，用自己的实际行动为校园的健康环境贡献力量。这是一份小小的责任，却是对社会的关爱和服务。在她的眼中，我们或许能看到更多对未来的美好憧憬和青春的活力。
重庆妹儿的形象，代表着新时代大学生的风采，她的坚持和付出，值得我们赞美和鼓励。这副照片，凝固着一份美好和奉献，为我们勾勒出了一幅青春与志愿服务交织的画卷。","title: 2007年的一幕发生在成都市某高校宿舍的楼道上。在这个照片中，我们看到了一名姑娘，她是学校学生会的控烟劝导员，她正躺在休息。这位来自重庆市城口县的姑娘，怀着进入学生会锻炼自己的期望，成为了学校的控烟劝导员。她每周都会在学校里进行控烟劝导工作。 重庆妹儿优美的容颜，窈窕的身姿，戴着眼镜显得斯斯文文，给人一种特别的感觉。这张照片凸显出一份青春活力和专注的美丽。也许她是在享受片刻的休憩，也许她正在思索着下一步的工作，或者是在回味自己为学生的服务而产生的成就感。 照片所传达的信息，不仅仅是一名青年志愿者的休憩瞬间，更是这个年代青年人的热情和奉献精神的体现。控烟劝导员是青年志愿者中的一员，用自己的实际行动为校园的健康环境贡献力量。这是一份小小的责任，却是对社会的关爱和服务。在她的眼中，我们或许能看到更多对未来的美好憧憬和青春的活力。 重庆妹儿的形象，代表着新时代大学生的风采，她的坚持和付出，值得我们赞美和鼓励。这副照片，凝固着一份美好和奉献，为我们勾勒出了一幅青春与志愿服务交织的画卷。 summary: 2007年的一幕发生在成都市某高校宿舍的楼道上。在这个照片中，我们看到了一名姑娘，她是学校学生会的控烟劝导员，她正躺在休息。这位来自重庆市城口县的姑娘，怀着进入学生会锻炼自己的期望，成为了学校的控烟劝导员。这副照片，凝固着一份美好和奉献，为我们勾勒出了一幅青春与志愿服务交织的画卷。 content: 2007年的一幕发生在成都市某高校宿舍的楼道上。在这个照片中，我们看到了一名姑娘，她是学校学生会的控烟劝导员，她正躺在休息。这位来自重庆市城口县的姑娘，怀着进入学生会锻炼自己的期望，成为了学校的控烟劝导员。她每周都会在学校里进行控烟劝导工作。 重庆妹儿优美的容颜，窈窕的身姿，戴着眼镜显得斯斯文文，给人一种特别的感觉。这张照片凸显出一份青春活力和专注的美丽。也许她是在享受片刻的休憩，也许她正在思索着下一步的工作，或者是在回味自己为学生的服务而产生的成就感。 照片所传达的信息，不仅仅是一名青年志愿者的休憩瞬间，更是这个年代青年人的热情和奉献精神的体现。控烟劝导员是青年志愿者中的一员，用自己的实际行动为校园的健康环境贡献力量。这是一份小小的责任，却是对社会的关爱和服务。在她的眼中，我们或许能看到更多对未来的美好憧憬和青春的活力。 重庆妹儿的形象，代表着新时代大学生的风采，她的坚持和付出，值得我们赞美和鼓励。这副照片，凝固着一份美好和奉献，为我们勾勒出了一幅青春与志愿服务交织的画卷。 """,微头条,九理米的雾,2024-01-16 09:30:02,http://www.toutiao.com/w/i1788194894255107/,未知,控烟,正面,未知
202401013991,正阳社区开展禁烟控烟&lt;span style=color: #F76435;宣传活动&lt;/span,"title: 正阳社区开展禁烟控烟&lt;span style=color: #F76435;宣传活动&lt;/span summary: 近日，正阳社区开展禁烟控烟健康宣讲活动，向辖区居民宣传吸烟及二手烟的危害、戒烟的好处等，呼吁大家不要在室内、公共场所、工作场所和交通工具内吸烟，共同营造无烟环境。 content: 近日，正阳社区开展禁烟控烟健康宣讲活动，向辖区居民宣传吸烟及二手烟的危害、戒烟的好处等，呼吁大家不要在室内、公共场所、工作场所和交通工具内吸烟，共同营造无烟环境。 """,人民号,延吉新闻网,2024-01-16 09:17:36,http://rmh.pdnews.cn/Pc/ArtInfoApi/article?id=39547842,未知,控烟、戒烟,正面,未知
202401013998,&lt;span style=color: #F76435;临沭县&lt;/span郑山街道创建健康社区 提高居民健康水平,"title: &lt;span style=color: #F76435;临沭县&lt;/span郑山街道创建健康社区 提高居民健康水平 summary: 丰富主题活动，每年在辖区内举办3次集体活动，进行健康知识竞赛、戒烟竞赛、体育活动等，开展健康小屋、健康加油站、健康一条街等具有特色的健康教育活动，大家在欢乐的氛围中，既锻炼了身体，又促进了邻里关系，真正形成了和谐社区一家亲的良好氛围。 content: 今年以来，临沭县郑山街道高度重视健康社区创建工作，以保障和促进老百姓的健康为宗旨，不断改善社区卫生环境、建立健全健康教育服务体系，切实提高了居民生活质量和健康水平，有力促进了社区“人与人、人与自然、人与社会”的和谐发展。街道专门成立了健康社区工作领导小组，制定切实可行的工作方案，明确职责分工，每季度召开工作例会，讨论社区主要健康问题，提出具体应对措施；完善规章制度，将健康促进社区创建纳入社区发展规划，制定了如环境卫生制度、公共场所无烟制度、预防控制重大疾病和突发公共卫生事件制度、困难家庭健康帮扶措施等系列制度；设专人负责健康社区工作，定期接受健康促进培训、定期总结，充分引导社区卫生服务站、城管工作站、物业公司等共建单位参与创建，邀请专业人员到社区进行指导和培训，有力保障了创建工作的顺利开展；营造浓厚的创建氛围，采取召开社区居民大会、倡议书入户、签订承诺书、设立户外公共牌等形式，宣传健康社区创建的重要性和必要性，倡导辖区各居民家庭积极参与健康社区建设。落实公共场所无烟方面，在社区主要建筑物入口处、楼梯、走道、会议室等场所张贴禁烟标识、禁烟宣传，利用宣传橱窗、宣传栏等阵地对居民开展潜移默化的控烟教育；设置控烟监督员，定期和不定期进行监督巡查、劝烟，并进行记录；完善控烟制度，严格要求居民遵守相关条例，不在公共场所和工作场所吸烟，不在他人面前吸烟，坚决抵制敬烟。改善社区自然环境方面，对辖区内垃圾箱进行清点，明确垃圾桶数量及位置分布，确保垃圾箱整洁，无垃圾零散堆放现象；在社区各居民小组设置灭鼠点多处，坚持每年投放两次；进行楼栋外装喷涂、楼内粉刷清理、绿化增补建设、夜间景观灯亮化等环境改造，党员志愿者义务清除社区内的乱堆放、乱张贴、乱搭乱挂等现象，提升社区卫生水平，获得居民好评和认可。丰富社区人文环境方面，规划建设了高标准文化大院、乡村舞台、京剧文化馆等，设置篮球架、单杠、双杠、吊环、秋千、揉推器、乒乓球桌等健身设施。每逢夜晚和节假日，村民们便自发聚集到文化广场唱戏、扭秧歌、跳广场舞、进行体育运动，既锻炼了身体，又丰富了精神文化生活。同时，社区结合健康创建活动，更加重视居民的思想精神健康，定期进行“美在农家”“最美家庭”“好婆婆”“好媳妇”评选活动，选择母亲节、父亲节、国庆节、重阳节举办孝善讲座、孝善文艺汇演、爱心饺子宴、为老人洗脚等活动，传承孝善美德和优秀家风家训，提升村民思想道德素质和社会文明程度。社区通过宣传栏、微信群、居民QQ群、广播喇叭等适时推送健康基本常识，在乡村超市、农贸市场等人流聚集的场所通过电子屏幕、发放宣传资料等扩大健康知识宣传。万人大社区、新埠社区和金堂街配合街道卫生院开展健康素养问卷调查，宣传健康知识，了解居民健康需求。今年以来共完成9期健康教育宣传栏的更新，组织医护人员进社区开展防治高血压、心脑血管疾病、结核病、乳腺癌等为内容的健康讲座4次，向社区居民发放各种健康教育宣传资料12种、500余份，并对70岁以上的老人开展心理疏导，引导居民养成健康乐观的生活方式。社区卫生室牢牢把握“健康保姆”工程推进情况，对辖区重点人群和慢病人员进行随访跟踪，为居民家庭建立健康档案。利用“爱眼日”“爱耳日”等对社区内特殊人群、孤寡老人、残疾人等弱势群体开展义诊关爱行动，送去关心和祝福；丰富主题活动，每年在辖区内举办3次集体活动，进行健康知识竞赛、戒烟竞赛、体育活动等，开展健康小屋、健康加油站、健康一条街等具有特色的健康教育活动，大家在欢乐的氛围中，既锻炼了身体，又促进了邻里关系，真正形成了“和谐社区一家亲”的良好氛围。""",人民号,临沭融媒,2024-01-16 08:53:18,http://rmh.pdnews.cn/Pc/ArtInfoApi/article?id=39556058,未知,控烟、戒烟,中性,未知
202401014012,"中国各省吸烟率排行榜

根据提供的信息，中国各省的吸烟率存在较大差异。以下是部分省份的吸烟率排名：

云南省以35.7%的吸烟率位居全国之首，这与其当地的烟叶产业有关，拥有多家知名的卷烟厂。
贵州省紧随其后，吸烟率为32.8%，与云南省相差不大。
湖南省的吸烟率为31.9%，同样是一个较高的比例。
青海省和山西省的吸烟率分别达到31.7%和30.5%，这两个省份的吸烟率也比较高。
内蒙古自治区的吸烟率约为35%，位列全国首位。
上海市的吸烟率最低，为17.8%，显示出该市的控烟措施取得了一定成效。
需要注意的是，吸烟率的统计可能会受到多种因素的影响，如经济发展水平、文化习惯、公共卫生政策和宣传教育等。因此，不同地区的吸烟率可能会有显著差异。#中国烟草”、“#","title: 中国各省吸烟率排行榜 根据提供的信息，中国各省的吸烟率存在较大差异。以下是部分省份的吸烟率排名： 云南省以35.7%的吸烟率位居全国之首，这与其当地的烟叶产业有关，拥有多家知名的卷烟厂。 贵州省紧随其后，吸烟率为32.8%，与云南省相差不大。 湖南省的吸烟率为31.9%，同样是一个较高的比例。 青海省和山西省的吸烟率分别达到31.7%和30.5%，这两个省份的吸烟率也比较高。 内蒙古自治区的吸烟率约为35%，位列全国首位。 上海市的吸烟率最低，为17.8%，显示出该市的控烟措施取得了一定成效。 需要注意的是，吸烟率的统计可能会受到多种因素的影响，如经济发展水平、文化习惯、公共卫生政策和宣传教育等。因此，不同地区的吸烟率可能会有显著差异。#中国烟草”、“# summary: 根据提供的信息，中国各省的吸烟率存在较大差异。以下是部分省份的吸烟率排名：云南省以35.7%的吸烟率位居全国之首，这与其当地的烟叶产业有关，拥有多家知名的卷烟厂。青海省和山西省的吸烟率分别达到31.7%和30.5%，这两个省份的吸烟率也比较高。 content: 中国各省吸烟率排行榜 根据提供的信息，中国各省的吸烟率存在较大差异。以下是部分省份的吸烟率排名： 云南省以35.7%的吸烟率位居全国之首，这与其当地的烟叶产业有关，拥有多家知名的卷烟厂。 贵州省紧随其后，吸烟率为32.8%，与云南省相差不大。 湖南省的吸烟率为31.9%，同样是一个较高的比例。 青海省和山西省的吸烟率分别达到31.7%和30.5%，这两个省份的吸烟率也比较高。 内蒙古自治区的吸烟率约为35%，位列全国首位。 上海市的吸烟率最低，为17.8%，显示出该市的控烟措施取得了一定成效。 需要注意的是，吸烟率的统计可能会受到多种因素的影响，如经济发展水平、文化习惯、公共卫生政策和宣传教育等。因此，不同地区的吸烟率可能会有显著差异。#中国烟草”、“# """,微头条,钞钞,2024-01-16 08:19:40,http://www.toutiao.com/w/i1788204160631817/,未知,控烟,正面,未知
202401014026,"如果全体人民都戒烟了，你有考虑过可能产生的后果吗？想必专家们会率先提出——不算账你可能不了解，一算账可能吓一跳。以2亿烟民为例，不计算其他方面的成本，按每人年均烟草消费4000元计算，全年总支出达到8千亿！如果以每人年均5000元的烟草消费计算，支出将高达1万亿元。这组数字属于非常保守的估算。对于那些长期烟民而言，他们的贡献依然不可忽视

然而，尽管烟草消费对于经济的贡献不可忽视，但是我们也不能忽视烟草对于人类健康的危害。烟草中含有大量的有害物质，如尼古丁、一氧化碳、苯等，这些物质会对人体造成严重的危害，导致各种疾病的发生，如肺癌、心脏病、中风等。

如果全体人民都戒烟了，那么我们将会迎来一个更加健康的社会。人们的身体健康将会得到更好的保障，医疗资源也将会得到更好的利用。同时，由于烟草消费的减少，环境污染也将会得到改善，这对于生态环境的保护也是非常有益的。

当然，对于那些长期烟民而言，戒烟并不是一件容易的事情。他们需要付出更多的努力和耐心，才能够戒掉烟瘾。因此，我们需要加强对于戒烟的宣传和教育，让更多的人了解到烟草对于健康的危害，以及戒烟的重要性。

同时，我们也需要加强对于烟草消费的管理和控制。政府可以通过加大对于烟草生产和销售的监管力度，限制烟草的广告宣传，提高烟草税收等方式，来减少烟草消费的规模，从而达到保护人民健康的目的。

总之，戒烟对于人类健康和环境保护都是非常有益的。虽然烟草消费对于经济的贡献不可忽视，但是我们也不能以牺牲健康为代价来追求经济利益。我们应该加强对于戒烟的宣传和教育，同时加强对于烟草消费的管理和控制，让更多的人能够享受到健康的生活。#你考虑过戒烟吗# #戒烟真的难吗？# #一包烟的利息# #控烟目标# #你是否已经戒烟# #吸烟的真相揭秘# #戒烟有多难呢# #你准备戒烟了吗# #你已戒烟了吗# #烟草的营养#",title: 如果全体人民都戒烟了，你有考虑过可能产生的后果吗？想必专家们会率先提出——不算账你可能不了解，一算账可能吓一跳。以2亿烟民为例，不计算其他方面的成本，按每人年均烟草消费4000元计算，全年总支出达到8千亿！如果以每人年均5000元的烟草消费计算，支出将高达1万亿元。这组数字属于非常保守的估算。对于那些长期烟民而言，他们的贡献依然不可忽视 然而，尽管烟草消费对于经济的贡献不可忽视，但是我们也不能忽视烟草对于人类健康的危害。烟草中含有大量的有害物质，如尼古丁、一氧化碳、苯等，这些物质会对人体造成严重的危害，导致各种疾病的发生，如肺癌、心脏病、中风等。 如果全体人民都戒烟了，那么我们将会迎来一个更加健康的社会。人们的身体健康将会得到更好的保障，医疗资源也将会得到更好的利用。同时，由于烟草消费的减少，环境污染也将会得到改善，这对于生态环境的保护也是非常有益的。 当然，对于那些长期烟民而言，戒烟并不是一件容易的事情。他们需要付出更多的努力和耐心，才能够戒掉烟瘾。因此，我们需要加强对于戒烟的宣传和教育，让更多的人了解到烟草对于健康的危害，以及戒烟的重要性。 同时，我们也需要加强对于烟草消费的管理和控制。政府可以通过加大对于烟草生产和销售的监管力度，限制烟草的广告宣传，提高烟草税收等方式，来减少烟草消费的规模，从而达到保护人民健康的目的。 总之，戒烟对于人类健康和环境保护都是非常有益的。虽然烟草消费对于经济的贡献不可忽视，但是我们也不能以牺牲健康为代价来追求经济利益。我们应该加强对于戒烟的宣传和教育，同时加强对于烟草消费的管理和控制，让更多的人能够享受到健康的生活。#你考虑过戒烟吗# #戒烟真的难吗？# #一包烟的利息# #控烟目标# #你是否已经戒烟# #吸烟的真相揭秘# #戒烟有多难呢# #你准备戒烟了吗# #你已戒烟了吗# #烟草的营养# summary: 如果全体人民都戒烟了，你有考虑过可能产生的后果吗？以2亿烟民为例，不计算其他方面的成本，按每人年均烟草消费4000元计算，全年总支出达到8千亿！##一包烟的利息##控烟目标##你是否已经戒烟##吸烟的真相揭秘##戒烟有多难呢##你准备戒烟了吗##你已戒烟了吗##烟草的营养#. content: 如果全体人民都戒烟了，你有考虑过可能产生的后果吗？想必专家们会率先提出——不算账你可能不了解，一算账可能吓一跳。以2亿烟民为例，不计算其他方面的成本，按每人年均烟草消费4000元计算，全年总支出达到8千亿！如果以每人年均5000元的烟草消费计算，支出将高达1万亿元。这组数字属于非常保守的估算。对于那些长期烟民而言，他们的贡献依然不可忽视 然而，尽管烟草消费对于经济的贡献不可忽视，但是我们也不能忽视烟草对于人类健康的危害。烟草中含有大量的有害物质，如尼古丁、一氧化碳、苯等，这些物质会对人体造成严重的危害，导致各种疾病的发生，如肺癌、心脏病、中风等。 如果全体人民都戒烟了，那么我们将会迎来一个更加健康的社会。人们的身体健康将会得到更好的保障，医疗资源也将会得到更好的利用。同时，由于烟草消费的减少，环境污染也将会得到改善，这对于生态环境的保护也是非常有益的。 当然，对于那些长期烟民而言，戒烟并不是一件容易的事情。他们需要付出更多的努力和耐心，才能够戒掉烟瘾。因此，我们需要加强对于戒烟的宣传和教育，让更多的人了解到烟草对于健康的危害，以及戒烟的重要性。 同时，我们也需要加强对于烟草消费的管理和控制。政府可以通过加大对于烟草生产和销售的监管力度，限制烟草的广告宣传，提高烟草税收等方式，来减少烟草消费的规模，从而达到保护人民健康的目的。 总之，戒烟对于人类健康和环境保护都是非常有益的。虽然烟草消费对于经济的贡献不可忽视，但是我们也不能以牺牲健康为代价来追求经济利益。我们应该加强对于戒烟的宣传和教育，同时加强对于烟草消费的管理和控制，让更多的人能够享受到健康的生活。#你考虑过戒烟吗# #戒烟真的难吗？# #一包烟的利息# #控烟目标# #你是否已经戒烟# #吸烟的真相揭秘# #戒烟有多难呢# #你准备戒烟了吗# #你已戒烟了吗# #烟草的营养#,微头条,体味情感,2024-01-16 07:41:23,http://www.toutiao.com/w/i1788201751803916/,未知,戒烟、控烟,正面,未知
202401014033,"这幅照片摄于2007年，地点是成都市一所高校的宿舍楼道。照片中展现了一位来自重庆市城口县的学生会控烟劝导员在休息时的情景。这名姑娘经过努力考上大学后，怀着渴望成为学生会一员并锻炼自己的憧憬，最终成为了学校的控烟劝导员。每周她会在校园内进行控烟劝导工作。
重庆妹儿的美丽令人惊艳。她身材窈窕，戴着眼镜显得文雅端庄，给人一种独特的感觉。她以自己的行动为校园创造了一个无烟的环境，为学生们树立了榜样，提供了健康的生活空间。她的努力和奉献精神值得我们敬佩和学习，她是校园中的一股清流，为身边的每个人带来了正能量与榜样力量。
提及重庆妹儿的故事，不仅是对她的赞扬，更是对她所代表的一种精神的讴歌。她的坚持和努力无疑为学校的控烟工作注入了生命力，也塑造了一种积极向上的校园氛围。愿更多的人受到她的感染，在自己的领域里，用行动去创造美好和积极的影响。#重庆身边的事# #晒晒重庆旧照片# #见证重庆变迁# #重庆身边事情# #实拍重庆# #晒晒重庆老照片#","title: 这幅照片摄于2007年，地点是成都市一所高校的宿舍楼道。照片中展现了一位来自重庆市城口县的学生会控烟劝导员在休息时的情景。这名姑娘经过努力考上大学后，怀着渴望成为学生会一员并锻炼自己的憧憬，最终成为了学校的控烟劝导员。每周她会在校园内进行控烟劝导工作。 重庆妹儿的美丽令人惊艳。她身材窈窕，戴着眼镜显得文雅端庄，给人一种独特的感觉。她以自己的行动为校园创造了一个无烟的环境，为学生们树立了榜样，提供了健康的生活空间。她的努力和奉献精神值得我们敬佩和学习，她是校园中的一股清流，为身边的每个人带来了正能量与榜样力量。 提及重庆妹儿的故事，不仅是对她的赞扬，更是对她所代表的一种精神的讴歌。她的坚持和努力无疑为学校的控烟工作注入了生命力，也塑造了一种积极向上的校园氛围。愿更多的人受到她的感染，在自己的领域里，用行动去创造美好和积极的影响。#重庆身边的事# #晒晒重庆旧照片# #见证重庆变迁# #重庆身边事情# #实拍重庆# #晒晒重庆老照片# summary: 这幅照片摄于2007年，地点是成都市一所高校的宿舍楼道。照片中展现了一位来自重庆市城口县的学生会控烟劝导员在休息时的情景。这名姑娘经过努力考上大学后，怀着渴望成为学生会一员并锻炼自己的憧憬，最终成为了学校的控烟劝导员。#重庆身边的事##晒晒重庆旧照片##见证重庆变迁##重庆身边事情##实拍重庆##晒晒重庆老照片#. content: 这幅照片摄于2007年，地点是成都市一所高校的宿舍楼道。照片中展现了一位来自重庆市城口县的学生会控烟劝导员在休息时的情景。这名姑娘经过努力考上大学后，怀着渴望成为学生会一员并锻炼自己的憧憬，最终成为了学校的控烟劝导员。每周她会在校园内进行控烟劝导工作。 重庆妹儿的美丽令人惊艳。她身材窈窕，戴着眼镜显得文雅端庄，给人一种独特的感觉。她以自己的行动为校园创造了一个无烟的环境，为学生们树立了榜样，提供了健康的生活空间。她的努力和奉献精神值得我们敬佩和学习，她是校园中的一股清流，为身边的每个人带来了正能量与榜样力量。 提及重庆妹儿的故事，不仅是对她的赞扬，更是对她所代表的一种精神的讴歌。她的坚持和努力无疑为学校的控烟工作注入了生命力，也塑造了一种积极向上的校园氛围。愿更多的人受到她的感染，在自己的领域里，用行动去创造美好和积极的影响。#重庆身边的事# #晒晒重庆旧照片# #见证重庆变迁# #重庆身边事情# #实拍重庆# #晒晒重庆老照片# """,微头条,智勇双全冰淇淋uC,2024-01-16 07:21:48,http://www.toutiao.com/w/i1788182984594435/,未知,控烟,正面,未知
202401014040,“为了公司好，却反被开除？”这是一个关于职场公平的故事。李静是一名努力工作的员工，却因为举报同事在办公室抽烟而被公司开除。这让我们思考：在职场，我们的努力和正义是否会得到应有的尊重呢？回顾这个案件，李静试图通过公司内部渠道解决问题，但最终却遭到了不公正的对待。她的举报行为被视为不当，而她却始终坚信自己为了公司的利益。这让人不禁要问：在职场中，我们应该如何维护自己的权益？李静的经历引发了人们对职场公平和正义的思考。在现代职场中，员工的权益保护问题备受关注。办公室内抽烟不仅违反了公司的规定，也损害了其他员工的健康。李静的举报行为本应受到公司的重视和支持，而不应遭到处罚。职场中，我们应该如何应对类似情况？如何保护自己的权益？值得我们一起探讨。在这个故事中，李静并没有选择沉默和屈从，而是寻求了朋友和同事的支持和建议。她没有放弃，而是积极寻求解决办法。这种勇气和坚持的精神，值得我们学习和借鉴。面对职场中的不公正待遇，我们应该怎样行动？如何找到合适的途径和方式，维护自己的权益？让我们一起探讨，共同寻找答案。【案例分析】从案例中可以看出，公司对待员工的行为举报并不积极，反而选择了对举报者进行处罚。这引发了人们对公司管理和员工权益保护的关注。根据《中华人民共和国劳动法》规定，雇主应当保障员工的人身权益和劳动保护。而在《烟草控制框架公约》中，也对公共场所的控烟问题有明确规定。在这个案例中，公司的处理方式显然违反了相关法律法规，也忽视了员工的合法权益。这也值得我们对公司的管理和制度进行深入反思。除了法律规定，公司内部应该建立健全的举报机制和员工权益保护机制，让员工有一个公正的环境和渠道来维护自己的权益。这对于公司的长远发展和员工的积极性都具有重要意义。在职场中，每个人都应该得到应有的尊重和保护。只有建立公平、公正的工作环境，才能让员工更加专注于工作，也能让公司获得更好的发展和口碑。希望这个案例能引发更多人的思考和关注，让我们共同努力，为职场公平和正义发声。职场中的维权故事总是让人倍感鼓舞，你是否也曾为自己的权益而挣扎？当面临不公平待遇时，我们是否知晓自己的权利和义务呢？李静的故事告诉我们，最重要的是要有足够的法律知识和勇气去维护自己的权益。劳动者的权益受到法律法规的严格保护，而勇敢的维权行为也在社会中引起了广泛的关注和讨论。事实上，在面对不公平待遇时，我们可以通过法律途径维权，但这需要很大的勇气和决心。正如李静所做的一样，她最终获得了公司的调整和重新雇佣，这展现了维权的重要性和价值。现实生活中，我们也可以从她的故事中汲取力量，明白只有了解自己的权益，加上足够的决心和勇气，才能在职场中守护自己的合法权益。期待你的声音，一同探讨这个话题。,"title: “为了公司好，却反被开除？”这是一个关于职场公平的故事。李静是一名努力工作的员工，却因为举报同事在办公室抽烟而被公司开除。这让我们思考：在职场，我们的努力和正义是否会得到应有的尊重呢？回顾这个案件，李静试图通过公司内部渠道解决问题，但最终却遭到了不公正的对待。她的举报行为被视为不当，而她却始终坚信自己为了公司的利益。这让人不禁要问：在职场中，我们应该如何维护自己的权益？李静的经历引发了人们对职场公平和正义的思考。在现代职场中，员工的权益保护问题备受关注。办公室内抽烟不仅违反了公司的规定，也损害了其他员工的健康。李静的举报行为本应受到公司的重视和支持，而不应遭到处罚。职场中，我们应该如何应对类似情况？如何保护自己的权益？值得我们一起探讨。在这个故事中，李静并没有选择沉默和屈从，而是寻求了朋友和同事的支持和建议。她没有放弃，而是积极寻求解决办法。这种勇气和坚持的精神，值得我们学习和借鉴。面对职场中的不公正待遇，我们应该怎样行动？如何找到合适的途径和方式，维护自己的权益？让我们一起探讨，共同寻找答案。【案例分析】从案例中可以看出，公司对待员工的行为举报并不积极，反而选择了对举报者进行处罚。这引发了人们对公司管理和员工权益保护的关注。根据《中华人民共和国劳动法》规定，雇主应当保障员工的人身权益和劳动保护。而在《烟草控制框架公约》中，也对公共场所的控烟问题有明确规定。在这个案例中，公司的处理方式显然违反了相关法律法规，也忽视了员工的合法权益。这也值得我们对公司的管理和制度进行深入反思。除了法律规定，公司内部应该建立健全的举报机制和员工权益保护机制，让员工有一个公正的环境和渠道来维护自己的权益。这对于公司的长远发展和员工的积极性都具有重要意义。在职场中，每个人都应该得到应有的尊重和保护。只有建立公平、公正的工作环境，才能让员工更加专注于工作，也能让公司获得更好的发展和口碑。希望这个案例能引发更多人的思考和关注，让我们共同努力，为职场公平和正义发声。职场中的维权故事总是让人倍感鼓舞，你是否也曾为自己的权益而挣扎？当面临不公平待遇时，我们是否知晓自己的权利和义务呢？李静的故事告诉我们，最重要的是要有足够的法律知识和勇气去维护自己的权益。劳动者的权益受到法律法规的严格保护，而勇敢的维权行为也在社会中引起了广泛的关注和讨论。事实上，在面对不公平待遇时，我们可以通过法律途径维权，但这需要很大的勇气和决心。正如李静所做的一样，她最终获得了公司的调整和重新雇佣，这展现了维权的重要性和价值。现实生活中，我们也可以从她的故事中汲取力量，明白只有了解自己的权益，加上足够的决心和勇气，才能在职场中守护自己的合法权益。期待你的声音，一同探讨这个话题。 summary: 李静是一名努力工作的员工，却因为举报同事在办公室抽烟而被公司开除。李静的经历引发了人们对职场公平和正义的思考。除了法律规定，公司内部应该建立健全的举报机制和员工权益保护机制，让员工有一个公正的环境和渠道来维护自己的权益。李静的故事告诉我们，最重要的是要有足够的法律知识和勇气去维护自己的权益。 content: “为了公司好，却反被开除？”这是一个关于职场公平的故事。李静是一名努力工作的员工，却因为举报同事在办公室抽烟而被公司开除。这让我们思考：在职场，我们的努力和正义是否会得到应有的尊重呢？回顾这个案件，李静试图通过公司内部渠道解决问题，但最终却遭到了不公正的对待。她的举报行为被视为不当，而她却始终坚信自己为了公司的利益。这让人不禁要问：在职场中，我们应该如何维护自己的权益？李静的经历引发了人们对职场公平和正义的思考。在现代职场中，员工的权益保护问题备受关注。办公室内抽烟不仅违反了公司的规定，也损害了其他员工的健康。李静的举报行为本应受到公司的重视和支持，而不应遭到处罚。职场中，我们应该如何应对类似情况？如何保护自己的权益？值得我们一起探讨。在这个故事中，李静并没有选择沉默和屈从，而是寻求了朋友和同事的支持和建议。她没有放弃，而是积极寻求解决办法。这种勇气和坚持的精神，值得我们学习和借鉴。面对职场中的不公正待遇，我们应该怎样行动？如何找到合适的途径和方式，维护自己的权益？让我们一起探讨，共同寻找答案。【案例分析】从案例中可以看出，公司对待员工的行为举报并不积极，反而选择了对举报者进行处罚。这引发了人们对公司管理和员工权益保护的关注。根据《中华人民共和国劳动法》规定，雇主应当保障员工的人身权益和劳动保护。而在《烟草控制框架公约》中，也对公共场所的控烟问题有明确规定。在这个案例中，公司的处理方式显然违反了相关法律法规，也忽视了员工的合法权益。这也值得我们对公司的管理和制度进行深入反思。除了法律规定，公司内部应该建立健全的举报机制和员工权益保护机制，让员工有一个公正的环境和渠道来维护自己的权益。这对于公司的长远发展和员工的积极性都具有重要意义。在职场中，每个人都应该得到应有的尊重和保护。只有建立公平、公正的工作环境，才能让员工更加专注于工作，也能让公司获得更好的发展和口碑。希望这个案例能引发更多人的思考和关注，让我们共同努力，为职场公平和正义发声。职场中的维权故事总是让人倍感鼓舞，你是否也曾为自己的权益而挣扎？当面临不公平待遇时，我们是否知晓自己的权利和义务呢？李静的故事告诉我们，最重要的是要有足够的法律知识和勇气去维护自己的权益。劳动者的权益受到法律法规的严格保护，而勇敢的维权行为也在社会中引起了广泛的关注和讨论。事实上，在面对不公平待遇时，我们可以通过法律途径维权，但这需要很大的勇气和决心。正如李静所做的一样，她最终获得了公司的调整和重新雇佣，这展现了维权的重要性和价值。现实生活中，我们也可以从她的故事中汲取力量，明白只有了解自己的权益，加上足够的决心和勇气，才能在职场中守护自己的合法权益。期待你的声音，一同探讨这个话题。 "" "" """,微头条,凤凰涅槃,2024-01-16 06:05:51,http://www.toutiao.com/w/i1788184540268544/,未知,控烟,中性,未知
202401013387,"一张来自2007年的照片，成都某高校宿舍楼道上，展现了一位来自重庆的姑娘，她是学校学生会的控烟劝导员。这位姑娘身材窈窕，戴着眼镜显得文雅端庄，给人留下深刻印象。她努力考上大学后，怀着加入学生会，锻炼自己的渴望，成为了学校的控烟劝导员。每周一天，她不辞辛劳地在校园里进行控烟劝导工作。
这位重庆姑娘以自己的行动为校园营造了一个无烟的环境，树立了学生们的榜样。她的美丽和努力成为了校园里的一道风景线，同时也展现了她对健康和环境的关注。她的努力和奉献精神值得人们敬佩和学习。","title: 一张来自2007年的照片，成都某高校宿舍楼道上，展现了一位来自重庆的姑娘，她是学校学生会的控烟劝导员。这位姑娘身材窈窕，戴着眼镜显得文雅端庄，给人留下深刻印象。她努力考上大学后，怀着加入学生会，锻炼自己的渴望，成为了学校的控烟劝导员。每周一天，她不辞辛劳地在校园里进行控烟劝导工作。 这位重庆姑娘以自己的行动为校园营造了一个无烟的环境，树立了学生们的榜样。她的美丽和努力成为了校园里的一道风景线，同时也展现了她对健康和环境的关注。她的努力和奉献精神值得人们敬佩和学习。 summary: 一张来自2007年的照片，成都某高校宿舍楼道上，展现了一位来自重庆的姑娘，她是学校学生会的控烟劝导员。这位姑娘身材窈窕，戴着眼镜显得文雅端庄，给人留下深刻印象。她努力考上大学后，怀着加入学生会，锻炼自己的渴望，成为了学校的控烟劝导员。每周一天，她不辞辛劳地在校园里进行控烟劝导工作。 content: 一张来自2007年的照片，成都某高校宿舍楼道上，展现了一位来自重庆的姑娘，她是学校学生会的控烟劝导员。这位姑娘身材窈窕，戴着眼镜显得文雅端庄，给人留下深刻印象。她努力考上大学后，怀着加入学生会，锻炼自己的渴望，成为了学校的控烟劝导员。每周一天，她不辞辛劳地在校园里进行控烟劝导工作。 这位重庆姑娘以自己的行动为校园营造了一个无烟的环境，树立了学生们的榜样。她的美丽和努力成为了校园里的一道风景线，同时也展现了她对健康和环境的关注。她的努力和奉献精神值得人们敬佩和学习。 """,微头条,呆呆的电影笔记,2024-01-15 23:09:16,http://www.toutiao.com/w/i1788103996069898/,未知,控烟,正面,未知
202401013407,邓州古城办事处开展“无烟佳节，与爱同行”宣传咨询活动,"title: 邓州古城办事处开展“无烟佳节，与爱同行”宣传咨询活动 summary: 为进一步推动控烟工作开展，引导群众践行文明健康、绿色环保的生活方式，营造无烟佳节良好氛围，古城街道办事处积极开展了无烟佳节、与爱同行主题宣传活动。 content: ""为进一步推动控烟工作开展，引导群众践行文明健康、绿色环保的生活方式，营造无烟佳节良好氛围，古城街道办事处积极开展了“无烟佳节、与爱同行”主题宣传活动。""古城街道办事处机关单位带头开展自查自纠，发现问题及时整改，巩固无烟单位建设成果。开展全方位、多角度的控烟宣传教育，引导干部职工不吸烟、主动戒烟，主动做控烟宣传者和倡导者。""1月12日上午，古城办事处主任安庆豪带领班子成员组织在古城办事处为民服务大厅搭设咨询台，放置病媒防治宣传版面，发放无烟佳节与爱同行倡议宣传彩页，向居民和过往群众宣传普及烟草危害知识，大力弘扬无烟健康过节文化，倡导“送烟=送危害”，养成卫生好习惯，健康祥和迎新春。""古城街道办事处志愿者深入街头游园、商店等公共场所，发放“无烟佳节与爱同行”倡议科普宣传手册，讲解吸烟和二手烟的危害，引导居民将“戴口罩、勤洗手、多通风、常打扫、不扎堆、公筷勺”等良好卫生习惯动员广大群众主动养成合理膳食、适量运动、戒烟限酒、心理平衡等健康生活方式和生活习惯，营造讲文明、铸健康的良好风尚。""""""各社区组织包联单位到小区发放“无烟佳节与爱同行”宣传手册。""""""此次活动，增强了居民的控烟戒烟意识，让践行文明健康绿色环保生活方式的理念深入人心，促使更多的居民积极参与到控烟行动和营造“双节”无烟氛围的行动中来，自觉成为控烟行动的宣传者、践行者。（图文：沈俊伟 丁品）",头条号,凤凰南阳,2024-01-15 22:54:50,http://www.toutiao.com/w/i7324337966275871232/,未知,控烟、戒烟、控烟戒烟,正面,未知
202401013447,【推动疾控体系高质量发展】“无烟佳节 与爱同行”—金乡县疾控中心开展控烟科普宣传进社区活动,"title: 【推动疾控体系高质量发展】“无烟佳节 与爱同行”—金乡县疾控中心开展控烟科普宣传进社区活动 summary: 无烟佳节与爱同行—金乡县疾控中心开展控烟科普宣传进社区活动为进一步推动无烟环境建设，引导群众践行健康文明、绿色环保的生活方式，1月15日，金乡县疾控中心组织专业人员走进金海花园，开展无烟佳节与爱同行宣传活动。 content: 为进一步推动“无烟环境”建设，引导群众践行健康文明、绿色环保的生活方式，1月15日，金乡县疾控中心组织专业人员走进金海花园，开展“无烟佳节 与爱同行”宣传活动。通过发放控烟宣传海报及福字，详细讲解烟草烟雾的危害、戒烟的好处及方法，倡导过节不吸烟、不敬烟、不送烟、“对二手烟说不”，提醒来往群众增强控烟戒烟意识，共同营造健康的生活环境，共度无烟佳节。&lt;img class=""content-image"" data-src=""r/h2ojJAPR4iF07g/Pz9W8BtPsOZN1xBjR51Pm15agH0LrkWmYVnn3Wjw0bqavJSjRHg1fTvMURptdr5WutjifG7wzZ2rX5uieQbuxfCeEU="" width=""804"" height=""603"" /活动现场，医务人员为群众测量血压，并耐心解惑答疑，普及健康知识，指导群众及时发现问题，排除疾病风险，践行“合理膳食、适量运动、戒烟限酒、心理平衡”的健康生活方式。&lt;img class=""content-image"" data-src=""AdrUyzrPRqQ3SLRqyklRvcBtPsOZN1xBjR51Pm15agGNy8GgmhugvRFtk/r6hvQQOyZ/6U/OhzG55Q3hSKFvTicJwtWlKIqZ31y4pmp0s1Y="" width=""831"" height=""517"" /通过开展“无烟佳节 与爱同行”主题活动，提高了群众对烟草危害的认识，营造了全社会支持控烟的良好氛围。下一步，金乡县疾控中心将持续开展多形式的控烟教育宣传活动，引导广大群众积极参与进来，共同创建一个健康、文明、良好的生活环境。供稿：岳思雨 张 冲校对：邱凤芳 贺东杰编辑：岳思雨审核：张忠秋金乡疾控扫一扫 码上健康咨询电话：预防接种门诊：0537-8719966犬咬伤处置门诊：0537-8718667办公室：0537-8716698发布于：北京市",搜狐号,中部城市生活指南,2024-01-15 19:46:57,http://m.sohu.com/a/752025951_121106991,未知,控烟、戒烟、控烟戒烟,正面,未知
202401013474,"这张照片记录了一位重庆姑娘在2007年成都某高校宿舍楼道上休息的场景，她是学校的控烟劝导员。这位姑娘来自重庆市城口县，她为了实现上大学的梦想，努力奋斗，并成功考入了大学。深受烟害困扰的她，怀着希望能够改善校园环境的愿望，加入了学生会并担任控烟劝导员。每周，她都会利用一天的时间在学校进行控烟劝导工作。
这位重庆妹儿以她窈窕的身材和戴着眼镜的文雅形象令人印象深刻。她的举止显得端庄又优雅，为校园增添了独特的魅力。更重要的是，她通过自己的行动为学生们树立了一个无烟的环境，成为了校园里的榜样。她的努力和奉献精神值得我们深深地敬佩和学习。
通过这样的一个具体案例，我们能够看到在校园中，有着许许多多像重庆妹儿一样的学生，他们通过自己的辛勤努力和执着追求，为校园文化的建设和改善作出着自己的努力。他们为身边的人树立着榜样，提供了一个积极向上的力量。这也充分凸显出了学生群体的活力和朝气，值得我们肯定和支持。","title: 这张照片记录了一位重庆姑娘在2007年成都某高校宿舍楼道上休息的场景，她是学校的控烟劝导员。这位姑娘来自重庆市城口县，她为了实现上大学的梦想，努力奋斗，并成功考入了大学。深受烟害困扰的她，怀着希望能够改善校园环境的愿望，加入了学生会并担任控烟劝导员。每周，她都会利用一天的时间在学校进行控烟劝导工作。 这位重庆妹儿以她窈窕的身材和戴着眼镜的文雅形象令人印象深刻。她的举止显得端庄又优雅，为校园增添了独特的魅力。更重要的是，她通过自己的行动为学生们树立了一个无烟的环境，成为了校园里的榜样。她的努力和奉献精神值得我们深深地敬佩和学习。 通过这样的一个具体案例，我们能够看到在校园中，有着许许多多像重庆妹儿一样的学生，他们通过自己的辛勤努力和执着追求，为校园文化的建设和改善作出着自己的努力。他们为身边的人树立着榜样，提供了一个积极向上的力量。这也充分凸显出了学生群体的活力和朝气，值得我们肯定和支持。 summary: 这张照片记录了一位重庆姑娘在2007年成都某高校宿舍楼道上休息的场景，她是学校的控烟劝导员。这位姑娘来自重庆市城口县，她为了实现上大学的梦想，努力奋斗，并成功考入了大学。深受烟害困扰的她，怀着希望能够改善校园环境的愿望，加入了学生会并担任控烟劝导员。每周，她都会利用一天的时间在学校进行控烟劝导工作。 content: 这张照片记录了一位重庆姑娘在2007年成都某高校宿舍楼道上休息的场景，她是学校的控烟劝导员。这位姑娘来自重庆市城口县，她为了实现上大学的梦想，努力奋斗，并成功考入了大学。深受烟害困扰的她，怀着希望能够改善校园环境的愿望，加入了学生会并担任控烟劝导员。每周，她都会利用一天的时间在学校进行控烟劝导工作。 这位重庆妹儿以她窈窕的身材和戴着眼镜的文雅形象令人印象深刻。她的举止显得端庄又优雅，为校园增添了独特的魅力。更重要的是，她通过自己的行动为学生们树立了一个无烟的环境，成为了校园里的榜样。她的努力和奉献精神值得我们深深地敬佩和学习。 通过这样的一个具体案例，我们能够看到在校园中，有着许许多多像重庆妹儿一样的学生，他们通过自己的辛勤努力和执着追求，为校园文化的建设和改善作出着自己的努力。他们为身边的人树立着榜样，提供了一个积极向上的力量。这也充分凸显出了学生群体的活力和朝气，值得我们肯定和支持。 """,微头条,博学鲸鱼fQp,2024-01-15 19:15:44,http://www.toutiao.com/w/i1788093305322500/,未知,控烟,正面,未知
202401013480,#卷烟涨价会让全民戒烟吗#卷烟涨价，只会让烟民的数量普遍减少，杜绝不了少数烟民的吸烟。对民众的健康长寿是非常有益的，但对于国家的税收肯定有所影响。建议国家适当控制公共场所的吸烟行为，而不是提高香烟的价格。既然是控烟，那么最好的途径，就是取缔关闭卷烟厂。,title: #卷烟涨价会让全民戒烟吗#卷烟涨价，只会让烟民的数量普遍减少，杜绝不了少数烟民的吸烟。对民众的健康长寿是非常有益的，但对于国家的税收肯定有所影响。建议国家适当控制公共场所的吸烟行为，而不是提高香烟的价格。既然是控烟，那么最好的途径，就是取缔关闭卷烟厂。 summary: #卷烟涨价会让全民戒烟吗#卷烟涨价，只会让烟民的数量普遍减少，杜绝不了少数烟民的吸烟。对民众的健康长寿是非常有益的，但对于国家的税收肯定有所影响。建议国家适当控制公共场所的吸烟行为，而不是提高香烟的价格。既然是控烟，那么最好的途径，就是取缔关闭卷烟厂。 content: #卷烟涨价会让全民戒烟吗#卷烟涨价，只会让烟民的数量普遍减少，杜绝不了少数烟民的吸烟。对民众的健康长寿是非常有益的，但对于国家的税收肯定有所影响。建议国家适当控制公共场所的吸烟行为，而不是提高香烟的价格。既然是控烟，那么最好的途径，就是取缔关闭卷烟厂。,微头条,雪落无痕243,2024-01-15 19:12:13,http://www.toutiao.com/w/i1788154618395648/,未知,戒烟、控烟,正面,未知
202401013503,济宁高新&lt;b区&lt;/b洸河街道洸河新苑片&lt;b区&lt;/b开展“创美好生活 享自由呼吸”...,"title: 济宁高新&lt;b区&lt;/b洸河街道洸河新苑片&lt;b区&lt;/b开展“创美好生活 享自由呼吸”... summary: 随后，洸河新苑片区网格员在小区公共场所张贴禁止抽烟警告，号召辖区居民自觉遵守公共场所禁止吸烟的规定，自觉做控烟宣传员和监督员。 content: ""“创美好生活 享自由呼吸”控烟宣讲活动现场大众网记者 胡兆杰 见习记者 王介木 通讯员 解莉莉 济宁报道1月12日，济宁高新区洸河街道洸河新苑片区在金色兰庭小区开展“创美好生活 享自由呼吸”控烟宣讲活动。活动中，洸河新苑片区网格员向辖区居民、商户发放《控烟戒烟倡议书》和禁烟宣传手册，为辖区居民讲解香烟对人体的危害以及戒烟的方法，用科学的数据提醒居民烟草烟雾对自己和家人的危害，让更多居民重视吸烟有害健康以及了解控烟禁烟的重要性，引导居民把健康知识转变为健康行为，共建清洁环保的无烟社区，共享健康绿色的生活环境。随后，洸河新苑片区网格员在小区公共场所张贴禁止抽烟警告，号召辖区居民自觉遵守公共场所禁止吸烟的规定，自觉做控烟宣传员和监督员。",快传号,大众网,2024-01-15 18:09:15,http://www.360kuai.com/mob/transcoding?url=9d4c8ef64d06adf00,未知,控烟、控烟戒烟、戒烟,正面,未知
202401013515,#戒烟[话题]# #控烟[话题]# #香烟[话题]# #VR[话题]# 控烟戒烟VR软件，认识香烟，模拟体验戒烟。科普香烟知识，认识到抽烟的危害，远离香烟保持健康。,title: #戒烟[话题]# #控烟[话题]# #香烟[话题]# #VR[话题]# 控烟戒烟VR软件，认识香烟，模拟体验戒烟。科普香烟知识，认识到抽烟的危害，远离香烟保持健康。 summary: #戒烟[话题]##控烟[话题]##香烟[话题]##VR[话题]#控烟戒烟VR软件，认识香烟，模拟体验戒烟。科普香烟知识，认识到抽烟的危害，远离香烟保持健康。 content: #戒烟[话题]# #控烟[话题]# #香烟[话题]# #VR[话题]# 控烟戒烟VR软件，认识香烟，模拟体验戒烟。科普香烟知识，认识到抽烟的危害，远离香烟保持健康。,小红书,缤希科技,2024-01-15 18:03:00,http://www.xiaohongshu.com/discovery/item/65a50301000000001101a9e9,未知,戒烟、控烟、控烟戒烟,中性,未知
202401013523,为证吸烟无害，上世纪英国对48只狗进行实验，三年每天吸食100根,"title: 为证吸烟无害，上世纪英国对48只狗进行实验，三年每天吸食100根 summary: 为证吸烟无害，上世纪英国对48只狗进行实验，三年每天吸食100根。战争、利益与针对烟草的早期争议现代意义上的卷烟或香烟，起源于19世纪中期的奥斯曼帝国，当时土耳其地区的人们逐渐习惯将烤制后的烟草粉末卷入报纸或其他纸张中吸食。玛丽·贝丝，抽烟的小猎犬们，1975年。 content: ""人类的嘴会说谎，但动物的不会，“吸烟有害健康”这句耳熟能详的烟盒诫语，并非出自某个良心发现的资本家，而是一群受了迫害的狗。吸烟已成为当今世界公共健康的头号杀手，可烟究竟从何而来？作为个人自由，吸烟的娱乐意义无可厚非；但作为社会问题，其牵涉的道德和伦理困境值得我们深思，所以今天，我们就来讲讲烟的故事。""烟草的由来考古发现表明，距离今天已经有5000至3000年历史的美洲印第安人，最先发现了烟草这一植物。他们最初将烟草用作医药，利用其天然成分来治疗蛇虫咬伤、解除头痛、减轻焦虑等问题。随着时间的推移，烟草也逐渐被这些部落赋予了宗教仪式上的象征意义，有些部落会在祭祀祖先或与神灵交流时焚烧烟叶。1492年的那场著名的航海，彻底改变了烟草的历史进程。""当哥伦布及其水手们第一次接触印第安人时，他们惊奇地发现这些土著居民经常围坐在篝火边，用陶土或者竹子做的原始管子吸食卷起的烟叶，整个过程充满神秘色彩。这一行为也成为欧洲殖民者第一次接触到烟草的契机。在随后的几年间，这些欧洲探险家和殖民者将包括烟草在内的多种植物种子带回欧洲展示，并引起了很大轰动。""“会吐烟的植物”这一新奇事物迅速成为上流社会的谈资，一时间，拥有从新大陆带回的烟草和吸食工具成为地位和财富的象征。各国贵族、文人学者、好事者都争相模仿印第安人的吸食方式。这种初期的仿效以卷曲烟叶或者放入陶土烟管两种形式为主，也成为后来烟斗和雪茄的起源。""走向世界的烟草从16世纪中期开始，吸烟习俗开始在欧洲和世界其他地区快速传播开来。在这个过程中，社会各界对于这一崭新的文化产物也形成了不同层次的认同。对于普通大众而言，新奇的吸烟方式激起了极大的好奇心。烟斗、烟草和点火的工具成为酒馆里谈资的焦点。平民们模仿贵族的吸烟仪式，以求融入时尚的社交活动，这是一种自发的文化体验和认同。""与此同时，上流社会则利用吸烟进行社会化示威。拥有昂贵的进口烟草和制作精美的烟具成为地位和权力的标志，各国王公贵族利用吸烟仪式在社交场合中彰显自己的威严和魅力。还有一些思想家、艺术家和博学家也组织烟友沙龙，通过赏析不同产地的烟草、比较工艺体会其中的文化内涵。""除了这些世俗性的文化认同之外，基督教会等宗教势力曾一度将吸烟视为异教和迷信的表征，对其采取敌视和禁止的态度。不过随着时间的推移，即便教廷也逐渐接受了这一来自新大陆的文化礼物。16世纪后期，天主教会放宽了对烟草的禁令。到17世纪，基督教国家的主流社会已经基本接受了公共场合中吸烟的行为。这些变化都推动了吸烟这一崭新的文化体验在欧洲乃至全世界的广泛传播和被普遍认同。""除却其文化意义之外，后世研究还发现，这一时期的烟草吸食方式与19世纪出现的香烟截然不同，所含尼古丁总量较低，通过口腔而不是肺部吸入，对人体生理系统的危害也相对较小。这在很大程度上减缓了公众对烟草潜在风险的认知。""毕竟在没有确凿科学依据情况下，仅从生理感受很难判断其中的弊端。当然，这种对烟草危害认知的不足，还与当时平均寿命较短有关。中国的中医学者最早指出其中“热毒”，但并没有引起足够重视。这也使得烟草得以在一个相对宽松的环境下，以文化产物和生理娱乐的双重性格，快速在全球范围内传播和被认同。""战争、利益与针对烟草的早期争议现代意义上的卷烟或香烟，起源于19世纪中期的奥斯曼帝国，当时土耳其地区的人们逐渐习惯将烤制后的烟草粉末卷入报纸或其他纸张中吸食。这种简便的吸食方式尤其受到奥斯曼士兵的欢迎，其低廉方便的特点让他们可以一边参与战事一边享受烟草。这一习俗也在1854-1856年的克里米亚战争中，通过奥斯曼士兵传播给英法联军。参战归来的老兵和军属们也将这种崭新的吸食方式带回英国本土，推动了其在欧美的传播风靡。""与笨重的烟斗和奢侈的雪茄不同，香烟价格低廉，操作简便，能更快感受到尼古丁带来的愉悦感。这与工业革命后大众生活节奏的加快不谋而合。很快它就超越了烟斗和雪茄，成为19世纪后期西方国家最主要的烟草消费方式。与香烟消费量的增长相伴随的是对其潜在危害的担忧。19世纪后期，伴随着医学和科技的进步，越来越多研究开始关注烟草对健康的影响。早在19世纪30年代，就有德国科学家吴阶平在实验室动物身上复制了肺癌特征，并怀疑这与其接触烟草烟雾有关。""这一发现并没有立即引起重视。直到1939年，纳粹德国科学家穆勒最早系统性地指出“吸烟者患肺癌的比例更高”，这才初步建立起吸烟与癌症死亡率相关性的框架。但受当时政治环境影响，欧美国家并没有将这一发现作为优先关注的健康议题。这一方面突显了科学发现与社会接受间的复杂关系，另一方面也预示着这场公共健康争论之激烈。""与潜在健康危机风险对应的，是快速升级的烟草经济利益。这时期末烟草工业的飞速发展以及不断扩大的消费市场，使商业资本盯上了这一新的增长点。为了稳固和扩大利润，各大烟草企业开始联合运作，试图藉筹码影响公共舆论和政策走向。这标志着这场围绕公共健康的拉锯战正式拉开了帷幕。政府部门、公共健康倡导者和烟草企业利益集团，将在长达一个世纪的时间里你来我往。""一场动物实验带来的道德反思20世纪中后期，随着公共健康领域对烟草影响关注的增多，烟草公司为了维护利益，开始资助大量动物实验以争取舆论支持。这其中最典型和臭名昭著的案例发生在1953至1956年间的英国。当时面临公众压力的帝国烟草公司，联合另一家化工企业资助设立了一个动物实验室，声称通过让狗长期吸烟来“证明”其安全性。""他们最终选取了36只成年比格犬，强迫它们每天吸食等同于一包烟的浓缩烟雾长达6小时之久。三年时间这些狗平均每天吸食超过100支香烟。更令人痛心的是，实验者还通过口罩直接将烟雾灌入狗的气管和肺部，加速了烟草毒素的吸收。面对社会各界对这一行为的谴责和质疑，这些科学家和商人完全丧失了人性和道德底线，将生命只作为获利工具般利用和践踏。""原本如果狗的健康数据不利，他们就直接将其扑杀，再换上新的实验品以重复实验。为掩盖真实情况，他们甚至在实验屋内设置了两套通风系统，一套提供新鲜空气给负责向公众展示的少部分狗，而另一套循环输送烟雾毒害着大多数实验动物。最终在一位女记者的揭露下，整个骗局才华丽转折。英国女记者玛丽·贝丝通过卧底实验室的方式，亲身经历了那些烟草公司虐待狗的残忍场景。这种亲身感受带来的震撼和敏感，使她下定决心揭开这些商业利益集团背后不道德的真面目。""自1962年开始，玛丽尝试了两年时间将调查结果投稿给各家报社，希望引起公众关注。但由于担心得罪烟草业这类强大的经济势力，主流媒体一直无人敢于刊发。直到1964年，英国一个小报社决定冒天下之大不韪，选择站在道义一方，最终将整个事件披露于众。这篇报道也直接引爆了公众的愤慨，推动了一系列制止烟草公司滥用动物实验的立法和监管举措。""这起典型案例激发了越来越多的个人和组织开始行动起来，通过消费抵制、法律诉讼以及链式宣传等手段，揭露烟草商背后不实的宣传手段和信息操纵方式。比如美国医学界就组建了专业委员会，评估并公布烟草健康危害的科学证据。而反烟组织也开展连串的宣传教育和游说活动，直接向社会各界和公众传播吸烟的严重危害。这种官民并举的意识觉醒与行动联结，推动了包括美国在内的西方国家陆续制定和实施一系列烟草控制政策，逐步约束其社会危害。""类似的公共健康运动也开始在世界其他地区蔓延。世界卫生组织在2003年通过了第一部《烟草控制框架公约》，呼吁各国政府采取行动遏制烟草产业的社会危害。这标志着控烟运动在全球范围内的高潮到来。尽管面对强大的经济利益和政策阻力，但仍有越来越多的个人、团体和国家选择站在民众健康的一方，这场关乎公共利益的社会争论还在继续。""参考资料田友清,丁平,张云庆.烟草药用研究概述[J].中国药业,2015,(第9期):126-128玛丽·贝丝，抽烟的小猎犬们，1975年",头条号,柏拉图的诉说,2024-01-15 17:39:48,http://www.toutiao.com/w/i7324254345783329299/,未知,控烟,正面,未知
202401013543,成都市金牛区卫健局关工委助力“创建无烟环境·共享健康生活”,"title: 成都市金牛区卫健局关工委助力“创建无烟环境·共享健康生活” summary: 成都市金牛区卫健局关工委助力创建无烟环境·共享健康生活为深入贯彻党的二十大关于推进健康中国的战略目标，落实《关于领导干部带头在公共场所禁烟有关规定的通知》和《健康四川2030规划纲要》要求，宣传实施《成都市公共场所控制吸烟条例》。 content: 为深入贯彻党的二十大关于推进健康中国的战略目标，落实《关于领导干部带头在公共场所禁烟有关规定的通知》和《“健康四川2030”规划纲要》要求，宣传实施《成都市公共场所控制吸烟条例》，落实大力弘扬无烟健康过节文化，提倡过节“不吸烟、不敬烟、不送烟”，共度无烟健康佳节。1月12日，四川省成都市金牛区卫健局关工委助力金牛区在万达广场（成都金牛店）举行以“创建无烟环境·共享健康生活”为主题的“无烟佳节·与爱同行”系列控烟宣传活动。&lt;img max-width=""600"" class=""content-image"" data-src=""EmSa7bvKq1EE4aebFHMv96atlM2hu85pd1SLiQ9UpVO3ajNwVsPdYbYbYypWRskg0z7NsiCVC8XNlTrrvoMpJp0AJbsfJSbRKoXiyIIa2GY="" width=""540"" height=""360"" /活动现场，区卫健局副局长、关工委主任白中毅致辞，介绍了金牛区在政府主导、部门配合、全社会共同参与下控烟工作的工作成绩，号召全社会积极参与，不断普及群众健康知识，有效夯实健康金牛建设基础，并对2024年的控烟工作提出持续压实控烟工作责任，强化宣传教育，细化工作措施，确保控制吸烟工作落地落实等要求。&lt;img max-width=""600"" class=""content-image"" data-src=""sWGYY5yy0kWHb3ShJgzYTA4CRNwlUXUp90aZ9HDuQ5fHaZvW++SwTe/bwTU05sAI/ju5riSqZVBgt/DT3LOFj50AJbsfJSbRKoXiyIIa2GY="" width=""532"" height=""395"" 随后，万达广场(成都金牛店)商家代表发出倡议，倡导广大群众主动戒烟，积极学习宣传控烟法律法规和知识，所有人不在公共场所吸烟，营造无烟、清洁、健康的工作环境和公共环境，为健康金牛建设作出更大贡献。&lt;img max-width=""600"" class=""content-image"" data-src=""EmSa7bvKq1EE4aebFHMv9wl3sARVfqsY8iNWdldqAEMQnvqDEzIWwHuZbXhKGMdvGbmJAexup+ylEW2njrfR9p0AJbsfJSbRKoXiyIIa2GY="" width=""524"" height=""306"" &lt;img max-width=""600"" class=""content-image"" data-src=""h7fbg8uT6oAdxo1xkqmC8RW7jMPwGlbIO20Lrw6IDC7ZRFEVWNENs0LpSzyi41fgf3aKIckVe5EV01+ujqr0t50AJbsfJSbRKoXiyIIa2GY="" width=""530"" height=""398"" &lt;img max-width=""600"" class=""content-image"" data-src=""vrQqgk+FQSQmr7dDCa0gdp82gZN9M95KQI6Llk0ktI/yja6SJWdmzjQeWxRaENx8VV6UwL/as5RKvLqiRrQPW50AJbsfJSbRKoXiyIIa2GY="" width=""526"" height=""265"" 金牛区卫健局关工委助力区卫健局在活动现场，设置了控烟倡议区、戒烟咨询区义诊服务区，执法人员现场控烟执法，使居民自觉认识到社会控烟和个人戒烟的必要性，增强了居民的控烟戒烟意识，加强了戒烟服务宣传，强化了《条例》宣传贯彻，控烟相关游园活动增强了宣传活动的趣味性，进一步激发参与者积极性，扩大活动影响力，倡导广大市民积极共建无烟环境，共享健康美好生活。图文：解明金审核：李玉梅编辑：关工蝉发布于：四川省",搜狐号,关爱未来星,2024-01-15 16:43:01,http://m.sohu.com/a/751983692_121885835,未知,控烟、戒烟、控烟戒烟,中性,未知
202401013555,桐柏县无烟佳节倡议书,"title: 桐柏县无烟佳节倡议书 summary: 广大市民朋友们：为进一步推动我县无烟佳节与爱同行活动开展，持续巩固创卫成果，引导群众自觉践行文明健康、绿色环保的生活方式,共同营造春节期间健康无烟环境，在此，我们发出如下倡议：一、心中无烟。 content: 桐柏县府前广场 赵显志 桐柏县茶祖公园 赵显志 淮河 桐柏县 赵显志 无烟佳节倡议书 广大市民朋友们： 为进一步推动我县“无烟佳节与爱同行”活动开展，持续巩固创卫成果，引导群众自觉践行文明健康、绿色环保的生活方式,共同营造春节期间健康无烟环境，在此，我们发出如下倡议： 一、心中无烟。要认识烟草危害，了解烟草危害，提高自身防控烟草危害意识和能力。要增强自我控制能力，自觉抵制诱惑，提倡不吸烟，提倡互不敬烟。 二、手中无烟。公共场所不吸烟。不在公共场所和乘坐的公共交通工具内吸烟，以实际行动践行文明健康、绿色环保的生活方式。各级领导干部、公职人员和教师、医务人员要带头示范，自觉遵守公共场所禁烟规定，自觉维护法规制度权威，自觉维护党政机关和领导干部形象。 三、室内无烟。各机关单位、医院、学校、宾馆、车站、商场、影院、网吧、餐饮店、体育场馆等所有公共场所实行全面禁烟，在醒目位置张贴禁烟标志，落实控烟责任，带动全社会创建无烟环境。 我们每个人都有向二手烟说“不”的权利，拒绝吸烟、二手烟，争当爱国卫生运动志愿者、控烟劝导员和监督员，主动劝阻他人不在禁烟场所吸烟，带动身边人文明劝导、共促健康。 让我们共同行动起来，从自身做起、从现在做起，追求文明健康的生活方式，拒绝烟草危害，欢度无烟佳节。 桐柏县爱国卫生运动委员会办公室 2023年1月15日 来源：桐柏县融媒体",头条号,河南经济报南阳新闻,2024-01-15 15:37:05,http://www.toutiao.com/w/i7324224638489035301/,未知,控烟,中性,未知
202401013567,牌楼街道马鞍山社区开展控烟禁烟宣传活动,"title: 牌楼街道马鞍山社区开展控烟禁烟宣传活动 summary: 牌楼街道马鞍山社区开展控烟禁烟宣传活动为了提高辖区居民对吸烟危害的认识和了解，保障居民身体健康。1月15日，马鞍山社区开展珍爱生命崇尚健康控烟禁烟宣传活动。此次活动巷居民普及了控烟禁烟相关知识，增强了居民的健康意识。 content: 为了提高辖区居民对吸烟危害的认识和了解，保障居民身体健康。1月15日，马鞍山社区开展“珍爱生命 崇尚健康”控烟禁烟宣传活动。""活动现场，社区网格员向辖区居民发放控烟禁烟宣传手册，讲解香烟对人体的危害以及戒烟的方法，用科学的数据提醒居民香烟对自己和家人的危害，切实增强辖区居民禁烟的责任感。网格员们还走访了辖区沿街商户，通过发放禁烟宣传手册的方法，积极向群众宣传吸烟与被动吸烟所造成的危害，让更多居民重视吸烟有害健康以及了解控烟禁烟的重要性，引导居民把健康知识转变为健康行为。此次活动巷居民普及了控烟禁烟相关知识，增强了居民的健康意识。",头条号,牌楼街道马鞍山社区,2024-01-15 15:19:12,http://www.toutiao.com/w/i7324220753187291658/,未知,控烟、戒烟,正面,未知
202401013587,"冬日生活打卡季：唐山市区大中型超市创卫问题暗访
唐山市区多家大中型超市积极参与创卫工作，但在环境卫生和管理秩序方面依然存在一些问题。最近，市创卫办深入超市进行了暗访并发现了一些值得关注的问题。在新华道的华盛超市，发现了无健康教育宣传，公共区域未见控烟标识，操作人员未佩戴口罩、手套等问题。同时，在振华超市也发现了一系列问题，如禁烟标识不规范、部分直接入口食品暴露存放等。
值得关注的是，这些发现在一定程度上影响了市民的健康与购物体验。例如，建国路东方购物的水产区环境不整洁，企新购物广场的门前垃圾桶外观不整洁。这些问题可能会对消费者的购物欲望产生一定的影响。
此外，市创卫办对所发现的问题强调，各级部门应深刻认识到创卫工作的艰巨性，并在整改和创建中加大力度，提升管理水平，以为市民营造更加舒适整洁的购物环境。
这一调查结果也引发了广泛的讨论。有人认为超市应该更加注重细节和管理，提升整体卫生水平，确保市民的健康和权益。这也提醒着我们，在享受便利的同时，我们也应该更加注重食品安全和环境卫生，为我们的冬日生活增添更多温馨与安心。
引用来源：环渤海新闻网","title: 冬日生活打卡季：唐山市区大中型超市创卫问题暗访 唐山市区多家大中型超市积极参与创卫工作，但在环境卫生和管理秩序方面依然存在一些问题。最近，市创卫办深入超市进行了暗访并发现了一些值得关注的问题。在新华道的华盛超市，发现了无健康教育宣传，公共区域未见控烟标识，操作人员未佩戴口罩、手套等问题。同时，在振华超市也发现了一系列问题，如禁烟标识不规范、部分直接入口食品暴露存放等。 值得关注的是，这些发现在一定程度上影响了市民的健康与购物体验。例如，建国路东方购物的水产区环境不整洁，企新购物广场的门前垃圾桶外观不整洁。这些问题可能会对消费者的购物欲望产生一定的影响。 此外，市创卫办对所发现的问题强调，各级部门应深刻认识到创卫工作的艰巨性，并在整改和创建中加大力度，提升管理水平，以为市民营造更加舒适整洁的购物环境。 这一调查结果也引发了广泛的讨论。有人认为超市应该更加注重细节和管理，提升整体卫生水平，确保市民的健康和权益。这也提醒着我们，在享受便利的同时，我们也应该更加注重食品安全和环境卫生，为我们的冬日生活增添更多温馨与安心。 引用来源：环渤海新闻网 summary: 唐山市区多家大中型超市积极参与创卫工作，但在环境卫生和管理秩序方面依然存在一些问题。在新华道的华盛超市，发现了无健康教育宣传，公共区域未见控烟标识，操作人员未佩戴口罩、手套等问题。同时，在振华超市也发现了一系列问题，如禁烟标识不规范、部分直接入口食品暴露存放等。 content: 冬日生活打卡季：唐山市区大中型超市创卫问题暗访 唐山市区多家大中型超市积极参与创卫工作，但在环境卫生和管理秩序方面依然存在一些问题。最近，市创卫办深入超市进行了暗访并发现了一些值得关注的问题。在新华道的华盛超市，发现了无健康教育宣传，公共区域未见控烟标识，操作人员未佩戴口罩、手套等问题。同时，在振华超市也发现了一系列问题，如禁烟标识不规范、部分直接入口食品暴露存放等。 值得关注的是，这些发现在一定程度上影响了市民的健康与购物体验。例如，建国路东方购物的水产区环境不整洁，企新购物广场的门前垃圾桶外观不整洁。这些问题可能会对消费者的购物欲望产生一定的影响。 此外，市创卫办对所发现的问题强调，各级部门应深刻认识到创卫工作的艰巨性，并在整改和创建中加大力度，提升管理水平，以为市民营造更加舒适整洁的购物环境。 这一调查结果也引发了广泛的讨论。有人认为超市应该更加注重细节和管理，提升整体卫生水平，确保市民的健康和权益。这也提醒着我们，在享受便利的同时，我们也应该更加注重食品安全和环境卫生，为我们的冬日生活增添更多温馨与安心。 引用来源：环渤海新闻网 """,微头条,柒月,2024-01-15 13:22:28,http://www.toutiao.com/w/i1788108721665033/,未知,控烟,正面,未知
202401013605,控烟科普进校园|达坂城区开展“健康教育进校园”宣传活动,"title: 控烟科普进校园|达坂城区开展“健康教育进校园”宣传活动 summary: 1月9日上午，达坂城区疾病预防控制中心联合达坂城镇卫生院走进乌鲁木齐市达坂城中学开展健康教育进校园活动，为学生们开启2024年青少年控烟健康教育第一课。达坂城区疾病预防控制中心副主任王兆成说。 content: 来源：达坂城区零距离1月9日上午，达坂城区疾病预防控制中心联合达坂城镇卫生院走进乌鲁木齐市达坂城中学开展健康教育进校园活动，为学生们开启2024年青少年控烟健康教育第一课。""“同学们，你们知道世界无烟日的由来吗？什么是二手烟？什么又是三手烟？”在学校课堂上学生们认真听疾控中心健康教育科授课老师讲解有关吸烟危害健康的知识，不时向授课老师提出问题。活动中，达坂城区疾控中心健康教育科工作人员用诙谐风趣的语言，从专业知识角度，深入浅出地向学生们宣传烟草危害、传播控烟知识，同时围绕二手烟的危害以及吸烟存在的误区，进行了全面讲解，还利用多媒体设备播放控烟宣传短视频、PPT演示、发放控烟科普宣传手册及互动问答等形式，来进一步加深青少年对吸烟危害健康的认识。“吸烟有害身体健康，我回家要把今天老师教给我的知识讲给爸爸听，让他少抽烟。”七年级学生王浩然说。""据了解，达坂城区持续在青少年控烟教育工作上发力，多方联动不断丰富宣传教育形式，夯实控烟宣传教育基础，切实增强青少年“拒吸第一支烟，做无烟新一代”的理念。充分利用好中小学放假前最后一节课、假期教育等，鼓励广大青少年成为学校、家庭控烟监督员，促进无烟学校、无烟家庭建设。通过“小手牵大手”活动，引导家长不吸烟，主动戒烟，为青少年健康成长做表率。“通过此次活动让学生与家长进一步了解吸烟的危害，下一步我们将继续加大宣传力度，充分发挥专业优势，以春节为契机，设计和制作形式多样的宣传标语、海报、视频、公益宣传等群众喜闻乐见的方式，大力弘扬无烟健康过节文化，倡导过节不吸烟、不敬烟、不送烟，‘对二手烟说不’，共度无烟健康佳节。”达坂城区疾病预防控制中心副主任王兆成说。",头条号,达坂城网信,2024-01-15 12:25:53,http://www.toutiao.com/w/i7324176197780029987/,未知,控烟、戒烟,正面,未知
202401013611,"2007年，在成都市某高校宿舍楼道上，一张照片定格了一位来自重庆市城口县的学生会控烟劝导员休息时的情景。这位重庆妹儿经过努力考上大学，渴望锻炼自己并为校园环境贡献一份力量，因此成为了学校的控烟劝导员，每周都会在校园里进行控烟劝导工作。
窈窕的身材和戴着眼镜的文雅端庄让她的美丽令人惊艳，给人一种独特的感觉。她的行动营造了一个无烟的环境，为同学们树立了榜样。这种努力和奉献精神值得我们敬佩和学习。她不仅在控烟工作中尽心尽力，更为我们树立了一个优秀的校园形象。
或许正是这样的奉献和努力精神在推动着校园的健康发展，成就着每一个学子的成长和进步。这样的力量不仅在照片中展现，更在校园的点点滴滴中传递着，激励着更多的人追求自己的梦想，为社会创造更美好的未来。","title: 2007年，在成都市某高校宿舍楼道上，一张照片定格了一位来自重庆市城口县的学生会控烟劝导员休息时的情景。这位重庆妹儿经过努力考上大学，渴望锻炼自己并为校园环境贡献一份力量，因此成为了学校的控烟劝导员，每周都会在校园里进行控烟劝导工作。 窈窕的身材和戴着眼镜的文雅端庄让她的美丽令人惊艳，给人一种独特的感觉。她的行动营造了一个无烟的环境，为同学们树立了榜样。这种努力和奉献精神值得我们敬佩和学习。她不仅在控烟工作中尽心尽力，更为我们树立了一个优秀的校园形象。 或许正是这样的奉献和努力精神在推动着校园的健康发展，成就着每一个学子的成长和进步。这样的力量不仅在照片中展现，更在校园的点点滴滴中传递着，激励着更多的人追求自己的梦想，为社会创造更美好的未来。 summary: 2007年，在成都市某高校宿舍楼道上，一张照片定格了一位来自重庆市城口县的学生会控烟劝导员休息时的情景。这位重庆妹儿经过努力考上大学，渴望锻炼自己并为校园环境贡献一份力量，因此成为了学校的控烟劝导员，每周都会在校园里进行控烟劝导工作。 content: 2007年，在成都市某高校宿舍楼道上，一张照片定格了一位来自重庆市城口县的学生会控烟劝导员休息时的情景。这位重庆妹儿经过努力考上大学，渴望锻炼自己并为校园环境贡献一份力量，因此成为了学校的控烟劝导员，每周都会在校园里进行控烟劝导工作。 窈窕的身材和戴着眼镜的文雅端庄让她的美丽令人惊艳，给人一种独特的感觉。她的行动营造了一个无烟的环境，为同学们树立了榜样。这种努力和奉献精神值得我们敬佩和学习。她不仅在控烟工作中尽心尽力，更为我们树立了一个优秀的校园形象。 或许正是这样的奉献和努力精神在推动着校园的健康发展，成就着每一个学子的成长和进步。这样的力量不仅在照片中展现，更在校园的点点滴滴中传递着，激励着更多的人追求自己的梦想，为社会创造更美好的未来。 """,微头条,敏儿,2024-01-15 11:57:14,http://www.toutiao.com/w/i1788108950430723/,未知,控烟,正面,未知
202401013631,共建清洁家园，共筑健康未来,"title: 共建清洁家园，共筑健康未来 summary: 1月15日，员村街南富社区积极响应国家号召，开展了一场主题为爱国卫生运动的系列活动。此次活动旨在提高居民的卫生意识，改善社区环境，共同营造一个清洁、健康的生活环境。同时，他们还向居民宣传了卫生知识、垃圾分类和吸烟对健康的危害和戒烟的益处，呼吁大家养成良好的卫生习惯，共同维护社区环境。 content: ""清除乱张贴的小广告1月15日，员村街南富社区积极响应国家号召，开展了一场主题为“爱国卫生运动”的系列活动。此次活动旨在提高居民的卫生意识，改善社区环境，共同营造一个清洁、健康的生活环境。""清除乱张贴的小广告""清除乱张贴的小广告活动中，青年志愿服务队队长曾旭权带领志愿者们深入社区各个角落，进行环境整治。志愿者们清理了道路两旁的乱张贴，消除了卫生死角，对乱堆乱放的杂物进行了整理。同时，他们还向居民宣传了卫生知识、垃圾分类和吸烟对健康的危害和戒烟的益处，呼吁大家养成良好的卫生习惯，共同维护社区环境。根据上级工作安排，还开展了创卫工作满意度调查。""宣传垃圾分类、控烟通过此次活动，不仅改善了社区环境，提高了居民的卫生意识，还增强了居民的凝聚力和归属感。今后，社区将继续开展类似的活动，为居民创造更加美好的生活环境。""开展创卫工作满意度调查",头条号,乜嘢,2024-01-15 10:42:37,http://www.toutiao.com/w/i7324148682935419432/,未知,戒烟、控烟,正面,未知
202401013638,"喜欢自由的芒果：元旦后，我去买烟时发现，原来的普通烟每包涨了2块。这仿佛是一种强烈的信号——国家似乎开始控烟了。面对这一变化，我不禁感到心潮起伏。在内心深处，我暗自下定决心：也许是时候放下手中的烟，为自己的身体健康做出一些改变了。我默默地为自己加油打气，心想：祖国，对不起了，我将不再为您损害自己的健康，春节之后，我决定戒烟！
这一让人深思的变化势必引发更多烟民的关注和思考。事实上，数据显示，近年来中国的烟草税收一直呈上升趋势。在我看来，此次烟价上涨并非单纯经济因素的表现，更可能是国家在倡导减少吸烟，提倡健康生活，加大控烟力度。或许这也意味着更多的人将选择告别烟草，迎接更加健康、清新的生活方式。
在我决定戒烟之时，我也意识到这不仅仅是对自己身体的一种保护，更是对身边亲人的一种责任和爱。我相信，养成良好的生活习惯，将不再让自己成为家人牵挂的担忧源，这也是我决心迎接全新生活的动力来源。
在此，我想对那些也在为戒烟努力的人们说：让我们携手共同努力，拥抱更健康的生活，无论是为了自己还是为了身边的人。放下烟，收获健康，拥抱美好生活。愿我们能共同迈向更加清新、美好的未来！
愿每一个努力的人都能因戒烟而获得身心的双重自由，愿每一次戒烟的尝试都能因成功而在人生中留下浓墨重彩的一笔。愿我们迎来更健康、更美好的明天！#头条创作挑战赛# #戒烟之艰辛# #戒烟心路历程# #戒烟真的难吗？# #戒烟有多难呢#",title: 喜欢自由的芒果：元旦后，我去买烟时发现，原来的普通烟每包涨了2块。这仿佛是一种强烈的信号——国家似乎开始控烟了。面对这一变化，我不禁感到心潮起伏。在内心深处，我暗自下定决心：也许是时候放下手中的烟，为自己的身体健康做出一些改变了。我默默地为自己加油打气，心想：祖国，对不起了，我将不再为您损害自己的健康，春节之后，我决定戒烟！ 这一让人深思的变化势必引发更多烟民的关注和思考。事实上，数据显示，近年来中国的烟草税收一直呈上升趋势。在我看来，此次烟价上涨并非单纯经济因素的表现，更可能是国家在倡导减少吸烟，提倡健康生活，加大控烟力度。或许这也意味着更多的人将选择告别烟草，迎接更加健康、清新的生活方式。 在我决定戒烟之时，我也意识到这不仅仅是对自己身体的一种保护，更是对身边亲人的一种责任和爱。我相信，养成良好的生活习惯，将不再让自己成为家人牵挂的担忧源，这也是我决心迎接全新生活的动力来源。 在此，我想对那些也在为戒烟努力的人们说：让我们携手共同努力，拥抱更健康的生活，无论是为了自己还是为了身边的人。放下烟，收获健康，拥抱美好生活。愿我们能共同迈向更加清新、美好的未来！ 愿每一个努力的人都能因戒烟而获得身心的双重自由，愿每一次戒烟的尝试都能因成功而在人生中留下浓墨重彩的一笔。愿我们迎来更健康、更美好的明天！#头条创作挑战赛# #戒烟之艰辛# #戒烟心路历程# #戒烟真的难吗？# #戒烟有多难呢# summary: 元旦后，我去买烟时发现，原来的普通烟每包涨了2块。在内心深处，我暗自下定决心：也许是时候放下手中的烟，为自己的身体健康做出一些改变了。我默默地为自己加油打气，心想：祖国，对不起了，我将不再为您损害自己的健康，春节之后，我决定戒烟！ content: 元旦后，我去买烟时发现，原来的普通烟每包涨了2块。这仿佛是一种强烈的信号——国家似乎开始控烟了。面对这一变化，我不禁感到心潮起伏。在内心深处，我暗自下定决心：也许是时候放下手中的烟，为自己的身体健康做出一些改变了。我默默地为自己加油打气，心想：祖国，对不起了，我将不再为您损害自己的健康，春节之后，我决定戒烟！ 这一让人深思的变化势必引发更多烟民的关注和思考。事实上，数据显示，近年来中国的烟草税收一直呈上升趋势。在我看来，此次烟价上涨并非单纯经济因素的表现，更可能是国家在倡导减少吸烟，提倡健康生活，加大控烟力度。或许这也意味着更多的人将选择告别烟草，迎接更加健康、清新的生活方式。 在我决定戒烟之时，我也意识到这不仅仅是对自己身体的一种保护，更是对身边亲人的一种责任和爱。我相信，养成良好的生活习惯，将不再让自己成为家人牵挂的担忧源，这也是我决心迎接全新生活的动力来源。 在此，我想对那些也在为戒烟努力的人们说：让我们携手共同努力，拥抱更健康的生活，无论是为了自己还是为了身边的人。放下烟，收获健康，拥抱美好生活。愿我们能共同迈向更加清新、美好的未来！ 愿每一个努力的人都能因戒烟而获得身心的双重自由，愿每一次戒烟的尝试都能因成功而在人生中留下浓墨重彩的一笔。愿我们迎来更健康、更美好的明天！#头条创作挑战赛# #戒烟之艰辛# #戒烟心路历程# #戒烟真的难吗？# #戒烟有多难呢#,微头条,喜欢自由的芒果,2024-01-15 10:33:21,http://www.toutiao.com/w/1788119770573836/,未知,控烟、戒烟,正面,未知
202401013644,【创文明卫生城 做健康幸福人】控烟主题公益广告——珍惜生命、拒绝烟草,title: 【创文明卫生城 做健康幸福人】控烟主题公益广告——珍惜生命、拒绝烟草 summary: 发布于：北京市。 content: 来源：武威日报投稿邮箱：xsbnjhtv@163.com监 制：白 兰 终 审：施 蕊、罗 鹏责 编：巩 娅编 辑：巩 娅发布于：北京市,搜狐号,云贵高原生活指南,2024-01-15 10:24:33,http://m.sohu.com/a/751901095_121106902,未知,控烟,正面,未知
202401013650,戒烟，势在必行,"title: 戒烟，势在必行 summary: 戒烟，势在必行在我国，每年因烟草失去生命的有100多万人，超过艾滋病、结核病、交通事故及自杀死亡人数总和。因此，无论何时戒烟都可以获益，戒烟何时都不晚。 content: 在我国，每年因烟草失去生命的有100多万人，超过艾滋病、结核病、交通事故及自杀死亡人数总和。中国疾病控制中心的一项研究表示，影响我国60岁及以上老年人群寿命的十大危险因素中，烟草居于首位。在我国，老年男性吸烟率高达45.5%，尽管戒烟、控烟一直在进行中，但多年来我国的吸烟率却并没有明显下降。警惕“二手烟”及“三手烟”的危害2023年，我国烟民人数超3.5亿人，被动吸烟人口高达7.4亿。二手烟、三手烟是最常见的被动吸烟方式。“二手烟”是由吸烟者呼出的烟草烟雾，即主流烟和烟草产品燃烧端释放出的侧流烟所形成的混合烟雾；“三手烟”是指吸烟者吸烟后，残留在衣服、墙壁、地毯、家具甚至是头发、皮肤等表面的烟草残留物，是危害最广泛、最严重室内空气污染。三手烟危害大过二手烟，二手烟危害大过一手烟。比如，二手烟中的一氧化碳是一手烟的5倍，焦油和烟碱是3倍，强烈致癌物亚硝胺是50倍，这些物质大都作用在被动吸烟的妇女儿童身上，而三手烟可以残留在衣物、墙壁、地毯、家具上长达数月，可通过呼吸及皮肤接触被人体吸收，长期侵害人体各组织器官，所以潜在的二手烟、三手烟更是杀人于无形。""戒烟何时都不晚大多数老年吸烟者烟龄都比较长，而且老年人身体机能下降，长期吸烟使老年人患慢阻肺、哮喘、肺癌、糖尿病、消化性溃疡的风险成倍增加，尤其是心脑血管疾病的患病风险会增高很多。很多老年人对戒烟存在很多错误的认知，觉得年轻人戒烟对以后有好处，老年人抽了一辈子，戒烟对身体帮助不大，戒不戒无所谓。有研究表明，35岁以前戒烟，能避免90%由吸烟引起的疾病，59岁以前戒烟，在15年内死亡的可能性仅为继续吸烟者的一半，即使过了60岁才戒烟，肺癌的病死率也大大低于继续吸烟者。所以对于戒烟来说，“戒比不戒好，早戒比晚戒好”，老年人也需要及时戒烟，尤其是长期有吸烟习惯的老年人，及时戒烟可以带来显而易见的益处，有助于身体健康，减轻吸烟带来的疾病危害。因此，无论何时戒烟都可以获益，戒烟何时都不晚。""",百家号,中国医大一院官方号,2024-01-15 10:17:22,http://baijiahao.baidu.com/s?id=1788120968695066580,未知,戒烟、控烟,中性,未知
202401013656,无烟佳节倡议书,"title: 无烟佳节倡议书 summary: 无烟佳节倡议书广大市民朋友们：为进一步推动我县无烟佳节与爱同行活动开展，持续巩固创卫成果，引导群众自觉践行文明健康、绿色环保的生活方式,共同营造春节期间健康无烟环境，在此，我们发出如下倡议：一、心中无烟。 content: 广大市民朋友们：为进一步推动我县“无烟佳节与爱同行”活动开展，持续巩固创卫成果，引导群众自觉践行文明健康、绿色环保的生活方式,共同营造春节期间健康无烟环境，在此，我们发出如下倡议：一、心中无烟。要认识烟草危害，了解烟草危害，提高自身防控烟草危害意识和能力。要增强自我控制能力，自觉抵制诱惑，提倡不吸烟，提倡互不敬烟。二、手中无烟。公共场所不吸烟。不在公共场所和乘坐的公共交通工具内吸烟，以实际行动践行文明健康、绿色环保的生活方式。各级领导干部、公职人员和教师、医务人员要带头示范，自觉遵守公共场所禁烟规定，自觉维护法规制度权威，自觉维护党政机关和领导干部形象。三、室内无烟。各机关单位、医院、学校、宾馆、车站、商场、影院、网吧、餐饮店、体育场馆等所有公共场所实行全面禁烟，在醒目位置张贴禁烟标志，落实控烟责任，带动全社会创建无烟环境。我们每个人都有向二手烟说“不”的权利，拒绝吸烟、二手烟，争当爱国卫生运动志愿者、控烟劝导员和监督员，主动劝阻他人不在禁烟场所吸烟，带动身边人文明劝导、共促健康。让我们共同行动起来，从自身做起、从现在做起，追求文明健康的生活方式，拒绝烟草危害，欢度无烟佳节。桐柏县爱国卫生运动委员会办公室2023年1月15日",头条号,健康桐柏,2024-01-15 10:15:56,http://www.toutiao.com/w/i7324142206917362211/,未知,控烟,中性,未知
202401013670,香烟呢？奇葩的存在。口号大力控烟背后烟草公司大力增产 香烟几次涨价,title: 香烟呢？奇葩的存在。口号大力控烟背后烟草公司大力增产 香烟几次涨价 summary: 香烟呢？奇葩的存在。口号大力控烟背后烟草公司大力增产 香烟几次涨价 content: 香烟呢？奇葩的存在。口号大力控烟背后烟草公司大力增产 香烟几次涨价,头条号,涌动的荷尔蒙,2024-01-15 09:57:47,未知,未知,控烟,中性,未知
202401013677,"活泼足智多谋奶酪蛋糕：元旦过后，我前往购买烟草产品时大吃一惊，发现原本的平民烟每包都上涨了2块钱。这无疑是一个强烈的信号！看来国家开始加大控烟力度了。面对这样的变化，我内心不禁升起了对抽烟习惯的反思和忧虑。每一分每一秒，吸烟的成本都在一步步上升，让我不禁考虑是时候做好戒烟的准备了。
可以说，这个新年将成为我戒烟的起点。在拜别昔日烟龄的同时，我不禁埋怨自己：祖国，对不起了。作为一个烟龄长达30多年的烟民，我再也不能顺从内心享受抽烟带来的快感，因为这个习惯正逐渐变得奢侈起来。春节过后，我决心戒烟。我深信，这一决定将对我的生活产生积极而深远的影响。
数据显示，抽烟的成本的确在逐渐升高，足以令我重新审视自己的烟草消费习惯。作为一个成年人，我相信应该为自己的健康负责，也许戒烟后的生活会更加健康、舒适。正如此刻的我在心中默默祈祷一样，希望这一决定能引领未来的新生活篇章，告别过去的烟雾缭绕，踏上清新的健康征程。",title: 活泼足智多谋奶酪蛋糕：元旦过后，我前往购买烟草产品时大吃一惊，发现原本的平民烟每包都上涨了2块钱。这无疑是一个强烈的信号！看来国家开始加大控烟力度了。面对这样的变化，我内心不禁升起了对抽烟习惯的反思和忧虑。每一分每一秒，吸烟的成本都在一步步上升，让我不禁考虑是时候做好戒烟的准备了。 可以说，这个新年将成为我戒烟的起点。在拜别昔日烟龄的同时，我不禁埋怨自己：祖国，对不起了。作为一个烟龄长达30多年的烟民，我再也不能顺从内心享受抽烟带来的快感，因为这个习惯正逐渐变得奢侈起来。春节过后，我决心戒烟。我深信，这一决定将对我的生活产生积极而深远的影响。 数据显示，抽烟的成本的确在逐渐升高，足以令我重新审视自己的烟草消费习惯。作为一个成年人，我相信应该为自己的健康负责，也许戒烟后的生活会更加健康、舒适。正如此刻的我在心中默默祈祷一样，希望这一决定能引领未来的新生活篇章，告别过去的烟雾缭绕，踏上清新的健康征程。 summary: 元旦过后，我前往购买烟草产品时大吃一惊，发现原本的平民烟每包都上涨了2块钱。面对这样的变化，我内心不禁升起了对抽烟习惯的反思和忧虑。每一分每一秒，吸烟的成本都在一步步上升，让我不禁考虑是时候做好戒烟的准备了。 content: 元旦过后，我前往购买烟草产品时大吃一惊，发现原本的平民烟每包都上涨了2块钱。这无疑是一个强烈的信号！看来国家开始加大控烟力度了。面对这样的变化，我内心不禁升起了对抽烟习惯的反思和忧虑。每一分每一秒，吸烟的成本都在一步步上升，让我不禁考虑是时候做好戒烟的准备了。 可以说，这个新年将成为我戒烟的起点。在拜别昔日烟龄的同时，我不禁埋怨自己：祖国，对不起了。作为一个烟龄长达30多年的烟民，我再也不能顺从内心享受抽烟带来的快感，因为这个习惯正逐渐变得奢侈起来。春节过后，我决心戒烟。我深信，这一决定将对我的生活产生积极而深远的影响。 数据显示，抽烟的成本的确在逐渐升高，足以令我重新审视自己的烟草消费习惯。作为一个成年人，我相信应该为自己的健康负责，也许戒烟后的生活会更加健康、舒适。正如此刻的我在心中默默祈祷一样，希望这一决定能引领未来的新生活篇章，告别过去的烟雾缭绕，踏上清新的健康征程。,微头条,活泼足智多谋奶酪蛋糕,2024-01-15 09:14:33,http://www.toutiao.com/w/1788110618613760/,未知,控烟、戒烟,正面,未知
202401013706,"元旦后，我发现原来的平民烟每包都涨了2块钱。这无疑是一个强烈的信号！国家开始控烟了。面对吸烟成本的不断上涨，我心中不免有些焦虑。毕竟，作为一个有着30多年烟龄的人，戒烟绝非易事，但是我意识到这是时候做好准备，迎接戒烟的挑战了。
烟草价格上涨无疑会对吸烟者产生深远影响。用自己的口袋去支撑烟草产业，是否值得成为一个需要深思的问题。数据显示，过去几年来，国家对烟草行业的管理不断加强，相继出台了一系列控烟政策。这让我深刻意识到，国家对于控烟问题越来越重视。
此时，我决定在春节过后开始我的戒烟之旅。我深知这不仅是对自己身体的一次拯救，更是对祖国的一份贡献。尽管戒烟之路注定不会一帆风顺，但我会坚定地走下去。或许在戒烟的道路上，我能从逐渐健康的生活方式中获得更多的快乐与满足。带着决心和信念，我迎接着新的挑战，为自己，为家人，为未来而戒烟。","title: 元旦后，我发现原来的平民烟每包都涨了2块钱。这无疑是一个强烈的信号！国家开始控烟了。面对吸烟成本的不断上涨，我心中不免有些焦虑。毕竟，作为一个有着30多年烟龄的人，戒烟绝非易事，但是我意识到这是时候做好准备，迎接戒烟的挑战了。 烟草价格上涨无疑会对吸烟者产生深远影响。用自己的口袋去支撑烟草产业，是否值得成为一个需要深思的问题。数据显示，过去几年来，国家对烟草行业的管理不断加强，相继出台了一系列控烟政策。这让我深刻意识到，国家对于控烟问题越来越重视。 此时，我决定在春节过后开始我的戒烟之旅。我深知这不仅是对自己身体的一次拯救，更是对祖国的一份贡献。尽管戒烟之路注定不会一帆风顺，但我会坚定地走下去。或许在戒烟的道路上，我能从逐渐健康的生活方式中获得更多的快乐与满足。带着决心和信念，我迎接着新的挑战，为自己，为家人，为未来而戒烟。 summary: 元旦后，我发现原来的平民烟每包都涨了2块钱。面对吸烟成本的不断上涨，我心中不免有些焦虑。毕竟，作为一个有着30多年烟龄的人，戒烟绝非易事，但是我意识到这是时候做好准备，迎接戒烟的挑战了。带着决心和信念，我迎接着新的挑战，为自己，为家人，为未来而戒烟。 content: 元旦后，我发现原来的平民烟每包都涨了2块钱。这无疑是一个强烈的信号！国家开始控烟了。面对吸烟成本的不断上涨，我心中不免有些焦虑。毕竟，作为一个有着30多年烟龄的人，戒烟绝非易事，但是我意识到这是时候做好准备，迎接戒烟的挑战了。 烟草价格上涨无疑会对吸烟者产生深远影响。用自己的口袋去支撑烟草产业，是否值得成为一个需要深思的问题。数据显示，过去几年来，国家对烟草行业的管理不断加强，相继出台了一系列控烟政策。这让我深刻意识到，国家对于控烟问题越来越重视。 此时，我决定在春节过后开始我的戒烟之旅。我深知这不仅是对自己身体的一次拯救，更是对祖国的一份贡献。尽管戒烟之路注定不会一帆风顺，但我会坚定地走下去。或许在戒烟的道路上，我能从逐渐健康的生活方式中获得更多的快乐与满足。带着决心和信念，我迎接着新的挑战，为自己，为家人，为未来而戒烟。 """,微头条,正直清泉J,2024-01-15 07:32:54,http://www.toutiao.com/w/i1788092653698052/,未知,控烟、戒烟,正面,未知
202401013713,#为什么烟草越来越贵?#国家的控烟目标，涨价的目的就是让你吸不起烟，你不得不戒烟，而国家的税收又没减少。做好心理准备吧，以后还会涨价，估计是经常性的涨价，也许最便宜的烟真的会涨到50多元一盒。,title: #为什么烟草越来越贵?#国家的控烟目标，涨价的目的就是让你吸不起烟，你不得不戒烟，而国家的税收又没减少。做好心理准备吧，以后还会涨价，估计是经常性的涨价，也许最便宜的烟真的会涨到50多元一盒。 summary: #为什么烟草越来越贵?#国家的控烟目标，涨价的目的就是让你吸不起烟，你不得不戒烟，而国家的税收又没减少。做好心理准备吧，以后还会涨价，估计是经常性的涨价，也许最便宜的烟真的会涨到50多元一盒。 content: #为什么烟草越来越贵?#国家的控烟目标，涨价的目的就是让你吸不起烟，你不得不戒烟，而国家的税收又没减少。做好心理准备吧，以后还会涨价，估计是经常性的涨价，也许最便宜的烟真的会涨到50多元一盒。,微头条,清闲的露珠OH,2024-01-15 01:05:45,http://www.toutiao.com/w/i1788086263879754/,未知,控烟、戒烟,正面,未知
202401013727,"经历元旦后一次烟草品牌的涨价，我意识到这是一条明确的政策信号：国家开始加强对控烟的监管。想到未来不能再像以前一样随意地购买烟草制品，我的内心倍感焦虑。作为一名抽烟30多年的老烟民，我深知戒烟的困难。但是面对祖国的诉求，我们更应该时刻保持为国家、为人民着想的良好心态。为了自己和家人的健康，为了国家的未来，我决定在春节过后大力戒烟。

戒烟是一项永恒的话题，需要不断地坚持和努力。我们要不断提高对控烟的认识，积极响应国家的政策，为我们自己和社会的健康安全努力奋斗。与此同时，我们也要关注和重视青少年的吸烟问题，积极开展各种形式的宣传教育，为广大人民群众持续打造一个良好的烟草控制环境。","title: 经历元旦后一次烟草品牌的涨价，我意识到这是一条明确的政策信号：国家开始加强对控烟的监管。想到未来不能再像以前一样随意地购买烟草制品，我的内心倍感焦虑。作为一名抽烟30多年的老烟民，我深知戒烟的困难。但是面对祖国的诉求，我们更应该时刻保持为国家、为人民着想的良好心态。为了自己和家人的健康，为了国家的未来，我决定在春节过后大力戒烟。 戒烟是一项永恒的话题，需要不断地坚持和努力。我们要不断提高对控烟的认识，积极响应国家的政策，为我们自己和社会的健康安全努力奋斗。与此同时，我们也要关注和重视青少年的吸烟问题，积极开展各种形式的宣传教育，为广大人民群众持续打造一个良好的烟草控制环境。 summary: 经历元旦后一次烟草品牌的涨价，我意识到这是一条明确的政策信号：国家开始加强对控烟的监管。想到未来不能再像以前一样随意地购买烟草制品，我的内心倍感焦虑。作为一名抽烟30多年的老烟民，我深知戒烟的困难。为了自己和家人的健康，为了国家的未来，我决定在春节过后大力戒烟。 content: 经历元旦后一次烟草品牌的涨价，我意识到这是一条明确的政策信号：国家开始加强对控烟的监管。想到未来不能再像以前一样随意地购买烟草制品，我的内心倍感焦虑。作为一名抽烟30多年的老烟民，我深知戒烟的困难。但是面对祖国的诉求，我们更应该时刻保持为国家、为人民着想的良好心态。为了自己和家人的健康，为了国家的未来，我决定在春节过后大力戒烟。 戒烟是一项永恒的话题，需要不断地坚持和努力。我们要不断提高对控烟的认识，积极响应国家的政策，为我们自己和社会的健康安全努力奋斗。与此同时，我们也要关注和重视青少年的吸烟问题，积极开展各种形式的宣传教育，为广大人民群众持续打造一个良好的烟草控制环境。 """,微头条,好学菠萝Rih,2024-01-15 00:00:52,http://www.toutiao.com/w/i1788072284143616/,未知,控烟、戒烟,正面,未知
202401013228,"2007年，成都一张珍贵的照片展现了当时一位重庆籍大学女生的特别风采。在某高校的宿舍楼道，她身着婷婷学生装，眼神中透着坚毅与温柔。作为学生会控烟劝导员，她在休息间隙被抓拍到，正在专注地准备着下一堂课的内容。
这位来自城口县的姑娘，怀揣着对大学生活的美好憧憬，怀抱着锻炼自己的愿望，勇敢地融入了学生会的行列。每周，她都会挤出时间在校园中开展控烟劝导工作，将自己的一份力量贡献给校园社区。
其实，从这张照片中不难发现，这位重庆姑娘的美丽并非止于容貌。她的坚定与自信，内外兼修，给人一种特别的魅力。戴着眼镜的她，斯文中透着干练，展示出了当代大学生积极向上的风貌。
这样一张平凡生活中的照片，或许在当时只是匆匆过客的一瞬间，却因为特别的气质，特别的精神，异常吸引眼球。这不仅仅是一张照片，更是一份关于青春与奋斗的注解，一段关于美丽与责任的赞歌。#四川生活奇闻# #四川成都赵泡泡# #成都奇闻异事# #成都街头敏妹儿# #四川遗弃女孩# #成都奇葩事# #四川女的# #大幺妹推广# #四川人民看过来# #重庆身边的事#","title: 2007年，成都一张珍贵的照片展现了当时一位重庆籍大学女生的特别风采。在某高校的宿舍楼道，她身着婷婷学生装，眼神中透着坚毅与温柔。作为学生会控烟劝导员，她在休息间隙被抓拍到，正在专注地准备着下一堂课的内容。 这位来自城口县的姑娘，怀揣着对大学生活的美好憧憬，怀抱着锻炼自己的愿望，勇敢地融入了学生会的行列。每周，她都会挤出时间在校园中开展控烟劝导工作，将自己的一份力量贡献给校园社区。 其实，从这张照片中不难发现，这位重庆姑娘的美丽并非止于容貌。她的坚定与自信，内外兼修，给人一种特别的魅力。戴着眼镜的她，斯文中透着干练，展示出了当代大学生积极向上的风貌。 这样一张平凡生活中的照片，或许在当时只是匆匆过客的一瞬间，却因为特别的气质，特别的精神，异常吸引眼球。这不仅仅是一张照片，更是一份关于青春与奋斗的注解，一段关于美丽与责任的赞歌。#四川生活奇闻# #四川成都赵泡泡# #成都奇闻异事# #成都街头敏妹儿# #四川遗弃女孩# #成都奇葩事# #四川女的# #大幺妹推广# #四川人民看过来# #重庆身边的事# summary: 2007年，成都一张珍贵的照片展现了当时一位重庆籍大学女生的特别风采。在某高校的宿舍楼道，她身着婷婷学生装，眼神中透着坚毅与温柔。#四川生活奇闻##四川成都赵泡泡##成都奇闻异事##成都街头敏妹儿##四川遗弃女孩##成都奇葩事##四川女的##大幺妹推广##四川人民看过来##重庆身边的事#. content: 2007年，成都一张珍贵的照片展现了当时一位重庆籍大学女生的特别风采。在某高校的宿舍楼道，她身着婷婷学生装，眼神中透着坚毅与温柔。作为学生会控烟劝导员，她在休息间隙被抓拍到，正在专注地准备着下一堂课的内容。 这位来自城口县的姑娘，怀揣着对大学生活的美好憧憬，怀抱着锻炼自己的愿望，勇敢地融入了学生会的行列。每周，她都会挤出时间在校园中开展控烟劝导工作，将自己的一份力量贡献给校园社区。 其实，从这张照片中不难发现，这位重庆姑娘的美丽并非止于容貌。她的坚定与自信，内外兼修，给人一种特别的魅力。戴着眼镜的她，斯文中透着干练，展示出了当代大学生积极向上的风貌。 这样一张平凡生活中的照片，或许在当时只是匆匆过客的一瞬间，却因为特别的气质，特别的精神，异常吸引眼球。这不仅仅是一张照片，更是一份关于青春与奋斗的注解，一段关于美丽与责任的赞歌。#四川生活奇闻# #四川成都赵泡泡# #成都奇闻异事# #成都街头敏妹儿# #四川遗弃女孩# #成都奇葩事# #四川女的# #大幺妹推广# #四川人民看过来# #重庆身边的事# """,微头条,自由吉恩8l1,2024-01-14 20:31:31,http://www.toutiao.com/w/i1788027839458378/,未知,控烟,正面,未知
202401013234,"戒烟点滴（267）：戒烟确实需要加大宣传。
1.今天发现了一个网站，才知道控烟是国家早就在实施的一项重要政策，这个网站名叫“中国控制吸烟协会”，内容丰富，而且权威。在他发布的文献资料中我看到了对“尼古丁”是类似毒品的本质描述。
2.其实，很多人是在无知的情况下吸上烟的。我们要是知道了吸烟的本质，可能就不会吸烟了。光靠烟盒上的那句“吸烟有害健康”是起不到多大作用的。因为有害健康的东西太多了，吸不吸好像就无所谓了。
3.事实上，染上烟瘾也就是染上了尼古丁“毒瘾”。尼古丁成瘾符合毒品成瘾的四大特征：一是依赖性，每天需要重复吸烟的行为，烟草成为生活必需品，这就是依赖；二是觅药性，一旦烟瘾发作，会让自己不顾一切要找到烟，并迫不及待的点上；三是加大剂量，吸烟开始需求量不大，但随着时间进程，每天对烟草的需要量会逐渐增加，甚至每天高达2到3包。四是戒断时会出现明显的戒断反应，让人生活在一只无形的手的控制之中，慢慢对你的健康产生不良影响。
4.因此，加强宣传意义重大，不仅官方宣传要加强，民间宣传也应该跟进。让更多的人了解吸烟的本质，也让更多的人相信烟是能戒掉的事实，尽早戒烟。","title: 戒烟点滴（267）：戒烟确实需要加大宣传。 1.今天发现了一个网站，才知道控烟是国家早就在实施的一项重要政策，这个网站名叫“中国控制吸烟协会”，内容丰富，而且权威。在他发布的文献资料中我看到了对“尼古丁”是类似毒品的本质描述。 2.其实，很多人是在无知的情况下吸上烟的。我们要是知道了吸烟的本质，可能就不会吸烟了。光靠烟盒上的那句“吸烟有害健康”是起不到多大作用的。因为有害健康的东西太多了，吸不吸好像就无所谓了。 3.事实上，染上烟瘾也就是染上了尼古丁“毒瘾”。尼古丁成瘾符合毒品成瘾的四大特征：一是依赖性，每天需要重复吸烟的行为，烟草成为生活必需品，这就是依赖；二是觅药性，一旦烟瘾发作，会让自己不顾一切要找到烟，并迫不及待的点上；三是加大剂量，吸烟开始需求量不大，但随着时间进程，每天对烟草的需要量会逐渐增加，甚至每天高达2到3包。四是戒断时会出现明显的戒断反应，让人生活在一只无形的手的控制之中，慢慢对你的健康产生不良影响。 4.因此，加强宣传意义重大，不仅官方宣传要加强，民间宣传也应该跟进。让更多的人了解吸烟的本质，也让更多的人相信烟是能戒掉的事实，尽早戒烟。 summary: ：戒烟确实需要加大宣传。尼古丁成瘾符合毒品成瘾的四大特征：一是依赖性，每天需要重复吸烟的行为，烟草成为生活必需品，这就是依赖。因此，加强宣传意义重大，不仅官方宣传要加强，民间宣传也应该跟进。让更多的人了解吸烟的本质，也让更多的人相信烟是能戒掉的事实，尽早戒烟。 content: 戒烟点滴（267）：戒烟确实需要加大宣传。 1.今天发现了一个网站，才知道控烟是国家早就在实施的一项重要政策，这个网站名叫“中国控制吸烟协会”，内容丰富，而且权威。在他发布的文献资料中我看到了对“尼古丁”是类似毒品的本质描述。 2.其实，很多人是在无知的情况下吸上烟的。我们要是知道了吸烟的本质，可能就不会吸烟了。光靠烟盒上的那句“吸烟有害健康”是起不到多大作用的。因为有害健康的东西太多了，吸不吸好像就无所谓了。 3.事实上，染上烟瘾也就是染上了尼古丁“毒瘾”。尼古丁成瘾符合毒品成瘾的四大特征：一是依赖性，每天需要重复吸烟的行为，烟草成为生活必需品，这就是依赖；二是觅药性，一旦烟瘾发作，会让自己不顾一切要找到烟，并迫不及待的点上；三是加大剂量，吸烟开始需求量不大，但随着时间进程，每天对烟草的需要量会逐渐增加，甚至每天高达2到3包。四是戒断时会出现明显的戒断反应，让人生活在一只无形的手的控制之中，慢慢对你的健康产生不良影响。 4.因此，加强宣传意义重大，不仅官方宣传要加强，民间宣传也应该跟进。让更多的人了解吸烟的本质，也让更多的人相信烟是能戒掉的事实，尽早戒烟。 "" """,微头条,新知隐成,2024-01-14 18:01:53,http://www.toutiao.com/w/i1788059596180547/,未知,戒烟、控烟,正面,未知
202401013241,"美国肺癌死亡率为什么下降这么快？
美国在1964年发布的《卫生总监报告》中，首次明确指出在大量的科学研究数据显示，吸烟危害健康并可导致多种疾病，尤其是吸烟是肺癌发生的主要元凶。于是政府便开始采取一系列控烟措施，这些控烟措施包括：70年代便禁止在全国的广播和电视上禁止烟草广告，1983年联邦政府将烟草税率提高一倍，1986年发布了针对二手烟危害的《卫生总监报告》，又进一步明确在飞机上全面禁止吸烟，在全国商店开始销售尼古丁类戒烟产品，1998年加州出台相关法律禁止在餐厅内吸烟，2009年联邦政府几次要求在全国范围内提高卷烟的税收和烟价，再次将每盒卷烟税收从0.39美元提高到1.01美元。经过上述一系列措施的实施，终于在1964年发布的20年后，烟草消费出现下降拐点，随之美国肺癌死亡率出现了明显下降。硏究显示：美国肺癌死亡率从1990年到2020年，男性下降了58%，女性下降了36%。
以上数据表示，控制吸烟，减少烟草消费，是控制肺癌发病和死亡的重要因素！",title: 美国肺癌死亡率为什么下降这么快？ 美国在1964年发布的《卫生总监报告》中，首次明确指出在大量的科学研究数据显示，吸烟危害健康并可导致多种疾病，尤其是吸烟是肺癌发生的主要元凶。于是政府便开始采取一系列控烟措施，这些控烟措施包括：70年代便禁止在全国的广播和电视上禁止烟草广告，1983年联邦政府将烟草税率提高一倍，1986年发布了针对二手烟危害的《卫生总监报告》，又进一步明确在飞机上全面禁止吸烟，在全国商店开始销售尼古丁类戒烟产品，1998年加州出台相关法律禁止在餐厅内吸烟，2009年联邦政府几次要求在全国范围内提高卷烟的税收和烟价，再次将每盒卷烟税收从0.39美元提高到1.01美元。经过上述一系列措施的实施，终于在1964年发布的20年后，烟草消费出现下降拐点，随之美国肺癌死亡率出现了明显下降。硏究显示：美国肺癌死亡率从1990年到2020年，男性下降了58%，女性下降了36%。 以上数据表示，控制吸烟，减少烟草消费，是控制肺癌发病和死亡的重要因素！ summary: 美国肺癌死亡率为什么下降这么快？以上数据表示，控制吸烟，减少烟草消费，是控制肺癌发病和死亡的重要因素！ content: 美国肺癌死亡率为什么下降这么快？ 美国在1964年发布的《卫生总监报告》中，首次明确指出在大量的科学研究数据显示，吸烟危害健康并可导致多种疾病，尤其是吸烟是肺癌发生的主要元凶。于是政府便开始采取一系列控烟措施，这些控烟措施包括：70年代便禁止在全国的广播和电视上禁止烟草广告，1983年联邦政府将烟草税率提高一倍，1986年发布了针对二手烟危害的《卫生总监报告》，又进一步明确在飞机上全面禁止吸烟，在全国商店开始销售尼古丁类戒烟产品，1998年加州出台相关法律禁止在餐厅内吸烟，2009年联邦政府几次要求在全国范围内提高卷烟的税收和烟价，再次将每盒卷烟税收从0.39美元提高到1.01美元。经过上述一系列措施的实施，终于在1964年发布的20年后，烟草消费出现下降拐点，随之美国肺癌死亡率出现了明显下降。硏究显示：美国肺癌死亡率从1990年到2020年，男性下降了58%，女性下降了36%。 以上数据表示，控制吸烟，减少烟草消费，是控制肺癌发病和死亡的重要因素！,微头条,何必当真150355613,2024-01-14 17:31:23,http://www.toutiao.com/w/i1788057677300746/,未知,控烟、戒烟,正面,未知
202401013247,"#冬日生活打卡季# 烟草市场一再出现短缺，这让很多吸烟者感到困扰。戒烟虽然是一条健康之路，但事实上，并非每个吸烟者都能轻易脱离烟草的诱惑。面对烟草短缺的情况，我们不禁要问：到底是什么原因导致了烟草供应的紧张局面？除此之外，我们还可以思考：对于吸烟者来说，如何更好地应对烟草短缺的挑战？或许，每个烟民都有自己的答案。而中国烟草作为我国最大的烟草生产商，也需要认真面对这一问题，寻求更好的解决之道。尽管戒烟的好处被广为宣传，但世界卫生组织（WHO）的数据显示，全球有超过10亿人仍在吸烟。烟草短缺无疑给这些吸烟者带来了额外的困扰。据报道，一些地区出现了烟草紧缺的情况，导致了很多烟民“跑了几个商店才弄来这几包”的窘境。究其原因，烟草短缺的情况可能受多方面因素影响。全球疫情的持续蔓延，可能导致烟草生产和供应链上的挑战。同时，政策变化和市场需求的波动也可能是烟草供应不足的原因之一。对于吸烟者来说，戒烟并不容易。烟草短缺可能会让一些吸烟者更加焦虑，也加大了戒烟的难度。但无论如何，面对烟草短缺，我们可以尝试寻找替代品或者尝试戒烟的方法，以减少对烟草的依赖。中国烟草作为我国最大的烟草生产商，也面临着应对烟草短缺的挑战。在烟草供应出现不足的情况下，如何保障烟民的需求，也是需要认真思考和解决的问题。同时，更好地推动烟草控烟工作，为吸烟者提供更多戒烟的支持与帮助，也是中国烟草应该重视的方向。

烟草短缺的背后，是吸烟者、烟草企业以及整个社会都需要思考的问题。在这个问题面前，我们也许可以尝试去寻找更好的解决之道，无论是从个人还是社会层面，都能为烟草短缺找到更好的解决方案。","title: #冬日生活打卡季# 烟草市场一再出现短缺，这让很多吸烟者感到困扰。戒烟虽然是一条健康之路，但事实上，并非每个吸烟者都能轻易脱离烟草的诱惑。面对烟草短缺的情况，我们不禁要问：到底是什么原因导致了烟草供应的紧张局面？除此之外，我们还可以思考：对于吸烟者来说，如何更好地应对烟草短缺的挑战？或许，每个烟民都有自己的答案。而中国烟草作为我国最大的烟草生产商，也需要认真面对这一问题，寻求更好的解决之道。尽管戒烟的好处被广为宣传，但世界卫生组织（WHO）的数据显示，全球有超过10亿人仍在吸烟。烟草短缺无疑给这些吸烟者带来了额外的困扰。据报道，一些地区出现了烟草紧缺的情况，导致了很多烟民“跑了几个商店才弄来这几包”的窘境。究其原因，烟草短缺的情况可能受多方面因素影响。全球疫情的持续蔓延，可能导致烟草生产和供应链上的挑战。同时，政策变化和市场需求的波动也可能是烟草供应不足的原因之一。对于吸烟者来说，戒烟并不容易。烟草短缺可能会让一些吸烟者更加焦虑，也加大了戒烟的难度。但无论如何，面对烟草短缺，我们可以尝试寻找替代品或者尝试戒烟的方法，以减少对烟草的依赖。中国烟草作为我国最大的烟草生产商，也面临着应对烟草短缺的挑战。在烟草供应出现不足的情况下，如何保障烟民的需求，也是需要认真思考和解决的问题。同时，更好地推动烟草控烟工作，为吸烟者提供更多戒烟的支持与帮助，也是中国烟草应该重视的方向。 烟草短缺的背后，是吸烟者、烟草企业以及整个社会都需要思考的问题。在这个问题面前，我们也许可以尝试去寻找更好的解决之道，无论是从个人还是社会层面，都能为烟草短缺找到更好的解决方案。 summary: #冬日生活打卡季#烟草市场一再出现短缺，这让很多吸烟者感到困扰。但无论如何，面对烟草短缺，我们可以尝试寻找替代品或者尝试戒烟的方法，以减少对烟草的依赖。同时，更好地推动烟草控烟工作，为吸烟者提供更多戒烟的支持与帮助，也是中国烟草应该重视的方向。 content: #冬日生活打卡季# 烟草市场一再出现短缺，这让很多吸烟者感到困扰。戒烟虽然是一条健康之路，但事实上，并非每个吸烟者都能轻易脱离烟草的诱惑。面对烟草短缺的情况，我们不禁要问：到底是什么原因导致了烟草供应的紧张局面？除此之外，我们还可以思考：对于吸烟者来说，如何更好地应对烟草短缺的挑战？或许，每个烟民都有自己的答案。而中国烟草作为我国最大的烟草生产商，也需要认真面对这一问题，寻求更好的解决之道。尽管戒烟的好处被广为宣传，但世界卫生组织（WHO）的数据显示，全球有超过10亿人仍在吸烟。烟草短缺无疑给这些吸烟者带来了额外的困扰。据报道，一些地区出现了烟草紧缺的情况，导致了很多烟民“跑了几个商店才弄来这几包”的窘境。究其原因，烟草短缺的情况可能受多方面因素影响。全球疫情的持续蔓延，可能导致烟草生产和供应链上的挑战。同时，政策变化和市场需求的波动也可能是烟草供应不足的原因之一。对于吸烟者来说，戒烟并不容易。烟草短缺可能会让一些吸烟者更加焦虑，也加大了戒烟的难度。但无论如何，面对烟草短缺，我们可以尝试寻找替代品或者尝试戒烟的方法，以减少对烟草的依赖。中国烟草作为我国最大的烟草生产商，也面临着应对烟草短缺的挑战。在烟草供应出现不足的情况下，如何保障烟民的需求，也是需要认真思考和解决的问题。同时，更好地推动烟草控烟工作，为吸烟者提供更多戒烟的支持与帮助，也是中国烟草应该重视的方向。 烟草短缺的背后，是吸烟者、烟草企业以及整个社会都需要思考的问题。在这个问题面前，我们也许可以尝试去寻找更好的解决之道，无论是从个人还是社会层面，都能为烟草短缺找到更好的解决方案。 """,微头条,妖夜行摄食光,2024-01-14 16:48:07,http://www.toutiao.com/w/i1787916860867587/,未知,戒烟、控烟,正面,未知
202401013266,用户6523051269983：这哪是孩子的作业，这分明是给家长布置的作业[捂脸] 耗时一个小时终于完成啦。#禁烟控烟手抄报 #幼儿园手抄报制作,title: 用户6523051269983：这哪是孩子的作业，这分明是给家长布置的作业[捂脸] 耗时一个小时终于完成啦。#禁烟控烟手抄报 #幼儿园手抄报制作 summary: 这哪是孩子的作业，这分明是给家长布置的作业[捂脸]耗时一个小时终于完成啦。 content: 这哪是孩子的作业，这分明是给家长布置的作业[捂脸] 耗时一个小时终于完成啦。#禁烟控烟手抄报 #幼儿园手抄报制作,微头条,用户6523051269983,2024-01-14 13:37:43,http://www.toutiao.com/w/7323823911022382388/,未知,控烟,正面,未知
202401013272,终于等到了！钟南山院士带来重磅消息，对全世界来说都是件好事,"title: 终于等到了！钟南山院士带来重磅消息，对全世界来说都是件好事 summary: 对全世界来说都是件好事近期,钟南山院士在一次会议上透露,根据CT检查显示,发现30%的普通人群存在肺结节。这个数字令人震惊,意味着每10个人中就有3个人患有肺结节。作为一种较为常见的肺部疾病,肺结节的高发率值得我们深思。希望通过各界不断努力,能使肺结节发病率得到遏制和降低。 content: 近期,钟南山院士在一次会议上透露,根据CT检查显示,发现30%的普通人群存在肺结节。这个数字令人震惊,意味着每10个人中就有3个人患有肺结节。作为一种较为常见的肺部疾病,肺结节的高发率值得我们深思。""何为肺结节?简单来说,肺结节是指直径小于3厘米的肺内孤立性病变结节。这些结节大多为良性,也有可能是恶性肿瘤的早期表现。无论良性还是恶性,存在肺结节都会对人体健康造成一定威胁。回过头来看钟南山的研究数据,30%的普通人有肺结节,这个比例高到令人不寒而栗。考虑到钟南山的严谨作风,这个数据很可能还低估了问题的严重性。那么问题来了,为何如今肺结节的患病率如此之高?""首先,环境污染和空气质量下降是重要因素。工业污染、车辆尾气以及生活污染物大量排放,这些污染物通过呼吸进入人体,堆积在肺部组织,久而久之可能引发肺结节。此外,受吸烟影响也是患病的高危人群。""其次,生活方式也影响着肺结节的发病。越来越多的人生活节奏紧张,经常熬夜加班,睡眠不足。还有因工作压力大、饮食不规律等原因,使身体处于长期亚健康状态。这些都可能导致肺部疾病。""最后,也不可忽视基因因素的作用。有研究表明,肺癌家族史正性的个体,发生肺结节的概率要明显高于一般人群。这从另一侧面反映出遗传因素在肺结节形成中可能起着重要作用。综上所述,环境污染、不健康的生活方式以及遗传因素共同导致肺结节高发。这给我们敲响了警钟,应引起足够重视。要控制住肺结节患病率,就需要从社会和个人两个层面采取有效措施。社会层面,政府应加大环境治理、控烟等力度。个人层面,提倡健康生活方式,远离烟酒,并适当进行体检筛查。希望通过各界不断努力,能使肺结节发病率得到遏制和降低。",头条号,浩浩小说,2024-01-14 12:49:48,http://www.toutiao.com/w/i7323810896420782604/,未知,控烟,正面,未知
202401013292,"#你是否支持取缔烟草行业#
不支持，我一直认为国家不要替老百姓做选择，要把选择权还给老百姓，国家可以做的是：1烟草课重税，就像现在这样。2、打破垄断。当然，如果国家需要垄断也无不可，但如果是国家垄断，那么烟草公司必须财务公开，工作人员必须按国家工作人员对待，严查收入。3、公共场所加大控烟力度，严罚。保护非烟人群。","title: #你是否支持取缔烟草行业# 不支持，我一直认为国家不要替老百姓做选择，要把选择权还给老百姓，国家可以做的是：1烟草课重税，就像现在这样。2、打破垄断。当然，如果国家需要垄断也无不可，但如果是国家垄断，那么烟草公司必须财务公开，工作人员必须按国家工作人员对待，严查收入。3、公共场所加大控烟力度，严罚。保护非烟人群。 summary: 不支持，我一直认为国家不要替老百姓做选择，要把选择权还给老百姓，国家可以做的是：1烟草课重税，就像现在这样。当然，如果国家需要垄断也无不可，但如果是国家垄断，那么烟草公司必须财务公开，工作人员必须按国家工作人员对待，严查收入。公共场所加大控烟力度，严罚。保护非烟人群。 content: #你是否支持取缔烟草行业# 不支持，我一直认为国家不要替老百姓做选择，要把选择权还给老百姓，国家可以做的是：1烟草课重税，就像现在这样。2、打破垄断。当然，如果国家需要垄断也无不可，但如果是国家垄断，那么烟草公司必须财务公开，工作人员必须按国家工作人员对待，严查收入。3、公共场所加大控烟力度，严罚。保护非烟人群。 """,微头条,淡泊名利者的救赎,2024-01-14 10:54:59,http://www.toutiao.com/w/i1788032738876480/,未知,控烟,中性,未知
202401013299,桂K向阳：从此控烟戒酒,title: 桂K向阳：从此控烟戒酒 summary: 从此控烟戒酒从此控烟戒酒 content: 从此控烟戒酒,微头条,桂K向阳,2024-01-14 09:05:28,http://www.toutiao.com/w/7323753756904934668/,未知,控烟,中性,未知
202401013319,"活泼海燕Mj：一幅时光定格的画面，温馨而又深刻，仿佛一瞬间的平凡之美被镜头定格在这一刻。我们看到的是一位来自重庆市城口县的姑娘，她的背影若隐若现，承载着一份责任与使命。这是2007年，在成都某高校宿舍的楼道上，正在休息的是一名学校学生会控烟劝导员。姑娘，是学校的骄傲，也是一个平凡而又特别的存在。她自大学时期起便怀揣着锻炼自己的渴望，于是毅然成为了学生会的控烟劝导员，每周坚持在学校内进行控烟劝导工作。眼镜间斯斯文文的形象下隐藏着一颗坚定而温柔的心，姑娘的一举一动传递出一种独特的感觉，仿佛一种美好在她身上得到诠释。
这张照片无声地述说着一个年轻人的使命与担当。姑娘在这个角落，她是控烟劝导员，更是着力于倡导文明健康生活方式的守护者。看似平凡的工作背后，蕴含着对护航青年身心健康的责任，在这样的使命中，她以实际行动影响着身边的每一个人，唤醒着他们对健康生活的认知。她的坚守和付出，值得我们深思。是她让我们看到，年轻人应该有更多的担当和责任，去引领更加积极向上的生活态度。
这样的画面仿佛提醒着我们，在当下，每个人都能成为负责任的生活引领者。不论是控烟劝导、垃圾分类推动、互助帮扶等，每一个平凡之举都蕴含着无比的力量。姑娘的照片，如同一面镜子，让我们反思当下的生活状态，审视自己的生活习惯和对身边环境的关注。每一个人都应该在自己的领域内，做一个守护者，用心呵护着生活的美好。
或许，我们都值得站在这样的楼道上，去静心守护，用最朴实的行动诠释对美好生活的向往。这不仅仅是一种责任感，更是一种生活态度的践行。
#冬日生活打卡季#、#评论区出主意大赛#、#万能生活指南#
毫无疑问，我们每个人都能成为生活的引领者，为身边的人带去正能量，为社会传递温暖。生活中的这些美好瞬间，警示着我们在每个角落都能找到生活的意义和价值，都能找到自我实现的平台。这或许就是人与人之间最贴心的力量，通过自己的付出去影响这个世界。
通过这张照片，我们看到一个平凡又特别的人，她坚守在使命中，传递出一种生活的态度与品质。让我们像她一样，用自己的方式，在生活的每个角落，散播着正能量，传递着美好，成为引领生活的一份子。这或许才是我们所追寻的生活本质，用平凡演绎不凡，用责任书写担当，用行动传递温馨。愿我们每个人都成为这样的存在，点亮生活的美好，温暖这个世界。
以上内容仅代表个人观点，供读者们娱乐自辨。如果涉及到相关政策法规还请以官方文件为主！",title: 活泼海燕Mj：一幅时光定格的画面，温馨而又深刻，仿佛一瞬间的平凡之美被镜头定格在这一刻。我们看到的是一位来自重庆市城口县的姑娘，她的背影若隐若现，承载着一份责任与使命。这是2007年，在成都某高校宿舍的楼道上，正在休息的是一名学校学生会控烟劝导员。姑娘，是学校的骄傲，也是一个平凡而又特别的存在。她自大学时期起便怀揣着锻炼自己的渴望，于是毅然成为了学生会的控烟劝导员，每周坚持在学校内进行控烟劝导工作。眼镜间斯斯文文的形象下隐藏着一颗坚定而温柔的心，姑娘的一举一动传递出一种独特的感觉，仿佛一种美好在她身上得到诠释。 这张照片无声地述说着一个年轻人的使命与担当。姑娘在这个角落，她是控烟劝导员，更是着力于倡导文明健康生活方式的守护者。看似平凡的工作背后，蕴含着对护航青年身心健康的责任，在这样的使命中，她以实际行动影响着身边的每一个人，唤醒着他们对健康生活的认知。她的坚守和付出，值得我们深思。是她让我们看到，年轻人应该有更多的担当和责任，去引领更加积极向上的生活态度。 这样的画面仿佛提醒着我们，在当下，每个人都能成为负责任的生活引领者。不论是控烟劝导、垃圾分类推动、互助帮扶等，每一个平凡之举都蕴含着无比的力量。姑娘的照片，如同一面镜子，让我们反思当下的生活状态，审视自己的生活习惯和对身边环境的关注。每一个人都应该在自己的领域内，做一个守护者，用心呵护着生活的美好。 或许，我们都值得站在这样的楼道上，去静心守护，用最朴实的行动诠释对美好生活的向往。这不仅仅是一种责任感，更是一种生活态度的践行。 #冬日生活打卡季#、#评论区出主意大赛#、#万能生活指南# 毫无疑问，我们每个人都能成为生活的引领者，为身边的人带去正能量，为社会传递温暖。生活中的这些美好瞬间，警示着我们在每个角落都能找到生活的意义和价值，都能找到自我实现的平台。这或许就是人与人之间最贴心的力量，通过自己的付出去影响这个世界。 通过这张照片，我们看到一个平凡又特别的人，她坚守在使命中，传递出一种生活的态度与品质。让我们像她一样，用自己的方式，在生活的每个角落，散播着正能量，传递着美好，成为引领生活的一份子。这或许才是我们所追寻的生活本质，用平凡演绎不凡，用责任书写担当，用行动传递温馨。愿我们每个人都成为这样的存在，点亮生活的美好，温暖这个世界。 以上内容仅代表个人观点，供读者们娱乐自辨。如果涉及到相关政策法规还请以官方文件为主！ summary: 一幅时光定格的画面，温馨而又深刻，仿佛一瞬间的平凡之美被镜头定格在这一刻。我们看到的是一位来自重庆市城口县的姑娘，她的背影若隐若现，承载着一份责任与使命。这是2007年，在成都某高校宿舍的楼道上，正在休息的是一名学校学生会控烟劝导员。 content: 一幅时光定格的画面，温馨而又深刻，仿佛一瞬间的平凡之美被镜头定格在这一刻。我们看到的是一位来自重庆市城口县的姑娘，她的背影若隐若现，承载着一份责任与使命。这是2007年，在成都某高校宿舍的楼道上，正在休息的是一名学校学生会控烟劝导员。姑娘，是学校的骄傲，也是一个平凡而又特别的存在。她自大学时期起便怀揣着锻炼自己的渴望，于是毅然成为了学生会的控烟劝导员，每周坚持在学校内进行控烟劝导工作。眼镜间斯斯文文的形象下隐藏着一颗坚定而温柔的心，姑娘的一举一动传递出一种独特的感觉，仿佛一种美好在她身上得到诠释。 这张照片无声地述说着一个年轻人的使命与担当。姑娘在这个角落，她是控烟劝导员，更是着力于倡导文明健康生活方式的守护者。看似平凡的工作背后，蕴含着对护航青年身心健康的责任，在这样的使命中，她以实际行动影响着身边的每一个人，唤醒着他们对健康生活的认知。她的坚守和付出，值得我们深思。是她让我们看到，年轻人应该有更多的担当和责任，去引领更加积极向上的生活态度。 这样的画面仿佛提醒着我们，在当下，每个人都能成为负责任的生活引领者。不论是控烟劝导、垃圾分类推动、互助帮扶等，每一个平凡之举都蕴含着无比的力量。姑娘的照片，如同一面镜子，让我们反思当下的生活状态，审视自己的生活习惯和对身边环境的关注。每一个人都应该在自己的领域内，做一个守护者，用心呵护着生活的美好。 或许，我们都值得站在这样的楼道上，去静心守护，用最朴实的行动诠释对美好生活的向往。这不仅仅是一种责任感，更是一种生活态度的践行。 #冬日生活打卡季#、#评论区出主意大赛#、#万能生活指南# 毫无疑问，我们每个人都能成为生活的引领者，为身边的人带去正能量，为社会传递温暖。生活中的这些美好瞬间，警示着我们在每个角落都能找到生活的意义和价值，都能找到自我实现的平台。这或许就是人与人之间最贴心的力量，通过自己的付出去影响这个世界。 通过这张照片，我们看到一个平凡又特别的人，她坚守在使命中，传递出一种生活的态度与品质。让我们像她一样，用自己的方式，在生活的每个角落，散播着正能量，传递着美好，成为引领生活的一份子。这或许才是我们所追寻的生活本质，用平凡演绎不凡，用责任书写担当，用行动传递温馨。愿我们每个人都成为这样的存在，点亮生活的美好，温暖这个世界。 以上内容仅代表个人观点，供读者们娱乐自辨。如果涉及到相关政策法规还请以官方文件为主！,微头条,活泼海燕Mj,2024-01-14 07:58:51,http://www.toutiao.com/w/1788006026971204/,未知,控烟,正面,未知
202401013326,"控烟运动始于何时？吸烟已经过时了吗?

60年前，1964年1月11日，美国公共卫生局局长卢瑟·L·特里(Luther L. Terry)医学博士发表了第一份关于吸烟对健康影响的综合报告。任命了一个委员会来审查和评估有关该主题的现有研究，以便“就吸烟与一般健康之间的关系得出一些明确的结论”。虽然从今天的角度来看，吸烟的不良影响受到质疑似乎很荒谬，但60年前的“烟草与健康之争”确实是一场争论。然而，在查阅了7000多篇关于吸烟与疾病关系的文章后，委员会确实得出了一个明确的结论，使其报告“吸烟与健康”成为反对吸烟的里程碑式研究。

“在长期研究和评估多种汇集证据的基础上，委员会作出以下判断: 吸烟对健康的危害在美国具有足够的重要性，需要采取适当的补救行动。”(吸烟与健康，1964年)。

该报告发现，吸烟是导致男性肺癌和喉癌的原因之一，是女性肺癌的可能原因之一，是慢性支气管炎的最重要原因，也是心血管疾病的一个促成因素，导致男性吸烟者患冠状动脉疾病的死亡率较高。发布后，它占据了报纸的头条数天，后来成为1964年的头条新闻之一。

虽然一些烟草控制措施，如在香烟包装上贴上警告标签，得到了及时实施，但美国的香烟销量一直持续上升，直到20世纪80年代初，美国的香烟销量达到了每年超过6300亿支的峰值。在过去的四十年里，劝阻吸烟和保护公众免受二手烟侵害的措施变得越来越严格和广泛，导致美国和世界大部分地区的烟草使用率下降。以美国为例，美国疾病控制与预防中心认为反吸烟运动是“历史上少有的公共卫生成功”，因为尽管“烟草的成瘾性和强大的经济力量促进了它的使用”，但它还是实现了目标。

但近年来，吸烟似乎已经失去了一些吸引力。据美国联邦贸易委员会(FTC)透露，2021年美国香烟销量为1902亿支，这是自1963年FTC开始追踪香烟销量以来，香烟销量首次低于2000亿支。

正如Statista的图表所示，在过去的40年里，香烟的销量或多或少地持续下降，自2000年以来下降了50%以上，自20世纪80年代初吸烟的鼎盛时期以来下降了70%。与此同时，卷烟广告和促销支出从1980年的12亿美元攀升至2021年的81亿美元，其中大部分以批发和零售价格折扣的形式出现。

在过去的40年里，美国吸烟者的数量也在下降，尽管下降的速度与香烟销量的下降速度不完全相同。根据美国疾病控制与预防中心(CDC)的数据，2021年美国估计有2830万成年人吸烟，比1980年的5160万下降了45%。

自世纪之交以来全球控烟取得的巨大进展，2000年至2020年期间，美国、德国、日本和巴西等国15岁及以上人群的吸烟率下降了30%至60%。#有人提议禁烟，你怎么看# #美国控烟# #禁烟#","title: 控烟运动始于何时？吸烟已经过时了吗? 60年前，1964年1月11日，美国公共卫生局局长卢瑟·L·特里(Luther L. Terry)医学博士发表了第一份关于吸烟对健康影响的综合报告。任命了一个委员会来审查和评估有关该主题的现有研究，以便“就吸烟与一般健康之间的关系得出一些明确的结论”。虽然从今天的角度来看，吸烟的不良影响受到质疑似乎很荒谬，但60年前的“烟草与健康之争”确实是一场争论。然而，在查阅了7000多篇关于吸烟与疾病关系的文章后，委员会确实得出了一个明确的结论，使其报告“吸烟与健康”成为反对吸烟的里程碑式研究。 “在长期研究和评估多种汇集证据的基础上，委员会作出以下判断: 吸烟对健康的危害在美国具有足够的重要性，需要采取适当的补救行动。”(吸烟与健康，1964年)。 该报告发现，吸烟是导致男性肺癌和喉癌的原因之一，是女性肺癌的可能原因之一，是慢性支气管炎的最重要原因，也是心血管疾病的一个促成因素，导致男性吸烟者患冠状动脉疾病的死亡率较高。发布后，它占据了报纸的头条数天，后来成为1964年的头条新闻之一。 虽然一些烟草控制措施，如在香烟包装上贴上警告标签，得到了及时实施，但美国的香烟销量一直持续上升，直到20世纪80年代初，美国的香烟销量达到了每年超过6300亿支的峰值。在过去的四十年里，劝阻吸烟和保护公众免受二手烟侵害的措施变得越来越严格和广泛，导致美国和世界大部分地区的烟草使用率下降。以美国为例，美国疾病控制与预防中心认为反吸烟运动是“历史上少有的公共卫生成功”，因为尽管“烟草的成瘾性和强大的经济力量促进了它的使用”，但它还是实现了目标。 但近年来，吸烟似乎已经失去了一些吸引力。据美国联邦贸易委员会(FTC)透露，2021年美国香烟销量为1902亿支，这是自1963年FTC开始追踪香烟销量以来，香烟销量首次低于2000亿支。 正如Statista的图表所示，在过去的40年里，香烟的销量或多或少地持续下降，自2000年以来下降了50%以上，自20世纪80年代初吸烟的鼎盛时期以来下降了70%。与此同时，卷烟广告和促销支出从1980年的12亿美元攀升至2021年的81亿美元，其中大部分以批发和零售价格折扣的形式出现。 在过去的40年里，美国吸烟者的数量也在下降，尽管下降的速度与香烟销量的下降速度不完全相同。根据美国疾病控制与预防中心(CDC)的数据，2021年美国估计有2830万成年人吸烟，比1980年的5160万下降了45%。 自世纪之交以来全球控烟取得的巨大进展，2000年至2020年期间，美国、德国、日本和巴西等国15岁及以上人群的吸烟率下降了30%至60%。#有人提议禁烟，你怎么看# #美国控烟# #禁烟# summary: 吸烟已经过时了吗?自世纪之交以来全球控烟取得的巨大进展，2000年至2020年期间，美国、德国、日本和巴西等国15岁及以上人群的吸烟率下降了30%至60%。#有人提议禁烟，你怎么看##美国控烟##禁烟#. content: 控烟运动始于何时？吸烟已经过时了吗? 60年前，1964年1月11日，美国公共卫生局局长卢瑟·L·特里(Luther L. Terry)医学博士发表了第一份关于吸烟对健康影响的综合报告。任命了一个委员会来审查和评估有关该主题的现有研究，以便“就吸烟与一般健康之间的关系得出一些明确的结论”。虽然从今天的角度来看，吸烟的不良影响受到质疑似乎很荒谬，但60年前的“烟草与健康之争”确实是一场争论。然而，在查阅了7000多篇关于吸烟与疾病关系的文章后，委员会确实得出了一个明确的结论，使其报告“吸烟与健康”成为反对吸烟的里程碑式研究。 “在长期研究和评估多种汇集证据的基础上，委员会作出以下判断: 吸烟对健康的危害在美国具有足够的重要性，需要采取适当的补救行动。”(吸烟与健康，1964年)。 该报告发现，吸烟是导致男性肺癌和喉癌的原因之一，是女性肺癌的可能原因之一，是慢性支气管炎的最重要原因，也是心血管疾病的一个促成因素，导致男性吸烟者患冠状动脉疾病的死亡率较高。发布后，它占据了报纸的头条数天，后来成为1964年的头条新闻之一。 虽然一些烟草控制措施，如在香烟包装上贴上警告标签，得到了及时实施，但美国的香烟销量一直持续上升，直到20世纪80年代初，美国的香烟销量达到了每年超过6300亿支的峰值。在过去的四十年里，劝阻吸烟和保护公众免受二手烟侵害的措施变得越来越严格和广泛，导致美国和世界大部分地区的烟草使用率下降。以美国为例，美国疾病控制与预防中心认为反吸烟运动是“历史上少有的公共卫生成功”，因为尽管“烟草的成瘾性和强大的经济力量促进了它的使用”，但它还是实现了目标。 但近年来，吸烟似乎已经失去了一些吸引力。据美国联邦贸易委员会(FTC)透露，2021年美国香烟销量为1902亿支，这是自1963年FTC开始追踪香烟销量以来，香烟销量首次低于2000亿支。 正如Statista的图表所示，在过去的40年里，香烟的销量或多或少地持续下降，自2000年以来下降了50%以上，自20世纪80年代初吸烟的鼎盛时期以来下降了70%。与此同时，卷烟广告和促销支出从1980年的12亿美元攀升至2021年的81亿美元，其中大部分以批发和零售价格折扣的形式出现。 在过去的40年里，美国吸烟者的数量也在下降，尽管下降的速度与香烟销量的下降速度不完全相同。根据美国疾病控制与预防中心(CDC)的数据，2021年美国估计有2830万成年人吸烟，比1980年的5160万下降了45%。 自世纪之交以来全球控烟取得的巨大进展，2000年至2020年期间，美国、德国、日本和巴西等国15岁及以上人群的吸烟率下降了30%至60%。#有人提议禁烟，你怎么看# #美国控烟# #禁烟# "" """,微头条,非凡说能源,2024-01-14 07:31:11,http://www.toutiao.com/w/i1787943666024451/,未知,控烟,正面,未知
202401013340,摩洛哥控烟“大动作”：涉及烟草消费税 | 控烟观察,title: 摩洛哥控烟“大动作”：涉及烟草消费税 | 控烟观察 summary: 摩洛哥控烟大动作：涉及烟草消费税|。同时在烟税方面也有大动作，摩洛哥税务部门表示，2023年从烟草产业获得约125亿摩洛哥道拉姆税收，较2022年增长5.82%，今后将进一步提高烟草消费税。 content: 近日，摩洛哥宣布将加强对卷烟的监管，限制在其国内销售的卷烟中的焦油、尼古丁和一氧化碳含量，分别设定上限为10毫克、1毫克和10毫克。同时在烟税方面也有“大动作”，摩洛哥税务部门表示，2023年从烟草产业获得约125亿摩洛哥道拉姆税收，较2022年增长5.82%，今后将进一步提高烟草消费税。中国生物多样性保护与绿色发展基金会控烟小组（简称“绿会控烟组”）一直在持续研究烟草税和环境税对控烟的影响。2023年4月曾邀请对外贸易大学、南京财经大学的研究学者就烟草税改革与降低烟草消费等问题展开讨论，对我国烟草税现状进行了客观评估，探讨中国烟草税改革的策略、路径，提出中国适时考虑提高烟草税的政策建议。同年10月，结合“烟草消费税改革暨烟草行业全产业链研究”成果，与相关领域专家讨论交流，提出尽快推动国家提升烟草税，促进吸烟率下降的建议。目前我国烟草税仍有提升空间，如何将其中的重要性和必要性说清楚，还需全社会共同的努力，共同助力实现美丽中国。相关阅读：1.一包烟的价格都包括了什么？烟草消费税改革研究报告发布会在京举办2.“减缓烟草伤害，降低烟草需求”环保协同控烟专家对话在京举办文|阿西叶 审|Cherry 编辑|Leah,头条号,中国绿发会,2024-01-14 07:00:00,http://www.toutiao.com/w/i7323025500350333494/,未知,控烟,中性,未知
202401013354,"烟的含量中的成份有一种尼古丁，让人抽后神经上有一种愉悦的感觉，也就是上瘾的基础，怎样才能戒掉对自己身体危害的烟瘾呢？
一是要有想戒烟的信念，只有自己最清楚为什么要戒烟，因为人的生命只有一次，如何珍惜自己的身体的各个器官的功能。肺是烟的最大受害者，其次是血管会产生垃圾，再者心脏。最后各个嚣官都受损，结束了人生的旅程。
二是要辅助的专业产品，让我们戒烟不受罪。我们到医院去看病，是为了让专业的医生让我们病也治疗好了，又没有受到了病痛折磨。
三是要相信科学的力量，前者成功戒烟的案例，才能有信心面对自己的人生。
四是希望大家都有一个好身体，一份好事业，一个好家庭，一双好儿女，一对身体健康的父母。戒烟不迷路，科学戒烟，控烟，有问题找姚哥，姚哥给你真正的戒烟方法和疗效，当天见效。",title: 烟的含量中的成份有一种尼古丁，让人抽后神经上有一种愉悦的感觉，也就是上瘾的基础，怎样才能戒掉对自己身体危害的烟瘾呢？ 一是要有想戒烟的信念，只有自己最清楚为什么要戒烟，因为人的生命只有一次，如何珍惜自己的身体的各个器官的功能。肺是烟的最大受害者，其次是血管会产生垃圾，再者心脏。最后各个嚣官都受损，结束了人生的旅程。 二是要辅助的专业产品，让我们戒烟不受罪。我们到医院去看病，是为了让专业的医生让我们病也治疗好了，又没有受到了病痛折磨。 三是要相信科学的力量，前者成功戒烟的案例，才能有信心面对自己的人生。 四是希望大家都有一个好身体，一份好事业，一个好家庭，一双好儿女，一对身体健康的父母。戒烟不迷路，科学戒烟，控烟，有问题找姚哥，姚哥给你真正的戒烟方法和疗效，当天见效。 summary: 烟的含量中的成份有一种尼古丁，让人抽后神经上有一种愉悦的感觉，也就是上瘾的基础，怎样才能戒掉对自己身体危害的烟瘾呢？一是要有想戒烟的信念，只有自己最清楚为什么要戒烟，因为人的生命只有一次，如何珍惜自己的身体的各个器官的功能。 content: 烟的含量中的成份有一种尼古丁，让人抽后神经上有一种愉悦的感觉，也就是上瘾的基础，怎样才能戒掉对自己身体危害的烟瘾呢？ 一是要有想戒烟的信念，只有自己最清楚为什么要戒烟，因为人的生命只有一次，如何珍惜自己的身体的各个器官的功能。肺是烟的最大受害者，其次是血管会产生垃圾，再者心脏。最后各个嚣官都受损，结束了人生的旅程。 二是要辅助的专业产品，让我们戒烟不受罪。我们到医院去看病，是为了让专业的医生让我们病也治疗好了，又没有受到了病痛折磨。 三是要相信科学的力量，前者成功戒烟的案例，才能有信心面对自己的人生。 四是希望大家都有一个好身体，一份好事业，一个好家庭，一双好儿女，一对身体健康的父母。戒烟不迷路，科学戒烟，控烟，有问题找姚哥，姚哥给你真正的戒烟方法和疗效，当天见效。,微头条,用户东方锋,2024-01-14 06:25:58,http://www.toutiao.com/w/i1788015813012492/,未知,戒烟、控烟,正面,未知
202401013360,烟草涨价理由是什么，如要控烟，可以关闭一些烟草企业，烟草价格统一，实在买不到烟或者抽不起烟，就自然戎烟了！,title: 烟草涨价理由是什么，如要控烟，可以关闭一些烟草企业，烟草价格统一，实在买不到烟或者抽不起烟，就自然戎烟了！ summary: 烟草涨价理由是什么，如要控烟，可以关闭一些烟草企业，烟草价格统一，实在买不到烟或者抽不起烟，就自然戎烟了！ content: 烟草涨价理由是什么，如要控烟，可以关闭一些烟草企业，烟草价格统一，实在买不到烟或者抽不起烟，就自然戎烟了！,微头条,不凡溪流uk,2024-01-14 05:34:33,http://www.toutiao.com/w/i1788012578356292/,未知,控烟,正面,未知
202401013002,"一起来看看故事吧：2007年，这幅照片捕捉到了一幕在成都市某高校宿舍楼道上发生的场景，展现了一名学生会控烟劝导员在休息时的情景。这位姑娘来自重庆市城口县，在考上大学后怀着对学生会锻炼的渴望，毅然成为了学校的控烟劝导员。每周她都会在校园里投入一天的时间，进行控烟劝导工作。重庆妹儿以其娇美的容颜，以及姣好的身材而著称，她佩戴眼镜，给人一种斯斯文文的感觉，展现出与众不同的气质。
这张照片记录下了重庆妹儿正在专心履行她作为控烟劝导员的职责的场景。她举止得体，挥手示意，在她亲切的笑容中，显示出她对自己工作的极大热情和投入。她的形象展现了一名年轻女性在大学校园内积极向上的一面，也诠释了控烟工作的重要性。观照这一画面，我们不仅能够感受到她的优雅和自信，也能够感受到她为学校健康环境做出的努力和贡献。
总体而言，这张照片生动地捕捉到了重庆妹儿作为学生会控烟劝导员的工作场景，展现了她的美丽和职业素养。这一形象感而言，不仅是一个个体的生动展现，更是对于当代大学生群体中积极向上形象的生动诠释。",title: 一起来看看故事吧：2007年，这幅照片捕捉到了一幕在成都市某高校宿舍楼道上发生的场景，展现了一名学生会控烟劝导员在休息时的情景。这位姑娘来自重庆市城口县，在考上大学后怀着对学生会锻炼的渴望，毅然成为了学校的控烟劝导员。每周她都会在校园里投入一天的时间，进行控烟劝导工作。重庆妹儿以其娇美的容颜，以及姣好的身材而著称，她佩戴眼镜，给人一种斯斯文文的感觉，展现出与众不同的气质。 这张照片记录下了重庆妹儿正在专心履行她作为控烟劝导员的职责的场景。她举止得体，挥手示意，在她亲切的笑容中，显示出她对自己工作的极大热情和投入。她的形象展现了一名年轻女性在大学校园内积极向上的一面，也诠释了控烟工作的重要性。观照这一画面，我们不仅能够感受到她的优雅和自信，也能够感受到她为学校健康环境做出的努力和贡献。 总体而言，这张照片生动地捕捉到了重庆妹儿作为学生会控烟劝导员的工作场景，展现了她的美丽和职业素养。这一形象感而言，不仅是一个个体的生动展现，更是对于当代大学生群体中积极向上形象的生动诠释。 summary: 2007年，这幅照片捕捉到了一幕在成都市某高校宿舍楼道上发生的场景，展现了一名学生会控烟劝导员在休息时的情景。这位姑娘来自重庆市城口县，在考上大学后怀着对学生会锻炼的渴望，毅然成为了学校的控烟劝导员。 content: 2007年，这幅照片捕捉到了一幕在成都市某高校宿舍楼道上发生的场景，展现了一名学生会控烟劝导员在休息时的情景。这位姑娘来自重庆市城口县，在考上大学后怀着对学生会锻炼的渴望，毅然成为了学校的控烟劝导员。每周她都会在校园里投入一天的时间，进行控烟劝导工作。重庆妹儿以其娇美的容颜，以及姣好的身材而著称，她佩戴眼镜，给人一种斯斯文文的感觉，展现出与众不同的气质。 这张照片记录下了重庆妹儿正在专心履行她作为控烟劝导员的职责的场景。她举止得体，挥手示意，在她亲切的笑容中，显示出她对自己工作的极大热情和投入。她的形象展现了一名年轻女性在大学校园内积极向上的一面，也诠释了控烟工作的重要性。观照这一画面，我们不仅能够感受到她的优雅和自信，也能够感受到她为学校健康环境做出的努力和贡献。 总体而言，这张照片生动地捕捉到了重庆妹儿作为学生会控烟劝导员的工作场景，展现了她的美丽和职业素养。这一形象感而言，不仅是一个个体的生动展现，更是对于当代大学生群体中积极向上形象的生动诠释。,微头条,一起来看看故事吧,2024-01-13 23:42:05,http://www.toutiao.com/w/1787836729126924/,未知,控烟,正面,未知
202401013009,如何预防青少年吸烟,title: 如何预防青少年吸烟 summary: 如何预防青少年吸烟很多老烟民虽然烟不离手，但其实他们深知香烟对人的危害，也深知戒烟的难度，因此他们一般不希望自己的子孙继续做一个烟民。 content: 👉很多老烟民虽然烟不离手，但其实他们深知香烟对人的危害，也深知戒烟的难度，因此他们一般不希望自己的子孙继续做一个烟民。 👉想要预防青少年吸烟，降低青少年吸烟率，成人要先做榜样。试想，如果这个孩子父母在吸烟、亲戚朋友在吸烟、老师在吸烟，周围生活的环境到处有二手烟，广告、促销和赞助到处可以看到，还可以在影视剧当中看到大量的吸烟镜头，很方便就能买烟，那这个青少年预防吸烟的事情怎么做呢？ 👉中国疾病预防控制中心控烟办公室主任肖琳日前表示：青少年的控烟离不开全社会对于烟草危害的共识以及无烟家庭、无烟社会的环境。我们希望社会各界能够持续关注青少年控烟的问题，从禁止向未成年人售烟、禁止烟草广告促销和赞助、严格控制影视剧当中的吸烟镜头，以及公共场所无烟，到无烟家庭、无烟文化的倡导，多方面发力，大家一起努力，用成年人的行动为青少年营造一个无烟的成长环境。 #如何戒烟#吸烟有害健康,小红书,一起戒烟,2024-01-13 22:35:00,http://www.xiaohongshu.com/discovery/item/65a29fbf000000001e00b917,未知,戒烟、控烟,中性,未知
202401013016,无烟佳节，与爱同行手抄报,title: 无烟佳节，与爱同行手抄报 summary: 无烟佳节，与爱同行手抄报非原创，借鉴改编 #控烟手抄报 content: 非原创，借鉴改编 #控烟手抄报,小红书,yll.,2024-01-13 22:16:00,http://www.xiaohongshu.com/discovery/item/65a29b52000000001102ce4a,未知,控烟,中性,未知
202401013040,"大气柑桔UIV：控烟之道：把握适量，健康更长久
吸烟是否会对寿命产生决定性影响？这似乎是一个永恒的问题。根据最新的研究和医学认识，抽烟对寿命的影响远非单一。事实上，研究表明，遗传基因在决定寿命长短中起着至关重要的作用，据信其影响力占到了整体六七成。而其他因素则占据了百分之三四十的影响力。
就抽烟而言，适量是关键。三天两包或每天十根相对较为合适，这一量不仅不会带来不适感，也不会被视为潜在致癌因素。一位三甲医院的主任医师曾指出，每天吸烟不超过十根，一般不会引起明显的健康问题，对肺部伤害微乎其微，几乎可以忽略不计。
实际生活中，大多数烟民很少能够将吸烟控制在这个合理范围内。绝大多数人一日所吸烟量远远超出十根，甚至需要每天两包、三包甚至四包。长期如此，其不良影响显而易见，至少对身体并不利，甚至可能导致严重疾病的发生。
控烟之道在于把握适量。只有在适量的控制下，才能够对自身健康负责，做到“该什么时候死还是什么时候死”。这样的控烟策略才能够使我们更长久地健康活着。 #戒烟之艰辛# #健康生活方式# #探讨寿命的奥秘# #健康生活的真相# #抽烟是否会致癌# #如何戒烟# #吸烟对健康的影响##戒烟的的事儿# #戒烟真的难吗？# #探讨戒烟之艰辛# #烟民注意了# #寿命与吸烟#",title: 大气柑桔UIV：控烟之道：把握适量，健康更长久 吸烟是否会对寿命产生决定性影响？这似乎是一个永恒的问题。根据最新的研究和医学认识，抽烟对寿命的影响远非单一。事实上，研究表明，遗传基因在决定寿命长短中起着至关重要的作用，据信其影响力占到了整体六七成。而其他因素则占据了百分之三四十的影响力。 就抽烟而言，适量是关键。三天两包或每天十根相对较为合适，这一量不仅不会带来不适感，也不会被视为潜在致癌因素。一位三甲医院的主任医师曾指出，每天吸烟不超过十根，一般不会引起明显的健康问题，对肺部伤害微乎其微，几乎可以忽略不计。 实际生活中，大多数烟民很少能够将吸烟控制在这个合理范围内。绝大多数人一日所吸烟量远远超出十根，甚至需要每天两包、三包甚至四包。长期如此，其不良影响显而易见，至少对身体并不利，甚至可能导致严重疾病的发生。 控烟之道在于把握适量。只有在适量的控制下，才能够对自身健康负责，做到“该什么时候死还是什么时候死”。这样的控烟策略才能够使我们更长久地健康活着。 #戒烟之艰辛# #健康生活方式# #探讨寿命的奥秘# #健康生活的真相# #抽烟是否会致癌# #如何戒烟# #吸烟对健康的影响##戒烟的的事儿# #戒烟真的难吗？# #探讨戒烟之艰辛# #烟民注意了# #寿命与吸烟# summary: 吸烟是否会对寿命产生决定性影响？根据最新的研究和医学认识，抽烟对寿命的影响远非单一。事实上，研究表明，遗传基因在决定寿命长短中起着至关重要的作用，据信其影响力占到了整体六七成。而其他因素则占据了百分之三四十的影响力。 content: 控烟之道：把握适量，健康更长久 吸烟是否会对寿命产生决定性影响？这似乎是一个永恒的问题。根据最新的研究和医学认识，抽烟对寿命的影响远非单一。事实上，研究表明，遗传基因在决定寿命长短中起着至关重要的作用，据信其影响力占到了整体六七成。而其他因素则占据了百分之三四十的影响力。 就抽烟而言，适量是关键。三天两包或每天十根相对较为合适，这一量不仅不会带来不适感，也不会被视为潜在致癌因素。一位三甲医院的主任医师曾指出，每天吸烟不超过十根，一般不会引起明显的健康问题，对肺部伤害微乎其微，几乎可以忽略不计。 实际生活中，大多数烟民很少能够将吸烟控制在这个合理范围内。绝大多数人一日所吸烟量远远超出十根，甚至需要每天两包、三包甚至四包。长期如此，其不良影响显而易见，至少对身体并不利，甚至可能导致严重疾病的发生。 控烟之道在于把握适量。只有在适量的控制下，才能够对自身健康负责，做到“该什么时候死还是什么时候死”。这样的控烟策略才能够使我们更长久地健康活着。 #戒烟之艰辛# #健康生活方式# #探讨寿命的奥秘# #健康生活的真相# #抽烟是否会致癌# #如何戒烟# #吸烟对健康的影响##戒烟的的事儿# #戒烟真的难吗？# #探讨戒烟之艰辛# #烟民注意了# #寿命与吸烟#,微头条,大气柑桔UIV,2024-01-13 18:13:34,http://www.toutiao.com/w/1787956691426380/,未知,控烟、戒烟,正面,未知
202401013056,2024年，我吸了二十几年这种牌子香烟一涨再涨，以前售价70元一条，现在售价140元。看样子国家控烟的力度越来越大，都知道吸烟对身体有危害，但烟隐一时半会很难让我戒掉，身边很多同事选择了戒烟，因为他们清楚戒烟能够让他们拥有更健康的生活。然而控烟政策影响是显而易见的，对于吸烟者来说，戒烟不仅是一种健康的选择，更是对自己和家人的一种负责，因此无论政策如何变化，戒烟都是一个明智之举。,"title: 2024年，我吸了二十几年这种牌子香烟一涨再涨，以前售价70元一条，现在售价140元。看样子国家控烟的力度越来越大，都知道吸烟对身体有危害，但烟隐一时半会很难让我戒掉，身边很多同事选择了戒烟，因为他们清楚戒烟能够让他们拥有更健康的生活。然而控烟政策影响是显而易见的，对于吸烟者来说，戒烟不仅是一种健康的选择，更是对自己和家人的一种负责，因此无论政策如何变化，戒烟都是一个明智之举。 summary: 2024年，我吸了二十几年这种牌子香烟一涨再涨，以前售价70元一条，现在售价140元。然而控烟政策影响是显而易见的，对于吸烟者来说，戒烟不仅是一种健康的选择，更是对自己和家人的一种负责，因此无论政策如何变化，戒烟都是一个明智之举。 content: 2024年，我吸了二十几年这种牌子香烟一涨再涨，以前售价70元一条，现在售价140元。看样子国家控烟的力度越来越大，都知道吸烟对身体有危害，但烟隐一时半会很难让我戒掉，身边很多同事选择了戒烟，因为他们清楚戒烟能够让他们拥有更健康的生活。然而控烟政策影响是显而易见的，对于吸烟者来说，戒烟不仅是一种健康的选择，更是对自己和家人的一种负责，因此无论政策如何变化，戒烟都是一个明智之举。 """,微头条,乐观的梦情缘,2024-01-13 17:01:21,http://www.toutiao.com/w/i1787965191556107/,未知,控烟、戒烟,正面,未知
202401013063,"近日，关于中华牌香烟将国家象征——天安门和华表印在烟盒封面的现象引起社会广泛关注。尽管全球各地都在呼吁禁烟，警示吸烟危害，但在这个共识下，中国独特的香烟命名现象令人不解。究竟是什么原因导致中华牌香烟数十年来都未被质疑，以及这一现象是否需要重新审视和调整呢？
在全球范围内，各国纷纷加强对烟草的管理和宣传，强调吸烟的危害性。然而，中华牌香烟却采用了国家的名字，更是在烟盒封面上印有天安门和华表的图案。这种设计与国际上的禁烟宣传形成鲜明对比，引发了对这一现象背后原因的疑问。
中华牌香烟的创立可追溯到1951年，那个时期社会对于吸烟危害的认知可能相对较低，也可能受制于时代的局限。然而，这一设计在后来并未得到有效的修正，反而在烟盒上出现了国家象征的图案。天安门和华表被放置在烟盒上，引发了对国家象征的尊严和禁烟立场的质疑。
或许，这一现象的持续存在可以从历史的角度来解释。建国初期，对于吸烟危害的认知可能较低，社会对烟草的管理也相对不够规范。然而，随着社会文明程度的提高，人们对于吸烟危害的认知逐渐加深。为何在这个过程中，中华牌香烟的设计未被及时修正，至今未被质疑呢？
全球范围内，禁烟宣传已经成为主流。各国通过宣传手段推动人们摆脱烟草，保护身体健康。然而，中国却出现了这样一种独特的现象。在全球范围内，我们看不到其他国家将国家名称与香烟品牌挂钩的情况。这是否说明中国在这个问题上存在一些特殊的历史原因或文化背景？
解决这一问题可能需要社会各界的共同努力。政府、媒体、社会组织以及每个普通公民都有责任共同推动禁烟宣传，促使社会形成更加科学健康的生活方式。对于中华牌香烟这一特殊现象，社会应该引起更多关注和反思。
在全球推动禁烟的浪潮中，中国是否应该走在前列，以树立榜样？是否应该更加强调国家形象的重要性，通过调整烟草品牌的设计，传递更加积极向上的价值观？
或许，这是一个复杂而敏感的问题，需要从多个角度去审视。在全球推动禁烟的背景下，中国不应该成为一个例外。通过共同的努力，我们有望在这一问题上取得积极而可喜的进展。只有如此，我们才能走向一个更加健康、文明的社会。#香烟的危害# #烟民注意了# #烟民看过来的# #中国禁烟第一# #吸烟的真相揭秘# #控烟目标# #2024愿烟# #烟民的豪言壮语# #每一根烟蒂# #微头条首发挑战赛# #文章首发挑战赛#","title: 近日，关于中华牌香烟将国家象征——天安门和华表印在烟盒封面的现象引起社会广泛关注。尽管全球各地都在呼吁禁烟，警示吸烟危害，但在这个共识下，中国独特的香烟命名现象令人不解。究竟是什么原因导致中华牌香烟数十年来都未被质疑，以及这一现象是否需要重新审视和调整呢？ 在全球范围内，各国纷纷加强对烟草的管理和宣传，强调吸烟的危害性。然而，中华牌香烟却采用了国家的名字，更是在烟盒封面上印有天安门和华表的图案。这种设计与国际上的禁烟宣传形成鲜明对比，引发了对这一现象背后原因的疑问。 中华牌香烟的创立可追溯到1951年，那个时期社会对于吸烟危害的认知可能相对较低，也可能受制于时代的局限。然而，这一设计在后来并未得到有效的修正，反而在烟盒上出现了国家象征的图案。天安门和华表被放置在烟盒上，引发了对国家象征的尊严和禁烟立场的质疑。 或许，这一现象的持续存在可以从历史的角度来解释。建国初期，对于吸烟危害的认知可能较低，社会对烟草的管理也相对不够规范。然而，随着社会文明程度的提高，人们对于吸烟危害的认知逐渐加深。为何在这个过程中，中华牌香烟的设计未被及时修正，至今未被质疑呢？ 全球范围内，禁烟宣传已经成为主流。各国通过宣传手段推动人们摆脱烟草，保护身体健康。然而，中国却出现了这样一种独特的现象。在全球范围内，我们看不到其他国家将国家名称与香烟品牌挂钩的情况。这是否说明中国在这个问题上存在一些特殊的历史原因或文化背景？ 解决这一问题可能需要社会各界的共同努力。政府、媒体、社会组织以及每个普通公民都有责任共同推动禁烟宣传，促使社会形成更加科学健康的生活方式。对于中华牌香烟这一特殊现象，社会应该引起更多关注和反思。 在全球推动禁烟的浪潮中，中国是否应该走在前列，以树立榜样？是否应该更加强调国家形象的重要性，通过调整烟草品牌的设计，传递更加积极向上的价值观？ 或许，这是一个复杂而敏感的问题，需要从多个角度去审视。在全球推动禁烟的背景下，中国不应该成为一个例外。通过共同的努力，我们有望在这一问题上取得积极而可喜的进展。只有如此，我们才能走向一个更加健康、文明的社会。#香烟的危害# #烟民注意了# #烟民看过来的# #中国禁烟第一# #吸烟的真相揭秘# #控烟目标# #2024愿烟# #烟民的豪言壮语# #每一根烟蒂# #微头条首发挑战赛# #文章首发挑战赛# summary: 近日，关于中华牌香烟将国家象征——天安门和华表印在烟盒封面的现象引起社会广泛关注。#香烟的危害##烟民注意了##烟民看过来的##中国禁烟第一##吸烟的真相揭秘##控烟目标##2024愿烟##烟民的豪言壮语##每一根烟蒂##微头条首发挑战赛##文章首发挑战赛#. content: 近日，关于中华牌香烟将国家象征——天安门和华表印在烟盒封面的现象引起社会广泛关注。尽管全球各地都在呼吁禁烟，警示吸烟危害，但在这个共识下，中国独特的香烟命名现象令人不解。究竟是什么原因导致中华牌香烟数十年来都未被质疑，以及这一现象是否需要重新审视和调整呢？ 在全球范围内，各国纷纷加强对烟草的管理和宣传，强调吸烟的危害性。然而，中华牌香烟却采用了国家的名字，更是在烟盒封面上印有天安门和华表的图案。这种设计与国际上的禁烟宣传形成鲜明对比，引发了对这一现象背后原因的疑问。 中华牌香烟的创立可追溯到1951年，那个时期社会对于吸烟危害的认知可能相对较低，也可能受制于时代的局限。然而，这一设计在后来并未得到有效的修正，反而在烟盒上出现了国家象征的图案。天安门和华表被放置在烟盒上，引发了对国家象征的尊严和禁烟立场的质疑。 或许，这一现象的持续存在可以从历史的角度来解释。建国初期，对于吸烟危害的认知可能较低，社会对烟草的管理也相对不够规范。然而，随着社会文明程度的提高，人们对于吸烟危害的认知逐渐加深。为何在这个过程中，中华牌香烟的设计未被及时修正，至今未被质疑呢？ 全球范围内，禁烟宣传已经成为主流。各国通过宣传手段推动人们摆脱烟草，保护身体健康。然而，中国却出现了这样一种独特的现象。在全球范围内，我们看不到其他国家将国家名称与香烟品牌挂钩的情况。这是否说明中国在这个问题上存在一些特殊的历史原因或文化背景？ 解决这一问题可能需要社会各界的共同努力。政府、媒体、社会组织以及每个普通公民都有责任共同推动禁烟宣传，促使社会形成更加科学健康的生活方式。对于中华牌香烟这一特殊现象，社会应该引起更多关注和反思。 在全球推动禁烟的浪潮中，中国是否应该走在前列，以树立榜样？是否应该更加强调国家形象的重要性，通过调整烟草品牌的设计，传递更加积极向上的价值观？ 或许，这是一个复杂而敏感的问题，需要从多个角度去审视。在全球推动禁烟的背景下，中国不应该成为一个例外。通过共同的努力，我们有望在这一问题上取得积极而可喜的进展。只有如此，我们才能走向一个更加健康、文明的社会。#香烟的危害# #烟民注意了# #烟民看过来的# #中国禁烟第一# #吸烟的真相揭秘# #控烟目标# #2024愿烟# #烟民的豪言壮语# #每一根烟蒂# #微头条首发挑战赛# #文章首发挑战赛# """,微头条,泥人分享,2024-01-13 16:31:28,http://www.toutiao.com/w/i1787943510432772/,未知,控烟,正面,未知
202401013071,"2007年，这张照片记录了成都市某高校宿舍楼道上的一幕，展现了学校学生会控烟劝导员休息的场景。图中的姑娘来自重庆市城口县，她在考入大学后便怀着对学生会锻炼自己的渴望，因此选择成为了学校的控烟劝导员，每周坚持在学校进行控烟劝导工作。这位重庆姑娘不仅容貌姣好，身材窈窕，还佩戴着眼镜，给人一种亲切斯文的感觉。
回顾过去的十几年，我们不难看出，在社会发展和文明进步的背景下，控烟劝导工作扮演着越来越重要的角色。据相关数据显示，吸烟对健康的危害已为更多人所认知，因此开展控烟劝导工作不仅促进了学校内部的清洁与健康，也起到了引领社会健康生活方式的示范作用。担任控烟劝导员的姑娘所做的工作，对于身边的同学乃至整个校园都产生了积极而深远的影响。
这幅照片让我们看到了劝导员休息时的一刻，也勾勒出了控烟劝导工作的重要性。我们应该铭记这份责任，把控烟劝导工作进行到底，为塑造更加清洁、健康的校园环境贡献自己的一份力量。#重庆身边的事# #你身边的重庆事# #重庆同城事# #重庆新鲜事儿# #重庆身边事情# #重庆本地新鲜事# #重庆身边事！# #重庆的那点事# #四川生活奇闻# #来到重庆才发现#","title: 2007年，这张照片记录了成都市某高校宿舍楼道上的一幕，展现了学校学生会控烟劝导员休息的场景。图中的姑娘来自重庆市城口县，她在考入大学后便怀着对学生会锻炼自己的渴望，因此选择成为了学校的控烟劝导员，每周坚持在学校进行控烟劝导工作。这位重庆姑娘不仅容貌姣好，身材窈窕，还佩戴着眼镜，给人一种亲切斯文的感觉。 回顾过去的十几年，我们不难看出，在社会发展和文明进步的背景下，控烟劝导工作扮演着越来越重要的角色。据相关数据显示，吸烟对健康的危害已为更多人所认知，因此开展控烟劝导工作不仅促进了学校内部的清洁与健康，也起到了引领社会健康生活方式的示范作用。担任控烟劝导员的姑娘所做的工作，对于身边的同学乃至整个校园都产生了积极而深远的影响。 这幅照片让我们看到了劝导员休息时的一刻，也勾勒出了控烟劝导工作的重要性。我们应该铭记这份责任，把控烟劝导工作进行到底，为塑造更加清洁、健康的校园环境贡献自己的一份力量。#重庆身边的事# #你身边的重庆事# #重庆同城事# #重庆新鲜事儿# #重庆身边事情# #重庆本地新鲜事# #重庆身边事！# #重庆的那点事# #四川生活奇闻# #来到重庆才发现# summary: 2007年，这张照片记录了成都市某高校宿舍楼道上的一幕，展现了学校学生会控烟劝导员休息的场景。图中的姑娘来自重庆市城口县，她在考入大学后便怀着对学生会锻炼自己的渴望，因此选择成为了学校的控烟劝导员，每周坚持在学校进行控烟劝导工作。##重庆的那点事##四川生活奇闻##来到重庆才发现#. content: 2007年，这张照片记录了成都市某高校宿舍楼道上的一幕，展现了学校学生会控烟劝导员休息的场景。图中的姑娘来自重庆市城口县，她在考入大学后便怀着对学生会锻炼自己的渴望，因此选择成为了学校的控烟劝导员，每周坚持在学校进行控烟劝导工作。这位重庆姑娘不仅容貌姣好，身材窈窕，还佩戴着眼镜，给人一种亲切斯文的感觉。 回顾过去的十几年，我们不难看出，在社会发展和文明进步的背景下，控烟劝导工作扮演着越来越重要的角色。据相关数据显示，吸烟对健康的危害已为更多人所认知，因此开展控烟劝导工作不仅促进了学校内部的清洁与健康，也起到了引领社会健康生活方式的示范作用。担任控烟劝导员的姑娘所做的工作，对于身边的同学乃至整个校园都产生了积极而深远的影响。 这幅照片让我们看到了劝导员休息时的一刻，也勾勒出了控烟劝导工作的重要性。我们应该铭记这份责任，把控烟劝导工作进行到底，为塑造更加清洁、健康的校园环境贡献自己的一份力量。#重庆身边的事# #你身边的重庆事# #重庆同城事# #重庆新鲜事儿# #重庆身边事情# #重庆本地新鲜事# #重庆身边事！# #重庆的那点事# #四川生活奇闻# #来到重庆才发现# """,微头条,思言微语录,2024-01-13 16:03:46,http://www.toutiao.com/w/i1787895857105923/,未知,控烟,正面,未知
202401013078,"慢阻肺病的防治挑战
吸烟率上升：吸烟是慢阻肺病的主要危险因素，随着发展中国家吸烟率的升高，慢阻肺病的患病率将继续上升。因此，加强控烟工作，减少吸烟人数，是降低慢阻肺病发病率的关键。
人口老龄化：随着人口老龄化的加剧，老年人患慢阻肺病的风险逐渐增大。应加大对老年人群的健康教育和健康管理力度，提高老年人对慢阻肺病的认识和自我管理能力。
空气污染：空气污染是慢阻肺病的重要诱因之一。政府应加大对空气污染治理的投入和力度，改善空气质量，降低慢阻肺病的发病率。
基层防治水平不足：目前，我国基层医疗机构的慢阻肺病防治水平普遍较低，缺乏有效的诊疗技术和药物。应加强基层医疗机构的慢阻肺病诊疗能力建设，提高基层防治水平。",title: 慢阻肺病的防治挑战 吸烟率上升：吸烟是慢阻肺病的主要危险因素，随着发展中国家吸烟率的升高，慢阻肺病的患病率将继续上升。因此，加强控烟工作，减少吸烟人数，是降低慢阻肺病发病率的关键。 人口老龄化：随着人口老龄化的加剧，老年人患慢阻肺病的风险逐渐增大。应加大对老年人群的健康教育和健康管理力度，提高老年人对慢阻肺病的认识和自我管理能力。 空气污染：空气污染是慢阻肺病的重要诱因之一。政府应加大对空气污染治理的投入和力度，改善空气质量，降低慢阻肺病的发病率。 基层防治水平不足：目前，我国基层医疗机构的慢阻肺病防治水平普遍较低，缺乏有效的诊疗技术和药物。应加强基层医疗机构的慢阻肺病诊疗能力建设，提高基层防治水平。 summary: 吸烟率上升：吸烟是慢阻肺病的主要危险因素，随着发展中国家吸烟率的升高，慢阻肺病的患病率将继续上升。因此，加强控烟工作，减少吸烟人数，是降低慢阻肺病发病率的关键。基层防治水平不足：目前，我国基层医疗机构的慢阻肺病防治水平普遍较低，缺乏有效的诊疗技术和药物。 content: 慢阻肺病的防治挑战 吸烟率上升：吸烟是慢阻肺病的主要危险因素，随着发展中国家吸烟率的升高，慢阻肺病的患病率将继续上升。因此，加强控烟工作，减少吸烟人数，是降低慢阻肺病发病率的关键。 人口老龄化：随着人口老龄化的加剧，老年人患慢阻肺病的风险逐渐增大。应加大对老年人群的健康教育和健康管理力度，提高老年人对慢阻肺病的认识和自我管理能力。 空气污染：空气污染是慢阻肺病的重要诱因之一。政府应加大对空气污染治理的投入和力度，改善空气质量，降低慢阻肺病的发病率。 基层防治水平不足：目前，我国基层医疗机构的慢阻肺病防治水平普遍较低，缺乏有效的诊疗技术和药物。应加强基层医疗机构的慢阻肺病诊疗能力建设，提高基层防治水平。,微头条,呼吸科孙思庆博士,2024-01-13 15:33:56,http://www.toutiao.com/w/i1787959691472970/,未知,控烟,正面,未知
202401013085,青少年预防吸烟：从我做起,"title: 青少年预防吸烟：从我做起 summary: 尼古丁，一种强烈的成瘾物质，一旦成瘾，就很难戒掉。吸烟，尤其是青少年吸烟，已经成为全球公共卫生问题的重要组成部分。青少年是国家的未来，是社会的希望，他们的健康状况直接关系到国家的未来和民族的希望。因此，如何有效地预防青少年吸烟，是我们每一个人都应该深思的问题。 content: 一、引言尼古丁，一种强烈的成瘾物质，一旦成瘾，就很难戒掉。吸烟，尤其是青少年吸烟，已经成为全球公共卫生问题的重要组成部分。青少年是国家的未来，是社会的希望，他们的健康状况直接关系到国家的未来和民族的希望。因此，如何有效地预防青少年吸烟，是我们每一个人都应该深思的问题。""二、宣传与教育首先，我们需要大力宣传吸烟的危害。现代新媒体、新方法为我们提供了更多的可能性。我们可以利用这些手段，多渠道、全方位地开展青少年控烟宣传工作，让青少年认识到吸烟的成瘾性，吸烟、二手烟暴露以及吸电子烟可能产生的健康危害。同时，我们也需要在学校和家庭中进行教育，让孩子们在成长过程中形成正确的价值观和生活方式。三、无烟环境建设其次，我们需要加强无烟环境的建设和无烟家庭的建设。学校和家庭是孩子们主要活动的两个场所，是他们形成生活习惯的重要场所。因此，我们需要在这些场所禁止吸烟，为孩子们创造一个无烟的环境。同时，我们也需要鼓励家长们做孩子的榜样，自己不吸烟，也不在孩子面前吸烟。""四、法律法规的落实再次，我们需要做好《未成年人保护法》的落实工作，不向未成年人售卷烟和电子烟。同时，我们也需要加强控烟法规的有效落实，禁止任何形式的广告、促销和赞助活动。只有这样，我们才能真正地从源头上防止青少年吸烟。五、心理疏导与专业帮助此外，我们还可以通过心理疏导的方式，为中学生提供专业的戒烟帮助。许多青少年吸烟并不是因为真的喜欢吸烟，而是因为压力大、心情不好等原因。通过心理疏导，我们可以帮助他们找到更健康的方式来应对压力和困难。同时，我们还可以根据重点人群和地区，做一些强化的戒烟干预。六、结语最后，我想特别提到一点：想要预防青少年吸烟，降低青少年吸烟率，成人要先做榜样。如果这个孩子父母在吸烟、亲戚朋友在吸烟、老师在吸烟，周围生活的环境到处有二手烟，广告、促销和赞助到处可以看到，还可以在影视剧当中看到大量的吸烟镜头，很方便就能买卷烟，那这个青少年预防吸烟的事情怎么做呢？""因此，每一个人都需要行动起来，为我们的孩子、为我们的未来，做出努力。（此处已添加医疗卡片，请到今日头条客户端查看）",头条号,呼吸科孙思庆博士,2024-01-13 15:24:11,http://www.toutiao.com/w/i7323480133111710258/,未知,控烟、戒烟,中性,未知
202401013114,营养、禁烟知识宣讲进莱西市滨河小学,"title: 营养、禁烟知识宣讲进莱西市滨河小学 summary: 营养、禁烟知识宣讲进莱西市滨河小学2024年1月12日，莱西市疾病预防控制中心学校卫生科联合应急办到莱西市滨河小学开展了营养、禁烟知识宣讲活动。源自：莱西市疾病预防控制中心。 content: 2024年1月12日，莱西市疾病预防控制中心学校卫生科联合应急办到莱西市滨河小学开展了营养、禁烟知识宣讲活动。""""""""首先给小学生们讲解了营养方面的知识，让孩子们了解了什么是营养不良和肥胖，掌握吃动两平衡；其次又给小学生们讲了控烟知识，主要围绕世界无烟日的由来、世界无烟日的主题、吸烟的原因和危害、儿童拒绝第一支烟等开展讲座。为加强小学生们学习的热情，营造学习氛围，在讲座中穿插有奖问答，让小学生们对营养、禁烟知识理解的更深刻。源自：莱西市疾病预防控制中心",头条号,莱西信息港,2024-01-13 13:17:06,http://www.toutiao.com/w/i7323447441436115471/,未知,控烟,中性,未知
202401013136,"如何控烟才能延长寿命？
如果控制得当，烟草并非直接决定寿命长短。抽烟仅仅是每天抽一包时，死亡时间不会显著提前，也不会被扩大。虽然过量吸烟对寿命有不良影响，但长寿与否受许多因素影响，其中遗传基因是关键，占到了百分之六七十的作用，其他因素影响了百分之三四十。
一天一包烟对身体来说有点过量，医生建议每天抽烟量不超过十根，这个量对身体伤害微乎其微。实际上，在现实生活中，大部分烟民难以控制烟量。他们抽的烟远远超出了医生的建议，每天需要两包、甚至三包四包的情况也大有人在。以这种方式吸烟，长期下来对身体不利，至少会增加患大病的风险。如何控制吸烟量是一个关乎健康和寿命的问题。
#吸烟控制# #戒烟之道# #寿命与吸烟# #吸烟对健康影响# #探索长寿之谜# #戒烟艰难# #吸烟成瘾# #寻找戒烟方法# #健康生活# #癌症风险# #烟草危害##烟民注意了# #戒烟真的难吗？#","title: 如何控烟才能延长寿命？ 如果控制得当，烟草并非直接决定寿命长短。抽烟仅仅是每天抽一包时，死亡时间不会显著提前，也不会被扩大。虽然过量吸烟对寿命有不良影响，但长寿与否受许多因素影响，其中遗传基因是关键，占到了百分之六七十的作用，其他因素影响了百分之三四十。 一天一包烟对身体来说有点过量，医生建议每天抽烟量不超过十根，这个量对身体伤害微乎其微。实际上，在现实生活中，大部分烟民难以控制烟量。他们抽的烟远远超出了医生的建议，每天需要两包、甚至三包四包的情况也大有人在。以这种方式吸烟，长期下来对身体不利，至少会增加患大病的风险。如何控制吸烟量是一个关乎健康和寿命的问题。 #吸烟控制# #戒烟之道# #寿命与吸烟# #吸烟对健康影响# #探索长寿之谜# #戒烟艰难# #吸烟成瘾# #寻找戒烟方法# #健康生活# #癌症风险# #烟草危害##烟民注意了# #戒烟真的难吗？# summary: 如果控制得当，烟草并非直接决定寿命长短。#吸烟控制##戒烟之道##寿命与吸烟##吸烟对健康影响##探索长寿之谜##戒烟艰难##吸烟成瘾##寻找戒烟方法##健康生活##癌症风险##烟草危害##烟民注意了##戒烟真的难吗. content: 如何控烟才能延长寿命？ 如果控制得当，烟草并非直接决定寿命长短。抽烟仅仅是每天抽一包时，死亡时间不会显著提前，也不会被扩大。虽然过量吸烟对寿命有不良影响，但长寿与否受许多因素影响，其中遗传基因是关键，占到了百分之六七十的作用，其他因素影响了百分之三四十。 一天一包烟对身体来说有点过量，医生建议每天抽烟量不超过十根，这个量对身体伤害微乎其微。实际上，在现实生活中，大部分烟民难以控制烟量。他们抽的烟远远超出了医生的建议，每天需要两包、甚至三包四包的情况也大有人在。以这种方式吸烟，长期下来对身体不利，至少会增加患大病的风险。如何控制吸烟量是一个关乎健康和寿命的问题。 #吸烟控制# #戒烟之道# #寿命与吸烟# #吸烟对健康影响# #探索长寿之谜# #戒烟艰难# #吸烟成瘾# #寻找戒烟方法# #健康生活# #癌症风险# #烟草危害##烟民注意了# #戒烟真的难吗？# "" """,微头条,温柔鬼书生,2024-01-13 12:13:20,http://www.toutiao.com/w/i1787895494773836/,未知,控烟、戒烟,正面,未知
202401013151,一张照片，2007年，成都某大学宿舍楼道。这名姑娘，来自重庆市城口县，身材匀称，戴着眼镜，看起来文静端庄。她是学生会控烟劝导员，每周一次，为校园控烟尽心劝导。怎么看待这位外表靓丽的重庆妹儿，如何在学校大展身手，给校园增添了一抹别样的风景？#重庆身边的事# #你身边的重庆事# #谢谢重庆小才女# #重庆身边事情# #重庆身边事！# #奉节秀姐一起# #重庆同城事# #重庆新鲜事儿# #四川生活奇闻# #重庆兔子小姐姐#,"title: 一张照片，2007年，成都某大学宿舍楼道。这名姑娘，来自重庆市城口县，身材匀称，戴着眼镜，看起来文静端庄。她是学生会控烟劝导员，每周一次，为校园控烟尽心劝导。怎么看待这位外表靓丽的重庆妹儿，如何在学校大展身手，给校园增添了一抹别样的风景？#重庆身边的事# #你身边的重庆事# #谢谢重庆小才女# #重庆身边事情# #重庆身边事！# #奉节秀姐一起# #重庆同城事# #重庆新鲜事儿# #四川生活奇闻# #重庆兔子小姐姐# summary: 一张照片，2007年，成都某大学宿舍楼道。这名姑娘，来自重庆市城口县，身材匀称，戴着眼镜，看起来文静端庄。怎么看待这位外表靓丽的重庆妹儿，如何在学校大展身手，给校园增添了一抹别样的风景？#重庆身边的事##你身边的重庆事##谢谢重庆小才女##重庆身边事情##重庆身边事！ content: 一张照片，2007年，成都某大学宿舍楼道。这名姑娘，来自重庆市城口县，身材匀称，戴着眼镜，看起来文静端庄。她是学生会控烟劝导员，每周一次，为校园控烟尽心劝导。怎么看待这位外表靓丽的重庆妹儿，如何在学校大展身手，给校园增添了一抹别样的风景？#重庆身边的事# #你身边的重庆事# #谢谢重庆小才女# #重庆身边事情# #重庆身边事！# #奉节秀姐一起# #重庆同城事# #重庆新鲜事儿# #四川生活奇闻# #重庆兔子小姐姐# """,微头条,优闻早班车,2024-01-13 11:01:00,http://www.toutiao.com/w/i1787921951645707/,未知,控烟,正面,未知
202401013157,"那幅照片定格在2007年，在成都市某高校宿舍的楼道上，记录了学校学生会控烟劝导员休息的一瞬间。照片中的姑娘来自重庆市城口县，在考上大学后，怀着对学生会锻炼自己的渴望，毅然成为了学校的控烟劝导员。每周，她都会在学校里承担一天的控烟劝导工作。
这位重庆姑娘不仅美丽动人，身材窈窕，还戴着一副眼镜，给人一种斯斯文文的感觉。她身上散发着一种独特的魅力，在楼道中，她的认真和专注仿佛都可以跃然照片。这样的画面让人感受到她的坚定和温暖，也让人不禁对她的内心世界产生了无限遐想。
这张照片背后，不仅是一位劝导员的风采，更是她对健康生活的执着追求。通过控烟劝导，她传递着对生活的热爱与关怀。正是这样一群青年人的努力和奉献，推动着全社会对健康生活的不懈追求。相信在这位重庆姑娘的身上，我们可以看到更多年轻人的担当与责任，也期待更多人能像她一样，用实际行动传递美好与温暖。",title: 那幅照片定格在2007年，在成都市某高校宿舍的楼道上，记录了学校学生会控烟劝导员休息的一瞬间。照片中的姑娘来自重庆市城口县，在考上大学后，怀着对学生会锻炼自己的渴望，毅然成为了学校的控烟劝导员。每周，她都会在学校里承担一天的控烟劝导工作。 这位重庆姑娘不仅美丽动人，身材窈窕，还戴着一副眼镜，给人一种斯斯文文的感觉。她身上散发着一种独特的魅力，在楼道中，她的认真和专注仿佛都可以跃然照片。这样的画面让人感受到她的坚定和温暖，也让人不禁对她的内心世界产生了无限遐想。 这张照片背后，不仅是一位劝导员的风采，更是她对健康生活的执着追求。通过控烟劝导，她传递着对生活的热爱与关怀。正是这样一群青年人的努力和奉献，推动着全社会对健康生活的不懈追求。相信在这位重庆姑娘的身上，我们可以看到更多年轻人的担当与责任，也期待更多人能像她一样，用实际行动传递美好与温暖。 summary: 那幅照片定格在2007年，在成都市某高校宿舍的楼道上，记录了学校学生会控烟劝导员休息的一瞬间。照片中的姑娘来自重庆市城口县，在考上大学后，怀着对学生会锻炼自己的渴望，毅然成为了学校的控烟劝导员。每周，她都会在学校里承担一天的控烟劝导工作。这张照片背后，不仅是一位劝导员的风采，更是她对健康生活的执着追求。 content: 那幅照片定格在2007年，在成都市某高校宿舍的楼道上，记录了学校学生会控烟劝导员休息的一瞬间。照片中的姑娘来自重庆市城口县，在考上大学后，怀着对学生会锻炼自己的渴望，毅然成为了学校的控烟劝导员。每周，她都会在学校里承担一天的控烟劝导工作。 这位重庆姑娘不仅美丽动人，身材窈窕，还戴着一副眼镜，给人一种斯斯文文的感觉。她身上散发着一种独特的魅力，在楼道中，她的认真和专注仿佛都可以跃然照片。这样的画面让人感受到她的坚定和温暖，也让人不禁对她的内心世界产生了无限遐想。 这张照片背后，不仅是一位劝导员的风采，更是她对健康生活的执着追求。通过控烟劝导，她传递着对生活的热爱与关怀。正是这样一群青年人的努力和奉献，推动着全社会对健康生活的不懈追求。相信在这位重庆姑娘的身上，我们可以看到更多年轻人的担当与责任，也期待更多人能像她一样，用实际行动传递美好与温暖。,微头条,姜糖.,2024-01-13 10:47:48,http://www.toutiao.com/w/i1787917323178073/,未知,控烟,正面,未知
202401013171,"2024年，香烟行情一涨再涨，十多块一包的烟没完没了，而二十以上的则是风平浪静。曾经100元一包的烟现在80元就能带走了。这是一个明显的信号，控烟的力度越来越大。这样的趋势下，会有更多人选择戒烟吗？控烟政策真的有效果吗？让我们一起来看看。据统计，全球吸烟人口持续减少，而戒烟人数逐年增加。在中国，控烟政策也在不断加强，例如加大对吸烟场所的管理力度，提高烟草税等。这些举措的背后，是对公众健康的高度重视。同时，不少人也意识到吸烟对身体的危害，有更多人选择了戒烟，因为他们清楚，戒烟能够让他们拥有更健康的生活。然而，也有人对控烟政策持怀疑态度。他们认为，即使涨价了，依然有很多人愿意为了烟钱不惜一切代价。另外，也有观点认为，过于严格的控烟政策可能会导致烟草黑市的兴起，反而会适得其反。

不可否认的是，控烟政策对于吸烟人口的影响是显而易见的。但我们更应该关注的是，面对控烟政策，我们应该如何做出更明智的选择。当然，对于吸烟者来说，戒烟不仅是一种健康的选择，更是对自己和家人的一种负责。因此，无论政策如何变化，戒烟都是一个明智之举。","title: 2024年，香烟行情一涨再涨，十多块一包的烟没完没了，而二十以上的则是风平浪静。曾经100元一包的烟现在80元就能带走了。这是一个明显的信号，控烟的力度越来越大。这样的趋势下，会有更多人选择戒烟吗？控烟政策真的有效果吗？让我们一起来看看。据统计，全球吸烟人口持续减少，而戒烟人数逐年增加。在中国，控烟政策也在不断加强，例如加大对吸烟场所的管理力度，提高烟草税等。这些举措的背后，是对公众健康的高度重视。同时，不少人也意识到吸烟对身体的危害，有更多人选择了戒烟，因为他们清楚，戒烟能够让他们拥有更健康的生活。然而，也有人对控烟政策持怀疑态度。他们认为，即使涨价了，依然有很多人愿意为了烟钱不惜一切代价。另外，也有观点认为，过于严格的控烟政策可能会导致烟草黑市的兴起，反而会适得其反。 不可否认的是，控烟政策对于吸烟人口的影响是显而易见的。但我们更应该关注的是，面对控烟政策，我们应该如何做出更明智的选择。当然，对于吸烟者来说，戒烟不仅是一种健康的选择，更是对自己和家人的一种负责。因此，无论政策如何变化，戒烟都是一个明智之举。 summary: 2024年，香烟行情一涨再涨，十多块一包的烟没完没了，而二十以上的则是风平浪静。据统计，全球吸烟人口持续减少，而戒烟人数逐年增加。同时，不少人也意识到吸烟对身体的危害，有更多人选择了戒烟，因为他们清楚，戒烟能够让他们拥有更健康的生活。因此，无论政策如何变化，戒烟都是一个明智之举。 content: 2024年，香烟行情一涨再涨，十多块一包的烟没完没了，而二十以上的则是风平浪静。曾经100元一包的烟现在80元就能带走了。这是一个明显的信号，控烟的力度越来越大。这样的趋势下，会有更多人选择戒烟吗？控烟政策真的有效果吗？让我们一起来看看。据统计，全球吸烟人口持续减少，而戒烟人数逐年增加。在中国，控烟政策也在不断加强，例如加大对吸烟场所的管理力度，提高烟草税等。这些举措的背后，是对公众健康的高度重视。同时，不少人也意识到吸烟对身体的危害，有更多人选择了戒烟，因为他们清楚，戒烟能够让他们拥有更健康的生活。然而，也有人对控烟政策持怀疑态度。他们认为，即使涨价了，依然有很多人愿意为了烟钱不惜一切代价。另外，也有观点认为，过于严格的控烟政策可能会导致烟草黑市的兴起，反而会适得其反。 不可否认的是，控烟政策对于吸烟人口的影响是显而易见的。但我们更应该关注的是，面对控烟政策，我们应该如何做出更明智的选择。当然，对于吸烟者来说，戒烟不仅是一种健康的选择，更是对自己和家人的一种负责。因此，无论政策如何变化，戒烟都是一个明智之举。 """,微头条,友爱海风sGP,2024-01-13 10:12:15,http://www.toutiao.com/w/i1787928319078419/,未知,控烟、戒烟,正面,未知
202401013183,"冬日临近，消费者在购物季节里必然会在大中型超市里进行购物打卡。在唐山市区的多家大中型超市暗访中，涌现出了一系列卫生管理问题，引发了市民的关注。
市创卫办对多家大中型超市进行了暗访，发现了一系列问题。比如，在新华道华盛超市，发现了缺少健康教育宣传、公共区域未见控烟标识等问题；在大润发超市则发现了熟食区防污染设施不到位等问题。这些问题无疑会影响市民的健康和购物体验。
超市卫生和管理问题的暴露引起了广泛的关注和讨论。对此，市创卫办强调，各级各部门应当深刻认识到创卫工作的重要性，加大管理力度，提升管理水平，为市民创造更加整洁舒适的购物环境。
这一次暗访所揭露出的问题，呼吁我们重视超市卫生管理的重要性，同时也提醒超市管理者加强店内卫生和食品安全管理，切实保障市民的身体健康。
素材源于网络，侵删，欢迎转发评论！#河北唐山身边事# #记录唐山身边事# #唐山新鲜事儿# #唐山生活点滴#","title: 冬日临近，消费者在购物季节里必然会在大中型超市里进行购物打卡。在唐山市区的多家大中型超市暗访中，涌现出了一系列卫生管理问题，引发了市民的关注。 市创卫办对多家大中型超市进行了暗访，发现了一系列问题。比如，在新华道华盛超市，发现了缺少健康教育宣传、公共区域未见控烟标识等问题；在大润发超市则发现了熟食区防污染设施不到位等问题。这些问题无疑会影响市民的健康和购物体验。 超市卫生和管理问题的暴露引起了广泛的关注和讨论。对此，市创卫办强调，各级各部门应当深刻认识到创卫工作的重要性，加大管理力度，提升管理水平，为市民创造更加整洁舒适的购物环境。 这一次暗访所揭露出的问题，呼吁我们重视超市卫生管理的重要性，同时也提醒超市管理者加强店内卫生和食品安全管理，切实保障市民的身体健康。 素材源于网络，侵删，欢迎转发评论！#河北唐山身边事# #记录唐山身边事# #唐山新鲜事儿# #唐山生活点滴# summary: 冬日临近，消费者在购物季节里必然会在大中型超市里进行购物打卡。在唐山市区的多家大中型超市暗访中，涌现出了一系列卫生管理问题，引发了市民的关注。#河北唐山身边事##记录唐山身边事##唐山新鲜事儿##唐山生活点滴#. content: 冬日临近，消费者在购物季节里必然会在大中型超市里进行购物打卡。在唐山市区的多家大中型超市暗访中，涌现出了一系列卫生管理问题，引发了市民的关注。 市创卫办对多家大中型超市进行了暗访，发现了一系列问题。比如，在新华道华盛超市，发现了缺少健康教育宣传、公共区域未见控烟标识等问题；在大润发超市则发现了熟食区防污染设施不到位等问题。这些问题无疑会影响市民的健康和购物体验。 超市卫生和管理问题的暴露引起了广泛的关注和讨论。对此，市创卫办强调，各级各部门应当深刻认识到创卫工作的重要性，加大管理力度，提升管理水平，为市民创造更加整洁舒适的购物环境。 这一次暗访所揭露出的问题，呼吁我们重视超市卫生管理的重要性，同时也提醒超市管理者加强店内卫生和食品安全管理，切实保障市民的身体健康。 素材源于网络，侵删，欢迎转发评论！#河北唐山身边事# #记录唐山身边事# #唐山新鲜事儿# #唐山生活点滴# """,微头条,智者你在看什么,2024-01-13 09:02:34,http://www.toutiao.com/w/i1787910967322634/,未知,控烟,正面,未知
202401013203,红星村“共建无烟环境，共建健康生活”控烟科普知识宣传活动,"title: 红星村“共建无烟环境，共建健康生活”控烟科普知识宣传活动 summary: 红星村共建无烟环境，共建健康生活控烟科普知识宣传活动姚李镇红星村共建无烟环境，共建健康生活控烟科普知识宣传活动。通过此次控烟科普宣传活动，有效的帮助群众更好的了解了烟草的危害和戒烟的重要性，倡导了健康的生活方式，增强了群众的自我保健意识和能力。 content: 姚李镇红星村“共建无烟环境，共建健康生活”控烟科普知识宣传活动""为加强控烟科普宣传，改善人居环境质量，提高群众对烟草危害的认识，促进群众养成健康的生活方式，营造积极健康的公共生活环境，红星村新时代文明实践站于2024年1月13日‬开展“共建无烟环境，共建健康生活”控烟科普知识宣传活动。""本次活动通过村支部书记为群众普及烟草对健康危害的知识，向群众宣传吸二手烟暴露对健康的危害，了解烟草的有害成分和烟草引起的相关疾病，引导吸烟者主动戒烟，倡导大家弯腰参与捡拾烟头改善环境，争做禁烟控烟带头人 。""通过此次控烟科普宣传活动，有效的帮助群众更好的了解了烟草的危害和戒烟的重要性，倡导了健康的生活方式，增强了群众的自我保健意识和能力。",头条号,Z💓Y,2024-01-13 00:52:09,http://www.toutiao.com/w/i7323253706861330981/,未知,控烟、戒烟,中性,未知
202401013210,"#要远离社交场合才能戒烟吗?#想戒烟不能光从个人方面出发，也要从国家层面想办法，但是咱们国家的国情比较特殊，烟草业养活着很多的行业，又是国家的纳税大户。一时半会不可能立即取消烟草业，只能是循序渐进地推进。
我们可以借鉴新加坡的控烟办法，就是提高烟草的价格，一包烟卖50块钱起价。这个办法在很多国家证明都是行之有效的。那就是烟草卖的越贵，抽烟的人越少。新加坡不光烟草贵，而且限制抽烟的地方特别多，所有的室内场所禁止抽烟，就算是露天场所也必须在指定的地方抽烟，甚至在自己家里抽烟，如果影响到楼上的邻居，遭投诉以后一样也要接受高额罚款。总之，在新加坡抽烟变得越来越难，抽烟的人群自然而然越来越少。",title: #要远离社交场合才能戒烟吗?#想戒烟不能光从个人方面出发，也要从国家层面想办法，但是咱们国家的国情比较特殊，烟草业养活着很多的行业，又是国家的纳税大户。一时半会不可能立即取消烟草业，只能是循序渐进地推进。 我们可以借鉴新加坡的控烟办法，就是提高烟草的价格，一包烟卖50块钱起价。这个办法在很多国家证明都是行之有效的。那就是烟草卖的越贵，抽烟的人越少。新加坡不光烟草贵，而且限制抽烟的地方特别多，所有的室内场所禁止抽烟，就算是露天场所也必须在指定的地方抽烟，甚至在自己家里抽烟，如果影响到楼上的邻居，遭投诉以后一样也要接受高额罚款。总之，在新加坡抽烟变得越来越难，抽烟的人群自然而然越来越少。 summary: #要远离社交场合才能戒烟吗?#想戒烟不能光从个人方面出发，也要从国家层面想办法，但是咱们国家的国情比较特殊，烟草业养活着很多的行业，又是国家的纳税大户。一时半会不可能立即取消烟草业，只能是循序渐进地推进。 content: #要远离社交场合才能戒烟吗?#想戒烟不能光从个人方面出发，也要从国家层面想办法，但是咱们国家的国情比较特殊，烟草业养活着很多的行业，又是国家的纳税大户。一时半会不可能立即取消烟草业，只能是循序渐进地推进。 我们可以借鉴新加坡的控烟办法，就是提高烟草的价格，一包烟卖50块钱起价。这个办法在很多国家证明都是行之有效的。那就是烟草卖的越贵，抽烟的人越少。新加坡不光烟草贵，而且限制抽烟的地方特别多，所有的室内场所禁止抽烟，就算是露天场所也必须在指定的地方抽烟，甚至在自己家里抽烟，如果影响到楼上的邻居，遭投诉以后一样也要接受高额罚款。总之，在新加坡抽烟变得越来越难，抽烟的人群自然而然越来越少。,微头条,人生慢慢冷暖自知,2024-01-13 00:19:04,http://www.toutiao.com/w/i1787902133127179/,未知,戒烟、控烟,正面,未知
202401013216,牡丹区大黄集镇组织开展“无烟佳节与爱同行”系列活动,"title: 牡丹区大黄集镇组织开展“无烟佳节与爱同行”系列活动 summary: 牡丹区大黄集镇组织开展无烟佳节与爱同行系列活动为践行文明健康绿色环保生活方式，更好地推广控烟理念、倡导无烟环境建设，营造良好的控烟氛围。大黄集镇卫健办联合卫生院、学校积极开展无烟佳节与爱同行系列活动。 content: 为践行文明健康绿色环保生活方式，更好地推广控烟理念、倡导“无烟环境”建设，营造良好的控烟氛围。大黄集镇卫健办联合卫生院、学校积极开展“无烟佳节 与爱同行”系列活动。&lt;img max-width=""600"" class=""content-image"" data-src=""9jtEdtXdLrY19r1cR6XiEJ+T+O6xWv7wGT3vuPl3MM7+r0Cq0IaO3+O29MZ/6hXr+wRq5SxAatTaWIzA0eef+7WTzmKYPwYvFkmu9a+AK6w="" width=""1080"" height=""608"" /1月11日上午，大黄集镇组织召开“无烟佳节、与爱同行”活动动员会。会上，大黄集镇党委副书记、镇长刘宁强调：各单位、学校要高度重视，明确责任，确保活动的顺利进行；卫生院要加强指导，提供必要的专业支持；镇村志愿者要积极参与，发挥自身优势，共同推动控烟工作的深入开展。动员会结束后，镇卫健办工作人员和志愿者迅速行动起来，在便民服务大厅开展禁烟控烟知识宣传，向大厅工作人员和来往群众讲解吸烟的危害、控烟的重要性以及戒烟的方法等；号召大家为了自己和家人的健康不吸烟，共建无烟环境，要年味，不要烟味。同时，在政府服务大厅、卫生院门诊大厅等显眼位置张贴禁烟标识，提高大家的控烟意识。&lt;img max-width=""600"" class=""content-image"" data-src=""sWGYY5yy0kWHb3ShJgzYTKg7xZYqtHG7/sZrsCKGko6QSaN3XZEcUMu8qU3Oj85sZjWykx+OjX4C2E6GcHM9WLWTzmKYPwYvFkmu9a+AK6w="" width=""1080"" height=""810"" /&lt;img max-width=""600"" class=""content-image"" data-src=""9jtEdtXdLrY19r1cR6XiEIkAMIGtmPNJ8r+6T6+3to+S82SHal2JBw77gb0SmQwxpZs2E8BhA2mApK5gbqhha7WTzmKYPwYvFkmu9a+AK6w="" width=""1080"" height=""807"" /大黄集镇卫健办联合卫生院组织无烟宣传进校园活动，现场开展无烟签名活动，鼓励师生积极参与，共同承诺不吸烟、不递烟、不劝烟；卫生院专业人员还为同学们上了一堂以“拒吸第一支烟 做无烟新一代”为主题的宣传教育课。引导青少年树立正确的价值观，自觉抵制吸烟行为。&lt;img max-width=""600"" class=""content-image"" data-src=""i+xuDLks9VorTFRP5fQEORvXXaxEQUerdfM2IxlZUvNrDIP+HxqfyNh/JelAyNaAgpEK3zuvqPT45C7J0MF4fLWTzmKYPwYvFkmu9a+AK6w="" width=""1080"" height=""810"" /&lt;img max-width=""600"" class=""content-image"" data-src=""j62ER+laWpTPEkLaFdmRXvD89Pq78BXjLXrhae7xoIYADp/VZrc+sLKlqT0sCrqbZ0ZGSPQ+okRm8nraQ4ScYbWTzmKYPwYvFkmu9a+AK6w="" width=""1080"" height=""810"" /&lt;img max-width=""600"" class=""content-image"" data-src=""rktmUZKiSD+eswOQv1Y0iz0UYSOt6UI1BsNc7Ice/H4zRzGNOw8ty3V5EzPdcUvnocbyteJPSWahfBapJzl7ubWTzmKYPwYvFkmu9a+AK6w="" width=""1080"" height=""810"" /&lt;img max-width=""600"" class=""content-image"" data-src=""sWGYY5yy0kWHb3ShJgzYTGe1URPCRbVtS6EpHEkT45J6LOmKELzR4znP6lCwEirfry3w851u+hUZRpsjE8hcvrWTzmKYPwYvFkmu9a+AK6w="" width=""1080"" height=""810"" /通过“无烟佳节 与爱同行”系列活动，进一步提升了全镇群众的控烟、禁烟意识，营造了无烟佳节氛围。下一步，大黄集镇将通过各种形式持续开展无烟活动，引导广大群众积极参与进来，共同创建一个健康、文明的生活环境。发布于：山东省",搜狐号,菏事菏人,2024-01-13 00:00:00,http://m.sohu.com/a/751478134_121783855,未知,控烟、戒烟,正面,未知
202401012747,又有内地人在香港街头被罚！这个动作千万不能做！,"title: 又有内地人在香港街头被罚！这个动作千万不能做！ summary: 又有内地人在香港街头被罚！内容正文：那天，在小红书上突然涌现出一则内地女生分享的帖子，描绘了她丈夫在香港街头被罚款的经历。香港的全面禁烟方案给我们带来了更多思考，不仅是对禁烟政策的反思，更是对文化交融与共同价值观的思索。在这个变革与思考的时代，每一个看似微小的事件都有可能引发深刻的思考。 content: 文章寄语：在这个充满变革与思考的时代，我们不禁要关注身边发生的事情，从中汲取智慧，反思自身的行为。今天，我将带你一同探讨一段关于内地游客在香港街头被罚款的故事。通过这个看似简单的事件，我们或许能够找到一些启示，不仅是关于禁烟与控烟的问题，更是关于文化差异与共同价值的思考。让我们携手踏上这场思想的旅程，一同发现其中的奇妙之处。内容正文：那天，在小红书上突然涌现出一则内地女生分享的帖子，描绘了她丈夫在香港街头被罚款的经历。""令人意外的是，内地网友对这一事件的评论却显示了一些出人意料的支持。让我们一起穿越文字的隧道，走进这个引发热议的街头罚款事件。这对内地夫妇在香港旅游，一切都在一个抽烟的瞬间发生。丈夫抽完烟后，却找不到垃圾桶，于是将烟蒂扔在夹缝里。这看似微不足道的行为却成为食环署工作人员罚款的导火索，罚款金额高达3000港币。然而，内地网友的关注点却并非乱丢垃圾，而是街头抽烟的行为。""有网友分享因被罚款而戒烟的经历，引发了广泛共鸣。内地网友认为类似的禁烟措施应该在内地实施，将香港与内地在禁烟控烟方面的差异摆在了台面上。他们指出，内地游客在香港频繁遭遇罚款，引发了对香港禁烟措施的讨论。而香港的禁烟区域划分细致，不仅包括公共交通、学校、医院等公共场所，甚至在酒店内抽烟也可能遭受罚款。这些例子让人深思，对于内地游客而言，香港的禁烟政策是否应该更为人性化？""港府计划将违例吸烟罚款提高至5000港币，同时考虑禁止“火车头”行为。这引发了对提高烟草购买年龄限制的讨论，似乎在一步步走向更为严格的烟草管制。内地网友对此持怎样的态度呢？文章接着揭示了香港全面禁烟方案，包括禁止向年轻人卖烟、限制带烟入境、对电子烟的严格控制等。这一方案不仅显示了香港在控烟禁烟方面的努力，更凸显了取得的明显成效。这是否能成为其他地区学习的榜样？""这其中的艰辛和付出，我们是否值得借鉴？总结：在这场引人深思的思想之旅中，我们一同走过了内地游客在香港街头被罚款的事件。通过细致剖析，我们看到了禁烟与控烟的文化差异，内地网友对香港禁烟措施的反思，以及港府在管制烟草方面的决心。香港的全面禁烟方案给我们带来了更多思考，不仅是对禁烟政策的反思，更是对文化交融与共同价值观的思索。在这个变革与思考的时代，每一个看似微小的事件都有可能引发深刻的思考。""",头条号,大宝他大姐,2024-01-12 21:09:19,http://www.toutiao.com/w/i7321547219969540644/,未知,控烟、戒烟,中性,未知
202401012754,中小学生控烟知识吸烟的危害教育教学PPT,title: 中小学生控烟知识吸烟的危害教育教学PPT summary: 中小学生控烟知识吸烟的危害教育教学PPT中小学生控烟知识吸烟的危害教育教学PPT课件 content: 中小学生控烟知识吸烟的危害教育教学PPT课件,小红书,北辰文汇小张教学服务,2024-01-12 21:03:00,http://www.xiaohongshu.com/discovery/item/65a138b3000000001e008506,未知,控烟,中性,未知
202401012784,【毓龙街道滩涂社区】开展“无烟佳节与爱同行”控烟宣传活动,"title: 【毓龙街道滩涂社区】开展“无烟佳节与爱同行”控烟宣传活动 summary: 开展无烟佳节与爱同行控烟宣传活动为提高社区居民对吸烟危害的认识，倡导健康生活方式，滩涂社区于2024年1月12日下午举行吸烟有害健康无烟佳节与爱同行主题控烟活动。 content: 为提高社区居民对吸烟危害的认识，倡导健康生活方式，滩涂社区于2024年1月12日下午举行“吸烟有害健康 无烟佳节与爱同行”主题控烟活动。""活动期间，社区工作人员和网格员们通过悬挂横幅、发放宣传资料、微信群宣传等形式，向社区居民宣传吸烟的危害和戒烟的好处，鼓励吸烟者尽早戒烟。同时，还向居民们介绍了一些有效的戒烟方法和技巧，帮助他们克服戒烟过程中的困难。""此次控烟活动得到了社区居民的积极响应和支持，大家纷纷自发签名承诺从自身做起，拒绝吸烟，为创建一个健康、和谐的社区环境贡献自己的力量。（通讯员：虞海斌）""",头条号,滩涂网格员,2024-01-12 17:48:01,http://www.toutiao.com/article/7323145948782346786/,未知,控烟、戒烟,正面,未知
202401012805,荥阳市索河街道老城社区：开展控烟禁烟主题宣传活动,"title: 荥阳市索河街道老城社区：开展控烟禁烟主题宣传活动 summary: 荥阳市索河街道老城社区：开展控烟禁烟主题宣传活动为营造一个无烟、有爱、健康的良好环境，1月11日，荥阳市索河街道老城社区开展珍爱生命崇尚健康控烟禁烟主题宣传活动，提高辖区居民对吸烟危害的认识和了解，保障居民身体健康。 content: 为营造一个无烟、有爱、健康的良好环境，1月11日，荥阳市索河街道老城社区开展“珍爱生命 崇尚健康”控烟禁烟主题宣传活动，提高辖区居民对吸烟危害的认识和了解，保障居民身体健康。""活动现场，网格员向辖区居民发放《控烟戒烟倡议书》，讲解香烟对人体的危害以及戒烟的方法，用科学的数据提醒居民烟草烟雾对自己和家人的危害，切实增强辖区居民禁烟的责任感。网格员们还走访了辖区沿街商户，通过发放禁烟宣传页，积极向群众宣传吸烟与被动吸烟所造成的危害，让更多居民重视吸烟有害健康以及了解控烟禁烟的重要性，引导居民把健康知识转变为健康行为，共建清洁环保的无烟社区，共享健康绿色的生活环境。""此次活动不仅向居民普及了控烟禁烟相关知识，增强了居民的健康意识。（李梦娇 陈雅）",头条号,荥阳周边事,2024-01-12 17:17:22,http://www.toutiao.com/w/i7323138043878539795/,未知,控烟、控烟戒烟、戒烟,正面,未知
202401012812,玉溪街道晏家湾社区：深入开展控烟宣传 营造节前无烟氛围,"title: 玉溪街道晏家湾社区：深入开展控烟宣传 营造节前无烟氛围 summary: 玉溪街道晏家湾社区：深入开展控烟宣传营造节前无烟氛围为了营造无烟氛围，做好辖区公共场所控烟、禁烟工作，进一步增强居民对吸烟危害的认识，近日，内江市市中区玉溪街道晏家湾社区组织社区工作人员、网格员、统战志愿者进辖区、入商铺。 content: 为了营造无烟氛围，做好辖区公共场所控烟、禁烟工作，进一步增强居民对吸烟危害的认识，近日，内江市市中区玉溪街道晏家湾社区组织社区工作人员、网格员、统战志愿者进辖区、入商铺，在春节来临之前深入开展“无烟佳节”宣传活动。""活动中，志愿者和网格员通过发放禁烟、控烟宣传资料，讲解烟草对人体、家人和环境所造成的危害，对吸烟人员进行文明劝导，让更多居民了解吸烟有害健康，以及控烟、禁烟的重要性和必要性。""同时，志愿者和网格员向居民介绍了创建无烟环境的好处，宣讲了国家有关控烟禁烟的法律法规和知识，强调了“二手烟”的危害，尤其是对少年儿童的影响，提醒居民为了自己和家人的健康，即刻行动，积极戒烟。居民张大爷表示：“非常感谢社区这次禁烟、控烟活动，让我们深刻认识到了吸烟对于人体的危害，今后我们将和社区工作人员一起努力，共同维护良好的公共环境和生活区域。”""晏家湾社区党委书记张芮荣说道：“宣传和落实禁烟、控烟工作是一项长期的任务，更是一项光荣的使命。在今后的工作中，晏家湾社区将继续努力做好禁烟、控烟宣传工作，普及控烟、禁烟法律知识，增强居民群众的健康意识和卫生观念，营造一个健康、科学的社区环境，为建设和谐家庭、文明社会极力创造良好氛围，为内江市的创文巩卫工作尽心尽力，添砖加瓦。”（康瑞）""",头条号,中舆传播,2024-01-12 17:07:30,http://www.toutiao.com/w/i7323135707143602742/,未知,控烟、戒烟,中性,未知
202401012826,常州小东门桥：“无烟佳节 与爱同行”,"title: 常州小东门桥：“无烟佳节 与爱同行” summary: 通讯员柯翠桃）春节将至，为营造一个健康、平安、清洁的无烟居住环境，提高辖区居民的控烟禁烟意识。今日下午,常州天宁小东门桥社区开展无烟佳节与爱同行控烟活动。 content: 华讯网常州1月12日电（通讯员 柯翠桃）春节将至，为营造一个健康、平安、清洁的无烟居住环境，提高辖区居民的控烟禁烟意识。今日下午,常州天宁小东门桥社区开展“无烟佳节 与爱同行”控烟活动。""活动现场，社区志愿者通过案例向居民详细讲解控烟的重要性。同时通过发放宣传资料、张贴禁烟标识等形式提醒居民不在公共场所吸烟，不随地乱扔烟头，讲文明、讲卫生，自觉维护公共场所的无烟环境,共同守护家人健康，共度无烟健康佳节,让大家共同参与控烟的氛围中来。通过此次活动的开展，增强了辖区居民对吸烟带来的危害认识，形成了良好的文明之气。下一步，小东门桥社区将继续通过科普、视频观看、走访宣传等多种方式让居民学习控烟知识，以身作则，带动周边更多的居民一起倡导文明健康生活方式，共同营造一个健康、清洁、无烟的健康环境。来源：常州天宁小东门桥社区",头条号,江南华讯,2024-01-12 16:17:28,http://www.toutiao.com/w/i7323122989749535241/,未知,控烟,中性,未知
202401012833,公共场所的七条行为规范，你每周都有违反吗？,title: 公共场所的七条行为规范，你每周都有违反吗？ summary: 公共场所的七条行为规范，你每周都有违反吗？本文总结了日常公共场所的七条行为规范，呼吁大家进行自我检查并遵守，共同维护城市文明。文明行为规范包括着装整洁得体、言行举止文明有礼、有序礼让、垃圾分类投放、控制吸烟、驾驶机动车减速慢行、文明乘车等。 content: 本文总结了日常公共场所的七条行为规范，呼吁大家进行自我检查并遵守，共同维护城市文明。文明行为规范包括着装整洁得体、言行举止文明有礼、有序礼让、垃圾分类投放、控制吸烟、驾驶机动车减速慢行、文明乘车等。摘要由作者通过智能技术生成有用公共场所文明行为规范，你每周都有违反吗？自查一下发现自己还不是个文明人每天对孩子进行规则教育，文明礼貌教育，今天回头自检了下自己，发现平时要求孩子的规则，其实自己也还没完全做到，简单罗列了几条日常行为规范，逐一核对后发现，最简单的行为规范自己每周都有违反的情况，比如教育孩子遵守交通规则，自己却有闯红灯乱穿马路的情况，万千说教不如身体力行做榜样，每日自查自纠文明规范遵守情况。一、着装整洁得体，言行举止文明有礼。我们应该做到不穿奇装异服，不袒胸露背，不大声喧哗，不随地吐痰，不乱扔垃圾等。二、有序礼让，等候服务依次排队。在公共场所，尤其是需要排队等待的地方，我们应该遵守先来后到的原则，避免插队和抢座等不文明行为。三、开展歌舞、健身等活动时，遵守环境噪音管理有关规定。在公共场所进行歌舞、健身等活动时，我们应该注意噪音的影响，避免干扰他人的休息和学习。四、垃圾投放要分类。在公共场所，我们应该将垃圾分类投放，以减少对环境的污染。五、控制吸烟规定。在公共场所，我们应该遵守控烟规定，不吸烟或只能在指定区域吸烟。六、驾驶机动车行经人行横道和积水路段时减速慢行，遇到缓慢行驶时依次交替通行，按规定鸣喇叭、用灯光；驾驶非机动车不逆行、不乱穿马路。在道路上行驶时，我们应该遵守交通规则，确保安全驾驶。七、在乘坐公共交通工具时，我们应该文明乘车，不抢座、不占座、不随意更换座位等。我们共享的公共场所，是展示我们城市面貌和市民素质的窗口。每一次的微笑，每一次的礼让，每一次的排队，都是对这个城市的热爱和尊重，城市文明由个人做起！加油！,头条号,黄恩琪爸爸,2024-01-12 16:06:27,http://www.toutiao.com/w/i7323120155679769114/,未知,控烟,正面,未知
202401012841,"本文总结了日常公共场所的七条行为规范，呼吁大家进行自我检查并遵守，共同维护城市文明。文明行为规范包括着装整洁得体、言行举止文明有礼、有序礼让、垃圾分类投放、控制吸烟、驾驶机动车减速慢行、文明乘车等。
摘要由作者通过智能技术生成
有用
公共场所文明行为规范，你每周都有违反吗？自查一下发现自己还不是个文明人

每天对孩子进行规则教育，文明礼貌教育，今天回头自检了下自己，发现平时要求孩子的规则，其实自己也还没完全做到，简单罗列了几条日常行为规范，逐一核对后发现，最简单的行为规范自己每周都有违反的情况，比如教育孩子遵守交通规则，自己却有闯红灯乱穿马路的情况，万千说教不如身体力行做榜样，每日自查自纠文明规范遵守情况。

一、着装整洁得体，言行举止文明有礼。我们应该做到不穿


奇装异服，不袒胸露背，不大声喧哗，不随地吐痰，不乱扔垃圾等。

二、有序礼让，等候服务依次排队。在公共场所，尤其是需要排队等待的地方，我们应该遵守先来后到的原则，避免插队和抢座等不文明行为。

三、开展歌舞、健身等活动时，遵守环境噪音管理有关规定。在公共场所进行歌舞、健身等活动时，我们应该注意噪音的影响，避免干扰他人的休息和学习。

四、垃圾投放要分类。在公共场所，我们应该将垃圾分类投放，以减少对环境的污染。


五、控制吸烟规定。在公共场所，我们应该遵守控烟规定，不吸烟或只能在指定区域吸烟。

六、驾驶机动车行经人行横道和积水路段时减速慢行，遇到缓慢行驶时依次交替通行，按规定鸣喇叭、用灯光；驾驶非机动车不逆行、不乱穿马路。在道路上行驶时，我们应该遵守交通规则，确保安全驾驶。


七、在乘坐公共交通工具时，我们应该文明乘车，不抢座、不占座、不随意更换座位等。


我们共享的公共场所，是展示我们城市面貌和市民素质的窗口。每一次的微笑，每一次的礼让，每一次的排队，都是对这个城市的热爱和尊重，城市文明由个人做起！加油！",title: 本文总结了日常公共场所的七条行为规范，呼吁大家进行自我检查并遵守，共同维护城市文明。文明行为规范包括着装整洁得体、言行举止文明有礼、有序礼让、垃圾分类投放、控制吸烟、驾驶机动车减速慢行、文明乘车等。 摘要由作者通过智能技术生成 有用 公共场所文明行为规范，你每周都有违反吗？自查一下发现自己还不是个文明人 每天对孩子进行规则教育，文明礼貌教育，今天回头自检了下自己，发现平时要求孩子的规则，其实自己也还没完全做到，简单罗列了几条日常行为规范，逐一核对后发现，最简单的行为规范自己每周都有违反的情况，比如教育孩子遵守交通规则，自己却有闯红灯乱穿马路的情况，万千说教不如身体力行做榜样，每日自查自纠文明规范遵守情况。 一、着装整洁得体，言行举止文明有礼。我们应该做到不穿 奇装异服，不袒胸露背，不大声喧哗，不随地吐痰，不乱扔垃圾等。 二、有序礼让，等候服务依次排队。在公共场所，尤其是需要排队等待的地方，我们应该遵守先来后到的原则，避免插队和抢座等不文明行为。 三、开展歌舞、健身等活动时，遵守环境噪音管理有关规定。在公共场所进行歌舞、健身等活动时，我们应该注意噪音的影响，避免干扰他人的休息和学习。 四、垃圾投放要分类。在公共场所，我们应该将垃圾分类投放，以减少对环境的污染。 五、控制吸烟规定。在公共场所，我们应该遵守控烟规定，不吸烟或只能在指定区域吸烟。 六、驾驶机动车行经人行横道和积水路段时减速慢行，遇到缓慢行驶时依次交替通行，按规定鸣喇叭、用灯光；驾驶非机动车不逆行、不乱穿马路。在道路上行驶时，我们应该遵守交通规则，确保安全驾驶。 七、在乘坐公共交通工具时，我们应该文明乘车，不抢座、不占座、不随意更换座位等。 我们共享的公共场所，是展示我们城市面貌和市民素质的窗口。每一次的微笑，每一次的礼让，每一次的排队，都是对这个城市的热爱和尊重，城市文明由个人做起！加油！ summary: 本文总结了日常公共场所的七条行为规范，呼吁大家进行自我检查并遵守，共同维护城市文明。文明行为规范包括着装整洁得体、言行举止文明有礼、有序礼让、垃圾分类投放、控制吸烟、驾驶机动车减速慢行、文明乘车等。 content: 本文总结了日常公共场所的七条行为规范，呼吁大家进行自我检查并遵守，共同维护城市文明。文明行为规范包括着装整洁得体、言行举止文明有礼、有序礼让、垃圾分类投放、控制吸烟、驾驶机动车减速慢行、文明乘车等。 摘要由作者通过智能技术生成 有用 公共场所文明行为规范，你每周都有违反吗？自查一下发现自己还不是个文明人 每天对孩子进行规则教育，文明礼貌教育，今天回头自检了下自己，发现平时要求孩子的规则，其实自己也还没完全做到，简单罗列了几条日常行为规范，逐一核对后发现，最简单的行为规范自己每周都有违反的情况，比如教育孩子遵守交通规则，自己却有闯红灯乱穿马路的情况，万千说教不如身体力行做榜样，每日自查自纠文明规范遵守情况。 一、着装整洁得体，言行举止文明有礼。我们应该做到不穿 奇装异服，不袒胸露背，不大声喧哗，不随地吐痰，不乱扔垃圾等。 二、有序礼让，等候服务依次排队。在公共场所，尤其是需要排队等待的地方，我们应该遵守先来后到的原则，避免插队和抢座等不文明行为。 三、开展歌舞、健身等活动时，遵守环境噪音管理有关规定。在公共场所进行歌舞、健身等活动时，我们应该注意噪音的影响，避免干扰他人的休息和学习。 四、垃圾投放要分类。在公共场所，我们应该将垃圾分类投放，以减少对环境的污染。 五、控制吸烟规定。在公共场所，我们应该遵守控烟规定，不吸烟或只能在指定区域吸烟。 六、驾驶机动车行经人行横道和积水路段时减速慢行，遇到缓慢行驶时依次交替通行，按规定鸣喇叭、用灯光；驾驶非机动车不逆行、不乱穿马路。在道路上行驶时，我们应该遵守交通规则，确保安全驾驶。 七、在乘坐公共交通工具时，我们应该文明乘车，不抢座、不占座、不随意更换座位等。 我们共享的公共场所，是展示我们城市面貌和市民素质的窗口。每一次的微笑，每一次的礼让，每一次的排队，都是对这个城市的热爱和尊重，城市文明由个人做起！加油！,微头条,黄恩琪爸爸,2024-01-12 16:06:06,http://www.toutiao.com/w/i1787871117876224/,未知,控烟,正面,未知
202401012855,"自强不息奶酪pzv：小区里有一个抽烟的高手，我非常佩服。他从不购买烟草，却总是口袋里备有一把打火机。当别人递烟过来时，他可以一支接一支地抽，但在没有人递烟时，他却能够坚守不抽烟的原则。他平时喜欢在小区院子里散步，让人不禁好奇，这位大神是如何掌控烟草的，真是技艺高超。
这让我想起数字数据显示，吸烟对健康的危害是极大的。据世界卫生组织统计，吸烟导致的各种疾病每年会造成数百万人不同程度的残疾，是导致心血管疾病、慢性阻塞性肺病和肺癌的危险因素。
这位高手的做法给我们树立了一个良好的榜样，表明了控烟的可行性。他的行为在彰显出一个人可以通过自控来克服对不良习惯的依赖。或许我们在自己的生活中也能够找到更好的方法来控制我们的诱惑，从而拥有更健康的生活方式。
这位高手让我们看到，爱抽烟并不是一种无法克制的冲动。通过自律和坚定的意志，我们完全可以摆脱对烟草的依赖，拥有更健康的生活。","title: 自强不息奶酪pzv：小区里有一个抽烟的高手，我非常佩服。他从不购买烟草，却总是口袋里备有一把打火机。当别人递烟过来时，他可以一支接一支地抽，但在没有人递烟时，他却能够坚守不抽烟的原则。他平时喜欢在小区院子里散步，让人不禁好奇，这位大神是如何掌控烟草的，真是技艺高超。 这让我想起数字数据显示，吸烟对健康的危害是极大的。据世界卫生组织统计，吸烟导致的各种疾病每年会造成数百万人不同程度的残疾，是导致心血管疾病、慢性阻塞性肺病和肺癌的危险因素。 这位高手的做法给我们树立了一个良好的榜样，表明了控烟的可行性。他的行为在彰显出一个人可以通过自控来克服对不良习惯的依赖。或许我们在自己的生活中也能够找到更好的方法来控制我们的诱惑，从而拥有更健康的生活方式。 这位高手让我们看到，爱抽烟并不是一种无法克制的冲动。通过自律和坚定的意志，我们完全可以摆脱对烟草的依赖，拥有更健康的生活。 summary: 小区里有一个抽烟的高手，我非常佩服。他从不购买烟草，却总是口袋里备有一把打火机。当别人递烟过来时，他可以一支接一支地抽，但在没有人递烟时，他却能够坚守不抽烟的原则。他平时喜欢在小区院子里散步，让人不禁好奇，这位大神是如何掌控烟草的，真是技艺高超。 content: 小区里有一个抽烟的高手，我非常佩服。他从不购买烟草，却总是口袋里备有一把打火机。当别人递烟过来时，他可以一支接一支地抽，但在没有人递烟时，他却能够坚守不抽烟的原则。他平时喜欢在小区院子里散步，让人不禁好奇，这位大神是如何掌控烟草的，真是技艺高超。 这让我想起数字数据显示，吸烟对健康的危害是极大的。据世界卫生组织统计，吸烟导致的各种疾病每年会造成数百万人不同程度的残疾，是导致心血管疾病、慢性阻塞性肺病和肺癌的危险因素。 这位高手的做法给我们树立了一个良好的榜样，表明了控烟的可行性。他的行为在彰显出一个人可以通过自控来克服对不良习惯的依赖。或许我们在自己的生活中也能够找到更好的方法来控制我们的诱惑，从而拥有更健康的生活方式。 这位高手让我们看到，""爱抽烟""并不是一种无法克制的冲动。通过自律和坚定的意志，我们完全可以摆脱对烟草的依赖，拥有更健康的生活。",微头条,自强不息奶酪pzv,2024-01-12 15:24:03,http://www.toutiao.com/w/1787828834085913/,未知,控烟,正面,未知
202401012899,"2007年，一张照片记录了成都一所高校宿舍楼道上的一幕：一位重庆籍的大学生，戴着眼镜、斯斯文文的样子，休息着。她是学生会的控烟劝导员，每周坚持一天在学校内进行控烟宣传。这位姑娘，来自重庆市城口县，渴望通过参与学生会，锻炼自己，成为了控烟劝导员。她的入选也不离其外貌与性格，优雅迷人，引人注目，与她的使命相得益彰。
这样的情景，不禁让人思考：在青年人群体中，面对控烟这一公共卫生议题，这样的青年形象定会产生正面影响。在当今社会，青年人作为信息传播的重要力量，他们的行为举止对社会大众起到潜移默化的影响。重庆妹儿身上所展现的自信与责任，正是我们希望看到的青年形象。
据数据显示，青年人烟草使用率有逐年上升的趋势。学生会控烟劝导员这一形式新颖的宣传方式，或许能够引导更多的学生健康成长。重庆妹儿的努力与形象，置于这一背景之下，无疑将产生更为深远的意义。","title: 2007年，一张照片记录了成都一所高校宿舍楼道上的一幕：一位重庆籍的大学生，戴着眼镜、斯斯文文的样子，休息着。她是学生会的控烟劝导员，每周坚持一天在学校内进行控烟宣传。这位姑娘，来自重庆市城口县，渴望通过参与学生会，锻炼自己，成为了控烟劝导员。她的入选也不离其外貌与性格，优雅迷人，引人注目，与她的使命相得益彰。 这样的情景，不禁让人思考：在青年人群体中，面对控烟这一公共卫生议题，这样的青年形象定会产生正面影响。在当今社会，青年人作为信息传播的重要力量，他们的行为举止对社会大众起到潜移默化的影响。重庆妹儿身上所展现的自信与责任，正是我们希望看到的青年形象。 据数据显示，青年人烟草使用率有逐年上升的趋势。学生会控烟劝导员这一形式新颖的宣传方式，或许能够引导更多的学生健康成长。重庆妹儿的努力与形象，置于这一背景之下，无疑将产生更为深远的意义。 summary: 2007年，一张照片记录了成都一所高校宿舍楼道上的一幕：一位重庆籍的大学生，戴着眼镜、斯斯文文的样子，休息着。她是学生会的控烟劝导员，每周坚持一天在学校内进行控烟宣传。这位姑娘，来自重庆市城口县，渴望通过参与学生会，锻炼自己，成为了控烟劝导员。 content: 2007年，一张照片记录了成都一所高校宿舍楼道上的一幕：一位重庆籍的大学生，戴着眼镜、斯斯文文的样子，休息着。她是学生会的控烟劝导员，每周坚持一天在学校内进行控烟宣传。这位姑娘，来自重庆市城口县，渴望通过参与学生会，锻炼自己，成为了控烟劝导员。她的入选也不离其外貌与性格，优雅迷人，引人注目，与她的使命相得益彰。 这样的情景，不禁让人思考：在青年人群体中，面对控烟这一公共卫生议题，这样的青年形象定会产生正面影响。在当今社会，青年人作为信息传播的重要力量，他们的行为举止对社会大众起到潜移默化的影响。重庆妹儿身上所展现的自信与责任，正是我们希望看到的青年形象。 据数据显示，青年人烟草使用率有逐年上升的趋势。学生会控烟劝导员这一形式新颖的宣传方式，或许能够引导更多的学生健康成长。重庆妹儿的努力与形象，置于这一背景之下，无疑将产生更为深远的意义。 """,微头条,自由枫叶AS,2024-01-12 13:16:19,http://www.toutiao.com/w/i1787851992867843/,未知,控烟,正面,未知
202401012908,"这张照片是在2007年拍摄的，地点位于成都市某高校宿舍楼道上。照片中展现了学校学生会控烟劝导员在休息时的情景。这位姑娘来自重庆市城口县，她通过努力考上大学后，渴望能够加入学生会并锻炼自己，因此成为了学校的控烟劝导员。每周有一天，她会在学校里进行控烟劝导工作。
重庆妹儿的美丽令人惊艳，她身材窈窕，戴着眼镜显得文雅端庄，给人一种独特的感觉。她以自己的行动为校园营造了一个无烟的环境，为学生们树立了榜样。她的努力和奉献精神值得我们敬佩和学习。","title: 这张照片是在2007年拍摄的，地点位于成都市某高校宿舍楼道上。照片中展现了学校学生会控烟劝导员在休息时的情景。这位姑娘来自重庆市城口县，她通过努力考上大学后，渴望能够加入学生会并锻炼自己，因此成为了学校的控烟劝导员。每周有一天，她会在学校里进行控烟劝导工作。 重庆妹儿的美丽令人惊艳，她身材窈窕，戴着眼镜显得文雅端庄，给人一种独特的感觉。她以自己的行动为校园营造了一个无烟的环境，为学生们树立了榜样。她的努力和奉献精神值得我们敬佩和学习。 summary: 这张照片是在2007年拍摄的，地点位于成都市某高校宿舍楼道上。照片中展现了学校学生会控烟劝导员在休息时的情景。这位姑娘来自重庆市城口县，她通过努力考上大学后，渴望能够加入学生会并锻炼自己，因此成为了学校的控烟劝导员。每周有一天，她会在学校里进行控烟劝导工作。 content: 这张照片是在2007年拍摄的，地点位于成都市某高校宿舍楼道上。照片中展现了学校学生会控烟劝导员在休息时的情景。这位姑娘来自重庆市城口县，她通过努力考上大学后，渴望能够加入学生会并锻炼自己，因此成为了学校的控烟劝导员。每周有一天，她会在学校里进行控烟劝导工作。 重庆妹儿的美丽令人惊艳，她身材窈窕，戴着眼镜显得文雅端庄，给人一种独特的感觉。她以自己的行动为校园营造了一个无烟的环境，为学生们树立了榜样。她的努力和奉献精神值得我们敬佩和学习。 """,微头条,寒冬腊月梅华,2024-01-12 13:14:46,http://www.toutiao.com/w/i1787860339017740/,未知,控烟,正面,未知
202401012929,"标题：重庆妹儿：校园控烟女战士
这个故事要追溯到2007年，在成都市某高校一个角落的楼道上，哥们发现了一位身穿学生会控烟劝导员制服的姑娘。哥们立刻拍下了这个现场，从此，这张照片传遍了整个校园。无人不知的校园控烟女战士，就是成都市某高校的重庆籍学生会控烟劝导员。
这位姑娘叫做重庆妹儿，是来自重庆市城口县的。小妹儿考上大学后，怀抱着锻炼自己的心愿，心心念念想要加入学生会。她最终如愿成为了学校的控烟劝导员，在学校里，她每周都会抽出一天时间进行控烟劝导工作。
重庆妹儿不仅姿色出众，而且身材苗条，戴着眼镜给人一种斯斯文文的感觉。她总是充满自信地走在校园里，让人留下了深刻的印象。
之前也曾有过类似事件，一位学长在操场上分发《绿色校园，靓丽成都》的宣传手册，受到了校园同学的一致好评。学长的举动促使了更多同学积极参与校园环保工作，形成了良好的风气。
网友阿猪猪：这种阳光的正能量小姐姐太棒了，校园需要更多这样的青年人！
网友米妮儿：重庆妹儿是学校的骄傲，她不仅外表漂亮，而且内在更是有趣和有益的。
网友风中的小草：控烟劝导员是校园文明的守护者，重庆妹儿是值得我们学习的楷模！#你身边的重庆事# #重庆新鲜事儿# #重庆本地新鲜事#","title: 标题：重庆妹儿：校园控烟女战士 这个故事要追溯到2007年，在成都市某高校一个角落的楼道上，哥们发现了一位身穿学生会控烟劝导员制服的姑娘。哥们立刻拍下了这个现场，从此，这张照片传遍了整个校园。无人不知的校园控烟女战士，就是成都市某高校的重庆籍学生会控烟劝导员。 这位姑娘叫做重庆妹儿，是来自重庆市城口县的。小妹儿考上大学后，怀抱着锻炼自己的心愿，心心念念想要加入学生会。她最终如愿成为了学校的控烟劝导员，在学校里，她每周都会抽出一天时间进行控烟劝导工作。 重庆妹儿不仅姿色出众，而且身材苗条，戴着眼镜给人一种斯斯文文的感觉。她总是充满自信地走在校园里，让人留下了深刻的印象。 之前也曾有过类似事件，一位学长在操场上分发《绿色校园，靓丽成都》的宣传手册，受到了校园同学的一致好评。学长的举动促使了更多同学积极参与校园环保工作，形成了良好的风气。 网友阿猪猪：这种阳光的正能量小姐姐太棒了，校园需要更多这样的青年人！ 网友米妮儿：重庆妹儿是学校的骄傲，她不仅外表漂亮，而且内在更是有趣和有益的。 网友风中的小草：控烟劝导员是校园文明的守护者，重庆妹儿是值得我们学习的楷模！#你身边的重庆事# #重庆新鲜事儿# #重庆本地新鲜事# summary: 这个故事要追溯到2007年，在成都市某高校一个角落的楼道上，哥们发现了一位身穿学生会控烟劝导员制服的姑娘。哥们立刻拍下了这个现场，从此，这张照片传遍了整个校园。无人不知的校园控烟女战士，就是成都市某高校的重庆籍学生会控烟劝导员。#你身边的重庆事##重庆新鲜事儿##重庆本地新鲜事#. content: 标题：重庆妹儿：校园控烟女战士 这个故事要追溯到2007年，在成都市某高校一个角落的楼道上，哥们发现了一位身穿学生会控烟劝导员制服的姑娘。哥们立刻拍下了这个现场，从此，这张照片传遍了整个校园。无人不知的校园控烟女战士，就是成都市某高校的重庆籍学生会控烟劝导员。 这位姑娘叫做重庆妹儿，是来自重庆市城口县的。小妹儿考上大学后，怀抱着锻炼自己的心愿，心心念念想要加入学生会。她最终如愿成为了学校的控烟劝导员，在学校里，她每周都会抽出一天时间进行控烟劝导工作。 重庆妹儿不仅姿色出众，而且身材苗条，戴着眼镜给人一种斯斯文文的感觉。她总是充满自信地走在校园里，让人留下了深刻的印象。 之前也曾有过类似事件，一位学长在操场上分发《绿色校园，靓丽成都》的宣传手册，受到了校园同学的一致好评。学长的举动促使了更多同学积极参与校园环保工作，形成了良好的风气。 网友阿猪猪：这种阳光的正能量小姐姐太棒了，校园需要更多这样的青年人！ 网友米妮儿：重庆妹儿是学校的骄傲，她不仅外表漂亮，而且内在更是有趣和有益的。 网友风中的小草：控烟劝导员是校园文明的守护者，重庆妹儿是值得我们学习的楷模！#你身边的重庆事# #重庆新鲜事儿# #重庆本地新鲜事# """,微头条,冬儿,2024-01-12 12:43:18,http://www.toutiao.com/w/i1787845128316932/,未知,控烟,正面,未知
202401012945,"2007年，这张照片在成都市某高校宿舍的楼道上拍摄，展现了一位来自重庆市城口县的姑娘。她成为了学校学生会的控烟劝导员，每周一天，她穿梭在校园内，进行控烟劝导工作。姑娘自小希望进入大学后通过学生会锻炼自己，因此选择了这个角色。不仅因为控烟工作的重要性，更是为了锻炼自己的沟通能力和责任感。薄薄的眼镜增添了她斯斯文文的气质，与此同时，她的外表清新秀丽，给人一种别样的感觉。
这样的场景令人感慨良多。一个年轻的大学生，怀揣对未来的美好憧憬，却能在现实中找到属于自己的位置，以实际行动践行自己的责任与使命。我们可以看到，这张照片背后蕴藏了多重意义。它不仅呈现了一位姑娘在追求自己理想的过程中的坚定与努力，更是在诠释着当代大学生肩负社会责任的一种缩影。她的形象以及她所从事的工作都在向我们诠释着一种年轻的责任与使命，这也是对现代大学生应有担当的一种生动诠释。#重庆姑娘四川人# #四川成都赵泡泡# #成都女性主义# #四川生活奇闻# #重庆身边的事# #你身边的重庆事# #大幺妹推广# #重庆同城事# #重庆身边事情# #重庆新鲜事儿#","title: 2007年，这张照片在成都市某高校宿舍的楼道上拍摄，展现了一位来自重庆市城口县的姑娘。她成为了学校学生会的控烟劝导员，每周一天，她穿梭在校园内，进行控烟劝导工作。姑娘自小希望进入大学后通过学生会锻炼自己，因此选择了这个角色。不仅因为控烟工作的重要性，更是为了锻炼自己的沟通能力和责任感。薄薄的眼镜增添了她斯斯文文的气质，与此同时，她的外表清新秀丽，给人一种别样的感觉。 这样的场景令人感慨良多。一个年轻的大学生，怀揣对未来的美好憧憬，却能在现实中找到属于自己的位置，以实际行动践行自己的责任与使命。我们可以看到，这张照片背后蕴藏了多重意义。它不仅呈现了一位姑娘在追求自己理想的过程中的坚定与努力，更是在诠释着当代大学生肩负社会责任的一种缩影。她的形象以及她所从事的工作都在向我们诠释着一种年轻的责任与使命，这也是对现代大学生应有担当的一种生动诠释。#重庆姑娘四川人# #四川成都赵泡泡# #成都女性主义# #四川生活奇闻# #重庆身边的事# #你身边的重庆事# #大幺妹推广# #重庆同城事# #重庆身边事情# #重庆新鲜事儿# summary: 2007年，这张照片在成都市某高校宿舍的楼道上拍摄，展现了一位来自重庆市城口县的姑娘。#重庆姑娘四川人##四川成都赵泡泡##成都女性主义##四川生活奇闻##重庆身边的事##你身边的重庆事##大幺妹推广##重庆同城事##重庆身边事情##重庆新鲜事儿#. content: 2007年，这张照片在成都市某高校宿舍的楼道上拍摄，展现了一位来自重庆市城口县的姑娘。她成为了学校学生会的控烟劝导员，每周一天，她穿梭在校园内，进行控烟劝导工作。姑娘自小希望进入大学后通过学生会锻炼自己，因此选择了这个角色。不仅因为控烟工作的重要性，更是为了锻炼自己的沟通能力和责任感。薄薄的眼镜增添了她斯斯文文的气质，与此同时，她的外表清新秀丽，给人一种别样的感觉。 这样的场景令人感慨良多。一个年轻的大学生，怀揣对未来的美好憧憬，却能在现实中找到属于自己的位置，以实际行动践行自己的责任与使命。我们可以看到，这张照片背后蕴藏了多重意义。它不仅呈现了一位姑娘在追求自己理想的过程中的坚定与努力，更是在诠释着当代大学生肩负社会责任的一种缩影。她的形象以及她所从事的工作都在向我们诠释着一种年轻的责任与使命，这也是对现代大学生应有担当的一种生动诠释。#重庆姑娘四川人# #四川成都赵泡泡# #成都女性主义# #四川生活奇闻# #重庆身边的事# #你身边的重庆事# #大幺妹推广# #重庆同城事# #重庆身边事情# #重庆新鲜事儿# """,微头条,橘子微语录,2024-01-12 07:56:48,http://www.toutiao.com/w/i1787840314384384/,未知,控烟,中性,未知
202401012953,顽强生活家9Rd：这张照片记录了一个特殊时刻：2007年的成都市某高校宿舍的楼道上，一位姑娘身穿制服，正在休息。这位姑娘来自重庆市城口县，她勇敢地决定成为学生会的控烟劝导员，希望通过这个机会锻炼自己。每周，她都会抽出一天的时间在学校里进行控烟劝导工作。身材高挑的她戴着眼镜，给人一种斯斯文文的感觉，与一般印象中的控烟劝导员有所不同。这位姑娘是如何在控烟劝导中发挥作用的呢？她的努力和独特风采又给学生们带来了怎样的影响呢？#重庆身边的事# #重庆姑娘四川人# #你身边的重庆事# #重庆身边事情# #重庆同城事# #重庆本地新鲜事# #重庆新鲜事儿# #四川生活奇闻# #成都女性主义# #重庆兔子小姐姐#,title: 顽强生活家9Rd：这张照片记录了一个特殊时刻：2007年的成都市某高校宿舍的楼道上，一位姑娘身穿制服，正在休息。这位姑娘来自重庆市城口县，她勇敢地决定成为学生会的控烟劝导员，希望通过这个机会锻炼自己。每周，她都会抽出一天的时间在学校里进行控烟劝导工作。身材高挑的她戴着眼镜，给人一种斯斯文文的感觉，与一般印象中的控烟劝导员有所不同。这位姑娘是如何在控烟劝导中发挥作用的呢？她的努力和独特风采又给学生们带来了怎样的影响呢？#重庆身边的事# #重庆姑娘四川人# #你身边的重庆事# #重庆身边事情# #重庆同城事# #重庆本地新鲜事# #重庆新鲜事儿# #四川生活奇闻# #成都女性主义# #重庆兔子小姐姐# summary: 这张照片记录了一个特殊时刻：2007年的成都市某高校宿舍的楼道上，一位姑娘身穿制服，正在休息。#重庆身边的事##重庆姑娘四川人##你身边的重庆事##重庆身边事情##重庆同城事##重庆本地新鲜事##重庆新鲜事儿##四川生活奇闻##成都女性主义##重庆兔子小姐姐#这张照片记录了一个. content: 这张照片记录了一个特殊时刻：2007年的成都市某高校宿舍的楼道上，一位姑娘身穿制服，正在休息。这位姑娘来自重庆市城口县，她勇敢地决定成为学生会的控烟劝导员，希望通过这个机会锻炼自己。每周，她都会抽出一天的时间在学校里进行控烟劝导工作。身材高挑的她戴着眼镜，给人一种斯斯文文的感觉，与一般印象中的控烟劝导员有所不同。这位姑娘是如何在控烟劝导中发挥作用的呢？她的努力和独特风采又给学生们带来了怎样的影响呢？#重庆身边的事# #重庆姑娘四川人# #你身边的重庆事# #重庆身边事情# #重庆同城事# #重庆本地新鲜事# #重庆新鲜事儿# #四川生活奇闻# #成都女性主义# #重庆兔子小姐姐#,微头条,顽强生活家9Rd,2024-01-12 07:32:00,http://www.toutiao.com/w/1787837341227140/,未知,控烟,正面,未知
202401012960,这张照片记录了一个特殊时刻：2007年的成都市某高校宿舍的楼道上，一位姑娘身穿制服，正在休息。这位姑娘来自重庆市城口县，她勇敢地决定成为学生会的控烟劝导员，希望通过这个机会锻炼自己。每周，她都会抽出一天的时间在学校里进行控烟劝导工作。身材高挑的她戴着眼镜，给人一种斯斯文文的感觉，与一般印象中的控烟劝导员有所不同。这位姑娘是如何在控烟劝导中发挥作用的呢？她的努力和独特风采又给学生们带来了怎样的影响呢？#重庆身边的事# #重庆姑娘四川人# #你身边的重庆事# #重庆身边事情# #重庆同城事# #重庆本地新鲜事# #重庆新鲜事儿# #四川生活奇闻# #成都女性主义# #重庆兔子小姐姐#,"title: 这张照片记录了一个特殊时刻：2007年的成都市某高校宿舍的楼道上，一位姑娘身穿制服，正在休息。这位姑娘来自重庆市城口县，她勇敢地决定成为学生会的控烟劝导员，希望通过这个机会锻炼自己。每周，她都会抽出一天的时间在学校里进行控烟劝导工作。身材高挑的她戴着眼镜，给人一种斯斯文文的感觉，与一般印象中的控烟劝导员有所不同。这位姑娘是如何在控烟劝导中发挥作用的呢？她的努力和独特风采又给学生们带来了怎样的影响呢？#重庆身边的事# #重庆姑娘四川人# #你身边的重庆事# #重庆身边事情# #重庆同城事# #重庆本地新鲜事# #重庆新鲜事儿# #四川生活奇闻# #成都女性主义# #重庆兔子小姐姐# summary: 这张照片记录了一个特殊时刻：2007年的成都市某高校宿舍的楼道上，一位姑娘身穿制服，正在休息。#重庆身边的事##重庆姑娘四川人##你身边的重庆事##重庆身边事情##重庆同城事##重庆本地新鲜事##重庆新鲜事儿##四川生活奇闻##成都女性主义##重庆兔子小姐姐#这张照片记录了一个. content: 这张照片记录了一个特殊时刻：2007年的成都市某高校宿舍的楼道上，一位姑娘身穿制服，正在休息。这位姑娘来自重庆市城口县，她勇敢地决定成为学生会的控烟劝导员，希望通过这个机会锻炼自己。每周，她都会抽出一天的时间在学校里进行控烟劝导工作。身材高挑的她戴着眼镜，给人一种斯斯文文的感觉，与一般印象中的控烟劝导员有所不同。这位姑娘是如何在控烟劝导中发挥作用的呢？她的努力和独特风采又给学生们带来了怎样的影响呢？#重庆身边的事# #重庆姑娘四川人# #你身边的重庆事# #重庆身边事情# #重庆同城事# #重庆本地新鲜事# #重庆新鲜事儿# #四川生活奇闻# #成都女性主义# #重庆兔子小姐姐# """,微头条,顽强生活家9Rd,2024-01-12 07:32:00,http://www.toutiao.com/w/i1787837341227140/,未知,控烟,正面,未知
202401012968,"在控烟的过程中，我明显地感受到城乡差别，农村，穷人还是多些。
喜欢吸烟的农村朋友们都知道，现在在农村，低价香烟是多么的难买。
由于挣钱不易，烟瘾难戒，很多农村小店十五块钱以下的烟，得以畅销，经常断供。
作为一个老烟民，贵的吃不起，便宜的又没有，有时真的很煎熬。
偶尔转到街上，突然发然，有好几种乡下没有的香烟，街上都有。例如，七八块一包的，还有十一二块的。只要上街，总能买到。
问了一下店老板才知，十八到二十二这个区间卖的很快。
不同的区城，不同的购买力。城乡还是有差别的。
吸烟不分国界，但经济基础决定了购买力。有钱，谁不喜欢抽好烟，名牌烟。所以，从商店的香烟销售情况看出，农村，穷人还是多些。要想吸便宜烟，上街多走几步路。囊中羞涩的人，最好戒烟。",title: 在控烟的过程中，我明显地感受到城乡差别，农村，穷人还是多些。 喜欢吸烟的农村朋友们都知道，现在在农村，低价香烟是多么的难买。 由于挣钱不易，烟瘾难戒，很多农村小店十五块钱以下的烟，得以畅销，经常断供。 作为一个老烟民，贵的吃不起，便宜的又没有，有时真的很煎熬。 偶尔转到街上，突然发然，有好几种乡下没有的香烟，街上都有。例如，七八块一包的，还有十一二块的。只要上街，总能买到。 问了一下店老板才知，十八到二十二这个区间卖的很快。 不同的区城，不同的购买力。城乡还是有差别的。 吸烟不分国界，但经济基础决定了购买力。有钱，谁不喜欢抽好烟，名牌烟。所以，从商店的香烟销售情况看出，农村，穷人还是多些。要想吸便宜烟，上街多走几步路。囊中羞涩的人，最好戒烟。 summary: 在控烟的过程中，我明显地感受到城乡差别，农村，穷人还是多些。喜欢吸烟的农村朋友们都知道，现在在农村，低价香烟是多么的难买。由于挣钱不易，烟瘾难戒，很多农村小店十五块钱以下的烟，得以畅销，经常断供。吸烟不分国界，但经济基础决定了购买力。有钱，谁不喜欢抽好烟，名牌烟。囊中羞涩的人，最好戒烟。 content: 在控烟的过程中，我明显地感受到城乡差别，农村，穷人还是多些。 喜欢吸烟的农村朋友们都知道，现在在农村，低价香烟是多么的难买。 由于挣钱不易，烟瘾难戒，很多农村小店十五块钱以下的烟，得以畅销，经常断供。 作为一个老烟民，贵的吃不起，便宜的又没有，有时真的很煎熬。 偶尔转到街上，突然发然，有好几种乡下没有的香烟，街上都有。例如，七八块一包的，还有十一二块的。只要上街，总能买到。 问了一下店老板才知，十八到二十二这个区间卖的很快。 不同的区城，不同的购买力。城乡还是有差别的。 吸烟不分国界，但经济基础决定了购买力。有钱，谁不喜欢抽好烟，名牌烟。所以，从商店的香烟销售情况看出，农村，穷人还是多些。要想吸便宜烟，上街多走几步路。囊中羞涩的人，最好戒烟。,微头条,细思小事,2024-01-12 06:49:43,http://www.toutiao.com/w/i1787836113187844/,未知,控烟、戒烟,正面,未知
202401012350,探讨吸烟现象及其对个人与社会的影响,"title: 探讨吸烟现象及其对个人与社会的影响 summary: 探讨吸烟现象及其对个人与社会的影响吸烟，这个长期困扰着人类健康的问题，至今仍在全球范围内蔓延。本文将从吸烟的现象、危害、个人及社会影响等方面展开论述，以期提高人们对吸烟问题的关注，为构建无烟社会贡献力量。3.2社会影响吸烟对社会的影响主要体现在卫生资源消耗、社会经济损失和公共卫生形象等方面。 content: 吸烟，这个长期困扰着人类健康的问题，至今仍在全球范围内蔓延。尽管我国 ** 和社会各界为禁烟做出了不懈努力，但吸烟人群仍呈上升趋势。本文将从吸烟的现象、危害、个人及社会影响等方面展开论述，以期提高人们对吸烟问题的关注，为构建无烟社会贡献力量。""一、吸烟现象剖析1.1 吸烟人群分布在全球范围内，吸烟人群分布不均。根据世界卫生组织（WHO）的数据，低收入和中等收入国家的吸烟人数占全球吸烟总人口的绝大部分。而在我国，根据国家卫生健康委员会的数据，吸烟人群主要集中在青少年、中年人和老年人三个群体。1.2 吸烟原因吸烟原因多种多样，包括社会因素、心理因素和生理因素等。社会因素主要包括社交场合的压力、交际需求等；心理因素包括焦虑、抑郁等情绪的宣泄；生理因素则包括尼古丁成瘾、习惯性动作等。1.3 吸烟场所吸烟场所多样化，包括家庭、公共场所、办公场所等。在家庭环境中，吸烟者通常在客厅、卧室等私密空间吸烟；在公共场所，如餐馆、酒吧、娱乐场所等，吸烟现象更为普遍。此外，办公场所也成为吸烟的重灾区，部分原因是工作压力导致的吸烟需求，另一部分原因是职场文化的影响。二、吸烟的危害2.1 健康危害吸烟对健康的危害主要表现在呼吸系统、心血管系统、癌症等方面。吸烟会导致肺癌、口腔癌、食道癌等多种癌症的发病风险增加。同时，吸烟还会引发慢性阻塞性肺病、心肌梗死等疾病。""2.2 环境影响吸烟产生的二手烟对周围人群造成的环境污染不容忽视。二手烟中含有数百种有害物质，对儿童、孕妇、老年人等特殊人群的健康产生严重影响。此外，吸烟还会导致室内空气污染，影响居住者的生活质量。三、吸烟对个人与社会的影响3.1 个人影响吸烟对个人健康的影响是显而易见的。吸烟者容易出现咳嗽、痰多、呼吸困难等症状，影响生活质量。此外，吸烟还可能导致家庭矛盾，如配偶和子女因被动吸烟而受到健康损害。3.2 社会影响吸烟对社会的影响主要体现在卫生资源消耗、社会经济损失和公共卫生形象等方面。吸烟导致的疾病治疗费用和国家用于控烟的投入构成巨大负担。同时，吸烟者在工作中的生产力降低，导致社会经济损失。此外，吸烟现象影响我国在国际舞台上的公共卫生形象，不利于构建健康中国。四、结论吸烟现象在全球范围内仍较为普遍，对个人和社会产生诸多负面影响。为构建无烟社会， ** 、企事业单位、社会团体和广大民众需共同努力。从源头上抓起，加强青少年吸烟预防教育，提高吸烟危害的认识；在政策层面，加大对控烟的宣传力度，完善法律法规，限制烟草销售和广告；最后，倡导健康生活方式，营造无烟环境，共同为无烟中国的实现努力。",头条号,世间百态,2024-01-11 21:59:19,http://www.toutiao.com/article/7322839999236522547/,未知,控烟,中性,未知
202401012357,"2007年，在成都市某高校宿舍楼道上，一名身穿学生会控烟劝导员制服的城口姑娘被拍摄到。这名姑娘考上大学后，积极锻炼自己，成为学校控烟劝导员并每周在校内开展相关活动。她拥有漂亮的外貌和完美的身材，戴着眼镜显得斯斯文文，给人一种与众不同的感觉。

这张照片让我们感受到了年轻人奋斗的力量和对自我的追求。不论是在哪个领域，我们只有不断努力、锻炼自己，才能在这个竞争激烈的社会中立于不败之地。同时，这名学生会控烟劝导员也给我们树立了典范，控烟是每个人的责任，健康是人生重要的财富，我们应该从自身做起，积极参与到控烟行动中，不断提高自身的公益价值。

#四川成都赵泡泡# #成都女性主义# #成都地铁那些事# #成都社区工作者# #成都真的卷吗？# #成都发帖# #成都奇葩事# #成都地铁温暖事# #成都本地新鲜事# #成都人有多乐观#","title: 2007年，在成都市某高校宿舍楼道上，一名身穿学生会控烟劝导员制服的城口姑娘被拍摄到。这名姑娘考上大学后，积极锻炼自己，成为学校控烟劝导员并每周在校内开展相关活动。她拥有漂亮的外貌和完美的身材，戴着眼镜显得斯斯文文，给人一种与众不同的感觉。 这张照片让我们感受到了年轻人奋斗的力量和对自我的追求。不论是在哪个领域，我们只有不断努力、锻炼自己，才能在这个竞争激烈的社会中立于不败之地。同时，这名学生会控烟劝导员也给我们树立了典范，控烟是每个人的责任，健康是人生重要的财富，我们应该从自身做起，积极参与到控烟行动中，不断提高自身的公益价值。 #四川成都赵泡泡# #成都女性主义# #成都地铁那些事# #成都社区工作者# #成都真的卷吗？# #成都发帖# #成都奇葩事# #成都地铁温暖事# #成都本地新鲜事# #成都人有多乐观# summary: 2007年，在成都市某高校宿舍楼道上，一名身穿学生会控烟劝导员制服的城口姑娘被拍摄到。这名姑娘考上大学后，积极锻炼自己，成为学校控烟劝导员并每周在校内开展相关活动。她拥有漂亮的外貌和完美的身材，戴着眼镜显得斯斯文文，给人一种与众不同的感觉。 content: 2007年，在成都市某高校宿舍楼道上，一名身穿学生会控烟劝导员制服的城口姑娘被拍摄到。这名姑娘考上大学后，积极锻炼自己，成为学校控烟劝导员并每周在校内开展相关活动。她拥有漂亮的外貌和完美的身材，戴着眼镜显得斯斯文文，给人一种与众不同的感觉。 这张照片让我们感受到了年轻人奋斗的力量和对自我的追求。不论是在哪个领域，我们只有不断努力、锻炼自己，才能在这个竞争激烈的社会中立于不败之地。同时，这名学生会控烟劝导员也给我们树立了典范，控烟是每个人的责任，健康是人生重要的财富，我们应该从自身做起，积极参与到控烟行动中，不断提高自身的公益价值。 #四川成都赵泡泡# #成都女性主义# #成都地铁那些事# #成都社区工作者# #成都真的卷吗？# #成都发帖# #成都奇葩事# #成都地铁温暖事# #成都本地新鲜事# #成都人有多乐观# """,微头条,充满元气的冰糖炖雪梨,2024-01-11 21:27:33,http://www.toutiao.com/w/i1787795057905676/,未知,控烟,正面,未知
202401012373,用户741992172543：无烟无味环保达标#控烟目标#,title: 用户741992172543：无烟无味环保达标#控烟目标# summary: 无烟无味环保达标#控烟目标#无烟无味环保达标#控烟目标# content: 无烟无味环保达标#控烟目标#,微头条,用户741992172543,2024-01-11 20:47:35,http://www.toutiao.com/w/1787798230348873/,未知,控烟,中性,未知
202401012387,"#实话实说#
禁烟、控烟，吸烟有害健康
中国政府已经实施了一系列的政策来限制烟草生产和消费，包括：
1.烟草专卖制度：中国实行烟草专卖制度，对烟草生产、销售和进出口进行严格的监管和控制。
2.禁烟政策：中国政府已经颁布了一系列的禁烟政策，包括在公共场所禁烟、限制烟草广告和促销等。
3.税收政策：中国政府通过提高烟草税收来增加吸烟成本，从而减少吸烟人数。
4.健康教育：中国政府开展了大规模的健康教育活动，向公众宣传吸烟的危害，提高公众的健康意识。
#涨知识人生苦短# #哪一代人更爱国#","title: #实话实说# 禁烟、控烟，吸烟有害健康 中国政府已经实施了一系列的政策来限制烟草生产和消费，包括： 1.烟草专卖制度：中国实行烟草专卖制度，对烟草生产、销售和进出口进行严格的监管和控制。 2.禁烟政策：中国政府已经颁布了一系列的禁烟政策，包括在公共场所禁烟、限制烟草广告和促销等。 3.税收政策：中国政府通过提高烟草税收来增加吸烟成本，从而减少吸烟人数。 4.健康教育：中国政府开展了大规模的健康教育活动，向公众宣传吸烟的危害，提高公众的健康意识。 #涨知识人生苦短# #哪一代人更爱国# summary: 中国政府已经实施了一系列的政策来限制烟草生产和消费，包括。税收政策：中国政府通过提高烟草税收来增加吸烟成本，从而减少吸烟人数。健康教育：中国政府开展了大规模的健康教育活动，向公众宣传吸烟的危害，提高公众的健康意识。#涨知识人生苦短##哪一代人更爱国#. content: #实话实说# 禁烟、控烟，吸烟有害健康 中国政府已经实施了一系列的政策来限制烟草生产和消费，包括： 1.烟草专卖制度：中国实行烟草专卖制度，对烟草生产、销售和进出口进行严格的监管和控制。 2.禁烟政策：中国政府已经颁布了一系列的禁烟政策，包括在公共场所禁烟、限制烟草广告和促销等。 3.税收政策：中国政府通过提高烟草税收来增加吸烟成本，从而减少吸烟人数。 4.健康教育：中国政府开展了大规模的健康教育活动，向公众宣传吸烟的危害，提高公众的健康意识。 #涨知识人生苦短# #哪一代人更爱国# "" "" """,微头条,冰欲燃火,2024-01-11 20:35:16,http://www.toutiao.com/w/i1787797455296586/,未知,控烟,正面,未知
202401012409,界首第二中学开展“无烟佳节 与爱同行”校园宣传活动,"title: 界首第二中学开展“无烟佳节 与爱同行”校园宣传活动 summary: 界首第二中学开展无烟佳节与爱同行校园宣传活动元月11日，界首第二中学在校园内举办了一场别开生面的无烟佳节与爱同行宣传活动。此次活动旨在提高同学们对吸烟危害的认识，鼓励大家在新春佳节期间远离烟草，共同营造一个健康、清新的节日氛围。 content: 元月11日，界首第二中学在校园内举办了一场别开生面的“无烟佳节 与爱同行”宣传活动。此次活动旨在提高同学们对吸烟危害的认识，鼓励大家在新春佳节期间远离烟草，共同营造一个健康、清新的节日氛围。""2024年1月11号又是新的一年“每月11号 控烟在行动”全国联动日，结合今年国家健康教育中心倡导“无烟佳节 与爱同行”的主题活动。学校领导高度重视，强调了烟草对健康的危害以及戒烟的重要性，并呼吁同学们树立正确的价值观和健康生活方式。校园宣传活动形式多样，包括主题讲座、互动游戏和知识竞答等环节。在讲座环节，专业医生通过生动的案例和详实的数据，深入浅出地讲解了吸烟的危害和戒烟的益处，同时开展了“无烟佳节 与爱同行”承诺签名活动。同学们纷纷表示将积极响应号召，在新春佳节期间自觉远离烟草，为家人和社会的健康贡献自己的力量。界首第二中学一直致力于创建无烟校园，此次“无烟佳节 与爱同行”宣传活动是该校推进无烟校园建设的重要组成部分。通过此次活动，不仅提高了同学们的烟草危害意识，也为营造一个健康、和谐的校园环境奠定了坚实基础。据悉，界首第二中学将继续加强校园禁烟宣传教育，通过举办主题班会、发放宣传资料等形式，不断巩固和扩大无烟校园的成果。同时，学校还将积极与家长、社区合作，共同打造一个无烟的生活环境，为同学们的健康成长保驾护航。文稿:张云强 责编:郭卫同",一点号,玥玥课堂,2024-01-11 18:27:22,http://www.yidianzixun.com/article/0t3xibQo,未知,控烟、戒烟,正面,未知
202401012417,易县狼牙山中心卫生院开展“弘扬无烟文化”宣传活动,"title: 易县狼牙山中心卫生院开展“弘扬无烟文化”宣传活动 summary: 易县狼牙山中心卫生院开展弘扬无烟文化宣传活动为了普及烟草危害知识教育，提高居民对控烟工作的认识，主动参与到戒烟控烟的活动中来，1月9日至10日，易县狼牙山中心卫生院健康宣教中心组成讲解团队下乡广泛深入的开展了弘扬无烟文化，共度健康佳节宣传活动。 content: 为了普及烟草危害知识教育，提高居民对控烟工作的认识，主动参与到戒烟控烟的活动中来，1月9日至10日，易县狼牙山中心卫生院 健康宣教中心组成讲解团队下乡广泛深入的开展了“弘扬无烟文化，共度健康佳节”宣传活动。并在卫生院门诊大厅播放控烟知识宣传视频、在门诊设置控烟宣传咨询台。&lt;img max-width=""600"" class=""content-image"" data-src=""r/h2ojJAPR4iF07g/Pz9W7HH6fOvo1dGVDmsQWqCrcX+CvHOsyzNlYg0r0kndDqhgibqI6mV52OSz3UhaJGIazhoMmC6HVqFe9sUhtGsPDg="" width=""1080"" height=""719"" /此次活动包括健康体检、健康咨询、资料发放、药品发放、视频讲解等形式。 （易县狼牙山中心卫生院 ）发布于：河北省",搜狐号,冀域网,2024-01-11 18:16:27,http://m.sohu.com/a/751232186_121073658,未知,控烟、戒烟控烟,正面,未知
202401012425,中川园区瑞岭社区新时代文明实践站开展“禁烟携手同行 健康你我相伴”主题思想道德宣讲活动,"title: 中川园区瑞岭社区新时代文明实践站开展“禁烟携手同行 健康你我相伴”主题思想道德宣讲活动 summary: 中川园区瑞岭社区新时代文明实践站开展禁烟携手同行健康你我相伴主题思想道德宣讲活动为进一步提高广大居民群众对吸烟危害的认识，增强居民群众的控烟意识，1月9日，由兰州新区文明办主办。中川园区党群工作部、瑞岭社区承办的禁烟携手同行健康你我相伴主题宣讲活动在瑞岭社区新时代文明实践站开展。 content: 为进一步提高广大居民群众对吸烟危害的认识，增强居民群众的控烟意识，1月9日，由兰州新区文明办主办，中川园区党群工作部、瑞岭社区承办的“禁烟携手同行 健康你我相伴”主题宣讲活动在瑞岭社区新时代文明实践站开展。此次活动由西岔综合门诊部副主任医师李建国主讲，干部群众30余人参加。""宣讲中，为了让社区工作人员和居民了解控烟禁烟的重要性，李建国首先以真实的案例和数据向大家深入阐述了吸烟对人体健康的危害，包括影响睡眠质量、导致肺部疾病、诱发心血管疾病及增加恶性肿瘤患病风险等。同时，他通过与参加讲座人员互动和交流，劝诫吸烟居民尽量尽早戒烟，并鼓励工作人员在日常生活中从自身做起，积极宣传控烟禁烟的重要性。最后，李还向居民们介绍了戒烟的好处以及我国控烟禁烟的相关法律知识，并号召居民们为了自己和家人们的健康，不吸或少吸烟，倡导居民把更多的健康知识转变为健康行为，提高生命质量，营造良好的生活环境，共建无烟社区，共享健康生活。""下一步，瑞岭社区将持续开展健康教育知识进社区活动，倡导居民养成文明健康的生活方式，为提升社区公共卫生健康水平、提高居民健康生活意识贡献力量。供稿单位：瑞岭社区供稿人：马文姣",头条号,兰州新区文明办,2024-01-11 17:55:56,http://www.toutiao.com/w/i7322776806049088000/,未知,控烟、戒烟,正面,未知
202401012448,【推动疾控体系高质量发展】“无烟佳节 与爱同行”—金乡疾控中心开展控烟科普宣传进校园活动,"title: 【推动疾控体系高质量发展】“无烟佳节 与爱同行”—金乡疾控中心开展控烟科普宣传进校园活动 summary: 无烟佳节与爱同行—金乡疾控中心开展控烟科普宣传进校园活动为进一步推动控烟工作开展，引导学生充分认识烟草危害，了解控烟核心知识。1月11日，金乡县疾控中心走进王杰中学开展无烟佳节与爱同行控烟科普宣传活动。 content: 为进一步推动控烟工作开展，引导学生充分认识烟草危害，了解控烟核心知识。1月11日，金乡县疾控中心走进王杰中学开展“无烟佳节 与爱同行”控烟科普宣传活动。&lt;img class=""content-image"" data-src=""/L19E/drXjGfZ2kuFxSZZcBtPsOZN1xBjR51Pm15agESR9GTVEoFrpvTJOxWNfmxWzE2aK6a3sEH9HRQcaQ/IN6i3IiX/dHiheWdw3VADGU="" width=""822"" height=""392"" /活动现场，工作人员围绕烟草烟雾及电子烟对青少年的危害等知识进行了详细讲解，警示学生在思想上、心理上、行动上认清烟草烟雾及电子烟的“真面目”，不猎奇、不跟风、不沾染，坚决向烟草说“不”，帮助学生树立“拒吸第一支烟，做不吸烟新一代”的理念。“我们学校也在积极开展控烟工作，中学生正处于青春期，好奇心较强，学校需要专业人员来引导师生养成健康无烟生活方式，共同营造无烟、绿色校园环境。”王杰中学詹校长说。&lt;img class=""content-image"" data-src=""wxcWD3sAnMjy6azFPk/mH8BtPsOZN1xBjR51Pm15agG2AjPrhLyeFSDn4Vw/T6+B4k27NvbBOFSZLg960KXmrjYNtuTN6Qa1PmpY67Fe02U="" width=""760"" height=""570"" /&lt;img class=""content-image"" data-src=""1i8D9IaYlbNGIQCZT5KVh8BtPsOZN1xBjR51Pm15agErXuUciNLCSh+nqLFRWUd1HNR/HatpPV140yM1qT/lDYPRU2dXqVUNZwP/zDPTraI="" width=""830"" height=""468"" /此次活动，学生纷纷表示积极践行文明健康绿色环保生活方式，做不吸烟的新一代，并通过“小手牵大手”活动，劝阻家长吸烟，对二手烟说不，共同营造无烟家庭，此次活动共发放控烟宣传海报500份、控烟福字500份。供稿：岳思雨校对：杨晓燕编辑：岳思雨审核：张忠秋金乡疾控扫一扫 码上健康咨询电话：预防接种门诊：0537-8719966犬咬伤处置门诊：0537-8718667办公室：0537-8716698发布于：北京市",搜狐号,中部城市生活指南,2024-01-11 17:14:56,http://m.sohu.com/a/751216364_121106991,未知,控烟,正面,未知
202401012455,牡丹区大黄集镇卫生院举办“无烟佳节与爱同行”为主题的控烟活动,"title: 牡丹区大黄集镇卫生院举办“无烟佳节与爱同行”为主题的控烟活动 summary: 牡丹区大黄集镇卫生院举办无烟佳节与爱同行为主题的控烟活动根据国家卫健委办公厅下发《关于开展无烟佳节与爱同行国通的通知》及省、市爱卫办有关工作要求，牡丹区大黄集镇卫生院联合牡丹区大黄集镇政府共同举办以无烟佳节与爱同行为主题的控烟活动。 content: 根据国家卫健委办公厅下发《关于开展“无烟佳节 与爱同行”国通的通知》及省、市爱卫办有关工作要求，牡丹区大黄集镇卫生院联合牡丹区大黄集镇政府共同举办以“无烟佳节 与爱同行”为主题的控烟活动。1月11日下午，牡丹区大黄集镇政府工作人员及大黄集镇卫生院宣传科职工到牡丹区大黄集镇初级中学开展控烟教育活动，课堂上，卫生院宣传科职工引导学生充分认识烟草危害，深刻了解控烟核心知识，帮助青少年树立“拒吸第一支烟，做无烟新一代”的理念。促进无烟学校、无烟家庭建设。&lt;img max-width=""600"" class=""content-image"" data-src=""yJyoDGPS+lN53ZVgsmSzc3V3ThXt9hfCOCDUR+Nrw1NxHgTpYWeiu22bArcwTIwL2E9wgl7xtILnFLJt7bssmbWTzmKYPwYvFkmu9a+AK6w="" width=""1260"" height=""945"" /活动中，卫生院职工通过发放戒烟科普宣传手册、教师和学生在宣传标语上签名以及讲解吸烟和二手烟的危害，引导教师和学生养成健康的生活方式和生活习惯。&lt;img max-width=""600"" class=""content-image"" data-src=""sWGYY5yy0kWHb3ShJgzYTOeKc4eJhSCq0ly2jPhuS1L8ILhs4U3Xz79K/qu8s5WfKqMime4QXeFnWyVtg2rivrWTzmKYPwYvFkmu9a+AK6w="" width=""1267"" height=""855"" /&lt;img max-width=""600"" class=""content-image"" data-src=""EmSa7bvKq1EE4aebFHMv95ZHKum27zcvPWeCiqWUnJKz/GSq3iJntgAX31KZGGOlY2fLgSAHynYCPQfx+8r89rWTzmKYPwYvFkmu9a+AK6w="" width=""1260"" height=""945"" /学校活动结束后，卫生院结合镇政府领导向政府机关工作人员讲解吸烟的危害，引导机关干部不吸烟、主动戒烟，主动做控烟宣传者和倡导者，倡导过节不吸烟、不敬烟、不送烟，“对二手烟说不”，共同度过无烟健康佳节。&lt;img max-width=""600"" class=""content-image"" data-src=""h7fbg8uT6oAdxo1xkqmC8TJ2VFbnSKQX4bu/Yet+rvF8GsomkdpgnTmdzUAY8Wvcd4sSU/rWd3ZYAnj2A1cD4rWTzmKYPwYvFkmu9a+AK6w="" width=""1260"" height=""945"" /通过此次控烟健康教育宣传活动，让广大居民和青少年学生非常直观的了解到吸烟的危害及戒烟的好处，普及了健康教育知识，提高了居民对吸烟危害的认识，增强了吸烟群体对控制吸烟的信心，最终达到戒烟的目的，营造良好生活环境，创建无烟生活。发布于：山东省",搜狐号,菏人菏事,2024-01-11 17:13:20,http://m.sohu.com/a/751215009_121500142,未知,控烟、戒烟,正面,未知
202401012462,简阳教育发布丨市疾控中心、市爱卫办到东溪初中开展控烟知识进校园巡讲活动,"title: 简阳教育发布丨市疾控中心、市爱卫办到东溪初中开展控烟知识进校园巡讲活动 summary: 简阳教育发布丨市疾控中心、市爱卫办到东溪初中开展控烟知识进校园巡讲活动2024年1月11日，简阳市疾控中心、简阳市爱卫办在简阳市东溪初级中学开展了控烟知识进校园巡讲活动，向青少年学生宣传烟草危害科普知识，普及烟草对健康、环境的危害。 content: 2024年1月11日，简阳市疾控中心、简阳市爱卫办在简阳市东溪初级中学开展了控烟知识进校园巡讲活动，向青少年学生宣传烟草危害科普知识，普及烟草对健康、环境的危害。简阳市东溪初级中学近300余名学生参加了本次活动。""活动宣传紧紧围绕“青春很贵 烟草不配”为主题，通过发放控烟宣传资料、摆放展板、开展控烟知识讲座等多种形式向学生宣传烟草危害等相关知识。此次讲座由简阳市疾控中心健康教育科科长苏羚主讲。讲座中，苏科长以《青春很贵 烟草不配》为题，从中国烟草现状、吸烟的危害、二手烟三手烟的危害、电子烟的危害、低焦油卷烟等方面的知识进行宣讲，并针对青少年吸烟对生长发育的危害进行了举例说明，强调电子烟的危害和骗局。讲座内容丰富，图文并茂，通俗易懂，并通过现场问答互动方式，提高学生的参与积极性，现场气氛活跃，学生们踊跃回答专家提出的问题，进一步加深了对控烟知识的认识与了解。学生们听课后深受启发，纷纷表示要拒绝吸烟，远离烟草危害。""""""通过开展控烟知识进校园巡讲活动，全校师生深刻认识到烟草对人体的危害性，有利于学生在今后的学习和生活中，养成文明健康的生活方式，把学到的知识宣传和影响到家庭成员乃至身边的人，带动更多的人参与到控烟禁烟工作中来，让烟草远离校园和家庭。",一点号,棋泽教育,2024-01-11 16:57:05,http://www.yidianzixun.com/article/0t3TyDsa,未知,控烟,正面,未知
202401012483,全民控烟 戒烟时代，已经悄然来临！,title: 全民控烟 戒烟时代，已经悄然来临！ summary: 全民控烟戒烟时代，已经悄然来临！ content: 全民控烟 戒烟时代，已经悄然来临！,小红书,小红薯654E0032,2024-01-11 15:52:00,http://www.xiaohongshu.com/discovery/item/659f9e3900000000110306a3,未知,控烟、戒烟,中性,未知
202401012519,无烟佳节 与爱同行|禁烟控烟公益宣传,"title: 无烟佳节 与爱同行|禁烟控烟公益宣传 summary: 无烟佳节与爱同行|。禁烟控烟公益宣传&lt;img class=""content-image""data-src=""lEVudsxXQilkQo3OKeq3U8BtPsOZN1xB 2VOjgCZH1kqs0xLktRtqYDzHDE90jlU4 cQ=""width=""1080""height=""1586""/。发布于：山西省。 content: &lt;img class=""content-image"" data-src=""lEVudsxXQilkQo3OKeq3U8BtPsOZN1xBjR51Pm15agHr9ze8rZPW3wRcXfO6Y5kMlok/2VOjgCZH1kqs0xLktRtqYDzHDE90jlU4AP3J+cQ="" width=""1080"" height=""1586"" /&lt;img class=""content-image"" data-src=""wxcWD3sAnMjy6azFPk/mH8BtPsOZN1xBjR51Pm15agGPRE2t7pn1w6J54hKPA3ymF5TVGczV1AiYMr4ynjxrYCRHQHETnQeHSbeU6kdb49k="" width=""800"" height=""1153"" /&lt;img class=""content-image"" data-src=""/L19E/drXjGfZ2kuFxSZZcBtPsOZN1xBjR51Pm15agFsAOkikPWV/dURn33nPGwd2W+NYbLBPT4w5+b88AXTRuDpuUSgx8gNaT9+12PnHw0="" width=""800"" height=""1152"" /&lt;img class=""content-image"" data-src=""/L19E/drXjGfZ2kuFxSZZcBtPsOZN1xBjR51Pm15agGlzIxfK/cESfdG4Yc7dP2K8YR+MvXSSm6+a2GjJl1Csx1TBJzm5ej5NjAcIuTuTXU="" width=""800"" height=""1153"" /&lt;img class=""content-image"" data-src=""AdrUyzrPRqQ3SLRqyklRvcBtPsOZN1xBjR51Pm15agGjwFQxYw5sgKztFRZE9D1tSM40GRfegssRQW0sIV2SnNsRj6Ra3yzQN2oem6zpzc8="" width=""800"" height=""1152"" /&lt;img class=""content-image"" data-src=""FlhNHe3dnu293E6ZtX6/IcBtPsOZN1xBjR51Pm15agFdQhKWaFS+sHvEr3Mx+9CHhVMXEMaRWOUD2fIi1wDX98BW56FeQc0MgYUg+pz4vzs="" width=""800"" height=""1153"" /图片来源/中国疾病预防控制中心网站发布于：山西省",搜狐号,针灸拔罐江湖,2024-01-11 13:42:45,http://m.sohu.com/a/751377264_121118853,未知,控烟,中性,未知
202401012597,老烟民请尽早戒烟、控烟危害大。,"title: 老烟民请尽早戒烟、控烟危害大。 summary: 老烟民请尽早戒烟、控烟危害大。 content: 老烟民请尽早戒烟、控烟危害大。 """,微头条,赵祖记,2024-01-11 10:01:05,http://www.toutiao.com/w/i1787757556128777/,未知,戒烟、控烟,中性,未知
202401012620,香港烟草税将继续调高？卢宠茂：加烟税为控烟有效策略,"title: 香港烟草税将继续调高？卢宠茂：加烟税为控烟有效策略 summary: 香港烟草税将继续调高？卢宠茂：加烟税为控烟有效策略为达到无烟香港的目标，香港医卫局在去年完成控烟策略公众咨询，咨询文件曾提及大幅调升烟草税至世卫建议的75%水平等策略，冀有助于2025年达到将吸烟率压低至7.8%愿景。 content: 为达到无烟香港的目标，香港医卫局在去年完成控烟策略公众咨询，咨询文件曾提及大幅调升烟草税至世卫建议的75%水平等策略，冀有助于2025年达到将吸烟率压低至7.8%愿景。""对下月的财政预算案会否再加烟税，以促进无烟进度，卢宠茂笑言是秘密，预算案素来在最后一分钟才由财爷陈茂波宣布。但他谈及，香港40年来的控烟工作成果不俗，吸烟率由23%下降至去年的9.5%，但仍有50至60万人口是烟民，要再降至7.8%目标并不容易，而世卫及全球数据均证明，加烟税是其中一种最有效的方法降低吸烟率。卢宠茂说：“去年我们加了31%烟税，即时见到效果，戒烟热线的求助案件马上急增三、四成。”他指，部分人常强调吸烟的自由，但实际上尼古丁成癃会令人难以戒除，“烟仔本身不想令你有自由”。而烟民求助戒烟热线，正好反映想停都停不下来的情况。""卢宠茂谈及，上次加烟税后，因烟草商又再上调烟价，令税款占比仅至约62%，与世卫建议的75%仍有一段距离，“我觉得应循这一方面，去想想怎样帮助我们的巿民，真的有烟民说若烟税再加贵一点，就会决心戒烟。”另政府关注年轻群体和女性烟民情况。卢宠茂指烟草商通过加水果、薄荷等口味，及塑造吸烟很时髦形象，引人吸食，“最近数年女性吸烟率的减幅停滞，吸烟总人数甚至有上升趋势。”且他忧虑近年吸烟率下跌，与新冠疫情下戴口罩、隔离等防疫措施的助力相关，故复常后一定要注意，“尤其是年轻人，我们真的不想他开始有吸烟习惯。”""对做法是否如咨询文件提出，日后禁止某一日期后出生人士买烟，卢宠茂称咨询期间很多项目获巿民支持，现正分析及统整所有数据，部分策略涉及立法，亦需公众理解，会分短、中、长期执行，很快会有公布。",头条号,星岛记事,2024-01-11 09:41:56,http://www.toutiao.com/w/i7322649082232078888/,未知,控烟、戒烟,正面,未知
202401012627,错时处理餐饮单位未落实禁烟管理的举报,title: 错时处理餐饮单位未落实禁烟管理的举报 summary: 错时处理餐饮单位未落实禁烟管理的举报近日，浦锦所接到某餐饮店存在顾客在大堂内吸烟的举报，为保护人民群众的身体健康，浦锦所组织执法人员错时对该餐饮店进行现场检查。 content: 近日，浦锦所接到某餐饮店存在顾客在大堂内吸烟的举报，为保护人民群众的身体健康，浦锦所组织执法人员错时对该餐饮店进行现场检查。为了能查见更真实的禁烟情况，浦锦所执法人员晚上7点出发至该餐饮店进行检查。现场检查时该店正常经营中，该餐饮店店堂内张贴有禁烟海报，餐桌上未提供烟缸等烟具，角落内一桌客人其中有2人正在抽烟，地上有数个烟蒂，店家未对吸烟顾客进行劝阻。执法人员对餐饮店负责人进行了控烟管理条例的法规宣贯，店家也认识到自己的错误并承诺不会再出现类似情况。由于该店违反了上海市公共场所控制吸烟条例对该店立案调查。,头条号,闵行市场监管MSA,2024-01-11 09:09:58,http://www.toutiao.com/w/i7322641628425011764/,未知,控烟,中性,未知
202401012634,饶河镇卫生院“四张清单”工作简报,"title: 饶河镇卫生院“四张清单”工作简报 summary: 饶河镇卫生院四张清单工作简报饶河镇卫生院为创造良好的工作和生活环境，提高公共服务场所文明程度，增强群众珍爱生命的意识。让现场群众了解国家禁烟方面的法律条文，明确了室外全面禁烟的公共场所以及对于违反法律条文的惩罚措施，呼吁全社会行动起来，抵制烟草，拒绝被迫吸烟。 content: 饶河镇卫生院为创造良好的工作和生活环境，提高公共服务场所文明程度，增强群众珍爱生命的意识。1月6日为辖区居民组织开展了《公共场所控制吸烟条例》为主题的系列控烟宣传活动。活动中，医务人员向居民发放宣传资料。介绍了烟草对环境及人的身体健康造成的多方面的危害事例，吸烟不仅危害自己的身体健康还会危害身边其他人的身体健康，造成环境污染，对我们的生存环境造成了很大的威胁。讲解了吸烟对呼吸系统疾病、恶性肿瘤、心脑血管疾病发生的关系，二手烟的危害等知识。让现场群众了解国家禁烟方面的法律条文，明确了室外全面禁烟的公共场所以及对于违反法律条文的惩罚措施，呼吁全社会行动起来，抵制烟草，拒绝被迫吸烟。通过此次活动，增强了群众对控烟、环保卫生的意识，纷纷表示在公共服务场所以身作则，严格控烟，维护环境卫生以及自己和他人的健康。""",头条号,边陲小城市,2024-01-11 09:04:17,http://www.toutiao.com/w/i7301208680224490019/,未知,控烟,正面,未知
202401012641,牟平疾控开展“拒吸第一支烟，做无烟新一代”健康教育宣传活动,"title: 牟平疾控开展“拒吸第一支烟，做无烟新一代”健康教育宣传活动 summary: 牟平疾控开展拒吸第一支烟，做无烟新一代健康教育宣传活动寒假即将来临，为切实做好学生假期的健康工作，让同学们度过一个安全、健康、愉快、有益的假期生活，1月9日，牟平区疾病预防控制中心联合滨州医学院烟台附属医院走进文化路中心小学，开展拒吸第一支烟。 content: 寒假即将来临，为切实做好学生假期的健康工作，让同学们度过一个“安全、健康、愉快、有益”的假期生活，1月9日，牟平区疾病预防控制中心联合滨州医学院烟台附属医院走进文化路中心小学，开展“拒吸第一支烟，做无烟新一代”健康教育宣传活动。活动中，滨州医学院烟台附属医院呼吸与危重症医学科专家李媛媛向同学们介绍了烟草中的有毒物质、烟草对青少年的危害、吸烟与被动吸烟的危害等控烟知识，告知学生要养成健康的生活方式，远离烟草，拒绝吸烟；牟平疾控中心工作人员结合控烟宣传手册，从控烟的意义与趋势、香烟的有害成分、因吸烟导致的常见疾病，并针对青少年吸烟对生长发育的危害等方面进行讲解。""通过开展此次控烟健康教育宣传活动，引导学生们树立远离烟草危害的健康理念，为共建无烟校园环境、共享健康生活打下了良好的基础。",头条号,牟平疾控,2024-01-11 09:02:11,http://www.toutiao.com/w/i7322639286686466575/,未知,控烟,正面,未知
202401012650,香港：考虑进一步提高烟草税以降低吸烟率,title: 香港：考虑进一步提高烟草税以降低吸烟率 summary: 1月11日，据市场消息透露，香港正在考虑进一步提高烟草税，旨在降低吸烟率。香港政府此次考虑提高烟草税，显示出对公众健康的高度重视。 content: 观点网讯：1月11日，据市场消息透露，香港正在考虑进一步提高烟草税，旨在降低吸烟率。此举是对于公共卫生政策的调整，尚未有具体细节公布。烟草税的提高通常被视为一种控烟手段，通过增加吸烟的经济成本，来减少吸烟人数和烟草消费量。这一措施在全球范围内被广泛采用，其效果在不同国家和地区有所差异。香港政府此次考虑提高烟草税，显示出对公众健康的高度重视。,新浪号,观点新媒体,2024-01-11 08:13:00,http://finance.sina.cn/stock/estate/2024-01-11/detail-inacccqf5683586.d.html,未知,控烟,中性,未知
202401012044,日文禁烟标语挺好笑的,title: 日文禁烟标语挺好笑的 summary: 日文禁烟标语挺好笑的中文：吸烟致命！#禁烟宣传#禁烟控烟. content: 中文：吸烟致命！ 日文（给我的感觉）：吸烟？弯道超车见s神啦嘿嘿嘿～ 照片拍摄于悉尼机场免税店。 #禁烟宣传#禁烟控烟,小红书,Reset.Zero,2024-01-10 23:14:00,http://www.xiaohongshu.com/discovery/item/659eb46b000000001d0171cb,未知,控烟,正面,未知
202401012051,学校控烟工作建设方案总结活动材料,title: 学校控烟工作建设方案总结活动材料 summary: 学校控烟工作建设方案总结活动材料中小学无烟校园 content: 中小学无烟校园,小红书,岛里多多,2024-01-10 22:25:00,http://www.xiaohongshu.com/explore/659ea8c4000000001103094b,未知,控烟,中性,未知
202401012088,香烟有害健康是一个“大骗局”，尼古丁本身不致癌，但香烟中释放出的有害化学物质会引发癌症等健康问题。吸烟对健康的危害远超过我们的想象，包括肺癌、心血管疾病等。政府需要采取更严格的控烟政策，个人也应该积极拒绝吸烟，共同维护一个健康的社会环境。,title: 香烟有害健康是一个“大骗局”，尼古丁本身不致癌，但香烟中释放出的有害化学物质会引发癌症等健康问题。吸烟对健康的危害远超过我们的想象，包括肺癌、心血管疾病等。政府需要采取更严格的控烟政策，个人也应该积极拒绝吸烟，共同维护一个健康的社会环境。 summary: 香烟有害健康是一个大骗局，尼古丁本身不致癌，但香烟中释放出的有害化学物质会引发癌症等健康问题。吸烟对健康的危害远超过我们的想象，包括肺癌、心血管疾病等。政府需要采取更严格的控烟政策，个人也应该积极拒绝吸烟，共同维护一个健康的社会环境。 content: 香烟有害健康是一个“大骗局”，尼古丁本身不致癌，但香烟中释放出的有害化学物质会引发癌症等健康问题。吸烟对健康的危害远超过我们的想象，包括肺癌、心血管疾病等。政府需要采取更严格的控烟政策，个人也应该积极拒绝吸烟，共同维护一个健康的社会环境。,微头条,智慧艺术家h,2024-01-10 18:26:43,http://www.toutiao.com/w/i1787698770701321/,未知,控烟,正面,未知
202401012109,烟台市牟平区文化街道中心小学：控烟讲座进校园，争做拒烟新一代,"title: 烟台市牟平区文化街道中心小学：控烟讲座进校园，争做拒烟新一代 summary: 烟台市牟平区文化街道中心小学：控烟讲座进校园，争做拒烟新一代为了让学生了解吸烟的危害，创造文明和谐的校园环境和家庭环境，近日，牟平区疾控中心与滨州医学院的呼吸科专家来到文化街道中心小学，为师生们作了无烟佳节，与你同行控烟知识讲座。 content: 为了让学生了解吸烟的危害，创造文明和谐的校园环境和家庭环境，近日，牟平区疾控中心与滨州医学院的呼吸科专家来到文化街道中心小学，为师生们作了“无烟佳节，与你同行”控烟知识讲座。""李医生借助图片和数据，让学生了解到吸烟对人类生存环境的威胁：污染空气、引发火灾造成环境的破坏和经济损失等；又展示吸烟人和不吸烟人肺部对比图片，让学生直观地看到吸烟对肺部的损伤，了解吸烟易引起的疾病和对青少年生长发育的危害；最后，李医生讲解了戒烟的益处，提倡学生回家给家长讲解吸烟的危害，呼吁吸烟的家长趁早戒烟。""学生们听后深受启发，纷纷表示要拒绝吸烟。有的同学表示：“以前也知道吸烟有害，但今天听了讲座，看了那些触目惊心的图片，我才真正认识到吸烟的危害太大了。今晚回家的第一件事就是劝爸爸戒烟！”，还有的同学表示：“我坚决远离香烟，我还会把今天了解的知识告诉身边的人，让他们都不要吸烟。”活动提高了学生对吸烟及二手烟危害的认识，提高了自觉抵制吸烟与被动吸烟的意识，有利于学生今后追求健康的生活方式、维护健康和谐的校园环境。（编辑 徐子钧 通讯员 曲 洁 摄影报道）",头条号,教育文摘山东站,2024-01-10 16:37:29,http://www.toutiao.com/w/i7322385875051086347/,未知,控烟、戒烟,中性,未知
202401012116,突然戒烟等于“找病”？假的！医生提醒：吸烟百害无一利，戒烟越早越好,title: 突然戒烟等于“找病”？假的！医生提醒：吸烟百害无一利，戒烟越早越好 summary: 一般情况下，尼古丁低度依赖的吸烟者较容易戒烟，而高度依赖者则需要多次尝试才能戒烟成功，也需要得到更多专业的戒烟帮助。如果不能直接戒断，应通过延长吸烟间隔时间、限定吸烟的地点场合、减少购买香烟数量等逐步戒烟。 content: 大小新闻客户端1月10日讯（YMG全媒体记者 黄钰峰 通讯员 李成修）抽电子烟很安全？突然戒烟等于“找病”？这些民间流传的说法是否靠谱？如何戒烟更科学？近日，记者对烟台毓璜顶医院呼吸与危重症医学科副主任医师徐建锋进行了采访。电子烟损害身体健康很多人觉得电子烟无害，将电子烟作为戒掉传统卷烟时的替代品，真是这样吗？徐建锋说，电子烟不光对戒烟没有明确帮助，而且有充分证据表明电子烟是不安全的，会对健康产生危害。很多商家以电子烟不含焦油、悬浮微粒等有害成分为卖点大肆推广。其实，电子烟是一种特殊的烟草产品，一般由烟油和烟具组成。烟油主要由烟碱（尼古丁）制成，并通过电子烟具将尼古丁及各类添加剂雾化后供消费者吸用。不论是电子烟的烟液成分，还是其加热以后产生的气溶胶，都存在着健康风险，有害身体健康。电子烟烟液中含有的甲醛、乙醛分别被国际癌症研究机构列为1类、2B类致癌物。人们吸电子烟时，吸入的不光是尼古丁，还有其他未被发现的有毒化合物。不适症状是戒断反应很多“老烟民”认为，突然戒烟，身体容易出问题，是“找病”。其实不然。徐建锋说，对于长期吸烟的人来说，在戒烟早期可能会产生焦虑、抑郁、唾液腺分泌增加、注意力不集中、睡眠障碍等不适症状，甚至有部分戒烟者还会出现体重增加。这些让烟民误以为是生病的表现其实是戒断反应。所有成瘾性物质的戒除过程中都会出现戒断反应，最为典型和为人熟知的就是戒毒。戒断反应不会一直存在，大部分戒断反应在戒烟第二周后就会逐步减轻。坚持三个星期以上，身体的尼古丁完全被清除干净，生理上不再依赖烟瘾，戒烟也就“胜利在望”了。吸烟百害无一利香烟是世界卫生组织公布的一类致癌物，烟草烟雾中含有至少69种致癌物。有充分证据说明，吸烟可导致肺癌、喉癌、膀胱癌等多种癌症，还会引起多种呼吸系统疾病、心脑血管疾病等，甚至威胁生命。有报告显示，烟草每年使我国100多万人失去生命，如不采取有效行动，预计到2030年将增至每年200万人，到2050年增至每年300万人。徐建锋说，控烟是预防恶性肿瘤等非传染性疾病最重要的措施之一，也是公认的最经济有效的手段。在影响人类健康的重大危险因素中，最可预防的就是吸烟问题。任何年龄戒烟均会获益。早戒比晚戒好，戒比不戒好。直接戒断法复发比例低烟草依赖是一种慢性病，是药物依赖性疾病的一种。一般情况下，尼古丁低度依赖的吸烟者较容易戒烟，而高度依赖者则需要多次尝试才能戒烟成功，也需要得到更多专业的戒烟帮助。徐建锋曾接诊过一位45岁男性，他虽有很强的戒烟意愿，却因自制力差、应酬多造成复吸，最后通过药物辅助戒烟。戒烟不要藕断丝连，直接戒断法复发的比例较其他方法低。如果不能直接戒断，应通过延长吸烟间隔时间、限定吸烟的地点场合、减少购买香烟数量等逐步戒烟。责任编辑：高涵,新浪号,烟台日报社大小新闻,2024-01-10 15:41:38,http://k.sina.cn/article_1657914910_62d1c61e02001et5a.html?from=health,未知,戒烟、控烟,中性,未知
202401012144,"国家冷知识—土库曼斯坦
1、土被联合国大会承认为永久中立国，人口约572万。
2、在土国，自来水、电、天然气自1991年起就是免费的。
3、土国不欢迎外国人，也限制本国人出去，以至于被称为中亚的“朝鲜”。他们的签证是世界上最难办的签证之一。
4、土国严格控烟，并施以重税，一盒普通的烟都要50元。外国人只能带2包香烟入境。
5、土国的女性是典型的草原美女气质，能歌善舞、温柔能干，结婚后会包揽全部家务。
6、传说中的“地狱之门”就位于土国境内。形成的原因是前苏联一个地质勘探小组点起了一把火，这把火已经燃烧了50多年。
7、土国的国徽正中央印有阿哈尔捷金马，传说史书中的“汗血宝马”说的就是阿哈尔捷金马，也被称为“大宛良马”。",title: 国家冷知识—土库曼斯坦 1、土被联合国大会承认为永久中立国，人口约572万。 2、在土国，自来水、电、天然气自1991年起就是免费的。 3、土国不欢迎外国人，也限制本国人出去，以至于被称为中亚的“朝鲜”。他们的签证是世界上最难办的签证之一。 4、土国严格控烟，并施以重税，一盒普通的烟都要50元。外国人只能带2包香烟入境。 5、土国的女性是典型的草原美女气质，能歌善舞、温柔能干，结婚后会包揽全部家务。 6、传说中的“地狱之门”就位于土国境内。形成的原因是前苏联一个地质勘探小组点起了一把火，这把火已经燃烧了50多年。 7、土国的国徽正中央印有阿哈尔捷金马，传说史书中的“汗血宝马”说的就是阿哈尔捷金马，也被称为“大宛良马”。 summary: 土被联合国大会承认为永久中立国，人口约572万。土国不欢迎外国人，也限制本国人出去，以至于被称为中亚的朝鲜。外国人只能带2包香烟入境。土国的女性是典型的草原美女气质，能歌善舞、温柔能干，结婚后会包揽全部家务。土国的国徽正中央印有阿哈尔捷金马，传说史书中的汗血宝马说的就是阿哈尔捷金马，也被称为大宛良马。 content: 国家冷知识—土库曼斯坦 1、土被联合国大会承认为永久中立国，人口约572万。 2、在土国，自来水、电、天然气自1991年起就是免费的。 3、土国不欢迎外国人，也限制本国人出去，以至于被称为中亚的“朝鲜”。他们的签证是世界上最难办的签证之一。 4、土国严格控烟，并施以重税，一盒普通的烟都要50元。外国人只能带2包香烟入境。 5、土国的女性是典型的草原美女气质，能歌善舞、温柔能干，结婚后会包揽全部家务。 6、传说中的“地狱之门”就位于土国境内。形成的原因是前苏联一个地质勘探小组点起了一把火，这把火已经燃烧了50多年。 7、土国的国徽正中央印有阿哈尔捷金马，传说史书中的“汗血宝马”说的就是阿哈尔捷金马，也被称为“大宛良马”。,微头条,燃烧岁月yb,2024-01-10 14:53:39,http://www.toutiao.com/w/i1787685365905417/,未知,控烟,正面,未知
202401012157,烟瘾再大，这些时间段也别抽烟，不然这几种癌症将会离你越来越近,"title: 烟瘾再大，这些时间段也别抽烟，不然这几种癌症将会离你越来越近 summary: 烟瘾再大，这些时间段也别抽烟，不然这几种癌症将会离你越来越近烟瘾的张先生忽视时间规律引癌症张先生今年45岁，是一家外贸公司的销售经理，工作压力很大，经常需要应酬客户，度过熬夜加班的日子。许多烟民和张先生一样，平时太依赖尼古丁，以至于养成了烟瘾。那里，有阳光，有希望，有健康的笑脸。 content: 烟瘾的张先生忽视时间规律引癌症张先生今年45岁，是一家外贸公司的销售经理，工作压力很大，经常需要应酬客户，度过熬夜加班的日子。许多烟民和张先生一样，平时太依赖尼古丁，以至于养成了烟瘾。于是工作后的疲惫，饭后的闲暇时光，张先生都离不开一根根香烟，仿佛这就成为他生活中的常备装备。""可张先生并不知道，正是这看似无关痛痒的吸烟习惯，在无声无息中积累，终于在最近的一次体检中激起了警钟——肺部出现了一个可疑的团状阴影，强烈提示存在肺癌的可能。当张先生接到医生电话通知体检结果时，整个人陷入了震惊和恐慌。肺癌，像一个晴天霹雳，让张先生瞬间看清自己多年养成的烟瘾已在健康上留下不可磨灭的伤痕。后来，在医生的建议下，张先生进行了进一步的检查和专家咨询。医学专家指出，张先生平时有在几个时间点习惯吸烟，比如工作后疲惫时，饭后消食时，情绪波动时。这些时间点正是机体敏感期，抽烟的危害会加剧。张先生多年来长期处在工作压力中，在这些时段吸烟满足了瘾，却给身体埋下了疾病的隐患。""如今，肺癌的出现，警示张先生不能再忽视时间规律了。健康需要我们用点点滴滴的选择去累积，而恶习也是如此。危险时段吸烟容易诱发肺癌专家指出，在餐后、起床后、工作压力大时吸烟，会导致肺癌等癌症高发。这主要是由于人体在这几个时间点的生理状态特殊。例如，在饭后立刻吸烟，食物还在消化吸收过程中，这时尼古丁进入机体，会与食物中的某些成分发生化学反应，产生更多的致癌物质。本就在工作负荷的消化系统，此时更要处理这些有害物质的攻击。久而久之，食道、胃的慢性损伤积累，异常细胞便有了生长土壤，食道癌、胃癌的概率大大提高。""又如，在一觉醒来时，人体正处于相对脱水、酸性环境的状态。这时吸入尼古丁，会被肺部吸收得更彻底，并对肺脏产生直接刺激。平时糟糕的睡眠质量本就给肺部的自我恢复带来负面影响，烟草的有害物质进一步“火上浇油”，让肺脏的状况雪上加霜。此外，面对工作中的种种压力时，很多人会忍不住去吸烟寻求缓解。但这时吸入尼古丁，身体的依赖性会被加强，有害物质也更易被吸收。长期处在高压强度的工作中，又在这些时刻抽烟，无异于双管齐下地消耗身体，加速衰竭。""种种证据表明，生理周期性是影响吸烟危害的重要因素。我们要警惕在这些危险时段吸烟，可能会无声无息地打开疾病的大门，任由癌症的魔手伸向身体。控烟从身边做起，从现在做起，关爱生命，远离烟雾。其他时间吸烟也会无声无息害健康除了餐后、起床后、压力大时，一些看似平常的时间点吸烟，也会可能悄然损害身体健康。例如在疲劳后吸烟。一天的工作让人精疲力尽，此时抽烟不仅不能帮助恢复体力，反而会加重心肺的负担。因为疲惫时，心脏和肺部就已经处在应激状态，再吸入尼古丁与焦油，会使这些脏器的负荷更重，长期下去很可能诱发心血管疾病或肺腺癌。""再如在寒冷的天气里吸烟。许多人以为寒冷时抽烟可以带来暖意，殊不知这恰好使血管收缩，尼古丁更易造成血管收缩性疾病，并直接损伤肺部。冷空气本就使呼吸道更易受到刺激，吸烟会使有害物质更深入肺部，对其造成双重伤害。此外，酒后吸烟也非常有害。酒精使尼古丁毒性增强，更易被吸收。二者交互作用下产生的致癌物，会让口腔、食道、咽喉等部位癌症风险大增。许多不明真相的人继续着这种双重恶习，直到癌症降临才想明白健康的可贵。""生活中还有其他看似“无害”的吸烟时机，但长期下去仍会给健康埋下隐患。我们必须正视吸烟的每一个环节，可能都在无声无息害健康，唯有远离一切烟草诱惑，才能让生命之花真正绽放。设身处地感受癌症患者的无奈和后悔当张先生确诊患上肺癌后，他的人生轨迹发生了180度的改变。从一个事业型男士，变成一个与死神搏斗的病人，这种落差让张先生精神上受到巨大打击。每天张先生都要定时服药，进行辅助治疗。他不得不退出工作岗位，经济来源轻减，生活压力骤增。每个夜晚，张先生都在床上辗转难眠，担心病情发展，担心家人生活。""白天强打着精神，可身体的不适时时刻刻提醒他生命已经发生了悲剧性的变故。张先生内心充满了无奈和后悔。他后悔年轻时没有意识到烟草的危害，后悔工作压力大时没有控制吸烟的冲动。如今付出的代价太过沉重，但为时已晚。他时常会想象，如果自己能戒掉烟瘾，拥有一个健康的身体，生活该会幸福美满多少。一个患者的经历，值得每个人深思。生命是如此脆弱，健康是如此可贵。我们要树立远离烟草的意志，保护自己和家人远离病魔。""已然成熟，不必再等，从今天开始，让我们重新出发，向健康的生活进发。只有远离诱惑，才是对生命最好的关爱面对来自烟草的诱惑，我们该如何自处?医生建议张先生，要时刻警惕，远离一切吸烟的机会。这需要从心理和行动两方面着手。首先，我们要牢记吸烟的危害，时刻提醒自己健康的可贵。面对烟草诱惑来临时，告诉自己生命远比一时满足来得重要。我们还要学会转移注意力，用其他健康方式取代抽烟，比如进行深呼吸、做简单运动、听音乐等等。""其次，要远离诱发烟瘾的环境。例如避开烟友聚会，不再购买烟草产品，抽烟的地方改为放一盆绿植等。让身边充满健康向上的氛围，烟瘾就会被淡化。家人和朋友的理解帮助也很重要，共同建立无烟的支持网络。再者，要培养戒烟的意志力。意志力就像一块充电电池，需要我们每天进行小小的充电举动。每一次拒绝烟草诱惑，都是在充电。维持定期健康检查，随时提醒自己远离烟草的初衷。定期进行戒烟诊疗，坚持完成整个戒烟过程。""远离烟瘾不是一朝一夕之功，而是持之以恒的人生使命。它需要我们从思想上重塑健康的价值观，从行动上建立无烟的生活环境。拒绝每一根香烟，都是对生命最大的爱护，因为健康是我们最宝贵的财富。让我们从现在起行动，一起迈向无烟的美好新生活。烟瘾的危害是无处不在的，但在某些时间点尤其致命。正如张先生的故事告诉我们，平时忽视时间规律吸烟，最终导致他患上了肺癌。餐后、清晨、工作压力大时吸烟，会加速尼古丁的吸收，损伤呼吸和消化系统，增加患癌的概率。疲劳后、寒冷天气、酒后吸烟，也会无声无息地给健康带来伤害，种下疾病隐患。""生命是脆弱的，我们需要用小小的选择去累积健康。设身处地感受患者的无奈，让我们从现在开始行动，重建健康的生活方式。远离烟瘾诱惑，锻炼意志力，通过点滴努力构建无烟人生。健康不是束缚，而是最大的自由。拒绝烟草，是对生命最好的关爱。相信通过共同努力，我们一定能迈向一个无烟的美好新世界。那里，有阳光，有希望，有健康的笑脸。",头条号,卡尔研习社,2024-01-10 14:22:43,http://www.toutiao.com/w/i7322350575461466634/,未知,控烟、戒烟,中性,未知
202401012164,"今日参观对涵盖唐山市区多家大中型超市进行了实地访查。这些超市是市民日常购物的重要场所，但在环境卫生和秩序管理方面面临一定的挑战。近日，唐山市icon创卫办派出工作人员对市内多家大中型超市进行了暗访，发现了一些问题。
对于位于新华道的华盛超市，存在多个问题，包括宣传不到位、未见控烟标识、熟食柜台防污染设施管理不到位等。此外，建国路的东方购物、企新购物广场、新华道的振华超市、友谊路的大润发超市icon、爱琴海icon家的万佳超市和北新道的八方超市也被发现存在着各自的问题，诸如卫生管理、员工规范着装、食品存放等不符合规范。
在暗访后，市创卫办表示，将会加大整改力度和管理力度，提升细致化管理水平，以创造更加整洁舒适的购物环境，以满足市民对干净卫生购物环境的期待。
对于这些问题，关于健康教育宣传不到位、食品存放不当、卫生管理制度不完善等问题，市创卫办提出要各级各部门深刻认识创卫工作的重要性和压力，并且制定相应的整改方案，切实提升管理水平，为市民创造更加舒适整洁的购物环境。","title: 今日参观对涵盖唐山市区多家大中型超市进行了实地访查。这些超市是市民日常购物的重要场所，但在环境卫生和秩序管理方面面临一定的挑战。近日，唐山市icon创卫办派出工作人员对市内多家大中型超市进行了暗访，发现了一些问题。 对于位于新华道的华盛超市，存在多个问题，包括宣传不到位、未见控烟标识、熟食柜台防污染设施管理不到位等。此外，建国路的东方购物、企新购物广场、新华道的振华超市、友谊路的大润发超市icon、爱琴海icon家的万佳超市和北新道的八方超市也被发现存在着各自的问题，诸如卫生管理、员工规范着装、食品存放等不符合规范。 在暗访后，市创卫办表示，将会加大整改力度和管理力度，提升细致化管理水平，以创造更加整洁舒适的购物环境，以满足市民对干净卫生购物环境的期待。 对于这些问题，关于健康教育宣传不到位、食品存放不当、卫生管理制度不完善等问题，市创卫办提出要各级各部门深刻认识创卫工作的重要性和压力，并且制定相应的整改方案，切实提升管理水平，为市民创造更加舒适整洁的购物环境。 summary: 今日参观对涵盖唐山市区多家大中型超市进行了实地访查。这些超市是市民日常购物的重要场所，但在环境卫生和秩序管理方面面临一定的挑战。近日，唐山市icon创卫办派出工作人员对市内多家大中型超市进行了暗访，发现了一些问题。 content: 今日参观对涵盖唐山市区多家大中型超市进行了实地访查。这些超市是市民日常购物的重要场所，但在环境卫生和秩序管理方面面临一定的挑战。近日，唐山市icon创卫办派出工作人员对市内多家大中型超市进行了暗访，发现了一些问题。 对于位于新华道的华盛超市，存在多个问题，包括宣传不到位、未见控烟标识、熟食柜台防污染设施管理不到位等。此外，建国路的东方购物、企新购物广场、新华道的振华超市、友谊路的大润发超市icon、爱琴海icon家的万佳超市和北新道的八方超市也被发现存在着各自的问题，诸如卫生管理、员工规范着装、食品存放等不符合规范。 在暗访后，市创卫办表示，将会加大整改力度和管理力度，提升细致化管理水平，以创造更加整洁舒适的购物环境，以满足市民对干净卫生购物环境的期待。 对于这些问题，关于健康教育宣传不到位、食品存放不当、卫生管理制度不完善等问题，市创卫办提出要各级各部门深刻认识创卫工作的重要性和压力，并且制定相应的整改方案，切实提升管理水平，为市民创造更加舒适整洁的购物环境。 """,微头条,田瞿,2024-01-10 14:21:32,http://www.toutiao.com/w/i1787683345693828/,未知,控烟,正面,未知
202401012185,"A铁蛋快乐时光：唐山市创卫办日前暗访了该市多个大中型超市，针对国家卫生城市创建工作进行了全面检查。根据环渤海新闻网报道，暗访中发现了一系列问题。在新华道华盛超市，未见到健康教育宣传，公共区域内未放置控烟标识，操作人员未佩戴口罩和手套，且食品存放不符合卫生规定。而在建国路东方购物，则存在环境卫生和食品管理方面的问题，如未见到健康教育宣传和食品安全检测相关信息。类似问题也在其他超市被发现，如禁烟标识不规范、垃圾桶外观不整洁、员工健康证过期等等。
这些问题的出现引发了市创卫办的关注。他们指出，商场超市作为市民生活消费场所，管理难度相对较大，需要各级各部门加大管理力度，提升管理水平，为市民创造更加舒适整洁的购物环境。同时，加强对超市的监管，以确保超市创卫工作取得实实在在的成效，为市民提供更健康、更安全的购物环境。
从数据来看，这次暗访暴露出的问题不容忽视。唐山市作为一个重要的城市，其超市管理的整改与提升，意义重大。正如市创卫办所强调的，超市作为市民生活中不可或缺的一部分，在创卫工作中的角色非常重要。这次暗访所发现的问题将倒逼着超市提高卫生管理标准，为市民提供更加安心的购物环境。
这一事件引发了大量的社会关注，不少市民纷纷关注并表达了对于超市卫生管理的关切。他们认为，提升超市管理标准，不仅能够保障市民的饮食安全和健康，也能提高市民的消费体验。这些观点从侧面反映了市民对于超市卫生管理问题的关注和期待。通过公众的关注和监督，相信超市卫生管理水平将会得到进一步提高。
素材来源于网络，侵删。
欢迎转发评论！#唐山生活点滴# #河北唐山身边事# #唐山房价低吗？#",title: A铁蛋快乐时光：唐山市创卫办日前暗访了该市多个大中型超市，针对国家卫生城市创建工作进行了全面检查。根据环渤海新闻网报道，暗访中发现了一系列问题。在新华道华盛超市，未见到健康教育宣传，公共区域内未放置控烟标识，操作人员未佩戴口罩和手套，且食品存放不符合卫生规定。而在建国路东方购物，则存在环境卫生和食品管理方面的问题，如未见到健康教育宣传和食品安全检测相关信息。类似问题也在其他超市被发现，如禁烟标识不规范、垃圾桶外观不整洁、员工健康证过期等等。 这些问题的出现引发了市创卫办的关注。他们指出，商场超市作为市民生活消费场所，管理难度相对较大，需要各级各部门加大管理力度，提升管理水平，为市民创造更加舒适整洁的购物环境。同时，加强对超市的监管，以确保超市创卫工作取得实实在在的成效，为市民提供更健康、更安全的购物环境。 从数据来看，这次暗访暴露出的问题不容忽视。唐山市作为一个重要的城市，其超市管理的整改与提升，意义重大。正如市创卫办所强调的，超市作为市民生活中不可或缺的一部分，在创卫工作中的角色非常重要。这次暗访所发现的问题将倒逼着超市提高卫生管理标准，为市民提供更加安心的购物环境。 这一事件引发了大量的社会关注，不少市民纷纷关注并表达了对于超市卫生管理的关切。他们认为，提升超市管理标准，不仅能够保障市民的饮食安全和健康，也能提高市民的消费体验。这些观点从侧面反映了市民对于超市卫生管理问题的关注和期待。通过公众的关注和监督，相信超市卫生管理水平将会得到进一步提高。 素材来源于网络，侵删。 欢迎转发评论！#唐山生活点滴# #河北唐山身边事# #唐山房价低吗？# summary: 唐山市创卫办日前暗访了该市多个大中型超市，针对国家卫生城市创建工作进行了全面检查。在新华道华盛超市，未见到健康教育宣传，公共区域内未放置控烟标识，操作人员未佩戴口罩和手套，且食品存放不符合卫生规定。类似问题也在其他超市被发现，如禁烟标识不规范、垃圾桶外观不整洁、员工健康证过期等等。 content: 唐山市创卫办日前暗访了该市多个大中型超市，针对国家卫生城市创建工作进行了全面检查。根据环渤海新闻网报道，暗访中发现了一系列问题。在新华道华盛超市，未见到健康教育宣传，公共区域内未放置控烟标识，操作人员未佩戴口罩和手套，且食品存放不符合卫生规定。而在建国路东方购物，则存在环境卫生和食品管理方面的问题，如未见到健康教育宣传和食品安全检测相关信息。类似问题也在其他超市被发现，如禁烟标识不规范、垃圾桶外观不整洁、员工健康证过期等等。 这些问题的出现引发了市创卫办的关注。他们指出，商场超市作为市民生活消费场所，管理难度相对较大，需要各级各部门加大管理力度，提升管理水平，为市民创造更加舒适整洁的购物环境。同时，加强对超市的监管，以确保超市创卫工作取得实实在在的成效，为市民提供更健康、更安全的购物环境。 从数据来看，这次暗访暴露出的问题不容忽视。唐山市作为一个重要的城市，其超市管理的整改与提升，意义重大。正如市创卫办所强调的，超市作为市民生活中不可或缺的一部分，在创卫工作中的角色非常重要。这次暗访所发现的问题将倒逼着超市提高卫生管理标准，为市民提供更加安心的购物环境。 这一事件引发了大量的社会关注，不少市民纷纷关注并表达了对于超市卫生管理的关切。他们认为，提升超市管理标准，不仅能够保障市民的饮食安全和健康，也能提高市民的消费体验。这些观点从侧面反映了市民对于超市卫生管理问题的关注和期待。通过公众的关注和监督，相信超市卫生管理水平将会得到进一步提高。 素材来源于网络，侵删。 欢迎转发评论！#唐山生活点滴# #河北唐山身边事# #唐山房价低吗？#,微头条,A铁蛋快乐时光,2024-01-10 13:04:19,http://www.toutiao.com/w/1787650807819276/,未知,控烟,正面,未知
202401012192,"#烟草涨价,戒烟的人会变多吗?# 戒烟的人肯定会变多，涨价也说是为了控烟，大家收入普遍减少，抽烟档次也会逐渐降级，抽烟的次数也会减少；一分钱难倒英雄汉，当感觉烟抽不起的时候，好多烟民就会逐渐把烟戒了","title: #烟草涨价,戒烟的人会变多吗?# 戒烟的人肯定会变多，涨价也说是为了控烟，大家收入普遍减少，抽烟档次也会逐渐降级，抽烟的次数也会减少；一分钱难倒英雄汉，当感觉烟抽不起的时候，好多烟民就会逐渐把烟戒了 summary: #烟草涨价,戒烟的人会变多吗?#戒烟的人肯定会变多，涨价也说是为了控烟，大家收入普遍减少，抽烟档次也会逐渐降级，抽烟的次数也会减少。一分钱难倒英雄汉，当感觉烟抽不起的时候，好多烟民就会逐渐把烟戒了。 content: #烟草涨价,戒烟的人会变多吗?# 戒烟的人肯定会变多，涨价也说是为了控烟，大家收入普遍减少，抽烟档次也会逐渐降级，抽烟的次数也会减少；一分钱难倒英雄汉，当感觉烟抽不起的时候，好多烟民就会逐渐把烟戒了",微头条,茗馨小付,2024-01-10 12:03:45,http://www.toutiao.com/w/i1787674677288971/,未知,戒烟、控烟,中性,未知
202401012241,#你好乌鲁木齐#达坂城区开展“健康教育进校园”宣传活动,"title: #你好乌鲁木齐#达坂城区开展“健康教育进校园”宣传活动 summary: #你好乌鲁木齐#达坂城区开展健康教育进校园宣传活动1月9日上午，达坂城区疾病预防控制中心联合达坂城镇卫生院走进乌鲁木齐市达坂城中学开展健康教育进校园活动，为学生们开启2024年青少年控烟健康教育第一课。达坂城区疾病预防控制中心副主任王兆成说。 content: 1月9日上午，达坂城区疾病预防控制中心联合达坂城镇卫生院走进乌鲁木齐市达坂城中学开展健康教育进校园活动，为学生们开启2024年青少年控烟健康教育第一课。""“同学们，你们知道世界无烟日的由来吗？什么是二手烟？什么又是三手烟？”在学校课堂上学生们认真听疾控中心健康教育科授课老师讲解有关吸烟危害健康的知识，不时向授课老师提出问题。活动中，达坂城区疾控中心健康教育科工作人员用诙谐风趣的语言，从专业知识角度，深入浅出地向学生们宣传烟草危害、传播控烟知识，同时围绕二手烟的危害以及吸烟存在的误区，进行了全面讲解，还利用多媒体设备播放控烟宣传短视频、PPT演示、发放控烟科普宣传手册及互动问答等形式，来进一步加深青少年对吸烟危害健康的认识。“吸烟有害身体健康，我回家要把今天老师教给我的知识讲给爸爸听，让他少抽烟。”七年级学生王浩然说。""据了解，达坂城区持续在青少年控烟教育工作上发力，多方联动不断丰富宣传教育形式，夯实控烟宣传教育基础，切实增强青少年“拒吸第一支烟，做无烟新一代”的理念。充分利用好中小学放假前最后一节课、假期教育等，鼓励广大青少年成为学校、家庭控烟监督员，促进无烟学校、无烟家庭建设。通过“小手牵大手”活动，引导家长不吸烟，主动戒烟，为青少年健康成长做表率。“通过此次活动让学生与家长进一步了解吸烟的危害，下一步我们将继续加大宣传力度，充分发挥专业优势，以春节为契机，设计和制作形式多样的宣传标语、海报、视频、公益宣传等群众喜闻乐见的方式，大力弘扬无烟健康过节文化，倡导过节不吸烟、不敬烟、不送烟，‘对二手烟说不’，共度无烟健康佳节。”达坂城区疾病预防控制中心副主任王兆成说。""""""""""",头条号,打扮成同济,2024-01-10 10:30:46,http://www.toutiao.com/w/i7322291329584431653/,未知,控烟、戒烟,正面,未知
202401012248,"冬日生活愈加惬意，而对于唐山市区多个大中型超市的暗访调查，市创卫办对其创卫工作进行了专项检查。在此次暗访中，涉及多家超市，检查发现诸多问题。
在新华道华盛超市，发现了多项问题，如无健康教育宣传、公共区域内未见控烟标识、面点加工区存在卫生隐患等。类似的问题也在其他超市如建国路东方购物、企新购物广场等被暴露出来。这包括环境卫生问题、员工卫生习惯以及存放食品的卫生管理等。整个超市行业似乎都存在一定程度的管理漏洞。
数据显示，各超市存在的问题主要集中在健康教育宣传不到位、环境卫生整治不到位、员工卫生习惯不规范、食品安全管理不完善等方面。这表明市创卫工作依然面临挑战。尽管唐山市的创卫工作已经取得了一定成绩，但在超市卫生管理上还存在不少短板。
市创卫办对此要求各级部门认清创卫工作任务的重要性，强调加大管理力度、提升精细化管理水平，为市民打造更加舒适整洁的购物环境。通过此次暗访曝光的问题，相信各大中型超市会引起足够重视，共同努力提升市民的生活品质，创造更加卫生、安全的购物环境。#记录唐山身边事# #唐山生活点滴# #唐山微分享# #唐山奇闻#","title: 冬日生活愈加惬意，而对于唐山市区多个大中型超市的暗访调查，市创卫办对其创卫工作进行了专项检查。在此次暗访中，涉及多家超市，检查发现诸多问题。 在新华道华盛超市，发现了多项问题，如无健康教育宣传、公共区域内未见控烟标识、面点加工区存在卫生隐患等。类似的问题也在其他超市如建国路东方购物、企新购物广场等被暴露出来。这包括环境卫生问题、员工卫生习惯以及存放食品的卫生管理等。整个超市行业似乎都存在一定程度的管理漏洞。 数据显示，各超市存在的问题主要集中在健康教育宣传不到位、环境卫生整治不到位、员工卫生习惯不规范、食品安全管理不完善等方面。这表明市创卫工作依然面临挑战。尽管唐山市的创卫工作已经取得了一定成绩，但在超市卫生管理上还存在不少短板。 市创卫办对此要求各级部门认清创卫工作任务的重要性，强调加大管理力度、提升精细化管理水平，为市民打造更加舒适整洁的购物环境。通过此次暗访曝光的问题，相信各大中型超市会引起足够重视，共同努力提升市民的生活品质，创造更加卫生、安全的购物环境。#记录唐山身边事# #唐山生活点滴# #唐山微分享# #唐山奇闻# summary: 冬日生活愈加惬意，而对于唐山市区多个大中型超市的暗访调查，市创卫办对其创卫工作进行了专项检查。在此次暗访中，涉及多家超市，检查发现诸多问题。#记录唐山身边事##唐山生活点滴##唐山微分享##唐山奇闻#. content: 冬日生活愈加惬意，而对于唐山市区多个大中型超市的暗访调查，市创卫办对其创卫工作进行了专项检查。在此次暗访中，涉及多家超市，检查发现诸多问题。 在新华道华盛超市，发现了多项问题，如无健康教育宣传、公共区域内未见控烟标识、面点加工区存在卫生隐患等。类似的问题也在其他超市如建国路东方购物、企新购物广场等被暴露出来。这包括环境卫生问题、员工卫生习惯以及存放食品的卫生管理等。整个超市行业似乎都存在一定程度的管理漏洞。 数据显示，各超市存在的问题主要集中在健康教育宣传不到位、环境卫生整治不到位、员工卫生习惯不规范、食品安全管理不完善等方面。这表明市创卫工作依然面临挑战。尽管唐山市的创卫工作已经取得了一定成绩，但在超市卫生管理上还存在不少短板。 市创卫办对此要求各级部门认清创卫工作任务的重要性，强调加大管理力度、提升精细化管理水平，为市民打造更加舒适整洁的购物环境。通过此次暗访曝光的问题，相信各大中型超市会引起足够重视，共同努力提升市民的生活品质，创造更加卫生、安全的购物环境。#记录唐山身边事# #唐山生活点滴# #唐山微分享# #唐山奇闻# "" """,微头条,小严,2024-01-10 10:21:10,http://www.toutiao.com/w/i1787653329869827/,未知,控烟,正面,未知
202401012255,香烟市场或迎来调整，3亿多烟民该何去何从？一文就能讲清楚,"title: 香烟市场或迎来调整，3亿多烟民该何去何从？一文就能讲清楚 summary: 香烟市场或迎来调整，3亿多烟民该何去何从？一文就能讲清楚众所周知，吸烟对健康的危害早已是公认的事实，然而，对于许多老烟民而言，尽管深知其害，却难以割舍那一缕青烟。我国的吸烟人数仍在不断攀升，据国家疾病预防控制中心的最新调查报告显示，我国18岁及以上的吸烟率高达26.6%，这意味着我国约有3.5亿烟民。 content: 众所周知，吸烟对健康的危害早已是公认的事实，然而，对于许多老烟民而言，尽管深知其害，却难以割舍那一缕青烟。我国的吸烟人数仍在不断攀升，据国家疾病预防控制中心的最新调查报告显示，我国18岁及以上的吸烟率高达26.6%，这意味着我国约有3.5亿烟民。其中，男性吸烟率更是高达68.4%，近年来，随着生活压力的增大，不少女性也开始借助香烟来释放压力。虽然香烟在社交场合具有一定的缓解作用，但长期大量吸烟无疑会为健康埋下隐患，比如增加患肺癌的风险。因此，戒烟成为了保持身体健康的重要手段。为了降低吸烟人数，政府和相关部门也采取了一系列措施和调整。""长期吸烟带来的危害有哪些？1. 呼吸系统：长期吸烟会损伤呼吸道黏膜，降低呼吸道免疫力，容易引起呼吸道感染、慢性阻塞性肺病（COPD）等疾病。COPD是一种常见的慢性呼吸系统疾病，包括慢性支气管炎和肺气肿，患者会出现咳嗽、咳痰、呼吸困难等症状。2. 心血管系统：长期吸烟会损伤血管内皮细胞，导致动脉粥样硬化和血栓形成，增加患心血管疾病的风险，如冠心病、心肌梗死和中风等。3. 消化系统：长期吸烟会损伤消化道黏膜，增加患胃炎、胃溃疡和十二指肠溃疡等消化道疾病的风险。4. 其他危害：长期吸烟还会增加患糖尿病、骨质疏松症、男性勃起功能障碍和女性不孕等问题的风险。此外，吸烟还会影响胎儿和婴儿的健康，增加早产、低体重和猝死的风险。""为何明知吸烟伤身，却难以戒烟呢？香烟中含有的尼古丁会让大脑释放多巴胺，这是一种能给人带来快感的神经递质。当尼古丁被吸收到血液中后，它会随着血液流到大脑，与大脑中的尼古丁受体结合，刺激多巴胺的释放。这种释放会让人感到兴奋和愉悦，减轻压力和焦虑感。此外，吸烟还具有成瘾性，因为尼古丁会对大脑产生一定的依赖性，使吸烟者产生一种强烈的戒烟意愿。然而，戒烟并不容易。尼古丁戒断会导致一些戒断症状，如焦虑、烦躁、抑郁等。这些症状会影响戒烟者的情绪和心理状态，使他们难以坚持戒烟。此外，吸烟是一种习惯性的行为，吸烟者往往在社交场合、工作时间内或某些特定情境下会习惯性地吸烟。这些习惯会使戒烟变得更为困难。""香烟市场或迎来大调整，3亿多烟民该何去何从？一文讲清楚香烟市场的大调整，对于3亿多烟民来说，无疑是一个巨大的冲击。他们需要重新审视自己的选择，思考未来的方向。然而，这个过程并不容易，因为烟民们面临着许多困难和挑战。首先，烟民们需要认识到吸烟对健康的危害。尽管他们可能已经习惯了吸烟，但是烟草对身体的危害是毋庸置疑的。长期吸烟会增加患上肺癌、心脏病、中风等疾病的风险，这些疾病不仅会影响身体健康，还会给家庭和社会带来巨大的负担。因此，烟民们需要认真考虑戒烟的问题，以保护自己和周围人的健康。""其次，戒烟并不是一件容易的事情。许多烟民已经形成了对烟草的依赖，很难自己戒掉。在这种情况下，他们可以寻求专业的帮助，例如咨询心理医生、参加戒烟班等。这些方法可以帮助他们逐渐减少对烟草的依赖，最终成功戒烟。同时，他们也可以通过锻炼身体、改变生活方式等方式来增强自己的意志力和抵抗力，从而更好地应对戒烟带来的困难和挑战。最后，政府和社会也应该为烟民提供更多的支持和帮助。政府可以出台更加严格的控烟政策，限制烟草的销售和广告，提高烟草税等措施来减少烟民的数量。同时，社会也可以为烟民提供更多的戒烟服务和支持，例如建立戒烟中心、提供心理咨询等。这些措施可以有效地帮助烟民戒烟，同时也能够减少吸烟对社会的危害。""对于3.5亿烟民来说，他们面临着一些选择和挑战他们需要认识到吸烟对健康的危害，并下定决心戒烟。这需要他们克服对尼古丁的依赖和心理上的瘾症，这可能需要一些时间和耐心。他们可以考虑寻求专业的帮助，例如参加戒烟课程、使用戒烟药物或咨询心理医生。这些方法可能会提供一些有用的技巧和工具，帮助烟民成功戒烟。""他们可以尝试改变生活习惯，例如增加运动、改善饮食和减少压力。这些改变可以帮助减轻烟民戒烟时的身体和心理不适，并增强他们的意志力和决心。他们可以考虑加入戒烟社区或组织，与其他烟民一起分享经验和支持。这些社区和组织可以提供一些有用的资源和支持，帮助烟民戒烟并保持不吸烟的状态。",百家号,陶医生讲内科,2024-01-10 10:18:11,http://baijiahao.baidu.com/s?id=1787619463782344647,未知,戒烟、控烟,中性,未知
202401012263,员村街南富社区开展控烟宣讲座谈会,"title: 员村街南富社区开展控烟宣讲座谈会 summary: 员村街南富社区开展控烟宣讲座谈会1月10日，员村街南富社区组织了一场以共建无烟环境，共创健康生活为主题的控烟宣传座谈会，旨在加强社区居民对吸烟危害的认识，倡导健康生活方式，共同营造一个无烟的居住环境。我们相信，在居民们的共同努力下，我们的社区一定会变得更加健康、美好。 content: 1月10日，员村街南富社区组织了一场以“共建无烟环境，共创健康生活”为主题的控烟宣传座谈会，旨在加强社区居民对吸烟危害的认识，倡导健康生活方式，共同营造一个无烟的居住环境。座谈会在南富社区会议室举行，邀请了员村街城管办控烟专家陈晓绵、广州民建理论文化宣传委员会副主任曾旭权和社区代表参加。活动开始前，社区主任发表了热情洋溢的开场致辞，强调了控烟宣传的重要性，并呼吁居民们积极参与，共同为无烟环境建设贡献力量。座谈会上，陈晓绵详细介绍了吸烟的危害和控烟的必要性，通过生动的案例和数据，让居民们深刻认识到吸烟对个人和家庭的危害。曾旭权讲解了吸烟对健康的危害和戒烟的益处，为居民们提供了科学有效的戒烟方法。此外，社区代表也分享了他们在控烟工作中的经验和成果，鼓励居民们积极参与到控烟行动中来，从自身做起，拒绝吸烟，为家人和社区创造一个健康的环境。座谈会还设置了互动环节，居民们可以向专家提问，寻求帮助和建议。现场气氛热烈，居民们积极参与讨论，共同探讨如何更好地推进无烟环境建设。此次座谈会取得了圆满成功，不仅提高了居民的控烟意识，也让他们更加深入地了解了吸烟的危害和如何科学戒烟。我们相信，在居民们的共同努力下，我们的社区一定会变得更加健康、美好。""",头条号,乜嘢,2024-01-10 10:12:43,http://www.toutiao.com/w/i7322269079237313036/,未知,控烟、戒烟,中性,未知
202401012270,"面对“失配性疾病”的对策 不能失配（六）——《人体的故事》有感
面对失配性疾病的威胁，每个人都需要成为自己健康的第一责任人，改变生活方式和行为。我们不能回到过去，但可以回归合理适度的生活方式。健康的关键在于控制饮食、适度运动、保持理想体重，并戒烟限酒。公共场所严格控烟，同时要形成社会舆论，受到公众谴责。此外，定期体检和早发现、早治疗同样重要。只有改变“失配的方案”，才能有效预防和治疗失配性疾病。",title: 面对“失配性疾病”的对策 不能失配（六）——《人体的故事》有感 面对失配性疾病的威胁，每个人都需要成为自己健康的第一责任人，改变生活方式和行为。我们不能回到过去，但可以回归合理适度的生活方式。健康的关键在于控制饮食、适度运动、保持理想体重，并戒烟限酒。公共场所严格控烟，同时要形成社会舆论，受到公众谴责。此外，定期体检和早发现、早治疗同样重要。只有改变“失配的方案”，才能有效预防和治疗失配性疾病。 summary: 面对失配性疾病的对策不能失配。面对失配性疾病的威胁，每个人都需要成为自己健康的第一责任人，改变生活方式和行为。健康的关键在于控制饮食、适度运动、保持理想体重，并戒烟限酒。公共场所严格控烟，同时要形成社会舆论，受到公众谴责。只有改变失配的方案，才能有效预防和治疗失配性疾病。 content: 面对“失配性疾病”的对策 不能失配（六）——《人体的故事》有感 面对失配性疾病的威胁，每个人都需要成为自己健康的第一责任人，改变生活方式和行为。我们不能回到过去，但可以回归合理适度的生活方式。健康的关键在于控制饮食、适度运动、保持理想体重，并戒烟限酒。公共场所严格控烟，同时要形成社会舆论，受到公众谴责。此外，定期体检和早发现、早治疗同样重要。只有改变“失配的方案”，才能有效预防和治疗失配性疾病。,微头条,胡大一讲健康,2024-01-10 09:47:04,http://www.toutiao.com/w/i1787666077706372/,未知,戒烟、控烟,正面,未知
202401012278,控烟观察：爱尔兰计划全面禁烟,"title: 控烟观察：爱尔兰计划全面禁烟 summary: 控烟观察：爱尔兰计划全面禁烟2020年，《中华人民共和国未成年人保护法》经过新修订，该法对烟草控制部分进行了重要修改。据统计，中国每年有7.4亿人受到二手烟危害，这不仅是对个体健康的威胁，更是对整个社会公共卫生的严重挑战。愿未来的每个角落都充满着清新的空气，愿每个未成年人都能在健康的环境中茁壮成长。 content: 2020年，《中华人民共和国未成年人保护法》经过新修订，该法对烟草控制部分进行了重要修改。在2021年6月1日正式生效后，中国的控烟战役迎来了新的里程碑。这次修改中，第17条明确将烟草的定义扩大，包括了电子烟，强化了对未成年人集中场所的控烟规定。""这一法规修改的亮点如掌中法剑，劈头盖脸地打在了烟草产业的身上。它们不仅为新型烟草产品划定了明确的法律边界，更对烟草在未成年人集中区域的滥用行为予以明文禁止。这些修订使法规更加具有前瞻性和针对性，为中国的控烟工作注入了一剂强心针。""作为《烟草控制框架公约》的缔约方，中国一直在努力履行着控烟的国际责任。然而，面对拥有三亿烟民的庞大数字，控烟任务显得尤为艰巨。据统计，中国每年有7.4亿人受到二手烟危害，这不仅是对个体健康的威胁，更是对整个社会公共卫生的严重挑战。""烟草产业在带来经济效益的同时，也伴随着环境问题的严重损害。从烟草的种植、生产，到销售、使用，再到废弃物的处理，烟草对人类生存环境健康造成了巨大的压力。这个问题的严峻性逐渐引起了国际社会和国内有关部门的高度关注。""2018年，绿会控烟组开始关注烟草对环境的影响，成为控烟领域的先锋力量。他们在2019年和2021年分别提起两起环境公益诉讼，坚定地为公共场所控烟而努力。其中，2019年的案件更是涉及到一家大型商场，，为推动控烟事业迈出了一大步。这些控烟组织的努力就如同寻找控烟领域的灵丹妙药，他们奋力挑战烟草产业的强大势力，为更清新的空气和更健康的生态环境而战。""未成年人是国家未来的希望，而他们的身心健康则是国家的底气。法规的修改不仅为保护未成年人提供了更有力的法律武器，更是为整个社会的健康发展提供了强大的支持。这也体现了国家对未来的高度关切，是一种积极的社会投入。""未成年人保护法的修改，彰显了国家对于控烟事业的坚定决心。它为社会营造了一个更加清新、更有朝气的氛围，为每个孩子的成长提供了更加良好的环境。我们有理由相信，这不仅仅是一场法规的修改，更是一场对未来的坚定宣言。""在这场掌中法剑的控烟之战中，我们看到了未成年人保护法的引导力。但这只是战役的开始，而非终点。烟草产业的庞大势力和一些不法商家的抵抗，使得控烟之路充满曲折。我们期盼更多的组织，更多的人们能够投入到这场公共卫生事业中，共同推动烟草控制事业的发展。未成年人保护法的修订是一个良好的开端，而在规范中，我们能够看到更加清新的未来。愿未来的每个角落都充满着清新的空气，愿每个未成年人都能在健康的环境中茁壮成长。",头条号,智者吉恩7B0n,2024-01-10 09:41:27,http://www.toutiao.com/article/7322047285632860683/,未知,控烟,中性,未知
202401012285,#你好乌鲁木齐# 1月9日上午，达坂城区疾病预防控制中心联合达坂城镇卫生院走进乌鲁木齐市达坂城中学开展健康教育进校园活动，为学生们开启2024年青少年控烟健康教育第一课。,"title: #你好乌鲁木齐# 1月9日上午，达坂城区疾病预防控制中心联合达坂城镇卫生院走进乌鲁木齐市达坂城中学开展健康教育进校园活动，为学生们开启2024年青少年控烟健康教育第一课。 summary: #你好乌鲁木齐#1月9日上午，达坂城区疾病预防控制中心联合达坂城镇卫生院走进乌鲁木齐市达坂城中学开展健康教育进校园活动，为学生们开启2024年青少年控烟健康教育第一课。 content: #你好乌鲁木齐# 1月9日上午，达坂城区疾病预防控制中心联合达坂城镇卫生院走进乌鲁木齐市达坂城中学开展健康教育进校园活动，为学生们开启2024年青少年控烟健康教育第一课。 """,微头条,一路向北一路生花,2024-01-10 09:10:15,http://www.toutiao.com/w/i1787663761636352/,未知,控烟,正面,未知
202401012292,#你是否支持取缔烟草行业#理论支持，但按实际情况只能相对支持。要加大控烟，特别公共场所，及所有对外服务的工作人员禁烟，防对人二手烟的危害！[呲牙],title: #你是否支持取缔烟草行业#理论支持，但按实际情况只能相对支持。要加大控烟，特别公共场所，及所有对外服务的工作人员禁烟，防对人二手烟的危害！[呲牙] summary: #你是否支持取缔烟草行业#理论支持，但按实际情况只能相对支持。要加大控烟，特别公共场所，及所有对外服务的工作人员禁烟，防对人二手烟的危害！ content: #你是否支持取缔烟草行业#理论支持，但按实际情况只能相对支持。要加大控烟，特别公共场所，及所有对外服务的工作人员禁烟，防对人二手烟的危害！[呲牙],微头条,檀弓恭,2024-01-10 08:57:07,http://www.toutiao.com/w/i1787662934724612/,未知,控烟,正面,未知
202401012314,这张照片拍摄于2007年，成都市某高校宿舍的楼道上，学校学生会控烟劝导员休息时的情景。姑娘来自重庆市城口县，考上大学后很希望进入学生会锻炼自己，于是成为了学校的控烟劝导员，每周有一天在学校里进行控烟劝导。重庆妹儿就是漂亮，身材很好，戴着眼镜斯斯文文，有种特别的感觉。,"title: 这张照片拍摄于2007年，成都市某高校宿舍的楼道上，学校学生会控烟劝导员休息时的情景。姑娘来自重庆市城口县，考上大学后很希望进入学生会锻炼自己，于是成为了学校的控烟劝导员，每周有一天在学校里进行控烟劝导。重庆妹儿就是漂亮，身材很好，戴着眼镜斯斯文文，有种特别的感觉。 summary: 这张照片拍摄于2007年，成都市某高校宿舍的楼道上，学校学生会控烟劝导员休息时的情景。姑娘来自重庆市城口县，考上大学后很希望进入学生会锻炼自己，于是成为了学校的控烟劝导员，每周有一天在学校里进行控烟劝导。重庆妹儿就是漂亮，身材很好，戴着眼镜斯斯文文，有种特别的感觉。 content: 这张照片拍摄于2007年，成都市某高校宿舍的楼道上，学校学生会控烟劝导员休息时的情景。姑娘来自重庆市城口县，考上大学后很希望进入学生会锻炼自己，于是成为了学校的控烟劝导员，每周有一天在学校里进行控烟劝导。重庆妹儿就是漂亮，身材很好，戴着眼镜斯斯文文，有种特别的感觉。 """,微头条,图说古今,2024-01-10 08:45:47,http://www.toutiao.com/w/i1787594646769667/,未知,控烟,正面,未知
202401012321,"今日参观对涵盖唐山市区多家大中型超市进行了实地访查。这些超市是市民日常购物的重要场所，但在环境卫生和秩序管理方面面临一定的挑战。近日，唐山市创卫办派出工作人员对市内多家大中型超市进行了暗访，发现了一些问题。
对于位于新华道的华盛超市，存在多个问题，包括宣传不到位、未见控烟标识、熟食柜台防污染设施管理不到位等。此外，建国路的东方购物、企新购物广场、新华道的振华超市、友谊路的大润发超市、爱琴海家的万佳超市和北新道的八方超市也被发现存在着各自的问题，诸如卫生管理、员工规范着装、食品存放等不符合规范。
在暗访后，市创卫办表示，将会加大整改力度和管理力度，提升细致化管理水平，以创造更加整洁舒适的购物环境，以满足市民对干净卫生购物环境的期待。
对于这些问题，关于健康教育宣传不到位、食品存放不当、卫生管理制度不完善等问题，市创卫办提出要各级各部门深刻认识创卫工作的重要性和压力，并且制定相应的整改方案，切实提升管理水平，为市民创造更加舒适整洁的购物环境。","title: 今日参观对涵盖唐山市区多家大中型超市进行了实地访查。这些超市是市民日常购物的重要场所，但在环境卫生和秩序管理方面面临一定的挑战。近日，唐山市创卫办派出工作人员对市内多家大中型超市进行了暗访，发现了一些问题。 对于位于新华道的华盛超市，存在多个问题，包括宣传不到位、未见控烟标识、熟食柜台防污染设施管理不到位等。此外，建国路的东方购物、企新购物广场、新华道的振华超市、友谊路的大润发超市、爱琴海家的万佳超市和北新道的八方超市也被发现存在着各自的问题，诸如卫生管理、员工规范着装、食品存放等不符合规范。 在暗访后，市创卫办表示，将会加大整改力度和管理力度，提升细致化管理水平，以创造更加整洁舒适的购物环境，以满足市民对干净卫生购物环境的期待。 对于这些问题，关于健康教育宣传不到位、食品存放不当、卫生管理制度不完善等问题，市创卫办提出要各级各部门深刻认识创卫工作的重要性和压力，并且制定相应的整改方案，切实提升管理水平，为市民创造更加舒适整洁的购物环境。 summary: 今日参观对涵盖唐山市区多家大中型超市进行了实地访查。这些超市是市民日常购物的重要场所，但在环境卫生和秩序管理方面面临一定的挑战。近日，唐山市创卫办派出工作人员对市内多家大中型超市进行了暗访，发现了一些问题。 content: 今日参观对涵盖唐山市区多家大中型超市进行了实地访查。这些超市是市民日常购物的重要场所，但在环境卫生和秩序管理方面面临一定的挑战。近日，唐山市创卫办派出工作人员对市内多家大中型超市进行了暗访，发现了一些问题。 对于位于新华道的华盛超市，存在多个问题，包括宣传不到位、未见控烟标识、熟食柜台防污染设施管理不到位等。此外，建国路的东方购物、企新购物广场、新华道的振华超市、友谊路的大润发超市、爱琴海家的万佳超市和北新道的八方超市也被发现存在着各自的问题，诸如卫生管理、员工规范着装、食品存放等不符合规范。 在暗访后，市创卫办表示，将会加大整改力度和管理力度，提升细致化管理水平，以创造更加整洁舒适的购物环境，以满足市民对干净卫生购物环境的期待。 对于这些问题，关于健康教育宣传不到位、食品存放不当、卫生管理制度不完善等问题，市创卫办提出要各级各部门深刻认识创卫工作的重要性和压力，并且制定相应的整改方案，切实提升管理水平，为市民创造更加舒适整洁的购物环境。 """,微头条,田瞿,2024-01-10 07:55:22,http://www.toutiao.com/w/i1787627220963337/,未知,控烟,正面,未知
202401011714,上海市人均寿命全国领先：揭秘五大原因,"title: 上海市人均寿命全国领先：揭秘五大原因 summary: 当谈到全国人均寿命的佼佼者，上海市总是名列前茅。究竟是什么原因让这座城市的居民享有如此高的健康水平呢？综上所述，上海市人均寿命全国第一的成就，源自于医疗资源的雄厚、市民健康意识的提升、运动文化的盛行、严格的控烟措施、健康的饮食文化以及规律的作息习惯。#记录我的2024##健康养生#. content: 上海市人均寿命全国领先：揭秘五大原因""当谈到全国人均寿命的佼佼者，上海市总是名列前茅。究竟是什么原因让这座城市的居民享有如此高的健康水平呢？让我们深入探究。医疗资源雄厚，健康意识超前上海市的医疗实力在全国范围内都首屈一指。这不仅是因为医疗资源的丰富配置，还得益于市民对健康的重视。上海的医疗机构和医生团队都得到了高度关注和支持，确保了市民在有需要时能够得到及时、专业的治疗。此外，上海人注重定期体检，这使得潜在的健康问题能够被及时发现和处理。""运动文化盛行，身体素质提升上海不仅是一座经济发达的大都市，更是一个充满活力的运动之都。无论是晨跑、夜跑，还是打篮球、健身，你都能在上海市的各个角落找到热爱运动的人群。运动为上海人的身体健康提供了有力保障，有助于消耗过剩热量、增强肌肉力量和心肺功能。""严格的控烟措施，保护公共健康吸烟对人体健康的危害已经得到了广泛共识。上海市在这方面走在了前列，实施了严格的控烟措施。无论是公共场所还是工作场所，吸烟都受到了限制，有效减少了二手烟的危害，为市民创造了一个更为健康的公共环境。""健康饮食文化，营养均衡摄入上海的饮食文化融合了各地特色，但市民普遍注重健康饮食。无论是大厨还是普通市民，都倾向于选择营养均衡的食物，减少高热量和高脂肪的摄入。这种饮食习惯有助于保持身体健康，增强免疫系统。""作息规律，平衡工作与生活上海市民普遍拥有规律的作息习惯。他们注重劳逸结合，不仅有稳定的工作时间，还善于利用业余时间放松自己、培养兴趣爱好。这种平衡的生活方式有助于减轻身体和精神的压力，从而保持身心健康。""综上所述，上海市人均寿命全国第一的成就，源自于医疗资源的雄厚、市民健康意识的提升、运动文化的盛行、严格的控烟措施、健康的饮食文化以及规律的作息习惯。这些因素共同为上海市民打造了一个更为健康的生活环境，让他们能够享受到更高质量的生命时光。#记录我的2024#?#健康养生#?",头条号,小六子,2024-01-09 22:26:10,http://www.toutiao.com/w/i7322103955319079436/,未知,控烟,中性,未知
202401011775,"说一说香烟#当你懂烟了# 
都说吸烟有害健康，老百姓知道，国家也知道，但是为什么还在生产呢？
香烟的价格一涨再涨，高价格真的会控制烟民的数量吗？
适合普通人抽的烟，价格翻倍了，可是烟民却并没有减少，只是增加了生活负担而已，说什么越贵越抽不起，烟民就会减少，就会起到控烟的效果，谁信？
如果真的想控烟，真的为了老百姓着想，就两条路：
第一，不在生产香烟。
第二，让普通人抽的起烟。
既不想让香烟降价，又不想禁止生产香烟，那还说什么吸烟有害健康呢？
自欺欺人！#你考虑过戒烟吗#","title: 说一说香烟#当你懂烟了# 都说吸烟有害健康，老百姓知道，国家也知道，但是为什么还在生产呢？ 香烟的价格一涨再涨，高价格真的会控制烟民的数量吗？ 适合普通人抽的烟，价格翻倍了，可是烟民却并没有减少，只是增加了生活负担而已，说什么越贵越抽不起，烟民就会减少，就会起到控烟的效果，谁信？ 如果真的想控烟，真的为了老百姓着想，就两条路： 第一，不在生产香烟。 第二，让普通人抽的起烟。 既不想让香烟降价，又不想禁止生产香烟，那还说什么吸烟有害健康呢？ 自欺欺人！#你考虑过戒烟吗# summary: 说一说香烟#当你懂烟了#都说吸烟有害健康，老百姓知道，国家也知道，但是为什么还在生产呢？香烟的价格一涨再涨，高价格真的会控制烟民的数量吗？如果真的想控烟，真的为了老百姓着想，就两条路：第一，不在生产香烟。既不想让香烟降价，又不想禁止生产香烟，那还说什么吸烟有害健康呢？#你考虑过戒烟吗#. content: 说一说香烟#当你懂烟了# 都说吸烟有害健康，老百姓知道，国家也知道，但是为什么还在生产呢？ 香烟的价格一涨再涨，高价格真的会控制烟民的数量吗？ 适合普通人抽的烟，价格翻倍了，可是烟民却并没有减少，只是增加了生活负担而已，说什么越贵越抽不起，烟民就会减少，就会起到控烟的效果，谁信？ 如果真的想控烟，真的为了老百姓着想，就两条路： 第一，不在生产香烟。 第二，让普通人抽的起烟。 既不想让香烟降价，又不想禁止生产香烟，那还说什么吸烟有害健康呢？ 自欺欺人！#你考虑过戒烟吗# """,微头条,聪慧真言真语,2024-01-09 18:13:44,http://www.toutiao.com/w/i1787607357258752/,未知,控烟、戒烟,中性,未知
202401011825,珠海“控烟令”2024年1月1日起施行,"title: 珠海“控烟令”2024年1月1日起施行 summary: 珠海控烟令2024年1月1日起施行《珠海经济特区公共场所控制吸烟条例》对于减少吸烟造成的危害，保障公众健康，提升城市文明水平有着显著的作用。总的来说，吸烟问题需要全社会共同努力，虽然现实中还会有一些现象出现，但我们有理由相信，在全社会行动的支持下，吸烟的危害会逐渐减少，我们的生活环境也会变得更加美好。 content: 《珠海经济特区公共场所控制吸烟条例》对于减少吸烟造成的危害，保障公众健康，提升城市文明水平有着显著的作用。近年来，许多国家和地区都加强了吸烟控制的法律法规，我国也是如此。但是，尽管有了相关的法律法规，违规吸烟的行为仍时有发生。最近一年中，各地抽烟问题依然屡禁不绝，甚至还出现了“吃辣条造假烟”的事件，这些现象都危害着公众的健康，让人不禁深思，法律的威慑力是不是不够？""对于此类现象，我认为除了需要更加坚定地执行吸烟控制的法律法规外，也需要加强社会宣传引导，提高公众的自我约束意识。在公共场所，应该引导吸烟者自觉遵守规定，同时也要保护不吸烟者的权益。同时，公共场所的管理者也应该提高意识，切实履行管理责任，让公众在没有烟雾的环境下更加自由地呼吸。此外，年轻人是吸烟问题的高风险人群。对于他们，家庭、学校和社会都可以加强教育宣传，提高他们的健康意识，让他们逐渐认识到吸烟对健康的危害，并帮助他们远离香烟。《珠海经济特区公共场所控制吸烟条例》为减少吸烟造成的危害、保障公众健康、提高城市文明水平提出了标准和要求，并且在具体实施上也有一些具体的措施，比如“双罚制”等，这些都需要公共场所的管理者和吸烟者自觉遵守。总的来说，吸烟问题需要全社会共同努力，虽然现实中还会有一些现象出现，但我们有理由相信，在全社会行动的支持下，吸烟的危害会逐渐减少，我们的生活环境也会变得更加美好。",头条号,柠檬茶,2024-01-09 17:00:49,http://www.toutiao.com/w/i7321148200646263308/,未知,控烟,中性,未知
202401011832,"
控烟新规颁布，成都市成为“文明吸烟”的引领者。最近，新的公共场所控制吸烟条例正式实施，对于那些习惯在室内吸烟的市民和游客来说，这意味着一场全新的“文明吸烟”革命。
有趣的是，新规并没有一味地“禁止”，而是提倡有序吸烟。全市范围内，公共场所的室内区域禁烟，但在规定的场所可以设置吸烟区，让吸烟和非吸烟者和谐相处。
这带来了一个有趣的问题：吸烟区到底该如何设计才能既满足吸烟者的需求，又不让非吸烟者感到困扰？是时候展开一场创意的“吸烟区设计大赛”了吗？
在这个文明吸烟的时代，经营者的责任也更为重大。餐饮服务场所的经营者需要宣传禁烟规定，同时设置规范的吸烟区，不得在禁烟区域设置任何与吸烟相关的器具。违规者将面临高额罚款，这无疑对经营者们敲响了“文明经营”的警钟。
个人的文明素养同样备受关注。新规明确规定，个人在公共场所吸烟时，要遵守规定，不得在禁烟区域吸烟，并应自觉听从他人的劝阻。这是否能够激发市民们的自觉性，将吸烟行为纳入自我管理，让我们拭目以待。
违规者将面临罚款，这给予了每个人在共同维护文明环境中发挥作用的机会。是否能够通过罚款来约束违规者的行为？或许，这是一个备受争议的问题，需要市民们共同探讨。
综上所述，成都市的这一控烟新规是一场全新的尝试，挑战我们在公共场所吸烟问题上的传统认知。希望市民们共同遵守这一规定，创造一个更加清新、文明的城市环境。你对这一新规有什么看法呢？欢迎留言分享你的观点。

","title: 控烟新规颁布，成都市成为“文明吸烟”的引领者。最近，新的公共场所控制吸烟条例正式实施，对于那些习惯在室内吸烟的市民和游客来说，这意味着一场全新的“文明吸烟”革命。 有趣的是，新规并没有一味地“禁止”，而是提倡有序吸烟。全市范围内，公共场所的室内区域禁烟，但在规定的场所可以设置吸烟区，让吸烟和非吸烟者和谐相处。 这带来了一个有趣的问题：吸烟区到底该如何设计才能既满足吸烟者的需求，又不让非吸烟者感到困扰？是时候展开一场创意的“吸烟区设计大赛”了吗？ 在这个文明吸烟的时代，经营者的责任也更为重大。餐饮服务场所的经营者需要宣传禁烟规定，同时设置规范的吸烟区，不得在禁烟区域设置任何与吸烟相关的器具。违规者将面临高额罚款，这无疑对经营者们敲响了“文明经营”的警钟。 个人的文明素养同样备受关注。新规明确规定，个人在公共场所吸烟时，要遵守规定，不得在禁烟区域吸烟，并应自觉听从他人的劝阻。这是否能够激发市民们的自觉性，将吸烟行为纳入自我管理，让我们拭目以待。 违规者将面临罚款，这给予了每个人在共同维护文明环境中发挥作用的机会。是否能够通过罚款来约束违规者的行为？或许，这是一个备受争议的问题，需要市民们共同探讨。 综上所述，成都市的这一控烟新规是一场全新的尝试，挑战我们在公共场所吸烟问题上的传统认知。希望市民们共同遵守这一规定，创造一个更加清新、文明的城市环境。你对这一新规有什么看法呢？欢迎留言分享你的观点。 summary: 控烟新规颁布，成都市成为文明吸烟的引领者。最近，新的公共场所控制吸烟条例正式实施，对于那些习惯在室内吸烟的市民和游客来说，这意味着一场全新的文明吸烟革命。综上所述，成都市的这一控烟新规是一场全新的尝试，挑战我们在公共场所吸烟问题上的传统认知。 content: 控烟新规颁布，成都市成为“文明吸烟”的引领者。最近，新的公共场所控制吸烟条例正式实施，对于那些习惯在室内吸烟的市民和游客来说，这意味着一场全新的“文明吸烟”革命。 有趣的是，新规并没有一味地“禁止”，而是提倡有序吸烟。全市范围内，公共场所的室内区域禁烟，但在规定的场所可以设置吸烟区，让吸烟和非吸烟者和谐相处。 这带来了一个有趣的问题：吸烟区到底该如何设计才能既满足吸烟者的需求，又不让非吸烟者感到困扰？是时候展开一场创意的“吸烟区设计大赛”了吗？ 在这个文明吸烟的时代，经营者的责任也更为重大。餐饮服务场所的经营者需要宣传禁烟规定，同时设置规范的吸烟区，不得在禁烟区域设置任何与吸烟相关的器具。违规者将面临高额罚款，这无疑对经营者们敲响了“文明经营”的警钟。 个人的文明素养同样备受关注。新规明确规定，个人在公共场所吸烟时，要遵守规定，不得在禁烟区域吸烟，并应自觉听从他人的劝阻。这是否能够激发市民们的自觉性，将吸烟行为纳入自我管理，让我们拭目以待。 违规者将面临罚款，这给予了每个人在共同维护文明环境中发挥作用的机会。是否能够通过罚款来约束违规者的行为？或许，这是一个备受争议的问题，需要市民们共同探讨。 综上所述，成都市的这一控烟新规是一场全新的尝试，挑战我们在公共场所吸烟问题上的传统认知。希望市民们共同遵守这一规定，创造一个更加清新、文明的城市环境。你对这一新规有什么看法呢？欢迎留言分享你的观点。 "" "" "" "" "" "" "" "" "" """,微头条,仁爱溪水x8,2024-01-09 16:57:08,http://www.toutiao.com/w/i1787602538190923/,未知,控烟,正面,未知
202401011860,Vocal三遍！牛的嘞！(戒烟已上岸）,title: Vocal三遍！牛的嘞！(戒烟已上岸） summary: 戒防粘透明层的设计每贴都是易撕的设计贴心又方便，贴布也是防水的出汗也不怕脱落逸舜宝是颜小乙旗下产品-#如何戒烟#轻松戒烟#戒烟药#意志力戒烟#香烟#好物推荐#戒烟方法#戒烟神器#干货分享#戒烟打卡#一起戒烟。 content: 这些都是我的自己摸索出来的宝藏戒烟贴，日均只需要十几R，但是个顶个的好用，简直是太适合我们这种烟瘤大的老烟民了，有好几样我都回购了四五次了！给大家分享一波~ - 逸舜宝 这款采取温和控烟的方式 女士也比较适合 采取尼古丁代替法用着放心 不经心肺有效减少脏器损害 尼易达 天然植物提取成分温和 每天早起贴上，晚睡取下即可 注意不要每天贴在同一位置 烟立尽 这款还是产自日本 里面成分是草本植物 注意敷贴部位有破损的时候不要使用 白云山 这个牌子好像还挺有名的 里面是独立包装的干净卫生 贴布还蛮大的用上效果更好 优戒 防粘透明层的设计 每贴都是易撕的设计 贴心又方便，贴布也是防水的 出汗也不怕脱落 逸舜宝是颜小乙旗下产品 - #如何戒烟#轻松戒烟#戒烟药#意志力戒烟#香烟#好物推荐#戒烟方法#戒烟神器#干货分享#戒烟打卡#一起戒烟,小红书,岁月可回首A,2024-01-09 16:42:00,http://www.xiaohongshu.com/discovery/item/659d0711000000000f01378e,未知,戒烟、控烟,中性,未知
202401011875,你选择香烟，还是选择生命？ （控烟）保健贴 #尼瑞克戒烟,title: 你选择香烟，还是选择生命？ （控烟）保健贴 #尼瑞克戒烟 summary: 你选择香烟，还是选择生命？ content: 你选择香烟，还是选择生命？ （控烟）保健贴 #尼瑞克戒烟,小红书,小红薯654E0032,2024-01-09 15:56:00,http://www.xiaohongshu.com/discovery/item/659cfc32000000001d034b29,未知,控烟、戒烟,中性,未知
202401011882,无烟佳节，与爱同行——博爱县磨头镇农场小学开展禁烟控烟活动,"title: 无烟佳节，与爱同行——博爱县磨头镇农场小学开展禁烟控烟活动 summary: 无烟佳节，与爱同行——博爱县磨头镇农场小学开展禁烟控烟活动为进一步推动学校控烟工作深入开展，加强师生对控烟理念的理解和认同，自觉树立控烟意识，养成良好的健康生活方式，积极构建青少年控烟防护网，维护人民群众健康。 content: 为进一步推动学校控烟工作深入开展，加强师生对控烟理念的理解和认同，自觉树立控烟意识，养成良好的健康生活方式，积极构建青少年控烟防护网，维护人民群众健康，为广大青少年营造一个无烟、清洁、健康的成长环境， 博爱县磨头镇农场小学积极引导师生践行文明健康绿色环保生活方式，营造元旦、春节“两节”无烟氛围，秉承建设“无烟校园”的理念，开展宣传教育活动。&lt;img class=""content-image"" data-src=""7syuM7T2zZ+KDa0RBbYG3cmJ5ULT+qz1crB9Zo+mUNOSPez25Oq2ME5sba1RdlwCZH/gvmW/xCvpzi780Lg2UHTX6bFlmqPyP8QA2YTyqgo="" width=""1080"" height=""810"" /1.学校利用国旗下讲话时间向学生讲解吸烟有害健康的知识，倡导青少年争做无烟少年，尽享美好青春。同时在电子屏播放“无烟佳节，与爱同行”主题宣传标语，加强控烟禁烟科普宣传，教育师生远离烟草，向烟草说“不”，努力为全校师生构建一个绿色、清新、健康、文明的校园环境，守护师生健康成长。2.各班级积极开展“无烟佳节，与爱同行”主题班会，大力宣传控烟知识，提高师生对吸烟以及二手烟危害的重视程度，呼吁吸烟者主动戒烟，号召全体师生一起行动，投入到禁烟以及志愿劝阻吸烟活动中去，营造控烟戒烟良好氛围。3.开展“小手拉大手，禁烟一起走”活动，呼吁一至六年级学生积极向亲友宣传吸烟的危害，劝说、监督身边的大人不吸烟、少吸烟，形成以学生带动家长的浓厚控烟氛围，为每一位孩子营造一个健康、无烟的学习和生活环境。&lt;img class=""content-image"" data-src=""Ia4yZ4hqAGnFYOx5SsJGIMmJ5ULT+qz1crB9Zo+mUNPuvE8Hmjy01ztxNhTqn0DFlVxNEMRdBV4ksQGK/aPvFPx1Jgcv9ErZzx7nhX/2j3Q="" width=""1080"" height=""1439"" /通过以上活动的开展，进一步提高了师生对烟草危害的认识，营造了良好的禁烟控烟氛围。今后学校将继续开展控烟禁烟宣传工作，持续推进无烟校园建设。发布于：河南省",搜狐号,焦作市教育电视台,2024-01-09 15:51:10,http://m.sohu.com/a/750694075_120975090,未知,控烟、戒烟、控烟戒烟,正面,未知
202401011896,"新的禁烟标志
闪电烟是不是抽烟快也不行？#控烟目标#","title: 新的禁烟标志 闪电烟是不是抽烟快也不行？#控烟目标# summary: 闪电烟是不是抽烟快也不行？ content: 新的禁烟标志 闪电烟是不是抽烟快也不行？#控烟目标# """,微头条,跑来跑去看上海,2024-01-09 15:20:39,http://www.toutiao.com/w/i1787596468248649/,未知,控烟,中性,未知
202401011903,"中华烟在国外的售价相对较低的原因有多个方面。
首先，税收政策是一个重要的因素。在我国，香烟的价格征收了重税，大部分售价都是税金，这是出于对健康的考虑，实施了一系列控烟措施，通过提高烟草价格来限制吸烟人群规模。而在国外，每个国家的税收政策都不一样，尤其是像日本这样的国家，并没有对烟草施加过高的税收，导致香烟价格相对较低。
其次，不同国家对于产品的税收政策也会影响到商品售价的高低。比如汽油，在国内的售价高是因为征收了较高的税收，而在越南的售价则较低，这与越南的税收政策有关。因此，税收政策是导致国外商品价格较低的一个重要原因。
另外，中华烟在我国属于中高档烟了，一包60、70元对于普通人来说，除非逢年过节或者办事，一般情况下不会去抽这么高档的烟的。如果中华烟在国内卖20几的话，想必大家都会抢着买吧。国外的中华烟也是“正品”，我国也有出口中华烟到日本等国。而且不管是国内出售，还是出口到其它国家，烟质都是一样的。所以说，销售海外的中华烟不是假的，和我国国内的中华烟品质是一样的。
综上所述，中华烟在国外的售价相对较低的原因主要是由于税收政策、不同国家的物价水平以及市场需求等因素的影响。","title: 中华烟在国外的售价相对较低的原因有多个方面。 首先，税收政策是一个重要的因素。在我国，香烟的价格征收了重税，大部分售价都是税金，这是出于对健康的考虑，实施了一系列控烟措施，通过提高烟草价格来限制吸烟人群规模。而在国外，每个国家的税收政策都不一样，尤其是像日本这样的国家，并没有对烟草施加过高的税收，导致香烟价格相对较低。 其次，不同国家对于产品的税收政策也会影响到商品售价的高低。比如汽油，在国内的售价高是因为征收了较高的税收，而在越南的售价则较低，这与越南的税收政策有关。因此，税收政策是导致国外商品价格较低的一个重要原因。 另外，中华烟在我国属于中高档烟了，一包60、70元对于普通人来说，除非逢年过节或者办事，一般情况下不会去抽这么高档的烟的。如果中华烟在国内卖20几的话，想必大家都会抢着买吧。国外的中华烟也是“正品”，我国也有出口中华烟到日本等国。而且不管是国内出售，还是出口到其它国家，烟质都是一样的。所以说，销售海外的中华烟不是假的，和我国国内的中华烟品质是一样的。 综上所述，中华烟在国外的售价相对较低的原因主要是由于税收政策、不同国家的物价水平以及市场需求等因素的影响。 summary: 中华烟在国外的售价相对较低的原因有多个方面。比如汽油，在国内的售价高是因为征收了较高的税收，而在越南的售价则较低，这与越南的税收政策有关。国外的中华烟也是正品，我国也有出口中华烟到日本等国。所以说，销售海外的中华烟不是假的，和我国国内的中华烟品质是一样的。 content: 中华烟在国外的售价相对较低的原因有多个方面。 首先，税收政策是一个重要的因素。在我国，香烟的价格征收了重税，大部分售价都是税金，这是出于对健康的考虑，实施了一系列控烟措施，通过提高烟草价格来限制吸烟人群规模。而在国外，每个国家的税收政策都不一样，尤其是像日本这样的国家，并没有对烟草施加过高的税收，导致香烟价格相对较低。 其次，不同国家对于产品的税收政策也会影响到商品售价的高低。比如汽油，在国内的售价高是因为征收了较高的税收，而在越南的售价则较低，这与越南的税收政策有关。因此，税收政策是导致国外商品价格较低的一个重要原因。 另外，中华烟在我国属于中高档烟了，一包60、70元对于普通人来说，除非逢年过节或者办事，一般情况下不会去抽这么高档的烟的。如果中华烟在国内卖20几的话，想必大家都会抢着买吧。国外的中华烟也是“正品”，我国也有出口中华烟到日本等国。而且不管是国内出售，还是出口到其它国家，烟质都是一样的。所以说，销售海外的中华烟不是假的，和我国国内的中华烟品质是一样的。 综上所述，中华烟在国外的售价相对较低的原因主要是由于税收政策、不同国家的物价水平以及市场需求等因素的影响。 """,微头条,嘎嘣薯条,2024-01-09 14:51:54,http://www.toutiao.com/w/i1787594658899980/,未知,控烟,中性,未知
202401011918,"老铁们，近期唐山市区大型超市创卫问题大揭露！
最近，唐山市创卫办对部分大中型超市的创卫工作进行了暗访。来自环渤海新闻网的消息揭露了一些大中型超市存在的环境卫生问题。盘点如下：
首先是新华道华盛超市：老铁们，这家超市可是无健康教育宣传，公共区域内竟然未见控烟标识，还有面点专柜操作人员居然没带口罩和手套。面点加工区面粉还未隔墙存放，这要怎么办呢？
建国路东方购物：唉，这也太差了吧！这家超市不仅无健康教育宣传，水产区环境还不干净。更糟糕的是，凉拌菜防污染设施也管理不到位，东门的“门前三包”还没落实。
企新购物广场：这个广场也不行啊！同样无健康教育宣传，门前垃圾桶还不整洁，主食食堂操作人员未佩戴口罩和手套，农贸区连二类标准都达不到，员工们也没注意个人卫生证以及食品安全。
暗访还发现新华道振华超市、友谊路大润发超市、爱琴海家万佳超市、北新道八方超市等一系列问题。这严重违背了卫生城市创建工作。
对此，市创卫办多次强调，各级各部门都要认识到创卫任务的艰巨性，扎实整改、创造整洁的购物环境。
网友评论：
@小明：太可怕了吧，竟然这么多大中型超市这么不靠谱，希望相关部门严肃处理！
@大白：购物环境真的这么糟糕吗？还真没留意过，得注意了。
@阳光小猪：这些问题居然这么隐蔽，有点恐怖啊，希望市府能够切实解决这些问题。#唐山生活点滴# #河北唐山八卦#","title: 老铁们，近期唐山市区大型超市创卫问题大揭露！ 最近，唐山市创卫办对部分大中型超市的创卫工作进行了暗访。来自环渤海新闻网的消息揭露了一些大中型超市存在的环境卫生问题。盘点如下： 首先是新华道华盛超市：老铁们，这家超市可是无健康教育宣传，公共区域内竟然未见控烟标识，还有面点专柜操作人员居然没带口罩和手套。面点加工区面粉还未隔墙存放，这要怎么办呢？ 建国路东方购物：唉，这也太差了吧！这家超市不仅无健康教育宣传，水产区环境还不干净。更糟糕的是，凉拌菜防污染设施也管理不到位，东门的“门前三包”还没落实。 企新购物广场：这个广场也不行啊！同样无健康教育宣传，门前垃圾桶还不整洁，主食食堂操作人员未佩戴口罩和手套，农贸区连二类标准都达不到，员工们也没注意个人卫生证以及食品安全。 暗访还发现新华道振华超市、友谊路大润发超市、爱琴海家万佳超市、北新道八方超市等一系列问题。这严重违背了卫生城市创建工作。 对此，市创卫办多次强调，各级各部门都要认识到创卫任务的艰巨性，扎实整改、创造整洁的购物环境。 网友评论： @小明：太可怕了吧，竟然这么多大中型超市这么不靠谱，希望相关部门严肃处理！ @大白：购物环境真的这么糟糕吗？还真没留意过，得注意了。 @阳光小猪：这些问题居然这么隐蔽，有点恐怖啊，希望市府能够切实解决这些问题。#唐山生活点滴# #河北唐山八卦# summary: 老铁们，近期唐山市区大型超市创卫问题大揭露！盘点如下：首先是新华道华盛超市：老铁们，这家超市可是无健康教育宣传，公共区域内竟然未见控烟标识，还有面点专柜操作人员居然没带口罩和手套。暗访还发现新华道振华超市、友谊路大润发超市、爱琴海家万佳超市、北新道八方超市等一系列问题。#唐山生活点滴##河北唐山八卦#. content: 老铁们，近期唐山市区大型超市创卫问题大揭露！ 最近，唐山市创卫办对部分大中型超市的创卫工作进行了暗访。来自环渤海新闻网的消息揭露了一些大中型超市存在的环境卫生问题。盘点如下： 首先是新华道华盛超市：老铁们，这家超市可是无健康教育宣传，公共区域内竟然未见控烟标识，还有面点专柜操作人员居然没带口罩和手套。面点加工区面粉还未隔墙存放，这要怎么办呢？ 建国路东方购物：唉，这也太差了吧！这家超市不仅无健康教育宣传，水产区环境还不干净。更糟糕的是，凉拌菜防污染设施也管理不到位，东门的“门前三包”还没落实。 企新购物广场：这个广场也不行啊！同样无健康教育宣传，门前垃圾桶还不整洁，主食食堂操作人员未佩戴口罩和手套，农贸区连二类标准都达不到，员工们也没注意个人卫生证以及食品安全。 暗访还发现新华道振华超市、友谊路大润发超市、爱琴海家万佳超市、北新道八方超市等一系列问题。这严重违背了卫生城市创建工作。 对此，市创卫办多次强调，各级各部门都要认识到创卫任务的艰巨性，扎实整改、创造整洁的购物环境。 网友评论： @小明：太可怕了吧，竟然这么多大中型超市这么不靠谱，希望相关部门严肃处理！ @大白：购物环境真的这么糟糕吗？还真没留意过，得注意了。 @阳光小猪：这些问题居然这么隐蔽，有点恐怖啊，希望市府能够切实解决这些问题。#唐山生活点滴# #河北唐山八卦# "" """,微头条,璐璐菲比,2024-01-09 14:08:56,http://www.toutiao.com/w/i1787556583128068/,未知,控烟,正面,未知
202401011932,"学校的控烟劝导员在偷偷吸烟
我要不要去举报她？","title: 学校的控烟劝导员在偷偷吸烟 我要不要去举报她？ summary: 我要不要去举报她？ content: 学校的控烟劝导员在偷偷吸烟 我要不要去举报她？ """,微头条,刘先森爱娱乐,2024-01-09 13:33:59,http://www.toutiao.com/w/i1787589757279244/,未知,控烟,负面,未知
202401011960,【创文明卫生城做健康幸福人】冬季控烟|无烟环境，从说“不可以”开始,title: 【创文明卫生城做健康幸福人】冬季控烟|无烟环境，从说“不可以”开始 summary: 冬季控烟|。无烟环境，从说不可以开始冬季气候寒冷，室内活动增多，公共场所吸烟行为也呈上升趋势，餐饮场所内部、办公楼洗手间和楼梯间、居民楼楼道或楼梯间、甚至烟民自己家中等地方都成为烟民们一吐为快的常见地点。这种行为不仅危害着吸烟者自身的健康、还威胁着受二手烟、三手烟影响的其他人的健康与安全。 content: 冬季气候寒冷，室内活动增多，公共场所吸烟行为也呈上升趋势，餐饮场所内部、办公楼洗手间和楼梯间、居民楼楼道或楼梯间、甚至烟民自己家中等地方都成为烟民们“一吐为快”的常见地点。这种行为不仅危害着吸烟者自身的健康、还威胁着受二手烟、三手烟影响的其他人的健康与安全。烟草的危害01烟草燃烧的烟雾中含有4000多种已知的化学物质，它们是造成吸烟者成瘾和健康损害的罪魁祸首。主要有害物质有尼古丁、焦油、一氧化碳等。尼古丁可引发血管收缩，心跳加快，使血压升高、血管内膜受损，加重动脉硬化，引起冠状动脉痉挛，诱发心绞痛和心肌梗死。焦油是引起肺癌和喉癌的主要原因，也会加重哮喘和其他肺部疾病的症状。一氧化碳是迫使氧气脱离红血球的物质，从而造成缺氧，还会使胆固醇增多，加速动脉粥样硬化。吸烟与心脑血管疾病、肺癌等多种疾病存在密切关系。经常吸烟的人血液黏度会发生改变，其体内二氧化碳等酸性物质也会增加，从而影响红细胞膜的通透性和红细胞变形能力，促使血液中的红细胞、血小板等大量聚集，使全血黏度增高，形成血栓。血栓如果发生在心脏，就是心梗；如果在脑中，就是中风。吸烟可以导致心脏损伤，增加冠心病的风险。吸烟可以导致脑血管和颈部动脉损害，增加中风的风险。吸烟量越大，吸烟年限越长，冠心病和中风的发病及死亡风险越高。吸烟时间越长，量越大，患肺癌的危险性越高。吸烟还易患慢性支气管炎、肺气肿、肺心病、慢性阻塞性肺病。吸烟与口腔癌、咽喉癌、乳腺癌、胰腺癌、肾癌、白血病、子宫颈癌等多种癌症有关。吸烟还可导致男性性功能障碍和男性不育症。什么是二手烟？都有什么危害？02二手烟是被动吸烟的俗称，即不抽烟者吸入其他吸烟者喷吐的烟雾，又称“强迫吸烟”或“间接吸烟”。一般说来被动吸烟15分钟以上时，即可认为二手烟现象成立。二手烟实际上由两种烟雾构成，一种是吸烟者呼出的烟雾，称为主流烟；一种是香烟燃烧所产生的烟雾，称为分流烟。不吸烟的人无论吸入哪种烟雾，都算二手烟，绝大多数人不可能完全避免接触香烟的烟雾。二手烟暴露可以导致肺癌、冠心病、脑卒中、乳腺癌、鼻窦癌；导致成年人急慢性呼吸道症状、肺功能下降、支气管哮喘和慢性阻塞性肺疾病；导致儿童支气管哮喘、肺功能下降和中耳炎；孕妇暴露于二手烟可以导致婴儿出生体重降低、婴儿猝死综合征、早产、新生儿神经管畸形和唇腭裂。什么是三手烟？都有什么危害？03三手烟是指烟民吸烟后残留在衣服、墙壁、地毯、家具、烟灰缸甚至灰尘中、头发和皮肤等表面的烟雾污染物质，它可以重新释放到空气中。相对于二手烟来说，三手烟的成分比较复杂，与环境息息相关，主要通过三种接触途径危害人体：呼吸道吸入、消化道吸收和皮肤接触，且它的危害是隐形的、长期的、积累性的、不知不觉的。常用清洁方式，如通风、吸尘、喷洒空气清新剂等都无法彻底消除三手烟。三手烟所含的有毒成分包括氢氰酸、丁烷、甲苯、砷、铅、一氧化碳以及十几种高度致癌的化合物，其中尼古丁会和环境中的亚硝酸反应，形成强大的致癌物亚硝胺。这些致癌物质不仅增加人体肺癌、膀胱癌、白血病等多种恶性肿瘤疾病的发病风险，还会严重损害人体的心脑血管系统和呼吸系统，诱发冠心病、动脉硬化、心肌梗死等其他慢性疾病。因此，为了您和家人以及其他人的健康，一定要尽早戒烟，或者在室内车内不要吸烟，保持健康的生活环境。除此之外，有些烟民在楼道或室内抽完烟后顺手将未熄灭的烟头扔到窗外绿化带里或者楼内杂物堆附近。香烟中心部位温度高达800-900℃，远高于木材、纸张等常见物的燃点，冬季风大，天干物燥，极有可能酿成火灾，严重危害人民的生命财产安全。冬季控烟关乎我们每一个人的健康，创造无烟环境，享受健康生活，让我们勇于对在公共场所吸烟的人说“不可以”！来源：长沙文旅投稿邮箱：xsbnjhtv@163.com监 制：白 兰 终 审：刀艳玲、施 蕊责 编：罗 鹏编 辑：巩 娅发布于：北京市,搜狐号,云贵高原生活指南,2024-01-09 11:59:29,http://m.sohu.com/a/750634468_121106902,未知,控烟、戒烟,正面,未知
202401011967,广州市控制吸烟办公室2023年10月份全市控烟巡查执法情况的通报,title: 广州市控制吸烟办公室2023年10月份全市控烟巡查执法情况的通报 summary: 广州市卫生健康委员会2023年10月，全市控烟巡查执法共出动13445人次，检查场所4678个，劝导制止个人违法吸烟行为19732宗，对未落实控烟措施、履行劝阻义务的公共场所发出整改通知书14份。 content: 来源：广州市卫生健康委员会 2023年10月，全市控烟巡查执法共出动13445人次，检查场所4678个，劝导制止个人违法吸烟行为19732宗，对未落实控烟措施、履行劝阻义务的公共场所发出整改通知书14份。共处罚个人违法吸烟行为112宗，罚款金额共5600元。本月控烟执法行政处罚包括：白云区处罚个人违法吸烟行为2宗、花都区处罚个人违法吸烟行为101宗、市交通运输局处罚交通场所个人违法吸烟行为9宗。市控烟监督员对731家场所无烟环境执行情况进行了巡查，发现1家单位存在违反《广州市控制吸烟条例》现象。市级控烟监督员对违法吸烟行为进行了劝导，并做好有关登记。同时，向各场所派发禁止吸烟标志、警示标识及控烟宣传资料等，指导做好控烟工作。广州市控制吸烟办公室2023年12月6日,头条号,中国控制吸烟协会,2024-01-09 11:34:23,http://www.toutiao.com/w/i7321936544846496319/,未知,控烟,负面,未知
202401011988,深圳的朋友帮忙支招,title: 深圳的朋友帮忙支招 summary: 深圳的朋友帮忙支招有啥控烟组之类的吗 #禁烟控烟 content: 有啥控烟组之类的吗 #禁烟控烟,小红书,朱令,2024-01-09 09:32:00,http://www.xiaohongshu.com/discovery/item/659ca216000000001d0292aa,未知,控烟,中性,未知
202401012002,"控烟不止是个人健康问题，还关乎公共健康。尽管吸烟可能成为某些人的习惯，但学界一直在探讨吸烟合理限度。据世界卫生组织披露，吸烟与心脏病、中风和多种癌症密切相关。
尽管医学研究未曾给出男性吸烟的安全上限，但吸烟风险取决于多种因素，如吸烟年限、深度及个体健康状况。尽管如此，减少吸烟量或可降低健康风险。
据医学专家量化风险，男性一日吸烟量不应超过5支。这一数字并非安全认证，仅为统计数据中相对较低的临界点。
即使低于这个数量，长期吸烟依然对健康构成严重威胁。吸烟的危害不局限于吸烟者本人。被动吸烟同样会增加非吸烟者患肺癌和心血管疾病的风险。
减少吸烟量不仅有益于个人健康，也是对周围人的负责。除了控制吸烟数量外，戒烟仍然是对健康最有利的选择。
当下有多种戒烟方法可供选择，如尼古丁替代疗法、药物治疗以及行为疗法。寻求专业医疗建议，并制定个性化的戒烟计划，是实现成功戒烟的关键。
虽然从医学角度来看，每日抽烟在5支以下可能降低一些健康风险，但吸烟本身就是一种对健康有害的习惯。强调控制吸烟数量不应成为忽视戒烟重要性的借口。维护长期健康的根本途径在于健康的生活方式的推崇和实践。","title: 控烟不止是个人健康问题，还关乎公共健康。尽管吸烟可能成为某些人的习惯，但学界一直在探讨吸烟合理限度。据世界卫生组织披露，吸烟与心脏病、中风和多种癌症密切相关。 尽管医学研究未曾给出男性吸烟的安全上限，但吸烟风险取决于多种因素，如吸烟年限、深度及个体健康状况。尽管如此，减少吸烟量或可降低健康风险。 据医学专家量化风险，男性一日吸烟量不应超过5支。这一数字并非安全认证，仅为统计数据中相对较低的临界点。 即使低于这个数量，长期吸烟依然对健康构成严重威胁。吸烟的危害不局限于吸烟者本人。被动吸烟同样会增加非吸烟者患肺癌和心血管疾病的风险。 减少吸烟量不仅有益于个人健康，也是对周围人的负责。除了控制吸烟数量外，戒烟仍然是对健康最有利的选择。 当下有多种戒烟方法可供选择，如尼古丁替代疗法、药物治疗以及行为疗法。寻求专业医疗建议，并制定个性化的戒烟计划，是实现成功戒烟的关键。 虽然从医学角度来看，每日抽烟在5支以下可能降低一些健康风险，但吸烟本身就是一种对健康有害的习惯。强调控制吸烟数量不应成为忽视戒烟重要性的借口。维护长期健康的根本途径在于健康的生活方式的推崇和实践。 summary: 控烟不止是个人健康问题，还关乎公共健康。尽管吸烟可能成为某些人的习惯，但学界一直在探讨吸烟合理限度。据世界卫生组织披露，吸烟与心脏病、中风和多种癌症密切相关。维护长期健康的根本途径在于健康的生活方式的推崇和实践。 content: 控烟不止是个人健康问题，还关乎公共健康。尽管吸烟可能成为某些人的习惯，但学界一直在探讨吸烟合理限度。据世界卫生组织披露，吸烟与心脏病、中风和多种癌症密切相关。 尽管医学研究未曾给出男性吸烟的安全上限，但吸烟风险取决于多种因素，如吸烟年限、深度及个体健康状况。尽管如此，减少吸烟量或可降低健康风险。 据医学专家量化风险，男性一日吸烟量不应超过5支。这一数字并非安全认证，仅为统计数据中相对较低的临界点。 即使低于这个数量，长期吸烟依然对健康构成严重威胁。吸烟的危害不局限于吸烟者本人。被动吸烟同样会增加非吸烟者患肺癌和心血管疾病的风险。 减少吸烟量不仅有益于个人健康，也是对周围人的负责。除了控制吸烟数量外，戒烟仍然是对健康最有利的选择。 当下有多种戒烟方法可供选择，如尼古丁替代疗法、药物治疗以及行为疗法。寻求专业医疗建议，并制定个性化的戒烟计划，是实现成功戒烟的关键。 虽然从医学角度来看，每日抽烟在5支以下可能降低一些健康风险，但吸烟本身就是一种对健康有害的习惯。强调控制吸烟数量不应成为忽视戒烟重要性的借口。维护长期健康的根本途径在于健康的生活方式的推崇和实践。 """,微头条,聪明的西柚eHN,2024-01-09 09:09:41,http://www.toutiao.com/w/i1787551807575040/,未知,控烟、戒烟,正面,未知
202401012016,"2024年1月9日（周二）【医健晨报】

1、2023年度中国血液学十大研究进展揭晓
7日，第四届中国血液学科发展大会揭晓了“2023年度中国血液学十大研究进展”。“中国血液学十大研究进展”遴选活动由中国血液学科发展大会发起，自2020年开始，至今已成功举办四届.

2、开展“无烟佳节 与爱同行”活动
3日，国家卫健委计划开展“无烟佳节 与爱同行”控烟活动。活动要求各地结合本地实际，联合相关部门，紧抓元旦、春节时间节点，采取多种形式，开展具有地方特色的控烟系列宣传活动。

3、厦门开展托育服务职称评审试点
近日，厦门市印发《厦门市托育服务专业技术资格条件（试行）》。在全国率先开展托育服务职称评审试点，旨在引导从业人员不断朝着专业化方向发展，促进托育行业人才队伍高质量建设。

4、河南推行“便民就医优流程”七项举措
日前，河南省决定在全省范围推行“便民就医优流程”七项举措，即：推行门诊综合服务一站式、入院服务一站式、检验结果线上互认、日间（手术）医疗服务、“互联网+护理服务”、非急救医疗转运服务和家庭病床服务。

5、北京规范失能老人护理补贴发放
近日，北京市民政局要求各区每半年组织开展一次抽查评估。若出现因电话错误或变更、地址不翔实等原因，导致联系不到老年人或其家属，复评对象在京外居住不能复评等情形时，将暂停发放相关人员的失能老年人护理补贴。

6、河南成立数字化糖尿病肝脏病共管中心
近日，河南省首家数字化糖尿病肝脏病共管中心——郑州市数字化糖尿病肝脏病共管中心在郑州市中心医院揭牌成立。该中心成立后，将在多学科联合管理下对糖尿病及肝脏病患者进行分层管理和规范诊治，为患者提供一站式、全流程诊疗服务。

7、肝癌新辅助治疗中国专家共识发布
近日，南京医科大学第一附属医院（江苏省人民医院）召开《肝癌新辅助治疗中国专家共识（2023版）》发布会。《共识》明确了肝癌新辅助治疗的概念、适用人群和治疗周期。

峨眉山月半轮秋，影入平羌江水流。【唐·李白《峨眉山月歌》】早上好！",title: 2024年1月9日（周二）【医健晨报】 1、2023年度中国血液学十大研究进展揭晓 7日，第四届中国血液学科发展大会揭晓了“2023年度中国血液学十大研究进展”。“中国血液学十大研究进展”遴选活动由中国血液学科发展大会发起，自2020年开始，至今已成功举办四届. 2、开展“无烟佳节 与爱同行”活动 3日，国家卫健委计划开展“无烟佳节 与爱同行”控烟活动。活动要求各地结合本地实际，联合相关部门，紧抓元旦、春节时间节点，采取多种形式，开展具有地方特色的控烟系列宣传活动。 3、厦门开展托育服务职称评审试点 近日，厦门市印发《厦门市托育服务专业技术资格条件（试行）》。在全国率先开展托育服务职称评审试点，旨在引导从业人员不断朝着专业化方向发展，促进托育行业人才队伍高质量建设。 4、河南推行“便民就医优流程”七项举措 日前，河南省决定在全省范围推行“便民就医优流程”七项举措，即：推行门诊综合服务一站式、入院服务一站式、检验结果线上互认、日间（手术）医疗服务、“互联网+护理服务”、非急救医疗转运服务和家庭病床服务。 5、北京规范失能老人护理补贴发放 近日，北京市民政局要求各区每半年组织开展一次抽查评估。若出现因电话错误或变更、地址不翔实等原因，导致联系不到老年人或其家属，复评对象在京外居住不能复评等情形时，将暂停发放相关人员的失能老年人护理补贴。 6、河南成立数字化糖尿病肝脏病共管中心 近日，河南省首家数字化糖尿病肝脏病共管中心——郑州市数字化糖尿病肝脏病共管中心在郑州市中心医院揭牌成立。该中心成立后，将在多学科联合管理下对糖尿病及肝脏病患者进行分层管理和规范诊治，为患者提供一站式、全流程诊疗服务。 7、肝癌新辅助治疗中国专家共识发布 近日，南京医科大学第一附属医院（江苏省人民医院）召开《肝癌新辅助治疗中国专家共识（2023版）》发布会。《共识》明确了肝癌新辅助治疗的概念、适用人群和治疗周期。 峨眉山月半轮秋，影入平羌江水流。【唐·李白《峨眉山月歌》】早上好！ summary: 7日，第四届中国血液学科发展大会揭晓了2023年度中国血液学十大研究进展。日前，河南省决定在全省范围推行便民就医优流程七项举措，即：推行门诊综合服务一站式、入院服务一站式、检验结果线上互认、日间医疗服务、互联网+护理服务、非急救医疗转运服务和家庭病床服务。 content: 2024年1月9日（周二）【医健晨报】 1、2023年度中国血液学十大研究进展揭晓 7日，第四届中国血液学科发展大会揭晓了“2023年度中国血液学十大研究进展”。“中国血液学十大研究进展”遴选活动由中国血液学科发展大会发起，自2020年开始，至今已成功举办四届. 2、开展“无烟佳节 与爱同行”活动 3日，国家卫健委计划开展“无烟佳节 与爱同行”控烟活动。活动要求各地结合本地实际，联合相关部门，紧抓元旦、春节时间节点，采取多种形式，开展具有地方特色的控烟系列宣传活动。 3、厦门开展托育服务职称评审试点 近日，厦门市印发《厦门市托育服务专业技术资格条件（试行）》。在全国率先开展托育服务职称评审试点，旨在引导从业人员不断朝着专业化方向发展，促进托育行业人才队伍高质量建设。 4、河南推行“便民就医优流程”七项举措 日前，河南省决定在全省范围推行“便民就医优流程”七项举措，即：推行门诊综合服务一站式、入院服务一站式、检验结果线上互认、日间（手术）医疗服务、“互联网+护理服务”、非急救医疗转运服务和家庭病床服务。 5、北京规范失能老人护理补贴发放 近日，北京市民政局要求各区每半年组织开展一次抽查评估。若出现因电话错误或变更、地址不翔实等原因，导致联系不到老年人或其家属，复评对象在京外居住不能复评等情形时，将暂停发放相关人员的失能老年人护理补贴。 6、河南成立数字化糖尿病肝脏病共管中心 近日，河南省首家数字化糖尿病肝脏病共管中心——郑州市数字化糖尿病肝脏病共管中心在郑州市中心医院揭牌成立。该中心成立后，将在多学科联合管理下对糖尿病及肝脏病患者进行分层管理和规范诊治，为患者提供一站式、全流程诊疗服务。 7、肝癌新辅助治疗中国专家共识发布 近日，南京医科大学第一附属医院（江苏省人民医院）召开《肝癌新辅助治疗中国专家共识（2023版）》发布会。《共识》明确了肝癌新辅助治疗的概念、适用人群和治疗周期。 峨眉山月半轮秋，影入平羌江水流。【唐·李白《峨眉山月歌》】早上好！,微头条,唯有前行JW,2024-01-09 08:15:22,http://www.toutiao.com/w/i1787569711292428/,未知,控烟,正面,未知
202401012023,"中国烟民力量有多强大？烟草总公司销量，力压国外烟草四大家族
中国烟草公司是全球最大的烟草生产和消费市场，拥有庞大的烟民群体，同时也是世界上烟草行业的最强者。中国烟草的强大得益于烟民在税收上做出的巨大贡献，然而吸烟有害健康，需要更有效的控烟措施。在中国加入世界卫生组织的全球控烟运动后，我国出台了相关法律，并加强了对未成年人买烟的管理，公共场合吸烟的情况得到了改善。","title: 中国烟民力量有多强大？烟草总公司销量，力压国外烟草四大家族 中国烟草公司是全球最大的烟草生产和消费市场，拥有庞大的烟民群体，同时也是世界上烟草行业的最强者。中国烟草的强大得益于烟民在税收上做出的巨大贡献，然而吸烟有害健康，需要更有效的控烟措施。在中国加入世界卫生组织的全球控烟运动后，我国出台了相关法律，并加强了对未成年人买烟的管理，公共场合吸烟的情况得到了改善。 summary: 中国烟草公司是全球最大的烟草生产和消费市场，拥有庞大的烟民群体，同时也是世界上烟草行业的最强者。中国烟草的强大得益于烟民在税收上做出的巨大贡献，然而吸烟有害健康，需要更有效的控烟措施。 content: 中国烟民力量有多强大？烟草总公司销量，力压国外烟草四大家族 中国烟草公司是全球最大的烟草生产和消费市场，拥有庞大的烟民群体，同时也是世界上烟草行业的最强者。中国烟草的强大得益于烟民在税收上做出的巨大贡献，然而吸烟有害健康，需要更有效的控烟措施。在中国加入世界卫生组织的全球控烟运动后，我国出台了相关法律，并加强了对未成年人买烟的管理，公共场合吸烟的情况得到了改善。 "" "" "" "" "" "" "" "" """,微头条,万子婳,2024-01-09 08:07:35,http://www.toutiao.com/w/i1787569221392388/,未知,控烟,正面,未知
202401012037,我省举办“弘扬健康文化 倡导健康生活”健康知识进校园宣传周活动,"title: 我省举办“弘扬健康文化 倡导健康生活”健康知识进校园宣传周活动 summary: 12月21日，由河南省爱卫办、河南省计生协会主办的弘扬健康文化倡导健康生活健康知识进校园宣传周活动仪式，在河南医学高等专科学校成功举办。河南医学高等专科学校党委宣传部部长陈新峰主持会议，河南医学高等专科学校党委副书记、工会主席李鹏涛致辞，河南省爱国卫生运动委员会办公室二级调研员郑晓龙讲话。 content: ""点击上方蓝字关注我们""""12月21日，由河南省爱卫办、河南省计生协会主办的“弘扬健康文化 倡导健康生活”健康知识进校园宣传周活动仪式，在河南医学高等专科学校成功举办。此次活动旨在提高高校师生对创建无烟校园、提高健康素养的认知，倡导健康生活方式，增强师生健康意识，提升校园整体健康水平。河南医学高等专科学校党委宣传部部长陈新峰主持会议，河南医学高等专科学校党委副书记、工会主席李鹏涛致辞，河南省爱国卫生运动委员会办公室二级调研员郑晓龙讲话。""河南医学高等专科学校党委宣传部部长陈新峰""河南医学高等专科学校党委副书记、工会主席李鹏涛致辞""河南省爱国卫生运动委员会办公室二级调研员郑晓龙讲话仪式上，河南医学高等专科学校学生代表宣读了控烟倡议书，学生们自编自演了《告别尼古丁》舞蹈和《Newboy》健身街舞。二级调研员郑晓龙就创建无烟校园、倡导健康生活方式的目标阐明了总体构想，表示下一步我省将紧紧围绕健康中国“控烟行动”目标，积极推进控烟立法进程，加强无烟环境建设，倡导健康生活方式，提高全民健康素养。""学生代表宣读控烟倡议书""河南省人民医院呼吸与危重症医学科两位专家，分别为大家作了《怎么应对流行性感冒》及《二手烟的危害与预防 》的专题讲座，并进行了现场健康知识答题抽奖。省爱卫办、省计生协、河南医学高等专科学校师生等约500人参加此次活动。活动仪式前，学生们领取了志愿者发放的健康知识宣传手册和学习用品，并在“健康知识进校园”签名墙上签名。仪式结束后，大家纷纷表示会积极倡导无烟校园的建设和“做自己健康第一责任人”的理念，共同为加强全民健康素养、健康河南建设贡献一份力量。""活动宣传周期间，学校还开展了一系列“弘扬健康文化 倡导健康行为”健康知识进校园主题活动，内容包括健康科普征文比赛、禁烟手抄报比赛、控烟科普短视频大赛、健康知识问答比赛。学生们积极参与宣传活动并取得了优异成果，为此次活动画上了圆满的句号。优秀作品展 ""颁奖仪式""""""扫码关注我们获取更多精彩""",百家号,河南省计划生育协会,2024-01-09 02:57:03,http://baijiahao.baidu.com/s?id=1787549677659468964,未知,控烟,正面,未知
202401011383,"木藜芦属&amp;：知名学者王某某违法吸烟引起控烟活动人士的关注：公众人物应平等对待


在控烟活动人士的关注下，知名学者王某某因违法吸烟成为话题。有关人士认为，公众人物在这一问题上不应存在差异对待。
",title: 木藜芦属&amp;：知名学者王某某违法吸烟引起控烟活动人士的关注：公众人物应平等对待 在控烟活动人士的关注下，知名学者王某某因违法吸烟成为话题。有关人士认为，公众人物在这一问题上不应存在差异对待。 summary: 在控烟活动人士的关注下，知名学者王某某因违法吸烟成为话题。有关人士认为，公众人物在这一问题上不应存在差异对待。 content: 知名学者王某某违法吸烟引起控烟活动人士的关注：公众人物应平等对待 在控烟活动人士的关注下，知名学者王某某因违法吸烟成为话题。有关人士认为，公众人物在这一问题上不应存在差异对待。,微头条,木藜芦属&,2024-01-08 23:35:14,http://www.toutiao.com/w/1787536987441162/,未知,控烟,负面,未知
202401011390,广东省肺癌研究所,title: 广东省肺癌研究所 summary: 自1990年到2014年，美国成人的吸烟率从42.4%下降到16.8%，这个成果使美国男性肺癌发病率每年下降3%，肺癌死亡率更是下降了43%.#戒烟。 content: 美国从60年代开始控烟，40多年来吸烟人数持续降低。自1990年到2014年，美国成人的吸烟率从42.4%下降到16.8%，这个成果使美国男性肺癌发病率每年下降3%，肺癌死亡率更是下降了43%. #戒烟,小红书,小红薯659CD203,2024-01-08 23:22:00,http://www.xiaohongshu.com/discovery/item/659c1348000000001a029f46,未知,控烟、戒烟,负面,未知
202401011397,"#吸烟有害健康为什么还要抽##健康的几大真相# 
吸烟被公认为对健康有害，是导致多种健康问题的主要原因之一。烟草烟雾中含有数千种化学物质，其中包括至少70种对人体有害的致癌物质。长期吸烟会增加罹患癌症、心脏病、中风、呼吸系统疾病等疾病的风险。吸烟还会导致肺部功能下降，影响免疫系统，加速皮肤老化。此外，吸烟也与早亡风险密切相关，给个人健康带来了巨大的威胁。应该是一下几个方面导致
1.吸烟不仅是个人行为，也受到社会文化的影响。在某些文化环境下，吸烟被视为成年人举止的一部分，甚至成为了社交的一种方式。媒体、广告等社会文化因素也常常将吸烟与成熟、成功、自由等正面形象联系在一起，从而影响着人们对吸烟的态度。这种社会文化对吸烟的认可和推广，不仅加剧了吸烟的普遍性，也让一些人在受到诱导时更容易尝试吸烟。
2.心理因素在吸烟行为中起着重要作用。一些研究表明，压力、焦虑、抑郁等心理因素会使人更容易产生吸烟的欲望。吸烟可以暂时缓解这些负面情绪，使人产生放松感和愉悦感，因此成为了一种心理依赖。此外，长期以来形成的吸烟习惯也会使人在特定环境、情境下产生吸烟的欲望，形成心理上的认知联系，使戒烟变得更加困难。
3.为了减少吸烟对健康造成的危害，预防措施至关重要。首先，加强吸烟危害的宣传教育，向大众传递吸烟对健康的危害性和严重后果，引导人们树立正确的吸烟观念。其次，加强对青少年的控烟教育，防止他们在成长过程中接触和尝试吸烟。此外，加大对吸烟行为的管控力度，例如禁止在公共场所吸烟、提高烟草税等措施也是防控吸烟的有效手段。
4.戒烟方法及其重要性，戒烟是改善个人健康的关键一步。戒烟方法包括药物辅助疗法、行为疗法、心理支持等多种形式。尽管戒烟过程具有一定的挑战性，但戒烟的重要性不容忽视。戒烟后，身体将逐渐恢复健康，降低各种慢性疾病的风险，提高生活质量。因此，积极寻找适合自己的戒烟方法，坚定信念，戒烟的意义重大。
除了对个人健康的危害外，吸烟也对整个社会产生了负面影响。吸烟导致的各类疾病给医疗系统带来重大负担，增加了卫生资源的消耗。此外，吸烟也导致了环境污染，二手烟对他人健康也构成威胁。因此，从社会角度看，减少吸烟，降低吸烟率对整个社会的健康和发展都至关重要。#吸烟上瘾是病吗#","title: #吸烟有害健康为什么还要抽##健康的几大真相# 吸烟被公认为对健康有害，是导致多种健康问题的主要原因之一。烟草烟雾中含有数千种化学物质，其中包括至少70种对人体有害的致癌物质。长期吸烟会增加罹患癌症、心脏病、中风、呼吸系统疾病等疾病的风险。吸烟还会导致肺部功能下降，影响免疫系统，加速皮肤老化。此外，吸烟也与早亡风险密切相关，给个人健康带来了巨大的威胁。应该是一下几个方面导致 1.吸烟不仅是个人行为，也受到社会文化的影响。在某些文化环境下，吸烟被视为成年人举止的一部分，甚至成为了社交的一种方式。媒体、广告等社会文化因素也常常将吸烟与成熟、成功、自由等正面形象联系在一起，从而影响着人们对吸烟的态度。这种社会文化对吸烟的认可和推广，不仅加剧了吸烟的普遍性，也让一些人在受到诱导时更容易尝试吸烟。 2.心理因素在吸烟行为中起着重要作用。一些研究表明，压力、焦虑、抑郁等心理因素会使人更容易产生吸烟的欲望。吸烟可以暂时缓解这些负面情绪，使人产生放松感和愉悦感，因此成为了一种心理依赖。此外，长期以来形成的吸烟习惯也会使人在特定环境、情境下产生吸烟的欲望，形成心理上的认知联系，使戒烟变得更加困难。 3.为了减少吸烟对健康造成的危害，预防措施至关重要。首先，加强吸烟危害的宣传教育，向大众传递吸烟对健康的危害性和严重后果，引导人们树立正确的吸烟观念。其次，加强对青少年的控烟教育，防止他们在成长过程中接触和尝试吸烟。此外，加大对吸烟行为的管控力度，例如禁止在公共场所吸烟、提高烟草税等措施也是防控吸烟的有效手段。 4.戒烟方法及其重要性，戒烟是改善个人健康的关键一步。戒烟方法包括药物辅助疗法、行为疗法、心理支持等多种形式。尽管戒烟过程具有一定的挑战性，但戒烟的重要性不容忽视。戒烟后，身体将逐渐恢复健康，降低各种慢性疾病的风险，提高生活质量。因此，积极寻找适合自己的戒烟方法，坚定信念，戒烟的意义重大。 除了对个人健康的危害外，吸烟也对整个社会产生了负面影响。吸烟导致的各类疾病给医疗系统带来重大负担，增加了卫生资源的消耗。此外，吸烟也导致了环境污染，二手烟对他人健康也构成威胁。因此，从社会角度看，减少吸烟，降低吸烟率对整个社会的健康和发展都至关重要。#吸烟上瘾是病吗# summary: #吸烟有害健康为什么还要抽##健康的几大真相#吸烟被公认为对健康有害，是导致多种健康问题的主要原因之一。长期吸烟会增加罹患癌症、心脏病、中风、呼吸系统疾病等疾病的风险。吸烟还会导致肺部功能下降，影响免疫系统，加速皮肤老化。#吸烟上瘾是病吗#. content: #吸烟有害健康为什么还要抽##健康的几大真相# 吸烟被公认为对健康有害，是导致多种健康问题的主要原因之一。烟草烟雾中含有数千种化学物质，其中包括至少70种对人体有害的致癌物质。长期吸烟会增加罹患癌症、心脏病、中风、呼吸系统疾病等疾病的风险。吸烟还会导致肺部功能下降，影响免疫系统，加速皮肤老化。此外，吸烟也与早亡风险密切相关，给个人健康带来了巨大的威胁。应该是一下几个方面导致 1.吸烟不仅是个人行为，也受到社会文化的影响。在某些文化环境下，吸烟被视为成年人举止的一部分，甚至成为了社交的一种方式。媒体、广告等社会文化因素也常常将吸烟与成熟、成功、自由等正面形象联系在一起，从而影响着人们对吸烟的态度。这种社会文化对吸烟的认可和推广，不仅加剧了吸烟的普遍性，也让一些人在受到诱导时更容易尝试吸烟。 2.心理因素在吸烟行为中起着重要作用。一些研究表明，压力、焦虑、抑郁等心理因素会使人更容易产生吸烟的欲望。吸烟可以暂时缓解这些负面情绪，使人产生放松感和愉悦感，因此成为了一种心理依赖。此外，长期以来形成的吸烟习惯也会使人在特定环境、情境下产生吸烟的欲望，形成心理上的认知联系，使戒烟变得更加困难。 3.为了减少吸烟对健康造成的危害，预防措施至关重要。首先，加强吸烟危害的宣传教育，向大众传递吸烟对健康的危害性和严重后果，引导人们树立正确的吸烟观念。其次，加强对青少年的控烟教育，防止他们在成长过程中接触和尝试吸烟。此外，加大对吸烟行为的管控力度，例如禁止在公共场所吸烟、提高烟草税等措施也是防控吸烟的有效手段。 4.戒烟方法及其重要性，戒烟是改善个人健康的关键一步。戒烟方法包括药物辅助疗法、行为疗法、心理支持等多种形式。尽管戒烟过程具有一定的挑战性，但戒烟的重要性不容忽视。戒烟后，身体将逐渐恢复健康，降低各种慢性疾病的风险，提高生活质量。因此，积极寻找适合自己的戒烟方法，坚定信念，戒烟的意义重大。 除了对个人健康的危害外，吸烟也对整个社会产生了负面影响。吸烟导致的各类疾病给医疗系统带来重大负担，增加了卫生资源的消耗。此外，吸烟也导致了环境污染，二手烟对他人健康也构成威胁。因此，从社会角度看，减少吸烟，降低吸烟率对整个社会的健康和发展都至关重要。#吸烟上瘾是病吗# """,微头条,找到原来的我,2024-01-08 22:51:49,http://www.toutiao.com/w/i1787534255466569/,未知,戒烟、控烟,正面,未知
202401011411,专家提的建议：为了有效控烟，达到国际标准，烟草每上涨一个百分点，吸烟人群就下降几个百分点，所以烟草必须涨，不涨就拿国际控烟法案说事，基本被那些专家快霍霍完了。,"title: 专家提的建议：为了有效控烟，达到国际标准，烟草每上涨一个百分点，吸烟人群就下降几个百分点，所以烟草必须涨，不涨就拿国际控烟法案说事，基本被那些专家快霍霍完了。 summary: 专家提的建议：为了有效控烟，达到国际标准，烟草每上涨一个百分点，吸烟人群就下降几个百分点，所以烟草必须涨，不涨就拿国际控烟法案说事，基本被那些专家快霍霍完了。 content: 专家提的建议：为了有效控烟，达到国际标准，烟草每上涨一个百分点，吸烟人群就下降几个百分点，所以烟草必须涨，不涨就拿国际控烟法案说事，基本被那些专家快霍霍完了。 "" "" """,微头条,深井一成,2024-01-08 22:21:35,http://www.toutiao.com/w/i1787532353372179/,未知,控烟,正面,未知
202401011418,"#吸烟有害健康为什么还要抽#
吸烟有害健康，但很多人仍然选择吸烟，这可能是由于多种原因造成的。
吸烟可以解闷，缓解压力，吸烟也可以集中注意力独立思考问题，吸的寂寞，吐的是压力，乏力，吸的是问题答案，吐的是焦虑。
首先，香烟中的尼古丁等物质可以让人产生愉悦感和放松感，一些人可能因此而选择吸烟。此外，吸烟也被认为是一种缓解压力的方式，一些人在面临压力和焦虑时可能会选择吸烟来缓解。另外，社交压力也是吸烟的一个原因之一。在一些社交场合中，吸烟被视为一种社交行为，如果不吸烟，可能会被认为是不合群或者不够时尚。
然而，吸烟对健康的影响是巨大的。吸烟会增加患癌症、心血管疾病和呼吸系统疾病的风险，对吸烟者本人和周围的人也会造成健康危害。因此，尽管吸烟有害健康，但仍然有很多人选择吸烟。为了个人的健康和社会的福祉，我们应该鼓励吸烟者戒烟，同时也应该加强控烟措施，减少吸烟对社会的危害。","title: #吸烟有害健康为什么还要抽# 吸烟有害健康，但很多人仍然选择吸烟，这可能是由于多种原因造成的。 吸烟可以解闷，缓解压力，吸烟也可以集中注意力独立思考问题，吸的寂寞，吐的是压力，乏力，吸的是问题答案，吐的是焦虑。 首先，香烟中的尼古丁等物质可以让人产生愉悦感和放松感，一些人可能因此而选择吸烟。此外，吸烟也被认为是一种缓解压力的方式，一些人在面临压力和焦虑时可能会选择吸烟来缓解。另外，社交压力也是吸烟的一个原因之一。在一些社交场合中，吸烟被视为一种社交行为，如果不吸烟，可能会被认为是不合群或者不够时尚。 然而，吸烟对健康的影响是巨大的。吸烟会增加患癌症、心血管疾病和呼吸系统疾病的风险，对吸烟者本人和周围的人也会造成健康危害。因此，尽管吸烟有害健康，但仍然有很多人选择吸烟。为了个人的健康和社会的福祉，我们应该鼓励吸烟者戒烟，同时也应该加强控烟措施，减少吸烟对社会的危害。 summary: 吸烟有害健康，但很多人仍然选择吸烟，这可能是由于多种原因造成的。吸烟可以解闷，缓解压力，吸烟也可以集中注意力独立思考问题，吸的寂寞，吐的是压力，乏力，吸的是问题答案，吐的是焦虑。吸烟会增加患癌症、心血管疾病和呼吸系统疾病的风险，对吸烟者本人和周围的人也会造成健康危害。 content: #吸烟有害健康为什么还要抽# 吸烟有害健康，但很多人仍然选择吸烟，这可能是由于多种原因造成的。 吸烟可以解闷，缓解压力，吸烟也可以集中注意力独立思考问题，吸的寂寞，吐的是压力，乏力，吸的是问题答案，吐的是焦虑。 首先，香烟中的尼古丁等物质可以让人产生愉悦感和放松感，一些人可能因此而选择吸烟。此外，吸烟也被认为是一种缓解压力的方式，一些人在面临压力和焦虑时可能会选择吸烟来缓解。另外，社交压力也是吸烟的一个原因之一。在一些社交场合中，吸烟被视为一种社交行为，如果不吸烟，可能会被认为是不合群或者不够时尚。 然而，吸烟对健康的影响是巨大的。吸烟会增加患癌症、心血管疾病和呼吸系统疾病的风险，对吸烟者本人和周围的人也会造成健康危害。因此，尽管吸烟有害健康，但仍然有很多人选择吸烟。为了个人的健康和社会的福祉，我们应该鼓励吸烟者戒烟，同时也应该加强控烟措施，减少吸烟对社会的危害。 """,微头条,嘉源营销学,2024-01-08 22:07:22,http://www.toutiao.com/w/i1787531459435524/,未知,戒烟、控烟,正面,未知
202401011439,"#吸烟有害健康为什么还要抽# 
吸烟有害健康是公认的科学事实，但为什么人们还要吸烟呢？这主要是因为吸烟与多种复杂的因素有关，包括心理、社会、文化和生物学因素。以下是一些原因：
1. **尼古丁成瘾**：香烟中含有尼古丁，这是一种强力的成瘾性物质。吸烟会导致身体对尼古丁产生依赖，从而形成成瘾。
2. **心理依赖**：吸烟可能与情绪调节有关，一些人在面对压力、焦虑或抑郁时会通过吸烟来缓解不适。
3. **社交和文化因素**：在某些社交场合或文化中，吸烟可能被视为一种习惯或社交行为。例如，在某些社交圈子中，吸烟可能被视为成年人的标志。
4. **误解和信息缺乏**：尽管吸烟的危害广为人知，但仍有人可能因为缺乏足够的健康信息或误解而开始吸烟。
5. **习惯性行为**：对于长期吸烟者来说，吸烟可能已经成为日常生活的一部分，他们可能在无意识中就进行了吸烟行为。
6. **心理抵触**：一些人可能因为戒烟时的不适感（如焦虑、烦躁、食欲增加等）而放弃戒烟尝试，从而继续吸烟。
7. **遗传和生物学因素**：研究表明，遗传因素可能在吸烟行      为中发挥作用，有些人可能因为遗传倾向而更容易发展成瘾行为。
为了改善公共健康，许多国家和地区都有严格的吸烟限制和控烟法规，同时提供戒烟支持和资源，以帮助吸烟者戒烟。戒烟不仅能改善个人健康，还能减少二手烟对他人健康的影响。","title: #吸烟有害健康为什么还要抽# 吸烟有害健康是公认的科学事实，但为什么人们还要吸烟呢？这主要是因为吸烟与多种复杂的因素有关，包括心理、社会、文化和生物学因素。以下是一些原因： 1. **尼古丁成瘾**：香烟中含有尼古丁，这是一种强力的成瘾性物质。吸烟会导致身体对尼古丁产生依赖，从而形成成瘾。 2. **心理依赖**：吸烟可能与情绪调节有关，一些人在面对压力、焦虑或抑郁时会通过吸烟来缓解不适。 3. **社交和文化因素**：在某些社交场合或文化中，吸烟可能被视为一种习惯或社交行为。例如，在某些社交圈子中，吸烟可能被视为成年人的标志。 4. **误解和信息缺乏**：尽管吸烟的危害广为人知，但仍有人可能因为缺乏足够的健康信息或误解而开始吸烟。 5. **习惯性行为**：对于长期吸烟者来说，吸烟可能已经成为日常生活的一部分，他们可能在无意识中就进行了吸烟行为。 6. **心理抵触**：一些人可能因为戒烟时的不适感（如焦虑、烦躁、食欲增加等）而放弃戒烟尝试，从而继续吸烟。 7. **遗传和生物学因素**：研究表明，遗传因素可能在吸烟行 为中发挥作用，有些人可能因为遗传倾向而更容易发展成瘾行为。 为了改善公共健康，许多国家和地区都有严格的吸烟限制和控烟法规，同时提供戒烟支持和资源，以帮助吸烟者戒烟。戒烟不仅能改善个人健康，还能减少二手烟对他人健康的影响。 summary: #吸烟有害健康为什么还要抽#吸烟有害健康是公认的科学事实，但为什么人们还要吸烟呢？这主要是因为吸烟与多种复杂的因素有关，包括心理、社会、文化和生物学因素。戒烟不仅能改善个人健康，还能减少二手烟对他人健康的影响。 content: #吸烟有害健康为什么还要抽# 吸烟有害健康是公认的科学事实，但为什么人们还要吸烟呢？这主要是因为吸烟与多种复杂的因素有关，包括心理、社会、文化和生物学因素。以下是一些原因： 1. **尼古丁成瘾**：香烟中含有尼古丁，这是一种强力的成瘾性物质。吸烟会导致身体对尼古丁产生依赖，从而形成成瘾。 2. **心理依赖**：吸烟可能与情绪调节有关，一些人在面对压力、焦虑或抑郁时会通过吸烟来缓解不适。 3. **社交和文化因素**：在某些社交场合或文化中，吸烟可能被视为一种习惯或社交行为。例如，在某些社交圈子中，吸烟可能被视为成年人的标志。 4. **误解和信息缺乏**：尽管吸烟的危害广为人知，但仍有人可能因为缺乏足够的健康信息或误解而开始吸烟。 5. **习惯性行为**：对于长期吸烟者来说，吸烟可能已经成为日常生活的一部分，他们可能在无意识中就进行了吸烟行为。 6. **心理抵触**：一些人可能因为戒烟时的不适感（如焦虑、烦躁、食欲增加等）而放弃戒烟尝试，从而继续吸烟。 7. **遗传和生物学因素**：研究表明，遗传因素可能在吸烟行 为中发挥作用，有些人可能因为遗传倾向而更容易发展成瘾行为。 为了改善公共健康，许多国家和地区都有严格的吸烟限制和控烟法规，同时提供戒烟支持和资源，以帮助吸烟者戒烟。戒烟不仅能改善个人健康，还能减少二手烟对他人健康的影响。 "" "" "" """,微头条,不爱用飘柔,2024-01-08 20:48:48,http://www.toutiao.com/w/i1787526515794137/,未知,戒烟、控烟,正面,未知
202401011446,"#吸烟有害健康为什么还要抽#感谢诚邀！吸烟确实有害健康，这是科学界的共识。吸烟与多种疾病有关，包括但不限于肺癌、心脏病、中风、慢性阻塞性肺疾病（COPD）以及其他多种类型的癌症。尽管如此，人们仍然吸烟的原因是多方面的，包括心理、社会和生理因素。

以下是一些为什么人们尽管知道吸烟有害健康却仍然选择吸烟的原因：

**成瘾性：**尼古丁是一种强力的成瘾性物质，它可以迅速让人产生依赖感。戒烟的人可能会经历戒断症状，如焦虑、烦躁、食欲增加和抑郁等，这些症状使得戒烟变得困难。
**社交和文化因素：**在某些社交圈子或文化中，吸烟可能被视为一种社交活动或成年人的标志。在这些环境中，吸烟可能被看作是社交的一部分，而不是一个健康问题。
**心理依赖：**一些人可能认为吸烟有助于缓解压力、焦虑或提高注意力。尼古丁的刺激作用可能会给人一种短暂的放松感，尽管这种放松是暂时的，并且长期吸烟会带来更多的心理健康问题。
**习惯性行为：**吸烟可能成为一种习惯，与日常活动（如吃饭、喝酒或看电视）相结合。改变习惯需要意志力和时间，有些人可能不愿意或没有动力去改变。
**对健康风险的无知或误解：**尽管吸烟的危害广为人知，但仍有人可能对吸烟的具体风险了解不足，或者错误地认为他们可以在任何时候轻易戒烟。
**经济因素：**在某些情况下，吸烟可能与经济状况有关。例如，贫困或经济压力可能与吸烟率较高有关，因为吸烟可能被视为一种逃避现实压力的方式。
**遗传和生物因素：**研究表明，遗传因素可能在吸烟行为中发挥作用，有些人可能因为遗传原因而更容易发展成瘾行为。
为了改善公共健康，许多国家和地区都有严格的吸烟限制和控烟法规，同时提供了戒烟支持和资源，如戒烟热线、戒烟药物和咨询服务。尽管如此，吸烟仍然是一个复杂的公共卫生问题，需要综合性的策略来解决。",title: #吸烟有害健康为什么还要抽#感谢诚邀！吸烟确实有害健康，这是科学界的共识。吸烟与多种疾病有关，包括但不限于肺癌、心脏病、中风、慢性阻塞性肺疾病（COPD）以及其他多种类型的癌症。尽管如此，人们仍然吸烟的原因是多方面的，包括心理、社会和生理因素。 以下是一些为什么人们尽管知道吸烟有害健康却仍然选择吸烟的原因： **成瘾性：**尼古丁是一种强力的成瘾性物质，它可以迅速让人产生依赖感。戒烟的人可能会经历戒断症状，如焦虑、烦躁、食欲增加和抑郁等，这些症状使得戒烟变得困难。 **社交和文化因素：**在某些社交圈子或文化中，吸烟可能被视为一种社交活动或成年人的标志。在这些环境中，吸烟可能被看作是社交的一部分，而不是一个健康问题。 **心理依赖：**一些人可能认为吸烟有助于缓解压力、焦虑或提高注意力。尼古丁的刺激作用可能会给人一种短暂的放松感，尽管这种放松是暂时的，并且长期吸烟会带来更多的心理健康问题。 **习惯性行为：**吸烟可能成为一种习惯，与日常活动（如吃饭、喝酒或看电视）相结合。改变习惯需要意志力和时间，有些人可能不愿意或没有动力去改变。 **对健康风险的无知或误解：**尽管吸烟的危害广为人知，但仍有人可能对吸烟的具体风险了解不足，或者错误地认为他们可以在任何时候轻易戒烟。 **经济因素：**在某些情况下，吸烟可能与经济状况有关。例如，贫困或经济压力可能与吸烟率较高有关，因为吸烟可能被视为一种逃避现实压力的方式。 **遗传和生物因素：**研究表明，遗传因素可能在吸烟行为中发挥作用，有些人可能因为遗传原因而更容易发展成瘾行为。 为了改善公共健康，许多国家和地区都有严格的吸烟限制和控烟法规，同时提供了戒烟支持和资源，如戒烟热线、戒烟药物和咨询服务。尽管如此，吸烟仍然是一个复杂的公共卫生问题，需要综合性的策略来解决。 summary: #吸烟有害健康为什么还要抽#感谢诚邀！吸烟确实有害健康，这是科学界的共识。吸烟与多种疾病有关，包括但不限于肺癌、心脏病、中风、慢性阻塞性肺疾病以及其他多种类型的癌症。尽管如此，人们仍然吸烟的原因是多方面的，包括心理、社会和生理因素。尽管如此，吸烟仍然是一个复杂的公共卫生问题，需要综合性的策略来解决。 content: #吸烟有害健康为什么还要抽#感谢诚邀！吸烟确实有害健康，这是科学界的共识。吸烟与多种疾病有关，包括但不限于肺癌、心脏病、中风、慢性阻塞性肺疾病（COPD）以及其他多种类型的癌症。尽管如此，人们仍然吸烟的原因是多方面的，包括心理、社会和生理因素。 以下是一些为什么人们尽管知道吸烟有害健康却仍然选择吸烟的原因： **成瘾性：**尼古丁是一种强力的成瘾性物质，它可以迅速让人产生依赖感。戒烟的人可能会经历戒断症状，如焦虑、烦躁、食欲增加和抑郁等，这些症状使得戒烟变得困难。 **社交和文化因素：**在某些社交圈子或文化中，吸烟可能被视为一种社交活动或成年人的标志。在这些环境中，吸烟可能被看作是社交的一部分，而不是一个健康问题。 **心理依赖：**一些人可能认为吸烟有助于缓解压力、焦虑或提高注意力。尼古丁的刺激作用可能会给人一种短暂的放松感，尽管这种放松是暂时的，并且长期吸烟会带来更多的心理健康问题。 **习惯性行为：**吸烟可能成为一种习惯，与日常活动（如吃饭、喝酒或看电视）相结合。改变习惯需要意志力和时间，有些人可能不愿意或没有动力去改变。 **对健康风险的无知或误解：**尽管吸烟的危害广为人知，但仍有人可能对吸烟的具体风险了解不足，或者错误地认为他们可以在任何时候轻易戒烟。 **经济因素：**在某些情况下，吸烟可能与经济状况有关。例如，贫困或经济压力可能与吸烟率较高有关，因为吸烟可能被视为一种逃避现实压力的方式。 **遗传和生物因素：**研究表明，遗传因素可能在吸烟行为中发挥作用，有些人可能因为遗传原因而更容易发展成瘾行为。 为了改善公共健康，许多国家和地区都有严格的吸烟限制和控烟法规，同时提供了戒烟支持和资源，如戒烟热线、戒烟药物和咨询服务。尽管如此，吸烟仍然是一个复杂的公共卫生问题，需要综合性的策略来解决。,微头条,智慧还珠格格,2024-01-08 20:36:27,http://www.toutiao.com/w/i1787525739767812/,未知,戒烟、控烟,正面,未知
202401011452,"#吸烟有害健康为什么还要抽#吸烟有害健康是一个被广泛认可的事实，但仍然有很多人选择吸烟。以下是一些可能导致人们继续吸烟的原因：
1.成瘾性：尼古丁是烟草中的主要成瘾物质，它会刺激大脑的奖励系统，释放多巴胺等神经递质，产生愉悦感和放松感。这种成瘾性使得戒烟变得困难，许多吸烟者在试图戒烟时会经历戒断症状。
2.社会因素：吸烟在某些社会和文化环境中被视为一种社交行为或符号。吸烟可能被视为成熟、酷炫或与特定群体认同的方式，这使得吸烟成为一种社交习惯或适应社会压力的方式。
3.心理因素：吸烟可能被用作应对压力、焦虑或抑郁等情绪问题的一种方式。一些人可能认为吸烟可以帮助他们放松或减轻负面情绪。
4.缺乏意识或教育：有些人可能没有充分了解吸烟对健康的危害，或者没有接受到足够的健康教育和宣传。缺乏对吸烟危害的认识可能导致人们低估风险并继续吸烟。
5.广告和营销：烟草行业的广告和营销活动可能对人们的吸烟行为产生影响。广告可能塑造吸烟的正面形象，使人们对吸烟产生错误的认知。
需要指出的是，尽管存在这些因素，吸烟仍然是一个严重的健康问题，对个人和社会都带来了巨大的负担。为了保护自己和他人的健康，应该努力戒烟并倡导一个无烟环境。同时，政府和社会也应该加强对吸烟危害的宣传教育，实施有效的控烟政策，以减少吸烟的流行。
#在头条看见彼此# 友友你们说我说的有道理吗？你们认同吗？#戒烟真的难吗？# #吸烟上瘾是病吗# #你考虑过戒烟吗# #戒烟什么感觉# @勇敢者的奖杯","title: #吸烟有害健康为什么还要抽#吸烟有害健康是一个被广泛认可的事实，但仍然有很多人选择吸烟。以下是一些可能导致人们继续吸烟的原因： 1.成瘾性：尼古丁是烟草中的主要成瘾物质，它会刺激大脑的奖励系统，释放多巴胺等神经递质，产生愉悦感和放松感。这种成瘾性使得戒烟变得困难，许多吸烟者在试图戒烟时会经历戒断症状。 2.社会因素：吸烟在某些社会和文化环境中被视为一种社交行为或符号。吸烟可能被视为成熟、酷炫或与特定群体认同的方式，这使得吸烟成为一种社交习惯或适应社会压力的方式。 3.心理因素：吸烟可能被用作应对压力、焦虑或抑郁等情绪问题的一种方式。一些人可能认为吸烟可以帮助他们放松或减轻负面情绪。 4.缺乏意识或教育：有些人可能没有充分了解吸烟对健康的危害，或者没有接受到足够的健康教育和宣传。缺乏对吸烟危害的认识可能导致人们低估风险并继续吸烟。 5.广告和营销：烟草行业的广告和营销活动可能对人们的吸烟行为产生影响。广告可能塑造吸烟的正面形象，使人们对吸烟产生错误的认知。 需要指出的是，尽管存在这些因素，吸烟仍然是一个严重的健康问题，对个人和社会都带来了巨大的负担。为了保护自己和他人的健康，应该努力戒烟并倡导一个无烟环境。同时，政府和社会也应该加强对吸烟危害的宣传教育，实施有效的控烟政策，以减少吸烟的流行。 #在头条看见彼此# 友友你们说我说的有道理吗？你们认同吗？#戒烟真的难吗？# #吸烟上瘾是病吗# #你考虑过戒烟吗# #戒烟什么感觉# @勇敢者的奖杯 summary: #吸烟有害健康为什么还要抽#吸烟有害健康是一个被广泛认可的事实，但仍然有很多人选择吸烟。以下是一些可能导致人们继续吸烟的原因。吸烟可能被视为成熟、酷炫或与特定群体认同的方式，这使得吸烟成为一种社交习惯或适应社会压力的方式。##吸烟上瘾是病吗##你考虑过戒烟吗##戒烟什么感觉#@勇敢者的奖杯. content: #吸烟有害健康为什么还要抽#吸烟有害健康是一个被广泛认可的事实，但仍然有很多人选择吸烟。以下是一些可能导致人们继续吸烟的原因： 1.成瘾性：尼古丁是烟草中的主要成瘾物质，它会刺激大脑的奖励系统，释放多巴胺等神经递质，产生愉悦感和放松感。这种成瘾性使得戒烟变得困难，许多吸烟者在试图戒烟时会经历戒断症状。 2.社会因素：吸烟在某些社会和文化环境中被视为一种社交行为或符号。吸烟可能被视为成熟、酷炫或与特定群体认同的方式，这使得吸烟成为一种社交习惯或适应社会压力的方式。 3.心理因素：吸烟可能被用作应对压力、焦虑或抑郁等情绪问题的一种方式。一些人可能认为吸烟可以帮助他们放松或减轻负面情绪。 4.缺乏意识或教育：有些人可能没有充分了解吸烟对健康的危害，或者没有接受到足够的健康教育和宣传。缺乏对吸烟危害的认识可能导致人们低估风险并继续吸烟。 5.广告和营销：烟草行业的广告和营销活动可能对人们的吸烟行为产生影响。广告可能塑造吸烟的正面形象，使人们对吸烟产生错误的认知。 需要指出的是，尽管存在这些因素，吸烟仍然是一个严重的健康问题，对个人和社会都带来了巨大的负担。为了保护自己和他人的健康，应该努力戒烟并倡导一个无烟环境。同时，政府和社会也应该加强对吸烟危害的宣传教育，实施有效的控烟政策，以减少吸烟的流行。 #在头条看见彼此# 友友你们说我说的有道理吗？你们认同吗？#戒烟真的难吗？# #吸烟上瘾是病吗# #你考虑过戒烟吗# #戒烟什么感觉# @勇敢者的奖杯 "" "" """,微头条,蔬菜派白菜呀,2024-01-08 20:26:29,http://www.toutiao.com/w/i1787525112511561/,未知,戒烟、控烟,正面,未知
202401011459,"香港人均寿命全球第一，尽管生存环境差，秘密在于坚持传统饮食。香港人多在茶餐厅用餐，食物清淡，烹饪方式健康。他们喜欢喝汤、吃海鲜和瓜果，保持饮食多样化。健全医疗体系和控烟政策也有助长寿。此外，运动和工作繁忙也延缓衰老。与香港相比，大陆饮食习惯不健康，奖励孩子的食物偏向垃圾食品。值得呼吁传承传统饮食文化，为下一代营造更健康的饮食环境。问题：你如何看待保持传统饮食对健康的重要性？
","title: 香港人均寿命全球第一，尽管生存环境差，秘密在于坚持传统饮食。香港人多在茶餐厅用餐，食物清淡，烹饪方式健康。他们喜欢喝汤、吃海鲜和瓜果，保持饮食多样化。健全医疗体系和控烟政策也有助长寿。此外，运动和工作繁忙也延缓衰老。与香港相比，大陆饮食习惯不健康，奖励孩子的食物偏向垃圾食品。值得呼吁传承传统饮食文化，为下一代营造更健康的饮食环境。问题：你如何看待保持传统饮食对健康的重要性？ summary: 香港人均寿命全球第一，尽管生存环境差，秘密在于坚持传统饮食。香港人多在茶餐厅用餐，食物清淡，烹饪方式健康。与香港相比，大陆饮食习惯不健康，奖励孩子的食物偏向垃圾食品。值得呼吁传承传统饮食文化，为下一代营造更健康的饮食环境。问题：你如何看待保持传统饮食对健康的重要性？ content: 香港人均寿命全球第一，尽管生存环境差，秘密在于坚持传统饮食。香港人多在茶餐厅用餐，食物清淡，烹饪方式健康。他们喜欢喝汤、吃海鲜和瓜果，保持饮食多样化。健全医疗体系和控烟政策也有助长寿。此外，运动和工作繁忙也延缓衰老。与香港相比，大陆饮食习惯不健康，奖励孩子的食物偏向垃圾食品。值得呼吁传承传统饮食文化，为下一代营造更健康的饮食环境。问题：你如何看待保持传统饮食对健康的重要性？ "" "" "" "" """,微头条,创意朱尔斯8F6y,2024-01-08 20:26:13,http://www.toutiao.com/w/i1787517907308548/,未知,控烟,正面,未知
202401011473,健康素养| “无烟佳节 与爱同行”倡议书,"title: 健康素养| “无烟佳节 与爱同行”倡议书 summary: 健康素养|。无烟佳节与爱同行倡议书&lt;img class=""content-image""data-src=""J3kI4JuPBpRGkXtqFJaxCcmJ5ULT+qz1crB9Zo+mUNPnNcj0+Q6K99y5P9JtgDxc5HIJ306oqJdn4ObLP NaF3gS8=""width=""100""height=""79""/. content: &lt;img class=""content-image"" data-src=""J3kI4JuPBpRGkXtqFJaxCcmJ5ULT+qz1crB9Zo+mUNPnNcj0+Q6K99y5P9JtgDxc5HIJ306oqJdn4ObLPFbHxMZu1mLyB0Fd0Fi+NaF3gS8="" width=""100"" height=""79"" /吸烟不仅有害健康、导致多种疾病，还会因烟蒂乱丢引起火灾，给国家和人民造成巨大的经济损失，公共场所吸烟更是危害着周围的人群。春节是中国人一年中最为重要的节日，礼物传递着对亲朋好友的关爱和祝福。烟草作为健康的无形杀手，送人烟草就等于送人危害。为此，我们向全社会发出如下倡议：一、机关单位带头开展自查自纠，发现问题及时整改，巩固无烟单位建设成果。在单位内部开展全方位、多角度的控烟宣传教育，引导干部职工不吸烟、主动戒烟，主动做控烟宣传者和倡导者。二、中小学加强假期教育，引导学生充分认识烟草危害，了解控烟核心知识。青少年树立“拒吸第一支烟，做无烟新一代”理念，做学校、家庭控烟监督员，通过“小手牵大手”，促进无烟学校、无烟家庭建设。家长不吸烟，主动戒烟，为青少年健康成长作表率。三、戒烟服务专家走进基层社区和单位，通过发放戒烟科普宣传手册，讲解吸烟和二手烟的危害，提升居民戒烟意愿，引导居民养成健康的生活方式和生活习惯。基层医疗卫生机构提供免费戒烟咨询，提高戒烟成功率，实现居民戒烟服务“零”距离。让我们共同行动起来，从自身做起、从现在做起，追求文明健康的生活方式，过节不吸烟、不敬烟、不送烟，“对二手烟说不”，共度无烟健康佳节。呼伦贝尔市爱国卫生运动委员会办公室2024年1月5日END发布于：北京市",搜狐号,草原古都生活宝典,2024-01-08 19:11:28,http://m.sohu.com/a/750479109_121106854,未知,控烟、戒烟,中性,未知
202401011502,"#吸烟有害健康为什么还要抽#吸烟是一种被广泛认知为有害健康的行为。尽管我们对这一问题有所了解，但仍然有很多人选择继续吸烟。本文将简要介绍吸烟的危害，并强调戒烟的重要性。
吸烟对健康有严重的危害。烟草燃烧时释放出的有害物质包括尼古丁、一氧化碳和致癌物质。尼古丁是一种成瘾性物质，会使人体产生依赖。长期吸烟可能导致心血管疾病、肺癌、慢性阻塞性肺疾病等健康问题。此外，吸烟还会对周围的人造成二手烟的危害，增加他们罹患相关疾病的风险。
戒烟是至关重要的。戒烟可以带来许多益处，包括改善呼吸系统功能、降低心血管疾病和癌症的风险、提高体力和免疫力等。此外，戒烟还可以改善个人形象，减少财务开销，并且对身边的人起到积极的示范作用。
戒烟是一个具有挑战性的过程，但有许多方法可以帮助人们成功戒烟。戒烟药物、尼古丁替代疗法和心理支持都是有效的工具。此外，积极的生活方式改变，如加强锻炼、保持健康饮食、寻求亲友的支持等，也能帮助人们戒除吸烟习惯。
除了个人努力，政府和社会也扮演着重要的角色。政府应制定更严格的控烟法律和政策，提高烟草产品的税收，限制烟草广告的宣传，以及加强吸烟危害的教育宣传。社会组织和媒体也应当积极参与，鼓励公众戒烟，营造一个无烟环境。
总之，吸烟的危害已被广泛认知。戒烟对个人和社会都具有重要意义。通过个人努力和全面的社会行动，我们可以帮助人们戒除吸烟习惯，改善健康状况，建设更健康的社会。让我们共同努力，为一个无烟的未来而奋斗！",title: #吸烟有害健康为什么还要抽#吸烟是一种被广泛认知为有害健康的行为。尽管我们对这一问题有所了解，但仍然有很多人选择继续吸烟。本文将简要介绍吸烟的危害，并强调戒烟的重要性。 吸烟对健康有严重的危害。烟草燃烧时释放出的有害物质包括尼古丁、一氧化碳和致癌物质。尼古丁是一种成瘾性物质，会使人体产生依赖。长期吸烟可能导致心血管疾病、肺癌、慢性阻塞性肺疾病等健康问题。此外，吸烟还会对周围的人造成二手烟的危害，增加他们罹患相关疾病的风险。 戒烟是至关重要的。戒烟可以带来许多益处，包括改善呼吸系统功能、降低心血管疾病和癌症的风险、提高体力和免疫力等。此外，戒烟还可以改善个人形象，减少财务开销，并且对身边的人起到积极的示范作用。 戒烟是一个具有挑战性的过程，但有许多方法可以帮助人们成功戒烟。戒烟药物、尼古丁替代疗法和心理支持都是有效的工具。此外，积极的生活方式改变，如加强锻炼、保持健康饮食、寻求亲友的支持等，也能帮助人们戒除吸烟习惯。 除了个人努力，政府和社会也扮演着重要的角色。政府应制定更严格的控烟法律和政策，提高烟草产品的税收，限制烟草广告的宣传，以及加强吸烟危害的教育宣传。社会组织和媒体也应当积极参与，鼓励公众戒烟，营造一个无烟环境。 总之，吸烟的危害已被广泛认知。戒烟对个人和社会都具有重要意义。通过个人努力和全面的社会行动，我们可以帮助人们戒除吸烟习惯，改善健康状况，建设更健康的社会。让我们共同努力，为一个无烟的未来而奋斗！ summary: #吸烟有害健康为什么还要抽#吸烟是一种被广泛认知为有害健康的行为。尽管我们对这一问题有所了解，但仍然有很多人选择继续吸烟。本文将简要介绍吸烟的危害，并强调戒烟的重要性。戒烟是一个具有挑战性的过程，但有许多方法可以帮助人们成功戒烟。戒烟对个人和社会都具有重要意义。 content: #吸烟有害健康为什么还要抽#吸烟是一种被广泛认知为有害健康的行为。尽管我们对这一问题有所了解，但仍然有很多人选择继续吸烟。本文将简要介绍吸烟的危害，并强调戒烟的重要性。 吸烟对健康有严重的危害。烟草燃烧时释放出的有害物质包括尼古丁、一氧化碳和致癌物质。尼古丁是一种成瘾性物质，会使人体产生依赖。长期吸烟可能导致心血管疾病、肺癌、慢性阻塞性肺疾病等健康问题。此外，吸烟还会对周围的人造成二手烟的危害，增加他们罹患相关疾病的风险。 戒烟是至关重要的。戒烟可以带来许多益处，包括改善呼吸系统功能、降低心血管疾病和癌症的风险、提高体力和免疫力等。此外，戒烟还可以改善个人形象，减少财务开销，并且对身边的人起到积极的示范作用。 戒烟是一个具有挑战性的过程，但有许多方法可以帮助人们成功戒烟。戒烟药物、尼古丁替代疗法和心理支持都是有效的工具。此外，积极的生活方式改变，如加强锻炼、保持健康饮食、寻求亲友的支持等，也能帮助人们戒除吸烟习惯。 除了个人努力，政府和社会也扮演着重要的角色。政府应制定更严格的控烟法律和政策，提高烟草产品的税收，限制烟草广告的宣传，以及加强吸烟危害的教育宣传。社会组织和媒体也应当积极参与，鼓励公众戒烟，营造一个无烟环境。 总之，吸烟的危害已被广泛认知。戒烟对个人和社会都具有重要意义。通过个人努力和全面的社会行动，我们可以帮助人们戒除吸烟习惯，改善健康状况，建设更健康的社会。让我们共同努力，为一个无烟的未来而奋斗！,微头条,土豆娱乐号,2024-01-08 17:25:20,http://www.toutiao.com/w/i1787511835196490/,未知,戒烟、控烟,正面,未知
202401011509,"随时看天下：
“全球吸烟率排名引发热议，让人对身边烟民的现象产生疑虑。中国的排名究竟在何位置，成为了许多人关心的焦点。在探讨吸烟问题时，我们或许需要对烟草控制设定更为明确的目标，以期达到更健康的社会环境。”
“随着社交媒体上有关吸烟数据排行的讨论逐渐升温，我们也应该关注身边吸烟现象的普遍性。这个排名或许是我们反思控烟目标的契机，呼吁更加有力的干预和宣传，以减少烟草对人们健康的影响。”
“吸烟率的排名既是一个数字，更是社会公共卫生的一面镜子。期待各方能共同努力，推动烟草控制工作的深入开展，让更多人摆脱烟草的困扰，共同迈向一个更加健康的未来。”

",title: 随时看天下： “全球吸烟率排名引发热议，让人对身边烟民的现象产生疑虑。中国的排名究竟在何位置，成为了许多人关心的焦点。在探讨吸烟问题时，我们或许需要对烟草控制设定更为明确的目标，以期达到更健康的社会环境。” “随着社交媒体上有关吸烟数据排行的讨论逐渐升温，我们也应该关注身边吸烟现象的普遍性。这个排名或许是我们反思控烟目标的契机，呼吁更加有力的干预和宣传，以减少烟草对人们健康的影响。” “吸烟率的排名既是一个数字，更是社会公共卫生的一面镜子。期待各方能共同努力，推动烟草控制工作的深入开展，让更多人摆脱烟草的困扰，共同迈向一个更加健康的未来。” summary: 全球吸烟率排名引发热议，让人对身边烟民的现象产生疑虑。随着社交媒体上有关吸烟数据排行的讨论逐渐升温，我们也应该关注身边吸烟现象的普遍性。这个排名或许是我们反思控烟目标的契机，呼吁更加有力的干预和宣传，以减少烟草对人们健康的影响。 content: “全球吸烟率排名引发热议，让人对身边烟民的现象产生疑虑。中国的排名究竟在何位置，成为了许多人关心的焦点。在探讨吸烟问题时，我们或许需要对烟草控制设定更为明确的目标，以期达到更健康的社会环境。” “随着社交媒体上有关吸烟数据排行的讨论逐渐升温，我们也应该关注身边吸烟现象的普遍性。这个排名或许是我们反思控烟目标的契机，呼吁更加有力的干预和宣传，以减少烟草对人们健康的影响。” “吸烟率的排名既是一个数字，更是社会公共卫生的一面镜子。期待各方能共同努力，推动烟草控制工作的深入开展，让更多人摆脱烟草的困扰，共同迈向一个更加健康的未来。”,微头条,随时看天下,2024-01-08 17:01:52,http://www.toutiao.com/w/1787512238648329/,未知,控烟,正面,未知
202401011516,"香港人为什么长寿？他们的人均寿命全球第一，尽管生存环境很差。秘诀就在于他们沿用了传统的饮食习惯。香港饭馆少，以茶餐厅为主，提供清淡、健康的煲汤、粥和小点心。少油少盐、炖、煮、蒸的做法保留食材原味，预防心脑血管疾病。饭前喝汤，滋补养生。丰富的海鲜提供优质蛋白质和预防骨质疏松。每年四月的瓜果补充维生素。香港的医疗条件好，治愈率高，且费用不高。严格控烟政策降低吸烟率，增加人均寿命。户外活动丰富，提供健康出行环境。人们工作到老，身体和大脑活动有益。养成培养美食审美的好习惯，给孩子健康饮食。呼吁传承中国传统饮食文化，为下一代创造更好的健康饮食环境。请留下您的评论，讨论这些饮食习惯对您的影响。
","title: 香港人为什么长寿？他们的人均寿命全球第一，尽管生存环境很差。秘诀就在于他们沿用了传统的饮食习惯。香港饭馆少，以茶餐厅为主，提供清淡、健康的煲汤、粥和小点心。少油少盐、炖、煮、蒸的做法保留食材原味，预防心脑血管疾病。饭前喝汤，滋补养生。丰富的海鲜提供优质蛋白质和预防骨质疏松。每年四月的瓜果补充维生素。香港的医疗条件好，治愈率高，且费用不高。严格控烟政策降低吸烟率，增加人均寿命。户外活动丰富，提供健康出行环境。人们工作到老，身体和大脑活动有益。养成培养美食审美的好习惯，给孩子健康饮食。呼吁传承中国传统饮食文化，为下一代创造更好的健康饮食环境。请留下您的评论，讨论这些饮食习惯对您的影响。 summary: 香港人为什么长寿？香港饭馆少，以茶餐厅为主，提供清淡、健康的煲汤、粥和小点心。少油少盐、炖、煮、蒸的做法保留食材原味，预防心脑血管疾病。丰富的海鲜提供优质蛋白质和预防骨质疏松。养成培养美食审美的好习惯，给孩子健康饮食。呼吁传承中国传统饮食文化，为下一代创造更好的健康饮食环境。 content: 香港人为什么长寿？他们的人均寿命全球第一，尽管生存环境很差。秘诀就在于他们沿用了传统的饮食习惯。香港饭馆少，以茶餐厅为主，提供清淡、健康的煲汤、粥和小点心。少油少盐、炖、煮、蒸的做法保留食材原味，预防心脑血管疾病。饭前喝汤，滋补养生。丰富的海鲜提供优质蛋白质和预防骨质疏松。每年四月的瓜果补充维生素。香港的医疗条件好，治愈率高，且费用不高。严格控烟政策降低吸烟率，增加人均寿命。户外活动丰富，提供健康出行环境。人们工作到老，身体和大脑活动有益。养成培养美食审美的好习惯，给孩子健康饮食。呼吁传承中国传统饮食文化，为下一代创造更好的健康饮食环境。请留下您的评论，讨论这些饮食习惯对您的影响。 "" "" "" "" """,微头条,看动画srt,2024-01-08 16:54:33,http://www.toutiao.com/w/i1787506962593859/,未知,控烟,正面,未知
202401011536,毓龙街道滩涂社区网格员开展“健康网格，无烟社区”控烟宣传活动,"title: 毓龙街道滩涂社区网格员开展“健康网格，无烟社区”控烟宣传活动 summary: 毓龙街道滩涂社区网格员开展健康网格，无烟社区控烟宣传活动为了提高社区居民的健康意识，营造一个无烟的环境，1月8日下午滩涂社区的网格员们积极组织并开展一场健康网格，无烟社区控烟宣传活动。 content: 为了提高社区居民的健康意识，营造一个无烟的环境，1月8日下午滩涂社区的网格员们积极组织并开展一场“健康网格，无烟社区”控烟宣传活动。在活动期间，网格员们通过在社区内悬挂横幅、发放宣传资料等方式，向居民宣传吸烟对个人和家庭健康的危害，以及二手烟对他人的影响。他们还利用社交媒体、网格群等平台，广泛传播活动信息，提高居民的参与度。""""此次控烟宣传活动得到了社区居民的积极响应和支持。许多居民表示，通过网格员的宣传，他们更加深刻地认识到了吸烟对健康的危害，将积极参与到控烟行动中来。",头条号,滩涂网格员,2024-01-08 16:34:12,http://www.toutiao.com/article/7321637434960347674/,未知,控烟,正面,未知
202401011542,#2024观察日记#今天上午十点左右，我散步时亲眼所见，两人左手都戴着绿色䄂套，上面印有控烟行巡查员5个醒目大字，两人不仅不提示别人不要吸烟，反而自己吸的十分开心，且将未灭烟头随手乱丢。希望大家评论一下该此举行为如何定论。,title: #2024观察日记#今天上午十点左右，我散步时亲眼所见，两人左手都戴着绿色䄂套，上面印有控烟行巡查员5个醒目大字，两人不仅不提示别人不要吸烟，反而自己吸的十分开心，且将未灭烟头随手乱丢。希望大家评论一下该此举行为如何定论。 summary: #2024观察日记#今天上午十点左右，我散步时亲眼所见，两人左手都戴着绿色䄂套，上面印有控烟行巡查员5个醒目大字，两人不仅不提示别人不要吸烟，反而自己吸的十分开心，且将未灭烟头随手乱丢。希望大家评论一下该此举行为如何定论。 content: #2024观察日记#今天上午十点左右，我散步时亲眼所见，两人左手都戴着绿色䄂套，上面印有控烟行巡查员5个醒目大字，两人不仅不提示别人不要吸烟，反而自己吸的十分开心，且将未灭烟头随手乱丢。希望大家评论一下该此举行为如何定论。,微头条,欢欢有好物,2024-01-08 16:27:28,http://www.toutiao.com/w/i1787235840422976/,未知,控烟,正面,未知
202401011571,吸烟者难以戒烟的原因包括尼古丁成瘾、社会文化因素、心理依赖等。政府应加强控烟宣传，提高人们的戒烟意识，提供更多戒烟指导和支持。个人要坚定戒烟决心和毅力，同时创造有利于戒烟的环境。,"title: 吸烟者难以戒烟的原因包括尼古丁成瘾、社会文化因素、心理依赖等。政府应加强控烟宣传，提高人们的戒烟意识，提供更多戒烟指导和支持。个人要坚定戒烟决心和毅力，同时创造有利于戒烟的环境。 summary: 吸烟者难以戒烟的原因包括尼古丁成瘾、社会文化因素、心理依赖等。政府应加强控烟宣传，提高人们的戒烟意识，提供更多戒烟指导和支持。个人要坚定戒烟决心和毅力，同时创造有利于戒烟的环境。 content: 吸烟者难以戒烟的原因包括尼古丁成瘾、社会文化因素、心理依赖等。政府应加强控烟宣传，提高人们的戒烟意识，提供更多戒烟指导和支持。个人要坚定戒烟决心和毅力，同时创造有利于戒烟的环境。 "" "" """,微头条,石斑鱼77,2024-01-08 15:42:56,http://www.toutiao.com/w/i1787507272798217/,未知,戒烟、控烟,正面,未知
202401011578,"吸烟有害健康，为什么还要抽？
首先，烟草中的尼古丁是一种强烈的成瘾物质，使吸烟者难以戒掉。尼古丁会使大脑中的神经递质水平上升，产生愉悦感和放松感，导致吸烟者对烟草产生依赖。一旦停止吸烟，尼古丁水平下降，吸烟者可能会出现焦虑、烦躁、抑郁等戒断症状，使他们难以抵抗吸烟的诱惑。
其次，社会和文化因素的影响也不容忽视。在一些社会和文化背景下，吸烟被视为一种时尚、成熟、男性魅力的象征。这种观念深入人心，使得许多人觉得吸烟是一种表现个性和自由的方式，甚至认为吸烟可以帮助他们放松身心、缓解压力。
此外，烟草中的尼古丁能够刺激中枢神经系统释放多巴胺等神经递质，这些物质可以让人感到兴奋和愉悦。对于一些人来说，吸烟能够暂时缓解压力和焦虑，使他们感到放松和满足。这种短暂的快乐和舒适感使得吸烟者难以抗拒烟草的诱惑。
然而，吸烟对健康的危害是巨大的。吸烟会增加患肺癌、心血管疾病、呼吸系统疾病等疾病的风险，对个人健康和社会医疗资源造成巨大的负担。尽管吸烟者可能深知这些危害，但尼古丁成瘾和心理依赖使得他们难以戒烟。
为了帮助吸烟者戒烟，社会应该加强对烟草危害的宣传和教育，提高公众对吸烟危害的认识。同时，政府应该采取有效的控烟措施，限制烟草广告和销售，提高烟草税等措施来减少烟草的消费和危害。对于个人来说，寻求戒烟的方法和帮助也是非常重要的。例如，寻求专业的戒烟辅导、使用戒烟药物、参加戒烟团体等都是有效的戒烟方法。只有克服尼古丁成瘾和心理依赖，才能真正实现戒烟的目标。
综上所述，尽管吸烟有害健康，许多人仍然选择继续吸烟。这主要是由于尼古丁成瘾和心理依赖等因素的影响。为了保护个人健康和社会医疗资源，我们应该加强对烟草危害的宣传和教育，采取有效的控烟措施，并鼓励和支持吸烟者戒烟。只有共同努力，才能创造一个无烟的健康环境。","title: 吸烟有害健康，为什么还要抽？ 首先，烟草中的尼古丁是一种强烈的成瘾物质，使吸烟者难以戒掉。尼古丁会使大脑中的神经递质水平上升，产生愉悦感和放松感，导致吸烟者对烟草产生依赖。一旦停止吸烟，尼古丁水平下降，吸烟者可能会出现焦虑、烦躁、抑郁等戒断症状，使他们难以抵抗吸烟的诱惑。 其次，社会和文化因素的影响也不容忽视。在一些社会和文化背景下，吸烟被视为一种时尚、成熟、男性魅力的象征。这种观念深入人心，使得许多人觉得吸烟是一种表现个性和自由的方式，甚至认为吸烟可以帮助他们放松身心、缓解压力。 此外，烟草中的尼古丁能够刺激中枢神经系统释放多巴胺等神经递质，这些物质可以让人感到兴奋和愉悦。对于一些人来说，吸烟能够暂时缓解压力和焦虑，使他们感到放松和满足。这种短暂的快乐和舒适感使得吸烟者难以抗拒烟草的诱惑。 然而，吸烟对健康的危害是巨大的。吸烟会增加患肺癌、心血管疾病、呼吸系统疾病等疾病的风险，对个人健康和社会医疗资源造成巨大的负担。尽管吸烟者可能深知这些危害，但尼古丁成瘾和心理依赖使得他们难以戒烟。 为了帮助吸烟者戒烟，社会应该加强对烟草危害的宣传和教育，提高公众对吸烟危害的认识。同时，政府应该采取有效的控烟措施，限制烟草广告和销售，提高烟草税等措施来减少烟草的消费和危害。对于个人来说，寻求戒烟的方法和帮助也是非常重要的。例如，寻求专业的戒烟辅导、使用戒烟药物、参加戒烟团体等都是有效的戒烟方法。只有克服尼古丁成瘾和心理依赖，才能真正实现戒烟的目标。 综上所述，尽管吸烟有害健康，许多人仍然选择继续吸烟。这主要是由于尼古丁成瘾和心理依赖等因素的影响。为了保护个人健康和社会医疗资源，我们应该加强对烟草危害的宣传和教育，采取有效的控烟措施，并鼓励和支持吸烟者戒烟。只有共同努力，才能创造一个无烟的健康环境。 summary: 吸烟有害健康，为什么还要抽？一旦停止吸烟，尼古丁水平下降，吸烟者可能会出现焦虑、烦躁、抑郁等戒断症状，使他们难以抵抗吸烟的诱惑。这种观念深入人心，使得许多人觉得吸烟是一种表现个性和自由的方式，甚至认为吸烟可以帮助他们放松身心、缓解压力。综上所述，尽管吸烟有害健康，许多人仍然选择继续吸烟。 content: 吸烟有害健康，为什么还要抽？ 首先，烟草中的尼古丁是一种强烈的成瘾物质，使吸烟者难以戒掉。尼古丁会使大脑中的神经递质水平上升，产生愉悦感和放松感，导致吸烟者对烟草产生依赖。一旦停止吸烟，尼古丁水平下降，吸烟者可能会出现焦虑、烦躁、抑郁等戒断症状，使他们难以抵抗吸烟的诱惑。 其次，社会和文化因素的影响也不容忽视。在一些社会和文化背景下，吸烟被视为一种时尚、成熟、男性魅力的象征。这种观念深入人心，使得许多人觉得吸烟是一种表现个性和自由的方式，甚至认为吸烟可以帮助他们放松身心、缓解压力。 此外，烟草中的尼古丁能够刺激中枢神经系统释放多巴胺等神经递质，这些物质可以让人感到兴奋和愉悦。对于一些人来说，吸烟能够暂时缓解压力和焦虑，使他们感到放松和满足。这种短暂的快乐和舒适感使得吸烟者难以抗拒烟草的诱惑。 然而，吸烟对健康的危害是巨大的。吸烟会增加患肺癌、心血管疾病、呼吸系统疾病等疾病的风险，对个人健康和社会医疗资源造成巨大的负担。尽管吸烟者可能深知这些危害，但尼古丁成瘾和心理依赖使得他们难以戒烟。 为了帮助吸烟者戒烟，社会应该加强对烟草危害的宣传和教育，提高公众对吸烟危害的认识。同时，政府应该采取有效的控烟措施，限制烟草广告和销售，提高烟草税等措施来减少烟草的消费和危害。对于个人来说，寻求戒烟的方法和帮助也是非常重要的。例如，寻求专业的戒烟辅导、使用戒烟药物、参加戒烟团体等都是有效的戒烟方法。只有克服尼古丁成瘾和心理依赖，才能真正实现戒烟的目标。 综上所述，尽管吸烟有害健康，许多人仍然选择继续吸烟。这主要是由于尼古丁成瘾和心理依赖等因素的影响。为了保护个人健康和社会医疗资源，我们应该加强对烟草危害的宣传和教育，采取有效的控烟措施，并鼓励和支持吸烟者戒烟。只有共同努力，才能创造一个无烟的健康环境。 """,微头条,李元屯镇杨邦烧鸡,2024-01-08 15:40:08,http://www.toutiao.com/w/i1787507096165386/,未知,戒烟、控烟,正面,未知
202401011599,控烟监督员头像,title: 控烟监督员头像 summary: 感谢同事给我记录下来，成为我的体制内头像#搞笑的日常#打工人日常#展示面#一秒控烟。 content: 分享一组体制内头像 在单位被抽烟党熏得心力交瘁时 控烟行动的袖章只有套在我脑袋上才有用吧这么想着……感谢同事给我记录下来，成为我的体制内头像😂 #搞笑的日常#打工人日常#展示面#一秒控烟,小红书,大菠萝ananas,2024-01-08 12:03:00,http://www.xiaohongshu.com/discovery/item/659b74230000000012008cda,未知,控烟,中性,未知
202401011606,爱尔兰计划全面禁烟！购买卷烟人群的法定年龄将提高到21岁,"title: 爱尔兰计划全面禁烟！购买卷烟人群的法定年龄将提高到21岁 summary: 爱尔兰计划全面禁烟！绿会控烟组早在2018年就开始关注烟草对环境的影响，并为此做了大量工作，分别于2019年和2021年就公共场所控制吸烟提起了两起环境公益诉讼。本文来自中国绿发会微信公众号。 content: &lt;p【中国绿发会讯】近日，中国生物多样性保护与绿色发展基金会控烟工作组（简称“绿会控烟组”）注意到，爱尔兰卫生部长斯蒂芬·唐纳利（Stephen Donnelly）于日前表示，计划在爱尔兰全国推行禁烟计划。唐纳利表示，计划首先将购买卷烟人群的法定年龄提高到21岁，这是他倡导在爱尔兰全面禁烟的第一步。他向媒体表示，他的计划“将挽救很多人的生命”。&lt;/p&lt;p其实早在2020年新修订并于2021年6月1日起施行的《中华人民共和国未成年人保护法》（以下简称《未成年人保护法》）就对控烟部分进行了修改。该法第17条将烟草的定义扩大到包括电子烟。第59条规定“学校、幼儿园周边不得设置烟、酒、彩票销售网点。禁止向未成年人销售烟、酒、彩票或者兑付彩票奖金。烟、酒和彩票经营者应当在显著位置设置不向未成年人销售烟、酒或者彩票的标志；对难以判明是否是未成年人的，应当要求其出示证件。任何人不得在学校、幼儿园和其他未成年人集中活动的公共场所吸烟、饮酒。”&lt;/p&lt;p中国是《烟草控制框架公约》缔约方，承担着控烟履约任务，也一直为加强控烟履约而努力。据统计，中国烟民数量超过3亿，7.4亿人受二手烟危害，每年因吸烟导致疾病的死亡人数超过100万。但烟草产业所带来的环境损害，更加严峻和深远。从种植生产到销售、使用，再到废弃物处理，烟草对人类生存环境健康的危害，正成为国际社会和国内有关部门关注的焦点。&lt;/p""&lt;p绿会控烟组早在2018年就开始关注烟草对环境的影响，并为此做了大量工作，分别于2019年和2021年就公共场所控制吸烟提起了两起环境公益诉讼。其中包括2019年对以儿童为主题的某大型商场设置吸烟室和吸烟标示，并紧邻母婴室的违法情况提起中国首例室内公共场所控烟公益诉讼。&lt;/p&lt;p青少年是国家的未来和民族的希望，保护青少年的身心健康，离不开全社会的共同努力。希望大家能携手同行，为青少年营造一个健康、无烟的学习和成长环境。&lt;/p&lt;p文/阿西叶 审/Cherry 编/angel&lt;/p&lt;p&lt;span style=""color:#27ae60;""&lt;strong本文来自“中国绿发会”微信公众号&lt;/strong&lt;/span&lt;/p",澎湃号,中国绿发会,2024-01-08 11:24:00,http://www.thepaper.cn/newsDetail_forward_25935374,未知,控烟,中性,未知
202401011626,🈲烟控烟主题手抄报🚭世界无烟日小报,title: 🈲烟控烟主题手抄报🚭世界无烟日小报 summary: ##手抄报模板#小学生手抄报#手抄报作业#手抄报素材#吸烟有害健康#吸烟危害#禁烟控烟儿童画#控烟禁烟主题绘画#禁烟手抄报. content: 🔶禁烟控烟，从我做起，从青少年做起！ 🔶让我们来爱护环境，珍爱生命，爱护身边的人。 🔶为创建一个没有烟害文明，清新育人的环境而共同努力吧。 # #手抄报模板#小学生手抄报#手抄报作业#手抄报素材#吸烟有害健康#吸烟危害#禁烟控烟儿童画#控烟禁烟主题绘画#禁烟手抄报,小红书,傻猪妹手抄报,2024-01-08 10:41:00,http://www.xiaohongshu.com/discovery/item/659b60d5000000001000fcf4,未知,控烟,中性,未知
202401011633,王村乡“无烟佳节 与爱同行”倡议书,"title: 王村乡“无烟佳节 与爱同行”倡议书 summary: 王村乡无烟佳节与爱同行倡议书广大市民朋友们：为进一步推动全区无烟佳节与爱同行活动开展，持续巩固创卫成果，引导群众自觉践行文明健康绿色环保生活方式,共同营造元旦、春节双节健康无烟环境，在此，我们发出如下倡议：一、心中无烟。 content: 广大市民朋友们：为进一步推动全区“无烟佳节 与爱同行”活动开展，持续巩固创卫成果，引导群众自觉践行文明健康绿色环保生活方式,共同营造元旦、春节“双节”健康无烟环境，在此，我们发出如下倡议：一、 心中无烟。要认识烟草危害，了解烟草危害，提高自身防控烟草危害意识和能力。增强自我控制能力，自觉抵制诱惑，提倡不吸烟，提倡互不敬烟。二、手中无烟。公共场所不吸烟。不在公共场所、室内工作场所和公共交通工具内吸烟，以实际行动践行文明健康绿色环保生活方式的重要体现。各级领导干部、公职人员和教师、医务人员要带头示范，自觉遵守公共场所禁烟规定，自觉维护法规制度权威，自觉维护党政机关和领导干部形象。三、室内无烟。各机关单位、医院、学校、宾馆、车站、商场、影院、网吧、餐饮店、体育场馆等所有公共场所实行全面禁烟，在醒目位置张贴禁烟标志，落实控烟责任，带动全社会创建无烟环境。我们每个人都有向二手烟“不”的权利，拒绝吸烟、二手烟，争当爱国卫生运动志愿者、控烟劝导员和监督员，主动劝阻他人不在禁烟场所吸烟，带动身边人文明劝导、共促健康。让我们共同行动起来，从自身做起、从现在做起，追求文明健康的生活方式，拒绝烟草危害，欢度无烟佳节。王村乡爱卫办2024年1月8日",头条号,魅力王村,2024-01-08 10:21:25,http://www.toutiao.com/w/i7321546503942865434/,未知,控烟,中性,未知
202401011647,华艾品牌承办的国家老干部联谊会在京顺利召开,"title: 华艾品牌承办的国家老干部联谊会在京顺利召开 summary: 华艾品牌承办的国家老干部联谊会在京顺利召开华艾品牌于1月7日在北京举办了《迎新春*话健康国家老干部联谊会》活动，旨在倡导全民控烟，为创造无烟环境共同努力、倡导如何提高老干部睡眠质量，保障生活品质。 content: 华艾品牌于1月7日在北京举办了《迎新春*话健康国家老干部联谊会》活动，旨在倡导全民控烟，为创造无烟环境共同努力、倡导如何提高老干部睡眠质量，保障生活品质。""本次活动邀请了多位领导干部和行业专家，其中包括第十二届全国政协副主席刘晓峰、原卫生部部长高强、国家民委原副主任江家福、第十届全国政协常委陈虹、商务部原副部长周可仁、中国工程院院士俞梦孙等一大批为国家做出贡献的领导干部。""第十二届全国政协副主席刘晓峰致辞""原卫生部部长高强致辞""原国家卫生部副部长殷大奎致辞""海军航空兵原政委、少将李春明致辞""中国工程院院士俞梦孙致辞""华艾戒上品牌创始人、投资人吴帝聪代表承办单位致辞在本次活动中，吴帝聪发表了主题演讲，强调了控烟对于个人健康和社会发展的重要性，呼吁大家积极参与到控烟行动中来，为家人、朋友和社会的健康贡献一份力量。""同时，本次活动还举行了多场专家论坛和健康知识讲座，旨在提高公众对于健康生活的认识和意识。现场还展示了一系列关于无烟环境和控烟以及华艾的头疗精油产品的科普宣传材料，让更多人了解健康的重要性和具体行动。戒上品牌一直致力于倡导全民控烟，推广健康生活方式。本次活动的成功举办，标志着戒上品牌在控烟行动的路上又迈出了坚实的一步。相信在全社会的共同努力下，让天下无烟，让世界有爱，这个目标终将成为现实！",新浪号,健康知情,2024-01-08 09:45:19,http://k.sina.cn/article_7851434272_1d3fb612000101080k.html?from=news,未知,控烟,正面,未知
202401011654,"据最新发布的数据，中国吸烟率仍然居高不下，排名全球第一。据统计，在中国，吸烟者数量多达3亿人，占总人口的28%。而且令人担忧的是，其中不少人开始吸烟的年龄越来越年轻。
这个数据引起了广泛的热议，很多人都在探讨吸烟对身体和社会的危害，以及怎样实现控烟目标。吸烟不仅会导致肺癌等严重疾病，还会增加家庭和社会的负担。尤其对于未成年人来说，吸烟不仅有害健康，还会影响未来的发展前景。
为了减少吸烟造成的负面影响，吸烟者需要意识到吸烟对身体的危害，并积极采取行动改善自己的生活方式。政府也应该加大宣传教育力度，加强控烟政策的执行力度，推进烟草行业的改革。只有通过不断的努力和合作，才能减少吸烟率、减少吸烟带来的危害，让人们更加健康、幸福地生活。","title: 据最新发布的数据，中国吸烟率仍然居高不下，排名全球第一。据统计，在中国，吸烟者数量多达3亿人，占总人口的28%。而且令人担忧的是，其中不少人开始吸烟的年龄越来越年轻。 这个数据引起了广泛的热议，很多人都在探讨吸烟对身体和社会的危害，以及怎样实现控烟目标。吸烟不仅会导致肺癌等严重疾病，还会增加家庭和社会的负担。尤其对于未成年人来说，吸烟不仅有害健康，还会影响未来的发展前景。 为了减少吸烟造成的负面影响，吸烟者需要意识到吸烟对身体的危害，并积极采取行动改善自己的生活方式。政府也应该加大宣传教育力度，加强控烟政策的执行力度，推进烟草行业的改革。只有通过不断的努力和合作，才能减少吸烟率、减少吸烟带来的危害，让人们更加健康、幸福地生活。 summary: 据最新发布的数据，中国吸烟率仍然居高不下，排名全球第一。据统计，在中国，吸烟者数量多达3亿人，占总人口的28%。而且令人担忧的是，其中不少人开始吸烟的年龄越来越年轻。为了减少吸烟造成的负面影响，吸烟者需要意识到吸烟对身体的危害，并积极采取行动改善自己的生活方式。 content: 据最新发布的数据，中国吸烟率仍然居高不下，排名全球第一。据统计，在中国，吸烟者数量多达3亿人，占总人口的28%。而且令人担忧的是，其中不少人开始吸烟的年龄越来越年轻。 这个数据引起了广泛的热议，很多人都在探讨吸烟对身体和社会的危害，以及怎样实现控烟目标。吸烟不仅会导致肺癌等严重疾病，还会增加家庭和社会的负担。尤其对于未成年人来说，吸烟不仅有害健康，还会影响未来的发展前景。 为了减少吸烟造成的负面影响，吸烟者需要意识到吸烟对身体的危害，并积极采取行动改善自己的生活方式。政府也应该加大宣传教育力度，加强控烟政策的执行力度，推进烟草行业的改革。只有通过不断的努力和合作，才能减少吸烟率、减少吸烟带来的危害，让人们更加健康、幸福地生活。 """,微头条,小盼最爱头条,2024-01-08 09:21:50,http://www.toutiao.com/w/i1787479831370756/,未知,控烟,正面,未知
202401011661,"
全球吸烟率排名显示，近年来吸烟问题备受关注，社交圈内似乎有越来越多的人加入了吸烟行列。针对中国的吸烟数据，让我们一同探索这个全球吸烟大国的排名。
根据最新的统计数据，中国在全球吸烟率中位居较高位置，成为世界上吸烟人口众多的国家之一。这一现象引发了人们对于控烟目标的深刻思考。在社交媒体上，关于吸烟的讨论愈发热烈，烟民们也纷纷参与其中，分享彼此的经验和看法。
在探讨吸烟问题时，我们不能忽视全球各地对控烟目标的共同努力。各国政府和社会组织纷纷制定政策和倡议，旨在减少吸烟率，改善公众健康。这种全球性的努力需要我们共同参与，为实现控烟目标贡献力量。
总体而言，全球吸烟率排名凸显了吸烟问题的严峻性，也呼吁社会各界共同努力，促使更多人意识到吸烟的危害，从而共同致力于创造一个更加健康的未来。 #吸烟数据排行# #烟民的热议# #控烟目标#

","title: 全球吸烟率排名显示，近年来吸烟问题备受关注，社交圈内似乎有越来越多的人加入了吸烟行列。针对中国的吸烟数据，让我们一同探索这个全球吸烟大国的排名。 根据最新的统计数据，中国在全球吸烟率中位居较高位置，成为世界上吸烟人口众多的国家之一。这一现象引发了人们对于控烟目标的深刻思考。在社交媒体上，关于吸烟的讨论愈发热烈，烟民们也纷纷参与其中，分享彼此的经验和看法。 在探讨吸烟问题时，我们不能忽视全球各地对控烟目标的共同努力。各国政府和社会组织纷纷制定政策和倡议，旨在减少吸烟率，改善公众健康。这种全球性的努力需要我们共同参与，为实现控烟目标贡献力量。 总体而言，全球吸烟率排名凸显了吸烟问题的严峻性，也呼吁社会各界共同努力，促使更多人意识到吸烟的危害，从而共同致力于创造一个更加健康的未来。 #吸烟数据排行# #烟民的热议# #控烟目标# summary: 全球吸烟率排名显示，近年来吸烟问题备受关注，社交圈内似乎有越来越多的人加入了吸烟行列。针对中国的吸烟数据，让我们一同探索这个全球吸烟大国的排名。#吸烟数据排行##烟民的热议##控烟目标#. content: 全球吸烟率排名显示，近年来吸烟问题备受关注，社交圈内似乎有越来越多的人加入了吸烟行列。针对中国的吸烟数据，让我们一同探索这个全球吸烟大国的排名。 根据最新的统计数据，中国在全球吸烟率中位居较高位置，成为世界上吸烟人口众多的国家之一。这一现象引发了人们对于控烟目标的深刻思考。在社交媒体上，关于吸烟的讨论愈发热烈，烟民们也纷纷参与其中，分享彼此的经验和看法。 在探讨吸烟问题时，我们不能忽视全球各地对控烟目标的共同努力。各国政府和社会组织纷纷制定政策和倡议，旨在减少吸烟率，改善公众健康。这种全球性的努力需要我们共同参与，为实现控烟目标贡献力量。 总体而言，全球吸烟率排名凸显了吸烟问题的严峻性，也呼吁社会各界共同努力，促使更多人意识到吸烟的危害，从而共同致力于创造一个更加健康的未来。 #吸烟数据排行# #烟民的热议# #控烟目标# """,微头条,孙姐有说话,2024-01-08 09:16:13,http://www.toutiao.com/w/i1787482942980195/,未知,控烟,正面,未知
202401011676,冬季控烟｜共享无烟生活，共创健康北京,"title: 冬季控烟｜共享无烟生活，共创健康北京 summary: 冬季控烟｜共享无烟生活，共创健康北京 content: """"",百家号,北京市健宫医院,2024-01-08 08:49:25,http://baijiahao.baidu.com/s?id=1787481256588528547,未知,控烟,中性,未知
202401011698,用户5007593826255：#视频聊天 我表会用鼻孔抽烟！#我小弟 #视频电话 #气氛到了陪一根 #控烟达人,title: 用户5007593826255：#视频聊天 我表会用鼻孔抽烟！#我小弟 #视频电话 #气氛到了陪一根 #控烟达人 summary: #视频聊天我表会用鼻孔抽烟！ content: #视频聊天 我表会用鼻孔抽烟！#我小弟 #视频电话 #气氛到了陪一根 #控烟达人,微头条,用户5007593826255,2024-01-08 00:59:58,http://www.toutiao.com/w/7321401982390963482/,未知,控烟,中性,未知
202401011133,创建无烟学校建设工作材料台账校园控烟工作资料方案总结,"title: 创建无烟学校建设工作材料台账校园控烟工作资料方案总结 summary: 创建无烟学校建设工作材料台账校园控烟工作资料方案总结#无烟校园#。切实加强党政机关内各场所禁止吸烟工作的管理，推动无烟学校的创建，促进文明健康生活方式养成，逐步降低吸烟率和吸烟量，提高学校干部职工队伍素质，优化XX城市文明形象及学校风貌。更多无烟校园迎检材料后台咨询............ content: #无烟校园#一、指导思想深入学习贯彻《关于领导干部带头在公共场所禁烟有关事项的通知》精神，以提高广大干部职工的身体健康为目标，营造良好的工作环境，以省级卫生县城为载体，积极开展全县党政机关控制吸烟活动。切实加强党政机关内各场所禁止吸烟工作的管理，推动无烟学校的创建，促进文明健康生活方式养成，逐步降低吸烟率和吸烟量，提高学校干部职工队伍素质，优化XX城市文明形象及学校风貌。二、实施范围全校范围内的各处室均列为本次创建活动范围。三、工作目标无烟学校创建不仅有利于营造清新的工作环境，保护学校工作人员的身体健康，而且是向社会展示学校良好形象的重要内容之一。通过开展无烟学校创建，无烟环境的建设，进而形成全民控烟、戒烟的良好氛围，倡导健康生活方式，促进人民群众身心健康。确保健康中国行动控烟行动中“到2024年底基本实现全国各级党政机关建设成无烟党政机关，并持续保持”的目标如期实现。更多无烟校园迎检材料 后台咨询............""",头条号,小芹菜课程,2024-01-07 22:01:53,http://www.toutiao.com/article/7321355728277996051/,未知,控烟、戒烟,中性,未知
202401011147,"
全球吸烟率排名一直备受关注，尤其是身边似乎有越来越多的人加入了烟民的行列。让我们看一下中国在这一排行榜中的位置。
根据最新的吸烟数据排行，中国的吸烟率在全球范围内依然相对较高，这也反映了一部分人对于烟草的偏好。吸烟数据的排名引发了人们对于控烟目标的关注和热议。
在控烟目标的背景下，我们应该认识到吸烟对个人和社会健康的危害。吸烟不仅增加了患各类疾病的风险，也对周围的人造成了二手烟的危害。因此，控烟不仅仅是个人行为的问题，更是一个社会层面的挑战。
通过关注全球吸烟率排名，我们可以更好地认识到这一问题的普遍性，并鼓励更多的人加入到控烟目标的行列中。毕竟，一个健康的社会需要每个人的共同努力，以保护自己和他人的身体健康。
","title: 全球吸烟率排名一直备受关注，尤其是身边似乎有越来越多的人加入了烟民的行列。让我们看一下中国在这一排行榜中的位置。 根据最新的吸烟数据排行，中国的吸烟率在全球范围内依然相对较高，这也反映了一部分人对于烟草的偏好。吸烟数据的排名引发了人们对于控烟目标的关注和热议。 在控烟目标的背景下，我们应该认识到吸烟对个人和社会健康的危害。吸烟不仅增加了患各类疾病的风险，也对周围的人造成了二手烟的危害。因此，控烟不仅仅是个人行为的问题，更是一个社会层面的挑战。 通过关注全球吸烟率排名，我们可以更好地认识到这一问题的普遍性，并鼓励更多的人加入到控烟目标的行列中。毕竟，一个健康的社会需要每个人的共同努力，以保护自己和他人的身体健康。 summary: 全球吸烟率排名一直备受关注，尤其是身边似乎有越来越多的人加入了烟民的行列。让我们看一下中国在这一排行榜中的位置。根据最新的吸烟数据排行，中国的吸烟率在全球范围内依然相对较高，这也反映了一部分人对于烟草的偏好。毕竟，一个健康的社会需要每个人的共同努力，以保护自己和他人的身体健康。 content: 全球吸烟率排名一直备受关注，尤其是身边似乎有越来越多的人加入了烟民的行列。让我们看一下中国在这一排行榜中的位置。 根据最新的吸烟数据排行，中国的吸烟率在全球范围内依然相对较高，这也反映了一部分人对于烟草的偏好。吸烟数据的排名引发了人们对于控烟目标的关注和热议。 在控烟目标的背景下，我们应该认识到吸烟对个人和社会健康的危害。吸烟不仅增加了患各类疾病的风险，也对周围的人造成了二手烟的危害。因此，控烟不仅仅是个人行为的问题，更是一个社会层面的挑战。 通过关注全球吸烟率排名，我们可以更好地认识到这一问题的普遍性，并鼓励更多的人加入到控烟目标的行列中。毕竟，一个健康的社会需要每个人的共同努力，以保护自己和他人的身体健康。 """,微头条,你好加油66666,2024-01-07 21:10:30,http://www.toutiao.com/w/i1787437284407300/,未知,控烟,正面,未知
202401011162,"印尼和缅甸抽烟比例均超过70%，高居榜首；中国和印度分别为47.7%和42%。这些数字显示了吸烟在亚洲仍然是一个普遍存在的问题。
在吸烟问题上，不同国家的法律有着明显的差异。在一些国家，公共场所吸烟被严格禁止。若有意去国外旅游，了解当地的法规至关重要。
新加坡的法律尤为严格，大街上的辱骂行为，或者随地吐痰，都被视为重罪，会受到严厉处罚甚至监禁。公共场合吸烟更是被视为重罪。这突显了社会对行为规范的高度重视和强制执行。
这些数据和法律的背后，反映出不同国家对健康和公共秩序的不同关注程度。执法严格的国家努力保障公民的健康和社会的安宁。而吸烟率较高的国家，则需要更多的教育和控烟政策的支持，以降低吸烟率，保障公众健康。
各国的法规和吸烟率反映了其对健康和社会秩序的态度和重视程度。我们需要更多的跨国合作和经验分享，来共同解决全球吸烟问题。
素材源于网络，侵删，欢迎转发评论！#泰国烟民看过来# #印尼火车出事了# #缅北再次烽烟# #亚洲最需要什么# #戒社会化概念化# #斯里兰卡下令# #避开缅北的混战# #国民性是何物？# #思考缅北未来# #印度那些奇葩事#","title: 印尼和缅甸抽烟比例均超过70%，高居榜首；中国和印度分别为47.7%和42%。这些数字显示了吸烟在亚洲仍然是一个普遍存在的问题。 在吸烟问题上，不同国家的法律有着明显的差异。在一些国家，公共场所吸烟被严格禁止。若有意去国外旅游，了解当地的法规至关重要。 新加坡的法律尤为严格，大街上的辱骂行为，或者随地吐痰，都被视为重罪，会受到严厉处罚甚至监禁。公共场合吸烟更是被视为重罪。这突显了社会对行为规范的高度重视和强制执行。 这些数据和法律的背后，反映出不同国家对健康和公共秩序的不同关注程度。执法严格的国家努力保障公民的健康和社会的安宁。而吸烟率较高的国家，则需要更多的教育和控烟政策的支持，以降低吸烟率，保障公众健康。 各国的法规和吸烟率反映了其对健康和社会秩序的态度和重视程度。我们需要更多的跨国合作和经验分享，来共同解决全球吸烟问题。 素材源于网络，侵删，欢迎转发评论！#泰国烟民看过来# #印尼火车出事了# #缅北再次烽烟# #亚洲最需要什么# #戒社会化概念化# #斯里兰卡下令# #避开缅北的混战# #国民性是何物？# #思考缅北未来# #印度那些奇葩事# summary: 印尼和缅甸抽烟比例均超过70%，高居榜首。中国和印度分别为47.7%和42%。这些数字显示了吸烟在亚洲仍然是一个普遍存在的问题。而吸烟率较高的国家，则需要更多的教育和控烟政策的支持，以降低吸烟率，保障公众健康。##思考缅北未来##印度那些奇葩事#. content: 印尼和缅甸抽烟比例均超过70%，高居榜首；中国和印度分别为47.7%和42%。这些数字显示了吸烟在亚洲仍然是一个普遍存在的问题。 在吸烟问题上，不同国家的法律有着明显的差异。在一些国家，公共场所吸烟被严格禁止。若有意去国外旅游，了解当地的法规至关重要。 新加坡的法律尤为严格，大街上的辱骂行为，或者随地吐痰，都被视为重罪，会受到严厉处罚甚至监禁。公共场合吸烟更是被视为重罪。这突显了社会对行为规范的高度重视和强制执行。 这些数据和法律的背后，反映出不同国家对健康和公共秩序的不同关注程度。执法严格的国家努力保障公民的健康和社会的安宁。而吸烟率较高的国家，则需要更多的教育和控烟政策的支持，以降低吸烟率，保障公众健康。 各国的法规和吸烟率反映了其对健康和社会秩序的态度和重视程度。我们需要更多的跨国合作和经验分享，来共同解决全球吸烟问题。 素材源于网络，侵删，欢迎转发评论！#泰国烟民看过来# #印尼火车出事了# #缅北再次烽烟# #亚洲最需要什么# #戒社会化概念化# #斯里兰卡下令# #避开缅北的混战# #国民性是何物？# #思考缅北未来# #印度那些奇葩事# """,微头条,静水说,2024-01-07 20:49:57,http://www.toutiao.com/w/i1787368133394500/,未知,控烟,正面,未知
202401011184,"每抽一包烟短命六小时。
据统计，烟民人均预期寿命为68岁，而非吸烟者人均预期寿命为80岁，也就是说烟民相比非吸烟者要平均少活12年。基于中国控烟协会的数据，中国烟民开始常规吸烟的平均年龄为20岁，平均烟量为每天一包，只需要掌握小学数学能力就能计算出每抽一包烟对预期寿命的影响。
从20岁开始常规吸烟到68岁死于吸烟，烟民平均抽烟48年，抽烟48年一共抽掉了多少包烟？48年*365天*1包=17250包烟。少活12年一共少活了多少个小时？12年*365天*24小时=105120小时。
最后再做一个除法：105120/17520=6，也就是说烟民每抽一包烟相当于短命六个小时。
如果觉得每抽一包短命六小时无所谓，那就当我没说。但如果听懂了、醒悟了，打算戒烟了，那么欢迎来找我。我是戒烟之王不羁先生，两年内已经帮助两万人成功戒烟。
点颗红心加关注，让我带你轻松戒烟。","title: 每抽一包烟短命六小时。 据统计，烟民人均预期寿命为68岁，而非吸烟者人均预期寿命为80岁，也就是说烟民相比非吸烟者要平均少活12年。基于中国控烟协会的数据，中国烟民开始常规吸烟的平均年龄为20岁，平均烟量为每天一包，只需要掌握小学数学能力就能计算出每抽一包烟对预期寿命的影响。 从20岁开始常规吸烟到68岁死于吸烟，烟民平均抽烟48年，抽烟48年一共抽掉了多少包烟？48年*365天*1包=17250包烟。少活12年一共少活了多少个小时？12年*365天*24小时=105120小时。 最后再做一个除法：105120/17520=6，也就是说烟民每抽一包烟相当于短命六个小时。 如果觉得每抽一包短命六小时无所谓，那就当我没说。但如果听懂了、醒悟了，打算戒烟了，那么欢迎来找我。我是戒烟之王不羁先生，两年内已经帮助两万人成功戒烟。 点颗红心加关注，让我带你轻松戒烟。 summary: 据统计，烟民人均预期寿命为68岁，而非吸烟者人均预期寿命为80岁，也就是说烟民相比非吸烟者要平均少活12年。基于中国控烟协会的数据，中国烟民开始常规吸烟的平均年龄为20岁，平均烟量为每天一包，只需要掌握小学数学能力就能计算出每抽一包烟对预期寿命的影响。 content: 每抽一包烟短命六小时。 据统计，烟民人均预期寿命为68岁，而非吸烟者人均预期寿命为80岁，也就是说烟民相比非吸烟者要平均少活12年。基于中国控烟协会的数据，中国烟民开始常规吸烟的平均年龄为20岁，平均烟量为每天一包，只需要掌握小学数学能力就能计算出每抽一包烟对预期寿命的影响。 从20岁开始常规吸烟到68岁死于吸烟，烟民平均抽烟48年，抽烟48年一共抽掉了多少包烟？48年*365天*1包=17250包烟。少活12年一共少活了多少个小时？12年*365天*24小时=105120小时。 最后再做一个除法：105120/17520=6，也就是说烟民每抽一包烟相当于短命六个小时。 如果觉得每抽一包短命六小时无所谓，那就当我没说。但如果听懂了、醒悟了，打算戒烟了，那么欢迎来找我。我是戒烟之王不羁先生，两年内已经帮助两万人成功戒烟。 点颗红心加关注，让我带你轻松戒烟。 "" """,微头条,鳌峰侠,2024-01-07 18:53:20,http://www.toutiao.com/w/i1787428655128683/,未知,控烟、戒烟,正面,未知
202401011199,禁烟🚭控烟手抄报，吸烟有害健康,"title: 禁烟🚭控烟手抄报，吸烟有害健康 summary: #手抄报模板#手抄报线稿#小学生手抄报#小学生手抄报素材#手抄报代画#控烟禁烟主题绘画#禁烟手抄报#禁烟控烟#世界禁烟日#禁烟控烟儿童画. content: 💜💜不要在公共场所吸烟，在家中尽可能少吸烟、不吸烟。 💜💜去学校一定不吸烟，吸烟时要避开非吸烟者，以防他人吸食""二手烟""。 💜💜不在孩子面前吸烟。 💜💜让我们立即行动🤝起来，从我做起，拒绝烟草，控制吸烟，减少危害，珍爱生命。 #手抄报模板#手抄报线稿#小学生手抄报#小学生手抄报素材#手抄报代画#控烟禁烟主题绘画#禁烟手抄报#禁烟控烟#世界禁烟日#禁烟控烟儿童画",小红书,傻猪妹手抄报,2024-01-07 18:37:00,http://www.xiaohongshu.com/discovery/item/659a7efb00000000130349ee,未知,控烟,中性,未知
202401011206,幼儿园创建无烟校园,title: 幼儿园创建无烟校园 summary: 幼儿园创建无烟校园控烟监督检查员工作记录表无烟学校建设倡议书幼儿园创建无烟校园活动方案幼儿园创建无烟校园活动总结简报：创建无烟校园。 content: 控烟监督检查员工作记录表 无烟学校建设倡议书 幼儿园创建“无烟校园”活动方案 幼儿园创建“无烟校园”活动总结 简报：创建无烟校园，我们在行动 幼儿园控烟规章制度 幼儿园创建“无烟校园”自评报告 幼儿园教师无烟学习记录表 幼儿园无烟环境布置图片 幼儿园创建无烟学校—为吸烟教职工提供戒烟服务信息篇 幼儿园控烟监督员公示 幼儿园控烟考核办法及奖惩制度 幼儿园控烟宣传教育公示 幼儿园控烟宣传情况汇报 幼儿园劝阻吸烟工作记录 幼儿园无烟学校启动会活动简报 幼儿园小班安全教育主题班会暨控烟知识培训活动方案 公共场所禁烟标识 戒烟禁烟宣传海报（可编辑版） 戒烟禁烟宣传海报（图片版） 禁止吸烟标识（可编辑版） 禁止吸烟提示牌（可编辑版） 控烟法律法规培训PPT 控烟法律法规培训简报 控烟-国旗下讲话 控烟监督检查员工作记录表 控烟监督检查员培训简报 世界无烟日手抄报模板（可编辑版） 世界无烟日手抄报模板（图片版） 世界无烟日校园广播稿-怎样拒绝吸烟 温馨提示：禁止吸烟海报 无烟校园管理制度 无烟学校创建工作联络员信息统计表 无烟学校管理规定模板 无烟学校建设申报表 无烟学校建设倡议书 无烟学校建设申报表 无烟学校建设指南 无烟学校领导小组及办公室工作制度 小X班禁烟教案 小X班线上禁烟教育宣传简报 小X班宣传禁烟简报 职工吸烟情况统计表 中X班控烟宣传简报 #幼儿园创建无烟校园#幼儿园创建无烟校园工作计划#幼儿园创建无烟校园资料#幼儿园无烟校园资料包#园长必备#园长资料#幼教资源分享,小红书,小鱼呆呆脑,2024-01-07 18:30:00,http://www.xiaohongshu.com/discovery/item/659a7d3b000000001101b1dd,未知,控烟、戒烟,中性,未知
202401011213,隔壁桌在抽烟，我该怎么办？,title: 隔壁桌在抽烟，我该怎么办？ summary: 隔壁桌在抽烟，我该怎么办？ content: 隔壁桌在抽烟，在墙上看到这个，我要是打了电话会怎样？ #上海控烟,小红书,春哥1998,2024-01-07 18:05:00,http://www.xiaohongshu.com/discovery/item/659a777e000000001101997c,未知,控烟,中性,未知
202401011228,什么是真正的戒烟与戒酒？,"title: 什么是真正的戒烟与戒酒？ summary: 什么是真正的戒烟与戒酒？控烟与节酒：超越杜绝的戒之境界。在许多人的观念中，戒烟和戒酒似乎意味着一刀切的彻底杜绝，然而这种理解其实是大错特错。戒酒的真谛在于自我节制，我明白饮酒的危害，知道一旦过量后果不堪设想。只有这样我们才能在人生的道路上坚定前行成为真正的真男人。 content: 控烟与节酒：超越杜绝的戒之境界。在许多人的观念中，戒烟和戒酒似乎意味着一刀切的彻底杜绝，然而这种理解其实是大错特错。那么什么是真正的戒烟与戒酒？·首先对于戒烟来说真正的含义并非一根都不抽动。戒烟的真正境界在于自我控制，即使周围满是烟草的诱惑我仍能坚守自我，不为所动。想抽的时候我可以抽，但在没有烟的时候我不会感到焦虑或不适，更不会陷入对烟草的痴迷。这样的我才能在烟瘾发作时果断地放下烟恢复清醒的自我。""·同样戒酒也不等于一口都不喝。戒酒的真谛在于自我节制，我明白饮酒的危害，知道一旦过量后果不堪设想。因此在饮酒时我能控制自己的量做到适可而止，即使美酒当前我也能在感觉到酒意上头之前果断放下酒杯保护自己的理智与健康。""我们必须明白真正的戒绝并非一味的杜绝，而是对自我欲望的控制。人生在世能有多长？如果一味地压制自己的欲望不抽烟不喝酒，那生活的乐趣岂不荡然无存？关键在于我们要学会在享受与健康之间找到平衡，用理智去驾驭欲望。只有这样我们才能在人生的道路上坚定前行成为真正的真男人。",头条号,转圈瞎溜达,2024-01-07 15:22:57,http://www.toutiao.com/w/i7321253509331304979/,未知,戒烟、控烟,中性,未知
202401011249,❤️❤️ 广东省深圳市无烟项目启动会 全民控烟时代已来临，你看懂了吗？,title: ❤️❤️ 广东省深圳市无烟项目启动会 全民控烟时代已来临，你看懂了吗？ summary: ❤ ️ ❤ ️广东省深圳市无烟项目启动会全民控烟时代已来临，你看懂了吗？ content: ❤️❤️ 广东省深圳市无烟项目启动会 全民控烟时代已来临，你看懂了吗？,小红书,小红薯654E0032,2024-01-07 14:06:00,http://www.xiaohongshu.com/discovery/item/659a3f800000000015002499,未知,控烟,中性,未知
202401011263,国家老干部联谊会在京顺利召开吴帝聪发表致辞,"title: 国家老干部联谊会在京顺利召开吴帝聪发表致辞 summary: 国家老干部联谊会在京顺利召开吴帝聪发表致辞华艾戒上品牌于1月7日在北京举办了《迎新春*话健康国家老干部联谊会》活动，旨在倡导全民控烟，为创造无烟环境共同努力、倡导如何提高老干部睡眠质量，保障生活品质。 content: 华艾戒上品牌于1月7日在北京举办了《迎新春*话健康国家老干部联谊会》活动，旨在倡导全民控烟，为创造无烟环境共同努力、倡导如何提高老干部睡眠质量，保障生活品质。""本次活动邀请了多位领导干部和行业专家，其中包括第十二届全国政协副主席刘晓峰、原卫生部部长高强、国家民委原副主任江家福、第十届全国政协常委陈虹、商务部原副部长周可仁、中国工程院院士俞梦孙等一大批为国家做出贡献的领导干部。""第十二届全国政协副主席刘晓峰致辞""原卫生部部长高强致辞""原国家卫生部副部长殷大奎致辞""海军航空兵原政委、少将李春明致辞""中国工程院院士俞梦孙致辞""华艾戒上品牌创始人、投资人吴帝聪代表承办单位致辞在本次活动中，吴帝聪发表了主题演讲，强调了控烟对于个人健康和社会发展的重要性，呼吁大家积极参与到控烟行动中来，为家人、朋友和社会的健康贡献一份力量。""同时，本次活动还举行了多场专家论坛和健康知识讲座，旨在提高公众对于健康生活的认识和意识。现场还展示了一系列关于无烟环境和控烟以及华艾的头疗精油产品的科普宣传材料，让更多人了解健康的重要性和具体行动。戒上品牌一直致力于倡导全民控烟，推广健康生活方式。本次活动的成功举办，标志着戒上品牌在控烟行动的路上又迈出了坚实的一步。相信在全社会的共同努力下，让天下无烟，让世界有爱，这个目标终将成为现实！",新浪号,金融报在线,2024-01-07 13:19:56,http://k.sina.cn/article_7876325083_1d5772edb001015g68.html?from=news,未知,控烟,正面,未知
202401011277,"在近期的一次公开活动中，知名教授王某某被拍到在公共场合吸烟，引起了一场舆论风暴。控烟人士认为，无论是普通市民还是公众人物，都应该遵守吸烟规定，不得逾越法律底线。
在这个社会上，我们应该看到，已经有大量的吸烟公共场所被禁止吸烟的规定。这不仅是为了保护非吸烟者的健康，还是为了让吸烟者养成健康的生活习惯。然而，王某某却置这些规定于不顾，在公共场合吸烟，无疑是不可容忍的。
作为一名知名教授，王某某不仅仅代表了自己，还代表了一定的社会形象。吸烟行为不仅影响到自己的身体健康，更是给其他人带来了负面影响。他的这种行为，不仅违反了法律法规，更说明其对社会的责任感不整齐，且亵渎了公共场合的环境和规范。
控烟人士认为，公众人物和普通人一样，都应该遵守吸烟规定。他们担任的职务已经使其成为了公共形象的代表，他们的行为必须符合公共形象的要求。如果公众人物违反吸烟规定，这将会收到更大的社会责备，这是不可避免的。
总之，无论谁在公共场合吸烟，都会受到舆论的指责。在这个控烟的时代，我们应该让这些规定成为我们的生活习惯，保护自己和其他人的身心健康。至于本次事件的主角王某某，希望他能及时意识到自己的错误，改掉不良习惯，永远成为公众场合的典范。
#如何才能戒烟？# #戒烟真的难吗？# #戒烟的的事儿# #吸烟问题# #你戒烟了吗？# #吸烟的好处# #如何科学戒烟# #如何戒烟最科学# #你戒烟了吗？！# #你准备戒烟了吗#","title: 在近期的一次公开活动中，知名教授王某某被拍到在公共场合吸烟，引起了一场舆论风暴。控烟人士认为，无论是普通市民还是公众人物，都应该遵守吸烟规定，不得逾越法律底线。 在这个社会上，我们应该看到，已经有大量的吸烟公共场所被禁止吸烟的规定。这不仅是为了保护非吸烟者的健康，还是为了让吸烟者养成健康的生活习惯。然而，王某某却置这些规定于不顾，在公共场合吸烟，无疑是不可容忍的。 作为一名知名教授，王某某不仅仅代表了自己，还代表了一定的社会形象。吸烟行为不仅影响到自己的身体健康，更是给其他人带来了负面影响。他的这种行为，不仅违反了法律法规，更说明其对社会的责任感不整齐，且亵渎了公共场合的环境和规范。 控烟人士认为，公众人物和普通人一样，都应该遵守吸烟规定。他们担任的职务已经使其成为了公共形象的代表，他们的行为必须符合公共形象的要求。如果公众人物违反吸烟规定，这将会收到更大的社会责备，这是不可避免的。 总之，无论谁在公共场合吸烟，都会受到舆论的指责。在这个控烟的时代，我们应该让这些规定成为我们的生活习惯，保护自己和其他人的身心健康。至于本次事件的主角王某某，希望他能及时意识到自己的错误，改掉不良习惯，永远成为公众场合的典范。 #如何才能戒烟？# #戒烟真的难吗？# #戒烟的的事儿# #吸烟问题# #你戒烟了吗？# #吸烟的好处# #如何科学戒烟# #如何戒烟最科学# #你戒烟了吗？！# #你准备戒烟了吗# summary: 在近期的一次公开活动中，知名教授王某某被拍到在公共场合吸烟，引起了一场舆论风暴。控烟人士认为，无论是普通市民还是公众人物，都应该遵守吸烟规定，不得逾越法律底线。在这个社会上，我们应该看到，已经有大量的吸烟公共场所被禁止吸烟的规定。这不仅是为了保护非吸烟者的健康，还是为了让吸烟者养成健康的生活习惯。 content: 在近期的一次公开活动中，知名教授王某某被拍到在公共场合吸烟，引起了一场舆论风暴。控烟人士认为，无论是普通市民还是公众人物，都应该遵守吸烟规定，不得逾越法律底线。 在这个社会上，我们应该看到，已经有大量的吸烟公共场所被禁止吸烟的规定。这不仅是为了保护非吸烟者的健康，还是为了让吸烟者养成健康的生活习惯。然而，王某某却置这些规定于不顾，在公共场合吸烟，无疑是不可容忍的。 作为一名知名教授，王某某不仅仅代表了自己，还代表了一定的社会形象。吸烟行为不仅影响到自己的身体健康，更是给其他人带来了负面影响。他的这种行为，不仅违反了法律法规，更说明其对社会的责任感不整齐，且亵渎了公共场合的环境和规范。 控烟人士认为，公众人物和普通人一样，都应该遵守吸烟规定。他们担任的职务已经使其成为了公共形象的代表，他们的行为必须符合公共形象的要求。如果公众人物违反吸烟规定，这将会收到更大的社会责备，这是不可避免的。 总之，无论谁在公共场合吸烟，都会受到舆论的指责。在这个控烟的时代，我们应该让这些规定成为我们的生活习惯，保护自己和其他人的身心健康。至于本次事件的主角王某某，希望他能及时意识到自己的错误，改掉不良习惯，永远成为公众场合的典范。 #如何才能戒烟？# #戒烟真的难吗？# #戒烟的的事儿# #吸烟问题# #你戒烟了吗？# #吸烟的好处# #如何科学戒烟# #如何戒烟最科学# #你戒烟了吗？！# #你准备戒烟了吗# """,微头条,angle橘,2024-01-07 11:59:26,http://www.toutiao.com/w/i1787357343034379/,未知,控烟、戒烟,正面,未知
202401011299,禁烟控烟手抄报，禁烟主题线稿🉑分享,title: 禁烟控烟手抄报，禁烟主题线稿🉑分享 summary: 小伙伴一起努力吧✨#吸烟有害健康#吸烟有害健康请尽早戒烟#拒绝吸烟#青少年禁止吸烟#禁止吸烟#手抄报线稿可打印#手抄报线稿#小学生手抄报#手抄报作业。 content: 吸烟有害身体健康，这是人人熟悉的一句宣传语，吸烟不但自己受害，而且也会危害他人，对生长发育的少年儿童而言，吸烟对身体发育有很大的影响，我们一起倡导无烟的未来，小伙伴一起努力吧✨ #吸烟有害健康#吸烟有害健康请尽早戒烟#拒绝吸烟#青少年禁止吸烟#禁止吸烟#手抄报线稿可打印#手抄报线稿#小学生手抄报#手抄报作业,小红书,傻猪妹手抄报,2024-01-07 11:03:00,http://www.xiaohongshu.com/discovery/item/659a1463000000001200ae24,未知,控烟、戒烟,中性,未知
202401011306,"#我的2024# 香烟行情，究竟如何？

最近，十多元一包的香烟涨价成为了一个非常热门的话题。尽管不知道究竟是哪些因素导致的，但它的涨势却一发不可收拾，快速接近了大多数人的承受极限。而二十元以上的高价烟却相对稳定，甚至有些品牌的价格还在下降，毕竟大家都知道这不是一个春天。感觉目前的控烟工作还是有一定的成效，如果持续保持现状，戒烟人数将会有一个大幅度提升。那么你对这种趋势有什么看法呢？

我们都知道，戒烟固然有益健康，但香烟的销售对于一些地方的经济发展非常重要。因此，有必要找到一种平衡点，既能够保障大家的健康，又能够促进经济的发展。或许，制定一些合理的税收政策是个不错的选择。在这个问题上，我们需要权衡各种利益，并且寻找一种持续的控烟方式。
#记录我的2024##这样操作烟好卖# #烟草行业有多牛# #坚持不买烟# #利群一盒难求# #探讨戒烟之艰辛# #戒烟真的难吗？# #烟有保质期吗# #你已戒烟了吗# #每天认识一种烟# #烟草发福利了#","title: #我的2024# 香烟行情，究竟如何？ 最近，十多元一包的香烟涨价成为了一个非常热门的话题。尽管不知道究竟是哪些因素导致的，但它的涨势却一发不可收拾，快速接近了大多数人的承受极限。而二十元以上的高价烟却相对稳定，甚至有些品牌的价格还在下降，毕竟大家都知道这不是一个春天。感觉目前的控烟工作还是有一定的成效，如果持续保持现状，戒烟人数将会有一个大幅度提升。那么你对这种趋势有什么看法呢？ 我们都知道，戒烟固然有益健康，但香烟的销售对于一些地方的经济发展非常重要。因此，有必要找到一种平衡点，既能够保障大家的健康，又能够促进经济的发展。或许，制定一些合理的税收政策是个不错的选择。在这个问题上，我们需要权衡各种利益，并且寻找一种持续的控烟方式。 #记录我的2024##这样操作烟好卖# #烟草行业有多牛# #坚持不买烟# #利群一盒难求# #探讨戒烟之艰辛# #戒烟真的难吗？# #烟有保质期吗# #你已戒烟了吗# #每天认识一种烟# #烟草发福利了# summary: #我的2024#香烟行情，究竟如何？我们都知道，戒烟固然有益健康，但香烟的销售对于一些地方的经济发展非常重要。#记录我的2024##这样操作烟好卖##烟草行业有多牛##坚持不买烟##利群一盒难求##探讨戒烟之艰辛##戒烟真的难吗？##烟有保质期吗##你已戒烟了吗##每天认识一种烟##烟草发福利了#. content: #我的2024# 香烟行情，究竟如何？ 最近，十多元一包的香烟涨价成为了一个非常热门的话题。尽管不知道究竟是哪些因素导致的，但它的涨势却一发不可收拾，快速接近了大多数人的承受极限。而二十元以上的高价烟却相对稳定，甚至有些品牌的价格还在下降，毕竟大家都知道这不是一个春天。感觉目前的控烟工作还是有一定的成效，如果持续保持现状，戒烟人数将会有一个大幅度提升。那么你对这种趋势有什么看法呢？ 我们都知道，戒烟固然有益健康，但香烟的销售对于一些地方的经济发展非常重要。因此，有必要找到一种平衡点，既能够保障大家的健康，又能够促进经济的发展。或许，制定一些合理的税收政策是个不错的选择。在这个问题上，我们需要权衡各种利益，并且寻找一种持续的控烟方式。 #记录我的2024##这样操作烟好卖# #烟草行业有多牛# #坚持不买烟# #利群一盒难求# #探讨戒烟之艰辛# #戒烟真的难吗？# #烟有保质期吗# #你已戒烟了吗# #每天认识一种烟# #烟草发福利了# """,微头条,谢小歪,2024-01-07 10:33:58,http://www.toutiao.com/w/i1787394287755332/,未知,控烟、戒烟,正面,未知
202401011312,"
2024年，香烟市场风起云涌。十多块一包的烟价格屡创新高，而二十以上的烟却相对平稳。或许是控烟政策的推动，曾经百元一包的香烟基本跌至80元。这不禁让人思索，控烟势在必行，戒烟或将成为大势所趋。在这烟市波动之际，你是否感受到了各种涨跌之间的深意？
烟草市场风云变幻，价格波动或许是控烟政策的直接影响。十多块一包的烟节节攀升，而高价烟却相对保持平稳。或许这是时代的变迁，控烟将成为不可逆转的趋势。你是否思考过这一变革对我们的生活和习惯将带来怎样的影响？
回望过去，曾经昂贵的香烟如今降价，控烟或成为新的社会风向标。面对这一趋势，我们能否从中找到新的生活方式，适应这场社会变革？香烟价格的变动，是否将成为我们重新审视健康与生活的契机？
总的来说，香烟市场的变动引发了对控烟政策和戒烟趋势的深刻思考。或许在这个变革的时刻，我们需要重新审视自己的生活选择，迎接更加健康、清新的未来。你对于这场变革有何看法？在这控烟的浪潮中，你是否愿意与时代一同前行，迎接新的生活方式？

","title: 2024年，香烟市场风起云涌。十多块一包的烟价格屡创新高，而二十以上的烟却相对平稳。或许是控烟政策的推动，曾经百元一包的香烟基本跌至80元。这不禁让人思索，控烟势在必行，戒烟或将成为大势所趋。在这烟市波动之际，你是否感受到了各种涨跌之间的深意？ 烟草市场风云变幻，价格波动或许是控烟政策的直接影响。十多块一包的烟节节攀升，而高价烟却相对保持平稳。或许这是时代的变迁，控烟将成为不可逆转的趋势。你是否思考过这一变革对我们的生活和习惯将带来怎样的影响？ 回望过去，曾经昂贵的香烟如今降价，控烟或成为新的社会风向标。面对这一趋势，我们能否从中找到新的生活方式，适应这场社会变革？香烟价格的变动，是否将成为我们重新审视健康与生活的契机？ 总的来说，香烟市场的变动引发了对控烟政策和戒烟趋势的深刻思考。或许在这个变革的时刻，我们需要重新审视自己的生活选择，迎接更加健康、清新的未来。你对于这场变革有何看法？在这控烟的浪潮中，你是否愿意与时代一同前行，迎接新的生活方式？ summary: 2024年，香烟市场风起云涌。十多块一包的烟价格屡创新高，而二十以上的烟却相对平稳。或许是控烟政策的推动，曾经百元一包的香烟基本跌至80元。这不禁让人思索，控烟势在必行，戒烟或将成为大势所趋。在这烟市波动之际，你是否感受到了各种涨跌之间的深意？总的来说，香烟市场的变动引发了对控烟政策和戒烟趋势的深刻思考。 content: 2024年，香烟市场风起云涌。十多块一包的烟价格屡创新高，而二十以上的烟却相对平稳。或许是控烟政策的推动，曾经百元一包的香烟基本跌至80元。这不禁让人思索，控烟势在必行，戒烟或将成为大势所趋。在这烟市波动之际，你是否感受到了各种涨跌之间的深意？ 烟草市场风云变幻，价格波动或许是控烟政策的直接影响。十多块一包的烟节节攀升，而高价烟却相对保持平稳。或许这是时代的变迁，控烟将成为不可逆转的趋势。你是否思考过这一变革对我们的生活和习惯将带来怎样的影响？ 回望过去，曾经昂贵的香烟如今降价，控烟或成为新的社会风向标。面对这一趋势，我们能否从中找到新的生活方式，适应这场社会变革？香烟价格的变动，是否将成为我们重新审视健康与生活的契机？ 总的来说，香烟市场的变动引发了对控烟政策和戒烟趋势的深刻思考。或许在这个变革的时刻，我们需要重新审视自己的生活选择，迎接更加健康、清新的未来。你对于这场变革有何看法？在这控烟的浪潮中，你是否愿意与时代一同前行，迎接新的生活方式？ """,微头条,奇幻星辰Zis,2024-01-07 09:36:56,http://www.toutiao.com/w/i1787393649196224/,未知,控烟、戒烟,正面,未知
202401011320,你害怕蹦迪么：#把知识吸进肺里 #控烟达人 #憨憨男孩 #是时候展现真正的技术了 #尼古丁戒断反应,title: 你害怕蹦迪么：#把知识吸进肺里 #控烟达人 #憨憨男孩 #是时候展现真正的技术了 #尼古丁戒断反应 summary: #把知识吸进肺里#控烟达人#憨憨男孩#是时候展现真正的技术了#尼古丁戒断反应#把知识吸进肺里#控烟达人#憨憨男孩#是时候展现真正的技术了#尼古丁戒断反应。 content: #把知识吸进肺里 #控烟达人 #憨憨男孩 #是时候展现真正的技术了 #尼古丁戒断反应,微头条,你害怕蹦迪么,2024-01-07 09:22:49,http://www.toutiao.com/w/7321160620592745764/,未知,控烟,中性,未知
202401011327,"想要远离心血管疾病记住这四个字。
心血管疾病当中大部分的疾病都是起源于血管狭窄，狭窄了就得防心绞痛，心绞痛了就得防冠心病，冠心病防心梗，心梗防心衰。所以在心血管疾病当中如何防止血管狭窄，如何防止斑块形成就是重中之重。我今天教大家四个字。
·第一个字就是吃。俗话说病从口入，平时要少吃这些肥肉、动物内脏、奶油蛋糕、高盐、高脂、高胆固醇的食物。
·第二个字就是要控烟限酒。尼古丁、酒精都会加速血管病变，同时还要控制情绪，保持一个良好的心态。
·第三个字是喝。要多喝水，不是多喝酒，可以喝点淡茶。
·第四个字是补。但并不是让大家食补，而是要补充好睡眠。良好的睡眠是保持身体健康的第一要素，日常还要合理运动，控制体重，预防三高。
这个吃、控、喝、补四个字您记住了吗？","title: 想要远离心血管疾病记住这四个字。 心血管疾病当中大部分的疾病都是起源于血管狭窄，狭窄了就得防心绞痛，心绞痛了就得防冠心病，冠心病防心梗，心梗防心衰。所以在心血管疾病当中如何防止血管狭窄，如何防止斑块形成就是重中之重。我今天教大家四个字。 ·第一个字就是吃。俗话说病从口入，平时要少吃这些肥肉、动物内脏、奶油蛋糕、高盐、高脂、高胆固醇的食物。 ·第二个字就是要控烟限酒。尼古丁、酒精都会加速血管病变，同时还要控制情绪，保持一个良好的心态。 ·第三个字是喝。要多喝水，不是多喝酒，可以喝点淡茶。 ·第四个字是补。但并不是让大家食补，而是要补充好睡眠。良好的睡眠是保持身体健康的第一要素，日常还要合理运动，控制体重，预防三高。 这个吃、控、喝、补四个字您记住了吗？ summary: 想要远离心血管疾病记住这四个字。心血管疾病当中大部分的疾病都是起源于血管狭窄，狭窄了就得防心绞痛，心绞痛了就得防冠心病，冠心病防心梗，心梗防心衰。所以在心血管疾病当中如何防止血管狭窄，如何防止斑块形成就是重中之重。俗话说病从口入，平时要少吃这些肥肉、动物内脏、奶油蛋糕、高盐、高脂、高胆固醇的食物。 content: 想要远离心血管疾病记住这四个字。 心血管疾病当中大部分的疾病都是起源于血管狭窄，狭窄了就得防心绞痛，心绞痛了就得防冠心病，冠心病防心梗，心梗防心衰。所以在心血管疾病当中如何防止血管狭窄，如何防止斑块形成就是重中之重。我今天教大家四个字。 ·第一个字就是吃。俗话说病从口入，平时要少吃这些肥肉、动物内脏、奶油蛋糕、高盐、高脂、高胆固醇的食物。 ·第二个字就是要控烟限酒。尼古丁、酒精都会加速血管病变，同时还要控制情绪，保持一个良好的心态。 ·第三个字是喝。要多喝水，不是多喝酒，可以喝点淡茶。 ·第四个字是补。但并不是让大家食补，而是要补充好睡眠。良好的睡眠是保持身体健康的第一要素，日常还要合理运动，控制体重，预防三高。 这个吃、控、喝、补四个字您记住了吗？ "" """,微头条,心内科赵鹏,2024-01-07 08:26:42,http://www.toutiao.com/w/i1787389230688266/,未知,控烟,正面,未知
202401011341,"烟民比例和国家法律 底线
在烟草问题上，各国有着不同的法律和规定。数据显示，印尼抽烟比例高达70.5%，缅甸为70.2%，而中国为47.7%，印度为42%。很多国家不允许在公共场所吸烟，因此出国旅游前有必要了解当地的规定。
新加坡作为一个典范，对公共秩序有着严格的规定，大街上骂人或吐痰都属于重罪，行为将受到严厉处罚甚至监禁。在新加坡，公共场合吸烟更是被视为重罪。我们在外旅行时，应遵纪守法，绝不突破他国早已通过民意一致支持的法律红线。
数据显示，虽然中国的抽烟比例较高，但吸烟在公共场所的合法限制趋于严格。了解他国的烟草法规，是我们作为游客的一项基本义务。对国际规定的尊重不仅体现个人修养，也是对他国文明的尊重，让我们共同维护旅行文明秩序。#泰国烟民看过来# #如何才能戒烟？# #戒烟真的难吗？# #戒烟的的事儿# #你戒烟了吗？！# #你戒烟了吗？# #吸烟问题# #戒烟24# #全国好烟民# #控烟目标#","title: 烟民比例和国家法律 底线 在烟草问题上，各国有着不同的法律和规定。数据显示，印尼抽烟比例高达70.5%，缅甸为70.2%，而中国为47.7%，印度为42%。很多国家不允许在公共场所吸烟，因此出国旅游前有必要了解当地的规定。 新加坡作为一个典范，对公共秩序有着严格的规定，大街上骂人或吐痰都属于重罪，行为将受到严厉处罚甚至监禁。在新加坡，公共场合吸烟更是被视为重罪。我们在外旅行时，应遵纪守法，绝不突破他国早已通过民意一致支持的法律红线。 数据显示，虽然中国的抽烟比例较高，但吸烟在公共场所的合法限制趋于严格。了解他国的烟草法规，是我们作为游客的一项基本义务。对国际规定的尊重不仅体现个人修养，也是对他国文明的尊重，让我们共同维护旅行文明秩序。#泰国烟民看过来# #如何才能戒烟？# #戒烟真的难吗？# #戒烟的的事儿# #你戒烟了吗？！# #你戒烟了吗？# #吸烟问题# #戒烟24# #全国好烟民# #控烟目标# summary: 在烟草问题上，各国有着不同的法律和规定。数据显示，印尼抽烟比例高达70.5%，缅甸为70.2%，而中国为47.7%，印度为42%。很多国家不允许在公共场所吸烟，因此出国旅游前有必要了解当地的规定。##吸烟问题##戒烟24##全国好烟民##控烟目标#. content: 烟民比例和国家法律 底线 在烟草问题上，各国有着不同的法律和规定。数据显示，印尼抽烟比例高达70.5%，缅甸为70.2%，而中国为47.7%，印度为42%。很多国家不允许在公共场所吸烟，因此出国旅游前有必要了解当地的规定。 新加坡作为一个典范，对公共秩序有着严格的规定，大街上骂人或吐痰都属于重罪，行为将受到严厉处罚甚至监禁。在新加坡，公共场合吸烟更是被视为重罪。我们在外旅行时，应遵纪守法，绝不突破他国早已通过民意一致支持的法律红线。 数据显示，虽然中国的抽烟比例较高，但吸烟在公共场所的合法限制趋于严格。了解他国的烟草法规，是我们作为游客的一项基本义务。对国际规定的尊重不仅体现个人修养，也是对他国文明的尊重，让我们共同维护旅行文明秩序。#泰国烟民看过来# #如何才能戒烟？# #戒烟真的难吗？# #戒烟的的事儿# #你戒烟了吗？！# #你戒烟了吗？# #吸烟问题# #戒烟24# #全国好烟民# #控烟目标# """,微头条,秋亦笔记,2024-01-07 07:17:11,http://www.toutiao.com/w/i1787349592516608/,未知,戒烟、控烟,正面,未知
20240101971,"珠海控烟令2024年1月1日起实施。
中国绿发会控烟工作组宣。
珠海这些场所将禁止吸烟，违规吸烟最高罚款500元，场所管理者、经营者违规最高罚款5000~10000元。
公共交通工具内禁止吸烟。在市人民政府规定的期限内，餐饮娱乐服务场所、住宿休息服务场所可以设置吸烟点(区)，未设置吸烟点(区)的禁止吸烟。","title: 珠海控烟令2024年1月1日起实施。 中国绿发会控烟工作组宣。 珠海这些场所将禁止吸烟，违规吸烟最高罚款500元，场所管理者、经营者违规最高罚款5000~10000元。 公共交通工具内禁止吸烟。在市人民政府规定的期限内，餐饮娱乐服务场所、住宿休息服务场所可以设置吸烟点(区)，未设置吸烟点(区)的禁止吸烟。 summary: 珠海""控烟令""2024年1月1日起实施。中国绿发会控烟工作组宣。珠海这些场所将禁止吸烟，违规吸烟最高罚款500元，场所管理者、经营者违规最高罚款5000~10000元。公共交通工具内禁止吸烟。在市人民政府规定的期限内，餐饮娱乐服务场所、住宿休息服务场所可以设置吸烟点，未设置吸烟点的禁止吸烟。 content: 珠海""控烟令""2024年1月1日起实施。 中国绿发会控烟工作组宣。 珠海这些场所将禁止吸烟，违规吸烟最高罚款500元，场所管理者、经营者违规最高罚款5000~10000元。 公共交通工具内禁止吸烟。在市人民政府规定的期限内，餐饮娱乐服务场所、住宿休息服务场所可以设置吸烟点(区)，未设置吸烟点(区)的禁止吸烟。 "" """,微头条,珠琴澳楼市,2024-01-06 21:48:51,http://www.toutiao.com/w/i1787349100743811/,未知,控烟,中性,未知
20240101978,"中国绿发会控烟工作组宣

珠海这些场所将禁止吸烟违规吸烟最高罚款500元场所管理者、经营者违规最高罚款5000~10000元

本市室内公共场所、室内工作场所、公共交通工具内禁止吸烟。
在市人民政府规定的期限内，餐饮娱乐服务场所、住宿休息服务场所，可以设置吸烟点(区)，未设置吸烟点(区)的禁止吸烟。","title: 中国绿发会控烟工作组宣 珠海这些场所将禁止吸烟违规吸烟最高罚款500元场所管理者、经营者违规最高罚款5000~10000元 本市室内公共场所、室内工作场所、公共交通工具内禁止吸烟。 在市人民政府规定的期限内，餐饮娱乐服务场所、住宿休息服务场所，可以设置吸烟点(区)，未设置吸烟点(区)的禁止吸烟。 summary: 本市室内公共场所、室内工作场所、公共交通工具内禁止吸烟。在市人民政府规定的期限内，餐饮娱乐服务场所、住宿休息服务场所，可以设置吸烟点，未设置吸烟点的禁止吸烟。 content: 中国绿发会控烟工作组宣 珠海这些场所将禁止吸烟违规吸烟最高罚款500元场所管理者、经营者违规最高罚款5000~10000元 本市室内公共场所、室内工作场所、公共交通工具内禁止吸烟。 在市人民政府规定的期限内，餐饮娱乐服务场所、住宿休息服务场所，可以设置吸烟点(区)，未设置吸烟点(区)的禁止吸烟。 """,微头条,珠琴澳楼市,2024-01-06 21:44:51,http://www.toutiao.com/w/i1787348848921603/,未知,控烟,中性,未知
20240101992,"传统观念往往认为，通过提高烟价才能达到控制吸烟的目的。然而，这种方法并不能真正解决问题。我们应该打破这种传统思维，探索新的控烟方法。降低烟价并不一定会导致吸烟人数增加，反而可能起到减少吸烟者的作用。原因在于，低价烟失去了原本身份的象征，不再被视为送礼首选，酒席上也不受欢迎，年轻人也不再垂涎。相反，高价烟却成为一种独特的礼物，体现了心意和身份地位。在宴席上展示昂贵的烟，更加有面子。只有当烟牌品不再被外界赋予高的身份象征，我们才能逐渐实现禁烟目标。因此，控制吸烟不应只通过提高价格，而应从根本上改变社会观念、转变消费理念，这才是真正降低吸烟率的方法。

当前，烟民的贡献却被很多人忽视。无论在经济、文化或社会方面，烟民都扮演着重要角色。充满人生历程的生老病死也成了烟民难以避免的刚需之一。我们不应该简单地否定吸烟者，而是应该探索新的解决方案，提高吸烟者的福祉。作为科技发达的时代，我们需要抛开陈旧的观念，勇敢地面对现实，寻求更好的解决方案。
#当今是怎么回事# #烟民的贡献巨大# #生老病死的刚需# #腐烂发臭的人生#
#戒烟新探索# #你准备戒烟了吗# #你戒烟了吗？# #每天认识一种烟# #控烟目标# #戒烟有多难呢# #主动戒烟法# #你戒烟了吗？！# #炎烟致，04# #戒烟什么感觉#","title: 传统观念往往认为，通过提高烟价才能达到控制吸烟的目的。然而，这种方法并不能真正解决问题。我们应该打破这种传统思维，探索新的控烟方法。降低烟价并不一定会导致吸烟人数增加，反而可能起到减少吸烟者的作用。原因在于，低价烟失去了原本身份的象征，不再被视为送礼首选，酒席上也不受欢迎，年轻人也不再垂涎。相反，高价烟却成为一种独特的礼物，体现了心意和身份地位。在宴席上展示昂贵的烟，更加有面子。只有当烟牌品不再被外界赋予高的身份象征，我们才能逐渐实现禁烟目标。因此，控制吸烟不应只通过提高价格，而应从根本上改变社会观念、转变消费理念，这才是真正降低吸烟率的方法。 当前，烟民的贡献却被很多人忽视。无论在经济、文化或社会方面，烟民都扮演着重要角色。充满人生历程的生老病死也成了烟民难以避免的刚需之一。我们不应该简单地否定吸烟者，而是应该探索新的解决方案，提高吸烟者的福祉。作为科技发达的时代，我们需要抛开陈旧的观念，勇敢地面对现实，寻求更好的解决方案。 #当今是怎么回事# #烟民的贡献巨大# #生老病死的刚需# #腐烂发臭的人生# #戒烟新探索# #你准备戒烟了吗# #你戒烟了吗？# #每天认识一种烟# #控烟目标# #戒烟有多难呢# #主动戒烟法# #你戒烟了吗？！# #炎烟致，04# #戒烟什么感觉# summary: 传统观念往往认为，通过提高烟价才能达到控制吸烟的目的。原因在于，低价烟失去了原本身份的象征，不再被视为送礼首选，酒席上也不受欢迎，年轻人也不再垂涎。因此，控制吸烟不应只通过提高价格，而应从根本上改变社会观念、转变消费理念，这才是真正降低吸烟率的方法。 content: 传统观念往往认为，通过提高烟价才能达到控制吸烟的目的。然而，这种方法并不能真正解决问题。我们应该打破这种传统思维，探索新的控烟方法。降低烟价并不一定会导致吸烟人数增加，反而可能起到减少吸烟者的作用。原因在于，低价烟失去了原本身份的象征，不再被视为送礼首选，酒席上也不受欢迎，年轻人也不再垂涎。相反，高价烟却成为一种独特的礼物，体现了心意和身份地位。在宴席上展示昂贵的烟，更加有面子。只有当烟牌品不再被外界赋予高的身份象征，我们才能逐渐实现禁烟目标。因此，控制吸烟不应只通过提高价格，而应从根本上改变社会观念、转变消费理念，这才是真正降低吸烟率的方法。 当前，烟民的贡献却被很多人忽视。无论在经济、文化或社会方面，烟民都扮演着重要角色。充满人生历程的生老病死也成了烟民难以避免的刚需之一。我们不应该简单地否定吸烟者，而是应该探索新的解决方案，提高吸烟者的福祉。作为科技发达的时代，我们需要抛开陈旧的观念，勇敢地面对现实，寻求更好的解决方案。 #当今是怎么回事# #烟民的贡献巨大# #生老病死的刚需# #腐烂发臭的人生# #戒烟新探索# #你准备戒烟了吗# #你戒烟了吗？# #每天认识一种烟# #控烟目标# #戒烟有多难呢# #主动戒烟法# #你戒烟了吗？！# #炎烟致，04# #戒烟什么感觉# """,微头条,善良爱睡觉饼干,2024-01-06 19:57:32,http://www.toutiao.com/w/i1787314547093572/,未知,控烟、戒烟,正面,未知
202401011006,禁烟控烟手抄报😇吸烟有害健康模板小报,title: 禁烟控烟手抄报😇吸烟有害健康模板小报 summary: 禁烟控烟手抄报吸烟有害健康模板小报禁烟控烟手抄报，吸烟有害健康主题小报来啦，珍爱生命远离烟草[举手R][举手R]#控烟禁烟主题绘画#禁烟手抄报#禁烟控烟儿童画#吸烟危害#小学生手抄报#手抄报模板。 content: 禁烟控烟手抄报，吸烟有害健康主题小报来啦，珍爱生命远离烟草[举手R][举手R] #控烟禁烟主题绘画#禁烟手抄报#禁烟控烟儿童画#吸烟危害#小学生手抄报#手抄报模板,小红书,傻猪妹手抄报,2024-01-06 18:42:00,http://www.xiaohongshu.com/discovery/item/65992e7d000000000f01cfdb,未知,控烟,中性,未知
202401011013,"全球吸烟国家排名表引起了我的关注，数据显示中国的吸烟人口占比仅为25.6%，在全球44个国家中排名第44位。对于我国这样的大国来说，这一数字并不容忽视。考虑到中国庞大的人口基数，这仍意味着约3.5亿烟民，相当于中等国家的整体人口规模。
从健康和社会角度而言，这一数字绝非可忽视。吸烟已被证明对健康造成严重危害，不仅增加心血管疾病和癌症的风险，也对非吸烟者的健康构成威胁。此外，吸烟对于国家的医疗开支和劳动力资源都造成了极大的压力。
减少吸烟人群应当成为国家政策中的重要一环。通过更多的宣传教育、建立健全的控烟法律法规体系和提高烟草税等手段，我们能够有效地减少吸烟对国家和个人健康所造成的负面影响。
素材源于网络，侵删，欢迎转发评论！#吸烟得肺癌吗？# #吸烟上瘾是病吗# #吸烟的好处# #吸烟有好处吗# #戒烟有多难呢# #香烟的危害#","title: 全球吸烟国家排名表引起了我的关注，数据显示中国的吸烟人口占比仅为25.6%，在全球44个国家中排名第44位。对于我国这样的大国来说，这一数字并不容忽视。考虑到中国庞大的人口基数，这仍意味着约3.5亿烟民，相当于中等国家的整体人口规模。 从健康和社会角度而言，这一数字绝非可忽视。吸烟已被证明对健康造成严重危害，不仅增加心血管疾病和癌症的风险，也对非吸烟者的健康构成威胁。此外，吸烟对于国家的医疗开支和劳动力资源都造成了极大的压力。 减少吸烟人群应当成为国家政策中的重要一环。通过更多的宣传教育、建立健全的控烟法律法规体系和提高烟草税等手段，我们能够有效地减少吸烟对国家和个人健康所造成的负面影响。 素材源于网络，侵删，欢迎转发评论！#吸烟得肺癌吗？# #吸烟上瘾是病吗# #吸烟的好处# #吸烟有好处吗# #戒烟有多难呢# #香烟的危害# summary: 全球吸烟国家排名表引起了我的关注，数据显示中国的吸烟人口占比仅为25.6%，在全球44个国家中排名第44位。考虑到中国庞大的人口基数，这仍意味着约3.5亿烟民，相当于中等国家的整体人口规模。##吸烟上瘾是病吗##吸烟的好处##吸烟有好处吗##戒烟有多难呢##香烟的危害#. content: 全球吸烟国家排名表引起了我的关注，数据显示中国的吸烟人口占比仅为25.6%，在全球44个国家中排名第44位。对于我国这样的大国来说，这一数字并不容忽视。考虑到中国庞大的人口基数，这仍意味着约3.5亿烟民，相当于中等国家的整体人口规模。 从健康和社会角度而言，这一数字绝非可忽视。吸烟已被证明对健康造成严重危害，不仅增加心血管疾病和癌症的风险，也对非吸烟者的健康构成威胁。此外，吸烟对于国家的医疗开支和劳动力资源都造成了极大的压力。 减少吸烟人群应当成为国家政策中的重要一环。通过更多的宣传教育、建立健全的控烟法律法规体系和提高烟草税等手段，我们能够有效地减少吸烟对国家和个人健康所造成的负面影响。 素材源于网络，侵删，欢迎转发评论！#吸烟得肺癌吗？# #吸烟上瘾是病吗# #吸烟的好处# #吸烟有好处吗# #戒烟有多难呢# #香烟的危害# """,微头条,百味人生,2024-01-06 17:24:11,http://www.toutiao.com/w/i1787308822686731/,未知,控烟、戒烟,正面,未知
202401011027,"据一份全球吸烟国家排名表显示，中国吸烟人口占比并不高，仅为25.6%，排名全球第44位。这一数据并不能直接反映出中国的吸烟问题的严重性。考虑到我国庞大的人口基数，这一占比所代表的吸烟人口数量已达3.5亿，相当于一个中等规模国家的总人口。这一庞大的数字足以引起我们对控烟问题的高度关注。
实际上，吸烟对个体健康和社会成本都造成了巨大的负担。据世界卫生组织的数据显示，吸烟是导致心血管疾病、肺癌等多种疾病的主要危险因素，给国家的医疗系统和社会经济带来沉重负担。尤其是在中国，吸烟已成为导致疾病和死亡的首要危险因素，与不良的健康状况直接相关。
为了维护国民的健康和降低医疗成本，减少吸烟人口数量迫在眉睫，这应当成为我国的国家战略之一。采取更加有力的措施，包括大幅提高烟草税收、加强吸烟宣传和教育等措施，将对我国的公共健康产生深远的意义。#戒烟真的难吗？# #吸烟得肺癌吗？# #吸烟的好处# #戒烟有多难呢# #如何才能戒烟？# #控烟目标# #探讨吸烟危害# #戒烟新探索# #你戒烟了吗？！# #戒烟有高招吗# 
素材源于网络，侵删，欢迎转发评论！","title: 据一份全球吸烟国家排名表显示，中国吸烟人口占比并不高，仅为25.6%，排名全球第44位。这一数据并不能直接反映出中国的吸烟问题的严重性。考虑到我国庞大的人口基数，这一占比所代表的吸烟人口数量已达3.5亿，相当于一个中等规模国家的总人口。这一庞大的数字足以引起我们对控烟问题的高度关注。 实际上，吸烟对个体健康和社会成本都造成了巨大的负担。据世界卫生组织的数据显示，吸烟是导致心血管疾病、肺癌等多种疾病的主要危险因素，给国家的医疗系统和社会经济带来沉重负担。尤其是在中国，吸烟已成为导致疾病和死亡的首要危险因素，与不良的健康状况直接相关。 为了维护国民的健康和降低医疗成本，减少吸烟人口数量迫在眉睫，这应当成为我国的国家战略之一。采取更加有力的措施，包括大幅提高烟草税收、加强吸烟宣传和教育等措施，将对我国的公共健康产生深远的意义。#戒烟真的难吗？# #吸烟得肺癌吗？# #吸烟的好处# #戒烟有多难呢# #如何才能戒烟？# #控烟目标# #探讨吸烟危害# #戒烟新探索# #你戒烟了吗？！# #戒烟有高招吗# 素材源于网络，侵删，欢迎转发评论！ summary: 据一份全球吸烟国家排名表显示，中国吸烟人口占比并不高，仅为25.6%，排名全球第44位。这一数据并不能直接反映出中国的吸烟问题的严重性。考虑到我国庞大的人口基数，这一占比所代表的吸烟人口数量已达3.5亿，相当于一个中等规模国家的总人口。##戒烟有高招吗#素材源于网络，侵删，欢迎转发评论！ content: 据一份全球吸烟国家排名表显示，中国吸烟人口占比并不高，仅为25.6%，排名全球第44位。这一数据并不能直接反映出中国的吸烟问题的严重性。考虑到我国庞大的人口基数，这一占比所代表的吸烟人口数量已达3.5亿，相当于一个中等规模国家的总人口。这一庞大的数字足以引起我们对控烟问题的高度关注。 实际上，吸烟对个体健康和社会成本都造成了巨大的负担。据世界卫生组织的数据显示，吸烟是导致心血管疾病、肺癌等多种疾病的主要危险因素，给国家的医疗系统和社会经济带来沉重负担。尤其是在中国，吸烟已成为导致疾病和死亡的首要危险因素，与不良的健康状况直接相关。 为了维护国民的健康和降低医疗成本，减少吸烟人口数量迫在眉睫，这应当成为我国的国家战略之一。采取更加有力的措施，包括大幅提高烟草税收、加强吸烟宣传和教育等措施，将对我国的公共健康产生深远的意义。#戒烟真的难吗？# #吸烟得肺癌吗？# #吸烟的好处# #戒烟有多难呢# #如何才能戒烟？# #控烟目标# #探讨吸烟危害# #戒烟新探索# #你戒烟了吗？！# #戒烟有高招吗# 素材源于网络，侵删，欢迎转发评论！ """,微头条,栗子不粉,2024-01-06 14:46:57,http://www.toutiao.com/w/i1787313624965204/,未知,控烟、戒烟,正面,未知
202401011035,济宁高新&lt;b区&lt;/b洸河街道洸河新苑片&lt;b区&lt;/b开展“拥抱健康生活 从控烟开始”...,"title: 济宁高新&lt;b区&lt;/b洸河街道洸河新苑片&lt;b区&lt;/b开展“拥抱健康生活 从控烟开始”... summary: 号召辖区居民为了自己和家人的健康不吸烟或少吸烟，养成健康的生活方式。 content: ""“拥抱健康生活 从控烟开始”主题宣讲活动现场大众网记者 胡兆杰 见习记者 王介木 通讯员 高飞飞 济宁报道1月5日，济宁高新区洸河街道洸河新苑片区在香堤小区开展“拥抱健康生活 从控烟开始”主题宣讲活动。活动中，洸河新苑片区工作人员向辖区居民、商户发放了有关吸烟危害和控烟、戒烟的宣传单页，详细讲解了吸烟和被动吸烟的危害，包括吸烟导致的疾病、吸烟带来的空气污染等，并在茶馆、餐馆等公共场所张贴了禁止在公共区域吸烟的警示语，号召辖区居民为了自己和家人的健康不吸烟或少吸烟，养成健康的生活方式。",快传号,大众网,2024-01-06 14:32:51,http://www.360kuai.com/mob/transcoding?url=94216d05752baddd3,未知,控烟、戒烟,中性,未知
202401011048,"不凡溪流6me：一份全球吸烟国家排名表在网络上引起了我的关注，其中显示中国的吸烟人口比例并不高，仅为25.6%，在全球排名中位列第44位。
我认为这个数据并不足以反映问题的严重性。尽管吸烟率并不高，但考虑到我国庞大的人口基数，这25.6%就相当于3.5亿人口。这一庞大的数字几乎相当于一个中等规模的国家人口总数。
为了国民的健康，减少吸烟人数应该成为我们的国家战略之一。不仅仅是减少吸烟的比例，更应该把目光聚焦在庞大的吸烟人数上，为他们提供戒烟的支持和帮助，以及通过各种手段，阻止更多人加入烟民的行列。这将为国家的整体健康和经济发展带来积极而深远的影响。
数据表明，吸烟对健康的危害已经得到了充分的科学验证，这种消极的生活方式不仅仅影响个人的健康，更会对整个社会产生不可估量的负面影响。我们有责任促进无烟环境的营造，助力国民建设更加健康、繁荣的社会。#戒烟真的难吗？# #如何才能戒烟？# #戒烟有多难呢# #你准备戒烟了吗# #你戒烟了吗？！# #吸烟的好处# #戒烟新探索# #全国好烟民# #吸烟得肺癌吗？# #控烟目标#",title: 不凡溪流6me：一份全球吸烟国家排名表在网络上引起了我的关注，其中显示中国的吸烟人口比例并不高，仅为25.6%，在全球排名中位列第44位。 我认为这个数据并不足以反映问题的严重性。尽管吸烟率并不高，但考虑到我国庞大的人口基数，这25.6%就相当于3.5亿人口。这一庞大的数字几乎相当于一个中等规模的国家人口总数。 为了国民的健康，减少吸烟人数应该成为我们的国家战略之一。不仅仅是减少吸烟的比例，更应该把目光聚焦在庞大的吸烟人数上，为他们提供戒烟的支持和帮助，以及通过各种手段，阻止更多人加入烟民的行列。这将为国家的整体健康和经济发展带来积极而深远的影响。 数据表明，吸烟对健康的危害已经得到了充分的科学验证，这种消极的生活方式不仅仅影响个人的健康，更会对整个社会产生不可估量的负面影响。我们有责任促进无烟环境的营造，助力国民建设更加健康、繁荣的社会。#戒烟真的难吗？# #如何才能戒烟？# #戒烟有多难呢# #你准备戒烟了吗# #你戒烟了吗？！# #吸烟的好处# #戒烟新探索# #全国好烟民# #吸烟得肺癌吗？# #控烟目标# summary: 一份全球吸烟国家排名表在网络上引起了我的关注，其中显示中国的吸烟人口比例并不高，仅为25.6%，在全球排名中位列第44位。不仅仅是减少吸烟的比例，更应该把目光聚焦在庞大的吸烟人数上，为他们提供戒烟的支持和帮助，以及通过各种手段，阻止更多人加入烟民的行列。 content: 一份全球吸烟国家排名表在网络上引起了我的关注，其中显示中国的吸烟人口比例并不高，仅为25.6%，在全球排名中位列第44位。 我认为这个数据并不足以反映问题的严重性。尽管吸烟率并不高，但考虑到我国庞大的人口基数，这25.6%就相当于3.5亿人口。这一庞大的数字几乎相当于一个中等规模的国家人口总数。 为了国民的健康，减少吸烟人数应该成为我们的国家战略之一。不仅仅是减少吸烟的比例，更应该把目光聚焦在庞大的吸烟人数上，为他们提供戒烟的支持和帮助，以及通过各种手段，阻止更多人加入烟民的行列。这将为国家的整体健康和经济发展带来积极而深远的影响。 数据表明，吸烟对健康的危害已经得到了充分的科学验证，这种消极的生活方式不仅仅影响个人的健康，更会对整个社会产生不可估量的负面影响。我们有责任促进无烟环境的营造，助力国民建设更加健康、繁荣的社会。#戒烟真的难吗？# #如何才能戒烟？# #戒烟有多难呢# #你准备戒烟了吗# #你戒烟了吗？！# #吸烟的好处# #戒烟新探索# #全国好烟民# #吸烟得肺癌吗？# #控烟目标#,微头条,不凡溪流6me,2024-01-06 13:47:35,http://www.toutiao.com/w/1787277579048971/,未知,戒烟、控烟,中性,未知
202401011069,"临汾市控烟倡议书亲爱的市民朋友们:              吸烟有害健康，污染公共环境。为有效巩固我市禁烟控烟工作成果，着力创造良好无烟环境，提升社会文明程度，共享健康生活。特做出如下倡议：
一、争做文明行为的引领者                 
严格遵守有关规定，不在室内工作场所、室内公共场所、公共交通工具内、电梯内等禁烟场所吸烟(含电子烟)，人人自觉，相互监督，争做文明行为的引领者。
二、争当控烟工作的劝导员              
主动劝阻他人不在禁烟场所吸烟，带动身边人文明劝导、共促健康。尤其是广大职工要率先垂范、严格履行控烟承诺，以实际行动影响他人，做控烟、戒烟的表率，形成全社会支持控烟的良好氛围。
三、争做健康生活的宣传者             
主动宣传控烟健康知识，提醒亲友自觉远离烟草、早戒烟;青少年不吸第一支烟，主动远离传统烟草制品和电子烟，共同培育“不送烟、不递烟、拒香烟”的健康文明家风，践行健康生活理念，争做健康生活的宣传者。
四、争做环境卫生的守护者            
发扬主人翁精神，养成文明卫生的生活习惯，不乱扔烟头，避免微小火源引起火灾，保护场所安全，人人自觉消除消防隐患、参与卫生城市创建，争做环境卫生的守护者。
让我们共同行动起来，从自己做起，从现在做起，积极响应控烟倡议，珍爱自己和他人健康，以实际行动共建洁净、和谐、宜居无烟环境，共享快乐、幸福、健康生活。
控烟举报电话：0357-2091131
临汾市爱国卫生运动委员会办公室                       2024年1月3日","title: 临汾市控烟倡议书亲爱的市民朋友们: 吸烟有害健康，污染公共环境。为有效巩固我市禁烟控烟工作成果，着力创造良好无烟环境，提升社会文明程度，共享健康生活。特做出如下倡议： 一、争做文明行为的引领者 严格遵守有关规定，不在室内工作场所、室内公共场所、公共交通工具内、电梯内等禁烟场所吸烟(含电子烟)，人人自觉，相互监督，争做文明行为的引领者。 二、争当控烟工作的劝导员 主动劝阻他人不在禁烟场所吸烟，带动身边人文明劝导、共促健康。尤其是广大职工要率先垂范、严格履行控烟承诺，以实际行动影响他人，做控烟、戒烟的表率，形成全社会支持控烟的良好氛围。 三、争做健康生活的宣传者 主动宣传控烟健康知识，提醒亲友自觉远离烟草、早戒烟;青少年不吸第一支烟，主动远离传统烟草制品和电子烟，共同培育“不送烟、不递烟、拒香烟”的健康文明家风，践行健康生活理念，争做健康生活的宣传者。 四、争做环境卫生的守护者 发扬主人翁精神，养成文明卫生的生活习惯，不乱扔烟头，避免微小火源引起火灾，保护场所安全，人人自觉消除消防隐患、参与卫生城市创建，争做环境卫生的守护者。 让我们共同行动起来，从自己做起，从现在做起，积极响应控烟倡议，珍爱自己和他人健康，以实际行动共建洁净、和谐、宜居无烟环境，共享快乐、幸福、健康生活。 控烟举报电话：0357-2091131 临汾市爱国卫生运动委员会办公室 2024年1月3日 summary: 临汾市控烟倡议书亲爱的市民朋友们:吸烟有害健康，污染公共环境。为有效巩固我市禁烟控烟工作成果，着力创造良好无烟环境，提升社会文明程度，共享健康生活。 content: 临汾市控烟倡议书亲爱的市民朋友们: 吸烟有害健康，污染公共环境。为有效巩固我市禁烟控烟工作成果，着力创造良好无烟环境，提升社会文明程度，共享健康生活。特做出如下倡议： 一、争做文明行为的引领者 严格遵守有关规定，不在室内工作场所、室内公共场所、公共交通工具内、电梯内等禁烟场所吸烟(含电子烟)，人人自觉，相互监督，争做文明行为的引领者。 二、争当控烟工作的劝导员 主动劝阻他人不在禁烟场所吸烟，带动身边人文明劝导、共促健康。尤其是广大职工要率先垂范、严格履行控烟承诺，以实际行动影响他人，做控烟、戒烟的表率，形成全社会支持控烟的良好氛围。 三、争做健康生活的宣传者 主动宣传控烟健康知识，提醒亲友自觉远离烟草、早戒烟;青少年不吸第一支烟，主动远离传统烟草制品和电子烟，共同培育“不送烟、不递烟、拒香烟”的健康文明家风，践行健康生活理念，争做健康生活的宣传者。 四、争做环境卫生的守护者 发扬主人翁精神，养成文明卫生的生活习惯，不乱扔烟头，避免微小火源引起火灾，保护场所安全，人人自觉消除消防隐患、参与卫生城市创建，争做环境卫生的守护者。 让我们共同行动起来，从自己做起，从现在做起，积极响应控烟倡议，珍爱自己和他人健康，以实际行动共建洁净、和谐、宜居无烟环境，共享快乐、幸福、健康生活。 控烟举报电话：0357-2091131 临汾市爱国卫生运动委员会办公室 2024年1月3日 """,微头条,潇洒荷叶O2N,2024-01-06 11:45:35,http://www.toutiao.com/w/i1787311146452057/,未知,控烟、戒烟,正面,未知
202401011076,上班喽，这段时间任务艰巨，控烟检查结果要纳入健康浙江考核。每个单位自查自纠和督处，大厅、走道、卫生间等场所都要贴禁烟标志，厕所内部也要贴禁烟标志，工作人员佩戴劝导胸牌。镇长还要亲自去捡烟头，场地、花坛、花盆都不能有烟头、烟盒出现。晚上继续运动打卡，坚持就是胜利。,"title: 上班喽，这段时间任务艰巨，控烟检查结果要纳入健康浙江考核。每个单位自查自纠和督处，大厅、走道、卫生间等场所都要贴禁烟标志，厕所内部也要贴禁烟标志，工作人员佩戴劝导胸牌。镇长还要亲自去捡烟头，场地、花坛、花盆都不能有烟头、烟盒出现。晚上继续运动打卡，坚持就是胜利。 summary: 上班喽，这段时间任务艰巨，控烟检查结果要纳入健康浙江考核。每个单位自查自纠和督处，大厅、走道、卫生间等场所都要贴禁烟标志，厕所内部也要贴禁烟标志，工作人员佩戴劝导胸牌。镇长还要亲自去捡烟头，场地、花坛、花盆都不能有烟头、烟盒出现。晚上继续运动打卡，坚持就是胜利。 content: 上班喽，这段时间任务艰巨，控烟检查结果要纳入健康浙江考核。每个单位自查自纠和督处，大厅、走道、卫生间等场所都要贴禁烟标志，厕所内部也要贴禁烟标志，工作人员佩戴劝导胸牌。镇长还要亲自去捡烟头，场地、花坛、花盆都不能有烟头、烟盒出现。晚上继续运动打卡，坚持就是胜利。 "" """,微头条,用户549689667255,2024-01-06 11:17:31,http://www.toutiao.com/w/i1787309380575243/,未知,控烟,正面,未知
202401011112,"据一份全球吸烟国家排名表显示，中国吸烟人口占比并不高，仅为25.6%，排名全球第44位。这一数据并不能直接反映出中国的吸烟问题的严重性。考虑到我国庞大的人口基数，这一占比所代表的吸烟人口数量已达3.5亿，相当于一个中等规模国家的总人口。这一庞大的数字足以引起我们对控烟问题的高度关注。
实际上，吸烟对个体健康和社会成本都造成了巨大的负担。据世界卫生组织的数据显示，吸烟是导致心血管疾病、肺癌等多种疾病的主要危险因素，给国家的医疗系统和社会经济带来沉重负担。尤其是在中国，吸烟已成为导致疾病和死亡的首要危险因素，与不良的健康状况直接相关。
为了维护国民的健康和降低医疗成本，减少吸烟人口数量迫在眉睫，这应当成为我国的国家战略之一。采取更加有力的措施，包括大幅提高烟草税收、加强吸烟宣传和教育等措施，将对我国的公共健康产生深远的意义。#戒烟真的难吗？# #戒烟的的事儿# #你考虑过戒烟吗# #如何才能戒烟？# #如何戒烟最科学# #香烟的危害# #如何科学戒烟# #你已戒烟了吗# #探讨戒烟之艰辛# #探讨吸烟危害# #吸烟# #吸烟与生命# 
素材源于网络，侵删，欢迎转发评论！","title: 据一份全球吸烟国家排名表显示，中国吸烟人口占比并不高，仅为25.6%，排名全球第44位。这一数据并不能直接反映出中国的吸烟问题的严重性。考虑到我国庞大的人口基数，这一占比所代表的吸烟人口数量已达3.5亿，相当于一个中等规模国家的总人口。这一庞大的数字足以引起我们对控烟问题的高度关注。 实际上，吸烟对个体健康和社会成本都造成了巨大的负担。据世界卫生组织的数据显示，吸烟是导致心血管疾病、肺癌等多种疾病的主要危险因素，给国家的医疗系统和社会经济带来沉重负担。尤其是在中国，吸烟已成为导致疾病和死亡的首要危险因素，与不良的健康状况直接相关。 为了维护国民的健康和降低医疗成本，减少吸烟人口数量迫在眉睫，这应当成为我国的国家战略之一。采取更加有力的措施，包括大幅提高烟草税收、加强吸烟宣传和教育等措施，将对我国的公共健康产生深远的意义。#戒烟真的难吗？# #戒烟的的事儿# #你考虑过戒烟吗# #如何才能戒烟？# #如何戒烟最科学# #香烟的危害# #如何科学戒烟# #你已戒烟了吗# #探讨戒烟之艰辛# #探讨吸烟危害# #吸烟# #吸烟与生命# 素材源于网络，侵删，欢迎转发评论！ summary: 据一份全球吸烟国家排名表显示，中国吸烟人口占比并不高，仅为25.6%，排名全球第44位。这一数据并不能直接反映出中国的吸烟问题的严重性。考虑到我国庞大的人口基数，这一占比所代表的吸烟人口数量已达3.5亿，相当于一个中等规模国家的总人口。 content: 据一份全球吸烟国家排名表显示，中国吸烟人口占比并不高，仅为25.6%，排名全球第44位。这一数据并不能直接反映出中国的吸烟问题的严重性。考虑到我国庞大的人口基数，这一占比所代表的吸烟人口数量已达3.5亿，相当于一个中等规模国家的总人口。这一庞大的数字足以引起我们对控烟问题的高度关注。 实际上，吸烟对个体健康和社会成本都造成了巨大的负担。据世界卫生组织的数据显示，吸烟是导致心血管疾病、肺癌等多种疾病的主要危险因素，给国家的医疗系统和社会经济带来沉重负担。尤其是在中国，吸烟已成为导致疾病和死亡的首要危险因素，与不良的健康状况直接相关。 为了维护国民的健康和降低医疗成本，减少吸烟人口数量迫在眉睫，这应当成为我国的国家战略之一。采取更加有力的措施，包括大幅提高烟草税收、加强吸烟宣传和教育等措施，将对我国的公共健康产生深远的意义。#戒烟真的难吗？# #戒烟的的事儿# #你考虑过戒烟吗# #如何才能戒烟？# #如何戒烟最科学# #香烟的危害# #如何科学戒烟# #你已戒烟了吗# #探讨戒烟之艰辛# #探讨吸烟危害# #吸烟# #吸烟与生命# 素材源于网络，侵删，欢迎转发评论！ """,微头条,栗子不粉,2024-01-06 06:28:46,http://www.toutiao.com/w/i1787287789246492/,未知,控烟、戒烟,正面,未知
20240101744,"【喜报】信阳市中心医院荣获“省级卫生先进单位”荣誉称号
信阳市中心医院连续六届被省爱卫会命名为省级卫生先进单位，主要归功于加强组织管理，落实卫生管理措施，做好卫生间环境整治、除“四害”活动、控烟工作、垃圾分类工作和食堂管理工作。医院将珍惜荣誉，继续推进卫生健康管理工作。","title: 【喜报】信阳市中心医院荣获“省级卫生先进单位”荣誉称号 信阳市中心医院连续六届被省爱卫会命名为省级卫生先进单位，主要归功于加强组织管理，落实卫生管理措施，做好卫生间环境整治、除“四害”活动、控烟工作、垃圾分类工作和食堂管理工作。医院将珍惜荣誉，继续推进卫生健康管理工作。 summary: 信阳市中心医院连续六届被省爱卫会命名为省级卫生先进单位，主要归功于加强组织管理，落实卫生管理措施，做好卫生间环境整治、除四害活动、控烟工作、垃圾分类工作和食堂管理工作。医院将珍惜荣誉，继续推进卫生健康管理工作。 content: 【喜报】信阳市中心医院荣获“省级卫生先进单位”荣誉称号 信阳市中心医院连续六届被省爱卫会命名为省级卫生先进单位，主要归功于加强组织管理，落实卫生管理措施，做好卫生间环境整治、除“四害”活动、控烟工作、垃圾分类工作和食堂管理工作。医院将珍惜荣誉，继续推进卫生健康管理工作。 "" """,微头条,信阳悦新传媒,2024-01-05 22:05:00,http://www.toutiao.com/w/i1787259519584272/,未知,控烟,正面,未知
20240101774,"#为什么烟草越来越贵?# 
答：吸烟有害健康，只有提价调控烟民少抽或不抽，（个人见解）。",title: #为什么烟草越来越贵?# 答：吸烟有害健康，只有提价调控烟民少抽或不抽，（个人见解）。 summary: #为什么烟草越来越贵?#答：吸烟有害健康，只有提价调控烟民少抽或不抽， 。 content: #为什么烟草越来越贵?# 答：吸烟有害健康，只有提价调控烟民少抽或不抽，（个人见解）。,微头条,进取海洋5Gn,2024-01-05 20:12:56,http://www.toutiao.com/w/i1787252468842524/,未知,控烟,中性,未知
20240101782,国内烟民已达数亿，戒烟失败好几次，怎么办？,title: 国内烟民已达数亿，戒烟失败好几次，怎么办？ summary: 国内烟民已达数亿，戒烟失败好几次，怎么办？目前，中国的烟民数量已经高达近四亿，烟草行业的蓬勃发展虽然推动了国民经济的快速进步，但却在人们的身体里埋下了很大的健康隐患。吸烟有害健康的标语随处可见，然而真正能够戒烟成功的人却少之又少，烟草依赖已经成为医学界公认的慢性疾病之一。 content: 目前，中国的烟民数量已经高达近四亿，烟草行业的蓬勃发展虽然推动了国民经济的快速进步，但却在人们的身体里埋下了很大的健康隐患。“吸烟有害健康”的标语随处可见，然而真正能够戒烟成功的人却少之又少，烟草依赖已经成为医学界公认的慢性疾病之一。吸烟可以帮助人们放松心情，缓解生活和工作上的压力，所以越来越多人开始尝试戒烟，等到感觉香烟对身体的伤害之后，想戒烟却是难上加难。吸烟为什么会上瘾呢，为何烟民们戒烟如此之难？吸烟会上瘾，主要是因为香烟中的尼古丁对大脑产生了刺激和依赖。尼古丁能够刺激中枢神经系统释放多巴胺等神经递质，产生愉悦感和兴奋感，使人们感受到短暂的快感。所以，长期吸烟会导致尼古丁成瘾，使身体对尼古丁产生强烈的依赖性，一旦停止吸烟，身体会出现戒断症状，如焦虑、烦躁、抑郁等不适感。对于烟民来说，戒烟的过程需要克服身体和心理上的双重依赖。首先，他们需要逐渐减少吸烟的频率或数量，以减轻身体对尼古丁的依赖。同时，他们也需要接受专业戒烟产品的辅助治疗。比如最新上市的酒石酸伐尼克兰片，国内名称叫威立戒，它可以有效缓解戒烟时身体所产生的一系列烟瘾戒断症状，如失眠、焦虑、恶心等，并且可以降低吸烟渴望，从而帮助烟民成功戒烟。此外，社会和家庭的支持也是戒烟成功的重要因素。社会应该加强对吸烟危害的宣传和教育，提高公众对吸烟危害的认识，同时政府也应该采取更加严格的控烟措施，限制烟草广告、提高烟草税等，减少吸烟人群的数量。家庭也可以给予烟民更多的关心和支持，帮助他们克服戒烟的困难，鼓励他们坚持戒烟。生命对每个人来说都只有一次，我们不能要求他人对我们的健康承担责任。因此，想真正的戒除烟瘾，还是要靠我们自己。作为新时代的公民，我们不仅需要主动戒烟，以恢复健康和提升自身的身体素质，更应当注重不在公共场所吸烟。这不仅是对他人的尊重，更是对社会的贡献。让我们共同携手，为了创造一个清新、健康、无烟的环境而努力。发布于：山东省,搜狐号,未来的迷人绚烂,2024-01-05 19:53:39,http://m.sohu.com/a/749836090_121707027,未知,戒烟、控烟,中性,未知
20240101818,护理科研选题思路推荐：健康行为,"title: 护理科研选题思路推荐：健康行为 summary: 护理科研选题思路推荐：健康行为世卫组织指出，慢性非传染性疾病的影响因素有很多，从个体层面而言，健康行为会对患者转归产生重要影响，比如烟草使用情况、酒精摄入情况、饮食习惯、身体活动等。健康知识和健康行为是健康素养的重要组成部分，健康知识影响健康行为，而健康行为又进一步影响个体健康生活质量[1]。 content: 世卫组织指出，慢性非传染性疾病的影响因素有很多，从个体层面而言，健康行为会对患者转归产生重要影响，比如烟草使用情况、酒精摄入情况、饮食习惯、身体活动等。健康知识和健康行为是健康素养的重要组成部分，健康知识影响健康行为，而健康行为又进一步影响个体健康生活质量[1]。健康行为是个人生活方式的重要部分，既往大量研究已经证实，抽烟、过量饮酒、不良饮食习惯、缺乏锻炼等对个人健康产生不利影响。在《“健康中国2030”规划纲要》中，塑造自主自律的健康行为是单独列出的一个章节，内容包括引导合理膳食、开展控烟限酒、促进心理健康、减少不安全性行为和毒品危害。&lt;img max-width=""600"" class=""content-image"" data-src=""h7fbg8uT6oAdxo1xkqmC8QKLbQpwWR9np1Sl0eYL+zG9Ukg1uINQK81BhsGDWEFIKpDNMb7dq0M//B/V8USZTrWTzmKYPwYvFkmu9a+AK6w="" width=""54"" height=""34"" /那么健康行为对于我们选题有什么启示呢？先看一些直观的数据。我们只以“健康行为”为主题词在知网上进行粗略检索，可以得到下列结果（发文数量趋势、主要主题分布、次要主题分布、文献类型分布、文献来源分布、基金分布）。围绕健康行为的研究在近些年呈现明显上升趋势。研究主题较多分布在健康教育、健康行为、高血压、遵医行为、糖尿病、健康素养、危险行为、生活质量。研究类型仍以原始研究论文为主，说明够新，也意味着是综述选题很好的潜在方向。多数文献来源于高质量、核心的中文期刊，也是一种信号。从基金分布以国自然和国社科的占比最多也可以看出，围绕健康行为的研究目前是国家、社会、时代发展的趋势。&lt;img max-width=""600"" class=""content-image"" data-src=""j62ER+laWpTPEkLaFdmRXsyScw3wrsac0+Q61C6u0BF1PBxwROZj6VrLwXsQL+0AEHSPQFJqN4kAeTaChx4dG7WTzmKYPwYvFkmu9a+AK6w="" width=""1080"" height=""437"" /发文数量趋势&lt;img max-width=""600"" class=""content-image"" data-src=""yJyoDGPS+lN53ZVgsmSzc2JfoXpU9L6BvxgyRzzKn8t8I+cJ+sdxkGC2tV/XIoDHViaYwtBIRvGVX84FtgGn4rWTzmKYPwYvFkmu9a+AK6w="" width=""1080"" height=""428"" /次要主题分布&lt;img max-width=""600"" class=""content-image"" data-src=""rktmUZKiSD+eswOQv1Y0i8dl0TDvn/h5EJWIjEkviCsQhIgy5b2ZcLXFUludEptDrcyHHu2o1RWvrTJLe9pFU7WTzmKYPwYvFkmu9a+AK6w="" width=""1080"" height=""426"" /&lt;img max-width=""600"" class=""content-image"" data-src=""i+xuDLks9VorTFRP5fQEOelCBb/pFAJkdHq+tZjGF2kI+5usOy/n/tedQZreaC4lNwVk8CLkZU7tLBJifITXiLWTzmKYPwYvFkmu9a+AK6w="" width=""1080"" height=""429"" /&lt;img max-width=""600"" class=""content-image"" data-src=""vrQqgk+FQSQmr7dDCa0gdiF6ALsM/hQfDbKIDSwrfVRBoEeWukvCUGPlaLZ8es21tLFX2OyV5E57A5F8dqW3Q7WTzmKYPwYvFkmu9a+AK6w="" width=""1080"" height=""429"" /关于健康行为对于选题的启示，我们再梳理一些既往研究结果。1.健康行为的定义[3]：健康行为的范围从一开始限于对疾病的预防和发现，逐步扩展到疾病的预防、发现、康复以及健康的促进和维持更全面的范围。人们为了预防疾病和/或尽早发现疾病而实施的行为。可以分为有意识的和平常生活中无意识的但都对健康有益的两类行为。与健康的维持、恢复和改善相关的明显行为模式、行动和习惯。为个人、群体采取的改善应对技能、提高生活质量的行为及决定条件、相关因素和结果，包括社会变化、政策发展和实施等。对于健康行为影响因素的探究涉及多个层面，包括个体（即生物、心理）、组织/机构、环境（即社会和物质层面）和政策层面。首先，个人层面如性别、年龄、教育水平、健康知识、心理因素（自我效能、健康信念等），中观层面如家庭功能、社会支持、社区环境、社会歧视、媒体宣传等，更宏观的层面如国家政策、医疗保健体系等。已有不少理论模型可解释健康行为如何发生、改变、发展[5-7]‍，如健康信念模式、计划行为理论等。基于这些行为理论，国内外学者们也已开展了相应的干预研究。值得注意的是，健康行为具有动态性、发展性和复杂性，单纯的线性关系不足以支撑我们想要探究的现象和科学问题。在真实世界研究逐渐成为临床医疗科研发展趋势的今天，我们了解自然情景下个体的行为状态[8]、从生命历程角度评估健康行为的远期结果[9]、进一步探究健康行为改变的机制和发展模式将具有重要意义。当然，这也是一大挑战。既往研究报告了许多改变健康行为的干预措施，但这些干预措施通常只对有针对性的健康行为产生较小的影响。这意味着，越系统的研究方案越有利于制定更有效的干预措施。大量综述研究中指出，可能存在影响干预措施效果的潜在调节因素。然而，现有的Meta分析中很少发现可靠的干预效果调节因子。对此一个积极的解释是，在不同群体、环境等条件中改变身体活动和其他健康行为的干预措施具有一定的稳健性。而继续寻求干预效果的潜在调节因素，将有助于增强我们对干预措施有效性的理解，并有助于行为改变科学的发展。值得进一步研究的四个潜在的调节因素是：理论的使用、行为改变技术、干预方式、以及干预剂量/类型。属于国家政策导向，时代发展所需的关键问题。未来还需挖掘持续性行为改变的促进因素，实现远期行为改变。未来还需拓展适用于中国国情的健康行为理论，具有疾病特异性的健康行为模式也值得探究。结合互联网时代发展特点，扩充健康行为概念的内涵和关系网，如健康信息行为。欢迎补充……以上列出的想法仅供大家学习参考，如有不当之处，欢迎指正，欢迎交流探讨。参考[1] 程兆辉,贺知菲,许小兰等.农村地区老年人健康知识、健康行为及影响因素研究[J].中国卫生事业管理,2022,39(08).[2] 刘梦如,梁发存,尹艳茹等.脑卒中患者健康素养的潜在剖面分析及与健康行为差异比较[J].军事护理,2023,40(04).[3] 林萍.健康概念与健康行为研究综述[J].当代体育科技,2020,10(06).[4] 闫瑞红,刘蓉,张澜.健康行为及其影响因素研究进展[J].护理学杂志：综合版,2010,25(2):94-97.[5] 林丹华,方晓义,李晓铭.健康行为改变理论述评[J].心理发展与教育(4):122-127[2023-11-20].DOI:10.3969/j.issn.1001-4918.2005.04.023.[6] 曹佃省,谢光荣.从行为意向到健康行为—健康行为程式模型(HAPA)概述[J].中国临床心理学杂志,2010,18(06).[7] 黄梦洁,王文静,孙小楠等.健康行为改变的多理论模型综述[J].现代预防医学,2022,49(18).[8] 姚林,徐岚,潘习等.老年人健康行为生态瞬时评估的研究进展[J].中华护理杂志,2022,57(20).[9] Short E S ,Mollborn S .Social determinants and health behaviors: conceptual frames and empirical advances[J].Current Opinion in Psychology,2015,5.[10] 曾国华,王万里,秦雪征.健康行为干预理论与机制研究进展[J].护理研究,2021,35(08).[11] Mark C ,Paul N .Health behaviour: Current issues and challenges.[J].Psychology health,2017,32(8).发布于：北京市",搜狐号,优护优联,2024-01-05 18:26:39,http://m.sohu.com/a/749817991_121771455,未知,控烟,正面,未知
20240101844,异龙镇湖滨社区开展控烟戒烟宣讲活动,"title: 异龙镇湖滨社区开展控烟戒烟宣讲活动 summary: 为保障辖区居民的身体健康，普及控烟戒烟知识，创造良好的社会卫生环境。近日，异龙镇湖滨社区在湖滨社区卫生服务站组织开展了以燃烧的是香烟，消耗的是生命为主题的健康教育活动。 content: 以下是正文为保障辖区居民的身体健康，普及控烟戒烟知识，创造良好的社会卫生环境。近日，异龙镇湖滨社区在湖滨社区卫生服务站组织开展了以“燃烧的是香烟，消耗的是生命”为主题的健康教育活动。&lt;img class=""content-image"" data-src=""wXdZHLbub1cJf8KN0C5vfcBtPsOZN1xBjR51Pm15agEqM5o9OVqaLA2J6TEXon1P0EgAD0sl9vyh8esSXZWaXZHR6ZXENezpKg+RsvzrwSA="" width=""990"" height=""760"" /活动中，湖滨社区卫生服务站工作人员通过展演的形式，详细讲解烟草的主要成分及可能引起的疾病，展示吸烟者的肺部，介绍吸烟与肺癌的关系，以及吸烟致病数据等知识，向居民宣传烟草对身心健康的危害，使居民意识到公共场合吸烟是不健康、不文明的行为，培养居民自觉远离烟草的健康意识。&lt;img class=""content-image"" data-src=""1yUEsxyfsUpaAj7lfsOvA8BtPsOZN1xBjR51Pm15agHbHF/jSKftO5h83FfjecH4jyvEG8Q9s342cHqWr4ctjm2Y6BN7hzciufkOOXB6w40="" width=""1080"" height=""810"" /本次宣讲活动对推动社区控烟工作的开展，创造无烟、洁净、健康的生活工作环境和居住环境，维护广大居民的健康起到了积极的促进作用。&lt;img class=""content-image"" data-src=""nuh/wEb6x4IxiInVMoIK8MBtPsOZN1xBjR51Pm15agGdx3OIGgCgwGPrh0BLrUN6Zn3yW0g2ZKxEWGt4YTbkdUjRs3nRewidNJzuxJtSEsg="" width=""1080"" height=""810"" /图文：邹露、高剑锋（湖滨社区）责编：杨凯华监审：沙城龙壹贰叁发布于：山西省",搜狐号,云上故事等你来,2024-01-05 16:36:38,http://m.sohu.com/a/749781768_121123523,未知,控烟戒烟、控烟,正面,未知
20240101851,不太建议大家用戒烟贴,title: 不太建议大家用戒烟贴 summary: #一起戒烟#戒烟方法#戒烟打卡. content: 因为实在是太太太控烟了 天[哇R][哇R][哇R][哇R] 就这个阿可韦戒烟贴 贴了之后你会感受到前 所 未 有的轻松 这该s的戒断症状终于消失了[飞吻R] 紧接着就是烟瘾越来越小 越来越不想抽烟！！！ #一起戒烟#戒烟方法#戒烟打卡,小红书,薄荷汽水,2024-01-05 16:22:00,http://www.xiaohongshu.com/discovery/item/6597bc49000000001d0377ba,未知,戒烟、控烟,中性,未知
20240101873,沪一女子遇糟心事！反复劝阻、投诉无果！咋办啊,"title: 沪一女子遇糟心事！反复劝阻、投诉无果！咋办啊 summary: 沪一女子遇糟心事！咋办啊这是一个都市的拧巷，新闸路1068弄，安静中透着生机。然而，在这份宁静中却隐藏着一场燃烧不尽的火药味，将居民们卷入一场名为楼道之争的纠纷漩涡。邸女士，住在这条拧巷的中央位置，却屡次受到邻居吸烟的困扰，她的维权之路曲折蜿蜒，令人扼腕。 content: 这是一个都市的拧巷，新闸路1068弄，安静中透着生机。然而，在这份宁静中却隐藏着一场燃烧不尽的“火药味”，将居民们卷入一场名为“楼道之争”的纠纷漩涡。邸女士，住在这条拧巷的中央位置，却屡次受到邻居吸烟的困扰，她的维权之路曲折蜿蜒，令人扼腕。""这栋两梯三户的楼房，是都市中的一处风景。邸女士的居所居中，而东侧住着一位有着30年烟龄的老烟民。这位邻居，每当夜深人静，便在楼道中纵情吸烟，淡淡的烟雾透过楼梯间，弥漫在邸女士家的每一个角落。为了摆脱这份心头之患，邸女士曾数百次向居委、物业等相关部门反映，奈何问题迟迟未见好转，连民警上门劝解也化为乌有。""这场“楼道之争”并非普通，它牵涉到“公共场所”和“私人空间”的法律定义，成为城市中的一道社会难题。在上海市公共场所控制吸烟条例的法规框架下，楼道被认为是私人空间，不受控烟法规的制约。这一解释引发了法律和专业领域的广泛争议，让人不禁思考，何为“公共”？在邸女士提供的与卫监所工作人员的对话录音中，工作人员声称楼道因有居民家的公摊面积，不算是公共场所，因此无法依法处罚吸烟行为。这样的回应引起了对公摊面积概念的质疑，让控烟执法的不确定性更加显著。""专业人士对此纷纷献计献策，认为有必要对公共场所的范畴进行明确定义，并建议强化对违规吸烟的即时性处罚，以使执法更有底气。然而，卫生健康行政部门对个人控烟的处罚几乎为零，让人对执法的效果产生质疑。这场“楼道之争”成为了社会焦点，居民和相关部门在公共场所和私人空间的定义上产生认知分歧。如同城市管理的一面镜子，如何在尊重各方权益的基础上找到更加公正、合理的解决方案，成为一个亟待解决的社会难题。这不仅关乎个体的权益，更涉及到城市治理和法规制定的根本性问题。""在这场“楼道之争”中，我们需要更为明晰的法规，更加有力的执法，以确保市民在共享空间中能够公平地行使各自的权利。同时，也需要通过宣传教育，提高市民的公共意识，让大家能够自觉遵守相关规定，共同维护社区和谐。希望通过这场“楼道之争”的解决，可以为今后的城市管理提供一份有益的经验。在这个繁华的拧巷中，邸女士的楼道之争或许只是冰山一角，城市生活中充满了无数类似的纠纷，每一场争论都牵动着城市的脉搏。这是一个关乎我们每个人的问题，不只是一场“楼道之争”，更是城市治理和法规制定中一个值得深思的命题。或许，通过这样的争论，我们能够找到更好的平衡，创造一个更加宜居的城市环境。",头条号,萌萌哒星球,2024-01-05 14:51:29,http://www.toutiao.com/w/i7320502242417902091/,未知,控烟,负面,未知
20240101880,新年伊始，又一国家推出控烟新政！| 环保协同控烟,title: 新年伊始，又一国家推出控烟新政！| 环保协同控烟 summary: 新年伊始，又一国家推出控烟新政！环保协同控烟近日，澳大利亚宣布将自2024年1月1日起禁止进口一次性电子烟，以防止更多儿童对尼古丁上瘾。同时从2024年3月起，政府还将禁止进口所有非治疗性电子烟及个人进口治疗性电子烟。 content: 近日，澳大利亚宣布将自2024年1月1日起禁止进口一次性电子烟，以防止更多儿童对尼古丁上瘾。同时从2024年3月起，政府还将禁止进口所有非治疗性电子烟及个人进口治疗性电子烟。2023年12月14日，世界卫生组织官网也发布了题为“必须采取紧急行动，保护儿童，防止抽吸电子烟”的新闻。中国生物多样性保护与绿色发展基金会控烟小组（简称“绿会控烟组”）早在2021年就《电子烟管理办法（征求意见稿）》提出七方面建议，并持续跟进制订和实施进展，呼吁社会各界广泛参与支持共同推进实现《“健康中国2030”规划纲要》控烟目标。2022年3月11日，国家烟草专卖局制定发布了《电子烟管理办法》，并于5月1日正式施行，规定禁止销售除烟草口味外的调味电子烟和可自行添加雾化物的电子烟，禁止向未成年人出售电子烟产品。文件明确了电子烟定义和监管对象，要求对电子烟生产、批发和零售主体实行许可证管理，对电子烟销售实行渠道管理等等。相关阅读：1.电子烟=戒烟神器？解读来了鏈煡閿欒2.不好奇、不尝试、不滥用！吸食“上头电子烟”属违法行为3.《电子烟管理办法》发布！禁止销售非烟草口味电子烟 | 绿会政研室跟进关注文|阿西叶 审|Cherry 编辑|Leah,头条号,中国绿发会,2024-01-05 14:16:57,http://www.toutiao.com/w/i7320493419103912487/,未知,控烟、戒烟,中性,未知
20240101893,北京市控烟协会：学校门口家长吸烟比例降一半,title: 北京市控烟协会：学校门口家长吸烟比例降一半 summary: 北京市控烟协会：学校门口家长吸烟比例降一半1月5日，北京市控烟协会发布2023年控烟工作成绩单：学校门口家长吸烟占比降至30.50%，控烟评分超90分的街乡占六成，控烟环境建设总体保持良好。 content: 1月5日，北京市控烟协会发布2023年控烟工作成绩单：学校门口家长吸烟占比降至30.50%，控烟评分超90分的街乡占六成，控烟环境建设总体保持良好。该协会会长张建枢介绍，学校周边100米内存在烟草销售点的问题依然突出。2023年年底，市控烟协会对本市7个区的160个街乡开展控烟工作调查。每个街乡抽取12个公共场所，包括医疗机构、餐厅、写字楼、商超、室内农贸市场、宾馆、娱乐场所等，共取得15360项数据。调查以是否有人吸烟和张贴禁烟标识等情况进行评分。结果显示，得分超过90分的街乡为97个，占60%以上。与近3年相比，2023年控烟环境建设总体保持良好。2023年下半年，协会联合相关部门开展了学校附近家长吸烟问题的专项整治工作。下半年，学校门口家长吸烟情况有了很大程度的改善，与2023年上半年调查结果相比，吸烟家长占比从69.44%降至30.50%。“学校周边100米内存在烟草销售点的问题依然突出。”张建枢介绍，《北京市控制吸烟条例》规定“在幼儿园、中小学校、少年宫及其周边100米内禁止设置烟草制品销售网点”，但大兴区、海淀区、朝阳区、石景山区等区学校周边100米内有烟草销售点，且仍存在新开销售点。市控烟协会呼吁，尽快关停这些烟草销售点，保障儿童的身心健康。随着春节假期临近，市控烟协会还将针对餐厅、商超、写字楼等人流密集场所开展控烟专项检查，倡导过节不吸烟、不敬烟、不送烟，“对二手烟说不”，共度无烟健康佳节。,新浪号,北京日报,2024-01-05 13:19:00,http://finance.sina.cn/2024-01-05/detail-inaamzpz5112311.d.html,未知,控烟,中性,未知
20240101915,绝大部分的肺癌都和吸烟有关！一起来学学如何科学戒烟！,"title: 绝大部分的肺癌都和吸烟有关！一起来学学如何科学戒烟！ summary: 绝大部分的肺癌都和吸烟有关！据世界卫生组织数据显示，烟草使用每年在全球范围内夺去800万人的生命，90%的肺癌都和吸烟有关。目前我国吸烟人数超3亿，每年因吸烟死亡人数超百万，这意味着我国控烟形势十分严峻，戒烟人数少之又少。如果自己确实无法戒烟成功，还可以去医院寻求戒烟门诊医生的帮助，科学、合理、快速戒烟。 content: 据世界卫生组织数据显示，烟草使用每年在全球范围内夺去800万人的生命，90% 的肺癌都和吸烟有关。目前我国吸烟人数超3亿，每年因吸烟死亡人数超百万，这意味着我国控烟形势十分严峻，戒烟人数少之又少。&lt;img max-width=""600"" class=""content-image"" data-src=""GD+QZ/Szan5tujIvO+GPakwg8Eb814llufNankbJaGH1iEsuI5EzzMZKM08AXuzCIO6w4WGvFchwucqnQ44qC50AJbsfJSbRKoXiyIIa2GY="" width=""438"" height=""286"" /大部分烟民都知道吸烟对身体的危害有多大，可能曾经也尝试过戒烟，却因各种戒断反应失败。吸烟上瘾主要有两个部分：① 烟草中含有易上瘾物质，抽了一根还想抽下一根，是因为其中的尼古丁等物质在作祟；② 心理作用，对于经常抽烟的人来说，会为自己找借口，说自己抽烟是因为压力大，这样可以释放压力，这或许已经有心理上的依赖了。其实，戒烟最重要的就是决心，只要坚定目标，戒烟成功后，你的身体会出现许多意想不到的变化。01戒烟后身体会发生哪些变化？在你开始戒烟的那一刻，你的身体已经开始悄悄发生变化……# 身体变化 #20分钟后，四肢的血液循环功能得到改善。2小时后，脉搏、心跳和血压恢复到正常水平。24小时后，心脏病发作的概率降低了。3天后，呼吸功能得到明显改善，这时候可能会出现咳嗽增加，表明越来越多有毒物质从体内排出。3个月后，平均肺活量增加。12个月后，患心血管疾病的风险减半。5年后，患胃癌、口腔癌、咽喉癌、食道癌、肺癌的风险降低50%。15年后，恭喜你，患癌症的风险和不吸烟者相同。02吸烟的危害远远不止肺癌显而易见，吸烟对身体的危害是巨大的，而且远远不止肺癌：01老年痴呆、阳痿根据《神经学杂志》发表的一项研究，65岁以上的男性中，吸烟者智力功能降低的概率比不吸烟者高5倍。研究人员指出，吸烟会损伤血管，使血液凝结，伤害大脑，引发中风和老年痴呆。另外有研究显示，吸烟会影响勃起功能，每天吸烟一包以上的男性，发生勃起功能障碍的风险比不吸烟的男性高60%。02口腔、骨骼香烟点燃之后，焦油和烟雾会产生一定的热量，使唾液腺发炎，影响嗅觉和味觉，长期以往，咽喉黏膜也会产生慢热性创伤，引起口腔癌和喉癌。&lt;img max-width=""600"" class=""content-image"" data-src=""BsafSaQN5QC18QPkYCmrQABP1m0O2iiQIWHA/EGTUja3FlHNC8o94mg6t0kc2X9cIsQHuhPVJ8RLmV/qwt/QBLWTzmKYPwYvFkmu9a+AK6w="" width=""1080"" height=""540"" /吸烟对全身的骨骼也会造成一定的伤害。尼古丁进入体内之后，会使血管收缩，减少新生骨骼的血量，加速关节的退化，骨质大量流失，还会影响雌激素的正常分泌，引发关节炎。03肌肉美国一项研究显示，吸烟会减少肌肉内小血管数量，给肌肉带来损伤，影响新陈代谢和运动水平，同时增加糖尿病、慢性阻塞性肺疾病等疾病的风险。04类风湿吸烟是导致类风湿的高危因素之一，吸烟量越大、吸烟时间越长，发生类风湿的风险就越高。而且，有研究证实，停止吸烟后，发生类风湿的风险会随着时间的推移降低。一直到停止吸烟10年之后，发生类风湿的风险才接近不吸烟者。&lt;img max-width=""600"" class=""content-image"" data-src=""bYGao+YvXiIysJdOm/gjG6JnnEeKLvH/ZRxVceiMdK58QD6nkKWiOPnKOssFxMqcHMTDQV6A0mou5CSgcOO7h50AJbsfJSbRKoXiyIIa2GY="" width=""421"" height=""292"" /03出现了戒断反应怎么办？吸烟容易戒烟难，不少信誓旦旦说要戒烟的吸烟者，最后都走向了戒烟失败的结局。因为在戒烟的过程中，戒烟者很容易出现戒断反应。比如：头晕、头痛&lt;img max-width=""600"" class=""content-image"" data-src=""bYGao+YvXiIysJdOm/gjG6uE8Rvsrk353B6ofroV8c7y8etChHt9XXKhw5i8WbUR5uB2Y825w603O4518miJrZ0AJbsfJSbRKoXiyIIa2GY="" width=""57"" height=""57"" /&lt;img max-width=""600"" class=""content-image"" data-src=""bYGao+YvXiIysJdOm/gjG6uE8Rvsrk353B6ofroV8c7y8etChHt9XXKhw5i8WbUR5uB2Y825w603O4518miJrZ0AJbsfJSbRKoXiyIIa2GY="" width=""57"" height=""57"" /吸烟会使大脑缺氧，造成精神不振、记性下降。经常吸烟的人，大脑已经适应了缺氧的环境，如果突然戒烟，大脑的氧气供应变多，就会出现醉氧症，表现为头晕、头痛等。咳嗽不断&lt;img max-width=""600"" class=""content-image"" data-src=""bYGao+YvXiIysJdOm/gjG6uE8Rvsrk353B6ofroV8c7y8etChHt9XXKhw5i8WbUR5uB2Y825w603O4518miJrZ0AJbsfJSbRKoXiyIIa2GY="" width=""57"" height=""57"" /&lt;img max-width=""600"" class=""content-image"" data-src=""bYGao+YvXiIysJdOm/gjG6uE8Rvsrk353B6ofroV8c7y8etChHt9XXKhw5i8WbUR5uB2Y825w603O4518miJrZ0AJbsfJSbRKoXiyIIa2GY="" width=""57"" height=""57"" /抽烟时咳，不抽烟时也咳。抽烟的时候，香烟产生的烟雾进入肺部，会破坏肺部纤毛，降低肺部的排毒能力。戒烟之后，肺部纤毛逐渐修复，排毒效率就会增加，引起咳嗽。乏力&lt;img max-width=""600"" class=""content-image"" data-src=""bYGao+YvXiIysJdOm/gjG6uE8Rvsrk353B6ofroV8c7y8etChHt9XXKhw5i8WbUR5uB2Y825w603O4518miJrZ0AJbsfJSbRKoXiyIIa2GY="" width=""57"" height=""57"" /&lt;img max-width=""600"" class=""content-image"" data-src=""bYGao+YvXiIysJdOm/gjG6uE8Rvsrk353B6ofroV8c7y8etChHt9XXKhw5i8WbUR5uB2Y825w603O4518miJrZ0AJbsfJSbRKoXiyIIa2GY="" width=""57"" height=""57"" /戒烟之后，大脑和身体会不断代谢尼古丁，要想代谢尼古丁，就要消耗大量的水分和能量，导致身体疲乏无力。同时，戒烟产生的醉氧症也会加重乏力的症状。嗜睡&lt;img max-width=""600"" class=""content-image"" data-src=""bYGao+YvXiIysJdOm/gjG6uE8Rvsrk353B6ofroV8c7y8etChHt9XXKhw5i8WbUR5uB2Y825w603O4518miJrZ0AJbsfJSbRKoXiyIIa2GY="" width=""57"" height=""57"" /&lt;img max-width=""600"" class=""content-image"" data-src=""bYGao+YvXiIysJdOm/gjG6uE8Rvsrk353B6ofroV8c7y8etChHt9XXKhw5i8WbUR5uB2Y825w603O4518miJrZ0AJbsfJSbRKoXiyIIa2GY="" width=""57"" height=""57"" /同样的，戒烟之后，身体的各器官和组织会进入修复阶段，修复需要消耗一定的能量，从而出现嗜睡的症状。而且，睡着之后，戒烟者还会出于对戒烟的恐惧、焦虑心理，频繁做噩梦，导致睡眠质量不佳。# 面对产生的戒断反应，应该怎么处理呢？#第一，让自己忙起来，不要被“吸烟”的欲望控制，可以通过阅读、运动等方式，转移注意力。第二，改变吸烟环境，远离卖烟商店、吸烟场所、吸烟朋友，或者改变家居环境等。第三，让家人和朋友支持和监督自己，当烟瘾发作，自己又难以控制的时候，让家人和朋友旁敲侧击，提醒自己不要吸烟。第四，当吸烟的冲动非常强烈的时候，可以通过嗑瓜子、嚼口香糖等方式，让嘴巴动起来。第五，面对焦虑、烦躁等情绪，多做深呼吸，或者去室外透透气，也可以和别人交流、倾诉，合理发泄。戒烟从什么时候开始都不晚，虽然戒烟不容易，但是只要坚持下去，就一定有成果，而且身体也会因为你戒烟成功，变得更加健康。如果自己确实无法戒烟成功，还可以去医院寻求戒烟门诊医生的帮助，科学、合理、快速戒烟。&lt;img max-width=""600"" class=""content-image"" data-src=""/XgGKGmmy65S51KsF688i7HH6fOvo1dGVDmsQWqCrcXG7MMHfP6BbljfSWWqeda7QsamAGQUZoiJbKXjaJX2Fww1nKZPEe40yyN9oWR++gU="" width=""3071"" height=""4263"" /",搜狐号,湖湘中医肿瘤医院,2024-01-05 08:12:00,http://m.sohu.com/a/748823087_121369701,未知,戒烟、控烟,负面,未知
20240101929,"#城市观察员#
上海爸爸们，为了孩子，请戒烟！
今年，上海市将全面推广“十月怀胎·爸爸戒烟”活动，旨在降低孕产妇、婴幼儿与二手烟的接触。
这一举措是《上海市爱国卫生与健康促进条例》的落地实践，意味着上海正以实际行动打造一个无烟城市，为健康上海建设添砖加瓦。
回望2010年，上海实施《上海市公共场所控制吸烟条例》后，公共场所违规吸烟率从37.5%锐减至12.3%，展现出上海对控烟的坚定决心。成人吸烟率也提前达到“健康中国2030”的目标，上海市政府因此荣获世界卫生组织的“世界无烟日奖”。这些成绩只是一个开始。
为了让每个孩子都拥有纯净的成长空间，上海爸爸们应积极响应戒烟倡议。不仅是为了自己的健康，更是为了家庭的未来。","title: #城市观察员# 上海爸爸们，为了孩子，请戒烟！ 今年，上海市将全面推广“十月怀胎·爸爸戒烟”活动，旨在降低孕产妇、婴幼儿与二手烟的接触。 这一举措是《上海市爱国卫生与健康促进条例》的落地实践，意味着上海正以实际行动打造一个无烟城市，为健康上海建设添砖加瓦。 回望2010年，上海实施《上海市公共场所控制吸烟条例》后，公共场所违规吸烟率从37.5%锐减至12.3%，展现出上海对控烟的坚定决心。成人吸烟率也提前达到“健康中国2030”的目标，上海市政府因此荣获世界卫生组织的“世界无烟日奖”。这些成绩只是一个开始。 为了让每个孩子都拥有纯净的成长空间，上海爸爸们应积极响应戒烟倡议。不仅是为了自己的健康，更是为了家庭的未来。 summary: 上海爸爸们，为了孩子，请戒烟！今年，上海市将全面推广十月怀胎·爸爸戒烟活动，旨在降低孕产妇、婴幼儿与二手烟的接触。回望2010年，上海实施《上海市公共场所控制吸烟条例》后，公共场所违规吸烟率从37.5%锐减至12.3%，展现出上海对控烟的坚定决心。 content: #城市观察员# 上海爸爸们，为了孩子，请戒烟！ 今年，上海市将全面推广“十月怀胎·爸爸戒烟”活动，旨在降低孕产妇、婴幼儿与二手烟的接触。 这一举措是《上海市爱国卫生与健康促进条例》的落地实践，意味着上海正以实际行动打造一个无烟城市，为健康上海建设添砖加瓦。 回望2010年，上海实施《上海市公共场所控制吸烟条例》后，公共场所违规吸烟率从37.5%锐减至12.3%，展现出上海对控烟的坚定决心。成人吸烟率也提前达到“健康中国2030”的目标，上海市政府因此荣获世界卫生组织的“世界无烟日奖”。这些成绩只是一个开始。 为了让每个孩子都拥有纯净的成长空间，上海爸爸们应积极响应戒烟倡议。不仅是为了自己的健康，更是为了家庭的未来。 """,微头条,成长路上你我他,2024-01-05 07:44:59,http://www.toutiao.com/w/i1787205412389915/,未知,戒烟、控烟,正面,未知
20240101936,"今年真的是不一样的年底，尤其是在新疆这片大地。近年来，为了控制烟草危害，控烟政策确实比以往更加严格了，越来越多的场所被禁止吸烟，各种烟草产品也被大量打击。而在今年的疫情影响下，销售渠道也变得更加困难，这也让不少烟民们感到焦虑。
你走遍了小区的四个超市，但都没有找到合适的烟草产品。这并不意味着控烟政策更加猛烈，事实上也许只是因为这些超市的销售不足，或者是烟草供应链的问题。但无论是哪一种原因，它们都与控烟政策并没有太大关系。
最终，在拿快递的时候，你终于找到了红河和山子这两种烟草产品。虽然这些烟草在当地可能已经算是比较常见的了，但是由于你的出现，这种烟草或许会成为你过年期间的最佳陪伴。
但是，随着时代的发展，吸烟已经不再是象征身份地位的标志。控烟政策的实施，其实是为了保障人民健康，减少烟草危害。因此，我们在享受美好生活的同时，也应该注意自己的身体健康，遵守相关规定，不要轻易放纵自己。而那些烟草产品，也应该被当作是一种合法、未受限制的商品来看待，而不是仅仅用于彰显身份地位的工具。
在这样的背景下，更加需要我们注重烟草危害的普及宣传，帮助更多人了解这些危害的种种，从而让更多人意识到戒烟的重要性。虽然实现这个目标并不容易，然而只要大家都能尽自己的一份力量，无论我们是烟民还是非烟民，我们都能为构建美好的社会作出贡献。","title: 今年真的是不一样的年底，尤其是在新疆这片大地。近年来，为了控制烟草危害，控烟政策确实比以往更加严格了，越来越多的场所被禁止吸烟，各种烟草产品也被大量打击。而在今年的疫情影响下，销售渠道也变得更加困难，这也让不少烟民们感到焦虑。 你走遍了小区的四个超市，但都没有找到合适的烟草产品。这并不意味着控烟政策更加猛烈，事实上也许只是因为这些超市的销售不足，或者是烟草供应链的问题。但无论是哪一种原因，它们都与控烟政策并没有太大关系。 最终，在拿快递的时候，你终于找到了红河和山子这两种烟草产品。虽然这些烟草在当地可能已经算是比较常见的了，但是由于你的出现，这种烟草或许会成为你过年期间的最佳陪伴。 但是，随着时代的发展，吸烟已经不再是象征身份地位的标志。控烟政策的实施，其实是为了保障人民健康，减少烟草危害。因此，我们在享受美好生活的同时，也应该注意自己的身体健康，遵守相关规定，不要轻易放纵自己。而那些烟草产品，也应该被当作是一种合法、未受限制的商品来看待，而不是仅仅用于彰显身份地位的工具。 在这样的背景下，更加需要我们注重烟草危害的普及宣传，帮助更多人了解这些危害的种种，从而让更多人意识到戒烟的重要性。虽然实现这个目标并不容易，然而只要大家都能尽自己的一份力量，无论我们是烟民还是非烟民，我们都能为构建美好的社会作出贡献。 summary: 今年真的是不一样的年底，尤其是在新疆这片大地。近年来，为了控制烟草危害，控烟政策确实比以往更加严格了，越来越多的场所被禁止吸烟，各种烟草产品也被大量打击。而在今年的疫情影响下，销售渠道也变得更加困难，这也让不少烟民们感到焦虑。 content: 今年真的是不一样的年底，尤其是在新疆这片大地。近年来，为了控制烟草危害，控烟政策确实比以往更加严格了，越来越多的场所被禁止吸烟，各种烟草产品也被大量打击。而在今年的疫情影响下，销售渠道也变得更加困难，这也让不少烟民们感到焦虑。 你走遍了小区的四个超市，但都没有找到合适的烟草产品。这并不意味着控烟政策更加猛烈，事实上也许只是因为这些超市的销售不足，或者是烟草供应链的问题。但无论是哪一种原因，它们都与控烟政策并没有太大关系。 最终，在拿快递的时候，你终于找到了红河和山子这两种烟草产品。虽然这些烟草在当地可能已经算是比较常见的了，但是由于你的出现，这种烟草或许会成为你过年期间的最佳陪伴。 但是，随着时代的发展，吸烟已经不再是象征身份地位的标志。控烟政策的实施，其实是为了保障人民健康，减少烟草危害。因此，我们在享受美好生活的同时，也应该注意自己的身体健康，遵守相关规定，不要轻易放纵自己。而那些烟草产品，也应该被当作是一种合法、未受限制的商品来看待，而不是仅仅用于彰显身份地位的工具。 在这样的背景下，更加需要我们注重烟草危害的普及宣传，帮助更多人了解这些危害的种种，从而让更多人意识到戒烟的重要性。虽然实现这个目标并不容易，然而只要大家都能尽自己的一份力量，无论我们是烟民还是非烟民，我们都能为构建美好的社会作出贡献。 """,微头条,雷哥雷家军,2024-01-05 06:11:02,http://www.toutiao.com/w/i1787172525298692/,未知,控烟、戒烟,正面,未知
20240101943,国家卫生健康委开展“无烟佳节与爱同行”活动……一起来听健康早闻！2024年1月5日,"title: 国家卫生健康委开展“无烟佳节与爱同行”活动……一起来听健康早闻！2024年1月5日 summary: 国家卫生健康委开展无烟佳节与爱同行活动。华中科技大学附属同济医院心血管内科汪道文教授团队深入研究糖尿病心肌损伤的发病机制，揭示了AGO2蛋白在糖尿病心肌病中的作用及机制，为糖尿病心肌病的治疗提供了新思路，其研究成果近日发表在国际著名期刊《循环》杂志上。 content: 要闻国家卫生健康委开展“无烟佳节 与爱同行”活动为进一步推动控烟工作开展，引导群众践行文明健康绿色环保生活方式，营造元旦、春节“两节”无烟氛围，1月3日，国家卫生健康委发布通知，开展“无烟佳节 与爱同行”控烟活动。活动要求各地结合本地实际，联合相关部门，紧抓元旦、春节时间节点，采取多种形式，开展具有地方特色的控烟系列宣传活动。四部门加强儿童玩具和学生用品安全管理近日，教育部、国家市场监督管理总局、工业和信息化部、全国妇联四部门联合印发通知，部署各地进一步加强儿童玩具和学生用品安全管理。通知指出，要加大质量安全监督管理力度，以儿童玩具和学生用品主产区、批发市场、农村集贸市场和电商平台等为重点，加大“网红”玩具、学生文具用品抽查检查力度。地方甘肃试点中医优势病种按疗效价值付费日前，甘肃省医保局、卫生健康委印发《关于开展中医优势病种按疗效价值付费改革试点工作的通知》，要求积极推进中医优势病种按疗效价值付费改革试点工作，在2024年至少将1家三级医疗机构和1家二级医疗机构纳入改革试点范围。河南推行“便民就医优流程”七项举措日前，河南省委全面深化改革委员会办公室、卫生健康委、医保局联合印发通知，决定在全省范围推行“便民就医优流程”七项举措，即：推行门诊综合服务一站式、入院服务一站式、检验结果线上互认、日间（手术）医疗服务、“互联网+护理服务”、非急救医疗转运服务和家庭病床服务。行业肝癌新辅助治疗中国专家共识发布近日，南京医科大学第一附属医院（江苏省人民医院）召开《肝癌新辅助治疗中国专家共识（2023版）》发布会。《共识》由该院肝胆中心主任王学浩院士领衔，国内60余位肝癌研究专家共同制定，明确了肝癌新辅助治疗的概念、适用人群和治疗周期。《共识》日前在《中华外科杂志》发表。髋关节前路手术专家共识出炉日前，由陆军军医大学新桥医院骨科牵头全国41家大型医院共同完成的《老年股骨颈骨折直接前路髋关节置换技术规范专家共识（2023版）》发表在《中华创伤杂志》上。该《共识》针对前路微创技术在老年股骨颈骨折应用中的适应证、手术设计、外科技术与操作规范等方面提出13条推荐意见，以进一步提升髋关节前路手术的临床诊疗规范性。科技日本研究人员发现治疗乙肝候选药物新华社消息，日本研究人员近日宣布，他们通过计算机筛选发现了一种具有抗病毒活性结构的小分子化合物iCDM-34。这种新型化合物能阻碍乙肝病毒基因组合成，与其他药物联用有望成为治愈乙肝的候选药物。相关论文近日已发表在自然出版集团旗下《细胞死亡发现》杂志上。基因治疗有望解决糖尿病心肌损伤华中科技大学附属同济医院心血管内科汪道文教授团队深入研究糖尿病心肌损伤的发病机制，揭示了AGO2蛋白在糖尿病心肌病中的作用及机制，为糖尿病心肌病的治疗提供了新思路，其研究成果近日发表在国际著名期刊《循环》杂志上。健康小提示养生注意 “早中晚”冬季养生，大家不妨从小事做起，注意“早中晚”，以保养身体。早搓手早晨起床后，大家可以搓一搓手，通过刺激手部经络穴位，让沉睡一夜的身体重新振奋起来。搓手掌，手掌内侧有肺经循行经过。早起搓手掌有助“唤醒”心肺功能。搓手背，手背有条重要的经络——三焦经。三焦经对应内分泌系统，每天搓手背，对调理内分泌很有帮助。午晒背腹部为阴，背为阳。中午是一天之中阳气最盛的时候，中午晒背更能起到补阳气的作用。晚泡脚每天晚上泡脚有助缓解关节炎、老寒腿、肢体麻木等病症。对于平时气虚、体虚的人来说，泡脚能预防感冒，缓解感冒症状。今日天气1月4日20时至5日20时，内蒙古东北部、黑龙江、吉林中东部、辽宁东北部等地的部分地区有小雪，黑龙江中东部等地局地有中到大雪。西南地区东部、湖南、广西中北部、江西西部、湖北西部等地的部分地区有小雨或中雨。&lt;img class=""content-image"" data-src=""1yUEsxyfsUpaAj7lfsOvA8BtPsOZN1xBjR51Pm15agEmsHM/oChI9Rr4qvDLnKHS70Lr9+SXsN4oE8BQOl9g2nLWG0t1FyaDQfkGAOvctak="" width=""821"" height=""679"" /&lt;img class=""content-image"" data-src=""AdrUyzrPRqQ3SLRqyklRvcBtPsOZN1xBjR51Pm15agFwROGxhCktZ5tvpeH7elYC3mwuHSlhskNFFgmiz5Z3qRu+fM4ozs3beSJd6bxTjnk="" width=""1080"" height=""113"" /编辑：徐秉楠审核：万懿喜欢就告诉我们您“在看”&lt;img class=""content-image"" data-src=""wXdZHLbub1cJf8KN0C5vfcBtPsOZN1xBjR51Pm15agF+1PvAv1/YALN9+xAn2SI5NCT0tkZGtjXuPYyTtREmV4gokZFx83HrKNpT1Sv35AQ="" width=""638"" height=""562"" /&lt;img class=""content-image"" data-src=""lEVudsxXQilkQo3OKeq3U8BtPsOZN1xBjR51Pm15agHaXqQ/tvK/CV5X97EzGC7Fp3nrcWPWCK/8YmiyvDg3FsKb7IDYIcw454cLr2su8IE="" width=""1080"" height=""528"" /发布于：北京市",搜狐号,健康报,2024-01-05 06:01:14,http://m.sohu.com/a/749635775_162422,未知,控烟,正面,未知
20240101530,"30 分钟起效
300 分钟控烟
3000 分钟阻断烟瘾
#控烟戒烟
#戒烟","title: 30 分钟起效 300 分钟控烟 3000 分钟阻断烟瘾 #控烟戒烟 #戒烟 summary: 30 分钟起效300 分钟控烟3000 分钟阻断烟瘾#控烟戒烟#戒烟30 分钟起效300 分钟控烟3000 分钟阻断烟瘾#控烟戒烟#戒烟 content: 30 分钟起效 300 分钟控烟 3000 分钟阻断烟瘾 #控烟戒烟 #戒烟 """,微头条,小苇聊话题,2024-01-04 20:28:09,http://www.toutiao.com/w/i7320218870457928986/,未知,控烟、控烟戒烟、戒烟,中性,未知
20240101565,北金科，这些班级很优秀！,"title: 北金科，这些班级很优秀！ summary: 工具条上设置固定宽高，背景可以设置被包含，可以完美对齐背景图和文字，以及用于模板制作。班级特色活动：开展心理宣传的活动，珍爱生命远离烟草的活动，定期召开总结会议，促进班级进步，提高班级整体能力和水平。 content: 优秀班集体合辑固定布局工具条上设置固定宽高，背景可以设置被包含，可以完美对齐背景图和文字，以及用于模板制作。固定布局工具条上设置固定宽高，背景可以设置被包含，可以完美对齐背景图和文字，以及用于模板制作。第三期他们以优秀的学风敦促学子研精覃思，笃学不倦他们以团结的班风凝聚成员同心同德，齐头并进他们以积极的作风引领同学躬体力行，勇于担当下面让我们一睹本期展出的“2022-2023学年优秀班集体”的风采吧！01&lt;img max-width=""600"" class=""content-image"" data-src=""ej45neWhkcyARccAN6a6HCzWMECbvF0iNXSH/xwYHsZQSJUwtJ5aHwkc1hovpyd4ETsyQCXWNRi9Y3hbNGR3y7WTzmKYPwYvFkmu9a+AK6w="" width=""660"" height=""509"" /★ 信息学院 ★&lt;img max-width=""600"" class=""content-image"" data-src=""ej45neWhkcyARccAN6a6HCzWMECbvF0iNXSH/xwYHsZQSJUwtJ5aHwkc1hovpyd4ETsyQCXWNRi9Y3hbNGR3y7WTzmKYPwYvFkmu9a+AK6w="" width=""660"" height=""509"" /&lt;img max-width=""600"" class=""content-image"" data-src=""GD+QZ/Szan5tujIvO+GPaoIJNcoPLkYiXo+0Sfozm0Hp5rr0SYFeHrdjQNrAV23741gvZXA6lul3XpQbD19kvrWTzmKYPwYvFkmu9a+AK6w="" width=""660"" height=""495"" /计科221先进班集体——计科221班，辅导员孟楠。班级建设：良好的班风是一个集体优秀的体现，班级在学院领导老师和班干部的带领下，做好各项班风建设，同学们团结友爱、互帮互助、遵纪守法，积极为班级工作献计献策。此外，同学们积极参加学院和学校组织的活动，积极加入团总支，为学院建设贡献力量，并在各项活动中获得荣誉。学风建设：全班同学学习态度端正，认真刻苦。班干部及课代表带头遵守课堂纪律，班级各科作业及时上交，全年出勤率高。班级内部团结奋进，同学间互帮互助解答疑问。本学年有七人获得优秀学生奖学金，三人获得单项奖学金，两人获得优秀班干部，最高绩点达到4.0以上，挂科率低。营造浓厚的学风，在班级内形成""比、学、赶""的良好风气。思想建设：该班政治素养过硬，用政治学习来提高学生的政治素质和思想觉悟。团学活动开展的有声有色。至今，已有7人成为入党积极份子，1人为发展对象，支部努力把政治学习和专业学习结合起来，在大家的努力下单调的政治理论学习活动多人参加，并取得良好的学习效果。班委建设：班委会树立强烈的责任心，把主要精力积极投入到班级的建设中，并起到模范带头作用。采取班委会责任制，内部监督制，要求班委会深入学生内部，了解学生的学习和生活，及时发现问题，及时解决问题。每学期要求各班委做好工作的回顾和总结，通过这种形式建立健全工作制度，提高班委工作效率，并取得了良好的效果，2名同学获得优秀学生干部称号。02&lt;img max-width=""600"" class=""content-image"" data-src=""ej45neWhkcyARccAN6a6HCzWMECbvF0iNXSH/xwYHsZQSJUwtJ5aHwkc1hovpyd4ETsyQCXWNRi9Y3hbNGR3y7WTzmKYPwYvFkmu9a+AK6w="" width=""660"" height=""509"" /★ 国际教育学院 ★&lt;img max-width=""600"" class=""content-image"" data-src=""ej45neWhkcyARccAN6a6HCzWMECbvF0iNXSH/xwYHsZQSJUwtJ5aHwkc1hovpyd4ETsyQCXWNRi9Y3hbNGR3y7WTzmKYPwYvFkmu9a+AK6w="" width=""660"" height=""509"" /&lt;img max-width=""600"" class=""content-image"" data-src=""qBA7y0VkO1UnTbZ6Q2C+kxLPaf7H1JzZoe0yH8bYYK+sBT/oc787Mpzjt2BexovLljPXmykYbEeYYKT60zMOJbWTzmKYPwYvFkmu9a+AK6w="" width=""660"" height=""372"" /审计国际221优良学风班——审计国际221班，辅导员闫贵宇。他们是一个团结奋进的班集体、一个温馨和谐的大家庭，班级出勤率高达100%，团课通过率100%， 入党积极分子3人，考试及格率100%，获校级奖学金人数8人。班级学习氛围良好，是团结积极向上正能量的班集体。他们积极开展党史学习，定期开展团支部会议，定期举行思想政治学习。坚持开展五个一活动，引导班级同学保持良好的阅读氛围；积极参加科创比赛，并在比赛中斩获一二三等奖；坚持组织上晚自习，提高班级凝聚力；多名同学在校级院级组织担任部长，多次组织志愿者活动，培养班级同学责任感。&lt;img max-width=""600"" class=""content-image"" data-src=""ej45neWhkcyARccAN6a6HCzWMECbvF0iNXSH/xwYHsbJacCjssoa+VP5E1d9zdd31fK6/3GskLgh+DdndfTlsLWTzmKYPwYvFkmu9a+AK6w="" width=""660"" height=""494"" /审计221先进班集体——审计221班，辅导员闫贵宇。该班现有党员发展对象1人、入党积极分子4人、共青团员7人，团课结业人数3人；优秀学生奖学金人数6人，其中两个一等、一个二等、三个三等；考试及格率达95%以上；大一及大二上半学年出勤情况良好。大一综合测评中5人智育成绩在90分以上，80分以上更有6人之多，受通报批评或处分0人，更有同学在商科综合能力大赛、创业营销大赛等竞赛中崭露头角；此外，他们积极举办特色活动，如“青春践行二十大”主题班会，鼓励阅读的“五个一”活动，并积极利用晚上空闲时间进行晚自习。03&lt;img max-width=""600"" class=""content-image"" data-src=""ej45neWhkcyARccAN6a6HCzWMECbvF0iNXSH/xwYHsZQSJUwtJ5aHwkc1hovpyd4ETsyQCXWNRi9Y3hbNGR3y7WTzmKYPwYvFkmu9a+AK6w="" width=""660"" height=""509"" /★ 财务与金融学院 ★&lt;img max-width=""600"" class=""content-image"" data-src=""ej45neWhkcyARccAN6a6HCzWMECbvF0iNXSH/xwYHsZQSJUwtJ5aHwkc1hovpyd4ETsyQCXWNRi9Y3hbNGR3y7WTzmKYPwYvFkmu9a+AK6w="" width=""660"" height=""509"" /&lt;img max-width=""600"" class=""content-image"" data-src=""GD+QZ/Szan5tujIvO+GPamBQ5xZEek7df6jeTJYnxC8msPslQfKeiRaExCakPwBumRA0WSIwNg9kZ1DozOqUIbWTzmKYPwYvFkmu9a+AK6w="" width=""660"" height=""505"" /财管国际221先进班集体——财管国际221班，辅导员韩玉。该班共有28人，其中17名为团员。班级同学在思想上追求上进，不断提高政治素养，积极向党组织靠拢，每期青年大学习完成率达100%。现7名同学申请入党，13名同学团课结业，6名同学获得优秀学生奖学金。在辅导员和班委的带领，全班同学的共同努力下，班级曾获评2022—2023学年校级先进班集体；2022—2023学年优秀团支部；2022—2023学年北京市先进班集体。在校内工作中，班级同学在各组织中担任多项职务，现有在职校级组织部门负责人5人、在职院级部长职位10人，校学生会、党员先锋站、形象大使委员会、财金学院团学组织都有我班同学的身影。在学风建设方面，班级出勤率始终保持在98%以上，考试及格率为97%，绩点3.0-3.99区间共有16人，绩点4.0以上同学有5人，年级前十中该班学生占三席。不仅如此，班级学生积极踊跃报名初级会计实务考试、ACCA、四级等相关专业类的考试。在相关专业考试中，同学们参与度高，大大提升了对所学专业知识的掌握程度。在思想政治方面，班级响应号召积极展开团日主题活动，包括践行二十大主题团日活动、责任与担当主题团日活动、学风建设主题团日活动、学宪法主题团日活动等。在过去的一年中，班级定期开展各类主题班会共计16次，其中包括：诚信考试主题班会、建党一百周年主题班会，青年大学习主题、垃圾分类、控烟、光盘行动等爱国主义教育活动。在志愿服务方面，班级同学在学习之余积极参加志愿活动。现已注册志愿北京班级总账号，所有同学已注册志愿北京个人账号，班级总服务时长达到480小时以上。同时财管国际221班同学积极组织并参与学校各类活动如校运动会、北美之星进校园、草地音乐节等，在活动中均有良好表现。&lt;img max-width=""600"" class=""content-image"" data-src=""nCQ4wlY2xLpnfMGKx0HDCCg6gHUy3BrUl0lJFYUVss+7dyRQq03R1MyWZ4t2btxi1uHI5aRN1hHBVACHi2Mo2rWTzmKYPwYvFkmu9a+AK6w="" width=""660"" height=""495"" /会计国际211先进班集体——会计国际211班，辅导员张哲。该班现有17人，申请入党人数15人，党校毕业人数6人，四级通过人数3人，优秀学生奖学金人数5人，单项奖学金人数4人，获各类评优人数10人，综合测评平均分（智、体、附）81.479，获星级文明宿舍次数2人，受通报批评或处分人数0人，考试及格率94.11%，出勤率88.23%。在辅导员的带领下，会计国际211班入学开始就制定了相应班规，同时加强班内文化建设，营造良好的学习氛围。班级学风端正，学习气氛浓厚，成绩良好，无缺勤早退，纪律良好，上课出勤率高；无违反课堂纪律学生；无考试作弊者；班级平均绩点达到3.65，绩点4.0以上5人；3.8以上10人；全年级绩点前3该班有2名；年级前20该班有9名，其中该班刘宇含、王楚甯两位同学，位列年级前三名。在注重学风的同时，班级还关注学生综合素质的提高，鼓励学生参加社团和院级、校级、市级各项活动、比赛，丰富自己的课余生活。在学生干部队伍的带领下，全班同学协同努力，齐头并进，不仅做好自己分内的事情，还积极配合校内各项活动。会计国际211学生在班级、院里、校级组织参加的各项活动表现突出是该班的一大特色。在学校的大中小型活动中均能够看到该班学生活跃的身影，并都能够取得优秀的成绩。成功的背后凝结着全班同学的汗水，相信未来会计国际211班的同学将更加团结一致、锐意进取，齐心协力，共同进步。&lt;img max-width=""600"" class=""content-image"" data-src=""BsafSaQN5QC18QPkYCmrQLhOlkzDq/a90IQNpm8Q8+e3NLH/r8/N7cU90BDaf7pAgGFK9Ofe0ZA85PyKyHnCe7WTzmKYPwYvFkmu9a+AK6w="" width=""660"" height=""495"" /金融222先进班集体——金融222班，辅导员李志烨。该班现有22名学生，同学们在思想上积极上进，不断提高政治素养，班级共有12名团员，其中有12人递交了入党申请书，现有入党积极分子2名，获奖学金人数4名。在学风建设方面，班级形成了“勤学、好问、慎思、明辨、笃行”的优良学风。一年来，班级出勤率高，课堂气氛活跃，获得任课老师的高度评价。在学风建设方面，班级形成了“勤学、好问、慎思、明辨、笃行”的优良学风。两年里，班级出勤率高，课堂气氛活跃，无欠学分同学，获得任课老师的高度评价。班级平均绩点达3.5，同学们在课余之外积极参加志愿者活动。在辅导员的指导下，班委会工作有序展开，从心理健康、消防安全、寝室生活等多个方面教育引领，此外，班级还通过组织寝室卫生评比，集体自习，建立学习帮扶小组，制定班规、寝规等多种形式，不断建设良好寝风，班风，学风，打造一个朝气蓬勃、和谐上进的正能量班集体。在未来，相信金融222班的同学同样有信心在学院中继续树立优良学风，更有信心在社会中做一流人才，用最绚烂的青春来点亮美丽的人生，为北京工商大学嘉华学院的发展与进步书写辉煌的篇章！04&lt;img max-width=""600"" class=""content-image"" data-src=""ej45neWhkcyARccAN6a6HCzWMECbvF0iNXSH/xwYHsZQSJUwtJ5aHwkc1hovpyd4ETsyQCXWNRi9Y3hbNGR3y7WTzmKYPwYvFkmu9a+AK6w="" width=""660"" height=""509"" /★ 创意艺术学院 ★&lt;img max-width=""600"" class=""content-image"" data-src=""ej45neWhkcyARccAN6a6HCzWMECbvF0iNXSH/xwYHsZQSJUwtJ5aHwkc1hovpyd4ETsyQCXWNRi9Y3hbNGR3y7WTzmKYPwYvFkmu9a+AK6w="" width=""660"" height=""509"" /&lt;img max-width=""600"" class=""content-image"" data-src=""bYGao+YvXiIysJdOm/gjGwkAuFJMGQQBMdfjuoI7RKj76y7ZiIoh660arnJUNikSii+df5yoN/tDqfF0LrRKErWTzmKYPwYvFkmu9a+AK6w="" width=""660"" height=""360"" /视传211先进班集体——视传211班，辅导员张晓。他们是一个团结友爱、自强自信的集体，每名学生都是一个积极向上，意气风发，怀着对知识的渴望，怀着对梦想的向往，怀着对生活的热爱，朝着共同的目标努力奋斗的新时代好青年。在全体成员的积极努力下，班级在支部建设、思想建设、班风学风建设、集体活动等各方面都取得了优异的成绩。班风学风建设：班级氛围融洽，学习热情高: 同学们成绩优异，在各自的专项比赛中表现优秀，拥有纪律严明，互帮互助的良好学风，班级在不同课上建立不同兴趣小组，形成团结协作、谦逊好学的学风。班级管理：班委团结一致，各司其职，在学习、生活、工作上发挥出各自的作用，宿舍没有违规电器,课堂上也没有违规违纪现象，班风优良。精神文明建设：每周一全班完成“青年大学习”等网络平台学习党团理论知识，班级入党入团热情，积极主动完成智慧团课，班里有多个文明寝室班级特色活动：开展心理宣传的活动，珍爱生命远离烟草的活动，定期召开总结会议，促进班级进步，提高班级整体能力和水平。视传211班级获奖情况：在2021-2022 获得北京工商大学嘉华学院先进班级体；2022-2023获得北京工商大学嘉华学院先进班集体。视传211班团支部成员共21名，有5名同学成为入党积极分子，2名同学成为预备党员。申请入党人数45人，团课结业人数20人，获取一等奖学金1人，二等奖学金2人，三等奖学金4人，班级出勤率达到百分之百，考试及格率达到百分之百。取得平面设计师证书13人，普通话证书19人，四级通过的同学有7人。&lt;img max-width=""600"" class=""content-image"" data-src=""BsafSaQN5QC18QPkYCmrQD6qVzDQmJC4YEwKiYYbDw3Ub9xEf+/eR9ibkfShZNmEyHCL3ttk8CWbgIJG3yxuFbWTzmKYPwYvFkmu9a+AK6w="" width=""660"" height=""439"" /视传222优良学风班——视传222班，辅导员韩梦媛。他们是一个积极向上、团结奋进的班集体，由 23名学生组成，来自祖国大江南北的他们，在嘉华共同追求着知识和成长。班级内有着党员积极分子一名，团员六名，在本学期内，班内的同学们积极参加团课党课。获得奖学金人数五名。本班级的上课出勤率100%学生们积极对待上课的每一分钟。在学风方面，班级同学们展现出了卓越的学习态度和进取精神。他们勤奋好学，积极参与课堂互动，善于思考和探索。班级整体的学习氛围浓厚，同学们之间互相帮助、共同进步。他们在各种学术竞赛中屡获佳绩，展示了扎实的专业知识和出色的学术能力。班级也注重全面发展。班级学生积极参与校园活动，组织了多次文化交流活动。通过这些活动，同学们不仅拓宽了自己的视野，还培养了团队合作精神和领导能力。通过研学，使得同学们有了一个更加清晰的学习目标。班级具有强大的凝聚力。同学们之间建立了深厚的友谊，经常一起组织聚会和户外活动，彼此关心和支持。在困难面前，他们能够团结一致，共同克服挑战。在学习的过程中，软件的使用过程中，同学们互帮互助，主动帮助有困难的同学，使得流畅的使用软件。此外，班级同学还注重社会责任。他们积极参与公益活动，关注环境保护、教育扶贫等社会问题，并通过实际行动为社会做出贡献。总之，这是一个优秀的班集体，他们在学术、活动、凝聚力和社会责任等方面都表现出色。他们以积极向上的态度和团结协作的精神，为大学生活增添了光彩。&lt;img max-width=""600"" class=""content-image"" data-src=""bYGao+YvXiIysJdOm/gjG6SPnt5Gsdk8MfXofVEOTKuSYBzOYJCQhRIeMX26pq7UJpLQ3CMdW3Hy3rApcxx9GrWTzmKYPwYvFkmu9a+AK6w="" width=""660"" height=""495"" /视传国际221先进班集体——视传国际221班，辅导员张锦。一年多来，该班在辅导员的带领下，班级建设日新月异，同学们展示出了孜孜不倦的学习状态，同学们作为一个整体，紧密地团结起来，积极配合学校学院有关活动，全力奉献班集体的力量。一、严谨的学风先进班集体以严谨的学风为前提。班级同学都明白，只有通过勤奋学习，才能取得优异的成绩。因此，班级的同学们都非常努力，相互学习，相互帮助，形成了良好的学习氛围。二、团结的力量先进班集体以团结的作风为基础。班级成员之间相互关心，相互支持，形成了深厚的友谊。在班级活动中，他们总是能够团结一心，共同面对挑战，取得了许多优异的成绩。三、丰富的活动他们自发组织各种丰富多彩的活动。例如，国际化志愿服务、校园控烟从我做起、班级建设座谈会，班级会定期举行社会实践活动，让同学们在轻松愉快的氛围中学习知识、锻炼身体、增长见识。这些活动不仅丰富了同学们的课余生活，也增强了班级的凝聚力和向心力。四、优异的成绩班级全体同学在思想上都积极要求进步，视传国际221团支部共有8名团员，每次青年大学习的完成率都位列前茅，获取一等奖学金1名，二等奖学金2名，三等奖学金4名。他们是一个团结协作、积极向上、成绩优异、活动丰富的班集体。相信在未来的日子里，他们将继续保持这种优良的学风作风，为学校的发展贡献力量。04汇滴水为川，集群星成汗，一个优秀的集体，是养分的供给与成长的空间，是心灵的归宿与温暖的港湾。优秀的集体裨益个人，杰出的个人成就集体，愿他们再接再厉，谱写更加绚烂的青春华章。本期来源 |学工处编辑 |视传国际222 俞雄审核|邓秋菊 聂延涛&lt;img max-width=""600"" class=""content-image"" data-src=""nCQ4wlY2xLpnfMGKx0HDCC/MzGxZ2b0sPlFZP7MZ4JX7G24b99SwyjEn+SoHB7CljzgQUbVqLW9Lz7dztouqcr7O2xJ054uuhYHCaxW17r4="" width=""960"" height=""540"" /发布于：北京市",搜狐号,北工商嘉华学院,2024-01-04 17:27:00,http://m.sohu.com/a/749228108_120007714,未知,控烟,正面,未知
20240101579,香烟或将迎来重大调整，3.5亿烟民该如何？建议老烟民赶紧戒烟！,"title: 香烟或将迎来重大调整，3.5亿烟民该如何？建议老烟民赶紧戒烟！ summary: 香烟或将迎来重大调整，3.5亿烟民该如何？建议老烟民赶紧戒烟！香烟的危害极大，但是依然让许多人陷入烟雾中所不能自拔，对于绝大多数烟民来说价格问题是一个非常重大的因素。小结：吸烟有害健康，不管是出于经济原因还是健康原因，众多老烟民都要加速戒烟！ content: 香烟的危害极大，但是依然让许多人陷入烟雾中所不能自拔，对于绝大多数烟民来说价格问题是一个非常重大的因素。众多的男性朋友因为香烟问题所疑难的最多的还是香烟价格一直在不断上涨，近期对于香烟有了重大的管控措施，经常抽烟的老烟民不妨了解一下，这对你们非常重要。吸烟的问题绝对不只是经济问题的原因，同样严重的其实还有对身体的伤害，而我国吸烟的人数从老中青三代所占的比重在逐渐增加。""吸烟是肺癌起因引起肺癌的原因有很多，吸烟是肺癌最主要的病因，但并不是说吸烟就一定会导致肺癌。吸烟过程中可产生60多种致癌物质，这些致癌物质可通过不同的机制，导致支气管上皮细胞遗传物质的损害。烟草当中含有很多的化学物质，其中有很多的化学物质有很强的致癌活性，比如说亚硝胺，这些化学物质可以通过多种机制，使得癌基因激活，抑癌基因失活，从而有可能引起细胞的癌变。""香烟或将迎来重大调整，3.5亿烟民该如何？建议老烟民赶紧了解吸烟对人体的伤害竟然这么大，研究部门也做出调整方案，在广场以及公共场所贴上“禁止吸烟”“吸烟有害身体健康”等标语。对于香烟的危害我国也是严加宣传，但是只靠宣传并不能解决问题，所以我国从对烟草的管控上进行了改变！根据《中华人民共和国烟草专卖法》《中华人民共和国烟草专卖法实施条例》及《电子烟管理办法》等法律法规、规章和规范性文件，制定本细则。""我国加入世界卫生组织制定的《烟草控制框架公约》中。并在此时，提出2030年吸烟率下降到20%以下的控烟目标。对于香烟的管控力度我国从经营者，消费者，关理者.3个方面进行了完善管理，在近几年里吸烟人数有了明显的减低！香烟或将迎来重大调整，3.5亿烟民该如何？建议老烟民赶紧了解1.法律并没禁止吸烟实际上我国在法律上颁布了防止吸烟的措施但是并没有禁止吸烟是因为吸烟虽然有害健康但是从法律自身的角度来讲是不能限制吸烟的规则的，也就是说吸烟是一个个人行为，只靠法律约束是不行的，所以消费者要自觉戒烟！2.香烟可以带来税收香烟的税收占我国总税收的一大部分，而我国烟民数量非常的多，所以香烟的税收也是比较高的。因为每年要消耗大量的烟草，所以烟草公司上缴的税费也非常高，这样才可以保证我国的税收收入。""3.香烟的生产可以带动就业值得注意的是，烟草这一行业也为许多人解决了就业问题。如果国家下令禁止香烟生产，那么大量的烟草种植户、香烟制造厂、香烟销售商将失业，这会引发社会的动荡。可以想象，许多家庭也会因此增加经济上的压力。4个时间吸烟是雪上加霜，危害是平时的10倍1.如厕时吸烟许多老烟民都爱上厕所时点一根烟，但这个行为其实对自身的健康很危险必须要改正，厕所中氨气的含量比较高，吸烟时一般吸气要加深，这就会增加氨气的吸入量。进入人体的氨气增加，上呼吸道受到刺激加重，身体的防御能力就会降低，很容易患呼吸道方面的疾病。""2.饭后吸烟饭后抽烟的危害很大，首先抽烟本身就是一种不良习惯，烟雾中的有毒物质很多，吃完饭后，人体开始消化食物，全身的血液循环加快，毛孔张开，有毒物质会经过肺部和其他器官吸收，而且会比其他时候吸烟吸收的更多。所以大家一定要注意不要饭后吸烟，这样对个人的身体健康会造成非常严重的影响。""3.喝咖啡时吸烟在吸烟的同时饮用咖啡，人体的主动脉血管会发生暂时性的硬化，而且它们能够相互反应对人体的供血系统产生慢性的长期的破坏作用，同时喝完咖啡后不要马上抽烟或喝酒，否则会加快血液循环，增加血管负担。因为咖啡具有加快血液循环，使心率加快，喝完咖啡后抽烟可加重加快尼古丁渗入体内的速度。加快尼古丁的毒性反应。""4.“事后”一支烟很多人在忙完一件事之后，通过放松心情来缓解疲劳，但这是不正确的，第一点在自己快放松的时候突然吸烟会导致器官对于香烟有毒物质的加深，加重对肺部的刺激，从而引发很多疾病。长期抽烟有什么危害？1.减少寿命香烟中含有大量的一氧化碳、尼古丁、致癌、刺激性等有害物质。烟雾中含有的焦油，会使与之接触的组织产生病变，如口腔和咽喉。烟中含有的尼古丁成分，会加速心脏跳动，升高血压，可能会引发心脏病发作。从而加重对人体器官的衰竭导致人体健康受到影响。2.影响生育大量吸烟会使生育力受损，每天抽10支烟以上的妇女，在停止采用避孕措施后，不育率为10.7%，而不吸烟者的不育率只为5.4%。已戒烟的妇女和从不吸烟的妇女的生育力大致相同。""3.使得心情焦虑长期使用成瘾物质所造成的躯体依赖和精神依赖，也就是人们常说的戒断反应，即指停止吸烟后数十分钟到数小时便开始想吸烟，并感到坐立不安、烦躁、心神不宁、手足无措。继而出现头痛、心慌、乏力、腹部不适、恶心、腹泻、精神萎靡、注意力难以集中、得内心焦虑。""4.加快衰老过程烟叶里含有尼古丁，尼古丁对皮肤血管有收缩作用，所以吸烟者皮肤出现皱纹要比不吸烟者提前10年到来，尤其是两眼角、上下唇部及口角处皱纹会明显增多，从而加速衰老的过程。小结：吸烟有害健康，不管是出于经济原因还是健康原因，众多老烟民都要加速戒烟！",百家号,炯神医生聊,2024-01-04 16:52:26,http://baijiahao.baidu.com/s?id=1787149257152047919,未知,戒烟、控烟,中性,未知
20240101609,错过后悔！新品戒烟贴就得这么选！,title: 错过后悔！新品戒烟贴就得这么选！ summary: 戒烟方法#戒烟神器#干货分享#戒烟打卡#一起戒烟。 content: 宝子们听我一句劝，戒烟贴千万别再盲目跟风了，整理了一些我自己用过的给大家做一下参考，赶快码住！ - 逸舜宝 这款采取温和控烟的方式 特别适合老烟民使用 里面是植物的精华用着放心 不经心肺有效减少脏器损害 烟立尽 这款还是产自日本 采取草本控烟的方式 注意敷贴部位有破损的时候不要使用 白云山 这个牌子好像还挺有名的 包装小小的方便携带 里面是独立包装的干净卫生 尼易达 天然植物提取成分温和 精心的配比，用着更放心 注意不要每天贴在同一位置 优戒 防粘透明层的设计 能更容易撕开还做了防水设计 出汗也不怕脱落 逸舜宝是颜小乙旗下产品 - #如何戒烟#轻松戒烟#戒烟药#意志力戒烟#香烟#好物推荐#戒烟方法#戒烟神器#干货分享#戒烟打卡#一起戒烟,小红书,170的萝莉,2024-01-04 15:56:00,http://www.xiaohongshu.com/discovery/item/659661b00000000012005c48,未知,戒烟、控烟,中性,未知
20240101658,吸烟有害于健康，为什么不全面禁烟？事情可没呢么简单,"title: 吸烟有害于健康，为什么不全面禁烟？事情可没呢么简单 summary: 吸烟有害于健康，为什么不全面禁烟？事情可没呢么简单在当今社会，吸烟被广大人们所共知为有害于健康的行为。香烟中的尼古丁和其他有害物质不仅会导致吸烟者身体健康问题，还对周围的人群产生二手烟危害。同时，对于已经成瘾的吸烟者，我们也要给予他们关怀和帮助，以期实现吸烟问题的全面减少和最终消除。 content: 在当今社会，吸烟被广大人们所共知为有害于健康的行为。香烟中的尼古丁和其他有害物质不仅会导致吸烟者身体健康问题，还对周围的人群产生二手烟危害。因此，我们不禁要问：既然吸烟有害于健康，为何不全面禁烟？""为什么不直接禁止吸烟以彻底解决问题。毫无疑问，这是一个看似简单却充斥着复杂问题的提议。目前国家对烟草的管控保证了烟草的合理供应，避免了假烟和囤烟现象。然而，全面禁止吸烟可能引发一连串的问题，甚至带来黑市交易的兴起，就像当年美国的禁酒令一样。热爱烟草的人们可能会凭借着顽强的个人决心远赴远方，寻找那些默默供应着的国外烟草。烟价飙升，最终受害的还是那些平凡的百姓。我们要理解吸烟行为在人们之间的广度和深度。吸烟已经成为了人们社交交流不可或缺的一部分。烟民可以通过聚在一起吸烟，分享香烟的过程中既能展示他们的烟盒收藏品，又能品味独特的口味。烟雾缭绕的氛围更是让人感到轻松愉快。因此，全面禁烟对这部分群体来说，会造成极大的生活困扰和情感上的困扰。如何在确保公共卫生和个人利益之间寻找一个平衡点，是当下亟需解决的问题。""吸烟问题自古以来就根深蒂固地与社会利益和税收问题紧密相连。香烟作为烟草行业的主要产品，贡献了巨额的税收收入，以及为制烟和销售香烟创造了大量的就业机会。若全面禁烟，将会导致烟草行业的崩溃，直接影响到国家和地方的财政收入，并对相关产业和市场产生负面影响。在考虑全面禁烟的问题时，我们必须综合衡量社会利益和经济利益之间的关系，以便找到一个平衡的解决方案。我们必须承认，吸烟是一个人的自由选择。详尽的吸烟危害信息已经广为宣传，并未达到使每个人都能停止吸烟的效果。虽然吸烟本身可能对身体健康有害，但人们在做出决策时仍然希望保留一定的自主权。对于那些确实无法停止吸烟的人来说，我们可以通过教育、咨询和帮助他们减少吸烟量，以此来降低吸烟对他们及周围人群健康的危害。""相较于禁烟，控烟似乎更为合适。在大力宣传吸烟危害的同时，加强对烟草销售的监管措施，可以让吸烟者慎重考虑这个习惯对他们自身健康的影响。启发他们意识到身体健康远比烟草诱人的魅力更为宝贵。要推动控烟政策的成功实施，还需要更加全面的措施，譬如加大对吸烟者戒烟的支持力度。这不仅可以提供心理上和物质上的帮助，更重要的是给予他们希望和信心，让他们相信，摆脱烟草的束缚并不是遥不可及的梦想。""对于那些无法自控的吸烟者，例如青少年和精神病患者，也需要加强社会教育的力度。通过科学的知识普及，让他们意识到吸烟带来的危害和痛苦，并教导他们自我保护的方法和技巧。只有这样，他们才能够摆脱烟草的禁锢，迎接更加美好的未来。我们不能否认，光靠政策和教育很难完全解决问题。个人的意志力是决定命运的关键因素。毕竟，烟草并不像毒品那样具有毁灭性的力量。虽然人们认可烟草的危害，但个体差异使得一些人能够更好地抵制烟草的诱惑，而另一些人则无法摆脱它的魔掌。""我们需要更加关注心理健康。通过提升人们的心理素质和意志力，帮助他们建立战胜烟草诱惑的自信。我们可以通过各种自助心理疗法、心理辅导和社交支持的方式，帮助那些渴望戒烟的人们找到内心的平衡和支撑，克服在戒烟过程中的困难和挫折。建立一个全面控烟的社会，需要政府、社会组织和个体的共同努力。政府应该加强对烟草行业的监管，推出更加严格的法规来减少吸烟的危害。社会组织应该发挥更大的作用，通过组织宣传活动和推广戒烟知识，唤起社会对吸烟危害的关注。个体在戒烟的过程中，需要鼓励和支持，以克服自身的困难。""吸烟有害是众人皆知的事实，但全面禁烟可能带来的问题同样不可忽视。为了兼顾社会利益、经济利益和个人自由，我们需要采取一种科学合理、渐进的方式来解决吸烟问题。通过加强相关法律法规的执行和宣传教育的力度，我们可以逐渐减少吸烟者的数量，并降低吸烟对社会的危害。同时，对于已经成瘾的吸烟者，我们也要给予他们关怀和帮助，以期实现吸烟问题的全面减少和最终消除。""",头条号,就爱唠唠嗑,2024-01-04 11:58:25,http://www.toutiao.com/w/i7320086740327645731/,未知,控烟、戒烟,中性,未知
20240101693,爱尔兰计划全面禁烟！这一步至关重要 | 控烟观察,title: 爱尔兰计划全面禁烟！这一步至关重要 | 控烟观察 summary: 爱尔兰计划全面禁烟！控烟观察近日，中国生物多样性保护与绿色发展基金会控烟工作组注意到，爱尔兰卫生部长斯蒂芬·唐纳利于日前表示，计划在爱尔兰全国推行禁烟计划。唐纳利表示，计划首先将购买卷烟人群的法定年龄提高到21岁，这是他倡导在爱尔兰全面禁烟的第一步。他向媒体表示，他的计划将挽救很多人的生命。 content: 近日，中国生物多样性保护与绿色发展基金会控烟工作组（简称“绿会控烟组”）注意到，爱尔兰卫生部长斯蒂芬·唐纳利（Stephen Donnelly）于日前表示，计划在爱尔兰全国推行禁烟计划。唐纳利表示，计划首先将购买卷烟人群的法定年龄提高到21岁，这是他倡导在爱尔兰全面禁烟的第一步。他向媒体表示，他的计划“将挽救很多人的生命”。为爱捐赠：“熄”烟减烟头，一起护环境！- 中国生物多样性保护与绿色发展基金会其实早在2020年新修订并于2021年6月1日起施行的《中华人民共和国未成年人保护法》（以下简称《未成年人保护法》）就对控烟部分进行了修改。该法第17条将烟草的定义扩大到包括电子烟。第59条规定“学校、幼儿园周边不得设置烟、酒、彩票销售网点。禁止向未成年人销售烟、酒、彩票或者兑付彩票奖金。烟、酒和彩票经营者应当在显著位置设置不向未成年人销售烟、酒或者彩票的标志；对难以判明是否是未成年人的，应当要求其出示证件。任何人不得在学校、幼儿园和其他未成年人集中活动的公共场所吸烟、饮酒。”中国是《烟草控制框架公约》缔约方，承担着控烟履约任务，也一直为加强控烟履约而努力。据统计，中国烟民数量超过3亿，7.4亿人受二手烟危害，每年因吸烟导致疾病的死亡人数超过100万。但烟草产业所带来的环境损害，更加严峻和深远。从种植生产到销售、使用，再到废弃物处理，烟草对人类生存环境健康的危害，正成为国际社会和国内有关部门关注的焦点。中国生物多样性保护与绿色发展基金会（简称“中国绿发会”或“绿会”）控烟小组早在2018年就开始关注烟草对环境的影响，并为此做了大量工作，分别于2019年和2021年就公共场所控制吸烟提起了两起环境公益诉讼。其中包括2019年对以儿童为主题的某大型商场设置吸烟室和吸烟标示，并紧邻母婴室的违法情况提起中国首例室内公共场所控烟公益诉讼。青少年是国家的未来和民族的希望，保护青少年的身心健康，离不开全社会的共同努力。希望大家能携手同行，为青少年营造一个健康、无烟的学习和成长环境。文|阿西叶 审|Cherry 编辑|Leah,头条号,中国绿发会,2024-01-04 09:53:15,http://www.toutiao.com/w/i7320053436974891583/,未知,控烟,中性,未知
20240101723,"近日，著名学者王某某因涉嫌违法吸烟引起关注，针对此事，控烟人士提出观点：对于公众人物，不应存在任何区别对待。


在这一事件中，备受瞩目的教授王某某被指控违规吸烟，引发了社会广泛关注。针对此事，一些控烟人士提出了公正公平的观点，主张在法律和舆论上不应对公众人物进行过分区别对待。
公众人物的言行往往会受到更多的关注，而他们的榜样作用也更为显著。在这个背景下，对于王某某的吸烟行为，控烟人士强调，应当以一种公正的标准来评价，而不应因其身份地位而做过多的区分。
控烟人士表示，任何违法吸烟行为都应受到应有的法律制裁，但在进行舆论批评时，应当避免对公众人物过度的道德指责。他们主张在公共舆论场合，对于任何人的违法行为都应该一视同仁，不因其在社会中的地位而放大或淡化其过错。
总体而言，控烟人士对这一事件提出了建设性的意见，强调了在处理公众人物违法问题时，应保持公正客观，避免过度渲染和偏见。
","title: 近日，著名学者王某某因涉嫌违法吸烟引起关注，针对此事，控烟人士提出观点：对于公众人物，不应存在任何区别对待。 在这一事件中，备受瞩目的教授王某某被指控违规吸烟，引发了社会广泛关注。针对此事，一些控烟人士提出了公正公平的观点，主张在法律和舆论上不应对公众人物进行过分区别对待。 公众人物的言行往往会受到更多的关注，而他们的榜样作用也更为显著。在这个背景下，对于王某某的吸烟行为，控烟人士强调，应当以一种公正的标准来评价，而不应因其身份地位而做过多的区分。 控烟人士表示，任何违法吸烟行为都应受到应有的法律制裁，但在进行舆论批评时，应当避免对公众人物过度的道德指责。他们主张在公共舆论场合，对于任何人的违法行为都应该一视同仁，不因其在社会中的地位而放大或淡化其过错。 总体而言，控烟人士对这一事件提出了建设性的意见，强调了在处理公众人物违法问题时，应保持公正客观，避免过度渲染和偏见。 summary: 近日，著名学者王某某因涉嫌违法吸烟引起关注，针对此事，控烟人士提出观点：对于公众人物，不应存在任何区别对待。针对此事，一些控烟人士提出了公正公平的观点，主张在法律和舆论上不应对公众人物进行过分区别对待。 content: 近日，著名学者王某某因涉嫌违法吸烟引起关注，针对此事，控烟人士提出观点：对于公众人物，不应存在任何区别对待。 在这一事件中，备受瞩目的教授王某某被指控违规吸烟，引发了社会广泛关注。针对此事，一些控烟人士提出了公正公平的观点，主张在法律和舆论上不应对公众人物进行过分区别对待。 公众人物的言行往往会受到更多的关注，而他们的榜样作用也更为显著。在这个背景下，对于王某某的吸烟行为，控烟人士强调，应当以一种公正的标准来评价，而不应因其身份地位而做过多的区分。 控烟人士表示，任何违法吸烟行为都应受到应有的法律制裁，但在进行舆论批评时，应当避免对公众人物过度的道德指责。他们主张在公共舆论场合，对于任何人的违法行为都应该一视同仁，不因其在社会中的地位而放大或淡化其过错。 总体而言，控烟人士对这一事件提出了建设性的意见，强调了在处理公众人物违法问题时，应保持公正客观，避免过度渲染和偏见。 """,微头条,爱哭的凉小瓷i,2024-01-04 04:46:09,http://www.toutiao.com/w/i1787103563653132/,未知,控烟,正面,未知
20240101730,"国家控烟政策日益严格，低档烟销量逐渐下降，而烟草税收也是国家财政的重要来源，面对这样的矛盾问题，应该如何解决？
一些商家提出了一个看似可行的方案——多投放高档卷烟。通过提高卷烟价格的方式，减少抽烟人的数量，以达到控量的目的，并且高档烟的价格相对稳定，对税收的保障也能得到保障，让国际上有交代，国家也有交代。
但是，这种方案可能存在实际问题。现实是，在疫情期间抽烟的人已经越来越少了，特别是年轻人，他们对健康的关注度逐渐提高。那么，如果你年年增加中高档卷烟，这些卷烟该如何消化呢？大部分价格只有5元左右的消费者突然被要求购买二十、三十元的卷烟，这是否合理？
此外，在互联网时代，香烟已成为了便利店的重要商品，也是绝大多数店家的救命稻草。
如果政策不好，这些小店铺可能就会倒闭，特别是在大量高档卷烟积压不消化的情况下，只能将其降价销售，然后接着面临更多的存货难以消化的问题。
因此，我们需要采取合理的措施，逐渐减少烟草税收，同时减少市场卷烟投放，特别是中高档卷烟的投放。只有这样，才能在达到控烟的效果的同时保障存量烟草零售户的利益，并且避免新的烟草证的发放，这也是符合现代健康意识的需要。
只有这样，我们才能逐步跟上世界戒烟潮流，才能保证我们的健康和国家的发展。控烟政策的实现不应该仅仅考虑税收问题，而是要从各个方面进行综合考虑，才能使政策更加完善。","title: 国家控烟政策日益严格，低档烟销量逐渐下降，而烟草税收也是国家财政的重要来源，面对这样的矛盾问题，应该如何解决？ 一些商家提出了一个看似可行的方案——多投放高档卷烟。通过提高卷烟价格的方式，减少抽烟人的数量，以达到控量的目的，并且高档烟的价格相对稳定，对税收的保障也能得到保障，让国际上有交代，国家也有交代。 但是，这种方案可能存在实际问题。现实是，在疫情期间抽烟的人已经越来越少了，特别是年轻人，他们对健康的关注度逐渐提高。那么，如果你年年增加中高档卷烟，这些卷烟该如何消化呢？大部分价格只有5元左右的消费者突然被要求购买二十、三十元的卷烟，这是否合理？ 此外，在互联网时代，香烟已成为了便利店的重要商品，也是绝大多数店家的救命稻草。 如果政策不好，这些小店铺可能就会倒闭，特别是在大量高档卷烟积压不消化的情况下，只能将其降价销售，然后接着面临更多的存货难以消化的问题。 因此，我们需要采取合理的措施，逐渐减少烟草税收，同时减少市场卷烟投放，特别是中高档卷烟的投放。只有这样，才能在达到控烟的效果的同时保障存量烟草零售户的利益，并且避免新的烟草证的发放，这也是符合现代健康意识的需要。 只有这样，我们才能逐步跟上世界戒烟潮流，才能保证我们的健康和国家的发展。控烟政策的实现不应该仅仅考虑税收问题，而是要从各个方面进行综合考虑，才能使政策更加完善。 summary: 国家控烟政策日益严格，低档烟销量逐渐下降，而烟草税收也是国家财政的重要来源，面对这样的矛盾问题，应该如何解决？控烟政策的实现不应该仅仅考虑税收问题，而是要从各个方面进行综合考虑，才能使政策更加完善。 content: 国家控烟政策日益严格，低档烟销量逐渐下降，而烟草税收也是国家财政的重要来源，面对这样的矛盾问题，应该如何解决？ 一些商家提出了一个看似可行的方案——多投放高档卷烟。通过提高卷烟价格的方式，减少抽烟人的数量，以达到控量的目的，并且高档烟的价格相对稳定，对税收的保障也能得到保障，让国际上有交代，国家也有交代。 但是，这种方案可能存在实际问题。现实是，在疫情期间抽烟的人已经越来越少了，特别是年轻人，他们对健康的关注度逐渐提高。那么，如果你年年增加中高档卷烟，这些卷烟该如何消化呢？大部分价格只有5元左右的消费者突然被要求购买二十、三十元的卷烟，这是否合理？ 此外，在互联网时代，香烟已成为了便利店的重要商品，也是绝大多数店家的救命稻草。 如果政策不好，这些小店铺可能就会倒闭，特别是在大量高档卷烟积压不消化的情况下，只能将其降价销售，然后接着面临更多的存货难以消化的问题。 因此，我们需要采取合理的措施，逐渐减少烟草税收，同时减少市场卷烟投放，特别是中高档卷烟的投放。只有这样，才能在达到控烟的效果的同时保障存量烟草零售户的利益，并且避免新的烟草证的发放，这也是符合现代健康意识的需要。 只有这样，我们才能逐步跟上世界戒烟潮流，才能保证我们的健康和国家的发展。控烟政策的实现不应该仅仅考虑税收问题，而是要从各个方面进行综合考虑，才能使政策更加完善。 "" """,微头条,不晚DY,2024-01-04 01:37:32,http://www.toutiao.com/w/i1787091685103616/,未知,控烟、戒烟,正面,未知
20240101351,“禁烟携手同行，健康你我相伴”——贺兰县友爱社区开展控烟科普知识讲座,"title: “禁烟携手同行，健康你我相伴”——贺兰县友爱社区开展控烟科普知识讲座 summary: 禁烟携手同行，健康你我相伴——贺兰县友爱社区开展控烟科普知识讲座为了我和家人的健康，我一定要努力戒烟，相信通过社区工作人员的帮助，我一定会戒烟成功的！接下来，友爱社区将持续开展健康教育知识进社区活动，倡导居民养成文明健康的生活方式，不遗余力地为提升社区公共卫生健康水平、维护居民生命健康贡献力量。 content: “为了我和家人的健康，我一定要努力戒烟，相信通过社区工作人员的帮助，我一定会戒烟成功的！”家住在友爱社区居安苑西二区的袁先生说。为扎实开展“四强”能力作风建设年活动，增强辖区居民的控烟意识，营造一个健康、清洁、无烟的社区环境。1月2日，富兴街街道友爱社区邀请宁夏英开悟心身健康管理研究中心的张巧娟老师开展控烟科普知识讲座。""“当一个人吸烟的时候，你知道他吸进去的是什么吗？”“戒烟多久身体能够恢复原样？”老师先抛出几个问题，让居民们在集体讨论、思想碰撞、轮流发言中逐渐活跃起气氛。随后，老师从控烟健康教育核心信息、吸烟及二手烟对身体的危害、爱吸烟的原因、戒烟常识和方法、相关法律法规及益处等五个方面，通过运用图片、文字、数据等资料详细讲解了吸烟及被动吸烟的危害、戒烟技巧、劝阻吸烟技巧等内容。引导居民为了自己和家人的健康，不吸或少吸烟，把健康知识转变为健康行为，提高生命质量，营造良好的生活环境，共建无烟社区，共享健康生活。讲座也接近尾声了，老师对于刚开始抛出的问题进行了提问，居民们进行抢答，个个精神饱满，有备而战，都想以最快的速度抢答题目，最终家住在友爱社区安鑫花园的王树军说：“吸烟吸进去的是钋，这玩意聚集在肺里，能够引发癌症，真是害人不浅呀，我得好好戒烟！”""禁烟携手同行，健康你我相伴。接下来，友爱社区将持续开展健康教育知识进社区活动，倡导居民养成文明健康的生活方式，不遗余力地为提升社区公共卫生健康水平、维护居民生命健康贡献力量。",百家号,贺兰县广播电视台,2024-01-03 22:27:54,http://baijiahao.baidu.com/s?id=1787079760040785758,未知,控烟、戒烟,正面,未知
20240101358,控烟劝导员在吸烟 我要不要举报她？,"title: 控烟劝导员在吸烟 我要不要举报她？ summary: 控烟劝导员在吸烟我要不要举报她？ content: 控烟劝导员在吸烟 我要不要举报她？ """,微头条,快乐咔嚓一下,2024-01-03 22:24:39,http://www.toutiao.com/w/i1787079562297371/,未知,控烟,负面,未知
20240101366,创建无烟学校，营造健康环境,title: 创建无烟学校，营造健康环境 summary: 创建无烟学校，营造健康环境尊敬的各位老师、各位家长朋友：吸烟有害健康，众所周知，吸烟的严重危害性更是有目共睹。而一个吸烟者戒烟10年后，他患肺癌的危险性将比继续吸烟者降低30%至50%。利用健康教育课或其他课程向学生传授烟草危害、不尝试吸烟、劝阻他人吸烟、拒绝吸二手烟等控烟核心知识和技能。 content: 尊敬的各位老师、各位家长朋友：吸烟有害健康，众所周知，吸烟的严重危害性更是有目共睹。《中华人民共和国未成年人保护法》明确规定“任何人不得在中小学校、幼儿园、托儿所的教室、寝室、活动室和其他未成年人集中活动的场所吸烟”。学校是一方文明的净土，是学生健康成长的摇篮。营造健康环境，创建一个无烟的校园，不仅有益于学生身心健康，而且对全民族体质的增强和良好社会风尚的建立都具有深远的意义。在教书育人的圣洁的校园里，我们要时刻警惕吸烟的危害，拒绝吸烟、吸二手烟。给你一个清洁的肺，还我一个清新的校园。一、烟草的有害成分烟草燃烧所产生的烟雾是由7000多种化合物所组成的复杂混合物，其中气体占95%，如一氧化碳、氢化氰、挥发性亚硝胺等，颗粒物占5%，包括半挥发物及非挥发物，如烟焦油、尼古丁等。这些化合物绝大多数对人体有害，其中至少有69种为已知的致癌物，如多环芳烃、亚硝胺等，而尼古丁是引起成瘾的物质。二、吸烟的危害1. 吸烟会使肺的结构和功能受到损害，使人的肺活量下降，在全球因吸烟而死亡的人中，75%的死于慢性支气管炎和肺气肿。2. 吸烟会促进动脉硬化，引起心脑血管病。3. 导致肺癌（在肺癌病人中，90%的有吸烟史），吸烟还是口腔癌、咽喉癌、食道癌等疾病的诱发因素。4. 长期吸烟损害人的神经系统，导致大脑结构的改变。5. 损害人的泌尿、生殖系统，加速遗传基因改变。6. 使人的嗅觉、味觉器官迟钝，免疫功能下降，易导致胃肠道病变。7. 加剧皱纹的出现，使人过早衰老，老年痴呆提前发生。8. 有害口腔健康，危害牙齿，加重视力减退。9. 吸烟对糖尿病患者危害极大，极易引发严重并发症。10. 引起骨骼脱钙、变形、变脆，容易发生骨折。三、戒烟的益处1. 戒烟人的寿命长于继续吸烟的人。一般说来，50岁以前就戒烟的人，在其以后15年内死亡的危险将比继续吸烟者降低50%。2. 吸烟者患肺癌的相对危险度是不吸烟者的10-15倍。而一个吸烟者戒烟10年后，他患肺癌的危险性将比继续吸烟者降低30%至50%。3. 戒烟还会降低吸烟者患喉癌、口腔癌、食道癌、胰腺癌、膀胱癌和其它多种癌症发病的危险度。4. 吸烟者死于冠心病的危险度是从不吸烟者的2倍。而吸烟者戒烟后一年之内，这种危险就会降低50%。坚持戒烟15年之后，这种危险度就会接近于从不吸烟者的水平。5. 与从不吸烟者相比，吸烟者在死于中风的相对危险度要高一倍。有些吸烟者在戒烟后5年内就可把这种危险性降低到从不吸烟者的水平，而有些人却需要坚持15年才能收到这个效果。6. 吸烟是引起肺部疾病的主要原因。一个人戒烟后，可以降低患感冒、肺炎和支气管炎的危险性，并随着年龄增长而发生的肺功能下降的速度将接近于从不吸烟者的情况。四、如何实行校园禁烟1. 从我做起，营造无烟校园环境。自觉远离烟草，倡导文明健康的生活习惯。老师不在教学区、校园内等公共场所及学生面前吸烟，并带头戒烟，做戒烟先锋；学生不得吸烟，争做文明学生。2. 拒绝“第一支烟”，远离烟草危害，永做健康公民；主动参与禁烟，给身边的人创造一个健康的学习、工作和生活环境。3. 积极参与宣传吸烟的危害，让你的亲人和身边的朋友明白吸烟的危害，自觉远离烟草。4. 坚决不接受敬烟，并积极劝阻他人吸烟。当遇到他人敬烟时，请礼貌拒绝；为了自己和大家的健康，请对身边的每一个同学友好地提醒和劝诫，并提醒其吸烟的危害。5. 树立社会责任感和使命感，作无烟校园的卫士，以民族振兴为己任，为建设无烟校园和美丽衡阳贡献力量。五、开展控烟宣传教育1. 利用健康教育课或其他课程向学生传授烟草危害、不尝试吸烟、劝阻他人吸烟、拒绝吸二手烟等控烟核心知识和技能。2．充分运用主题班会、国旗下的讲话、知识竞赛、板报、橱窗、广播、家长群通知等形式，向师生员工、家长开展控烟宣传教育。3．利用每年5月31日“世界无烟日”开展控烟宣传活动。4．掌握师生员工吸烟动态，并对吸烟者进行劝阻。5. 严格按照学校控烟工作制度抓好落实。来源：衡阳市博文高级中学 高鹏编辑：龙世君,头条号,守信中心,2024-01-03 21:40:41,http://www.toutiao.com/w/i7319866102870475264/,未知,戒烟、控烟,中性,未知
20240101374,为什么香港是全国最长寿的❓靠的是这个秘诀,title: 为什么香港是全国最长寿的❓靠的是这个秘诀 summary: 为什么香港是全国最长寿的❓靠的是这个秘诀-2019年，香港人均预期寿命84.9岁。-香港强有力的控烟措施，不仅直接降低了烟民的死亡风险，还降低了不吸烟者的死亡风险–#刘德华#抗衰#逆龄抗衰#健康养生#抗老#跨越断崖式衰老#香港人最长寿. content: - 2019年，香港人均预期寿命84.9岁。且无论男性还是女性，都名列世界第一。并且中国香港已经连续7年（2013年~2019年）蝉联全球最长寿的地区 - 📝香港人长寿的关键原因在于： - 1️⃣无论男女，由心血管疾病导致的死亡率，都是这些国家/地区中最低的 - 2️⃣香港的女性，由癌症导致的死亡率是最低的 - 3️⃣因交通意外导致的死亡率最低 - 如图所示，在所有死亡当中，30%与基因有关，15%跟社交圈层有关，5%与环境暴露有关，还有40%和我们每个人的行为模式有关。比如，我们或者是否吸烟等。在可预防的死亡当中，吸烟是最大的单一原因 - 2007年1月，香港实施全面禁烟条例。成为继新加坡之后，第二个禁止市民在绝大部分公共场所吸烟的亚洲国家/地区。如果敢在香港的公共场所吸烟，会被直接罚款5000港币！ - 香港强有力的控烟措施，不仅直接降低了烟民的死亡风险，还降低了不吸烟者（尤其是女性）的死亡风险 – #刘德华#抗衰#逆龄抗衰#健康养生#抗老#跨越断崖式衰老#香港人最长寿,小红书,悦颜坊,2024-01-03 17:43:00,http://www.xiaohongshu.com/discovery/item/65952c2e000000000f010d9f,未知,控烟,中性,未知
20240101381,上海健促 袁静宜 学以致用控烟热力地图,title: 上海健促 袁静宜 学以致用控烟热力地图 summary: #健康脱口秀第三季[话题]# #健康脱口秀[话题]##健康脱口秀第三季#健康脱口秀. content: 袁静宜纯享：小仙女的“大义灭亲”，教你用“控烟热力地图”退散二手烟。 #健康脱口秀第三季[话题]# #健康脱口秀[话题]##健康脱口秀第三季 #健康脱口秀,小红书,健康脱口秀,2024-01-03 16:30:00,http://www.xiaohongshu.com/explore/6593a8dd000000001c011485,未知,控烟,正面,未知
20240101388,#国民素质该怎样才能提高?#提高国民素质主要还得要靠法制，不能光喊口号。让人们形成直觉遵纪守法的习惯。上世纪九十年代我去香港，香港在禁止吸烟的地方吸烟罚款1500港元，至今香港还执行着这个标准，始终如一，人们牢记于心，所以大家都能遵守。2013年中央办公厅和国务院办公厅发了《关于领导干部带头在公共场所禁烟有关事项的通知》，2019年中央四部门发了《关于进一步加强青少年控烟工作的通知》，这些通知中“严禁”提的不少，但没有具体的惩戒措施，所以很难达到通知的目的。在中央两办通知之后，我多次看到领导干部在公共场所抽烟，有位县长在政府部门联席会上，一边讲话一边抽烟，一县之长都不能带头执行，那下面的局长在单位开会还不照样如此。在提高国民素质方面我们发了不少通知，出了许多政策，效果却很不理想，根本原因是执行不到位，流于形式，关键是领导不能带头，使大家都无视法制。,title: #国民素质该怎样才能提高?#提高国民素质主要还得要靠法制，不能光喊口号。让人们形成直觉遵纪守法的习惯。上世纪九十年代我去香港，香港在禁止吸烟的地方吸烟罚款1500港元，至今香港还执行着这个标准，始终如一，人们牢记于心，所以大家都能遵守。2013年中央办公厅和国务院办公厅发了《关于领导干部带头在公共场所禁烟有关事项的通知》，2019年中央四部门发了《关于进一步加强青少年控烟工作的通知》，这些通知中“严禁”提的不少，但没有具体的惩戒措施，所以很难达到通知的目的。在中央两办通知之后，我多次看到领导干部在公共场所抽烟，有位县长在政府部门联席会上，一边讲话一边抽烟，一县之长都不能带头执行，那下面的局长在单位开会还不照样如此。在提高国民素质方面我们发了不少通知，出了许多政策，效果却很不理想，根本原因是执行不到位，流于形式，关键是领导不能带头，使大家都无视法制。 summary: 上世纪九十年代我去香港，香港在禁止吸烟的地方吸烟罚款1500港元，至今香港还执行着这个标准，始终如一，人们牢记于心，所以大家都能遵守。在中央两办通知之后，我多次看到领导干部在公共场所抽烟，有位县长在政府部门联席会上，一边讲话一边抽烟，一县之长都不能带头执行，那下面的局长在单位开会还不照样如此。 content: #国民素质该怎样才能提高?#提高国民素质主要还得要靠法制，不能光喊口号。让人们形成直觉遵纪守法的习惯。上世纪九十年代我去香港，香港在禁止吸烟的地方吸烟罚款1500港元，至今香港还执行着这个标准，始终如一，人们牢记于心，所以大家都能遵守。2013年中央办公厅和国务院办公厅发了《关于领导干部带头在公共场所禁烟有关事项的通知》，2019年中央四部门发了《关于进一步加强青少年控烟工作的通知》，这些通知中“严禁”提的不少，但没有具体的惩戒措施，所以很难达到通知的目的。在中央两办通知之后，我多次看到领导干部在公共场所抽烟，有位县长在政府部门联席会上，一边讲话一边抽烟，一县之长都不能带头执行，那下面的局长在单位开会还不照样如此。在提高国民素质方面我们发了不少通知，出了许多政策，效果却很不理想，根本原因是执行不到位，流于形式，关键是领导不能带头，使大家都无视法制。,微头条,风趣若愚,2024-01-03 16:16:34,http://www.toutiao.com/w/i1787056403766336/,未知,控烟,正面,未知
20240101395,这款戒烟糖走心了👍👍👍,title: 这款戒烟糖走心了👍👍👍 summary: 五大食品级成分，帮助大家Jie烟，减少烟量。#戒烟[话题]##一品如烟[话题]##一起戒烟[话题]##戒烟糖[话题]##轻松戒烟[话题]##茶叶茶氨酸[话题]##氨基丁酸[话题]##小红书AI音色#夏日滤镜#戒烟. content: #小红书AI音色[话题]# #夏日滤镜[话题]# 五大食品级成分，帮助大家Jie烟，减少烟量； 模拟香Yan，时尚健康，从社会角度替代香烟。 还有小助手帮您 轻轻一含，帮您戒/控烟 #戒烟[话题]# #一品如烟[话题]# #一起戒烟[话题]# #戒烟糖[话题]# #轻松戒烟[话题]# #茶叶茶氨酸[话题]# #氨基丁酸[话题]##小红书AI音色 #夏日滤镜 #戒烟 #一品如烟 #一起戒烟 #戒烟糖 #轻松戒烟 #茶叶茶氨酸 #氨基丁酸,小红书,一品如烟,2024-01-03 15:12:00,http://www.xiaohongshu.com/explore/659508c2000000001e00b856,未知,戒烟、控烟,中性,未知
20240101431,#2024年心愿清单#2024年，我的心愿有：1、全家人都身体健康；2、全家人的所有事情都心想事成；3、孩子们事业取得更大进步；4、爱人温柔体贴，笑口常开；5、我自己控烟控酒，生活愉快！,title: #2024年心愿清单#2024年，我的心愿有：1、全家人都身体健康；2、全家人的所有事情都心想事成；3、孩子们事业取得更大进步；4、爱人温柔体贴，笑口常开；5、我自己控烟控酒，生活愉快！ summary: #2024年心愿清单#2024年，我的心愿有：全家人都身体健康。全家人的所有事情都心想事成。孩子们事业取得更大进步。爱人温柔体贴，笑口常开。我自己控烟控酒，生活愉快！ content: #2024年心愿清单#2024年，我的心愿有：1、全家人都身体健康；2、全家人的所有事情都心想事成；3、孩子们事业取得更大进步；4、爱人温柔体贴，笑口常开；5、我自己控烟控酒，生活愉快！,微头条,潇洒走一回DmeM,2024-01-03 13:18:56,http://www.toutiao.com/w/i1787045228522572/,未知,控烟,正面,未知
20240101445,近年来，烟草价格节节攀升，且尽管国家以“吸烟有害健康”为由提高烟价，但烟民数量却未见减少。这一举措也导致了老百姓的支出大幅增加，烟草税收却成为国家的一大来源。烟草产业一直备受争议，考虑到烟草对健康的危害，人们不禁要问，为何不像禁毒一样全面禁止吸烟呢？这一切到底是福还是祸？我们不妨一起深入探讨，烟草产业对国家究竟意味着什么。#一年一度囤烟# #烟草行业有多牛# #3代烟草人# #专注卖烟# #烟有保质期吗# #香烟的危害# #烟民们看# #40年第一根烟# #控烟目标# #首次定烟#,"title: 近年来，烟草价格节节攀升，且尽管国家以“吸烟有害健康”为由提高烟价，但烟民数量却未见减少。这一举措也导致了老百姓的支出大幅增加，烟草税收却成为国家的一大来源。烟草产业一直备受争议，考虑到烟草对健康的危害，人们不禁要问，为何不像禁毒一样全面禁止吸烟呢？这一切到底是福还是祸？我们不妨一起深入探讨，烟草产业对国家究竟意味着什么。#一年一度囤烟# #烟草行业有多牛# #3代烟草人# #专注卖烟# #烟有保质期吗# #香烟的危害# #烟民们看# #40年第一根烟# #控烟目标# #首次定烟# summary: 近年来，烟草价格节节攀升，且尽管国家以吸烟有害健康为由提高烟价，但烟民数量却未见减少。这一举措也导致了老百姓的支出大幅增加，烟草税收却成为国家的一大来源。烟草产业一直备受争议，考虑到烟草对健康的危害，人们不禁要问，为何不像禁毒一样全面禁止吸烟呢？我们不妨一起深入探讨，烟草产业对国家究竟意味着什么。 content: 近年来，烟草价格节节攀升，且尽管国家以“吸烟有害健康”为由提高烟价，但烟民数量却未见减少。这一举措也导致了老百姓的支出大幅增加，烟草税收却成为国家的一大来源。烟草产业一直备受争议，考虑到烟草对健康的危害，人们不禁要问，为何不像禁毒一样全面禁止吸烟呢？这一切到底是福还是祸？我们不妨一起深入探讨，烟草产业对国家究竟意味着什么。#一年一度囤烟# #烟草行业有多牛# #3代烟草人# #专注卖烟# #烟有保质期吗# #香烟的危害# #烟民们看# #40年第一根烟# #控烟目标# #首次定烟# """,微头条,好学艺术酱,2024-01-03 12:26:03,http://www.toutiao.com/w/i1786888369007642/,未知,控烟,正面,未知
20240101459,二手烟危害孕产妇和胎儿！这里推广孕产家庭戒烟干预,"title: 二手烟危害孕产妇和胎儿！这里推广孕产家庭戒烟干预 summary: 这里推广孕产家庭戒烟干预上海16个区将全面推广开展十月怀胎·爸爸戒烟孕产家庭戒烟干预，完善戒烟服务网络，降低孕产妇和婴幼儿二手烟暴露风险，推进健康上海建设。进入微信功能菜单内的爸爸戒烟板块即可了解并参与活动，另外，相关卫生专业机构还可以提供中医针灸戒烟和心理干预、行为矫正等戒烟支持与资源。 content: 上海16个区将全面推广开展“十月怀胎·爸爸戒烟”孕产家庭戒烟干预，完善戒烟服务网络，降低孕产妇和婴幼儿二手烟暴露风险，推进健康上海建设。1月3日，澎湃新闻记者从上海市健康促进委员会办公室获悉上述消息。据上海市健康促进委员会办公室透露，上海自2010年实施《上海市公共场所控制吸烟条例》以来，法定禁烟场所的违规吸烟率已从37.5%降至12.3%，公共场所控烟状况持续向好，成人吸烟率也从26.9%下降至19.4%。但监测数据显示，人群二手烟暴露情况虽有下降，但仍较普遍，尤其是孕产妇和婴幼儿如长期暴露在二手烟环境中，可导致孕期并发症、早产或自然流产等，并可导致胎儿肺部发育减缓和功能下降，增加婴儿出生体重降低等风险。早在2020年，上海已经启动“十月怀胎·爸爸戒烟”孕产家庭戒烟活动，项目最初是在金山区、徐汇区、长宁区试点，依托上海孕产妇保健工作网络，在孕产期保健服务和健康管理期间的关键节点如建小卡、建大卡时，通过简短戒烟干预，动员孕产家庭中的吸烟者（如爸爸、外公、爷爷或孕妇本人）戒烟，已完成10209份孕妇烟草暴露信息登记、2086份孕产家庭吸烟成员基线评估，并持续招募有戒烟意愿的孕产家庭吸烟者，通过戒烟热线、戒烟门诊、戒烟社群等开展戒烟干预。而此次，孕产家庭戒烟干预的范围将会扩大到全市层面，由上海市健康促进中心、上海市妇幼保健中心、世界卫生组织健康城市合作中心、上海市控制吸烟协会、12320上海市卫生热线一同组织实施。这项工作如何进一步开展？上海市健康促进委员会办公室介绍，“十月怀胎·爸爸戒烟”活动将延续并优化综合戒烟干预模式，采用线上线下相结合的方式，为孕产家庭提供全流程、个性化、便捷科学的闭环戒烟指导，通过完善“戒烟门诊、戒烟热线、社区戒烟干预和线上新媒体戒烟”等戒烟服务网络资源，不断提升其利用率和戒烟成效。上海市健康促进委员会办公室相关负责人介绍，截至目前，上海已建成37家规范化戒烟门诊，可进行烟草依赖程度评估、呼出气一氧化碳及可替宁（尼古丁）检测，综合运用心理咨询、评估检查、个性化治疗和跟踪随访等方法，为烟民评估和制定个性化的戒烟方案。同时，12320戒烟热线可提供贯穿戒烟全程的电话和短信专业指导，全市社区卫生服务中心的早孕门诊也将在孕妇建卡时提供简短戒烟干预服务。""另外，吸烟者加入所在社区健康自我管理小组，可在家庭医生的指导下开展戒烟同伴教育，也可以在“无烟上海”微信公众号可进行烟瘾测试（尼古丁依赖自测）、订阅健康科普推送、加入戒烟社群、使用戒烟打卡小程序帮助戒烟，进入微信功能菜单内的“爸爸戒烟”板块即可了解并参与活动，另外，相关卫生专业机构还可以提供中医针灸戒烟和心理干预、行为矫正等戒烟支持与资源。",百家号,山东热搜,2024-01-03 11:09:00,http://baijiahao.baidu.com/s?id=1787037131971555920,未知,戒烟、控烟,中性,未知
20240101466,上海已有37家医疗机构开设戒烟门诊，“十月怀胎爸爸戒烟”今年全市推广,title: 上海已有37家医疗机构开设戒烟门诊，“十月怀胎爸爸戒烟”今年全市推广 summary: 在上海，戒烟综合干预模式再创新！市健促办表示，本市将不断推进以孕产妇保健工作网络为基础的孕产家庭戒烟综合干预模式，进一步建立完善互联网移动戒烟平台，优化整合全市戒烟资源，从而形成更便捷、更高效的一体化闭环戒烟服务网络，早日实现控烟行动目标，以更优质、更美好的无烟环境。 content: 在上海，戒烟综合干预模式再创新！ 记者今从市健康促进委员会办公室获悉，作为贯彻落实我国首部将爱国卫生与健康促进融合的条例《上海市爱国卫生与健康促进条例》的重要举措之一，本市今年将在16个区全面推广开展“十月怀胎·爸爸戒烟”孕产家庭戒烟干预，完善戒烟服务网络，持续打造无烟城市，推进健康上海建设。 该活动由上海市健康促进中心、上海市妇幼保健中心、世界卫生组织健康城市合作中心、上海市控制吸烟协会、12320上海市卫生热线组织实施。 本市2010年实施《上海市公共场所控制吸烟条例》以来，法定禁烟场所的违规吸烟率已从37.5%降至12.3%，公共场所控烟状况持续向好，成人吸烟率也从26.9%下降至19.4%，提前实现“健康中国2030”目标，上海市人民政府获世界卫生组织颁发的“世界无烟日奖”。 监测数据显示，人群二手烟暴露情况虽有下降，但仍较普遍，尤其是孕产妇和婴幼儿如长期暴露在二手烟环境中，可导致孕期并发症、早产或自然流产等，并可导致胎儿肺部发育减缓和功能下降，增加婴儿出生体重降低等风险。 为实现健康上海行动目标，即至2030年，成人吸烟率下降至18%及以下，二手烟暴露率下降至36%以下，同时将18岁以下儿童青少年二手烟暴露率控制在10%以下，作为健康上海行动首批40个项目之一，本市于2020年启动“十月怀胎·爸爸戒烟”孕产家庭戒烟活动。项目率先在金山区、徐汇区、长宁区试点，在孕产期保健服务和健康管理期间的关键节点如建小卡、建大卡时，通过简短戒烟干预，动员孕产家庭中的吸烟者（如爸爸、外公、爷爷或孕妇本人）戒烟，已完成10209份孕妇烟草暴露信息登记、2086份孕产家庭吸烟成员基线评估，并持续招募有戒烟意愿的孕产家庭吸烟者，通过戒烟热线、戒烟门诊、戒烟社群等开展戒烟干预，为全市推广打下坚实基础。 作为《上海市爱国卫生与健康促进条例》重要的贯彻落实举措之一，“十月怀胎·爸爸戒烟”活动将延续并优化综合戒烟干预模式，通过完善“戒烟门诊、戒烟热线、社区戒烟干预和线上新媒体戒烟”等戒烟服务网络资源，不断提升戒烟成效。 目前，全市已建成37家规范化戒烟门诊，可进行烟草依赖程度评估、呼出气一氧化碳及可替宁（尼古丁）检测，综合运用心理咨询、评估检查、个性化治疗和跟踪随访等方法，为烟民评估和制定个性化戒烟方案；12320戒烟热线可提供贯穿戒烟全程的电话和短信专业指导；全市社区卫生服务中心的早孕门诊将在孕妇建卡时提供简短戒烟干预服务；吸烟者加入所在社区健康自我管理小组，可在家庭医生的指导下开展戒烟同伴教育；在“无烟上海”微信公众号可进行烟瘾测试（尼古丁依赖自测）、加入戒烟社群、使用戒烟打卡小程序帮助戒烟，进入微信功能菜单内的“爸爸戒烟”版块可了解并参与活动；相关卫生专业机构还可提供中医针灸戒烟和心理干预、行为矫正等戒烟支持与资源。 市健促办表示，本市将不断推进以孕产妇保健工作网络为基础的孕产家庭戒烟综合干预模式，进一步建立完善互联网移动戒烟平台，优化整合全市戒烟资源，从而形成更便捷、更高效的一体化闭环戒烟服务网络，早日实现控烟行动目标，以更优质、更美好的无烟环境，持续提升广大市民的健康获得感与幸福感。,大风号,文汇报,2024-01-03 11:05:21,http://ishare.ifeng.com/w/c/s/8W2aXGVnBe2,未知,戒烟、控烟,中性,未知
20240101112,天王老子来了也不能在室内吸烟‼️,title: 天王老子来了也不能在室内吸烟‼️ summary: 天王老子来了也不能在室内吸烟‼ ️大臣遵守交通规则，皇帝遵守控烟条例，不分地位高低一律遵守国家法律，我大明未来可期呀[大笑R]摄制：@路人出镜：@驸马都尉|。 content: 大臣遵守交通规则，皇帝遵守控烟条例，不分地位高低一律遵守国家法律，我大明未来可期呀[大笑R] 📸摄制：@路人 👤出镜：@驸马都尉|柒〄夜 @生活薯 @走走薯 @日常薯 @摄影薯 @薯条小助手 @小红书创作助手 @小红书成长笔记 #拍拍身边烟火气#笔记灵感#汉服#汉服日常#汉服穿搭#穿汉服出门#明制汉服#禁止吸烟#公共场合#天王老子#禁止室内吸烟#搞笑#搞笑的日常#明朝#明朝那些事儿#汉服摄影#汉服约拍#一头活猪,小红书,一头活猪,2024-01-02 19:30:00,http://www.xiaohongshu.com/discovery/item/6593f3c7000000001102f0a2,未知,控烟,中性,未知
20240101156,大无语事件，女子在高铁上边抽烟边欣赏风景，真是不作死就不会死,"title: 大无语事件，女子在高铁上边抽烟边欣赏风景，真是不作死就不会死 summary: 大无语事件，女子在高铁上边抽烟边欣赏风景，真是不作死就不会死#文章首发挑战赛#有些人在公共场合的行为真的很让人无语，甚至总有种没事找事，不作死就不会死的潜质。 content: #文章首发挑战赛#有些人在公共场合的行为真的很让人无语，甚至总有种没事找事，不作死就不会死的潜质。大无语事件，女子在高铁上边抽烟边欣赏风景，真是不作死就不会死近日，网友通过社交平台发视频称，大同南-运城北D531次列车，有女子很霸气的坐在高铁靠窗位置，边抽烟边欣赏外面的美丽风景，帅气不到一秒，随后，被高铁乘警控制。""从视频可以看出，高铁乘警到达时，她已经灭了手里的烟。乘警问她，“是不是刚刚在抽烟？”，女子回复：“是的，已经灭了！”乘警继续说道，“不是灭不灭的问题，只要在车厢里抽烟就已经涉嫌违法，你知道不知道不允许在车厢里抽烟？”""果然，女子的脑回路不是盖的，她干脆利落并且十分清楚地回复：“知道！”，真的是让人难以理解，这不就是我们常说的，知法犯法吗？""果然不作死就不会死，没事找事，结果倒霉的是自己不作不死有很多种，有的是折腾自己，有的是想折腾别人，还有的人既折腾自己也折腾了别人。现在人们常说，“不作死就不会死”，这句话真的没有错。抽烟女子现已被移交派出所，等待进一步处理。我们都知道，高铁由于速度快、密封性强，所以是明文规定乘客是不允许在车厢内抽烟的。在高铁车厢内看窗外风景可以，但抽烟是绝对禁止的，女子违反安全条例是事实，最后也肯定会做处罚处理。对此，有网友点评，乘警处理快速又精准，堪称大快人心！事实上，不管是拍视频，还是为了装酷耍帅都不能在危险的边缘试探。这真的是“装牛耍酷一时爽，马上火葬场”，没事找事，结果倒霉的是自己。做人一定要遵纪守法，低调行事。""近来，类似在高铁车厢内抽烟的事情频发，不仅违法给自己带来麻烦，还给周围乘客带来麻烦！就在前些天，湖北高铁车厢内也有一女子戴着耳机抽烟，保洁阿姨发现后立即出言阻止，并告知高铁不允许抽烟。谁知道女子不仅不听劝阻，还态度嚣张，竟然将保洁阿姨推倒在地。车里乘客看到此景，纷纷出言对其进行指责，女子却丝毫不知收敛，怼遍全车乘客，甚至还殴打其他乘客，最终，也是乘客报警处理了。在高铁车厢内抽烟的人，也真是长个记性吧，不仅违法给自己带来麻烦，还给周围乘客带来麻烦！在公众场合，成年人都该有的自我警醒不作死就不会死，尤其是在公众场合，成年人都该有专属的自我警醒意识。1、公共场所不抽烟，绝不仅仅是高铁车厢内公共场所禁止吸烟的规定，真的是有效保护了非吸烟者的健康。这个公共场所不仅仅是高铁车厢，而是包含了所有公共交通工具，室内工作场所，医疗机构，学校，电影院等。成年的警醒自觉，就是要管好自己，避免给自己带来麻烦，也避免给别人带来麻烦。""2、管好自己，自觉控烟，不要“知法犯法”现代是信息发达的社会，我们可以通过各种媒体新闻，信息流等看到高铁车厢的特殊性，也可以了解到高铁全车禁烟的规定。所以，千万不要“知法犯法”，自以为不就是一根烟吗？只要别人看不到，就不会有大问题。岂不知，小小的一根烟很有可能会触发高铁的安全报警系统，导致列车紧急刹停，由此可能会造成不可挽救的灾难后果。3、珍爱生命，远离烟草，远离不了，至少要做到自我管控都2024年了，吸烟有害健康这句话是连小朋友都知道的常识。此外，二手烟对身边其他人的危害也是不争的事实。很多数据都能从网络上找到。但是仔细看，你我的身边，总有那么一些人，他们不是不知道吸烟的危害，只是已经养成了习惯，压力大的时候吸烟，高兴的时候吸烟，忙的时候吸烟，闲的时候也吸烟，恋爱的时候吸烟，失恋的时候也时吸烟。并且常常陷入，戒烟了，又抽烟了的往复循环中。有网友调侃，“戒烟其实是最容易的，一个月都能戒很多次！”，我们都知道戒烟需要毅力，也全靠个人。但是，无论是否戒烟，都要遵守公共场所禁止吸烟的规则，这也是他人健康权的表现。就是在家里，也还是少吸为好，既可减少烟草对自己健康的危害，也是对家人的健康负责。",头条号,大雁的小情绪,2024-01-02 17:07:00,http://www.toutiao.com/article/7319386295770628649/,未知,控烟、戒烟,中性,未知
20240101193,【生活】有效控烟,title: 【生活】有效控烟 summary: 有效控烟工作需要，完全戒烟不现实，现开始有效控烟。 content: 工作需要，完全戒烟不现实，现开始有效控烟。 控烟的难点在于改变思维习惯，是一种跳出舒适区的反人性行为，我也想通过这个行为锻炼自身的毅力意志。 如下： 1.周一至周四下班后不吸烟； 2.周六日全天不吸烟； 3.节假日及旅游期间不吸烟； 评论区打卡，以上。 #戒烟打卡,小红书,贾之宽,2024-01-02 14:24:00,http://www.xiaohongshu.com/discovery/item/6593ac16000000001d02b0eb,未知,控烟、戒烟,正面,未知
20240101201,菏泽曹县：控烟倡议书 #城市观察员##菏泽头条#,"title: 菏泽曹县：控烟倡议书 #城市观察员##菏泽头条# summary: 菏泽曹县：控烟倡议书 #城市观察员##菏泽头条#菏泽曹县：控烟倡议书 #城市观察员##菏泽头条# content: 菏泽曹县：控烟倡议书 #城市观察员##菏泽头条# """,微头条,医心医意全心全意,2024-01-02 14:13:14,http://www.toutiao.com/w/i1786958047842307/,未知,控烟,中性,未知
20240101230,"#你认为从养生上说,该戒烟戒酒吗?#说起养生，很多人是知道的，但是也只是知道而已。且知道的也是大家都这么说，自己也有点认同的东西。对养生有研究且有建树的不多，大都是大忽悠们借养生之名，行收割老百姓智商税之实罢了。至于从养生上说，该戒烟戒酒吗？我想，从人们目前的认知来说，恐怕没有人会说，不应该戒烟戒酒吧？十有八九都会说该戒烟戒酒。
勿需置疑烟酒对人体的伤害程度，也勿需置疑从养生的角度应该戒烟戒酒。但一个“戒”字，感觉有点绝对了。烟且不说，酒就有点过了。我想，应该把戒烟戒酒改成控烟控酒，似乎更合适一点。千人百面，各有不同。养生的核心也因人而异，不应该绝此非它。人生百病，大都是饮食习惯、生活方式、各种压力、集劳成疾所致。养生无非就是有所注意，刻意控制罢了。烟酒也是如此。当然，能控制到不抽一只烟不喝一口酒，我也不会说不好。冷暖自知，各取所好。","title: #你认为从养生上说,该戒烟戒酒吗?#说起养生，很多人是知道的，但是也只是知道而已。且知道的也是大家都这么说，自己也有点认同的东西。对养生有研究且有建树的不多，大都是大忽悠们借养生之名，行收割老百姓智商税之实罢了。至于从养生上说，该戒烟戒酒吗？我想，从人们目前的认知来说，恐怕没有人会说，不应该戒烟戒酒吧？十有八九都会说该戒烟戒酒。 勿需置疑烟酒对人体的伤害程度，也勿需置疑从养生的角度应该戒烟戒酒。但一个“戒”字，感觉有点绝对了。烟且不说，酒就有点过了。我想，应该把戒烟戒酒改成控烟控酒，似乎更合适一点。千人百面，各有不同。养生的核心也因人而异，不应该绝此非它。人生百病，大都是饮食习惯、生活方式、各种压力、集劳成疾所致。养生无非就是有所注意，刻意控制罢了。烟酒也是如此。当然，能控制到不抽一只烟不喝一口酒，我也不会说不好。冷暖自知，各取所好。 summary: #你认为从养生上说,该戒烟戒酒吗?#说起养生，很多人是知道的，但是也只是知道而已。且知道的也是大家都这么说，自己也有点认同的东西。对养生有研究且有建树的不多，大都是大忽悠们借养生之名，行收割老百姓智商税之实罢了。我想，从人们目前的认知来说，恐怕没有人会说，不应该戒烟戒酒吧？ content: #你认为从养生上说,该戒烟戒酒吗?#说起养生，很多人是知道的，但是也只是知道而已。且知道的也是大家都这么说，自己也有点认同的东西。对养生有研究且有建树的不多，大都是大忽悠们借养生之名，行收割老百姓智商税之实罢了。至于从养生上说，该戒烟戒酒吗？我想，从人们目前的认知来说，恐怕没有人会说，不应该戒烟戒酒吧？十有八九都会说该戒烟戒酒。 勿需置疑烟酒对人体的伤害程度，也勿需置疑从养生的角度应该戒烟戒酒。但一个“戒”字，感觉有点绝对了。烟且不说，酒就有点过了。我想，应该把戒烟戒酒改成控烟控酒，似乎更合适一点。千人百面，各有不同。养生的核心也因人而异，不应该绝此非它。人生百病，大都是饮食习惯、生活方式、各种压力、集劳成疾所致。养生无非就是有所注意，刻意控制罢了。烟酒也是如此。当然，能控制到不抽一只烟不喝一口酒，我也不会说不好。冷暖自知，各取所好。",微头条,一叶就是一老头,2024-01-02 11:52:14,http://www.toutiao.com/w/i1786949176216652/,未知,戒烟、控烟,正面,未知
20240101259,帅哥一天2包烟，以前出差总是每到一个站都去点个火🔥，现在出差都是提前贴上我们的戒烟贴，整个坐车过程都不想抽烟了。居家旅行，商务出差，戒烟，控烟，你值得拥有,title: 帅哥一天2包烟，以前出差总是每到一个站都去点个火🔥，现在出差都是提前贴上我们的戒烟贴，整个坐车过程都不想抽烟了。居家旅行，商务出差，戒烟，控烟，你值得拥有 summary: 帅哥一天2包烟，以前出差总是每到一个站都去点个火，现在出差都是提前贴上我们的戒烟贴，整个坐车过程都不想抽烟了。居家旅行，商务出差，戒烟，控烟，你值得拥有。 content: 帅哥一天2包烟，以前出差总是每到一个站都去点个火🔥，现在出差都是提前贴上我们的戒烟贴，整个坐车过程都不想抽烟了。居家旅行，商务出差，戒烟，控烟，你值得拥有,小红书,科学戒烟导师6963,2024-01-02 10:47:00,http://www.xiaohongshu.com/discovery/item/6593793a000000001101b28e,未知,戒烟、控烟,中性,未知
20240101274,珠海“控烟令”2024年1月1日起实行|绿会控烟工作组关注,title: 珠海“控烟令”2024年1月1日起实行|绿会控烟工作组关注 summary: 珠海控烟令2024年1月1日起实行|。绿会控烟工作组关注为减少吸烟造成的危害，保障公众健康，创造良好的工作和生活环境，提高城市文明水平，11月30日，珠海市第十届人民代表大会常务委员会第十八次会议通过《珠海经济特区公共场所控制吸烟条例》，该《条例》自2024年1月1日起施行。 content: 为减少吸烟造成的危害，保障公众健康，创造良好的工作和生活环境，提高城市文明水平，11月30日，珠海市第十届人民代表大会常务委员会第十八次会议通过《珠海经济特区公共场所控制吸烟条例》（以下简称《条例》），该《条例》自2024年1月1日起施行。该《条例》对控烟管理模式、控烟范围、社会参与及法律责任等方面予以规范。同时，《条例》聚焦公共场所的控烟工作，划定控烟范围，强化控烟工作的社会参与和宣传引导，实行个人和场所“双罚制”，一方面明确了吸烟者违法吸烟的法律责任，另一方面，压实公共场所经营者、管理者的责任。图源：绿会融媒但是，在小编看来，《条例》仍存在一定不足，因为《条例》并没有明确规定涉及海滩等涉海场所的禁烟规定。根据生态环境部最新发布的《2022年中国海洋生态环境状况公报》，在海滩垃圾中，塑料垃圾最多，占84.5%，主要为卷烟过滤嘴、瓶盖、泡沫等。由此看出，烟蒂为主的塑料垃圾已严重破坏海滩风景及海洋生态。因此，珠海作为重要的沿海旅游城市，有必要将海滩禁烟的法律规范予以明确。我国控烟履约工作需要开启新的视角和路径。现阶段，国家层面的控烟立法缺位，地方性控烟法律法规要科学有效的为全国控烟工作提供更多支持与助益，这也是实现全面无烟城市和无烟中国建设的关键一环。附：《珠海经济特区公共场所控制吸烟条例》全文链接：http://wsjkj.zhuhai.gov.cn/zwgk/zcwj/content/post_3610128.html文/子舒 审 /Yang 编/石头,网易号,中国绿发会,2024-01-02 09:26:13,http://dy.163.com/article/INEGMCIA05346JLK.html,未知,控烟,中性,未知
20240101281,"不知道烟草现在是，
真的供不应求，
还是其它什么原因，
适合老百姓消费的越来越少了。
卖烟的老板说中低价烟，
一直缺货。
普通老百姓说，
越来越少能买到，
适合自己的烟了。
而现实情况就是，
烟的价格一直在涨价，
高档烟不好卖，
中低价烟一直缺货，
甚至没有。
我们响应和提倡控烟，
提倡健康的生活。
毕竟吸烟有害健康。
但大多数普通老百姓，
也就是有时，
用烟来调剂一下生活吧，
以及缓解那种，
莫名的又无法轻易排遣的，
一些压力和郁闷等。
#烟草行业有多牛# 
#烟草行业的魅力# 
#记录我的2024#","title: 不知道烟草现在是， 真的供不应求， 还是其它什么原因， 适合老百姓消费的越来越少了。 卖烟的老板说中低价烟， 一直缺货。 普通老百姓说， 越来越少能买到， 适合自己的烟了。 而现实情况就是， 烟的价格一直在涨价， 高档烟不好卖， 中低价烟一直缺货， 甚至没有。 我们响应和提倡控烟， 提倡健康的生活。 毕竟吸烟有害健康。 但大多数普通老百姓， 也就是有时， 用烟来调剂一下生活吧， 以及缓解那种， 莫名的又无法轻易排遣的， 一些压力和郁闷等。 #烟草行业有多牛# #烟草行业的魅力# #记录我的2024# summary: 不知道烟草现在是，真的供不应求，还是其它什么原因，适合老百姓消费的越来越少了。但大多数普通老百姓，也就是有时，用烟来调剂一下生活吧，以及缓解那种，莫名的又无法轻易排遣的，一些压力和郁闷等。#烟草行业有多牛##烟草行业的魅力##记录我的2024#. content: 不知道烟草现在是， 真的供不应求， 还是其它什么原因， 适合老百姓消费的越来越少了。 卖烟的老板说中低价烟， 一直缺货。 普通老百姓说， 越来越少能买到， 适合自己的烟了。 而现实情况就是， 烟的价格一直在涨价， 高档烟不好卖， 中低价烟一直缺货， 甚至没有。 我们响应和提倡控烟， 提倡健康的生活。 毕竟吸烟有害健康。 但大多数普通老百姓， 也就是有时， 用烟来调剂一下生活吧， 以及缓解那种， 莫名的又无法轻易排遣的， 一些压力和郁闷等。 #烟草行业有多牛# #烟草行业的魅力# #记录我的2024# "" "" "" "" """,微头条,勇敢的三体世界,2024-01-02 09:25:29,http://www.toutiao.com/w/i1786939943499785/,未知,控烟,中性,未知
20240101309,#冬季控烟##戒烟不再难# 做好控烟工作是展现城市健康文明形态的重要标志，是维护公众健康权益和公共安全环境的必然要求。北京天坛医院开展#戒烟不再难# 宣传活动，让有戒烟意愿的人民群众科学戒烟。@首都健康 @中国健康教育中心 @健康北京 @北京市疾控中心 @北京天坛医院 @北京健康教育,"title: #冬季控烟##戒烟不再难# 做好控烟工作是展现城市健康文明形态的重要标志，是维护公众健康权益和公共安全环境的必然要求。北京天坛医院开展#戒烟不再难# 宣传活动，让有戒烟意愿的人民群众科学戒烟。@首都健康 @中国健康教育中心 @健康北京 @北京市疾控中心 @北京天坛医院 @北京健康教育 summary: #冬季控烟##戒烟不再难#做好控烟工作是展现城市健康文明形态的重要标志，是维护公众健康权益和公共安全环境的必然要求。北京天坛医院开展#戒烟不再难#宣传活动，让有戒烟意愿的人民群众科学戒烟。@首都健康@中国健康教育中心@健康北京@北京市疾控中心@北京天坛医院@北京健康教育. content: #冬季控烟##戒烟不再难# 做好控烟工作是展现城市健康文明形态的重要标志，是维护公众健康权益和公共安全环境的必然要求。北京天坛医院开展#戒烟不再难# 宣传活动，让有戒烟意愿的人民群众科学戒烟。@首都健康 @中国健康教育中心 @健康北京 @北京市疾控中心 @北京天坛医院 @北京健康教育 """,微头条,天坛医院健康教育,2024-01-02 08:07:57,http://www.toutiao.com/w/i1786935066345600/,未知,控烟、戒烟,正面,未知
20240101330,元旦开始！控烟限酒，降糖稳压，把握情绪，少言勿燥！改变不了别人，那就改变自己。只有对自己好，这个世界才是你的！,"title: 元旦开始！控烟限酒，降糖稳压，把握情绪，少言勿燥！改变不了别人，那就改变自己。只有对自己好，这个世界才是你的！ summary: 控烟限酒，降糖稳压，把握情绪，少言勿燥！改变不了别人，那就改变自己。 content: 元旦开始！控烟限酒，降糖稳压，把握情绪，少言勿燥！改变不了别人，那就改变自己。只有对自己好，这个世界才是你的！ """,微头条,满满当当一箩筐,2024-01-02 03:31:46,http://www.toutiao.com/w/i1786917689714697/,未知,控烟,中性,未知
20240101337,控烟健康教育核心信息,title: 控烟健康教育核心信息 summary: 控烟健康教育核心信息。一、中国吸烟人数超过3亿，约有7.4亿不吸烟者遭受二手烟暴露的危害。现在吸烟者中将来会有一半因吸烟而提早死亡，吸烟者的平均寿命比不吸烟者缩短至少10年。十、低焦油卷烟、中草药卷烟不能降低吸烟带来的危害，反而容易诱导吸烟，影响吸烟者戒烟。 content: 一、中国吸烟人数超过3亿，约有7.4亿不吸烟者遭受二手烟暴露的危害。二、中国每年因吸烟死亡的人数逾100万，超过结核病、艾滋病和疟疾导致的死亡人数之和。 三、现在吸烟者中将来会有一半因吸烟而提早死亡，吸烟者的平均寿命比不吸烟者缩短至少10年。 四、烟草烟雾至少含有69种致癌物。 五、烟草制品中的尼古丁可导致烟草依赖，烟草依赖是一种慢性成瘾性疾病。 六、吸烟及二手烟暴露均严重危害健康，即使吸入少量烟草烟雾也会对人体造成危害。 七、二手烟暴露没有安全水平，室内完全禁止吸烟是避免危害的唯一有效方法。 八、在室内设置吸烟区（室）、安装通风换气设施等均不能避免二手烟暴露的危害。 九、不存在无害的烟草制品，只要吸烟即有害健康。 十、“低焦油卷烟”、“中草药卷烟”不能降低吸烟带来的危害，反而容易诱导吸烟，影响吸烟者戒烟。 十一、吸烟可以导致多种恶性肿瘤，包括肺癌、口腔癌、鼻咽部恶性肿瘤、喉癌、食管癌、胃癌、肝癌、胰腺癌、肾癌、膀胱癌、宫颈癌、结肠直肠癌、乳腺癌和急性白血病等。 十二、吸烟可以导致慢性阻塞性肺疾病（慢阻肺）、青少年哮喘，增加呼吸道感染的发病风险。 十三、吸烟可以增加肺结核患病和死亡的风险。 十四、吸烟可以导致冠心病、脑卒中和外周动脉疾病。 十五、男性吸烟可以导致勃起功能障碍。 十六、女性吸烟可以导致受孕几率降低、流产、死胎、早产、婴儿低出生体重，增加婴儿猝死综合征的发生风险。 十七、吸烟可以导致2型糖尿病，增加其并发症的发生风险。 十八、吸烟可以导致牙周炎、白内障、手术后伤口愈合不良、皮肤老化、老年痴呆、绝经后女性骨密度降低和消化道溃疡。 十九、二手烟暴露可以导致肺癌、冠心病、脑卒中、乳腺癌、鼻窦癌。 二十、二手烟暴露可以导致成年人急慢性呼吸道症状、肺功能下降、支气管哮喘和慢性阻塞性肺疾病。 二十一、孕妇暴露于二手烟可以导致婴儿出生体重降低、婴儿猝死综合征、早产、新生儿神经管畸形和唇腭裂。 二十二、二手烟暴露可导致儿童支气管哮喘、肺功能下降和中耳炎。二十三、戒烟是降低吸烟危害的唯一方法，戒烟越早越好，任何年龄戒烟均可获益。 二十四、戒烟可以显著降低吸烟者肺癌、冠心病、慢阻肺等多种疾病的发病和死亡风险，延缓上述疾病的进展，并改善预后。 二十五、吸烟的女性在妊娠前或妊娠早期戒烟，可以降低早产、胎儿生长受限、新生儿低出生体重等多种问题的发生风险。 二十六、吸烟者在戒烟过程中可能出现不适症状，必要时可依靠专业化的戒烟治疗。 二十七、吸烟者应当尊重他人的健康权益，不在室内工作场所、室内公共场所、公共交通工具内和其他禁止吸烟的场所吸烟。 二十八、吸烟者应当积极戒烟，吸烟者本人的戒烟意愿是成功戒烟的基础。 二十九、戒烟门诊可向吸烟者提供专业戒烟治疗。【温馨提示】本文章信息内容来源于网络，相关版权归版权持有人所有，如有侵权，请及时联系作者删除处理！,头条号,医路加油站,2024-01-02 00:23:09,http://www.toutiao.com/w/i7319165871044411919/,未知,控烟、戒烟,中性,未知
202401011,"#2024年你最大的期待是什么#
控烟 限酒
降低物欲
提升格调",title: #2024年你最大的期待是什么# 控烟 限酒 降低物欲 提升格调 summary: #2024年你最大的期待是什么#控烟 限酒降低物欲提升格调#2024年你最大的期待是什么#控烟 限酒降低物欲提升格调 content: #2024年你最大的期待是什么# 控烟 限酒 降低物欲 提升格调,微头条,白城一座,2024-01-01 21:46:03,http://www.toutiao.com/w/i1786895939038233/,未知,控烟,正面,未知
202401019,"近年来，烟草价格不断攀升，国家以“吸烟有害健康”为由提高烟价，然而实际上吸烟人数并未减少，反而给老百姓的支出带来了沉重的压力。这种现象在一定程度上给国家带来了丰厚的税收。尽管吸烟对健康有害，但为何国家不像对待毒品一样全面禁止吸烟呢？这引发了人们对烟草产业对国家究竟是福还是祸的思考。
吸烟的有害健康早已成为社会共识，然而，烟草产业却依然繁荣。烟草的高价并未有效降低烟民的数量，相反，老百姓的生活负担却日益加重。国家以“吸烟有害”为由提高烟价，其实是在通过经济手段来抑制烟民的数量。然而，这一措施并未起到实质性的作用，而是成为国家税收的重要来源。
为何国家不像禁毒一样全面禁止吸烟呢？这个问题值得深思。烟草产业庞大，牵涉到众多相关产业和就业问题。全面禁烟不仅对烟草产业会带来沉重打击，同时也可能引发一系列社会问题。因此，国家在禁烟问题上持谨慎态度，通过提高烟价等手段来调整烟草市场。
然而，这种做法引发了人们对烟草产业对国家的贡献和危害的思考。烟草产业的税收贡献巨大，但与此同时，吸烟对公共卫生、医疗资源的消耗也不可忽视。社会需要权衡吸烟对经济和健康的双重影响，找到一种既能保障国家经济发展，又能保障公众健康的平衡点。
因此，烟草产业对国家究竟是福还是祸，涉及到广泛的社会议题。只有在深入思考的基础上，找到合适的措施，才能更好地平衡各方利益，促进国家的长远繁荣和人民的身体健康。
素材源于网络，侵删。
欢迎转发评论！！#烟民的热议# #探讨戒烟之艰辛# #香烟的危害# #中华烟民提醒您# #戒烟的的事儿# #你考虑过戒烟吗# #烟民们看# #控烟目标# #你已戒烟了吗# #你戒烟了吗？#","title: 近年来，烟草价格不断攀升，国家以“吸烟有害健康”为由提高烟价，然而实际上吸烟人数并未减少，反而给老百姓的支出带来了沉重的压力。这种现象在一定程度上给国家带来了丰厚的税收。尽管吸烟对健康有害，但为何国家不像对待毒品一样全面禁止吸烟呢？这引发了人们对烟草产业对国家究竟是福还是祸的思考。 吸烟的有害健康早已成为社会共识，然而，烟草产业却依然繁荣。烟草的高价并未有效降低烟民的数量，相反，老百姓的生活负担却日益加重。国家以“吸烟有害”为由提高烟价，其实是在通过经济手段来抑制烟民的数量。然而，这一措施并未起到实质性的作用，而是成为国家税收的重要来源。 为何国家不像禁毒一样全面禁止吸烟呢？这个问题值得深思。烟草产业庞大，牵涉到众多相关产业和就业问题。全面禁烟不仅对烟草产业会带来沉重打击，同时也可能引发一系列社会问题。因此，国家在禁烟问题上持谨慎态度，通过提高烟价等手段来调整烟草市场。 然而，这种做法引发了人们对烟草产业对国家的贡献和危害的思考。烟草产业的税收贡献巨大，但与此同时，吸烟对公共卫生、医疗资源的消耗也不可忽视。社会需要权衡吸烟对经济和健康的双重影响，找到一种既能保障国家经济发展，又能保障公众健康的平衡点。 因此，烟草产业对国家究竟是福还是祸，涉及到广泛的社会议题。只有在深入思考的基础上，找到合适的措施，才能更好地平衡各方利益，促进国家的长远繁荣和人民的身体健康。 素材源于网络，侵删。 欢迎转发评论！！#烟民的热议# #探讨戒烟之艰辛# #香烟的危害# #中华烟民提醒您# #戒烟的的事儿# #你考虑过戒烟吗# #烟民们看# #控烟目标# #你已戒烟了吗# #你戒烟了吗？# summary: 近年来，烟草价格不断攀升，国家以吸烟有害健康为由提高烟价，然而实际上吸烟人数并未减少，反而给老百姓的支出带来了沉重的压力。尽管吸烟对健康有害，但为何国家不像对待毒品一样全面禁止吸烟呢？这引发了人们对烟草产业对国家究竟是福还是祸的思考。 content: 近年来，烟草价格不断攀升，国家以“吸烟有害健康”为由提高烟价，然而实际上吸烟人数并未减少，反而给老百姓的支出带来了沉重的压力。这种现象在一定程度上给国家带来了丰厚的税收。尽管吸烟对健康有害，但为何国家不像对待毒品一样全面禁止吸烟呢？这引发了人们对烟草产业对国家究竟是福还是祸的思考。 吸烟的有害健康早已成为社会共识，然而，烟草产业却依然繁荣。烟草的高价并未有效降低烟民的数量，相反，老百姓的生活负担却日益加重。国家以“吸烟有害”为由提高烟价，其实是在通过经济手段来抑制烟民的数量。然而，这一措施并未起到实质性的作用，而是成为国家税收的重要来源。 为何国家不像禁毒一样全面禁止吸烟呢？这个问题值得深思。烟草产业庞大，牵涉到众多相关产业和就业问题。全面禁烟不仅对烟草产业会带来沉重打击，同时也可能引发一系列社会问题。因此，国家在禁烟问题上持谨慎态度，通过提高烟价等手段来调整烟草市场。 然而，这种做法引发了人们对烟草产业对国家的贡献和危害的思考。烟草产业的税收贡献巨大，但与此同时，吸烟对公共卫生、医疗资源的消耗也不可忽视。社会需要权衡吸烟对经济和健康的双重影响，找到一种既能保障国家经济发展，又能保障公众健康的平衡点。 因此，烟草产业对国家究竟是福还是祸，涉及到广泛的社会议题。只有在深入思考的基础上，找到合适的措施，才能更好地平衡各方利益，促进国家的长远繁荣和人民的身体健康。 素材源于网络，侵删。 欢迎转发评论！！#烟民的热议# #探讨戒烟之艰辛# #香烟的危害# #中华烟民提醒您# #戒烟的的事儿# #你考虑过戒烟吗# #烟民们看# #控烟目标# #你已戒烟了吗# #你戒烟了吗？# """,微头条,大白给我笑,2024-01-01 21:25:22,http://www.toutiao.com/w/i1786844128527372/,未知,戒烟、控烟,正面,未知
2024010138,世界很美好，只是缺少了一双发现美的眼睛👀 戒烟控烟电话15836186358,title: 世界很美好，只是缺少了一双发现美的眼睛👀 戒烟控烟电话15836186358 summary: 世界很美好，只是缺少了一双发现美的眼睛 戒烟控烟电话15836186358世界很美好，只是缺少了一双发现美的眼睛 戒烟控烟电话15836186358 content: 世界很美好，只是缺少了一双发现美的眼睛👀 戒烟控烟电话15836186358,小红书,小红薯654E0032,2024-01-01 16:17:00,http://www.xiaohongshu.com/discovery/item/65927510000000001a002572,未知,戒烟控烟,正面,未知
2024010146,新年有“新規”！經常過珠海的澳門人注意看啦，以免被罰500元！,"title: 新年有“新規”！經常過珠海的澳門人注意看啦，以免被罰500元！ summary: 新年有新規！經常過珠海的澳門人注意看啦，以免被罰500元！為了減少吸煙造成的危害，保障公眾健康， 創造良好的工作和生活環境，提高城市文明水準，珠海公佈《珠海經濟特區公共場所控制吸煙 條例》，該《條例》自2024年1月1日起施行。发布于：广东省。 content: 新規來了！珠海這些場所今日起禁止吸煙！為了減少吸煙造成的危害，保障公眾健康，創造良好的工作和生活環境，提高城市文明水準，珠海公佈《珠海經濟特區公共場所控制吸煙條例》（以下簡稱《條例》），該《條例》自2024年1月1日起施行。具體哪些場所禁止吸煙？違反規定會有哪些處罰？一起來看看禁煙場所《條例》規定，珠海市室內公共場所、室內工作場所、公共交通工具內禁止吸煙。 在市人民政府規定的期限內，餐飲娛樂服務場所、住宿休息服務場所可以設置吸煙點（區），未設置吸煙點（區）的禁止吸煙。同時，這些公共場所的室外區域禁止吸煙：托兒所、幼稚園、中小學校、少年宮、青少年活動中心、教育培訓機構以及兒童福利院等未成年人集中活動的公共場所; 婦幼保健院（所）、兒童醫院; 機場、車站、客運碼頭、口岸廣場、城際軌道交通站廣場等人員密集場所吸煙點（區）以外區域; 體育場館、演出場所的觀眾坐席和比賽、演出區域; 對社會開放的文博單位; 法律、法規、規章規定的其他公共場所。市、區人民政府可以根據大型活動的需要，將其他公共場所的室外區域設立為臨時禁止吸煙區域。&lt;img class=""content-image"" data-src=""V3V/5Po5OQhD1wp+LVvkp8BtPsOZN1xBjR51Pm15agEt5+vlPxt26zq82AYXebjbh6UJhX0t2wLFv3QwfuqR0NfQ1fw83Hj1CpKOChERNnM="" width=""1080"" height=""810"" /違規吸煙，最高罰款500元在禁止吸煙的公共場所吸煙的，由控煙監管部門按照職責範圍責令改正，處五十元罰款併當場收繳; 拒不改正的，處二百元罰款。在中小學校、幼稚園和其他未成年人集中活動的公共場所吸煙的，由教育行政管理部門或者控煙監管部門按照職責範圍責令改正，處二百元以上五百元以下罰款。公共場所的經營者、管理者違反本條例中設置吸煙點（區）相關規定的，由控煙監管部門按照職責範圍予以警告，並責令限期改正; 逾期不改正的，處一千元以上一萬元以下罰款。公共場所經營者、管理者未按《條例》履行相關義務的，由控煙監管部門按照職責範圍責令改正; 拒不改正的，處一千元以上五千元以下罰款; 情節嚴重的，處五千元以上一萬元以下罰款。長按識別二維碼查看《條例》全文此外，單位和個人對違反本條例的行為可以向「12345」政務服務熱線投訴舉報。來源：珠海特區報、e一綫長按識別QR CODE聯繋客服圖文版權為原作者所有，如有侵權請後台聯繋，24小時内刪除发布于：广东省",搜狐号,濠江网,2024-01-01 15:52:17,http://m.sohu.com/a/748708846_751404,未知,控煙,中性,未知
2024010154,今天在医院无意中发现一张自己的控烟宣传照，我已经想不起来是什么时候给卫健委拍的了……[害羞R][害羞R],title: 今天在医院无意中发现一张自己的控烟宣传照，我已经想不起来是什么时候给卫健委拍的了……[害羞R][害羞R] summary: 今天在医院无意中发现一张自己的控烟宣传照，我已经想不起来是什么时候给卫健委拍的了。 content: 今天在医院无意中发现一张自己的控烟宣传照，我已经想不起来是什么时候给卫健委拍的了……[害羞R][害羞R],小红书,vanilla,2024-01-01 15:21:00,http://www.xiaohongshu.com/discovery/item/659267f8000000001101924f,未知,控烟,中性,未知
2024010161,"烟草局发布通知称，香烟价格上涨，以后不会再有10元廉价烟了。这一举措或能降低烟民的烟草消费，甚至引导戒烟，从而有助于改善身体健康。毕竟吸烟对人体危害极大。我们应该关注控烟，保护自己和身边人的健康。此举也应当引起更多的思考，如何促进全民健康，如何制定更有效的控烟政策等问题需要深入研究。不过，期待这一消息对所有烟民、吸烟者有所启示。
#冬日生活打卡季# #你准备戒烟了吗# #控烟目标# #卷烟价格已调#","title: 烟草局发布通知称，香烟价格上涨，以后不会再有10元廉价烟了。这一举措或能降低烟民的烟草消费，甚至引导戒烟，从而有助于改善身体健康。毕竟吸烟对人体危害极大。我们应该关注控烟，保护自己和身边人的健康。此举也应当引起更多的思考，如何促进全民健康，如何制定更有效的控烟政策等问题需要深入研究。不过，期待这一消息对所有烟民、吸烟者有所启示。 #冬日生活打卡季# #你准备戒烟了吗# #控烟目标# #卷烟价格已调# summary: 烟草局发布通知称，香烟价格上涨，以后不会再有10元廉价烟了。这一举措或能降低烟民的烟草消费，甚至引导戒烟，从而有助于改善身体健康。此举也应当引起更多的思考，如何促进全民健康，如何制定更有效的控烟政策等问题需要深入研究。不过，期待这一消息对所有烟民、吸烟者有所启示。 content: 烟草局发布通知称，香烟价格上涨，以后不会再有10元廉价烟了。这一举措或能降低烟民的烟草消费，甚至引导戒烟，从而有助于改善身体健康。毕竟吸烟对人体危害极大。我们应该关注控烟，保护自己和身边人的健康。此举也应当引起更多的思考，如何促进全民健康，如何制定更有效的控烟政策等问题需要深入研究。不过，期待这一消息对所有烟民、吸烟者有所启示。 #冬日生活打卡季# #你准备戒烟了吗# #控烟目标# #卷烟价格已调# """,微头条,自由漫baby,2024-01-01 14:38:11,http://www.toutiao.com/w/i1786844713720835/,未知,戒烟、控烟,正面,未知
2024010175,"#2023年度创作挑战# 在高铁上经常有人因为抽烟而被罚款，有人吐槽说烟瘾难熬。然而我国最严的控烟令是在香港地区，我一个同乡上半年出差到香港，站在马路上抽烟被罚了1000多块。原来香港只能在指定的地点和区域才可以抽烟，在马路上虽然不是在密闭的空间，但也是公共场所，而香港公共场所是一律禁烟的。
相较于香港来说，高铁也仅仅是几小时不能抽烟，有时候停靠还可以抢吸几口，已经算是很宽容的了！#安庆头条#","title: #2023年度创作挑战# 在高铁上经常有人因为抽烟而被罚款，有人吐槽说烟瘾难熬。然而我国最严的控烟令是在香港地区，我一个同乡上半年出差到香港，站在马路上抽烟被罚了1000多块。原来香港只能在指定的地点和区域才可以抽烟，在马路上虽然不是在密闭的空间，但也是公共场所，而香港公共场所是一律禁烟的。 相较于香港来说，高铁也仅仅是几小时不能抽烟，有时候停靠还可以抢吸几口，已经算是很宽容的了！#安庆头条# summary: #2023年度创作挑战#在高铁上经常有人因为抽烟而被罚款，有人吐槽说烟瘾难熬。然而我国最严的控烟令是在香港地区，我一个同乡上半年出差到香港，站在马路上抽烟被罚了1000多块。原来香港只能在指定的地点和区域才可以抽烟，在马路上虽然不是在密闭的空间，但也是公共场所，而香港公共场所是一律禁烟的。#安庆头条#. content: #2023年度创作挑战# 在高铁上经常有人因为抽烟而被罚款，有人吐槽说烟瘾难熬。然而我国最严的控烟令是在香港地区，我一个同乡上半年出差到香港，站在马路上抽烟被罚了1000多块。原来香港只能在指定的地点和区域才可以抽烟，在马路上虽然不是在密闭的空间，但也是公共场所，而香港公共场所是一律禁烟的。 相较于香港来说，高铁也仅仅是几小时不能抽烟，有时候停靠还可以抢吸几口，已经算是很宽容的了！#安庆头条# """,微头条,小桥流水人家4lEk,2024-01-01 13:31:32,http://www.toutiao.com/w/i1786864827364426/,未知,控烟,中性,未知
